provincia,año,mes,temp_media,precip_mm,hum_rel,dias_lluvia,n_estaciones
Buenos Aires,2018,1,24.169648093841644,67.05454545454546,57.81818181818182,4.136363636363637,22
Buenos Aires,2018,2,23.53116883116883,43.90909090909091,60.44480519480519,2.8181818181818183,22
Buenos Aires,2018,3,19.87932551319648,68.83636363636364,62.39442815249267,4.681818181818182,22
Buenos Aires,2018,4,18.815757575757576,143.4227272727273,78.38181818181819,7.681818181818182,22
Buenos Aires,2018,5,13.615249266862168,118.94545454545455,82.29325513196481,7.7272727272727275,22
Buenos Aires,2018,6,8.396363636363636,16.454545454545453,75.11515151515151,2.227272727272727,22
Buenos Aires,2018,7,8.277126099706745,72.12727272727273,81.64516129032258,6.818181818181818,22
Buenos Aires,2018,8,9.966715542521994,38.35909090909091,74.03225806451613,3.6363636363636362,22
Buenos Aires,2018,9,14.54090909090909,114.36363636363636,74.48333333333333,6.2272727272727275,22
Buenos Aires,2018,10,15.56891495601173,42.377272727272725,68.98973607038123,5.7272727272727275,22
Buenos Aires,2018,11,19.273578892371997,148.29545454545453,68.00726227795194,8.727272727272727,22
Buenos Aires,2018,12,21.453529534981147,148.06363636363636,62.72025555090072,7.636363636363637,22
Buenos Aires,2019,1,23.127035330261137,142.54545454545453,70.22427035330261,7.2727272727272725,21
Buenos Aires,2019,2,21.953300865800866,57.49545454545455,65.2473544973545,3.9545454545454546,22
Buenos Aires,2019,3,18.79901759530792,91.03636363636363,73.60610948191594,5.409090909090909,22
Buenos Aires,2019,4,16.63848484848485,42.82272727272727,73.21212121212122,3.6818181818181817,22
Buenos Aires,2019,5,12.729032258064517,56.222727272727276,78.49853372434018,4.181818181818182,22
Buenos Aires,2019,6,11.30151515151515,111.52272727272727,80.82878787878788,6.318181818181818,22
Buenos Aires,2019,7,8.564437927663734,32.28181818181818,75.47350928641252,1.6818181818181819,22
Buenos Aires,2019,8,9.980058651026393,15.936363636363637,67.38709677419355,2.0454545454545454,22
Buenos Aires,2019,9,12.699848484848484,28.463636363636365,62.6,2.272727272727273,22
Buenos Aires,2019,10,15.590469208211145,111.33181818181819,66.40469208211144,8.318181818181818,22
Buenos Aires,2019,11,20.62439393939394,59.01818181818182,60.95454545454545,5.636363636363637,22
Buenos Aires,2019,12,22.117944180402468,90.96363636363637,57.18849394950619,7.0,22
Buenos Aires,2020,1,23.07434017595308,77.17272727272727,61.12316715542522,4.954545454545454,22
Buenos Aires,2020,2,22.27523510971787,78.43181818181819,65.35736677115987,4.545454545454546,22
Buenos Aires,2020,3,22.055425219941352,158.0590909090909,72.28885630498533,8.227272727272727,22
Buenos Aires,2020,4,15.917272727272728,107.72727272727273,75.64242424242424,6.045454545454546,22
Buenos Aires,2020,5,12.704545454545455,16.44090909090909,75.26979472140762,2.409090909090909,22
Buenos Aires,2020,6,9.98378787878788,63.690909090909095,79.39999999999999,4.818181818181818,22
Buenos Aires,2020,7,7.891788856304985,24.336363636363636,75.85043988269796,2.772727272727273,22
Buenos Aires,2020,8,10.950733137829912,21.05,65.50146627565982,2.5,22
Buenos Aires,2020,9,12.49969696969697,70.36363636363636,66.19090909090909,4.636363636363637,22
Buenos Aires,2020,10,15.279765395894428,100.34545454545454,68.12609970674487,6.2272727272727275,22
Buenos Aires,2020,11,20.34181818181818,56.67272727272727,62.907575757575756,4.2727272727272725,22
Buenos Aires,2020,12,22.45439882697947,51.24090909090909,54.01319648093841,4.818181818181818,22
Buenos Aires,2021,1,23.522287390029327,134.87272727272727,61.34604105571847,7.0,22
Buenos Aires,2021,2,22.01298701298701,70.75909090909092,66.75974025974027,5.5,22
Buenos Aires,2021,3,19.95425219941349,101.45454545454545,73.13929618768329,6.636363636363637,22
Buenos Aires,2021,4,18.45560606060606,90.99090909090908,78.18030303030304,4.5,22
Buenos Aires,2021,5,11.611436950146627,74.96818181818182,74.22727272727273,4.318181818181818,22
Buenos Aires,2021,6,9.257424242424243,13.136363636363637,78.61515151515151,2.1818181818181817,22
Buenos Aires,2021,7,9.092668621700879,23.94090909090909,71.75953079178886,2.6818181818181817,22
Buenos Aires,2021,8,10.590175953079179,48.76818181818182,70.99266862170087,2.272727272727273,22
Buenos Aires,2021,9,13.51969696969697,101.82727272727271,78.18181818181819,5.7727272727272725,22
Buenos Aires,2021,10,16.661143695014662,35.22272727272727,63.612903225806456,3.6818181818181817,22
Buenos Aires,2021,11,19.496969696969696,89.55,64.67878787878789,6.409090909090909,22
Buenos Aires,2021,12,22.957184750733138,57.84090909090909,64.18621700879766,5.681818181818182,22
Buenos Aires,2022,1,24.566862170087976,129.75454545454545,61.55131964809384,7.090909090909091,22
Buenos Aires,2022,2,21.19594155844156,95.33636363636364,68.89935064935065,7.636363636363637,22
Buenos Aires,2022,3,18.633870967741935,113.25,70.60117302052787,6.545454545454546,22
Buenos Aires,2022,4,15.333939393939396,79.65454545454546,71.47575757575758,4.136363636363637,22
Buenos Aires,2022,5,10.714076246334312,20.572727272727274,75.39442815249267,1.7727272727272727,22
Buenos Aires,2022,6,7.422424242424242,1.518181818181818,74.03181818181818,0.4090909090909091,22
Buenos Aires,2022,7,9.52624633431085,47.154545454545456,76.06598240469208,3.3181818181818183,22
Buenos Aires,2022,8,10.601906158357771,21.386363636363637,70.57478005865103,2.1818181818181817,22
Buenos Aires,2022,9,13.55257575757576,16.21818181818182,63.68939393939393,1.9545454545454546,22
Buenos Aires,2022,10,15.662023460410557,51.36818181818182,63.39002932551319,5.409090909090909,22
Buenos Aires,2022,11,21.169848484848487,78.6590909090909,62.406008359456635,5.954545454545454,22
Buenos Aires,2022,12,23.79442815249267,52.59090909090909,53.321114369501466,4.590909090909091,22
Buenos Aires,2023,1,24.959237536656893,73.66818181818182,59.9266862170088,5.363636363636363,22
Buenos Aires,2023,2,23.40909090909091,46.51363636363636,59.85551948051948,3.9545454545454546,22
Buenos Aires,2023,3,23.41862170087977,87.59545454545454,68.31524926686217,5.045454545454546,22
Buenos Aires,2023,4,16.58621212121212,35.93181818181818,73.7469696969697,3.3181818181818183,22
Buenos Aires,2023,5,13.460117302052787,101.98106060606061,77.52639296187682,5.2318181818181815,22
Buenos Aires,2023,6,9.948412698412698,13.609523809523811,76.86984126984127,1.619047619047619,21
Buenos Aires,2023,7,9.700768049155146,51.852380952380955,78.55145929339477,4.142857142857143,21
Buenos Aires,2023,8,10.737480798771122,54.595238095238095,65.46850998463901,3.0,21
Buenos Aires,2023,9,12.423809523809522,43.15714285714286,69.21587301587302,4.428571428571429,21
Buenos Aires,2023,10,16.06067588325653,50.599999999999994,62.56221198156682,6.095238095238095,21
Buenos Aires,2023,11,19.27015873015873,125.46666666666667,58.668253968253964,6.142857142857143,21
Buenos Aires,2023,12,21.264362519201228,166.07142857142858,68.20890937019969,9.476190476190476,21
Buenos Aires,2024,1,24.221351766513056,47.86666666666666,62.958525345622114,4.571428571428571,21
Buenos Aires,2024,2,23.788834154351395,126.28095238095239,71.41871921182266,6.428571428571429,21
Buenos Aires,2024,3,20.600138248847927,209.24285714285716,73.59656938044034,8.476190476190476,21
Buenos Aires,2024,4,16.266984126984127,153.06666666666666,75.42698412698412,8.904761904761905,21
Buenos Aires,2024,5,9.846390168970814,9.17142857142857,77.605222734255,2.3333333333333335,21
Buenos Aires,2024,6,11.295396825396827,29.200000000000003,78.52222222222223,3.761904761904762,21
Buenos Aires,2024,7,7.216129032258064,4.095238095238095,71.4331797235023,1.0,21
Buenos Aires,2024,8,10.174193548387096,88.86190476190477,75.83102918586789,6.285714285714286,21
Buenos Aires,2024,9,14.705873015873015,22.64761904761905,65.93015873015872,2.380952380952381,21
Buenos Aires,2024,10,18.34900153609831,47.17142857142857,67.48387096774194,3.9523809523809526,21
Buenos Aires,2024,11,20.17888888888889,175.71428571428572,67.13650793650793,10.523809523809524,21
Buenos Aires,2024,12,20.908602150537632,49.51428571428571,61.59447004608295,4.904761904761905,21
Buenos Aires,2025,1,24.77665130568356,32.99523809523809,58.93701996927804,2.761904761904762,21
Buenos Aires,2025,2,24.11530612244898,163.64285714285714,68.17718568909045,7.9523809523809526,21
Buenos Aires,2025,3,20.393394777265744,206.88095238095238,77.58612391193036,9.238095238095237,21
Buenos Aires,2025,4,15.395079365079365,69.37619047619049,76.5111111111111,4.666666666666667,21
Buenos Aires,2025,5,13.689861751152074,155.74761904761903,79.64516129032258,6.761904761904762,21
Buenos Aires,2025,6,8.176349206349206,18.114285714285714,76.97777777777777,2.142857142857143,21
Buenos Aires,2025,7,9.382488479262673,59.22380952380953,81.6026113671275,4.571428571428571,21
Buenos Aires,2025,8,11.251152073732719,111.02857142857142,75.68202764976958,5.095238095238095,21
Buenos Aires,2025,9,13.514444444444445,87.66190476190476,73.98357963875205,5.714285714285714,21
Buenos Aires,2025,10,16.952227342549925,129.56666666666666,69.99231950844853,7.0,21
Buenos Aires,2025,11,18.965714285714288,104.9047619047619,67.32857142857144,6.9523809523809526,21
Buenos Aires,2025,12,24.187864823348693,62.352380952380955,58.483205325140815,4.809523809523809,21
Catamarca,2018,1,26.711290322580645,104.0,55.91935483870968,8.0,2
Catamarca,2018,2,26.369642857142857,46.949999999999996,56.07142857142857,2.5,2
Catamarca,2018,3,24.696774193548386,6.65,43.167741935483875,1.0,2
Catamarca,2018,4,22.976666666666667,2.05,57.78333333333333,0.0,2
Catamarca,2018,5,16.50967741935484,15.5,67.62903225806451,3.0,2
Catamarca,2018,6,10.143333333333333,0.75,55.266666666666666,0.5,2
Catamarca,2018,7,9.469354838709677,3.25,57.85483870967742,1.0,2
Catamarca,2018,8,14.819354838709678,0.0,40.85483870967742,0.0,2
Catamarca,2018,9,22.081666666666667,4.0,42.58333333333333,1.0,2
Catamarca,2018,10,23.13225806451613,17.5,49.75806451612903,2.5,2
Catamarca,2018,11,26.253333333333334,59.25,48.75,4.5,2
Catamarca,2018,12,26.811290322580646,63.8,50.33870967741935,4.0,2
Catamarca,2019,1,27.096774193548384,119.1,57.70967741935483,8.0,2
Catamarca,2019,2,26.2875,62.25,56.80357142857143,3.5,2
Catamarca,2019,3,22.285483870967745,62.4,63.08064516129033,4.0,2
Catamarca,2019,4,20.46333333333333,55.0,66.86666666666667,3.0,2
Catamarca,2019,5,15.312903225806451,4.05,66.66129032258064,0.5,2
Catamarca,2019,6,11.843333333333334,0.55,60.86666666666667,0.0,2
Catamarca,2019,7,12.293548387096774,1.15,56.24193548387097,0.5,2
Catamarca,2019,8,15.230645161290322,0.0,40.58064516129032,0.0,2
Catamarca,2019,9,18.860919540229883,6.5,39.02183908045977,1.0,2
Catamarca,2019,10,22.858064516129033,11.75,44.53225806451613,2.5,2
Catamarca,2019,11,28.00333333333333,14.55,46.66666666666667,1.5,2
Catamarca,2019,12,28.03548387096774,43.6,43.483870967741936,2.5,2
Catamarca,2020,1,28.758064516129032,86.05,51.58064516129032,5.5,2
Catamarca,2020,2,26.344827586206897,32.0,58.327586206896555,4.0,2
Catamarca,2020,3,27.188709677419354,47.1,54.19354838709677,3.5,2
Catamarca,2020,4,21.486666666666668,10.95,58.150000000000006,0.5,2
Catamarca,2020,5,15.737096774193548,0.5,53.85483870967742,0.0,2
Catamarca,2020,6,12.446666666666665,1.2000000000000002,53.1764367816092,0.5,2
Catamarca,2020,7,10.801720430107526,2.75,50.78978494623656,1.0,2
Catamarca,2020,8,15.049999999999999,0.0,37.75806451612903,0.0,2
Catamarca,2020,9,20.386666666666667,0.0,34.516666666666666,0.0,2
Catamarca,2020,10,24.206451612903226,25.65,37.75806451612903,1.5,2
Catamarca,2020,11,26.836666666666666,44.4,43.43333333333334,3.0,2
Catamarca,2020,12,28.823333333333334,18.5,43.67956989247312,3.0,2
Catamarca,2021,1,27.872580645161293,48.3,51.96774193548387,3.0,2
Catamarca,2021,2,25.725,57.1,60.285714285714285,4.0,2
Catamarca,2021,3,23.200000000000003,65.1,66.6774193548387,5.5,2
Catamarca,2021,4,22.391666666666666,20.9,60.516666666666666,1.0,2
Catamarca,2021,5,15.616129032258065,7.15,63.46774193548387,1.0,2
Catamarca,2021,6,11.471666666666668,5.5,61.766666666666666,1.5,2
Catamarca,2021,7,12.24032258064516,0.0,47.74193548387097,0.0,2
Catamarca,2021,8,16.198387096774194,0.0,43.19354838709677,0.0,2
Catamarca,2021,9,21.138333333333335,1.5,41.7,0.5,2
Catamarca,2021,10,24.277419354838713,7.5,38.88709677419355,1.5,2
Catamarca,2021,11,25.494999999999997,20.85,47.71666666666667,2.5,2
Catamarca,2021,12,28.08225806451613,37.85,52.46774193548387,5.0,2
Catamarca,2022,1,29.39516129032258,104.4,50.29032258064516,6.5,2
Catamarca,2022,2,25.82857142857143,41.5,58.03571428571429,3.5,2
Catamarca,2022,3,23.330645161290324,35.5,58.08064516129032,3.0,2
Catamarca,2022,4,20.946666666666665,15.549999999999999,56.016666666666666,0.5,2
Catamarca,2022,5,14.38263440860215,3.7583333333333333,60.71774193548387,1.0,2
Catamarca,2022,6,10.108333333333333,0.0,57.016666666666666,0.0,2
Catamarca,2022,7,13.083870967741936,3.5,51.19354838709677,0.5,2
Catamarca,2022,8,14.929032258064515,0.1,41.64516129032258,0.0,2
Catamarca,2022,9,17.586666666666666,30.0,38.85,2.0,2
Catamarca,2022,10,22.383870967741935,2.8000000000000003,36.16129032258064,1.0,2
Catamarca,2022,11,27.503333333333337,32.75,34.21666666666667,2.0,2
Catamarca,2022,12,27.932258064516127,61.2,46.516129032258064,4.0,2
Catamarca,2023,1,28.633870967741935,71.7,47.2741935483871,6.0,2
Catamarca,2023,2,27.04642857142857,81.45,51.535714285714285,5.5,2
Catamarca,2023,3,27.86774193548387,44.3,54.2258064516129,3.0,2
Catamarca,2023,4,20.831666666666663,38.0,62.4,3.5,2
Catamarca,2023,5,17.179032258064517,4.9,63.24193548387097,1.0,2
Catamarca,2023,6,12.965,0.15,60.86666666666666,0.0,2
Catamarca,2023,7,13.216129032258065,2.8,60.46774193548387,0.5,2
Catamarca,2023,8,17.98064516129032,0.0,43.08064516129032,0.0,2
Catamarca,2023,9,20.316666666666666,1.0,42.266666666666666,0.5,2
Catamarca,2023,10,24.001612903225805,9.3,40.32258064516129,1.5,2
Catamarca,2023,11,27.44,17.45,39.65,2.0,2
Catamarca,2023,12,28.561290322580646,91.5,50.439247311827955,4.0,2
Catamarca,2024,1,29.770967741935486,12.55,47.58064516129032,1.5,2
Catamarca,2024,2,29.056896551724137,18.1,54.0,4.0,2
Catamarca,2024,3,28.11774193548387,25.6,58.29032258064516,2.0,2
Catamarca,2024,4,20.813333333333333,17.1,63.55,2.0,2
Catamarca,2024,5,12.2,7.15,62.35483870967742,1.5,2
Catamarca,2024,6,14.18,2.25,56.65,0.5,2
Catamarca,2024,7,9.919354838709676,0.35,50.20967741935483,0.0,2
Catamarca,2024,8,13.908064516129032,0.5,45.62903225806451,0.0,2
Catamarca,2024,9,22.553333333333335,0.65,33.849999999999994,0.5,2
Catamarca,2024,10,24.856451612903225,46.75,49.483870967741936,4.5,2
Catamarca,2024,11,27.256666666666668,6.05,49.28333333333333,1.0,2
Catamarca,2024,12,28.175806451612903,19.9,42.29032258064516,2.5,2
Catamarca,2025,1,28.729032258064517,85.1,49.25806451612903,5.5,2
Catamarca,2025,2,31.041071428571428,80.95,48.32142857142857,4.5,2
Catamarca,2025,3,24.261290322580646,38.35,62.53225806451613,6.0,2
Catamarca,2025,4,19.761666666666667,7.25,61.86666666666666,1.5,2
Catamarca,2025,5,17.04193548387097,5.3,63.483870967741936,0.5,2
Catamarca,2025,6,11.125,0.25,57.099999999999994,0.0,2
Catamarca,2025,7,11.883870967741935,3.55,59.64516129032258,1.0,2
Catamarca,2025,8,15.798387096774192,5.1,44.54838709677419,1.0,2
Catamarca,2025,9,21.11,0.4,40.68333333333334,0.0,2
Catamarca,2025,10,23.774193548387096,16.25,41.46774193548387,1.5,2
Catamarca,2025,11,27.053333333333335,5.5,38.53333333333333,1.0,2
Catamarca,2025,12,27.211290322580645,127.65,52.67741935483871,8.0,2
Chaco,2018,1,26.587096774193547,400.15,73.79032258064515,11.5,2
Chaco,2018,2,26.27321428571429,12.4,70.96428571428572,2.0,2
Chaco,2018,3,23.967741935483872,137.55,77.30645161290323,8.0,2
Chaco,2018,4,24.848333333333336,29.799999999999997,76.06666666666666,1.5,2
Chaco,2018,5,19.453225806451613,218.05,82.75806451612902,7.0,2
Chaco,2018,6,13.604999999999999,17.6,81.18333333333334,1.0,2
Chaco,2018,7,12.996774193548386,15.25,82.74193548387098,1.0,2
Chaco,2018,8,14.177419354838708,19.05,70.2741935483871,3.5,2
Chaco,2018,9,21.663333333333334,63.05,72.36666666666667,5.0,2
Chaco,2018,10,22.516129032258064,104.45,73.19354838709677,7.0,2
Chaco,2018,11,24.590000000000003,179.7,76.35,7.0,2
Chaco,2018,12,26.259677419354837,161.75,71.87096774193549,8.5,2
Chaco,2019,1,27.10967741935484,418.4,81.66129032258064,14.0,2
Chaco,2019,2,25.521428571428572,152.5,76.14285714285714,6.0,2
Chaco,2019,3,23.203225806451613,217.70000000000002,79.24193548387098,7.0,2
Chaco,2019,4,21.255,253.14999999999998,86.3,6.5,2
Chaco,2019,5,18.94193548387097,203.8,90.96774193548387,11.0,2
Chaco,2019,6,17.63666666666667,4.25,84.03333333333333,1.0,2
Chaco,2019,7,14.308064516129031,38.6,80.20967741935485,2.0,2
Chaco,2019,8,16.043548387096774,47.0,71.2258064516129,2.5,2
Chaco,2019,9,19.25,11.3,63.18333333333333,1.5,2
Chaco,2019,10,22.09193548387097,107.19999999999999,74.12903225806451,8.5,2
Chaco,2019,11,25.79,175.0,73.38333333333333,9.0,2
Chaco,2019,12,25.596774193548384,86.5,67.88709677419354,8.0,2
Chaco,2020,1,26.783870967741933,171.8,75.16129032258064,8.0,2
Chaco,2020,2,25.875862068965517,193.35000000000002,73.0,4.5,2
Chaco,2020,3,26.164516129032258,103.25,70.06451612903226,6.0,2
Chaco,2020,4,20.265,85.0,73.23333333333333,3.0,2
Chaco,2020,5,16.756451612903227,38.25,74.25806451612902,3.0,2
Chaco,2020,6,17.243333333333332,28.599999999999998,74.91666666666667,3.5,2
Chaco,2020,7,13.980645161290322,17.05,72.24193548387096,2.5,2
Chaco,2020,8,18.469354838709677,0.75,55.62903225806451,0.0,2
Chaco,2020,9,20.578333333333333,4.4,57.33333333333333,1.0,2
Chaco,2020,10,24.282258064516128,62.1,56.983870967741936,3.0,2
Chaco,2020,11,25.193333333333335,128.85,58.06666666666666,6.5,2
Chaco,2020,12,26.219354838709677,75.4,65.24193548387098,5.5,2
Chaco,2021,1,27.061290322580646,137.89999999999998,68.25806451612902,9.0,2
Chaco,2021,2,25.576785714285712,35.05,69.82142857142857,4.0,2
Chaco,2021,3,24.574193548387093,145.75,70.80645161290323,6.0,2
Chaco,2021,4,21.301666666666666,145.1,80.53333333333333,7.5,2
Chaco,2021,5,16.233870967741936,23.05,79.2741935483871,3.5,2
Chaco,2021,6,14.303333333333335,73.6,81.65,4.0,2
Chaco,2021,7,14.517741935483873,0.0,68.48387096774194,0.0,2
Chaco,2021,8,17.214516129032262,0.8500000000000001,64.14516129032258,0.0,2
Chaco,2021,9,21.53666666666667,94.0,64.56666666666666,6.0,2
Chaco,2021,10,22.15967741935484,53.55,63.403225806451616,3.5,2
Chaco,2021,11,23.946666666666665,224.2,71.85,8.5,2
Chaco,2021,12,26.720967741935482,75.5,63.29032258064516,3.5,2
Chaco,2022,1,29.633870967741935,38.650000000000006,55.96774193548387,3.5,2
Chaco,2022,2,27.439285714285717,70.05,58.28571428571428,5.5,2
Chaco,2022,3,22.946774193548386,286.05,75.33870967741936,8.0,2
Chaco,2022,4,20.486666666666668,159.15,84.4,8.0,2
Chaco,2022,5,14.966129032258065,39.6,85.17741935483872,5.0,2
Chaco,2022,6,12.613333333333333,45.55,84.61666666666667,3.0,2
Chaco,2022,7,17.775806451612905,3.9,77.14516129032259,0.5,2
Chaco,2022,8,16.843548387096774,16.2,68.24193548387098,2.5,2
Chaco,2022,9,17.84166666666667,10.1,58.93333333333334,1.0,2
Chaco,2022,10,21.520967741935486,73.55,62.177419354838705,4.0,2
Chaco,2022,11,23.723333333333333,101.95,57.7,5.5,2
Chaco,2022,12,27.266129032258064,58.849999999999994,59.70967741935484,4.0,2
Chaco,2023,1,28.298387096774192,82.1,59.53225806451613,3.5,2
Chaco,2023,2,26.582142857142856,66.0,61.910714285714285,5.0,2
Chaco,2023,3,26.67741935483871,89.94999999999999,76.35483870967742,6.5,2
Chaco,2023,4,21.108333333333334,78.0,78.16666666666666,5.5,2
Chaco,2023,5,18.220967741935482,75.8,83.43548387096774,6.0,2
Chaco,2023,6,17.866666666666667,16.65,78.31666666666666,1.5,2
Chaco,2023,7,17.22741935483871,12.4,75.12903225806451,2.5,2
Chaco,2023,8,20.34516129032258,22.450000000000003,60.274193548387096,1.5,2
Chaco,2023,9,20.606666666666666,82.65,71.80000000000001,5.0,2
Chaco,2023,10,23.658064516129034,83.4,61.64516129032258,6.0,2
Chaco,2023,11,25.72833333333333,124.79999999999998,70.88333333333333,8.0,2
Chaco,2023,12,26.912903225806453,177.4,73.40322580645162,9.5,2
Chaco,2024,1,27.611290322580643,65.65,67.29032258064517,2.0,2
Chaco,2024,2,28.349999999999998,199.4,69.29310344827586,9.5,2
Chaco,2024,3,27.71451612903226,154.15,72.98387096774194,5.0,2
Chaco,2024,4,23.248333333333335,255.29999999999998,85.68333333333334,10.5,2
Chaco,2024,5,15.412903225806453,37.25,81.70967741935483,5.0,2
Chaco,2024,6,19.006666666666668,0.6500000000000001,74.75,0.5,2
Chaco,2024,7,14.06774193548387,4.5,69.80645161290323,0.5,2
Chaco,2024,8,16.137096774193548,97.4,68.66129032258064,3.5,2
Chaco,2024,9,20.758333333333333,41.55,69.06666666666666,3.0,2
Chaco,2024,10,23.461290322580645,79.1,68.46774193548387,5.5,2
Chaco,2024,11,25.148333333333333,316.75,73.93333333333334,10.0,2
Chaco,2024,12,24.503225806451617,179.35,69.79032258064515,9.0,2
Chaco,2025,1,27.888709677419357,43.7,59.61290322580645,4.0,2
Chaco,2025,2,31.021428571428572,14.15,57.660714285714285,2.0,2
Chaco,2025,3,26.479032258064514,175.85,63.935483870967744,6.5,2
Chaco,2025,4,19.596666666666664,16.8,76.46666666666667,4.0,2
Chaco,2025,5,19.495161290322578,263.1,83.5,12.5,2
Chaco,2025,6,12.788333333333334,77.15,83.55000000000001,4.5,2
Chaco,2025,7,15.30967741935484,22.5,76.12903225806451,2.0,2
Chaco,2025,8,16.240322580645163,52.9,71.74193548387098,5.0,2
Chaco,2025,9,19.553333333333335,140.9,73.03333333333333,7.0,2
Chaco,2025,10,21.374193548387098,166.55,70.74193548387098,7.5,2
Chaco,2025,11,23.703333333333333,49.599999999999994,67.96666666666667,4.5,2
Chaco,2025,12,25.63709677419355,351.1,74.95161290322581,14.0,2
Chubut,2018,1,19.946236559139788,3.1,41.67741935483871,0.6666666666666666,3
Chubut,2018,2,20.271428571428572,7.2,45.48809523809524,1.6666666666666667,3
Chubut,2018,3,15.136559139784945,13.0,50.107526881720425,3.0,3
Chubut,2018,4,12.448888888888888,24.433333333333337,53.62222222222223,3.6666666666666665,3
Chubut,2018,5,8.580645161290322,24.099999999999998,67.39784946236558,3.3333333333333335,3
Chubut,2018,6,4.662222222222222,26.46666666666667,66.02222222222223,3.6666666666666665,3
Chubut,2018,7,3.5752688172043015,30.900000000000002,72.84056358917316,4.333333333333333,3
Chubut,2018,8,7.8580645161290334,12.433333333333332,55.44086021505376,2.6666666666666665,3
Chubut,2018,9,9.163333333333334,28.400000000000002,58.133333333333326,5.666666666666667,3
Chubut,2018,10,11.133333333333333,20.7,56.0752688172043,3.3333333333333335,3
Chubut,2018,11,14.792222222222222,29.099999999999998,50.44444444444445,4.333333333333333,3
Chubut,2018,12,18.636559139784946,7.8,43.48387096774193,1.0,3
Chubut,2019,1,18.221505376344087,3.6,38.623655913978496,1.0,3
Chubut,2019,2,18.488095238095237,6.766666666666666,43.11904761904762,1.6666666666666667,3
Chubut,2019,3,15.719354838709677,37.4,55.73118279569892,3.3333333333333335,3
Chubut,2019,4,12.931111111111113,12.433333333333332,56.48888888888889,1.6666666666666667,3
Chubut,2019,5,8.456989247311826,23.566666666666666,65.26881720430107,3.0,3
Chubut,2019,6,6.57,69.0,69.38888888888889,6.333333333333333,3
Chubut,2019,7,5.739784946236559,37.833333333333336,69.44086021505376,4.333333333333333,3
Chubut,2019,8,6.40752688172043,26.066666666666666,62.51612903225807,4.333333333333333,3
Chubut,2019,9,8.471111111111112,8.5,56.42222222222222,2.0,3
Chubut,2019,10,11.434408602150539,7.066666666666667,51.376344086021504,2.0,3
Chubut,2019,11,15.016666666666667,11.733333333333334,44.78888888888889,2.3333333333333335,3
Chubut,2019,12,17.49032258064516,21.166666666666668,44.8494623655914,1.3333333333333333,3
Chubut,2020,1,19.40215053763441,12.766666666666666,43.39784946236559,1.0,3
Chubut,2020,2,17.626436781609197,19.633333333333333,51.0,3.3333333333333335,3
Chubut,2020,3,17.493548387096777,6.3,54.612903225806456,0.6666666666666666,3
Chubut,2020,4,12.696666666666667,20.96666666666667,61.26666666666667,3.3333333333333335,3
Chubut,2020,5,9.39247311827957,48.13333333333333,64.95698924731182,5.333333333333333,3
Chubut,2020,6,5.865555555555555,42.86666666666667,67.6111111111111,7.0,3
Chubut,2020,7,3.20752688172043,45.666666666666664,77.49462365591397,7.0,3
Chubut,2020,8,6.794623655913978,20.533333333333335,58.387096774193544,3.3333333333333335,3
Chubut,2020,9,9.417777777777777,11.733333333333334,50.48888888888889,1.6666666666666667,3
Chubut,2020,10,12.575268817204302,2.5,44.27956989247312,0.6666666666666666,3
Chubut,2020,11,16.941111111111113,7.0,46.72222222222222,1.0,3
Chubut,2020,12,17.686021505376342,9.433333333333334,44.13978494623655,2.3333333333333335,3
Chubut,2021,1,18.767741935483873,9.466666666666667,45.78494623655914,0.6666666666666666,3
Chubut,2021,2,19.704761904761906,7.633333333333333,50.595238095238095,1.6666666666666667,3
Chubut,2021,3,16.533333333333335,34.93333333333333,54.655913978494624,3.6666666666666665,3
Chubut,2021,4,13.87111111111111,36.26666666666667,65.86666666666666,4.333333333333333,3
Chubut,2021,5,8.168817204301076,33.666666666666664,68.20430107526882,5.0,3
Chubut,2021,6,5.242222222222222,22.13333333333333,69.11111111111111,4.0,3
Chubut,2021,7,7.2,8.133333333333333,57.55913978494624,1.3333333333333333,3
Chubut,2021,8,7.620430107526881,44.36666666666667,61.43010752688172,4.333333333333333,3
Chubut,2021,9,10.520000000000001,6.933333333333333,58.800000000000004,1.6666666666666667,3
Chubut,2021,10,13.232258064516131,18.0,46.645161290322584,1.3333333333333333,3
Chubut,2021,11,15.68888888888889,21.46666666666667,49.97777777777778,2.3333333333333335,3
Chubut,2021,12,19.136559139784946,15.799999999999999,46.98924731182796,2.0,3
Chubut,2022,1,19.144086021505377,25.633333333333336,45.913978494623656,2.3333333333333335,3
Chubut,2022,2,18.054761904761904,35.76666666666667,50.952380952380956,3.6666666666666665,3
Chubut,2022,3,14.497849462365592,16.0,50.79569892473118,2.6666666666666665,3
Chubut,2022,4,11.13111111111111,57.26666666666667,61.17777777777778,5.333333333333333,3
Chubut,2022,5,7.337634408602152,33.76666666666667,65.8494623655914,3.0,3
Chubut,2022,6,4.057777777777778,38.13333333333333,69.24444444444445,4.0,3
Chubut,2022,7,3.825806451612903,66.43333333333334,71.72043010752688,6.0,3
Chubut,2022,8,6.745161290322581,21.3,62.21505376344086,2.3333333333333335,3
Chubut,2022,9,9.23111111111111,81.99999999999999,61.577777777777776,5.0,3
Chubut,2022,10,12.240860215053763,10.233333333333333,50.88172043010753,2.3333333333333335,3
Chubut,2022,11,17.535555555555554,21.46666666666667,50.71111111111111,2.3333333333333335,3
Chubut,2022,12,18.655913978494624,11.6,42.82795698924732,2.0,3
Chubut,2023,1,19.993548387096777,26.03333333333333,49.96774193548387,2.6666666666666665,3
Chubut,2023,2,18.926190476190474,1.2,43.38095238095238,0.0,3
Chubut,2023,3,15.993548387096775,5.933333333333334,48.50537634408602,1.0,3
Chubut,2023,4,12.317777777777778,18.866666666666667,59.24444444444445,1.6666666666666667,3
Chubut,2023,5,9.679569892473118,16.933333333333334,60.387096774193544,3.0,3
Chubut,2023,6,6.155555555555556,45.0,67.07777777777778,5.666666666666667,3
Chubut,2023,7,4.637634408602151,52.03333333333333,72.64516129032258,6.0,3
Chubut,2023,8,6.7129032258064525,33.833333333333336,60.50537634408602,5.0,3
Chubut,2023,9,7.191111111111112,37.699999999999996,64.25555555555556,6.333333333333333,3
Chubut,2023,10,11.359139784946237,20.233333333333334,51.634408602150536,2.6666666666666665,3
Chubut,2023,11,14.37,3.433333333333333,45.044444444444444,0.6666666666666666,3
Chubut,2023,12,17.036559139784945,13.700000000000001,48.32258064516129,2.6666666666666665,3
Chubut,2024,1,20.62688172043011,7.766666666666667,44.12903225806451,0.3333333333333333,3
Chubut,2024,2,19.864367816091956,18.966666666666665,45.87356321839081,1.3333333333333333,3
Chubut,2024,3,15.11505376344086,17.53333333333333,47.76344086021506,2.0,3
Chubut,2024,4,10.654444444444444,45.333333333333336,55.32222222222222,4.0,3
Chubut,2024,5,4.969892473118279,27.533333333333335,68.74193548387096,2.3333333333333335,3
Chubut,2024,6,5.071111111111111,57.13333333333333,75.87777777777778,6.0,3
Chubut,2024,7,4.601075268817204,12.333333333333334,63.97849462365591,1.3333333333333333,3
Chubut,2024,8,6.455913978494624,33.5,66.60215053763442,4.333333333333333,3
Chubut,2024,9,9.36111111111111,34.3,49.47777777777778,4.666666666666667,3
Chubut,2024,10,13.863440860215055,6.266666666666667,46.95698924731183,1.0,3
Chubut,2024,11,15.064444444444446,27.166666666666668,46.51111111111111,4.333333333333333,3
Chubut,2024,12,16.603225806451615,37.300000000000004,50.817204301075265,5.0,3
Chubut,2025,1,19.8505376344086,8.966666666666667,46.053763440860216,1.6666666666666667,3
Chubut,2025,2,18.014285714285716,5.533333333333334,45.35714285714286,1.6666666666666667,3
Chubut,2025,3,16.05913978494624,26.0,51.39784946236559,3.3333333333333335,3
Chubut,2025,4,11.364444444444445,27.366666666666664,64.23333333333333,4.333333333333333,3
Chubut,2025,5,8.37741935483871,19.733333333333334,62.21505376344086,3.3333333333333335,3
Chubut,2025,6,5.562222222222222,12.0,64.22777777777777,2.6666666666666665,3
Chubut,2025,7,6.322580645161291,9.366666666666667,64.84946236559139,2.3333333333333335,3
Chubut,2025,8,7.549462365591398,22.566666666666666,69.23655913978494,3.3333333333333335,3
Chubut,2025,9,9.864444444444445,11.6,55.08888888888888,2.3333333333333335,3
Chubut,2025,10,13.226881720430107,12.399999999999999,42.60215053763441,2.0,3
Chubut,2025,11,16.069999999999997,17.066666666666666,47.03333333333333,2.6666666666666665,3
Chubut,2025,12,18.8,1.1,38.29032258064516,0.3333333333333333,3
Corrientes,2018,1,26.3,189.5666666666667,69.43010752688171,9.333333333333334,3
Corrientes,2018,2,25.90833333333333,34.23333333333333,66.73809523809524,2.6666666666666665,3
Corrientes,2018,3,23.616129032258062,200.13333333333333,71.02150537634408,7.333333333333333,3
Corrientes,2018,4,24.074444444444442,110.0,77.86666666666667,5.0,3
Corrientes,2018,5,18.11075268817204,181.53333333333333,82.77419354838709,9.666666666666666,3
Corrientes,2018,6,12.476666666666667,38.333333333333336,80.84444444444445,3.6666666666666665,3
Corrientes,2018,7,13.006451612903225,65.33333333333333,82.23655913978494,4.0,3
Corrientes,2018,8,13.592473118279571,45.46666666666667,74.21505376344085,3.6666666666666665,3
Corrientes,2018,9,20.06,98.3,77.38888888888889,5.666666666666667,3
Corrientes,2018,10,20.991397849462366,89.26666666666667,71.11827956989247,5.333333333333333,3
Corrientes,2018,11,23.784444444444446,230.4,71.25555555555555,7.0,3
Corrientes,2018,12,25.090322580645164,238.53333333333333,71.59139784946235,8.333333333333334,3
Corrientes,2019,1,25.921505376344086,540.0333333333333,82.25806451612902,14.666666666666666,3
Corrientes,2019,2,25.01190476190476,116.83333333333333,72.64285714285714,4.0,3
Corrientes,2019,3,22.551612903225806,105.53333333333335,75.54838709677419,5.0,3
Corrientes,2019,4,20.97111111111111,208.0,81.05555555555556,7.0,3
Corrientes,2019,5,18.337634408602153,210.86666666666667,87.44086021505376,9.333333333333334,3
Corrientes,2019,6,17.496666666666666,23.766666666666666,81.60000000000001,3.0,3
Corrientes,2019,7,13.647311827956988,80.33333333333333,77.55913978494624,4.666666666666667,3
Corrientes,2019,8,15.055913978494623,53.06666666666666,72.51612903225806,2.0,3
Corrientes,2019,9,17.68111111111111,30.733333333333334,65.21111111111111,3.0,3
Corrientes,2019,10,21.275268817204303,164.46666666666667,73.40860215053763,10.666666666666666,3
Corrientes,2019,11,24.362222222222226,205.0,71.51111111111112,8.0,3
Corrientes,2019,12,24.982795698924733,109.43333333333332,64.36559139784946,6.0,3
Corrientes,2020,1,26.032258064516128,145.63333333333335,71.01075268817205,7.0,3
Corrientes,2020,2,25.18390804597701,152.66666666666666,68.49425287356321,5.666666666666667,3
Corrientes,2020,3,25.778494623655916,64.39999999999999,67.20430107526882,3.6666666666666665,3
Corrientes,2020,4,20.263333333333332,57.4,67.28888888888889,4.666666666666667,3
Corrientes,2020,5,16.751612903225805,133.83333333333334,72.06451612903226,5.0,3
Corrientes,2020,6,15.475,65.05,80.15,6.0,2
Corrientes,2020,7,13.85268817204301,26.8,71.73118279569893,3.6666666666666665,3
Corrientes,2020,8,18.14516129032258,22.233333333333334,58.73118279569892,2.0,3
Corrientes,2020,9,19.03168582375479,45.06666666666666,65.19501915708811,3.3333333333333335,3
Corrientes,2020,10,22.74731182795699,68.5,59.98924731182796,3.3333333333333335,3
Corrientes,2020,11,24.844444444444445,115.86666666666667,55.71111111111111,5.0,3
Corrientes,2020,12,25.85698924731183,141.29999999999998,62.69892473118279,6.0,3
Corrientes,2021,1,26.451612903225808,159.5,68.06451612903226,8.666666666666666,3
Corrientes,2021,2,25.08571428571429,63.93333333333334,69.91666666666667,4.666666666666667,3
Corrientes,2021,3,23.919354838709676,114.16666666666667,71.94623655913979,5.333333333333333,3
Corrientes,2021,4,21.38888888888889,63.166666666666664,76.17777777777779,3.3333333333333335,3
Corrientes,2021,5,15.281720430107526,110.73333333333333,77.50537634408602,5.333333333333333,3
Corrientes,2021,6,13.578888888888889,103.06666666666666,81.54444444444444,4.0,3
Corrientes,2021,7,14.118279569892474,19.7,71.94623655913979,1.3333333333333333,3
Corrientes,2021,8,16.688172043010752,11.066666666666668,71.0,2.3333333333333335,3
Corrientes,2021,9,19.407777777777778,110.86666666666667,72.86666666666666,7.333333333333333,3
Corrientes,2021,10,21.074193548387097,92.89999999999999,64.26881720430107,6.666666666666667,3
Corrientes,2021,11,24.198965517241376,136.96666666666667,64.37049808429119,8.333333333333334,3
Corrientes,2021,12,26.11075268817204,42.46666666666667,60.17204301075268,3.0,3
Corrientes,2022,1,29.45806451612903,31.0,54.56989247311827,4.0,3
Corrientes,2022,2,27.284523809523808,72.5,54.73809523809524,4.333333333333333,3
Corrientes,2022,3,22.387096774193548,175.66666666666666,72.25806451612902,7.333333333333333,3
Corrientes,2022,4,19.788888888888888,167.93333333333334,79.4888888888889,7.666666666666667,3
Corrientes,2022,5,15.268817204301074,73.73333333333333,80.60215053763442,3.6666666666666665,3
Corrientes,2022,6,12.24888888888889,29.666666666666668,83.28888888888889,3.3333333333333335,3
Corrientes,2022,7,17.116129032258062,58.26666666666667,80.27956989247312,4.666666666666667,3
Corrientes,2022,8,15.23763440860215,83.93333333333334,75.25806451612902,4.0,3
Corrientes,2022,9,16.395555555555557,38.86666666666667,69.24444444444445,2.6666666666666665,3
Corrientes,2022,10,19.767741935483873,92.96666666666665,67.20430107526882,5.666666666666667,3
Corrientes,2022,11,23.398888888888887,32.36666666666667,58.355555555555554,3.3333333333333335,3
Corrientes,2022,12,27.294623655913977,19.233333333333334,56.20430107526882,2.0,3
Corrientes,2023,1,28.596774193548384,53.333333333333336,54.612903225806456,4.666666666666667,3
Corrientes,2023,2,27.009523809523813,51.46666666666666,56.702380952380956,4.666666666666667,3
Corrientes,2023,3,26.68709677419355,165.76666666666665,72.39784946236558,8.666666666666666,3
Corrientes,2023,4,20.47888888888889,53.86666666666667,73.1,3.6666666666666665,3
Corrientes,2023,5,17.829032258064515,106.83333333333333,82.23655913978494,7.666666666666667,3
Corrientes,2023,6,16.767777777777777,32.833333333333336,80.37777777777778,3.3333333333333335,3
Corrientes,2023,7,15.703225806451613,42.86666666666667,79.94623655913978,4.333333333333333,3
Corrientes,2023,8,17.950537634408605,42.06666666666667,69.06451612903226,2.3333333333333335,3
Corrientes,2023,9,18.583333333333332,176.0666666666667,80.37777777777778,10.0,3
Corrientes,2023,10,20.36021505376344,146.9,72.68817204301075,8.0,3
Corrientes,2023,11,23.545555555555556,166.16666666666666,75.93333333333334,9.666666666666666,3
Corrientes,2023,12,25.063440860215053,273.90000000000003,77.3763440860215,9.333333333333334,3
Corrientes,2024,1,25.477419354838712,110.53333333333335,74.78494623655915,6.0,3
Corrientes,2024,2,27.736781609195404,117.76666666666665,71.41379310344827,7.0,3
Corrientes,2024,3,25.23010752688172,372.73333333333335,78.63440860215054,7.333333333333333,3
Corrientes,2024,4,22.067777777777778,332.1666666666667,84.73333333333333,11.666666666666666,3
Corrientes,2024,5,15.19032258064516,63.0,83.66666666666667,8.0,3
Corrientes,2024,6,17.95111111111111,14.533333333333333,79.37777777777778,2.0,3
Corrientes,2024,7,13.33010752688172,6.300000000000001,76.56989247311827,0.3333333333333333,3
Corrientes,2024,8,15.296774193548387,120.93333333333334,74.83870967741935,5.666666666666667,3
Corrientes,2024,9,19.284444444444443,93.26666666666667,77.32222222222222,4.666666666666667,3
Corrientes,2024,10,21.980645161290322,81.93333333333334,71.95698924731182,7.0,3
Corrientes,2024,11,23.774444444444445,239.80000000000004,75.23333333333333,11.0,3
Corrientes,2024,12,23.760215053763442,88.53333333333335,67.45161290322581,5.666666666666667,3
Corrientes,2025,1,27.204301075268816,52.1,59.946236559139784,3.6666666666666665,3
Corrientes,2025,2,28.84523809523809,56.20000000000001,66.08333333333333,4.0,3
Corrientes,2025,3,25.423655913978493,100.53333333333335,67.60215053763442,8.333333333333334,3
Corrientes,2025,4,19.226666666666667,77.53333333333333,74.87777777777778,3.6666666666666665,3
Corrientes,2025,5,18.386021505376345,342.3333333333333,82.6236559139785,10.666666666666666,3
Corrientes,2025,6,12.312222222222223,110.46666666666665,83.25555555555555,5.666666666666667,3
Corrientes,2025,7,13.76021505376344,76.93333333333334,81.34408602150538,3.3333333333333335,3
Corrientes,2025,8,15.36774193548387,67.56666666666666,74.68817204301075,5.333333333333333,3
Corrientes,2025,9,17.85222222222222,179.73333333333335,77.22222222222223,10.0,3
Corrientes,2025,10,20.566666666666666,147.93333333333334,70.66666666666667,6.333333333333333,3
Corrientes,2025,11,22.585555555555555,127.53333333333335,69.45555555555556,7.666666666666667,3
Corrientes,2025,12,25.507526881720434,284.9666666666667,73.36559139784946,11.333333333333334,3
Córdoba,2018,1,23.931451612903224,85.2,64.61290322580645,6.125,8
Córdoba,2018,2,23.395535714285714,54.4625,65.51339285714286,4.25,8
Córdoba,2018,3,20.86209677419355,24.7,57.770161290322584,2.25,8
Córdoba,2018,4,20.391666666666666,66.26249999999999,77.01666666666667,6.0,8
Córdoba,2018,5,14.713306451612903,99.3125,80.68548387096774,7.0,8
Córdoba,2018,6,8.652083333333334,4.2625,69.625,0.5,8
Córdoba,2018,7,8.052016129032259,4.7375,70.63306451612902,1.0,8
Córdoba,2018,8,11.05725806451613,3.2,53.806451612903224,0.75,8
Córdoba,2018,9,17.708750000000002,35.6625,63.425,4.0,8
Córdoba,2018,10,18.020967741935483,76.2,63.95161290322581,6.875,8
Córdoba,2018,11,21.5625,140.6125,65.47916666666666,10.375,8
Córdoba,2018,12,23.41572580645161,90.0375,62.87903225806451,7.375,8
Córdoba,2019,1,23.524193548387096,191.4,77.36693548387096,9.75,8
Córdoba,2019,2,22.73705357142857,47.475,72.97321428571428,2.75,8
Córdoba,2019,3,19.148790322580645,157.6875,79.08870967741936,7.5,8
Córdoba,2019,4,17.609583333333333,74.025,76.59166666666667,6.625,8
Córdoba,2019,5,13.627822580645162,30.725,80.42338709677419,5.0,8
Córdoba,2019,6,11.34375,9.925,75.74583333333334,1.625,8
Córdoba,2019,7,9.834274193548387,7.0625,69.42338709677419,0.5,8
Córdoba,2019,8,11.692741935483872,0.0125,57.53629032258064,0.0,8
Córdoba,2019,9,14.758333333333333,8.1125,52.17916666666667,2.125,8
Córdoba,2019,10,18.14717741935484,50.9625,62.189516129032256,5.125,8
Córdoba,2019,11,23.032083333333333,104.925,61.28333333333333,7.875,8
Córdoba,2019,12,23.916129032258066,149.4625,56.721774193548384,7.75,8
Córdoba,2020,1,24.504838709677422,93.675,65.78629032258064,6.375,8
Córdoba,2020,2,22.475,172.5125,71.80172413793103,6.5,8
Córdoba,2020,3,22.531451612903226,105.1625,73.59274193548387,6.875,8
Córdoba,2020,4,17.916666666666668,42.4,68.20833333333334,3.625,8
Córdoba,2020,5,13.779032258064515,0.375,61.70564516129032,0.125,8
Córdoba,2020,6,10.067499999999999,1.025,66.75833333333334,0.125,8
Córdoba,2020,7,8.159274193548388,0.3375,64.90322580645162,0.0,8
Córdoba,2020,8,12.825,0.6375,47.983870967741936,0.125,8
Córdoba,2020,9,15.613333333333333,14.075,50.84583333333333,1.125,8
Córdoba,2020,10,18.728629032258063,49.0375,52.95967741935484,3.875,8
Córdoba,2020,11,22.739583333333332,66.8625,53.94166666666666,6.125,8
Córdoba,2020,12,23.67217741935484,97.725,52.71290322580645,7.375,8
Córdoba,2021,1,23.441532258064516,199.4625,66.5,11.625,8
Córdoba,2021,2,22.00267857142857,64.58749999999999,73.46428571428571,6.375,8
Córdoba,2021,3,20.483467741935485,112.775,75.56854838709677,6.625,8
Córdoba,2021,4,18.71875,85.9125,75.14583333333333,4.25,8
Córdoba,2021,5,12.840725806451612,27.55,68.34274193548387,2.5,8
Córdoba,2021,6,9.973965517241378,7.9375,71.04252873563219,1.625,8
Córdoba,2021,7,10.280241935483872,2.1625,56.75806451612903,0.625,8
Córdoba,2021,8,12.589516129032258,0.8875,52.04032258064516,0.125,8
Córdoba,2021,9,16.05125,29.875,61.733333333333334,2.875,8
Córdoba,2021,10,19.39677419354839,80.6,48.12096774193549,4.0,8
Córdoba,2021,11,20.93,119.2625,60.19583333333333,7.625,8
Córdoba,2021,12,24.793548387096774,75.5375,59.641129032258064,7.0,8
Córdoba,2022,1,26.02056451612903,122.4125,60.197580645161295,6.125,8
Córdoba,2022,2,22.318303571428572,89.0125,69.60267857142857,7.625,8
Córdoba,2022,3,19.860887096774192,78.0375,68.07661290322581,5.125,8
Córdoba,2022,4,16.929583333333333,26.7125,64.97083333333333,2.625,8
Córdoba,2022,5,12.187096774193549,9.1625,67.66129032258064,0.875,8
Córdoba,2022,6,9.095,3.8375,64.6875,0.625,8
Córdoba,2022,7,10.880241935483872,0.8875,62.100806451612904,0.125,8
Córdoba,2022,8,12.155645161290321,15.1625,56.028225806451616,1.875,8
Córdoba,2022,9,14.495833333333334,15.3375,47.41666666666667,3.0,8
Córdoba,2022,10,17.925806451612903,48.1875,49.61693548387097,3.625,8
Córdoba,2022,11,23.429583333333333,65.975,46.545833333333334,5.125,8
Córdoba,2022,12,25.48225806451613,83.4625,47.975806451612904,6.125,8
Córdoba,2023,1,25.384677419354837,117.7625,60.65322580645161,7.875,8
Córdoba,2023,2,23.527232142857144,47.025,61.191964285714285,3.75,8
Córdoba,2023,3,24.3,109.625,68.6975806451613,6.625,8
Córdoba,2023,4,18.2125,20.95,71.0125,3.0,8
Córdoba,2023,5,15.4625,25.549999999999997,72.16532258064515,3.25,8
Córdoba,2023,6,11.53625,4.425,70.71666666666667,0.375,8
Córdoba,2023,7,11.6125,16.3875,71.69758064516128,2.75,8
Córdoba,2023,8,13.602822580645162,1.3,53.88306451612903,0.5,8
Córdoba,2023,9,15.563333333333333,13.6625,53.7625,1.625,8
Córdoba,2023,10,19.32258064516129,47.0625,50.70967741935484,4.875,8
Córdoba,2023,11,21.724166666666665,77.9125,53.016666666666666,5.25,8
Córdoba,2023,12,23.08306451612903,132.35,67.10080645161291,9.875,8
Córdoba,2024,1,24.326209677419357,141.25,66.24596774193549,5.5,8
Córdoba,2024,2,24.17887931034483,172.0375,74.07758620689656,7.375,8
Córdoba,2024,3,23.281451612903226,46.95,74.4758064516129,4.625,8
Córdoba,2024,4,17.14625,110.2125,77.77083333333334,7.75,8
Córdoba,2024,5,9.697983870967741,8.575,73.71774193548387,1.25,8
Córdoba,2024,6,12.3875,1.1875,70.0,0.25,8
Córdoba,2024,7,8.008467741935483,2.4,63.15725806451613,0.5,8
Córdoba,2024,8,11.046774193548387,7.5625,61.21370967741935,1.125,8
Córdoba,2024,9,18.326249999999998,0.3875,43.99583333333334,0.125,8
Córdoba,2024,10,20.345967741935485,140.4125,61.58870967741936,7.75,8
Córdoba,2024,11,22.625833333333333,124.4,62.275,7.875,8
Córdoba,2024,12,23.12016129032258,108.64999999999999,58.233870967741936,5.875,8
Córdoba,2025,1,25.842741935483872,85.0875,61.66532258064516,5.625,8
Córdoba,2025,2,26.40714285714286,116.4,67.60714285714286,7.25,8
Córdoba,2025,3,21.35282258064516,191.1625,77.6491935483871,10.375,8
Córdoba,2025,4,16.617916666666666,28.275,72.675,3.5,8
Córdoba,2025,5,15.750403225806451,8.675,74.24193548387096,2.0,8
Córdoba,2025,6,9.085416666666667,1.1,64.73333333333333,0.125,8
Córdoba,2025,7,10.76733870967742,37.525,74.16935483870968,3.5,8
Córdoba,2025,8,12.43024193548387,94.3375,60.01209677419355,3.5,8
Córdoba,2025,9,16.177083333333332,25.9375,60.71666666666667,1.125,8
Córdoba,2025,10,19.511290322580646,51.712500000000006,52.21774193548387,2.625,8
Córdoba,2025,11,22.09125,86.8375,57.266666666666666,7.375,8
Córdoba,2025,12,25.139112903225808,109.025,56.82258064516129,6.375,8
Entre Ríos,2018,1,25.59569892473118,65.33333333333333,61.48387096774193,4.0,3
Entre Ríos,2018,2,25.18095238095238,41.266666666666666,61.952380952380956,2.6666666666666665,3
Entre Ríos,2018,3,22.08279569892473,51.599999999999994,62.92473118279569,3.3333333333333335,3
Entre Ríos,2018,4,22.43444444444444,181.36666666666667,78.14444444444445,6.666666666666667,3
Entre Ríos,2018,5,16.10537634408602,247.5666666666667,84.35483870967742,10.666666666666666,3
Entre Ríos,2018,6,10.401111111111112,12.466666666666667,79.11111111111111,1.6666666666666667,3
Entre Ríos,2018,7,10.606451612903227,76.10000000000001,83.48387096774194,4.0,3
Entre Ríos,2018,8,11.508602150537634,71.36666666666666,76.27956989247312,6.0,3
Entre Ríos,2018,9,17.926666666666666,88.39999999999999,78.25555555555555,4.666666666666667,3
Entre Ríos,2018,10,18.050537634408602,81.76666666666667,69.6236559139785,5.333333333333333,3
Entre Ríos,2018,11,21.764444444444447,202.4,67.93333333333334,6.0,3
Entre Ríos,2018,12,23.483870967741936,223.66666666666666,67.16129032258065,7.333333333333333,3
Entre Ríos,2019,1,24.5752688172043,368.06666666666666,78.76344086021506,13.666666666666666,3
Entre Ríos,2019,2,24.090476190476192,125.33333333333333,68.89285714285715,3.6666666666666665,3
Entre Ríos,2019,3,20.956989247311828,118.96666666666665,76.33333333333333,6.333333333333333,3
Entre Ríos,2019,4,18.841111111111108,74.66666666666667,79.0,5.333333333333333,3
Entre Ríos,2019,5,15.968817204301075,90.5,84.98924731182795,5.333333333333333,3
Entre Ríos,2019,6,14.967777777777778,116.46666666666665,83.42222222222222,7.0,3
Entre Ríos,2019,7,11.48494623655914,52.333333333333336,78.44086021505376,4.0,3
Entre Ríos,2019,8,12.655913978494624,63.0,73.0752688172043,4.0,3
Entre Ríos,2019,9,15.39,84.06666666666666,63.86666666666667,3.0,3
Entre Ríos,2019,10,18.63978494623656,129.63333333333333,74.6989247311828,11.0,3
Entre Ríos,2019,11,23.198888888888888,108.8,66.63333333333334,6.0,3
Entre Ríos,2019,12,23.808602150537638,183.70000000000002,61.53620071684588,7.666666666666667,3
Entre Ríos,2020,1,24.956989247311824,124.39999999999999,66.90322580645162,6.666666666666667,3
Entre Ríos,2020,2,24.26551724137931,59.0,65.02298850574714,3.0,3
Entre Ríos,2020,3,24.573118279569893,97.0,67.88172043010752,4.0,3
Entre Ríos,2020,4,18.415555555555557,115.0,71.57777777777778,5.666666666666667,3
Entre Ríos,2020,5,15.201075268817204,63.166666666666664,73.25806451612904,3.6666666666666665,3
Entre Ríos,2020,6,12.676666666666668,89.39999999999999,81.82222222222221,5.0,3
Entre Ríos,2020,7,10.502150537634408,14.366666666666667,74.38709677419355,2.0,3
Entre Ríos,2020,8,15.01720430107527,25.066666666666666,63.25806451612903,2.3333333333333335,3
Entre Ríos,2020,9,15.556666666666667,67.66666666666667,66.39999999999999,3.6666666666666665,3
Entre Ríos,2020,10,19.258064516129032,61.76666666666667,63.96774193548387,4.666666666666667,3
Entre Ríos,2020,11,22.820000000000004,71.66666666666667,58.06666666666666,5.0,3
Entre Ríos,2020,12,23.579569892473117,124.5,63.43010752688172,6.333333333333333,3
Entre Ríos,2021,1,25.265591397849462,147.5,64.1505376344086,6.666666666666667,3
Entre Ríos,2021,2,24.064285714285717,57.866666666666674,67.63095238095238,3.6666666666666665,3
Entre Ríos,2021,3,22.22258064516129,134.93333333333334,74.79569892473118,6.666666666666667,3
Entre Ríos,2021,4,19.97888888888889,154.20000000000002,77.21111111111111,4.333333333333333,3
Entre Ríos,2021,5,13.729032258064516,82.63333333333334,74.88172043010753,4.333333333333333,3
Entre Ríos,2021,6,11.52111111111111,72.63333333333334,81.26666666666667,2.6666666666666665,3
Entre Ríos,2021,7,11.787885304659497,35.56666666666666,74.37598566308243,3.3333333333333335,3
Entre Ríos,2021,8,13.918279569892475,16.900000000000002,70.86021505376344,1.3333333333333333,3
Entre Ríos,2021,9,16.834444444444443,91.06666666666668,76.39999999999999,6.0,3
Entre Ríos,2021,10,19.39032258064516,52.23333333333333,60.84946236559139,3.3333333333333335,3
Entre Ríos,2021,11,22.638888888888886,97.10000000000001,61.61111111111111,5.666666666666667,3
Entre Ríos,2021,12,26.412903225806456,26.633333333333336,51.946236559139784,1.6666666666666667,3
Entre Ríos,2022,1,26.973118279569892,177.5666666666667,62.473118279569896,10.666666666666666,3
Entre Ríos,2022,2,24.041666666666668,131.16666666666666,66.44047619047619,5.666666666666667,3
Entre Ríos,2022,3,20.227956989247314,182.20000000000002,74.56989247311827,9.666666666666666,3
Entre Ríos,2022,4,17.915555555555557,117.66666666666667,75.63333333333334,7.0,3
Entre Ríos,2022,5,13.16236559139785,40.0,79.41935483870968,3.0,3
Entre Ríos,2022,6,9.856666666666667,14.699999999999998,79.04444444444444,1.3333333333333333,3
Entre Ríos,2022,7,13.695698924731184,32.800000000000004,80.3010752688172,5.0,3
Entre Ríos,2022,8,13.035483870967743,74.89999999999999,73.3010752688172,5.0,3
Entre Ríos,2022,9,15.105555555555554,36.6,67.18888888888888,3.6666666666666665,3
Entre Ríos,2022,10,18.329032258064515,93.76666666666667,62.387096774193544,5.333333333333333,3
Entre Ríos,2022,11,23.50333333333333,44.4,56.72222222222222,4.0,3
Entre Ríos,2022,12,26.272043010752686,60.06666666666666,53.182795698924735,3.6666666666666665,3
Entre Ríos,2023,1,27.949462365591398,56.199999999999996,50.20430107526882,3.6666666666666665,3
Entre Ríos,2023,2,25.74047619047619,48.166666666666664,56.523809523809526,5.0,3
Entre Ríos,2023,3,26.57096774193548,185.76666666666665,67.39784946236558,8.0,3
Entre Ríos,2023,4,18.90888888888889,34.13333333333333,72.4888888888889,4.666666666666667,3
Entre Ríos,2023,5,16.5752688172043,151.33333333333334,79.78494623655914,6.0,3
Entre Ríos,2023,6,13.932222222222222,15.033333333333331,80.24444444444445,1.6666666666666667,3
Entre Ríos,2023,7,13.449462365591396,83.43333333333334,80.18279569892474,3.6666666666666665,3
Entre Ríos,2023,8,15.013978494623656,13.533333333333333,66.6236559139785,1.3333333333333333,3
Entre Ríos,2023,9,16.14,72.36666666666666,72.94444444444444,6.0,3
Entre Ríos,2023,10,19.148387096774194,113.7,63.096774193548384,6.666666666666667,3
Entre Ríos,2023,11,21.965555555555554,195.76666666666665,67.81111111111112,9.0,3
Entre Ríos,2023,12,23.529032258064518,265.4666666666667,72.03225806451613,10.666666666666666,3
Entre Ríos,2024,1,25.39784946236559,117.33333333333333,66.21505376344086,4.333333333333333,3
Entre Ríos,2024,2,26.529885057471265,111.7,70.71264367816092,4.333333333333333,3
Entre Ríos,2024,3,23.852688172043013,327.40000000000003,75.56989247311827,9.666666666666666,3
Entre Ríos,2024,4,19.29111111111111,174.5666666666667,80.81111111111112,9.666666666666666,3
Entre Ríos,2024,5,12.533333333333333,92.83333333333333,81.83870967741936,7.333333333333333,3
Entre Ríos,2024,6,15.347777777777777,10.700000000000001,78.68888888888888,1.6666666666666667,3
Entre Ríos,2024,7,10.721505376344085,11.1,72.75268817204301,1.6666666666666667,3
Entre Ríos,2024,8,13.010752688172042,49.666666666666664,75.17204301075269,6.0,3
Entre Ríos,2024,9,17.81111111111111,39.36666666666667,67.15555555555555,2.3333333333333335,3
Entre Ríos,2024,10,20.75161290322581,108.06666666666666,68.70967741935483,7.333333333333333,3
Entre Ríos,2024,11,22.88,162.66666666666666,69.12222222222222,8.666666666666666,3
Entre Ríos,2024,12,22.76989247311828,58.73333333333333,62.29032258064516,5.666666666666667,3
Entre Ríos,2025,1,26.992473118279566,53.70000000000001,56.29032258064516,4.333333333333333,3
Entre Ríos,2025,2,26.67619047619048,244.9,70.89902998236332,9.666666666666666,3
Entre Ríos,2025,3,23.209677419354836,106.13333333333333,75.20430107526882,9.0,3
Entre Ríos,2025,4,17.81888888888889,88.0,75.44444444444444,3.3333333333333335,3
Entre Ríos,2025,5,16.78494623655914,116.40000000000002,80.44086021505376,7.0,3
Entre Ríos,2025,6,10.12888888888889,30.36666666666667,78.71111111111111,2.3333333333333335,3
Entre Ríos,2025,7,11.787096774193548,79.33333333333333,79.66666666666667,6.0,3
Entre Ríos,2025,8,13.591397849462366,144.9333333333333,72.70967741935483,4.0,3
Entre Ríos,2025,9,16.205555555555556,46.13333333333333,71.93333333333334,5.666666666666667,3
Entre Ríos,2025,10,19.7494623655914,88.26666666666667,63.344086021505376,4.666666666666667,3
Entre Ríos,2025,11,21.679999999999996,127.33333333333333,66.18888888888888,8.0,3
Entre Ríos,2025,12,25.72258064516129,128.26666666666668,66.98924731182795,6.333333333333333,3
Formosa,2018,1,27.741935483870968,214.55,73.38709677419354,12.0,2
Formosa,2018,2,27.601785714285715,66.0,67.73214285714286,4.0,2
Formosa,2018,3,25.466129032258063,148.35,77.32258064516128,9.0,2
Formosa,2018,4,26.66166666666667,29.25,69.86666666666666,1.0,2
Formosa,2018,5,21.570967741935487,129.35,75.25806451612902,5.5,2
Formosa,2018,6,16.225,5.8,73.85,1.0,2
Formosa,2018,7,15.806451612903224,2.85,72.90322580645162,0.5,2
Formosa,2018,8,17.01290322580645,21.75,61.306451612903224,2.5,2
Formosa,2018,9,23.418333333333337,94.75,66.58333333333333,7.0,2
Formosa,2018,10,24.179032258064517,119.0,72.90322580645162,7.0,2
Formosa,2018,11,26.60333333333333,212.55,71.44999999999999,7.0,2
Formosa,2018,12,28.43709677419355,125.75,63.45161290322581,6.0,2
Formosa,2019,1,29.35322580645161,189.0,70.25806451612902,8.0,2
Formosa,2019,2,27.830357142857142,111.8,66.21428571428572,4.5,2
Formosa,2019,3,24.838709677419352,144.05,76.06451612903226,6.5,2
Formosa,2019,4,23.176666666666666,208.15,82.28333333333333,9.0,2
Formosa,2019,5,20.32258064516129,222.5,86.53225806451613,9.5,2
Formosa,2019,6,19.625,1.75,77.3,0.5,2
Formosa,2019,7,16.641935483870967,89.6,73.7258064516129,4.5,2
Formosa,2019,8,18.653225806451612,22.55,64.37096774193549,2.0,2
Formosa,2019,9,22.208333333333336,2.5,56.266666666666666,0.5,2
Formosa,2019,10,24.68064516129032,69.65,65.53225806451613,5.0,2
Formosa,2019,11,28.130000000000003,182.7,66.98333333333333,7.5,2
Formosa,2019,12,27.698387096774194,67.5,62.193548387096776,3.5,2
Formosa,2020,1,29.032258064516128,65.94999999999999,66.2741935483871,4.0,2
Formosa,2020,2,28.22241379310345,95.0,62.44827586206897,6.0,2
Formosa,2020,3,28.488709677419358,127.0,59.37096774193549,5.0,2
Formosa,2020,4,23.185000000000002,37.9,63.166666666666664,1.5,2
Formosa,2020,5,19.51451612903226,25.0,65.54838709677419,2.0,2
Formosa,2020,6,19.939999999999998,32.150000000000006,68.06666666666666,2.5,2
Formosa,2020,7,17.211290322580645,18.0,66.09677419354838,3.0,2
Formosa,2020,8,21.35,4.5,51.274193548387096,1.0,2
Formosa,2020,9,23.095,42.1,55.349999999999994,3.0,2
Formosa,2020,10,26.79516129032258,68.30000000000001,53.66129032258064,3.0,2
Formosa,2020,11,27.298333333333332,145.0,55.2,6.5,2
Formosa,2020,12,27.251612903225805,211.6,67.33870967741936,10.5,2
Formosa,2021,1,27.877419354838707,163.0,71.09677419354838,8.5,2
Formosa,2021,2,27.200000000000003,118.35,68.44642857142857,5.0,2
Formosa,2021,3,25.979032258064514,227.4,71.2258064516129,6.5,2
Formosa,2021,4,23.223333333333336,90.0,75.11666666666667,6.5,2
Formosa,2021,5,19.059086021505376,29.75,74.16290322580645,2.5,2
Formosa,2021,6,16.759999999999998,29.25,76.53333333333333,2.5,2
Formosa,2021,7,17.70806451612903,8.8,58.016129032258064,1.5,2
Formosa,2021,8,20.303225806451614,8.6,56.693548387096776,1.0,2
Formosa,2021,9,24.50580459770115,63.5,57.339080459770116,7.0,2
Formosa,2021,10,24.298387096774192,110.0,61.37096774193549,4.5,2
Formosa,2021,11,25.634999999999998,179.35,67.91666666666666,7.0,2
Formosa,2021,12,29.688709677419354,22.0,52.11290322580645,2.5,2
Formosa,2022,1,32.075806451612905,38.0,47.64516129032258,3.0,2
Formosa,2022,2,29.07857142857143,78.6,56.14285714285714,5.5,2
Formosa,2022,3,25.94838709677419,129.0,63.37096774193549,5.0,2
Formosa,2022,4,23.596666666666664,132.5,73.01666666666667,6.0,2
Formosa,2022,5,17.388709677419357,59.099999999999994,77.33870967741936,6.5,2
Formosa,2022,6,15.36,35.05,77.4,1.5,2
Formosa,2022,7,20.472580645161287,1.6,66.7741935483871,0.5,2
Formosa,2022,8,20.038709677419355,4.5,57.822580645161295,1.5,2
Formosa,2022,9,20.470689655172414,26.8,56.279310344827586,2.0,2
Formosa,2022,10,23.70967741935484,152.25,61.03225806451613,6.5,2
Formosa,2022,11,25.40833333333333,94.25,57.916666666666664,4.5,2
Formosa,2022,12,29.575806451612902,56.0,56.677419354838705,3.0,2
Formosa,2023,1,30.049999999999997,53.65,57.53225806451613,5.0,2
Formosa,2023,2,28.416071428571428,74.0,59.589285714285715,4.5,2
Formosa,2023,3,28.082258064516132,70.7,71.33870967741936,4.0,2
Formosa,2023,4,23.011666666666667,87.3,75.16666666666667,6.0,2
Formosa,2023,5,19.898387096774194,125.05,79.88709677419355,7.0,2
Formosa,2023,6,19.240000000000002,8.4,75.6,1.5,2
Formosa,2023,7,19.40806451612903,6.05,70.51612903225806,1.5,2
Formosa,2023,8,22.711290322580645,20.25,56.983870967741936,2.5,2
Formosa,2023,9,24.029080459770114,83.25,63.618390804597695,4.0,2
Formosa,2023,10,26.25370967741935,45.5,60.7747311827957,5.0,2
Formosa,2023,11,28.173333333333332,252.35,65.83333333333333,7.0,2
Formosa,2023,12,28.683870967741935,293.85,71.2258064516129,11.0,2
Formosa,2024,1,30.106451612903225,94.2,61.38709677419355,3.0,2
Formosa,2024,2,30.374137931034483,84.85,63.51724137931035,4.5,2
Formosa,2024,3,30.401612903225804,42.3,63.677419354838705,3.5,2
Formosa,2024,4,25.405,233.5,81.7,10.5,2
Formosa,2024,5,17.45806451612903,46.0,78.58064516129033,3.0,2
Formosa,2024,6,21.061666666666667,9.55,70.51666666666667,2.5,2
Formosa,2024,7,16.44032258064516,8.0,68.88709677419355,1.5,2
Formosa,2024,8,19.00483870967742,47.0,62.82258064516129,3.5,2
Formosa,2024,9,23.96,31.0,59.016666666666666,2.0,2
Formosa,2024,10,25.933870967741935,114.15,63.41935483870968,7.0,2
Formosa,2024,11,27.521666666666665,121.8,67.35,5.5,2
Formosa,2024,12,26.46290322580645,156.5,67.0,8.0,2
Formosa,2025,1,29.961290322580645,67.55,56.177419354838705,4.0,2
Formosa,2025,2,31.455357142857142,67.25,59.857142857142854,3.0,2
Formosa,2025,3,26.70967741935484,151.75,70.61290322580646,10.5,2
Formosa,2025,4,21.401666666666667,70.99999999999999,77.73333333333333,6.0,2
Formosa,2025,5,21.532258064516128,142.3,79.85483870967742,9.0,2
Formosa,2025,6,15.141666666666666,66.75,81.5,6.0,2
Formosa,2025,7,17.469354838709677,34.5,72.03225806451613,3.0,2
Formosa,2025,8,19.174193548387098,25.1,65.74193548387098,3.5,2
Formosa,2025,9,22.598333333333333,80.25,64.46666666666667,5.5,2
Formosa,2025,10,23.766129032258068,48.25,64.08064516129032,6.5,2
Formosa,2025,11,26.18,123.6,63.06666666666666,4.5,2
Formosa,2025,12,27.256451612903227,215.85,70.40322580645162,11.0,2
Jujuy,2018,1,19.309677419354838,154.5,75.48387096774194,14.0,3
Jujuy,2018,2,18.670238095238094,136.0,77.01190476190476,10.666666666666666,3
Jujuy,2018,3,18.03010752688172,79.06666666666668,75.50537634408603,6.333333333333333,3
Jujuy,2018,4,17.662222222222223,125.89999999999999,76.3888888888889,5.333333333333333,3
Jujuy,2018,5,13.794623655913975,23.400000000000002,68.58064516129032,4.666666666666667,3
Jujuy,2018,6,8.387777777777778,2.1666666666666665,60.62222222222223,0.6666666666666666,3
Jujuy,2018,7,8.69247311827957,9.566666666666668,58.13978494623657,2.0,3
Jujuy,2018,8,11.10752688172043,1.3333333333333333,47.46236559139785,0.3333333333333333,3
Jujuy,2018,9,17.03,8.5,45.644444444444446,1.6666666666666667,3
Jujuy,2018,10,18.188172043010752,87.73333333333335,57.56989247311828,6.666666666666667,3
Jujuy,2018,11,19.38333333333333,46.03333333333333,64.60000000000001,5.333333333333333,3
Jujuy,2018,12,19.470967741935482,128.70000000000002,67.97849462365592,9.666666666666666,3
Jujuy,2019,1,20.576344086021507,110.36666666666667,69.19354838709677,11.333333333333334,3
Jujuy,2019,2,19.302028218694886,71.5,70.081569664903,8.666666666666666,3
Jujuy,2019,3,17.368817204301077,128.66666666666666,74.06451612903226,11.333333333333334,3
Jujuy,2019,4,15.955555555555554,83.06666666666666,70.63333333333334,7.666666666666667,3
Jujuy,2019,5,12.530107526881721,5.8999999999999995,66.1505376344086,0.6666666666666666,3
Jujuy,2019,6,10.494444444444445,8.700000000000001,65.95555555555556,2.3333333333333335,3
Jujuy,2019,7,9.783870967741935,2.1,59.95698924731183,0.3333333333333333,3
Jujuy,2019,8,11.926881720430108,0.19999999999999998,48.26881720430108,0.0,3
Jujuy,2019,9,15.758888888888889,1.2666666666666666,47.9,0.3333333333333333,3
Jujuy,2019,10,18.402150537634412,15.133333333333333,54.31182795698925,2.0,3
Jujuy,2019,11,21.046666666666667,54.1,61.199999999999996,5.666666666666667,3
Jujuy,2019,12,20.23763440860215,84.10000000000001,67.50537634408602,7.333333333333333,3
Jujuy,2020,1,20.631182795698923,149.63333333333333,70.91397849462366,10.333333333333334,3
Jujuy,2020,2,19.33448275862069,200.03333333333333,76.04597701149426,12.0,3
Jujuy,2020,3,19.52795698924731,74.2,71.75268817204301,9.0,3
Jujuy,2020,4,16.205555555555552,54.46666666666667,72.77777777777777,4.333333333333333,3
Jujuy,2020,5,12.787096774193548,4.233333333333333,62.51612903225807,1.3333333333333333,3
Jujuy,2020,6,10.71111111111111,4.0,63.26666666666667,1.0,3
Jujuy,2020,7,8.911827956989248,3.466666666666667,55.04301075268817,0.6666666666666666,3
Jujuy,2020,8,12.979569892473117,2.0,49.11827956989248,0.3333333333333333,3
Jujuy,2020,9,16.19111111111111,6.0,45.544444444444444,1.3333333333333333,3
Jujuy,2020,10,19.806451612903224,22.933333333333334,51.0752688172043,2.3333333333333335,3
Jujuy,2020,11,20.374444444444446,37.4,56.17777777777778,5.0,3
Jujuy,2020,12,20.6010752688172,78.56666666666666,62.41935483870967,8.666666666666666,3
Jujuy,2021,1,19.574193548387097,150.63333333333333,70.10752688172043,13.333333333333334,3
Jujuy,2021,2,18.804761904761904,132.4,72.98809523809524,12.333333333333334,3
Jujuy,2021,3,17.695698924731182,155.79999999999998,76.60215053763442,12.0,3
Jujuy,2021,4,16.354444444444447,32.1,74.35555555555555,4.666666666666667,3
Jujuy,2021,5,11.974193548387097,6.833333333333333,64.30107526881721,1.6666666666666667,3
Jujuy,2021,6,8.299999999999999,7.8,66.10000000000001,2.0,3
Jujuy,2021,7,10.049462365591397,0.3333333333333333,57.25806451612903,0.0,3
Jujuy,2021,8,12.417204301075268,1.6666666666666667,44.73118279569892,0.3333333333333333,3
Jujuy,2021,9,17.02333333333333,6.366666666666666,51.25555555555556,1.3333333333333333,3
Jujuy,2021,10,18.636559139784946,15.733333333333334,49.41935483870967,2.0,3
Jujuy,2021,11,19.31888888888889,30.100000000000005,63.43333333333333,4.0,3
Jujuy,2021,12,20.340860215053763,115.13333333333333,67.9032258064516,11.666666666666666,3
Jujuy,2022,1,21.026881720430108,224.96666666666667,67.60215053763442,13.0,3
Jujuy,2022,2,19.111904761904764,125.2,73.02380952380952,8.666666666666666,3
Jujuy,2022,3,17.704301075268816,103.83333333333333,72.29032258064517,7.0,3
Jujuy,2022,4,15.681111111111113,27.8,67.26666666666667,3.3333333333333335,3
Jujuy,2022,5,11.029032258064516,9.966666666666667,65.74193548387098,1.6666666666666667,3
Jujuy,2022,6,8.19888888888889,0.4000000000000001,62.51111111111111,0.0,3
Jujuy,2022,7,11.205376344086021,1.3666666666666665,57.90322580645161,0.3333333333333333,3
Jujuy,2022,8,11.707526881720431,1.9000000000000001,47.11827956989248,0.3333333333333333,3
Jujuy,2022,9,13.98111111111111,8.666666666666666,42.87777777777777,1.3333333333333333,3
Jujuy,2022,10,17.581720430107527,1.3666666666666665,46.8494623655914,0.3333333333333333,3
Jujuy,2022,11,20.078888888888887,18.400000000000002,44.71111111111111,3.6666666666666665,3
Jujuy,2022,12,20.60430107526882,73.89999999999999,58.88172043010753,7.333333333333333,3
Jujuy,2023,1,20.974193548387095,107.7,59.95698924731183,9.666666666666666,3
Jujuy,2023,2,19.11547619047619,71.60000000000001,68.3809523809524,8.333333333333334,3
Jujuy,2023,3,20.47956989247312,80.43333333333334,67.11827956989248,7.333333333333333,3
Jujuy,2023,4,15.982222222222225,72.66666666666667,69.65555555555555,8.0,3
Jujuy,2023,5,13.658064516129032,0.8666666666666667,60.387096774193544,0.0,3
Jujuy,2023,6,10.957777777777778,1.3,57.21111111111111,0.3333333333333333,3
Jujuy,2023,7,11.125806451612902,2.1,56.65591397849463,0.6666666666666666,3
Jujuy,2023,8,14.3752688172043,1.4000000000000001,44.41935483870967,0.3333333333333333,3
Jujuy,2023,9,17.205555555555556,7.066666666666667,46.044444444444444,0.6666666666666666,3
Jujuy,2023,10,19.718279569892474,26.599999999999998,46.53763440860215,3.3333333333333335,3
Jujuy,2023,11,21.679999999999996,40.733333333333334,53.63333333333333,6.0,3
Jujuy,2023,12,21.31290322580645,166.70000000000002,69.4731182795699,13.333333333333334,3
Jujuy,2024,1,21.35806451612903,140.9,69.93548387096774,8.666666666666666,3
Jujuy,2024,2,20.82873563218391,221.4,73.25287356321839,11.333333333333334,3
Jujuy,2024,3,20.703225806451613,111.63333333333333,73.88172043010752,7.666666666666667,3
Jujuy,2024,4,17.826666666666668,62.4,72.28888888888889,7.0,3
Jujuy,2024,5,10.876344086021506,13.033333333333333,67.70967741935483,2.6666666666666665,3
Jujuy,2024,6,12.101234567901235,3.0666666666666664,61.23827160493827,1.0,3
Jujuy,2024,7,9.070967741935483,0.43333333333333335,56.78494623655914,0.3333333333333333,3
Jujuy,2024,8,11.840860215053764,2.1999999999999997,49.90322580645161,0.6666666666666666,3
Jujuy,2024,9,17.88888888888889,0.9333333333333335,48.166666666666664,0.3333333333333333,3
Jujuy,2024,10,20.205376344086023,63.03333333333333,56.51612903225807,5.0,3
Jujuy,2024,11,20.061111111111114,151.13333333333333,70.47777777777777,10.666666666666666,3
Jujuy,2024,12,20.165591397849465,32.199999999999996,64.60215053763442,5.0,3
Jujuy,2025,1,20.388458781362004,166.4,72.01863799283154,13.0,3
Jujuy,2025,2,21.575,157.33333333333334,66.88095238095238,7.333333333333333,3
Jujuy,2025,3,18.24415770609319,139.06666666666666,78.06236559139785,11.0,3
Jujuy,2025,4,15.274597701149426,27.7,74.06934865900384,3.6666666666666665,3
Jujuy,2025,5,14.165591397849463,1.5,68.09677419354838,0.3333333333333333,3
Jujuy,2025,6,9.004444444444445,3.933333333333333,66.26666666666667,1.0,3
Jujuy,2025,7,10.40967741935484,2.5,66.11827956989247,0.6666666666666666,3
Jujuy,2025,8,12.303225806451612,3.9333333333333336,50.01075268817204,0.6666666666666666,3
Jujuy,2025,9,16.774444444444445,10.799999999999999,51.944444444444436,1.6666666666666667,3
Jujuy,2025,10,17.972222222222225,39.666666666666664,56.97204301075269,3.6666666666666665,3
Jujuy,2025,11,20.07777777777778,23.600000000000005,58.01111111111111,3.3333333333333335,3
Jujuy,2025,12,20.32046718576196,161.63333333333333,69.53355580274378,11.333333333333334,3
La Pampa,2018,1,24.81612903225806,47.55,50.822580645161295,4.5,2
La Pampa,2018,2,24.119642857142857,30.95,57.48214285714286,2.5,2
La Pampa,2018,3,19.953225806451613,22.15,53.35483870967742,2.5,2
La Pampa,2018,4,18.398333333333333,29.65,71.91666666666667,4.5,2
La Pampa,2018,5,12.693548387096774,40.9,79.67741935483872,5.5,2
La Pampa,2018,6,7.285,11.85,69.23333333333333,1.5,2
La Pampa,2018,7,7.220967741935484,42.85,77.08064516129033,6.0,2
La Pampa,2018,8,9.598387096774193,15.7,60.5,1.0,2
La Pampa,2018,9,14.598333333333333,51.8,61.25,4.0,2
La Pampa,2018,10,16.088709677419356,75.9,61.016129032258064,6.5,2
La Pampa,2018,11,19.513333333333335,99.15,61.46666666666667,6.0,2
La Pampa,2018,12,22.498387096774195,166.6,54.64516129032258,9.0,2
La Pampa,2019,1,23.256451612903227,142.15,66.16129032258064,7.5,2
La Pampa,2019,2,22.017857142857142,35.15,62.017857142857146,2.0,2
La Pampa,2019,3,18.32741935483871,36.45,70.04838709677419,5.0,2
La Pampa,2019,4,17.208333333333336,20.55,64.9,1.5,2
La Pampa,2019,5,12.019354838709678,50.75,74.79032258064515,4.5,2
La Pampa,2019,6,9.39,25.35,77.55,4.5,2
La Pampa,2019,7,7.658064516129032,0.0,69.7741935483871,0.0,2
La Pampa,2019,8,9.775806451612903,2.75,59.38709677419355,1.0,2
La Pampa,2019,9,13.008333333333333,8.5,53.35,1.5,2
La Pampa,2019,10,16.490322580645163,18.45,51.274193548387096,2.5,2
La Pampa,2019,11,22.078333333333333,89.80000000000001,51.083333333333336,6.5,2
La Pampa,2019,12,23.548387096774192,93.5,48.88709677419355,5.5,2
La Pampa,2020,1,23.73709677419355,175.35,61.08064516129032,6.0,2
La Pampa,2020,2,22.079310344827586,84.15,64.37931034482759,5.5,2
La Pampa,2020,3,21.887096774193548,186.15,72.82258064516128,8.0,2
La Pampa,2020,4,16.491666666666667,73.15,68.98333333333333,3.0,2
La Pampa,2020,5,12.256451612903225,1.5,69.69354838709677,0.5,2
La Pampa,2020,6,8.614999999999998,12.599999999999998,74.13333333333333,2.5,2
La Pampa,2020,7,7.119354838709677,18.2,73.87096774193549,2.5,2
La Pampa,2020,8,9.969354838709677,2.45,55.75806451612903,0.5,2
La Pampa,2020,9,13.884942528735632,82.0,53.79827586206896,4.5,2
La Pampa,2020,10,16.4741935483871,42.2,57.2741935483871,3.0,2
La Pampa,2020,11,22.03,60.5,54.06666666666666,7.0,2
La Pampa,2020,12,24.654838709677417,51.15,42.88709677419355,3.5,2
La Pampa,2021,1,23.91935483870968,155.45000000000002,57.74193548387097,8.5,2
La Pampa,2021,2,22.791071428571428,36.4,59.410714285714285,2.5,2
La Pampa,2021,3,20.230645161290326,130.5,70.62903225806451,7.5,2
La Pampa,2021,4,18.191666666666666,209.5,74.78333333333333,9.0,2
La Pampa,2021,5,11.88263440860215,44.099999999999994,69.28709677419354,4.0,2
La Pampa,2021,6,8.735,5.0,73.0,1.5,2
La Pampa,2021,7,8.687096774193549,0.0,58.64516129032258,0.0,2
La Pampa,2021,8,11.887096774193548,19.95,53.91935483870968,1.5,2
La Pampa,2021,9,13.426666666666666,93.55,72.13333333333333,7.0,2
La Pampa,2021,10,17.898387096774194,50.85,51.25806451612903,5.5,2
La Pampa,2021,11,19.148333333333333,102.2,62.333333333333336,6.5,2
La Pampa,2021,12,22.720967741935482,204.25,65.4516129032258,10.5,2
La Pampa,2022,1,24.23064516129032,84.55,60.306451612903224,6.5,2
La Pampa,2022,2,21.11607142857143,87.5,65.78571428571428,4.5,2
La Pampa,2022,3,18.219354838709677,82.05,63.983870967741936,5.0,2
La Pampa,2022,4,15.051666666666668,69.55,61.95,3.0,2
La Pampa,2022,5,10.033870967741937,0.45,68.41935483870968,0.0,2
La Pampa,2022,6,7.406666666666666,0.0,66.48333333333333,0.0,2
La Pampa,2022,7,8.35483870967742,19.75,65.74193548387098,2.0,2
La Pampa,2022,8,10.380645161290323,10.9,60.95161290322581,2.0,2
La Pampa,2022,9,13.548333333333334,38.05,51.666666666666664,2.5,2
La Pampa,2022,10,16.220967741935485,54.55,53.774193548387096,4.5,2
La Pampa,2022,11,21.953333333333333,117.55,53.983333333333334,8.0,2
La Pampa,2022,12,25.130645161290325,36.5,43.35483870967742,4.5,2
La Pampa,2023,1,25.245161290322578,142.5,55.677419354838705,8.0,2
La Pampa,2023,2,23.88214285714286,4.75,51.160714285714285,0.5,2
La Pampa,2023,3,22.10967741935484,48.5,67.7741935483871,6.0,2
La Pampa,2023,4,17.026666666666667,43.75,67.56666666666666,1.5,2
La Pampa,2023,5,12.967741935483872,25.5,72.09677419354838,2.5,2
La Pampa,2023,6,9.57,13.35,70.93333333333334,2.5,2
La Pampa,2023,7,8.325806451612904,32.5,75.08064516129032,3.5,2
La Pampa,2023,8,9.887096774193548,11.55,59.11290322580645,3.0,2
La Pampa,2023,9,12.475,5.6,55.5,2.0,2
La Pampa,2023,10,16.630645161290325,67.7,54.53225806451613,5.5,2
La Pampa,2023,11,20.266666666666666,97.2,47.900000000000006,6.5,2
La Pampa,2023,12,21.61774193548387,149.05,63.564516129032256,11.0,2
La Pampa,2024,1,24.856451612903225,38.2,57.03225806451613,4.0,2
La Pampa,2024,2,24.143103448275863,95.55,69.12068965517241,4.5,2
La Pampa,2024,3,20.935483870967744,128.0,67.59677419354838,6.0,2
La Pampa,2024,4,15.129999999999999,107.35,72.75,7.5,2
La Pampa,2024,5,8.26290322580645,3.4,73.37096774193549,1.0,2
La Pampa,2024,6,9.903333333333332,18.449999999999996,73.06666666666666,2.0,2
La Pampa,2024,7,6.761290322580645,0.0,60.87096774193549,0.0,2
La Pampa,2024,8,9.279032258064515,16.15,66.12903225806451,3.0,2
La Pampa,2024,9,15.026666666666667,9.2,47.68333333333334,2.0,2
La Pampa,2024,10,19.279032258064518,70.25,56.725806451612904,5.0,2
La Pampa,2024,11,20.505000000000003,82.4,58.06666666666667,9.5,2
La Pampa,2024,12,22.85483870967742,38.15,51.274193548387096,4.0,2
La Pampa,2025,1,26.587096774193547,107.6,51.54838709677419,6.5,2
La Pampa,2025,2,25.023214285714285,100.05000000000001,63.69642857142857,6.0,2
La Pampa,2025,3,19.91935483870968,216.3,75.69354838709677,10.0,2
La Pampa,2025,4,14.671666666666667,65.0,73.5,4.5,2
La Pampa,2025,5,13.690322580645162,14.5,72.82258064516128,2.5,2
La Pampa,2025,6,8.338333333333333,0.65,64.38333333333333,0.0,2
La Pampa,2025,7,9.169354838709678,1.9,72.75806451612902,0.5,2
La Pampa,2025,8,11.396774193548389,38.45,61.91935483870968,3.0,2
La Pampa,2025,9,14.783333333333333,79.55000000000001,62.13333333333333,4.0,2
La Pampa,2025,10,18.33064516129032,32.95,54.822580645161295,6.0,2
La Pampa,2025,11,21.523333333333333,65.95,54.8,6.5,2
La Pampa,2025,12,26.446774193548386,25.05,40.64516129032258,4.0,2
La Rioja,2018,1,26.739749103942653,85.10000000000001,61.2652329749104,6.0,3
La Rioja,2018,2,26.13333333333333,27.633333333333336,62.17857142857142,3.3333333333333335,3
La Rioja,2018,3,23.829390681003588,33.666666666666664,55.30215053763441,3.3333333333333335,3
La Rioja,2018,4,22.06302681992337,30.733333333333334,67.17662835249043,1.3333333333333333,3
La Rioja,2018,5,16.054301075268818,16.533333333333335,73.35268817204302,2.0,3
La Rioja,2018,6,9.596819923371648,0.3333333333333333,65.02260536398468,0.0,3
La Rioja,2018,7,8.866666666666667,13.200000000000001,67.23655913978494,3.0,3
La Rioja,2018,8,13.33921146953405,0.9333333333333332,46.1326164874552,0.3333333333333333,3
La Rioja,2018,9,20.683333333333334,13.200000000000001,55.15555555555556,1.6666666666666667,3
La Rioja,2018,10,21.305555555555557,20.63333333333333,57.7910394265233,3.3333333333333335,3
La Rioja,2018,11,25.473333333333333,48.63333333333333,56.13333333333333,3.0,3
La Rioja,2018,12,26.07985663082437,39.46666666666666,56.690681003584224,4.0,3
La Rioja,2019,1,26.561290322580646,116.7,64.66666666666667,6.666666666666667,3
La Rioja,2019,2,25.991666666666664,23.066666666666666,61.3205467372134,2.3333333333333335,3
La Rioja,2019,3,21.22688172043011,129.26666666666668,73.88172043010752,6.0,3
La Rioja,2019,4,19.540000000000003,48.166666666666664,74.6111111111111,4.0,3
La Rioja,2019,5,14.723655913978495,8.166666666666666,75.0752688172043,2.3333333333333335,3
La Rioja,2019,6,11.21111111111111,0.0,69.16666666666667,0.0,3
La Rioja,2019,7,11.180143369175626,0.6666666666666666,65.49569892473117,0.3333333333333333,3
La Rioja,2019,8,14.040322580645162,0.0,46.699999999999996,0.0,3
La Rioja,2019,9,18.346302681992338,5.666666666666667,40.99682539682539,0.6666666666666666,3
La Rioja,2019,10,22.166666666666668,45.0,49.0,2.3333333333333335,3
La Rioja,2019,11,26.874444444444446,35.0,51.800000000000004,2.6666666666666665,3
La Rioja,2019,12,27.53899641577061,63.1,46.77813620071685,5.0,3
La Rioja,2020,1,28.756989247311825,47.583333333333336,51.9247311827957,3.3777777777777778,3
La Rioja,2020,2,25.8942118226601,73.86666666666666,60.438013136288994,4.333333333333333,3
La Rioja,2020,3,26.22258064516129,21.666666666666668,58.096774193548384,2.3333333333333335,3
La Rioja,2020,4,20.832222222222224,2.766666666666667,60.46666666666667,1.0,3
La Rioja,2020,5,15.366666666666667,1.3333333333333333,58.92473118279569,0.6666666666666666,3
La Rioja,2020,6,11.62390804597701,0.19999999999999998,61.61340996168582,0.0,3
La Rioja,2020,7,9.876344086021506,0.0,57.935483870967744,0.0,3
La Rioja,2020,8,14.27956989247312,0.0,41.935483870967744,0.0,3
La Rioja,2020,9,19.76345679012346,0.0,40.55925925925926,0.0,3
La Rioja,2020,10,23.233333333333334,1.1333333333333333,40.29032258064516,0.3333333333333333,3
La Rioja,2020,11,25.683333333333337,21.666666666666668,47.48888888888889,3.0,3
La Rioja,2020,12,27.598924731182795,61.5,46.01075268817204,4.0,3
La Rioja,2021,1,26.748387096774195,75.63333333333334,55.40860215053763,5.0,3
La Rioja,2021,2,24.729761904761904,89.89999999999999,62.69047619047618,6.666666666666667,3
La Rioja,2021,3,22.39462365591398,95.23333333333335,68.19354838709677,5.0,3
La Rioja,2021,4,21.468333333333334,16.35,66.66666666666667,1.5,2
La Rioja,2021,5,14.407526881720429,14.1,67.88172043010752,1.3333333333333333,3
La Rioja,2021,6,10.733984674329504,8.2,70.26130268199233,1.0,3
La Rioja,2021,7,11.473655913978495,0.0,51.11827956989247,0.0,3
La Rioja,2021,8,15.136559139784948,0.0,39.096774193548384,0.0,3
La Rioja,2021,9,19.96,4.266666666666667,41.43333333333333,0.6666666666666666,3
La Rioja,2021,10,23.30645161290322,13.333333333333334,32.95698924731183,1.3333333333333333,3
La Rioja,2021,11,25.03888888888889,10.966666666666667,44.18888888888889,1.6666666666666667,3
La Rioja,2021,12,27.852831541218638,58.0,52.00716845878136,7.0,3
La Rioja,2022,1,29.44408602150538,119.13333333333333,48.634408602150536,5.333333333333333,3
La Rioja,2022,2,25.020238095238096,83.83333333333333,63.035714285714285,5.333333333333333,3
La Rioja,2022,3,22.636559139784946,28.26666666666667,59.86021505376345,2.3333333333333335,3
La Rioja,2022,4,19.72888888888889,9.266666666666667,59.62222222222223,0.3333333333333333,3
La Rioja,2022,5,14.232903225806453,1.9000000000000001,62.63584229390681,0.6666666666666666,3
La Rioja,2022,6,10.181111111111113,0.03333333333333333,62.800000000000004,0.0,3
La Rioja,2022,7,12.295197132616488,0.0,56.5010752688172,0.0,3
La Rioja,2022,8,14.083870967741936,1.0,46.16129032258065,0.3333333333333333,3
La Rioja,2022,9,17.03295019157088,27.600000000000005,39.605747126436775,2.0,3
La Rioja,2022,10,21.68709677419355,0.6,37.913978494623656,0.0,3
La Rioja,2022,11,27.24777777777778,33.5,34.233333333333334,2.3333333333333335,3
La Rioja,2022,12,28.195698924731186,83.53333333333335,45.68817204301075,7.333333333333333,3
La Rioja,2023,1,28.79032258064516,84.25,50.08064516129032,6.5,2
La Rioja,2023,2,27.53035714285714,56.5,52.10714285714286,4.5,2
La Rioja,2023,3,27.412329749103943,38.43333333333334,58.62329749103943,3.6666666666666665,3
La Rioja,2023,4,20.11,30.333333333333332,68.37777777777778,3.3333333333333335,3
La Rioja,2023,5,16.651612903225807,7.5,68.45161290322581,1.6666666666666667,3
La Rioja,2023,6,12.874444444444444,0.16666666666666666,68.52222222222223,0.0,3
La Rioja,2023,7,12.562451612903226,5.3,67.44430107526881,1.0,3
La Rioja,2023,8,16.440860215053764,0.0,46.30107526881721,0.0,3
La Rioja,2023,9,19.38111111111111,0.0,42.21111111111111,0.0,3
La Rioja,2023,10,22.963440860215055,6.866666666666667,43.23655913978495,2.0,3
La Rioja,2023,11,26.37,13.200000000000001,43.43333333333334,1.3333333333333333,3
La Rioja,2023,12,27.554838709677416,56.53333333333333,54.5483870967742,4.666666666666667,3
La Rioja,2024,1,29.259677419354837,13.85,51.88709677419355,2.5,2
La Rioja,2024,2,28.8,58.0,61.10344827586207,3.0,1
La Rioja,2024,3,27.191397849462366,32.46666666666666,61.97849462365591,2.6666666666666665,3
La Rioja,2024,4,19.533333333333335,25.0,70.93333333333334,4.0,3
La Rioja,2024,5,11.520430107526883,0.9333333333333332,65.94623655913979,0.3333333333333333,3
La Rioja,2024,6,13.209693486590039,0.09999999999999999,63.83563218390805,0.0,3
La Rioja,2024,7,9.787096774193548,0.0,52.98924731182796,0.0,3
La Rioja,2024,8,13.152688172043009,3.1333333333333333,48.645161290322584,1.0,3
La Rioja,2024,9,21.881666666666668,0.0,33.45,0.0,2
La Rioja,2024,10,23.8,91.93888888888888,55.096774193548384,4.022222222222222,2
La Rioja,2024,11,26.273333333333333,15.666666666666666,53.93333333333333,3.3333333333333335,2
La Rioja,2024,12,27.81258064516129,57.47948717948717,43.21774193548387,2.7307692307692313,2
La Rioja,2025,1,29.288709677419355,98.65,51.12903225806451,7.0,2
La Rioja,2025,2,31.182142857142857,66.80000000000001,53.2255291005291,4.0,2
La Rioja,2025,3,23.39354838709677,67.10740740740742,70.95161290322581,6.049382716049383,2
La Rioja,2025,4,18.919999999999998,6.4071428571428575,68.06666666666666,1.6666666666666667,2
La Rioja,2025,5,17.016129032258064,4.733333333333333,71.17741935483872,1.0,2
La Rioja,2025,6,10.681666666666668,0.0,63.483333333333334,0.0,2
La Rioja,2025,7,11.766129032258064,3.8666666666666667,66.29032258064515,1.3333333333333333,2
La Rioja,2025,8,14.94032258064516,14.766666666666666,46.61290322580645,1.0,2
La Rioja,2025,9,19.838333333333335,2.6,45.78333333333333,1.0,2
La Rioja,2025,10,23.385483870967743,6.102298850574712,39.33870967741935,1.689655172413793,2
La Rioja,2025,11,26.641666666666666,10.666666666666666,40.38333333333333,2.0,2
La Rioja,2025,12,27.283870967741933,95.31149425287356,55.45161290322581,5.735632183908046,2
Mendoza,2018,1,24.13032258064516,32.94,46.76774193548387,3.6,5
Mendoza,2018,2,23.33142857142857,40.08,52.67857142857142,4.2,5
Mendoza,2018,3,19.416774193548388,2.7399999999999998,44.12258064516129,0.6,5
Mendoza,2018,4,16.666666666666664,8.2,59.79333333333333,0.4,5
Mendoza,2018,5,11.456774193548387,20.619999999999997,69.23870967741935,3.2,5
Mendoza,2018,6,6.570666666666666,3.38,61.32666666666667,1.0,5
Mendoza,2018,7,5.2141935483870965,8.0,66.0516129032258,1.4,5
Mendoza,2018,8,9.09290322580645,1.7799999999999998,46.80645161290323,0.2,5
Mendoza,2018,9,14.632,5.48,51.94666666666667,1.0,5
Mendoza,2018,10,16.09935483870968,25.880000000000003,52.43225806451612,4.0,5
Mendoza,2018,11,20.105333333333334,27.939999999999998,49.34666666666667,4.2,5
Mendoza,2018,12,22.376774193548385,28.72,45.29677419354839,3.2,5
Mendoza,2019,1,23.841290322580644,40.839999999999996,50.83870967741935,4.2,5
Mendoza,2019,2,22.964999999999996,17.3,51.76428571428571,2.4,5
Mendoza,2019,3,17.921935483870968,36.86,59.748387096774195,4.6,5
Mendoza,2019,4,16.538,15.7,59.5,2.0,5
Mendoza,2019,5,10.676129032258064,27.880000000000003,69.19354838709677,2.4,5
Mendoza,2019,6,7.714666666666666,7.26,61.833333333333336,1.2,5
Mendoza,2019,7,7.3025806451612905,0.04,58.180645161290315,0.0,5
Mendoza,2019,8,9.407096774193548,1.6600000000000001,48.36129032258064,0.4,5
Mendoza,2019,9,12.715333333333334,5.92,42.86,1.0,5
Mendoza,2019,10,16.227096774193548,7.18,42.31612903225806,1.0,5
Mendoza,2019,11,22.208666666666666,26.32,44.64666666666667,4.0,5
Mendoza,2019,12,24.12903225806452,6.720000000000001,37.6,0.8,5
Mendoza,2020,1,25.509032258064515,31.04,46.14193548387097,3.2,5
Mendoza,2020,2,22.691724137931036,42.94,52.22758620689655,4.2,5
Mendoza,2020,3,22.585806451612903,22.18,52.92903225806451,1.8,5
Mendoza,2020,4,15.964666666666668,10.48,61.25333333333333,1.4,5
Mendoza,2020,5,11.574838709677419,4.86,57.832258064516125,1.0,5
Mendoza,2020,6,7.018666666666666,15.959999999999999,63.50666666666666,1.6,5
Mendoza,2020,7,6.263225806451613,25.619999999999997,66.07096774193549,3.2,5
Mendoza,2020,8,8.967096774193548,2.34,43.52903225806452,0.6,5
Mendoza,2020,9,13.844,1.42,38.88,0.2,5
Mendoza,2020,10,16.98774193548387,6.82,42.038709677419355,1.0,5
Mendoza,2020,11,21.374666666666666,62.08,45.29333333333334,4.8,5
Mendoza,2020,12,23.5258064516129,36.0,38.6258064516129,2.2,5
Mendoza,2021,1,23.009032258064515,69.5,49.148387096774194,6.0,5
Mendoza,2021,2,21.06214285714286,83.1,62.457142857142856,7.6,5
Mendoza,2021,3,19.14774193548387,39.42,65.09677419354838,4.2,5
Mendoza,2021,4,16.558666666666667,27.880000000000003,69.69333333333334,2.0,5
Mendoza,2021,5,10.892903225806451,17.4,67.76129032258065,2.0,5
Mendoza,2021,6,6.903333333333333,6.540000000000001,68.73333333333332,1.4,5
Mendoza,2021,7,7.25741935483871,0.0,52.23225806451613,0.0,5
Mendoza,2021,8,10.234193548387097,5.6,46.4,0.8,5
Mendoza,2021,9,13.851333333333335,17.36,48.74666666666666,1.8,5
Mendoza,2021,10,17.271612903225808,7.640000000000001,40.593548387096774,1.8,5
Mendoza,2021,11,20.168,32.56,48.21333333333333,4.2,5
Mendoza,2021,12,22.871612903225806,54.720000000000006,58.39354838709677,5.2,5
Mendoza,2022,1,24.919999999999998,33.44,49.74193548387096,2.6,5
Mendoza,2022,2,21.606428571428573,54.6,54.94285714285714,5.4,5
Mendoza,2022,3,19.12129032258064,2.9,49.07096774193549,0.8,5
Mendoza,2022,4,14.878666666666666,5.9799999999999995,53.266666666666666,0.4,5
Mendoza,2022,5,9.95741935483871,1.34,58.825806451612905,0.6,5
Mendoza,2022,6,6.465999999999999,5.58,60.739999999999995,1.0,5
Mendoza,2022,7,7.397419354838709,10.120000000000001,59.225806451612904,1.8,5
Mendoza,2022,8,9.490967741935483,4.96,51.348387096774196,1.0,5
Mendoza,2022,9,12.642,3.78,42.06,1.0,5
Mendoza,2022,10,16.50451612903226,29.76,40.9741935483871,2.8,5
Mendoza,2022,11,22.308,21.02,40.86,3.4,5
Mendoza,2022,12,24.546451612903226,37.46,39.16129032258065,3.2,5
Mendoza,2023,1,24.968387096774194,30.759999999999998,47.00645161290323,3.8,5
Mendoza,2023,2,23.90642857142857,4.0,41.607142857142854,1.2,5
Mendoza,2023,3,21.981290322580644,37.480000000000004,61.83225806451613,2.8,5
Mendoza,2023,4,16.434,10.76,61.29333333333334,0.8,5
Mendoza,2023,5,12.26774193548387,5.5600000000000005,60.8,0.2,5
Mendoza,2023,6,8.524000000000001,6.8199999999999985,62.65333333333333,0.8,5
Mendoza,2023,7,8.269032258064517,4.84,61.535483870967745,1.0,5
Mendoza,2023,8,10.450967741935482,31.04,50.86451612903225,0.8,5
Mendoza,2023,9,12.715333333333334,7.26,48.54,1.6,5
Mendoza,2023,10,16.95032258064516,14.180000000000001,40.66451612903226,2.6,5
Mendoza,2023,11,20.36,13.7,36.89333333333333,1.6,5
Mendoza,2023,12,23.501935483870966,22.740000000000002,42.91612903225806,2.2,5
Mendoza,2024,1,26.093548387096774,29.139999999999997,44.561290322580646,3.8,5
Mendoza,2024,2,25.262758620689656,41.3,53.71724137931035,4.4,5
Mendoza,2024,3,22.321290322580644,11.680000000000001,53.58064516129032,1.2,5
Mendoza,2024,4,15.160781609195402,25.16,61.44367816091953,2.0,5
Mendoza,2024,5,7.592258064516129,18.8,68.41935483870967,3.0,5
Mendoza,2024,6,8.787333333333333,3.4200000000000004,61.373333333333335,1.2,5
Mendoza,2024,7,6.227096774193549,1.26,49.09032258064516,0.2,5
Mendoza,2024,8,8.666451612903225,20.0,56.483870967741936,2.4,5
Mendoza,2024,9,15.434666666666667,0.0,34.28,0.0,5
Mendoza,2024,10,18.646451612903228,82.72,50.41290322580645,4.6,5
Mendoza,2024,11,21.596666666666668,2.7800000000000002,41.986666666666665,0.8,5
Mendoza,2024,12,23.907096774193548,11.34,37.251612903225805,2.2,5
Mendoza,2025,1,26.232258064516127,52.5,46.458064516129035,4.8,5
Mendoza,2025,2,26.372142857142855,15.940000000000001,44.62142857142857,2.2,5
Mendoza,2025,3,19.618709677419353,30.860000000000003,62.03225806451612,4.0,5
Mendoza,2025,4,14.52,3.84,61.61333333333333,0.8,5
Mendoza,2025,5,12.315483870967743,10.440000000000001,59.91612903225807,0.8,5
Mendoza,2025,6,7.388,1.8199999999999998,58.12298850574713,0.4,5
Mendoza,2025,7,7.627612903225805,5.819999999999999,61.48494623655914,0.8,5
Mendoza,2025,8,10.50832258064516,75.96000000000001,55.43333333333334,3.6,5
Mendoza,2025,9,14.344666666666665,3.08,48.38,0.4,5
Mendoza,2025,10,17.79935483870968,2.7800000000000002,40.019354838709674,0.8,5
Mendoza,2025,11,21.513333333333332,37.94,43.93333333333333,3.6,5
Mendoza,2025,12,24.380645161290325,15.52,40.68387096774194,3.0,5
Misiones,2018,1,24.733870967741936,343.25,79.73387096774194,14.5,4
Misiones,2018,2,24.973214285714285,112.15,71.96428571428572,7.0,4
Misiones,2018,3,23.904808841099165,329.8991379310345,79.42712066905615,12.206896551724139,4
Misiones,2018,4,24.054166666666667,7.561111111111111,72.83166666666666,0.7777777777777778,4
Misiones,2018,5,19.682048984468338,116.07413793103449,74.92712066905615,6.637931034482758,4
Misiones,2018,6,14.880448717948719,77.10384615384615,80.24743589743589,7.519230769230769,4
Misiones,2018,7,16.664516129032258,23.166666666666668,77.10752688172043,3.0,3
Misiones,2018,8,15.74411589008363,88.49444444444444,71.41995221027479,5.935185185185185,4
Misiones,2018,9,20.313666666666666,190.28653846153847,74.21000000000001,10.423076923076923,4
Misiones,2018,10,21.227481389578163,386.06,79.33281637717121,13.85,4
Misiones,2018,11,24.380185185185184,227.35,71.725,10.027777777777779,4
Misiones,2018,12,25.688368486352356,128.83928571428572,67.2605459057072,6.4642857142857135,4
Misiones,2019,1,26.66021505376344,116.03333333333335,75.55913978494624,8.666666666666666,3
Misiones,2019,2,24.988988095238096,178.5,74.52827380952381,9.4,4
Misiones,2019,3,23.305334987593053,297.85462962962964,77.97735732009926,9.546296296296296,4
Misiones,2019,4,22.150320512820514,262.10535714285714,83.8852564102564,9.678571428571429,4
Misiones,2019,5,19.224253285543607,330.09464285714284,88.69145758661888,14.375,4
Misiones,2019,6,19.321833333333334,30.9,76.50333333333333,2.65,4
Misiones,2019,7,15.276493428912783,92.91574074074074,77.10513739545998,7.046296296296296,4
Misiones,2019,8,17.653032258064513,40.43333333333333,68.42967741935485,5.0,4
Misiones,2019,9,20.977833333333333,31.25,65.00666666666666,2.6,4
Misiones,2019,10,23.79722222222222,173.5675925925926,70.66756272401433,11.694444444444445,4
Misiones,2019,11,25.15076923076923,223.36923076923077,73.29666666666667,7.730769230769231,4
Misiones,2019,12,25.195905707196033,154.3324074074074,70.54993796526054,7.435185185185185,4
Misiones,2020,1,25.78129652605459,291.1287037037037,77.01023573200993,11.62037037037037,4
Misiones,2020,2,24.987356321839084,149.9,71.77011494252874,6.0,3
Misiones,2020,3,25.79295905707196,67.13660714285714,66.59150124069478,4.107142857142857,4
Misiones,2020,4,20.94371794871795,81.98392857142858,68.72179487179487,4.357142857142857,4
Misiones,2020,5,17.30549007444169,173.41160714285715,76.06482630272953,8.410714285714285,4
Misiones,2020,6,18.006346153846156,177.63571428571427,80.34358974358975,10.696428571428571,4
Misiones,2020,7,16.06257467144564,136.0074074074074,76.0594384707288,4.685185185185185,4
Misiones,2020,8,19.154125310173697,123.58365384615384,66.6817617866005,4.394230769230769,4
Misiones,2020,9,22.0475,23.264285714285712,67.95833333333333,2.821428571428571,4
Misiones,2020,10,24.476911589008363,51.22314814814815,63.5200119474313,4.898148148148148,4
Misiones,2020,11,25.168833333333332,86.9094827586207,58.55333333333333,7.801724137931035,4
Misiones,2020,12,25.95152329749104,193.43448275862067,67.95101553166069,7.603448275862069,4
Misiones,2021,1,25.05973945409429,397.38189655172414,79.82723325062035,17.025862068965516,4
Misiones,2021,2,25.03858695652174,29.35,69.33773291925465,3.583333333333333,4
Misiones,2021,3,24.455913978494625,143.5666666666667,72.3010752688172,8.0,3
Misiones,2021,4,21.671153846153846,39.41666666666667,72.51794871794871,3.583333333333333,4
Misiones,2021,5,17.727956989247314,73.2,74.0752688172043,4.0,3
Misiones,2021,6,15.542820512820512,150.45892857142857,83.98653846153846,11.428571428571429,4
Misiones,2021,7,15.491965352449222,49.74038461538461,68.31869772998806,2.0961538461538463,4
Misiones,2021,8,19.461259305210916,55.637962962962966,68.95564516129032,4.398148148148148,4
Misiones,2021,9,21.716153846153844,144.17222222222222,73.23141025641026,11.083333333333332,4
Misiones,2021,10,21.280272952853597,251.21964285714284,75.78691066997519,12.794642857142858,4
Misiones,2021,11,24.618846153846153,136.26538461538462,68.57884615384614,6.269230769230769,4
Misiones,2021,12,27.259709677419355,17.37,57.60967741935484,1.81,4
Misiones,2022,1,27.817204301075268,116.73333333333333,62.11827956989248,5.333333333333333,3
Misiones,2022,2,26.87899844720497,168.67916666666667,62.203804347826086,7.083333333333333,4
Misiones,2022,3,23.404993796526053,333.30740740740737,78.60638957816377,9.50925925925926,4
Misiones,2022,4,20.75777777777778,370.0875,81.46666666666667,11.0,3
Misiones,2022,5,15.825193548387098,221.26481481481483,84.62387096774194,9.25925925925926,4
Misiones,2022,6,14.987820512820512,100.21153846153845,85.1198717948718,6.1923076923076925,4
Misiones,2022,7,19.45268817204301,68.1826923076923,71.87096774193549,6.1923076923076925,3
Misiones,2022,8,17.06616004962779,159.56296296296296,75.26643920595534,6.935185185185185,4
Misiones,2022,9,17.506166666666665,143.97884615384615,76.4875,9.192307692307692,4
Misiones,2022,10,20.268612903225808,318.48269230769233,76.58870967741936,12.182692307692307,4
Misiones,2022,11,22.3,89.93333333333334,59.855555555555554,3.6666666666666665,3
Misiones,2022,12,26.33888888888889,74.2,65.7751240694789,4.898148148148148,4
Misiones,2023,1,26.416066997518612,137.71826923076924,68.86786600496278,7.644230769230769,4
Misiones,2023,2,24.485714285714284,155.79999999999998,73.21428571428571,8.333333333333334,3
Misiones,2023,3,25.549627791563275,135.3576923076923,76.41193548387098,8.740384615384615,4
Misiones,2023,4,21.076166666666666,138.275,77.63166666666666,6.85,4
Misiones,2023,5,19.273596176821982,158.7175925925926,80.52777777777777,6.972222222222222,4
Misiones,2023,6,17.522820512820513,73.50576923076923,80.88141025641025,5.403846153846154,4
Misiones,2023,7,17.961577060931898,88.16666666666667,79.97275985663083,7.0,3
Misiones,2023,8,19.997670250896057,142.91296296296298,72.6347072879331,7.296296296296296,4
Misiones,2023,9,22.156041666666667,316.25,75.47777777777777,10.125,4
Misiones,2023,10,21.5325682382134,519.062037037037,81.80483870967743,13.907407407407408,4
Misiones,2023,11,23.852916666666665,415.7576923076923,78.75625,13.576923076923077,4
Misiones,2023,12,25.834064516129033,250.70576923076925,77.26193548387097,13.028846153846153,4
Misiones,2024,1,25.8752688172043,129.70000000000002,72.43010752688173,7.666666666666667,3
Misiones,2024,2,26.827262931034483,184.77499999999998,74.6900299850075,12.36,4
Misiones,2024,3,25.60430107526882,134.30384615384617,77.0752688172043,7.586538461538462,3
Misiones,2024,4,23.49777777777778,300.6923076923077,83.0111111111111,10.807692307692308,3
Misiones,2024,5,17.94643300248139,288.95185185185187,85.71029776674938,11.907407407407408,4
Misiones,2024,6,19.52111111111111,158.825,76.13333333333334,7.05,3
Misiones,2024,7,15.49247311827957,89.355,82.02150537634408,5.31,3
Misiones,2024,8,18.103411910669976,113.95961538461538,74.75496277915633,4.6923076923076925,4
Misiones,2024,9,22.02888888888889,119.89038461538462,72.72222222222221,5.9423076923076925,3
Misiones,2024,10,23.09967741935484,145.9037037037037,77.52548387096775,9.87037037037037,4
Misiones,2024,11,24.8495,158.375,77.76666666666667,8.35,4
Misiones,2024,12,24.19425806451613,255.81153846153848,75.33193548387096,8.634615384615385,4
Misiones,2025,1,26.262365591397852,126.8,69.78494623655915,8.0,3
Misiones,2025,2,27.101190476190478,115.53333333333335,75.27380952380952,9.666666666666666,3
Misiones,2025,3,25.655677419354838,104.96923076923078,73.43451612903226,4.894230769230769,4
Misiones,2025,4,20.7265,73.23076923076923,81.33,5.826923076923077,4
Misiones,2025,5,19.250341191066997,192.03846153846155,81.73976426799007,8.634615384615385,4
Misiones,2025,6,14.722222222222221,248.14999999999998,87.14444444444445,10.192307692307692,3
Misiones,2025,7,15.832198327359617,76.93240740740741,79.51881720430107,4.361111111111111,4
Misiones,2025,8,17.001075268817203,109.80384615384615,76.8494623655914,8.086538461538462,3
Misiones,2025,9,20.046666666666667,219.75,72.85555555555555,10.15,3
Misiones,2025,10,20.72043010752688,263.64629629629627,74.04301075268818,8.935185185185185,3
Misiones,2025,11,23.401297619047618,150.325,73.08059523809524,6.95,4
Misiones,2025,12,24.563440860215053,297.36538461538464,76.91397849462366,15.125,3
Neuquén,2018,1,24.95483870967742,9.0,42.03225806451613,1.0,1
Neuquén,2018,2,23.939285714285713,23.6,47.714285714285715,3.0,1
Neuquén,2018,3,18.40967741935484,3.0,47.70967741935484,1.0,1
Neuquén,2018,4,15.020000000000001,0.0,57.0,0.0,1
Neuquén,2018,5,10.40967741935484,25.0,72.96774193548387,4.0,1
Neuquén,2018,6,6.55,14.0,69.03333333333333,2.0,1
Neuquén,2018,7,6.196774193548387,65.1,73.2258064516129,5.0,1
Neuquén,2018,8,8.748387096774193,0.8,56.645161290322584,0.0,1
Neuquén,2018,9,12.873333333333333,47.0,49.96666666666667,3.0,1
Neuquén,2018,10,14.47741935483871,38.7,52.25806451612903,4.0,1
Neuquén,2018,11,19.3,46.3,44.733333333333334,5.0,1
Neuquén,2018,12,22.40967741935484,13.0,37.96774193548387,2.0,1
Neuquén,2019,1,23.52258064516129,0.0,34.806451612903224,0.0,1
Neuquén,2019,2,23.3,7.700000000000001,41.035714285714285,1.0,1
Neuquén,2019,3,18.612903225806452,0.0,49.25806451612903,0.0,1
Neuquén,2019,4,15.836666666666668,9.0,60.1,2.0,1
Neuquén,2019,5,10.535483870967743,18.4,70.90322580645162,2.0,1
Neuquén,2019,6,8.08,18.7,71.9,4.0,1
Neuquén,2019,7,7.061290322580645,7.2,67.41935483870968,1.0,1
Neuquén,2019,8,8.529032258064515,8.8,59.935483870967744,2.0,1
Neuquén,2019,9,11.56,11.0,48.8,4.0,1
Neuquén,2019,10,15.158064516129032,12.2,44.38709677419355,2.0,1
Neuquén,2019,11,20.023333333333333,19.0,36.266666666666666,1.0,1
Neuquén,2019,12,23.36774193548387,0.0,32.38709677419355,0.0,1
Neuquén,2020,1,24.932258064516127,12.0,37.064516129032256,2.0,1
Neuquén,2020,2,22.28620689655172,5.0,42.93103448275862,1.0,1
Neuquén,2020,3,21.741935483870968,4.0,50.29032258064516,1.0,1
Neuquén,2020,4,15.379999999999999,1.0,60.0,0.0,1
Neuquén,2020,5,10.72258064516129,60.0,65.51612903225806,3.0,1
Neuquén,2020,6,6.366666666666666,19.6,72.63333333333334,3.0,1
Neuquén,2020,7,5.864516129032259,93.1,74.83870967741936,5.0,1
Neuquén,2020,8,9.025806451612903,0.0,54.0,0.0,1
Neuquén,2020,9,12.5,5.0,47.666666666666664,2.0,1
Neuquén,2020,10,16.048387096774192,9.0,45.16129032258065,2.0,1
Neuquén,2020,11,21.34333333333333,13.0,43.46666666666667,2.0,1
Neuquén,2020,12,22.948387096774194,9.7,37.03225806451613,3.0,1
Neuquén,2021,1,23.82903225806452,6.1,44.096774193548384,2.0,1
Neuquén,2021,2,22.678571428571427,0.0,48.392857142857146,0.0,1
Neuquén,2021,3,19.648387096774194,3.0,56.903225806451616,1.0,1
Neuquén,2021,4,16.766666666666666,81.3,69.16666666666667,3.0,1
Neuquén,2021,5,10.290322580645162,7.0,72.06451612903226,2.0,1
Neuquén,2021,6,7.180000000000001,9.0,69.86666666666666,2.0,1
Neuquén,2021,7,6.458064516129032,0.0,65.06451612903226,0.0,1
Neuquén,2021,8,8.741935483870968,8.5,61.03225806451613,2.0,1
Neuquén,2021,9,13.993333333333334,3.0,51.766666666666666,1.0,1
Neuquén,2021,10,17.16774193548387,5.3,42.193548387096776,1.0,1
Neuquén,2021,11,20.666666666666668,8.0,42.93333333333333,1.0,1
Neuquén,2021,12,23.5258064516129,27.5,42.54838709677419,6.0,1
Neuquén,2022,1,24.351612903225806,18.1,41.45161290322581,3.0,1
Neuquén,2022,2,22.439285714285713,78.0,45.535714285714285,3.0,1
Neuquén,2022,3,17.93548387096774,0.0,50.774193548387096,0.0,1
Neuquén,2022,4,13.639999999999999,12.7,58.53333333333333,1.0,1
Neuquén,2022,5,7.367741935483871,0.8,68.48387096774194,0.0,1
Neuquén,2022,6,5.883333333333334,14.7,72.03333333333333,3.0,1
Neuquén,2022,7,6.699999999999999,7.6,67.80645161290323,1.0,1
Neuquén,2022,8,8.096774193548388,28.400000000000002,64.38709677419355,4.0,1
Neuquén,2022,9,12.396666666666667,0.0,48.5,0.0,1
Neuquén,2022,10,15.64516129032258,7.7,43.12903225806452,2.0,1
Neuquén,2022,11,22.826666666666664,29.0,39.53333333333333,3.0,1
Neuquén,2022,12,24.76774193548387,5.0,32.74193548387097,1.0,1
Neuquén,2023,1,25.796774193548387,0.0,37.70967741935484,0.0,1
Neuquén,2023,2,23.764285714285712,0.0,40.32142857142857,0.0,1
Neuquén,2023,3,20.809677419354838,0.0,50.16129032258065,0.0,1
Neuquén,2023,4,15.263333333333332,1.8,61.93333333333333,1.0,1
Neuquén,2023,5,10.212903225806452,0.9,65.06451612903226,0.0,1
Neuquén,2023,6,7.673333333333333,53.8,73.53333333333333,5.0,1
Neuquén,2023,7,7.077419354838709,13.2,72.61290322580645,3.0,1
Neuquén,2023,8,8.764516129032257,34.9,59.54838709677419,3.0,1
Neuquén,2023,9,11.53,12.5,53.56666666666667,3.0,1
Neuquén,2023,10,15.219354838709679,19.0,45.806451612903224,2.0,1
Neuquén,2023,11,18.416666666666668,20.6,41.2,1.0,1
Neuquén,2023,12,23.041935483870965,6.5,35.74193548387097,2.0,1
Neuquén,2024,1,26.467741935483872,5.0,35.70967741935484,2.0,1
Neuquén,2024,2,24.70344827586207,46.5,45.0,3.0,1
Neuquén,2024,3,19.5,0.0,46.225806451612904,0.0,1
Neuquén,2024,4,13.56,11.5,58.8,3.0,1
Neuquén,2024,5,7.032258064516129,23.9,71.58064516129032,4.0,1
Neuquén,2024,6,7.87,6.699999999999999,70.83333333333333,3.0,1
Neuquén,2024,7,4.929032258064517,0.0,62.83870967741935,0.0,1
Neuquén,2024,8,8.129032258064516,16.0,61.25806451612903,3.0,1
Neuquén,2024,9,13.226666666666667,4.9,41.333333333333336,2.0,1
Neuquén,2024,10,18.612903225806452,0.4,39.483870967741936,0.0,1
Neuquén,2024,11,20.416666666666668,0.0,34.63333333333333,0.0,1
Neuquén,2024,12,23.219354838709677,0.8,33.903225806451616,0.0,1
Neuquén,2025,1,27.35483870967742,0.5,31.774193548387096,0.0,1
Neuquén,2025,2,24.678571428571427,0.2,39.714285714285715,0.0,1
Neuquén,2025,3,19.374193548387098,10.5,55.16129032258065,3.0,1
Neuquén,2025,4,14.013333333333332,10.299999999999999,61.6,2.0,1
Neuquén,2025,5,10.541935483870969,3.0,61.54838709677419,1.0,1
Neuquén,2025,6,6.696666666666667,2.0,60.666666666666664,0.0,1
Neuquén,2025,7,5.706451612903226,20.0,71.2258064516129,3.0,1
Neuquén,2025,8,10.458064516129031,13.0,57.70967741935484,2.0,1
Neuquén,2025,9,13.196666666666665,0.7,48.3,0.0,1
Neuquén,2025,10,17.4741935483871,0.1,35.41935483870968,0.0,1
Neuquén,2025,11,21.376666666666665,44.3,42.3,4.0,1
Neuquén,2025,12,24.532258064516128,0.0,33.67741935483871,0.0,1
Río Negro,2018,1,20.480860215053763,26.18,45.575913978494626,3.0,5
Río Negro,2018,2,20.696428571428573,10.940000000000001,49.035714285714285,1.8,5
Río Negro,2018,3,15.419354838709676,38.980000000000004,55.07096774193549,6.2,5
Río Negro,2018,4,11.974,45.260000000000005,60.78666666666667,3.8,5
Río Negro,2018,5,8.183225806451613,47.92,75.14193548387097,5.4,5
Río Negro,2018,6,4.505999999999999,84.0,72.47333333333333,8.0,5
Río Negro,2018,7,3.415483870967742,68.8,77.50193548387097,5.6,5
Río Negro,2018,8,6.334193548387097,33.9,65.31612903225806,3.0,5
Río Negro,2018,9,8.82,66.88,63.14666666666667,7.6,5
Río Negro,2018,10,10.992903225806451,43.660000000000004,61.438709677419354,6.0,5
Río Negro,2018,11,14.759333333333334,56.17999999999999,55.70666666666666,6.0,5
Río Negro,2018,12,18.389032258064514,22.16,48.81290322580645,2.0,5
Río Negro,2019,1,18.89483870967742,10.24,45.6,1.2,5
Río Negro,2019,2,19.304285714285715,3.62,46.26428571428572,0.6,5
Río Negro,2019,3,15.269032258064517,25.380000000000003,57.45806451612903,2.4,5
Río Negro,2019,4,12.605333333333334,20.14,60.60666666666666,2.6,5
Río Negro,2019,5,7.750967741935483,60.42,72.94193548387098,5.2,5
Río Negro,2019,6,6.384,110.9,75.92666666666666,8.4,5
Río Negro,2019,7,4.459354838709677,74.58,74.09032258064516,6.6,5
Río Negro,2019,8,5.731612903225806,46.72,69.39720430107528,5.0,5
Río Negro,2019,9,8.192666666666668,18.1,59.833333333333336,2.8,5
Río Negro,2019,10,11.376774193548387,25.4,54.63870967741936,4.0,5
Río Negro,2019,11,15.652666666666667,22.54,49.39333333333333,3.0,5
Río Negro,2019,12,18.305806451612902,15.34,47.18064516129032,2.0,5
Río Negro,2020,1,20.22451612903226,27.660000000000004,47.29032258064516,2.2,5
Río Negro,2020,2,18.40137931034483,11.48,49.648275862068964,2.0,5
Río Negro,2020,3,17.863870967741935,12.48,54.69032258064516,1.2,5
Río Negro,2020,4,12.015333333333334,27.0,62.279999999999994,4.0,5
Río Negro,2020,5,8.255483870967742,97.84,71.52903225806452,7.6,5
Río Negro,2020,6,5.126666666666667,77.78,73.08666666666667,8.4,5
Río Negro,2020,7,3.121935483870968,98.9,78.31913978494624,9.2,5
Río Negro,2020,8,5.872258064516129,30.78,64.95483870967742,4.6,5
Río Negro,2020,9,8.879333333333333,16.02,56.720000000000006,2.2,5
Río Negro,2020,10,12.623870967741935,11.66,50.6,2.4,5
Río Negro,2020,11,17.277333333333335,22.3,49.99333333333333,2.4,5
Río Negro,2020,12,18.436129032258066,14.580000000000002,45.851612903225806,2.6,5
Río Negro,2021,1,19.643225806451614,9.4,47.43225806451613,2.0,5
Río Negro,2021,2,20.517248677248677,2.04,47.10820105820106,0.4,5
Río Negro,2021,3,16.821935483870966,18.919999999999998,56.277419354838706,2.2,5
Río Negro,2021,4,13.852,35.760000000000005,66.58,3.0,5
Río Negro,2021,5,7.764516129032257,53.8,68.52903225806452,5.0,5
Río Negro,2021,6,4.856,45.32000000000001,72.25666666666666,5.2,5
Río Negro,2021,7,5.352903225806451,23.0,65.94193548387096,2.4,5
Río Negro,2021,8,6.187741935483871,56.9,66.16774193548387,6.0,5
Río Negro,2021,9,9.925333333333333,10.98,60.46,2.0,5
Río Negro,2021,10,13.196129032258066,4.8,48.0,0.8,5
Río Negro,2021,11,16.5,35.58,49.653333333333336,3.2,5
Río Negro,2021,12,20.329032258064515,25.919999999999998,46.30322580645161,3.4,5
Río Negro,2022,1,20.223548387096777,54.32000000000001,47.56301075268817,4.8,5
Río Negro,2022,2,18.595714285714287,54.88000000000001,52.478571428571435,5.2,5
Río Negro,2022,3,14.47225806451613,20.08,55.78709677419355,2.8,5
Río Negro,2022,4,10.472666666666665,69.9,65.70666666666666,7.4,5
Río Negro,2022,5,6.023870967741935,34.58,69.22758620689656,3.4,5
Río Negro,2022,6,3.650666666666667,75.58,71.68619047619048,4.8,5
Río Negro,2022,7,4.1006451612903225,126.64000000000001,74.1610752688172,10.8,5
Río Negro,2022,8,5.690967741935483,45.0,67.36774193548388,4.0,5
Río Negro,2022,9,9.214666666666666,36.44,62.15333333333333,3.0,5
Río Negro,2022,10,12.198709677419355,23.98,55.84516129032259,4.0,5
Río Negro,2022,11,18.314,31.940000000000005,51.16666666666667,3.0,5
Río Negro,2022,12,19.673548387096776,14.280000000000001,47.05612903225806,2.0,5
Río Negro,2023,1,21.356129032258064,21.9,49.24516129032258,2.8,5
Río Negro,2023,2,19.35857142857143,13.059999999999999,49.792857142857144,1.4,5
Río Negro,2023,3,16.71548387096774,19.259999999999998,58.148387096774194,3.0,5
Río Negro,2023,4,12.120666666666667,28.28,67.42666666666666,3.2,5
Río Negro,2023,5,8.432903225806452,34.48,69.96774193548387,4.4,5
Río Negro,2023,6,5.722666666666667,113.66,75.35999999999999,8.6,5
Río Negro,2023,7,4.881290322580645,98.72,76.66451612903225,8.4,5
Río Negro,2023,8,5.895483870967742,65.12,66.39354838709679,7.4,5
Río Negro,2023,9,7.581999999999999,62.14000000000001,66.0,6.8,5
Río Negro,2023,10,11.724516129032258,37.160000000000004,56.76129032258065,3.0,5
Río Negro,2023,11,14.73,20.74,53.25999999999999,2.6,5
Río Negro,2023,12,18.345806451612905,18.800000000000004,51.4,2.0,5
Río Negro,2024,1,21.98516129032258,13.680000000000001,48.41290322580645,1.2,5
Río Negro,2024,2,20.870344827586205,7.140000000000001,51.30344827586207,1.4,5
Río Negro,2024,3,15.399354838709678,32.32,53.935483870967744,2.6,5
Río Negro,2024,4,10.611333333333333,72.22,64.86666666666667,6.4,5
Río Negro,2024,5,4.708387096774194,55.120000000000005,73.44516129032257,4.8,5
Río Negro,2024,6,5.529333333333334,78.2,79.12,9.2,5
Río Negro,2024,7,3.205161290322581,27.5,70.78064516129032,3.0,5
Río Negro,2024,8,5.7458064516129035,31.46,71.14193548387097,4.6,5
Río Negro,2024,9,9.044,58.86,56.96666666666666,5.0,5
Río Negro,2024,10,13.941290322580645,11.9,53.73548387096774,2.2,5
Río Negro,2024,11,15.479333333333333,24.68,52.126666666666665,4.0,5
Río Negro,2024,12,17.891612903225806,36.12,53.6,4.0,5
Río Negro,2025,1,21.529677419354837,11.92,45.987096774193546,1.0,5
Río Negro,2025,2,19.37642857142857,10.4,50.85,2.0,5
Río Negro,2025,3,16.17290322580645,23.96,57.251612903225805,2.8,5
Río Negro,2025,4,10.943999999999999,53.1,70.24,6.6,5
Río Negro,2025,5,7.965161290322581,49.17999999999999,72.38709677419355,6.8,5
Río Negro,2025,6,4.525333333333334,28.639999999999997,71.05231527093596,4.0,5
Río Negro,2025,7,4.823870967741936,40.839999999999996,74.23025583982204,5.2,5
Río Negro,2025,8,7.418709677419355,33.379999999999995,72.33548387096775,4.6,5
Río Negro,2025,9,9.554666666666666,41.84,63.1,3.4,5
Río Negro,2025,10,13.190967741935484,12.620000000000001,53.245161290322585,2.2,5
Río Negro,2025,11,16.95133333333333,29.8,53.026666666666664,4.8,5
Río Negro,2025,12,19.45225806451613,2.56,46.55483870967741,1.0,5
Salta,2018,1,24.05591397849462,299.3,77.03225806451614,13.0,3
Salta,2018,2,23.459523809523812,131.66666666666666,78.65476190476191,8.333333333333334,3
Salta,2018,3,21.439784946236557,97.46666666666665,82.79569892473118,8.666666666666666,3
Salta,2018,4,22.174444444444447,87.36666666666667,82.38888888888889,5.0,3
Salta,2018,5,18.558064516129033,45.43333333333334,83.13978494623656,4.333333333333333,3
Salta,2018,6,11.606666666666667,0.6333333333333333,75.35555555555555,0.0,3
Salta,2018,7,11.351612903225806,9.233333333333333,75.88172043010752,2.3333333333333335,3
Salta,2018,8,14.764516129032259,0.0,60.4516129032258,0.0,3
Salta,2018,9,21.383333333333336,10.4,57.355555555555554,2.0,3
Salta,2018,10,21.608602150537635,117.7,70.01075268817205,9.666666666666666,3
Salta,2018,11,23.07777777777778,82.96666666666667,75.71111111111111,6.666666666666667,3
Salta,2018,12,23.65268817204301,170.20000000000002,78.01075268817205,10.0,3
Salta,2019,1,24.88924731182796,114.0,77.88172043010752,8.333333333333334,3
Salta,2019,2,23.600000000000005,150.56666666666666,78.52380952380952,7.0,3
Salta,2019,3,20.838709677419356,153.86666666666667,85.63440860215053,12.666666666666666,3
Salta,2019,4,19.70777777777778,98.03333333333335,85.41111111111111,9.0,3
Salta,2019,5,16.336559139784946,26.866666666666664,84.81720430107526,4.666666666666667,3
Salta,2019,6,14.20222222222222,6.533333333333332,82.66666666666667,1.0,3
Salta,2019,7,13.355913978494625,5.8,76.24731182795699,0.6666666666666666,3
Salta,2019,8,15.303225806451612,0.0,59.17204301075268,0.0,3
Salta,2019,9,18.90111111111111,0.4000000000000001,52.833333333333336,0.0,3
Salta,2019,10,22.13010752688172,23.433333333333334,59.47311827956989,3.3333333333333335,3
Salta,2019,11,25.858888888888888,118.23333333333333,63.98888888888889,5.0,3
Salta,2019,12,24.599999999999998,104.39999999999999,70.02150537634408,10.333333333333334,3
Salta,2020,1,25.663727598566307,162.36666666666667,73.0752688172043,8.666666666666666,3
Salta,2020,2,23.586206896551726,302.8,80.6551724137931,10.333333333333334,3
Salta,2020,3,24.2494623655914,51.86666666666667,75.94623655913979,6.0,3
Salta,2020,4,20.54,75.13333333333334,77.8888888888889,3.6666666666666665,3
Salta,2020,5,16.050537634408602,4.333333333333333,76.40860215053765,1.0,3
Salta,2020,6,14.601111111111111,1.7666666666666666,73.39999999999999,0.3333333333333333,3
Salta,2020,7,12.723655913978495,2.266666666666667,68.44086021505376,0.3333333333333333,3
Salta,2020,8,16.768817204301076,3.9333333333333336,52.82795698924732,0.6666666666666666,3
Salta,2020,9,19.923333333333332,5.066666666666666,50.5,1.3333333333333333,3
Salta,2020,10,24.277419354838713,17.066666666666666,48.27956989247312,2.3333333333333335,3
Salta,2020,11,24.936666666666667,85.5,59.0,6.666666666666667,3
Salta,2020,12,25.098924731182795,68.0,65.04301075268818,7.0,3
Salta,2021,1,24.27311827956989,240.0666666666667,75.29032258064517,10.666666666666666,3
Salta,2021,2,23.18452380952381,118.76666666666667,79.42857142857143,9.0,3
Salta,2021,3,22.069892473118284,233.1,82.13978494623656,10.0,3
Salta,2021,4,20.561111111111114,57.63333333333333,84.07777777777778,7.0,3
Salta,2021,5,15.5,25.7,80.3225806451613,3.3333333333333335,3
Salta,2021,6,12.53888888888889,7.766666666666667,79.72222222222223,1.3333333333333333,3
Salta,2021,7,13.773118279569893,0.06666666666666667,65.59139784946237,0.0,3
Salta,2021,8,16.227956989247314,0.0,54.11827956989248,0.0,3
Salta,2021,9,20.972222222222225,9.166666666666666,54.93333333333334,1.0,3
Salta,2021,10,22.954838709677418,13.0,50.913978494623656,1.6666666666666667,3
Salta,2021,11,23.29444444444444,60.53333333333333,66.74444444444445,6.333333333333333,3
Salta,2021,12,25.982795698924733,123.13333333333333,66.33333333333333,9.333333333333334,3
Salta,2022,1,26.98494623655914,175.0,64.2795698924731,7.666666666666667,3
Salta,2022,2,23.93214285714286,196.70000000000002,76.98809523809524,8.333333333333334,3
Salta,2022,3,21.86236559139785,75.7,76.1505376344086,5.333333333333333,3
Salta,2022,4,19.955555555555552,74.76666666666667,79.76666666666667,5.666666666666667,3
Salta,2022,5,15.061290322580644,3.8333333333333335,78.48387096774194,0.6666666666666666,3
Salta,2022,6,11.986666666666666,0.23333333333333336,73.86666666666666,0.0,3
Salta,2022,7,15.288172043010753,2.1333333333333333,66.29032258064517,0.6666666666666666,3
Salta,2022,8,15.95483870967742,1.3666666666666665,51.623655913978496,0.6666666666666666,3
Salta,2022,9,18.175555555555558,10.466666666666667,44.544444444444444,1.6666666666666667,3
Salta,2022,10,22.453763440860214,9.799999999999999,46.69892473118279,1.3333333333333333,3
Salta,2022,11,25.593333333333334,32.800000000000004,43.65555555555556,3.0,3
Salta,2022,12,26.83347670250896,86.76666666666667,57.28207885304659,7.333333333333333,3
Salta,2023,1,27.260215053763442,150.73333333333335,59.946236559139784,8.666666666666666,3
Salta,2023,2,24.91071428571429,92.7,69.21428571428571,8.0,3
Salta,2023,3,25.813978494623655,190.03333333333333,74.78494623655914,7.333333333333333,3
Salta,2023,4,20.351111111111113,89.03333333333335,83.78888888888889,7.333333333333333,3
Salta,2023,5,17.887096774193548,6.033333333333334,80.31182795698925,1.0,3
Salta,2023,6,16.013333333333332,0.6333333333333334,74.14444444444445,0.0,3
Salta,2023,7,15.740860215053763,0.5,73.20430107526882,0.0,3
Salta,2023,8,18.673118279569895,0.0,55.87096774193549,0.0,3
Salta,2023,9,21.633333333333336,4.2,54.63333333333333,0.6666666666666666,3
Salta,2023,10,24.144086021505377,10.566666666666666,51.30107526881721,2.6666666666666665,3
Salta,2023,11,26.53777777777778,55.4,57.84444444444444,5.333333333333333,3
Salta,2023,12,25.98709677419355,191.66666666666666,72.75268817204301,11.333333333333334,3
Salta,2024,1,26.993548387096777,122.06666666666666,69.22580645161291,8.0,3
Salta,2024,2,26.52988505747126,188.76666666666665,72.55172413793103,9.0,3
Salta,2024,3,26.352688172043013,78.2,75.16129032258065,7.0,3
Salta,2024,4,21.14888888888889,69.10000000000001,83.55555555555556,9.333333333333334,3
Salta,2024,5,13.941935483870969,10.1,79.74193548387096,1.6666666666666667,3
Salta,2024,6,16.48111111111111,5.933333333333334,72.25555555555555,1.0,3
Salta,2024,7,12.917204301075268,0.03333333333333333,62.76344086021505,0.0,3
Salta,2024,8,16.09462365591398,2.0,55.634408602150536,0.3333333333333333,3
Salta,2024,9,22.195555555555558,4.533333333333333,49.41111111111112,1.0,3
Salta,2024,10,24.612903225806452,106.3,59.02150537634409,7.333333333333333,3
Salta,2024,11,24.134444444444444,196.13333333333333,75.33333333333333,10.666666666666666,3
Salta,2024,12,24.619354838709672,46.93333333333334,67.79569892473118,5.333333333333333,3
Salta,2025,1,26.56451612903226,141.93333333333334,67.33333333333333,10.666666666666666,3
Salta,2025,2,27.72142857142857,123.46666666666665,65.72619047619047,6.333333333333333,3
Salta,2025,3,22.446236559139788,178.19999999999996,84.11827956989248,15.0,3
Salta,2025,4,19.08,36.166666666666664,82.83333333333333,5.333333333333333,3
Salta,2025,5,18.34731182795699,20.5,83.08602150537634,5.0,3
Salta,2025,6,12.674444444444445,4.466666666666667,77.71111111111111,0.6666666666666666,3
Salta,2025,7,14.433333333333332,2.8333333333333335,75.82795698924731,1.0,3
Salta,2025,8,16.529032258064515,8.033333333333333,58.1505376344086,0.6666666666666666,3
Salta,2025,9,21.623333333333335,8.166666666666666,51.31111111111111,1.3333333333333333,3
Salta,2025,10,22.62845622119816,52.699999999999996,53.678955453149,4.0,3
Salta,2025,11,24.78,89.56666666666666,58.675555555555555,4.0,3
Salta,2025,12,25.680501792114697,148.93,67.8763440860215,10.766666666666666,3
San Juan,2018,1,25.65967741935484,33.4,48.5,6.5,2
San Juan,2018,2,25.646428571428572,28.75,49.42857142857143,3.0,2
San Juan,2018,3,21.659677419354836,4.0,41.83870967741935,0.5,2
San Juan,2018,4,19.117298850574713,0.0,53.991379310344826,0.0,2
San Juan,2018,5,12.428602150537635,0.35,64.66666666666667,0.0,2
San Juan,2018,6,7.175357142857143,0.05,57.910714285714285,0.0,2
San Juan,2018,7,5.796989247311828,4.55,64.88064516129032,1.0,2
San Juan,2018,8,10.437327188940092,0.3,45.046082949308754,0.0,2
San Juan,2018,9,17.619770114942526,1.5,44.14404761904762,0.5,2
San Juan,2018,10,19.23225806451613,13.0,43.32258064516129,1.0,1
San Juan,2018,11,23.276666666666664,4.5,44.233333333333334,2.0,1
San Juan,2018,12,25.496774193548386,8.0,41.38709677419355,1.0,1
San Juan,2019,1,26.25483870967742,25.7,50.064516129032256,4.0,1
San Juan,2019,2,25.54315476190476,12.0,47.12202380952381,2.0,2
San Juan,2019,3,20.919354838709676,10.0,53.354838709677416,2.0,1
San Juan,2019,4,18.97423076923077,1.4,54.63461538461539,0.5,2
San Juan,2019,5,12.322281959378735,4.0,61.81242532855436,1.0,2
San Juan,2019,6,8.183333333333334,0.0,56.13,0.0,2
San Juan,2019,7,7.90794504181601,0.0,52.66308243727599,0.0,2
San Juan,2019,8,10.996774193548386,0.0,39.32437275985663,0.0,2
San Juan,2019,9,14.602,0.35,37.010000000000005,0.0,2
San Juan,2019,10,19.10967741935484,0.5,35.38709677419355,0.0,1
San Juan,2019,11,25.616410256410255,4.5,40.41410256410256,0.5,2
San Juan,2019,12,27.17096774193548,7.0,31.774193548387096,1.0,1
San Juan,2020,1,28.166427718040623,38.25,41.37992831541219,4.5,2
San Juan,2020,2,25.58296551724138,12.600000000000001,47.042068965517245,2.5,2
San Juan,2020,3,24.845843672456574,25.8,50.32196029776675,2.0,2
San Juan,2020,4,18.102179487179484,1.5,56.01794871794871,0.5,2
San Juan,2020,5,12.291997518610422,3.35,53.4181141439206,0.5,2
San Juan,2020,6,8.394871794871795,4.0,55.38717948717949,0.5,2
San Juan,2020,7,7.719892473118279,1.5,55.59080047789725,0.5,2
San Juan,2020,8,9.937593052109182,0.0,41.21588089330025,0.0,2
San Juan,2020,9,16.474,0.0,33.18333333333333,0.0,2
San Juan,2020,10,20.0973715651135,2.5,35.36439665471923,0.5,2
San Juan,2020,11,24.269333333333336,11.15,40.06666666666666,1.0,2
San Juan,2020,12,26.930047789725208,2.85,31.789127837514933,1.0,2
San Juan,2021,1,26.198573200992556,12.0,41.40384615384615,1.5,2
San Juan,2021,2,23.73482142857143,13.0,51.711309523809526,3.0,2
San Juan,2021,3,21.004719235364398,14.95,58.55615292712067,3.5,2
San Juan,2021,4,18.939615384615387,0.2,58.473076923076924,0.0,2
San Juan,2021,5,12.263647642679901,0.5,57.235732009925556,0.0,2
San Juan,2021,6,8.046794871794871,1.75,59.44230769230769,0.5,2
San Juan,2021,7,7.747968936678614,0.0,47.133213859020316,0.0,2
San Juan,2021,8,12.345409429280398,0.0,34.200372208436725,0.0,2
San Juan,2021,9,16.673333333333336,2.0,38.96666666666667,0.5,2
San Juan,2021,10,20.448387096774194,3.0,33.16129032258065,0.5,2
San Juan,2021,11,23.428333333333335,17.1,37.55,0.5,2
San Juan,2021,12,26.05967741935484,17.5,46.75806451612903,3.0,2
San Juan,2022,1,28.370967741935484,18.0,43.54838709677419,2.0,1
San Juan,2022,2,24.392857142857142,26.25,47.39285714285714,2.5,2
San Juan,2022,3,21.924193548387095,12.0,43.16129032258064,0.5,2
San Juan,2022,4,17.51833333333333,0.0,44.305128205128206,0.0,2
San Juan,2022,5,11.269758064516129,0.0,54.28283410138249,0.0,2
San Juan,2022,6,7.2589080459770114,1.5,54.518965517241384,0.5,2
San Juan,2022,7,8.48709677419355,0.0,53.29032258064516,0.0,1
San Juan,2022,8,11.251612903225807,0.15,43.41935483870968,0.0,2
San Juan,2022,9,14.315000000000001,14.25,38.95,1.5,2
San Juan,2022,10,19.245161290322578,3.25,34.79032258064516,1.0,2
San Juan,2022,11,25.295,1.35,34.11666666666667,0.0,2
San Juan,2022,12,27.470549581839904,8.6,40.413978494623656,2.0,2
San Juan,2023,1,27.752977667493795,36.15,44.67803970223325,2.5,2
San Juan,2023,2,26.539285714285715,7.9,39.82142857142857,2.0,1
San Juan,2023,3,24.99653524492234,29.35,59.252090800477895,4.0,2
San Juan,2023,4,19.116666666666667,4.1,57.5,1.0,1
San Juan,2023,5,13.588387096774193,1.6,61.36236559139785,0.5,2
San Juan,2023,6,9.930897435897435,0.0,58.4948717948718,0.0,2
San Juan,2023,7,8.438709677419356,0.0,61.45161290322581,0.0,1
San Juan,2023,8,13.589247311827958,0.0,44.51433691756272,0.0,2
San Juan,2023,9,15.740641025641025,0.0,40.64487179487179,0.0,2
San Juan,2023,10,20.25725806451613,0.0,37.941066997518604,0.0,2
San Juan,2023,11,23.68,0.7,31.4,0.0,1
San Juan,2023,12,27.198511166253102,0.0,36.93982630272953,0.0,2
San Juan,2024,1,29.227120669056152,2.75,40.92532855436082,1.0,2
San Juan,2024,2,28.679310344827588,22.5,48.41379310344828,2.0,1
San Juan,2024,3,25.93560794044665,10.65,46.333126550868485,1.5,2
San Juan,2024,4,17.256666666666668,12.389999999999999,58.53333333333333,1.7,1
San Juan,2024,5,9.081265508684863,2.4116666666666666,59.86724565756823,0.5,2
San Juan,2024,6,11.131666666666668,0.0,48.96,0.0,2
San Juan,2024,7,6.298327359617683,0.0,46.76045400238949,0.0,2
San Juan,2024,8,9.724790919952211,11.85,49.520908004778974,1.5,2
San Juan,2024,9,18.236333333333334,0.0,32.583333333333336,0.0,2
San Juan,2024,10,21.244145758661887,26.25,46.43727598566308,3.0,2
San Juan,2024,11,25.396410256410256,0.0,37.547435897435896,0.0,2
San Juan,2024,12,26.804156327543424,14.1,34.477047146401986,1.0,2
San Juan,2025,1,28.50346475507766,8.35,42.39904420549581,3.0,2
San Juan,2025,2,29.932142857142857,0.0,40.785714285714285,0.0,1
San Juan,2025,3,22.693548387096776,26.125862068965514,58.0,3.6724137931034484,1
San Juan,2025,4,17.16474358974359,0.0,54.21410256410256,0.0,2
San Juan,2025,5,13.058243727598565,1.6,59.03046594982079,0.5,2
San Juan,2025,6,8.152666666666667,0.05,54.76,0.0,2
San Juan,2025,7,8.598864994026284,0.39999999999999997,55.85483870967742,0.0,2
San Juan,2025,8,11.926612903225806,27.849999999999998,44.95595533498759,2.0,2
San Juan,2025,9,16.657692307692308,0.0,45.13846153846154,0.0,2
San Juan,2025,10,20.85537634408602,0.0,34.6768219832736,0.0,2
San Juan,2025,11,24.840666666666667,6.25,36.803333333333335,0.5,2
San Juan,2025,12,26.36774193548387,41.3,43.596774193548384,5.0,2
San Luis,2018,1,23.90483870967742,108.75,57.54838709677419,8.0,2
San Luis,2018,2,23.475,59.15,58.98214285714286,6.0,2
San Luis,2018,3,20.31290322580645,41.45,50.564516129032256,1.0,2
San Luis,2018,4,18.605000000000004,48.05,71.31666666666666,3.5,2
San Luis,2018,5,13.309677419354838,56.8,76.90322580645162,6.0,2
San Luis,2018,6,7.648333333333333,5.7,65.3,1.5,2
San Luis,2018,7,6.666129032258064,8.35,69.29032258064515,2.0,2
San Luis,2018,8,10.45,2.2,47.95161290322581,1.0,2
San Luis,2018,9,16.541666666666668,19.35,57.88333333333333,3.0,2
San Luis,2018,10,17.90483870967742,35.7,55.306451612903224,4.0,2
San Luis,2018,11,21.00333333333333,115.0,60.46666666666667,10.5,2
San Luis,2018,12,23.122580645161293,67.1,56.33870967741935,5.0,2
San Luis,2019,1,23.625806451612902,67.25,66.75806451612904,6.0,2
San Luis,2019,2,23.15535714285714,20.400000000000002,62.91071428571428,2.5,2
San Luis,2019,3,18.553225806451614,118.3,72.2258064516129,10.5,2
San Luis,2019,4,17.08833333333333,55.0,69.16666666666666,4.0,2
San Luis,2019,5,12.675806451612903,23.95,74.7258064516129,3.5,2
San Luis,2019,6,9.531666666666666,15.0,70.35,2.5,2
San Luis,2019,7,8.729032258064516,0.0,62.88709677419355,0.0,2
San Luis,2019,8,11.109677419354838,0.0,49.37096774193549,0.0,2
San Luis,2019,9,14.350000000000001,15.0,43.849999999999994,2.5,2
San Luis,2019,10,17.638709677419357,22.45,51.403225806451616,4.0,2
San Luis,2019,11,23.04942528735632,107.70000000000002,53.990229885057474,8.0,2
San Luis,2019,12,24.511290322580646,49.5,46.12903225806451,2.0,2
San Luis,2020,1,25.60645161290323,67.5,54.983870967741936,6.5,2
San Luis,2020,2,23.31206896551724,49.85,60.775862068965516,3.5,2
San Luis,2020,3,23.320967741935483,78.65,63.822580645161295,5.5,2
San Luis,2020,4,17.745,29.1,64.33333333333334,3.5,2
San Luis,2020,5,13.108064516129032,0.0,56.70967741935484,0.0,2
San Luis,2020,6,9.370000000000001,3.95,60.58333333333333,0.5,2
San Luis,2020,7,7.5532258064516125,6.6,64.38709677419355,1.5,2
San Luis,2020,8,11.662903225806453,0.15,42.69032258064516,0.0,2
San Luis,2020,9,15.663333333333334,6.95,43.2,0.5,2
San Luis,2020,10,19.120967741935484,10.2,44.87096774193549,1.0,2
San Luis,2020,11,22.543333333333337,134.0,52.21666666666667,6.5,2
San Luis,2020,12,24.016129032258064,74.85,44.83870967741935,4.5,2
San Luis,2021,1,22.85967741935484,191.0,62.596774193548384,10.5,2
San Luis,2021,2,21.239285714285714,72.25,69.25,6.5,2
San Luis,2021,3,19.799999999999997,96.85,71.38709677419354,8.0,2
San Luis,2021,4,18.101666666666667,34.0,71.43333333333334,4.5,2
San Luis,2021,5,11.975806451612904,7.65,65.20967741935485,1.5,2
San Luis,2021,6,8.309999999999999,18.2,70.11666666666667,2.5,2
San Luis,2021,7,9.161290322580644,1.75,53.20967741935484,0.5,2
San Luis,2021,8,11.995161290322581,0.0,46.096774193548384,0.0,2
San Luis,2021,9,14.876666666666665,61.0,59.166666666666664,4.5,2
San Luis,2021,10,18.670967741935485,44.8,43.74193548387097,3.5,2
San Luis,2021,11,20.656666666666666,67.80000000000001,52.55,5.5,2
San Luis,2021,12,23.858064516129033,92.55,60.354838709677416,10.5,2
San Luis,2022,1,25.601612903225806,129.15,55.41935483870968,5.0,2
San Luis,2022,2,21.801785714285714,59.0,64.21428571428572,5.5,2
San Luis,2022,3,19.619354838709675,26.25,58.354838709677416,5.0,2
San Luis,2022,4,16.69833333333333,9.0,56.38333333333333,1.0,2
San Luis,2022,5,11.372580645161289,2.05,59.70967741935484,0.5,2
San Luis,2022,6,8.373333333333335,0.7,59.36666666666667,0.0,2
San Luis,2022,7,9.274193548387096,6.65,59.91935483870968,2.0,2
San Luis,2022,8,11.372580645161289,19.5,51.37096774193549,1.5,2
San Luis,2022,9,13.916666666666668,11.45,43.46666666666667,3.0,2
San Luis,2022,10,18.237096774193546,23.05,42.70967741935484,4.5,2
San Luis,2022,11,24.060000000000002,81.7,40.849999999999994,6.5,2
San Luis,2022,12,25.761290322580646,91.15,42.177419354838705,4.5,2
San Luis,2023,1,24.941935483870967,106.6,58.33870967741936,8.5,2
San Luis,2023,2,22.912499999999998,83.0,56.875,4.0,2
San Luis,2023,3,22.806451612903224,133.5,68.61290322580645,7.0,2
San Luis,2023,4,17.203333333333333,31.95,69.93333333333334,3.0,2
San Luis,2023,5,14.230645161290322,2.5,66.96774193548387,1.0,2
San Luis,2023,6,10.103333333333332,2.75,65.3,1.0,2
San Luis,2023,7,10.220967741935484,12.7,67.25806451612904,3.0,2
San Luis,2023,8,12.420967741935483,0.9500000000000001,52.37096774193549,0.0,2
San Luis,2023,9,14.506666666666668,0.75,49.13333333333333,0.0,2
San Luis,2023,10,18.29193548387097,63.900000000000006,46.54838709677419,4.5,2
San Luis,2023,11,21.653333333333332,48.75,44.68333333333334,4.5,2
San Luis,2023,12,23.388709677419357,81.15,57.25806451612903,8.0,2
San Luis,2024,1,25.04193548387097,182.55,59.564516129032256,7.5,2
San Luis,2024,2,24.53103448275862,98.2,66.63793103448276,6.0,2
San Luis,2024,3,22.846774193548384,20.65,67.93548387096774,4.5,2
San Luis,2024,4,16.375,41.55,71.38333333333333,5.0,2
San Luis,2024,5,8.687096774193549,24.45,69.32258064516128,2.0,2
San Luis,2024,6,11.058333333333334,0.9,63.849999999999994,0.0,2
San Luis,2024,7,7.466129032258065,0.5,54.95161290322581,0.0,2
San Luis,2024,8,9.330645161290324,21.0,60.95161290322581,4.0,2
San Luis,2024,9,17.318333333333335,0.0,36.516666666666666,0.0,2
San Luis,2024,10,19.758064516129032,99.75,56.25806451612903,7.5,2
San Luis,2024,11,22.25,75.35,54.35,4.5,2
San Luis,2024,12,23.92258064516129,72.25,46.91935483870968,5.0,2
San Luis,2025,1,26.887096774193548,74.6,53.903225806451616,6.5,2
San Luis,2025,2,27.007142857142856,135.5,59.12896825396825,7.0,2
San Luis,2025,3,20.03548387096774,113.89999999999999,75.24193548387098,8.5,2
San Luis,2025,4,15.350000000000001,21.0,69.94999999999999,2.0,2
San Luis,2025,5,14.301612903225806,8.0,68.40322580645162,1.0,2
San Luis,2025,6,8.391666666666666,8.9,60.099999999999994,1.5,2
San Luis,2025,7,9.108064516129033,19.85,70.59677419354838,2.5,2
San Luis,2025,8,11.332258064516129,51.6,56.08064516129032,2.5,2
San Luis,2025,9,15.736666666666668,37.3,54.400000000000006,1.5,2
San Luis,2025,10,18.65483870967742,49.85,47.37096774193549,4.0,2
San Luis,2025,11,21.738333333333333,93.7,53.233333333333334,7.0,2
San Luis,2025,12,24.43064516129032,59.65,48.903225806451616,6.5,2
Santa Cruz,2018,1,16.350774193548386,16.349999999999998,44.428817204301076,2.5,6
Santa Cruz,2018,2,16.824285714285715,6.933333333333334,45.97857142857143,1.1666666666666667,5
Santa Cruz,2018,3,12.243389088012743,9.733333333333333,49.077260055754685,1.8333333333333333,6
Santa Cruz,2018,4,9.236111111111112,30.683333333333334,60.144444444444446,3.3333333333333335,6
Santa Cruz,2018,5,5.886499402628435,26.183333333333334,71.63341298287536,2.8333333333333335,6
Santa Cruz,2018,6,1.8881196581196582,16.400000000000002,72.7034630120837,2.8333333333333335,6
Santa Cruz,2018,7,1.5799007444168733,3.733333333333333,73.46245007680491,1.0,6
Santa Cruz,2018,8,5.440581441656711,4.233333333333333,60.96077260055754,1.3333333333333333,6
Santa Cruz,2018,9,6.189666666666667,27.61666666666667,63.31444444444444,4.833333333333333,6
Santa Cruz,2018,10,8.973138191955396,13.399999999999999,53.25746714456392,1.3333333333333333,6
Santa Cruz,2018,11,13.102136752136753,8.366666666666667,44.09401709401709,1.3333333333333333,6
Santa Cruz,2018,12,16.185153019023986,3.9,42.24131513647643,1.1666666666666667,6
Santa Cruz,2019,1,14.55284747112704,17.433333333333334,43.86816009557945,2.3333333333333335,6
Santa Cruz,2019,2,15.186706349206348,22.95,47.36254409171076,3.6666666666666665,6
Santa Cruz,2019,3,12.940818858560794,24.116666666666664,59.517493796526054,3.6666666666666665,6
Santa Cruz,2019,4,9.734102564102564,25.983333333333334,63.284615384615385,3.6666666666666665,6
Santa Cruz,2019,5,6.082855436081243,14.866666666666665,68.08562325766627,2.5,6
Santa Cruz,2019,6,3.6664444444444446,11.583333333333334,73.9486111111111,2.0,6
Santa Cruz,2019,7,3.565611310234966,27.2,74.9378733572282,3.6666666666666665,6
Santa Cruz,2019,8,3.4068498606133013,7.1499999999999995,67.36917562724014,1.8333333333333333,6
Santa Cruz,2019,9,6.139222222222222,13.6,57.97,2.5,6
Santa Cruz,2019,10,9.67341696535245,5.7,47.01035444046196,1.3333333333333333,6
Santa Cruz,2019,11,12.243205128205128,20.033333333333335,49.15,3.3333333333333335,6
Santa Cruz,2019,12,15.122515853322305,15.116666666666665,45.21137303556659,3.0,6
Santa Cruz,2020,1,15.844643568299482,24.46666666666667,47.66039426523297,3.8333333333333335,6
Santa Cruz,2020,2,15.27016091954023,15.450000000000001,48.54459770114943,2.5,6
Santa Cruz,2020,3,14.432671629445823,9.283333333333333,55.63399503722084,1.8333333333333333,6
Santa Cruz,2020,4,10.239700854700855,4.233333333333333,60.74487179487179,1.0,6
Santa Cruz,2020,5,6.448180314309346,24.28333333333333,72.84181141439205,4.166666666666667,6
Santa Cruz,2020,6,2.4434188034188034,22.466666666666665,74.05926108374385,4.166666666666667,6
Santa Cruz,2020,7,-0.786349029786182,41.56666666666667,83.36947472500309,5.333333333333333,6
Santa Cruz,2020,8,3.853887510339123,7.3,65.66935483870968,1.8333333333333333,6
Santa Cruz,2020,9,7.465085470085469,3.783333333333333,53.248717948717946,0.8333333333333334,6
Santa Cruz,2020,10,10.889765033851056,5.8,46.92493030665074,1.5,6
Santa Cruz,2020,11,14.722333333333333,16.016666666666666,46.62111111111111,1.6666666666666667,6
Santa Cruz,2020,12,15.014769016328158,15.333333333333334,45.9021306252489,2.8333333333333335,6
Santa Cruz,2021,1,15.68401571546733,10.133333333333335,45.553763440860216,1.8333333333333333,6
Santa Cruz,2021,2,17.431250000000002,11.616666666666667,47.77380952380952,1.5,6
Santa Cruz,2021,3,13.887913181999204,7.25,49.54480286738351,1.1666666666666667,6
Santa Cruz,2021,4,10.777735042735044,19.183333333333334,61.309401709401705,3.0,6
Santa Cruz,2021,5,5.536373035566584,24.133333333333336,74.51571546732838,4.0,6
Santa Cruz,2021,6,2.9525213675213675,12.283333333333333,73.87991452991453,2.3333333333333335,6
Santa Cruz,2021,7,5.065446650124069,14.183333333333332,64.68196856906535,2.5,6
Santa Cruz,2021,8,5.304962779156328,16.383333333333336,64.21050454921424,2.8333333333333335,6
Santa Cruz,2021,9,7.918119658119657,4.666666666666667,58.03803418803418,0.6666666666666666,6
Santa Cruz,2021,10,10.692674386545354,8.549999999999999,46.042900468706925,1.8333333333333333,6
Santa Cruz,2021,11,13.462820512820512,7.266666666666667,42.656410256410254,1.6666666666666667,6
Santa Cruz,2021,12,16.5242134607726,18.099999999999998,43.98267622461171,2.6666666666666665,6
Santa Cruz,2022,1,15.495181968569065,17.866666666666667,45.189205955334984,2.8333333333333335,6
Santa Cruz,2022,2,15.440277777777778,16.2,48.29464285714286,2.3333333333333335,6
Santa Cruz,2022,3,11.82405416168857,21.416666666666668,55.81063321385901,3.8333333333333335,6
Santa Cruz,2022,4,7.791794871794871,34.75,67.8923076923077,4.666666666666667,6
Santa Cruz,2022,5,5.415570719602978,12.15,69.60277088502896,2.5,6
Santa Cruz,2022,6,2.6681623931623935,7.1000000000000005,69.49555555555555,1.6666666666666667,6
Santa Cruz,2022,7,0.14000000000000007,7.1499999999999995,74.2404375231739,2.0,5
Santa Cruz,2022,8,4.679072082835524,12.549999999999999,65.06332138590203,2.3333333333333335,6
Santa Cruz,2022,9,7.379529914529915,6.866666666666667,55.20940170940171,1.8333333333333333,6
Santa Cruz,2022,10,10.58724152191894,4.133333333333333,44.75206782464847,1.1666666666666667,6
Santa Cruz,2022,11,14.945982905982907,5.533333333333334,44.90676392572944,1.5,6
Santa Cruz,2022,12,15.268518518518519,17.083333333333332,44.04320987654321,3.3333333333333335,6
Santa Cruz,2023,1,17.589032258064513,14.766666666666666,43.70967741935484,1.8333333333333333,5
Santa Cruz,2023,2,15.603968253968254,7.666666666666667,43.875,1.8333333333333333,6
Santa Cruz,2023,3,11.56111111111111,4.55,49.865989645559544,1.1666666666666667,6
Santa Cruz,2023,4,9.172555555555556,16.766666666666666,56.927126436781606,2.8333333333333335,6
Santa Cruz,2023,5,7.4504380724810835,7.033333333333334,60.547590601354045,1.6666666666666667,6
Santa Cruz,2023,6,3.4002136752136756,25.766666666666666,72.2311111111111,4.5,6
Santa Cruz,2023,7,0.07204301075268808,18.183333333333334,78.91857619577308,3.6666666666666665,6
Santa Cruz,2023,8,3.806909597769813,21.166666666666668,69.08363201911588,3.6666666666666665,6
Santa Cruz,2023,9,4.752478632478632,22.866666666666664,67.43931623931624,4.333333333333333,6
Santa Cruz,2023,10,9.646360628618693,4.266666666666667,49.927832919768406,0.8333333333333334,6
Santa Cruz,2023,11,11.414316239316241,11.366666666666667,47.58076923076923,2.0,6
Santa Cruz,2023,12,14.820988420181969,11.416666666666666,45.867452440033084,1.6666666666666667,6
Santa Cruz,2024,1,17.108721624850656,7.933333333333334,45.0499800876145,1.1666666666666667,6
Santa Cruz,2024,2,16.445747126436782,21.403205128205126,51.72459770114943,2.852564102564102,6
Santa Cruz,2024,3,11.562820512820513,25.366666666666664,58.45947063688999,3.8333333333333335,6
Santa Cruz,2024,4,7.9844871794871795,22.900000000000002,60.23675213675213,2.6666666666666665,6
Santa Cruz,2024,5,2.161429709279172,18.416666666666668,77.76654259718775,3.0,6
Santa Cruz,2024,6,0.558,72.32179487179486,88.92593596059115,8.987179487179487,5
Santa Cruz,2024,7,3.0707287933094385,20.950000000000003,75.46949422540821,3.6666666666666665,6
Santa Cruz,2024,8,4.388231780167264,22.400000000000002,72.29012345679013,2.6666666666666665,6
Santa Cruz,2024,9,6.638888888888889,6.065476190476191,52.787777777777784,1.5238095238095237,6
Santa Cruz,2024,10,11.95673038630028,2.966666666666667,45.02827558741537,0.3333333333333333,6
Santa Cruz,2024,11,13.103717948717948,12.816666666666668,45.19615384615384,2.0,6
Santa Cruz,2024,12,15.075201268265785,24.683333333333334,46.42781913427075,2.6666666666666665,6
Santa Cruz,2025,1,17.211065793268236,11.016666666666666,47.57362089564537,1.6666666666666667,6
Santa Cruz,2025,2,14.170833333333334,16.95,49.00099206349207,2.8333333333333335,6
Santa Cruz,2025,3,12.817493796526053,21.8,54.83767576509512,3.6666666666666665,6
Santa Cruz,2025,4,8.972863247863248,24.71666666666667,66.93675213675213,4.5,6
Santa Cruz,2025,5,5.207287933094385,26.083333333333332,72.29709279171645,4.333333333333333,6
Santa Cruz,2025,6,3.308444444444445,13.416666666666666,76.71059797482211,2.6666666666666665,6
Santa Cruz,2025,7,2.813301473516527,21.45,75.13597016628162,3.5,6
Santa Cruz,2025,8,4.324793217535153,11.899999999999999,73.7737799834574,2.1666666666666665,6
Santa Cruz,2025,9,7.535234305923961,8.700000000000001,58.18669319186561,1.8333333333333333,6
Santa Cruz,2025,10,10.535017921146954,8.316666666666666,46.70913978494624,1.8333333333333333,6
Santa Cruz,2025,11,13.823888888888888,6.233333333333333,42.916666666666664,1.0,6
Santa Cruz,2025,12,15.315591397849461,4.8,41.413978494623656,1.0,6
Santa Fe,2018,1,25.775268817204303,68.48333333333333,64.05376344086021,5.0,6
Santa Fe,2018,2,25.800595238095237,16.433333333333334,60.547619047619044,2.1666666666666665,6
Santa Fe,2018,3,22.400000000000002,57.166666666666664,61.79032258064516,2.5,6
Santa Fe,2018,4,22.659444444444446,159.85,77.69444444444444,7.833333333333333,6
Santa Fe,2018,5,16.43763440860215,137.91666666666666,81.82795698924731,8.833333333333334,6
Santa Fe,2018,6,10.501111111111111,11.549999999999999,73.7,1.1666666666666667,6
Santa Fe,2018,7,10.323655913978493,19.0,78.28494623655915,2.1666666666666665,6
Santa Fe,2018,8,11.909677419354837,23.016666666666666,67.21505376344085,3.0,6
Santa Fe,2018,9,18.90277777777778,37.36666666666667,70.75,3.5,6
Santa Fe,2018,10,19.05161290322581,90.72,67.4,7.4,5
Santa Fe,2018,11,22.45133333333333,234.85999999999999,69.55333333333333,7.6,5
Santa Fe,2018,12,24.193031430934656,158.59642857142856,67.55314309346568,6.773809523809523,6
Santa Fe,2019,1,25.02357910906298,252.05055555555555,78.81758832565284,12.055555555555555,6
Santa Fe,2019,2,24.1875,80.33333333333333,71.47023809523809,4.166666666666667,6
Santa Fe,2019,3,21.051075268817204,123.75,75.27956989247312,4.833333333333333,6
Santa Fe,2019,4,19.116111111111113,99.85000000000001,77.35,5.5,6
Santa Fe,2019,5,15.80752688172043,65.14999999999999,83.24731182795699,4.833333333333333,6
Santa Fe,2019,6,14.075000000000001,30.433333333333334,81.62777777777778,3.6666666666666665,6
Santa Fe,2019,7,11.270967741935484,36.516666666666666,75.68279569892474,2.6666666666666665,6
Santa Fe,2019,8,12.91774193548387,6.833333333333333,67.25268817204301,1.1666666666666667,6
Santa Fe,2019,9,15.919444444444444,31.649999999999995,60.16111111111112,2.1666666666666665,6
Santa Fe,2019,10,19.0247311827957,77.16666666666667,70.45161290322581,9.5,6
Santa Fe,2019,11,23.468888888888888,98.86666666666667,67.14252873563218,7.5,6
Santa Fe,2019,12,24.13994623655914,183.4333333333333,62.487275985663075,7.333333333333333,6
Santa Fe,2020,1,25.153225806451612,104.11666666666667,68.5268817204301,6.166666666666667,6
Santa Fe,2020,2,23.99022988505747,107.86666666666666,68.41379310344827,4.5,6
Santa Fe,2020,3,24.370967741935484,96.86666666666667,70.20430107526882,5.333333333333333,6
Santa Fe,2020,4,18.84111111111111,80.46666666666667,69.83888888888889,4.833333333333333,6
Santa Fe,2020,5,14.92258064516129,15.950000000000001,68.24193548387098,1.1666666666666667,6
Santa Fe,2020,6,12.407222222222222,17.599999999999998,75.07222222222222,1.3333333333333333,6
Santa Fe,2020,7,9.926344086021505,2.483333333333333,69.99462365591397,0.5,6
Santa Fe,2020,8,14.83646953405018,11.458333333333334,56.788709677419355,1.6666666666666667,6
Santa Fe,2020,9,16.305,40.75,60.611111111111114,2.5,6
Santa Fe,2020,10,19.68548387096774,81.53333333333333,59.47849462365591,4.666666666666667,6
Santa Fe,2020,11,23.36888888888889,77.88333333333334,56.4,4.833333333333333,6
Santa Fe,2020,12,23.85042242703533,116.21309523809525,59.61501536098311,6.142857142857142,6
Santa Fe,2021,1,24.800537634408602,196.51666666666665,66.09677419354838,10.0,6
Santa Fe,2021,2,23.59464285714286,54.65,71.375,3.8333333333333335,6
Santa Fe,2021,3,21.828494623655914,121.58333333333333,75.59677419354838,6.0,6
Santa Fe,2021,4,19.800555555555558,139.81666666666666,77.8888888888889,4.5,6
Santa Fe,2021,5,13.891935483870968,48.800000000000004,73.13978494623656,3.6666666666666665,6
Santa Fe,2021,6,11.651376363100502,23.184546615581098,77.04708222811671,0.6666666666666666,6
Santa Fe,2021,7,11.546236559139786,17.900000000000002,68.24193548387096,1.6666666666666667,6
Santa Fe,2021,8,13.98978494623656,6.966666666666666,64.36559139784946,0.8333333333333334,6
Santa Fe,2021,9,17.28611111111111,35.01666666666667,71.81666666666666,3.3333333333333335,6
Santa Fe,2021,10,20.13295698924731,54.38333333333333,56.62741935483871,4.333333333333333,6
Santa Fe,2021,11,22.572777777777777,177.6,63.43333333333334,7.0,6
Santa Fe,2021,12,26.370967741935484,34.75,56.80107526881721,3.3333333333333335,6
Santa Fe,2022,1,27.481720430107526,122.55,61.40537634408602,7.5,6
Santa Fe,2022,2,24.499285714285712,86.74,64.7357142857143,6.2,5
Santa Fe,2022,3,20.6801935483871,171.72466666666668,73.91139784946236,8.046666666666667,5
Santa Fe,2022,4,18.067333333333334,65.78,74.23333333333333,4.6,5
Santa Fe,2022,5,13.184516129032257,6.779999999999999,75.85806451612902,1.6,5
Santa Fe,2022,6,9.986666666666668,3.3,74.20666666666668,0.8,5
Santa Fe,2022,7,13.541935483870967,10.280000000000001,73.5225806451613,1.4,5
Santa Fe,2022,8,13.57032258064516,25.7,66.51612903225806,2.0,5
Santa Fe,2022,9,15.610666666666665,22.279999999999998,59.11333333333333,2.6,5
Santa Fe,2022,10,19.093548387096774,51.36,57.33548387096774,3.6,5
Santa Fe,2022,11,24.130666666666666,32.68,52.486666666666665,3.4,5
Santa Fe,2022,12,26.73032258064516,45.08,52.07741935483871,3.8,5
Santa Fe,2023,1,27.532903225806457,97.47999999999999,55.716129032258074,6.6,5
Santa Fe,2023,2,25.290714285714284,37.4,60.48571428571429,3.6,5
Santa Fe,2023,3,26.358709677419352,101.5,69.28387096774193,5.4,5
Santa Fe,2023,4,19.31,42.980000000000004,72.46000000000001,3.6,5
Santa Fe,2023,5,17.006516129032256,101.61266666666667,77.5941935483871,5.833333333333333,5
Santa Fe,2023,6,13.758666666666667,18.380000000000003,79.14666666666668,0.6,5
Santa Fe,2023,7,13.633548387096775,18.56,77.33548387096775,2.6,5
Santa Fe,2023,8,15.312903225806451,7.1,63.86451612903225,0.4,5
Santa Fe,2023,9,16.472,41.46,67.77333333333334,2.6,5
Santa Fe,2023,10,19.709182795698926,69.72,60.97698924731183,6.2,5
Santa Fe,2023,11,22.246238095238095,146.26857142857142,67.84333333333333,6.657142857142857,5
Santa Fe,2023,12,24.066451612903226,233.48000000000002,72.5225806451613,10.0,5
Santa Fe,2024,1,25.488387096774193,181.28,70.50322580645161,7.0,5
Santa Fe,2024,2,26.45586206896552,130.94,72.6,7.0,5
Santa Fe,2024,3,24.618709677419353,178.66,76.36774193548386,7.4,5
Santa Fe,2024,4,19.275333333333332,139.8,81.66666666666666,8.2,5
Santa Fe,2024,5,12.061935483870968,7.6,78.98709677419353,2.4,5
Santa Fe,2024,6,15.330666666666668,4.92,75.77333333333334,0.2,5
Santa Fe,2024,7,10.173548387096776,0.86,70.14322580645162,0.2,5
Santa Fe,2024,8,12.748387096774193,17.3,69.10967741935484,2.6,5
Santa Fe,2024,9,18.857333333333333,6.16,58.42666666666666,0.6,5
Santa Fe,2024,10,21.39225806451613,107.24000000000001,65.74731182795699,6.0,5
Santa Fe,2024,11,23.284,88.68,67.67333333333333,8.2,5
Santa Fe,2024,12,23.26064516129032,90.28,61.76129032258065,6.2,5
Santa Fe,2025,1,26.9341935483871,59.44,58.73548387096774,5.4,5
Santa Fe,2025,2,27.442857142857143,172.04,68.63571428571429,7.4,5
Santa Fe,2025,3,23.32967741935484,130.1,74.73548387096774,8.2,5
Santa Fe,2025,4,17.838,49.64,74.36,4.2,5
Santa Fe,2025,5,17.145806451612902,96.32000000000001,79.0,6.4,5
Santa Fe,2025,6,10.104666666666667,13.98,77.06666666666668,1.6,5
Santa Fe,2025,7,12.445806451612903,50.64,76.3225806451613,6.2,5
Santa Fe,2025,8,13.701935483870969,142.92,69.2516129032258,4.4,5
Santa Fe,2025,9,16.770666666666664,62.5,68.64,3.2,5
Santa Fe,2025,10,20.15096774193548,78.24000000000001,61.483870967741936,3.4,5
Santa Fe,2025,11,21.998,126.0,65.86666666666666,8.8,5
Santa Fe,2025,12,25.371612903225806,128.98,67.30322580645161,6.6,5
Santiago del Estero,2018,1,26.506451612903227,97.1,65.7741935483871,9.0,1
Santiago del Estero,2018,2,26.47142857142857,39.0,60.07142857142857,5.0,1
Santiago del Estero,2018,3,24.183870967741935,12.0,57.45161290322581,2.0,1
Santiago del Estero,2018,4,23.44333333333333,61.49999999999999,71.96666666666667,4.0,1
Santiago del Estero,2018,5,17.438709677419357,13.5,77.7741935483871,3.0,1
Santiago del Estero,2018,6,11.046666666666665,0.0,64.0,0.0,1
Santiago del Estero,2018,7,10.235483870967743,6.2,66.16129032258064,2.0,1
Santiago del Estero,2018,8,14.525806451612903,2.0,44.483870967741936,0.0,1
Santiago del Estero,2018,9,21.759999999999998,13.1,55.43333333333333,3.0,1
Santiago del Estero,2018,10,21.44516129032258,214.0,64.61290322580645,9.0,1
Santiago del Estero,2018,11,24.720000000000002,117.0,65.83333333333333,8.0,1
Santiago del Estero,2018,12,25.98709677419355,68.0,65.7741935483871,7.0,1
Santiago del Estero,2019,1,26.29032258064516,391.2,73.51612903225806,10.0,1
Santiago del Estero,2019,2,25.467857142857145,13.2,70.21428571428571,4.0,1
Santiago del Estero,2019,3,22.299999999999997,77.8,77.90322580645162,7.0,1
Santiago del Estero,2019,4,19.876666666666665,83.4,82.5,8.0,1
Santiago del Estero,2019,5,16.032258064516128,9.0,80.80645161290323,2.0,1
Santiago del Estero,2019,6,13.646666666666667,3.1,77.3,1.0,1
Santiago del Estero,2019,7,12.390322580645162,1.1,68.06451612903226,0.0,1
Santiago del Estero,2019,8,15.016129032258064,0.0,49.645161290322584,0.0,1
Santiago del Estero,2019,9,18.41,0.0,46.5,0.0,1
Santiago del Estero,2019,10,22.532258064516128,17.0,54.483870967741936,3.0,1
Santiago del Estero,2019,11,27.141379310344828,90.7,58.724137931034484,5.0,1
Santiago del Estero,2019,12,26.641935483870967,57.6,65.45161290322581,6.0,1
Santiago del Estero,2020,1,28.200000000000003,75.5,66.0,4.0,1
Santiago del Estero,2020,2,25.86551724137931,151.2,68.24137931034483,7.0,1
Santiago del Estero,2020,3,25.66774193548387,87.7,70.83870967741936,10.0,1
Santiago del Estero,2020,4,20.823333333333334,20.4,69.0,2.0,1
Santiago del Estero,2020,5,15.696774193548388,8.0,64.83870967741936,2.0,1
Santiago del Estero,2020,6,13.379999999999999,1.6,66.7,0.0,1
Santiago del Estero,2020,7,10.951612903225806,0.0,60.41935483870968,0.0,1
Santiago del Estero,2020,8,16.04193548387097,0.0,44.38709677419355,0.0,1
Santiago del Estero,2020,9,20.336666666666666,0.0,43.666666666666664,0.0,1
Santiago del Estero,2020,10,23.45483870967742,9.0,46.96774193548387,2.0,1
Santiago del Estero,2020,11,26.30666666666667,91.0,53.43333333333333,4.0,1
Santiago del Estero,2020,12,27.616129032258065,57.0,52.354838709677416,5.0,1
Santiago del Estero,2021,1,26.774193548387096,98.3,67.29032258064517,10.0,1
Santiago del Estero,2021,2,25.425,155.6,71.46428571428571,9.0,1
Santiago del Estero,2021,3,23.75483870967742,196.6,75.29032258064517,7.0,1
Santiago del Estero,2021,4,22.123333333333335,36.4,73.3,2.0,1
Santiago del Estero,2021,5,15.209677419354838,5.0,71.87096774193549,1.0,1
Santiago del Estero,2021,6,11.7,1.5,74.16666666666667,0.0,1
Santiago del Estero,2021,7,12.403225806451612,0.0,57.0,0.0,1
Santiago del Estero,2021,8,15.380645161290323,0.0,47.38709677419355,0.0,1
Santiago del Estero,2021,9,21.11,5.4,50.733333333333334,1.0,1
Santiago del Estero,2021,10,23.87741935483871,25.0,43.41935483870968,3.0,1
Santiago del Estero,2021,11,23.766666666666666,68.1,64.0,9.0,1
Santiago del Estero,2021,12,28.88064516129032,64.0,54.0,5.0,1
Santiago del Estero,2022,1,29.51290322580645,68.2,54.87096774193548,7.0,1
Santiago del Estero,2022,2,26.521428571428572,58.900000000000006,62.0,8.0,1
Santiago del Estero,2022,3,22.561290322580643,177.0,71.93548387096774,5.0,1
Santiago del Estero,2022,4,20.086666666666666,14.9,71.7,2.0,1
Santiago del Estero,2022,5,14.98709677419355,0.5,68.41935483870968,0.0,1
Santiago del Estero,2022,6,11.643333333333334,8.7,66.56666666666666,1.0,1
Santiago del Estero,2022,7,14.2,0.5,65.09677419354838,0.0,1
Santiago del Estero,2022,8,15.048387096774194,2.7,50.774193548387096,1.0,1
Santiago del Estero,2022,9,18.029999999999998,8.3,43.6,1.0,1
Santiago del Estero,2022,10,22.358064516129033,5.1,46.064516129032256,2.0,1
Santiago del Estero,2022,11,25.94333333333333,106.7,47.4,6.0,1
Santiago del Estero,2022,12,28.648387096774194,29.0,51.096774193548384,4.0,1
Santiago del Estero,2023,1,29.996774193548386,87.6,52.32258064516129,4.0,1
Santiago del Estero,2023,2,26.764285714285712,88.0,64.67857142857143,6.0,1
Santiago del Estero,2023,3,27.838709677419356,157.0,69.29032258064517,5.0,1
Santiago del Estero,2023,4,20.05666666666667,114.7,82.26666666666667,6.0,1
Santiago del Estero,2023,5,18.003225806451614,16.2,79.35483870967742,3.0,1
Santiago del Estero,2023,6,14.933333333333334,2.0,75.8,1.0,1
Santiago del Estero,2023,7,14.922580645161291,0.4,71.58064516129032,0.0,1
Santiago del Estero,2023,8,17.248387096774195,0.0,53.903225806451616,0.0,1
Santiago del Estero,2023,9,20.23,3.5,54.233333333333334,1.0,1
Santiago del Estero,2023,10,23.53548387096774,29.9,54.67741935483871,6.0,1
Santiago del Estero,2023,11,25.816666666666666,91.8,61.6,7.0,1
Santiago del Estero,2023,12,26.596774193548388,115.1,71.09677419354838,10.0,1
Santiago del Estero,2024,1,28.780645161290323,58.3,61.58064516129032,3.0,1
Santiago del Estero,2024,2,28.36896551724138,82.2,67.86206896551724,8.0,1
Santiago del Estero,2024,3,27.212903225806453,92.3,73.93548387096774,4.0,1
Santiago del Estero,2024,4,19.746666666666666,67.1,83.96666666666667,8.0,1
Santiago del Estero,2024,5,12.90967741935484,2.0,74.96774193548387,1.0,1
Santiago del Estero,2024,6,15.729999999999999,0.0,71.43333333333334,0.0,1
Santiago del Estero,2024,7,10.958064516129031,2.1,63.354838709677416,1.0,1
Santiago del Estero,2024,8,14.658064516129032,0.0,57.16129032258065,0.0,1
Santiago del Estero,2024,9,22.483333333333334,0.5,46.3,0.0,1
Santiago del Estero,2024,10,25.1,88.6,57.516129032258064,5.0,1
Santiago del Estero,2024,11,24.84333333333333,146.3,72.5,11.0,1
Santiago del Estero,2024,12,27.05483870967742,28.1,58.29032258064516,2.0,1
Santiago del Estero,2025,1,28.48709677419355,165.3,62.61290322580645,11.0,1
Santiago del Estero,2025,2,30.678571428571427,55.6,62.285714285714285,4.0,1
Santiago del Estero,2025,3,24.15806451612903,82.8,75.54838709677419,9.0,1
Santiago del Estero,2025,4,19.673333333333336,5.0,72.93333333333334,2.0,1
Santiago del Estero,2025,5,18.48709677419355,21.2,79.54838709677419,4.0,1
Santiago del Estero,2025,6,11.479999999999999,0.0,71.8,0.0,1
Santiago del Estero,2025,7,13.745161290322581,6.9,73.06451612903226,3.0,1
Santiago del Estero,2025,8,16.164516129032258,0.0,54.38709677419355,0.0,1
Santiago del Estero,2025,9,21.56,0.0,50.43333333333333,0.0,1
Santiago del Estero,2025,10,23.68064516129032,31.0,51.225806451612904,3.0,1
Santiago del Estero,2025,11,26.216666666666665,22.4,54.36666666666667,4.0,1
Santiago del Estero,2025,12,27.425806451612903,172.79999999999998,64.19354838709677,9.0,1
Tierra del Fuego,2018,1,10.714516129032258,22.4,71.12903225806451,3.5,2
Tierra del Fuego,2018,2,11.091071428571428,12.55,70.625,3.0,2
Tierra del Fuego,2018,3,8.087096774193547,25.45,71.2258064516129,5.5,2
Tierra del Fuego,2018,4,5.441666666666666,24.2,77.51666666666667,4.5,2
Tierra del Fuego,2018,5,3.7951612903225804,26.4,80.7741935483871,4.0,2
Tierra del Fuego,2018,6,1.35,40.15,82.18333333333334,5.0,2
Tierra del Fuego,2018,7,1.0258064516129033,14.75,80.59677419354838,2.0,2
Tierra del Fuego,2018,8,3.193548387096774,43.8,79.30645161290323,7.5,2
Tierra del Fuego,2018,9,3.3483333333333336,24.15,76.71666666666667,5.0,2
Tierra del Fuego,2018,10,5.449999999999999,33.5,71.17741935483872,4.0,2
Tierra del Fuego,2018,11,8.451666666666668,16.6,64.43333333333334,3.5,2
Tierra del Fuego,2018,12,10.504838709677419,21.4,63.24193548387097,5.0,2
Tierra del Fuego,2019,1,9.716129032258063,18.3,64.29032258064515,2.5,2
Tierra del Fuego,2019,2,9.489285714285714,33.35,68.91071428571428,6.0,2
Tierra del Fuego,2019,3,9.020967741935483,43.5,77.25806451612902,5.5,2
Tierra del Fuego,2019,4,5.571666666666666,64.25,79.69999999999999,7.5,2
Tierra del Fuego,2019,5,4.014516129032258,37.4,79.33870967741936,3.5,2
Tierra del Fuego,2019,6,1.6116666666666668,35.7,85.96666666666667,7.0,2
Tierra del Fuego,2019,7,1.9096774193548387,42.7,86.01612903225806,7.5,2
Tierra del Fuego,2019,8,2.0290322580645164,50.150000000000006,80.5,4.5,2
Tierra del Fuego,2019,9,3.8266666666666667,34.150000000000006,77.36666666666666,7.5,2
Tierra del Fuego,2019,10,6.091935483870968,28.4,69.25806451612902,5.5,2
Tierra del Fuego,2019,11,7.876666666666667,34.35,71.28333333333333,6.5,2
Tierra del Fuego,2019,12,10.11774193548387,48.55,67.90322580645162,8.5,2
Tierra del Fuego,2020,1,10.412903225806453,92.05000000000001,73.20967741935485,11.5,2
Tierra del Fuego,2020,2,11.0,31.849999999999998,72.93103448275862,6.0,2
Tierra del Fuego,2020,3,9.730645161290322,32.5,73.61290322580646,5.5,2
Tierra del Fuego,2020,4,7.136666666666667,9.35,75.43333333333334,2.5,2
Tierra del Fuego,2020,5,4.800000000000001,54.5,83.48387096774192,7.0,2
Tierra del Fuego,2020,6,0.9416666666666667,22.549999999999997,83.5574074074074,5.0,2
Tierra del Fuego,2020,7,-1.0999999999999999,24.15,87.40207373271889,5.5,2
Tierra del Fuego,2020,8,1.7645161290322582,29.0,81.06451612903226,5.5,2
Tierra del Fuego,2020,9,4.055,28.85,77.35,5.0,2
Tierra del Fuego,2020,10,6.582258064516129,26.349999999999998,72.82258064516128,6.0,2
Tierra del Fuego,2020,11,9.601666666666667,8.7,70.75,1.0,2
Tierra del Fuego,2020,12,9.9,25.950000000000003,71.82258064516128,4.5,2
Tierra del Fuego,2021,1,10.670967741935485,29.95,67.32258064516128,5.5,2
Tierra del Fuego,2021,2,11.251785714285713,16.35,71.19642857142858,2.5,2
Tierra del Fuego,2021,3,8.993548387096773,27.450000000000003,70.96774193548387,5.5,2
Tierra del Fuego,2021,4,6.873333333333333,26.2,78.73333333333333,5.0,2
Tierra del Fuego,2021,5,3.9725806451612904,34.5,84.35483870967742,7.0,2
Tierra del Fuego,2021,6,2.5633333333333335,15.5,85.03333333333333,3.0,2
Tierra del Fuego,2021,7,2.4387096774193546,39.95,83.70967741935485,8.0,2
Tierra del Fuego,2021,8,3.129032258064516,29.05,79.20967741935485,6.5,2
Tierra del Fuego,2021,9,5.390000000000001,15.6,72.96666666666667,3.0,2
Tierra del Fuego,2021,10,6.643548387096773,18.950000000000003,67.06451612903226,5.0,2
Tierra del Fuego,2021,11,8.38,28.1,67.85,5.5,2
Tierra del Fuego,2021,12,10.953225806451613,14.4,62.903225806451616,3.0,2
Tierra del Fuego,2022,1,9.501612903225805,43.45,68.20967741935483,6.0,2
Tierra del Fuego,2022,2,9.939285714285715,27.0,68.69642857142857,4.0,2
Tierra del Fuego,2022,3,7.843548387096774,54.5,75.2741935483871,9.0,2
Tierra del Fuego,2022,4,5.101666666666667,14.05,79.4,3.0,2
Tierra del Fuego,2022,5,4.47741935483871,20.5,80.7741935483871,4.5,2
Tierra del Fuego,2022,6,2.4383333333333335,16.25,79.91666666666666,4.5,2
Tierra del Fuego,2022,7,0.8209677419354838,14.05,81.25806451612902,4.5,2
Tierra del Fuego,2022,8,3.162903225806452,17.7,80.48387096774194,5.5,2
Tierra del Fuego,2022,9,4.851666666666667,15.100000000000001,72.41666666666666,5.0,2
Tierra del Fuego,2022,10,6.791935483870968,12.1,66.70967741935485,3.5,2
Tierra del Fuego,2022,11,10.003333333333334,8.7,63.7,2.5,2
Tierra del Fuego,2022,12,9.725806451612904,27.400000000000002,64.12903225806451,5.0,2
Tierra del Fuego,2023,1,11.495161290322581,13.95,64.2741935483871,4.0,2
Tierra del Fuego,2023,2,10.008928571428573,41.7,68.75,7.0,2
Tierra del Fuego,2023,3,6.748387096774193,45.1,72.95161290322581,7.5,2
Tierra del Fuego,2023,4,5.471666666666667,16.15,75.33333333333334,5.0,2
Tierra del Fuego,2023,5,5.203225806451613,21.85,79.88709677419354,3.5,2
Tierra del Fuego,2023,6,2.0783333333333336,16.0,84.0,3.5,2
Tierra del Fuego,2023,7,0.7596774193548386,14.25,82.96774193548387,4.0,2
Tierra del Fuego,2023,8,1.9774193548387098,29.15,82.48387096774194,5.0,2
Tierra del Fuego,2023,9,3.42,10.850000000000001,74.75,2.5,2
Tierra del Fuego,2023,10,6.419354838709677,14.95,66.25806451612902,3.0,2
Tierra del Fuego,2023,11,7.056666666666667,30.6,66.9,6.5,2
Tierra del Fuego,2023,12,9.569354838709677,16.35,64.01612903225806,4.5,2
Tierra del Fuego,2024,1,10.940322580645162,32.3,63.61290322580645,6.0,2
Tierra del Fuego,2024,2,10.91551724137931,49.0,71.65517241379311,7.0,2
Tierra del Fuego,2024,3,7.590322580645161,40.5,75.46774193548387,8.0,2
Tierra del Fuego,2024,4,5.588333333333333,41.25,77.41666666666666,6.5,2
Tierra del Fuego,2024,5,2.7435483870967743,47.65,83.09677419354838,8.0,2
Tierra del Fuego,2024,6,-1.9416666666666669,14.649999999999999,86.5202380952381,4.0,2
Tierra del Fuego,2024,7,2.008064516129032,38.25,82.67741935483872,8.5,2
Tierra del Fuego,2024,8,2.956451612903226,19.05,83.82258064516128,5.0,2
Tierra del Fuego,2024,9,3.46,16.6,70.48333333333333,4.5,2
Tierra del Fuego,2024,10,7.482258064516129,15.649999999999999,68.25806451612902,3.5,2
Tierra del Fuego,2024,11,8.58,34.7,69.13333333333333,6.5,2
Tierra del Fuego,2024,12,10.124193548387098,25.35,68.06451612903226,6.0,2
Tierra del Fuego,2025,1,11.743548387096775,47.75,67.2741935483871,8.0,2
Tierra del Fuego,2025,2,9.228571428571428,35.5,69.75,8.0,2
Tierra del Fuego,2025,3,8.519354838709678,55.349999999999994,73.2258064516129,9.0,2
Tierra del Fuego,2025,4,6.796666666666667,18.9,78.83333333333333,4.0,2
Tierra del Fuego,2025,5,3.5838709677419356,28.25,80.98387096774194,6.5,2
Tierra del Fuego,2025,6,2.1233333333333335,17.85,86.13333333333333,3.0,2
Tierra del Fuego,2025,7,2.346774193548387,13.75,82.61290322580645,3.5,2
Tierra del Fuego,2025,8,3.5677419354838706,7.85,78.75806451612902,1.5,2
Tierra del Fuego,2025,9,5.201666666666666,14.5,73.66666666666666,2.5,2
Tierra del Fuego,2025,10,6.835483870967742,20.0,68.1774193548387,3.0,2
Tierra del Fuego,2025,11,8.276666666666666,49.1,69.85,6.5,2
Tierra del Fuego,2025,12,9.022580645161291,35.9,67.24193548387096,6.0,2
Tucumán,2018,1,24.81935483870968,419.0,74.74193548387096,14.0,1
Tucumán,2018,2,24.50357142857143,134.5,73.82142857142857,6.0,1
Tucumán,2018,3,22.316129032258065,38.0,74.93548387096774,4.0,1
Tucumán,2018,4,22.123333333333335,27.7,81.2,4.0,1
Tucumán,2018,5,17.467741935483872,30.6,82.35483870967742,4.0,1
Tucumán,2018,6,11.363333333333333,4.0,70.33333333333333,1.0,1
Tucumán,2018,7,10.303225806451612,10.9,71.09677419354838,3.0,1
Tucumán,2018,8,14.680645161290323,1.0,51.25806451612903,0.0,1
Tucumán,2018,9,21.256666666666668,12.3,57.36666666666667,3.0,1
Tucumán,2018,10,20.51290322580645,67.5,71.41935483870968,7.0,1
Tucumán,2018,11,23.90666666666667,86.8,71.06666666666666,7.0,1
Tucumán,2018,12,24.29032258064516,214.4,74.74193548387096,10.0,1
Tucumán,2019,1,25.016129032258064,172.6,79.25806451612904,12.0,1
Tucumán,2019,2,24.357142857142858,91.1,76.78571428571429,5.0,1
Tucumán,2019,3,20.648387096774194,201.1,83.58064516129032,11.0,1
Tucumán,2019,4,19.59,137.5,82.93333333333334,11.0,1
Tucumán,2019,5,16.01290322580645,33.0,81.29032258064517,5.0,1
Tucumán,2019,6,13.323333333333332,14.0,79.96666666666667,4.0,1
Tucumán,2019,7,12.861290322580645,0.2,72.64516129032258,0.0,1
Tucumán,2019,8,14.654838709677419,0.0,58.064516129032256,0.0,1
Tucumán,2019,9,17.83,4.0,54.833333333333336,1.0,1
Tucumán,2019,10,21.690322580645162,16.0,59.41935483870968,2.0,1
Tucumán,2019,11,24.709999999999997,152.9,71.73333333333333,9.0,1
Tucumán,2019,12,25.516129032258064,52.0,66.06451612903226,8.0,1
Tucumán,2020,1,26.17096774193548,294.0,73.58064516129032,7.0,1
Tucumán,2020,2,24.217241379310344,209.3,77.82758620689656,6.0,1
Tucumán,2020,3,24.73225806451613,79.5,76.38709677419355,6.0,1
Tucumán,2020,4,20.246666666666666,34.8,77.76666666666667,2.0,1
Tucumán,2020,5,15.929032258064517,0.0,69.7741935483871,0.0,1
Tucumán,2020,6,13.5,3.7999999999999994,69.6,1.0,1
Tucumán,2020,7,11.441935483870967,0.0,64.48387096774194,0.0,1
Tucumán,2020,8,15.367741935483872,0.2,51.61290322580645,0.0,1
Tucumán,2020,9,19.933333333333334,0.0,46.1,0.0,1
Tucumán,2020,10,22.845161290322583,10.5,51.29032258064516,3.0,1
Tucumán,2020,11,25.006666666666668,141.3,58.0,5.0,1
Tucumán,2020,12,25.57741935483871,193.3,62.54838709677419,8.0,1
Tucumán,2021,1,24.770967741935483,186.4,73.9,8.0,1
Tucumán,2021,2,23.34642857142857,174.3,80.35714285714286,7.0,1
Tucumán,2021,3,22.154838709677417,93.1,82.58064516129032,11.0,1
Tucumán,2021,4,20.836666666666666,21.4,82.2,4.0,1
Tucumán,2021,5,15.55483870967742,24.6,77.16129032258064,2.0,1
Tucumán,2021,6,11.973333333333333,9.3,77.23333333333333,3.0,1
Tucumán,2021,7,12.899999999999999,0.0,61.806451612903224,0.0,1
Tucumán,2021,8,15.603225806451613,0.0,49.96774193548387,0.0,1
Tucumán,2021,9,19.533333333333335,2.6,57.2,0.0,1
Tucumán,2021,10,22.725806451612904,26.0,47.064516129032256,3.0,1
Tucumán,2021,11,22.66,154.6,68.53333333333333,8.0,1
Tucumán,2021,12,25.664516129032258,109.0,71.06451612903226,9.0,1
Tucumán,2022,1,27.006451612903227,142.2,66.35483870967742,9.0,1
Tucumán,2022,2,23.86785714285714,128.9,76.17857142857143,9.0,1
Tucumán,2022,3,21.038709677419355,161.0,77.96774193548387,7.0,1
Tucumán,2022,4,18.956666666666667,117.0,78.83333333333333,3.0,1
Tucumán,2022,5,14.774193548387096,0.8999999999999999,77.2258064516129,0.0,1
Tucumán,2022,6,11.336666666666668,2.2,74.7,1.0,1
Tucumán,2022,7,13.841935483870968,8.5,66.61290322580645,2.0,1
Tucumán,2022,8,14.948387096774193,3.0,53.12903225806452,1.0,1
Tucumán,2022,9,17.07,27.2,47.03333333333333,2.0,1
Tucumán,2022,10,21.112903225806452,13.3,48.25806451612903,3.0,1
Tucumán,2022,11,25.273333333333333,96.3,44.733333333333334,6.0,1
Tucumán,2022,12,26.080645161290324,115.0,60.064516129032256,8.0,1
Tucumán,2023,1,26.796774193548387,170.9,62.70967741935484,5.0,1
Tucumán,2023,2,25.05,108.1,69.53571428571429,7.0,1
Tucumán,2023,3,26.651612903225807,128.6,70.38709677419355,5.0,1
Tucumán,2023,4,19.45,131.4,82.86666666666666,7.0,1
Tucumán,2023,5,17.116129032258065,22.0,79.61290322580645,4.0,1
Tucumán,2023,6,13.843333333333334,3.3,79.86666666666666,1.0,1
Tucumán,2023,7,13.906451612903227,15.5,79.54838709677419,3.0,1
Tucumán,2023,8,16.958064516129035,2.5,58.483870967741936,1.0,1
Tucumán,2023,9,18.246666666666666,7.900000000000001,63.8,1.0,1
Tucumán,2023,10,21.58709677419355,52.7,58.83870967741935,4.0,1
Tucumán,2023,11,24.07,52.7,64.63333333333334,4.0,1
Tucumán,2023,12,24.451612903225808,190.4,79.87096774193549,13.0,1
Tucumán,2024,1,25.61935483870968,107.1,75.3225806451613,6.0,1
Tucumán,2024,2,26.017241379310345,153.7,76.82758620689656,9.0,1
Tucumán,2024,3,25.148387096774194,165.9,83.93548387096774,8.0,1
Tucumán,2024,4,19.08,52.6,87.93333333333334,8.0,1
Tucumán,2024,5,12.125806451612902,13.2,83.61290322580645,4.0,1
Tucumán,2024,6,14.363333333333333,6.7,78.0,1.0,1
Tucumán,2024,7,11.04516129032258,0.0,65.2258064516129,0.0,1
Tucumán,2024,8,14.025806451612903,7.7,62.96774193548387,2.0,1
Tucumán,2024,9,20.846666666666668,11.1,51.06666666666667,1.0,1
Tucumán,2024,10,23.148387096774194,124.79999999999998,65.35483870967742,7.0,1
Tucumán,2024,11,23.026666666666664,109.3,78.76666666666667,10.0,1
Tucumán,2024,12,24.893548387096775,50.400000000000006,66.25806451612904,5.0,1
Tucumán,2025,1,26.009677419354837,134.4,69.38709677419355,9.0,1
Tucumán,2025,2,28.400000000000002,50.7,67.71428571428571,7.0,1
Tucumán,2025,3,22.664516129032258,189.2,81.29032258064517,10.0,1
Tucumán,2025,4,18.173333333333336,76.39999999999999,82.6,4.0,1
Tucumán,2025,5,17.490322580645163,23.1,82.45161290322581,4.0,1
Tucumán,2025,6,11.66,3.6,74.96666666666667,1.0,1
Tucumán,2025,7,12.961290322580645,19.8,77.41935483870968,2.0,1
Tucumán,2025,8,14.7,2.8,60.774193548387096,1.0,1
Tucumán,2025,9,19.706666666666667,1.6,55.333333333333336,1.0,1
Tucumán,2025,10,21.81935483870968,81.0,56.0,5.0,1
Tucumán,2025,11,23.75,26.2,61.733333333333334,4.0,1
Tucumán,2025,12,25.15806451612903,156.9,71.38709677419355,10.0,1
