provincia,año,SE,temp_media,precip_mm,hum_rel,dias_lluvia,n_estaciones
Buenos Aires,2018,1,23.637662337662338,15.031818181818181,48.20779220779221,1.0,22
Buenos Aires,2018,2,25.556493506493506,32.95454545454545,59.88311688311688,1.5,22
Buenos Aires,2018,3,24.375324675324677,4.654545454545454,61.8896103896104,0.6363636363636364,22
Buenos Aires,2018,4,22.872077922077924,10.763636363636364,61.65584415584415,0.7727272727272727,22
Buenos Aires,2018,5,25.11558441558441,5.559090909090909,59.01948051948052,0.4090909090909091,22
Buenos Aires,2018,6,24.703896103896103,14.659090909090908,56.96103896103896,1.1363636363636365,22
Buenos Aires,2018,7,23.97012987012987,21.14090909090909,55.324675324675326,0.9545454545454546,22
Buenos Aires,2018,8,21.3,1.8136363636363635,65.96103896103897,0.3181818181818182,22
Buenos Aires,2018,9,24.122727272727275,7.245454545454546,65.6948051948052,0.5454545454545454,22
Buenos Aires,2018,10,21.025974025974026,7.6863636363636365,56.94155844155844,0.6363636363636364,22
Buenos Aires,2018,11,19.133766233766234,38.98636363636364,58.87662337662337,2.1363636363636362,22
Buenos Aires,2018,12,16.57922077922078,10.986363636363636,65.0909090909091,1.3181818181818181,22
Buenos Aires,2018,13,19.455194805194807,10.686363636363637,69.98701298701299,0.3181818181818182,22
Buenos Aires,2018,14,18.148701298701297,30.44545454545454,77.1948051948052,1.7727272727272727,22
Buenos Aires,2018,15,18.461038961038962,20.654545454545453,70.03246753246754,1.2727272727272727,22
Buenos Aires,2018,16,20.850649350649352,33.49090909090909,81.87662337662337,2.090909090909091,22
Buenos Aires,2018,17,18.387012987012987,55.709090909090904,84.85714285714286,2.272727272727273,22
Buenos Aires,2018,18,15.27012987012987,18.540909090909093,85.53896103896103,2.1818181818181817,22
Buenos Aires,2018,19,16.53181818181818,50.97727272727273,86.8961038961039,2.272727272727273,22
Buenos Aires,2018,20,11.474025974025976,7.172727272727273,79.81168831168831,1.4545454545454546,22
Buenos Aires,2018,21,11.263636363636364,0.8727272727272727,75.15584415584416,0.18181818181818182,22
Buenos Aires,2018,22,11.16948051948052,42.43636363636364,81.28571428571428,1.9545454545454546,22
Buenos Aires,2018,23,8.856493506493507,1.981818181818182,78.13636363636364,0.4090909090909091,22
Buenos Aires,2018,24,6.915584415584416,11.627272727272727,82.04545454545455,1.2727272727272727,22
Buenos Aires,2018,25,8.483116883116883,0.5409090909090909,66.56493506493507,0.09090909090909091,22
Buenos Aires,2018,26,10.115584415584415,4.75,75.01948051948051,0.6363636363636364,22
Buenos Aires,2018,27,7.2318181818181815,15.418181818181818,82.36363636363636,1.9090909090909092,22
Buenos Aires,2018,28,9.347402597402597,0.009090909090909092,78.28571428571428,0.0,22
Buenos Aires,2018,29,8.26038961038961,27.922727272727272,83.81818181818181,2.5,22
Buenos Aires,2018,30,8.434415584415584,25.99090909090909,83.98051948051949,2.1363636363636362,22
Buenos Aires,2018,31,7.422077922077921,0.2863636363636364,74.9935064935065,0.09090909090909091,22
Buenos Aires,2018,32,10.354545454545455,21.272727272727273,81.34415584415584,1.6818181818181819,22
Buenos Aires,2018,33,10.611038961038961,12.227272727272727,76.85714285714286,1.4090909090909092,22
Buenos Aires,2018,34,8.70064935064935,0.23181818181818184,67.4935064935065,0.045454545454545456,22
Buenos Aires,2018,35,11.346103896103896,4.381818181818182,68.12337662337663,0.4090909090909091,22
Buenos Aires,2018,36,13.703246753246754,11.136363636363637,67.1948051948052,1.0,22
Buenos Aires,2018,37,14.242857142857144,10.545454545454545,84.81168831168831,1.0909090909090908,22
Buenos Aires,2018,38,16.81103896103896,24.127272727272725,69.74675324675324,1.4090909090909092,22
Buenos Aires,2018,39,14.98961038961039,68.55454545454546,76.15584415584416,2.727272727272727,22
Buenos Aires,2018,40,13.670779220779222,0.0,61.714285714285715,0.0,22
Buenos Aires,2018,41,15.457792207792208,6.418181818181818,62.31818181818182,0.9545454545454546,22
Buenos Aires,2018,42,17.198051948051948,16.831818181818182,72.12337662337663,2.1363636363636362,22
Buenos Aires,2018,43,15.224675324675324,7.209090909090909,75.92207792207792,1.4090909090909092,22
Buenos Aires,2018,44,16.78181818181818,23.922727272727272,73.92857142857143,2.3636363636363638,22
Buenos Aires,2018,45,20.077056277056275,63.03181818181818,70.53896103896103,2.227272727272727,22
Buenos Aires,2018,46,18.25974025974026,53.58181818181818,70.53246753246754,3.272727272727273,22
Buenos Aires,2018,47,20.324675324675322,8.840909090909092,61.58441558441559,1.1363636363636365,22
Buenos Aires,2018,48,18.857792207792208,10.836363636363636,65.15584415584415,0.9545454545454546,22
Buenos Aires,2018,49,18.820129870129872,4.931818181818182,58.30519480519481,0.8181818181818182,22
Buenos Aires,2018,50,21.96948051948052,75.55454545454546,63.40909090909091,3.1363636363636362,22
Buenos Aires,2018,51,21.52857142857143,19.04090909090909,69.31818181818181,1.3181818181818181,22
Buenos Aires,2018,52,25.332727272727276,47.34090909090909,61.06103896103896,2.1818181818181817,22
Buenos Aires,2019,1,22.997278911564624,43.945454545454545,66.578231292517,2.4545454545454546,21
Buenos Aires,2019,2,21.59455782312925,37.89090909090909,69.02721088435375,1.7727272727272727,21
Buenos Aires,2019,3,21.33214285714286,10.377272727272727,68.80627705627705,1.0909090909090908,22
Buenos Aires,2019,4,24.513636363636362,30.922727272727272,73.27272727272727,1.5,22
Buenos Aires,2019,5,24.27467532467533,21.013636363636362,67.33766233766234,0.6818181818181818,22
Buenos Aires,2019,6,23.91818181818182,14.227272727272727,66.74025974025973,0.9545454545454546,22
Buenos Aires,2019,7,20.824675324675326,2.786363636363636,64.96103896103897,0.6363636363636364,22
Buenos Aires,2019,8,24.369372294372294,38.199999999999996,68.90259740259741,1.9545454545454546,22
Buenos Aires,2019,9,18.37077922077922,34.372727272727275,61.96103896103896,1.5,22
Buenos Aires,2019,10,19.974025974025974,14.786363636363637,71.42207792207792,0.8181818181818182,22
Buenos Aires,2019,11,19.889718614718614,34.64545454545455,80.88852813852814,2.272727272727273,22
Buenos Aires,2019,12,16.344805194805193,7.295454545454546,70.86363636363636,0.8636363636363636,22
Buenos Aires,2019,13,18.214935064935062,1.8090909090909089,74.48701298701299,0.3181818181818182,22
Buenos Aires,2019,14,18.40909090909091,14.404545454545454,72.13636363636364,1.4090909090909092,22
Buenos Aires,2019,15,17.455194805194807,11.14090909090909,71.37012987012987,1.0454545454545454,22
Buenos Aires,2019,16,16.50194805194805,0.5909090909090909,72.05844155844156,0.045454545454545456,22
Buenos Aires,2019,17,15.175324675324676,16.686363636363637,80.27922077922078,1.1818181818181819,22
Buenos Aires,2019,18,15.114285714285716,8.35,71.74025974025973,0.6818181818181818,22
Buenos Aires,2019,19,13.686363636363637,26.322727272727274,80.04545454545455,1.4090909090909092,22
Buenos Aires,2019,20,13.611688311688312,12.436363636363637,78.26623376623377,1.2272727272727273,22
Buenos Aires,2019,21,10.913636363636364,7.568181818181818,76.84415584415585,0.5,22
Buenos Aires,2019,22,10.1487012987013,1.5454545454545454,82.52597402597404,0.36363636363636365,22
Buenos Aires,2019,23,12.268181818181818,1.2454545454545454,72.56493506493506,0.22727272727272727,22
Buenos Aires,2019,24,12.453246753246754,57.65,88.35064935064935,3.5,22
Buenos Aires,2019,25,11.63051948051948,44.36363636363637,84.65584415584416,1.5,22
Buenos Aires,2019,26,8.746103896103897,8.263636363636364,76.97402597402596,1.0909090909090908,22
Buenos Aires,2019,27,5.3603896103896105,1.8454545454545455,70.16233766233766,0.22727272727272727,22
Buenos Aires,2019,28,8.87922077922078,15.27727272727273,80.05194805194805,0.36363636363636365,22
Buenos Aires,2019,29,10.93961038961039,8.031818181818181,75.23376623376623,0.45454545454545453,22
Buenos Aires,2019,30,7.961688311688311,7.077272727272727,74.5,0.6363636363636364,22
Buenos Aires,2019,31,10.132792207792209,0.12272727272727274,66.76515151515152,0.0,22
Buenos Aires,2019,32,9.548051948051947,3.727272727272727,64.16233766233766,0.5909090909090909,22
Buenos Aires,2019,33,7.633116883116883,7.6909090909090905,71.09740259740259,0.7727272727272727,22
Buenos Aires,2019,34,9.137012987012987,0.5136363636363637,71.32467532467533,0.18181818181818182,22
Buenos Aires,2019,35,13.5974025974026,4.1000000000000005,67.83116883116882,0.5454545454545454,22
Buenos Aires,2019,36,8.594805194805195,1.0999999999999999,69.74025974025973,0.22727272727272727,22
Buenos Aires,2019,37,11.8512987012987,11.418181818181818,76.96103896103897,1.0909090909090908,22
Buenos Aires,2019,38,12.702597402597403,0.0,47.4025974025974,0.0,22
Buenos Aires,2019,39,17.65714285714286,3.3227272727272723,56.675324675324674,0.3181818181818182,22
Buenos Aires,2019,40,13.236363636363636,17.33636363636364,64.42207792207792,1.7272727272727273,22
Buenos Aires,2019,41,17.612337662337662,50.49545454545455,60.41558441558441,2.0,22
Buenos Aires,2019,42,13.84935064935065,28.60909090909091,73.37012987012987,2.5,22
Buenos Aires,2019,43,17.411688311688312,20.849999999999998,64.27922077922078,2.0,22
Buenos Aires,2019,44,17.544805194805193,9.013636363636364,69.16233766233766,1.1363636363636365,22
Buenos Aires,2019,45,19.06038961038961,12.52727272727273,60.688311688311686,0.8636363636363636,22
Buenos Aires,2019,46,22.383766233766234,11.068181818181818,64.6038961038961,1.3636363636363635,22
Buenos Aires,2019,47,21.51103896103896,24.65909090909091,59.746753246753244,1.8636363636363635,22
Buenos Aires,2019,48,19.96168831168831,8.245454545454546,53.43506493506493,1.0909090909090908,22
Buenos Aires,2019,49,20.265584415584417,5.309090909090909,52.25324675324675,1.0,22
Buenos Aires,2019,50,23.182467532467534,7.795454545454546,49.214285714285715,1.2727272727272727,22
Buenos Aires,2019,51,21.63025974025974,13.204545454545455,56.39350649350649,1.4545454545454546,22
Buenos Aires,2019,52,23.687662337662342,35.91818181818182,65.47943722943722,2.5454545454545454,22
Buenos Aires,2020,1,22.745454545454546,52.654545454545456,73.92207792207792,1.9090909090909092,22
Buenos Aires,2020,2,22.929220779220778,6.159090909090909,54.16233766233767,0.6363636363636364,22
Buenos Aires,2020,3,22.484415584415583,29.731818181818184,60.35714285714286,1.4090909090909092,22
Buenos Aires,2020,4,25.679870129870128,10.290909090909091,65.59740259740259,1.0454545454545454,22
Buenos Aires,2020,5,22.30064935064935,7.295454545454546,57.0,0.7272727272727273,22
Buenos Aires,2020,6,24.057792207792208,37.02272727272727,71.88961038961038,2.0454545454545454,22
Buenos Aires,2020,7,22.843506493506496,17.64090909090909,66.13636363636364,1.2727272727272727,22
Buenos Aires,2020,8,19.18896103896104,23.063636363636366,64.94155844155844,1.0454545454545454,22
Buenos Aires,2020,9,22.673376623376626,0.4818181818181818,60.04545454545455,0.13636363636363635,22
Buenos Aires,2020,10,25.21103896103896,1.2181818181818183,62.24025974025974,0.2727272727272727,22
Buenos Aires,2020,11,20.904545454545453,73.19090909090909,74.24675324675324,3.0,22
Buenos Aires,2020,12,19.834415584415584,23.481818181818184,74.16883116883118,1.7727272727272727,22
Buenos Aires,2020,13,22.404545454545453,23.84090909090909,76.40259740259741,1.4090909090909092,22
Buenos Aires,2020,14,17.960389610389612,42.0,78.85064935064935,2.3181818181818183,22
Buenos Aires,2020,15,14.395454545454545,10.822727272727272,72.27272727272727,0.6818181818181818,22
Buenos Aires,2020,16,15.61948051948052,7.3136363636363635,72.14935064935065,0.5909090909090909,22
Buenos Aires,2020,17,16.856493506493507,25.031818181818185,78.54545454545455,2.227272727272727,22
Buenos Aires,2020,18,14.794805194805194,60.04545454545455,82.36363636363636,2.3181818181818183,22
Buenos Aires,2020,19,13.04025974025974,6.131818181818182,74.66233766233766,0.8636363636363636,22
Buenos Aires,2020,20,13.011688311688312,0.5,67.02597402597402,0.09090909090909091,22
Buenos Aires,2020,21,12.946103896103894,7.4409090909090905,76.22727272727273,0.8181818181818182,22
Buenos Aires,2020,22,11.366233766233766,1.2090909090909092,79.92857142857143,0.3181818181818182,22
Buenos Aires,2020,23,10.231818181818182,1.6863636363636365,84.74675324675324,0.36363636363636365,22
Buenos Aires,2020,24,9.805844155844156,0.6454545454545454,73.13636363636364,0.09090909090909091,22
Buenos Aires,2020,25,12.376623376623376,30.422727272727272,77.83116883116882,1.5454545454545454,22
Buenos Aires,2020,26,7.788961038961039,6.245454545454546,79.66883116883118,1.0,22
Buenos Aires,2020,27,8.011688311688312,25.645454545454548,83.37662337662337,2.0454545454545454,22
Buenos Aires,2020,28,6.561688311688312,1.7954545454545454,73.66883116883118,0.45454545454545453,22
Buenos Aires,2020,29,8.614285714285714,0.5045454545454545,73.27272727272727,0.09090909090909091,22
Buenos Aires,2020,30,9.63961038961039,21.081818181818182,82.94805194805195,2.0,22
Buenos Aires,2020,31,8.37987012987013,0.16363636363636364,69.28571428571428,0.045454545454545456,22
Buenos Aires,2020,32,13.173376623376623,4.122727272727273,79.01948051948051,0.7272727272727273,22
Buenos Aires,2020,33,8.95974025974026,0.004545454545454546,52.30519480519481,0.0,22
Buenos Aires,2020,34,9.153246753246753,0.3,53.18181818181818,0.045454545454545456,22
Buenos Aires,2020,35,12.365584415584415,16.45909090909091,74.51948051948052,1.6818181818181819,22
Buenos Aires,2020,36,8.996103896103897,20.522727272727273,74.73376623376623,1.4090909090909092,22
Buenos Aires,2020,37,12.484415584415585,5.109090909090909,67.9935064935065,0.9545454545454546,22
Buenos Aires,2020,38,12.3,0.013636363636363636,52.80519480519481,0.0,22
Buenos Aires,2020,39,14.009090909090908,44.67272727272727,71.35714285714286,2.272727272727273,22
Buenos Aires,2020,40,12.655194805194805,4.1863636363636365,62.95454545454545,0.5454545454545454,22
Buenos Aires,2020,41,14.175324675324674,5.863636363636363,63.40909090909091,0.6363636363636364,22
Buenos Aires,2020,42,18.876623376623375,22.736363636363635,67.73376623376623,1.0454545454545454,22
Buenos Aires,2020,43,16.02077922077922,65.45,79.65584415584415,3.6363636363636362,22
Buenos Aires,2020,44,15.504545454545456,2.1545454545454543,62.44155844155844,0.36363636363636365,22
Buenos Aires,2020,45,19.633116883116884,1.0272727272727273,63.75974025974026,0.18181818181818182,22
Buenos Aires,2020,46,20.135714285714286,14.077272727272726,69.35714285714286,1.1363636363636365,22
Buenos Aires,2020,47,20.506493506493506,5.818181818181818,59.324675324675326,0.5909090909090909,22
Buenos Aires,2020,48,21.796103896103897,35.75,61.77922077922078,2.3636363636363638,22
Buenos Aires,2020,49,19.077272727272728,6.881818181818182,54.27922077922078,0.45454545454545453,22
Buenos Aires,2020,50,22.953896103896103,14.013636363636364,51.370129870129865,1.6363636363636365,22
Buenos Aires,2020,51,21.31883116883117,15.295454545454545,52.51298701298701,1.3636363636363635,22
Buenos Aires,2020,52,25.387012987012987,0.7863636363636364,53.57142857142858,0.09090909090909091,22
Buenos Aires,2020,53,24.496103896103897,15.9,55.188311688311686,1.5,22
Buenos Aires,2021,1,22.357792207792208,81.70454545454545,69.74025974025973,2.8636363636363638,22
Buenos Aires,2021,2,21.01233766233766,16.990909090909092,62.20779220779221,1.5454545454545454,22
Buenos Aires,2021,3,26.494805194805192,0.0,56.2987012987013,0.0,22
Buenos Aires,2021,4,23.007142857142856,34.54090909090909,62.69480519480519,2.3636363636363638,22
Buenos Aires,2021,5,21.588311688311688,14.44090909090909,68.44805194805195,1.0909090909090908,22
Buenos Aires,2021,6,21.242857142857144,28.60909090909091,76.57792207792208,2.727272727272727,22
Buenos Aires,2021,7,21.43116883116883,21.63181818181818,59.564935064935064,1.2727272727272727,22
Buenos Aires,2021,8,23.78961038961039,6.077272727272727,62.44805194805195,0.4090909090909091,22
Buenos Aires,2021,9,22.98701298701299,6.618181818181818,71.05844155844156,0.8636363636363636,22
Buenos Aires,2021,10,21.492207792207793,5.245454545454545,64.36363636363636,0.5909090909090909,22
Buenos Aires,2021,11,17.605194805194802,34.38636363636363,75.07792207792208,2.5454545454545454,22
Buenos Aires,2021,12,18.801948051948052,55.20454545454545,81.66883116883118,2.6363636363636362,22
Buenos Aires,2021,13,18.526623376623377,0.13636363636363635,74.15584415584416,0.045454545454545456,22
Buenos Aires,2021,14,20.212337662337664,64.08181818181818,82.20779220779221,2.772727272727273,22
Buenos Aires,2021,15,18.406493506493508,1.9318181818181819,77.12987012987013,0.13636363636363635,22
Buenos Aires,2021,16,18.304545454545455,24.84090909090909,79.0909090909091,1.5454545454545454,22
Buenos Aires,2021,17,16.16038961038961,4.2272727272727275,75.6948051948052,0.4090909090909091,22
Buenos Aires,2021,18,11.20974025974026,9.931818181818182,75.16233766233766,0.7272727272727273,22
Buenos Aires,2021,19,10.93051948051948,0.09090909090909091,70.87662337662337,0.045454545454545456,22
Buenos Aires,2021,20,11.381818181818183,60.277272727272724,84.76623376623377,3.0,22
Buenos Aires,2021,21,11.072077922077922,0.2863636363636364,67.1038961038961,0.13636363636363635,22
Buenos Aires,2021,22,11.516233766233766,1.9636363636363634,72.75974025974027,0.3181818181818182,22
Buenos Aires,2021,23,12.268831168831168,0.5,78.31818181818181,0.09090909090909091,22
Buenos Aires,2021,24,5.87987012987013,0.7136363636363637,77.61038961038962,0.2727272727272727,22
Buenos Aires,2021,25,9.185714285714285,9.377272727272727,83.05194805194805,1.3636363636363635,22
Buenos Aires,2021,26,7.398701298701298,0.7363636363636363,73.37662337662337,0.13636363636363635,22
Buenos Aires,2021,27,11.093506493506494,11.263636363636364,78.20779220779221,1.5,22
Buenos Aires,2021,28,8.202597402597403,2.786363636363636,73.9935064935065,0.36363636363636365,22
Buenos Aires,2021,29,10.168831168831169,8.64090909090909,71.48701298701299,0.6818181818181818,22
Buenos Aires,2021,30,6.988311688311688,1.25,66.18831168831169,0.13636363636363635,22
Buenos Aires,2021,31,10.777272727272727,25.45909090909091,76.94155844155844,0.8181818181818182,22
Buenos Aires,2021,32,6.952597402597402,0.20454545454545456,75.46103896103897,0.045454545454545456,22
Buenos Aires,2021,33,12.442857142857143,3.6727272727272724,71.77922077922078,0.7272727272727273,22
Buenos Aires,2021,34,10.603896103896103,0.25,58.18181818181818,0.045454545454545456,22
Buenos Aires,2021,35,14.398701298701297,43.77272727272727,82.35714285714286,2.0454545454545454,22
Buenos Aires,2021,36,13.146753246753246,55.51363636363636,86.78571428571428,2.5454545454545454,22
Buenos Aires,2021,37,14.422077922077921,1.8181818181818181,67.14285714285714,0.22727272727272727,22
Buenos Aires,2021,38,13.637012987012987,2.231818181818182,74.57142857142857,0.4090909090909091,22
Buenos Aires,2021,39,12.99025974025974,20.072727272727274,72.84415584415585,1.6818181818181819,22
Buenos Aires,2021,40,13.4,1.2,62.9025974025974,0.18181818181818182,22
Buenos Aires,2021,41,15.398701298701297,5.927272727272728,70.72727272727273,1.0454545454545454,22
Buenos Aires,2021,42,17.042207792207794,12.890909090909092,63.26623376623377,1.2727272727272727,22
Buenos Aires,2021,43,22.448701298701298,12.804545454545455,57.25974025974026,0.6818181818181818,22
Buenos Aires,2021,44,16.983766233766236,10.977272727272727,74.8961038961039,1.5909090909090908,22
Buenos Aires,2021,45,19.34675324675325,26.972727272727273,66.04545454545455,1.4545454545454546,22
Buenos Aires,2021,46,20.052597402597403,4.368181818181818,56.48701298701299,0.7727272727272727,22
Buenos Aires,2021,47,21.522727272727273,47.00454545454545,61.95454545454545,2.5454545454545454,22
Buenos Aires,2021,48,19.125324675324677,22.104545454545455,70.06493506493506,1.7727272727272727,22
Buenos Aires,2021,49,22.10844155844156,19.299999999999997,70.07792207792208,1.5909090909090908,22
Buenos Aires,2021,50,22.443506493506494,6.4818181818181815,62.2987012987013,0.6818181818181818,22
Buenos Aires,2021,51,24.56883116883117,7.245454545454546,62.19480519480519,1.0454545454545454,22
Buenos Aires,2021,52,26.32922077922078,7.013636363636365,54.16883116883117,1.2272727272727273,22
Buenos Aires,2022,1,24.731818181818184,0.41363636363636364,51.798701298701296,0.09090909090909091,22
Buenos Aires,2022,2,28.98051948051948,21.83636363636364,50.006493506493506,1.3181818181818181,22
Buenos Aires,2022,3,21.784415584415584,92.68181818181819,82.22077922077922,4.136363636363637,22
Buenos Aires,2022,4,23.18896103896104,10.745454545454544,64.88311688311688,0.9545454545454546,22
Buenos Aires,2022,5,21.213636363636365,27.39090909090909,68.07142857142857,2.8636363636363638,22
Buenos Aires,2022,6,19.985714285714288,8.427272727272728,65.27922077922078,0.9545454545454546,22
Buenos Aires,2022,7,22.375974025974024,12.886363636363637,64.77272727272727,1.0909090909090908,22
Buenos Aires,2022,8,21.268181818181816,46.63181818181818,76.06493506493507,2.727272727272727,22
Buenos Aires,2022,9,21.246103896103897,36.15,67.81168831168831,1.5454545454545454,22
Buenos Aires,2022,10,18.843506493506496,5.836363636363637,68.13636363636364,0.7272727272727273,22
Buenos Aires,2022,11,18.9512987012987,7.118181818181818,67.64285714285714,0.8636363636363636,22
Buenos Aires,2022,12,17.544805194805193,60.122727272727275,80.3896103896104,2.8181818181818183,22
Buenos Aires,2022,13,15.203896103896103,4.45,65.73376623376623,0.7272727272727273,22
Buenos Aires,2022,14,17.945454545454545,33.70909090909091,73.46753246753246,1.5,22
Buenos Aires,2022,15,14.466233766233767,1.2636363636363637,73.81818181818181,0.2727272727272727,22
Buenos Aires,2022,16,15.981168831168832,22.981818181818184,73.28571428571428,1.3636363636363635,22
Buenos Aires,2022,17,12.391558441558441,21.295454545454547,67.12337662337663,0.8636363636363636,22
Buenos Aires,2022,18,13.546753246753246,0.0,74.94155844155844,0.0,22
Buenos Aires,2022,19,12.085064935064935,3.5681818181818183,75.41558441558442,0.3181818181818182,22
Buenos Aires,2022,20,10.266233766233766,0.7818181818181817,75.16883116883118,0.13636363636363635,22
Buenos Aires,2022,21,8.82857142857143,16.054545454545455,77.96753246753246,1.2727272727272727,22
Buenos Aires,2022,22,5.744805194805195,0.14545454545454548,75.51298701298701,0.045454545454545456,22
Buenos Aires,2022,23,8.083766233766234,0.30454545454545456,73.62987012987013,0.045454545454545456,22
Buenos Aires,2022,24,8.208441558441558,0.2727272727272727,71.81818181818181,0.045454545454545456,22
Buenos Aires,2022,25,5.566883116883117,0.11818181818181817,76.63636363636364,0.045454545454545456,22
Buenos Aires,2022,26,8.327272727272728,1.6590909090909092,71.23376623376623,0.5,22
Buenos Aires,2022,27,9.317532467532468,1.4772727272727273,73.0909090909091,0.2727272727272727,22
Buenos Aires,2022,28,8.107142857142858,0.740909090909091,75.31818181818181,0.09090909090909091,22
Buenos Aires,2022,29,9.976623376623376,4.136363636363637,75.53246753246754,0.2727272727272727,22
Buenos Aires,2022,30,11.846753246753247,39.96363636363637,81.68831168831169,2.4545454545454546,22
Buenos Aires,2022,31,9.202597402597403,1.009090909090909,80.1948051948052,0.22727272727272727,22
Buenos Aires,2022,32,11.05909090909091,9.204545454545455,76.08441558441558,0.7272727272727273,22
Buenos Aires,2022,33,9.574675324675324,2.6045454545454545,60.25974025974026,0.5,22
Buenos Aires,2022,34,12.2,8.540909090909091,68.17532467532467,0.7272727272727273,22
Buenos Aires,2022,35,12.055194805194805,1.3409090909090908,62.032467532467535,0.22727272727272727,22
Buenos Aires,2022,36,12.656493506493506,3.9045454545454548,61.44155844155844,0.5,22
Buenos Aires,2022,37,15.124675324675325,8.159090909090908,67.06493506493506,0.5909090909090909,22
Buenos Aires,2022,38,12.971428571428572,2.0500000000000003,67.64935064935065,0.5,22
Buenos Aires,2022,39,14.96038961038961,0.8363636363636363,60.350649350649356,0.13636363636363635,22
Buenos Aires,2022,40,14.454545454545455,6.195454545454546,62.65584415584415,1.2272727272727273,22
Buenos Aires,2022,41,14.326623376623377,1.781818181818182,55.30519480519481,0.2727272727272727,22
Buenos Aires,2022,42,15.852597402597404,7.6863636363636365,70.95454545454545,1.1818181818181819,22
Buenos Aires,2022,43,18.28831168831169,35.60909090909091,65.96103896103897,2.727272727272727,22
Buenos Aires,2022,44,17.602597402597404,0.05,55.35714285714286,0.0,22
Buenos Aires,2022,45,20.42077922077922,30.836363636363636,67.31818181818181,2.0,22
Buenos Aires,2022,46,22.146103896103895,19.650000000000002,64.61147186147186,2.1818181818181817,22
Buenos Aires,2022,47,21.62857142857143,2.85,59.753246753246756,0.5909090909090909,22
Buenos Aires,2022,48,23.235714285714288,25.422727272727272,62.33116883116883,1.2272727272727273,22
Buenos Aires,2022,49,26.786363636363635,20.486363636363635,52.8961038961039,2.227272727272727,22
Buenos Aires,2022,50,22.142207792207792,4.190909090909091,50.350649350649356,0.8181818181818182,22
Buenos Aires,2022,51,23.06883116883117,25.022727272727273,59.54545454545455,1.1818181818181819,22
Buenos Aires,2022,52,23.5,19.036363636363635,51.83116883116883,1.3181818181818181,22
Buenos Aires,2023,1,25.532467532467535,0.0,50.246753246753244,0.0,22
Buenos Aires,2023,2,24.545454545454547,9.340909090909092,55.175324675324674,0.6363636363636364,22
Buenos Aires,2023,3,25.596103896103898,29.80454545454546,64.98701298701299,1.9090909090909092,22
Buenos Aires,2023,4,25.042207792207794,16.186363636363637,63.42207792207792,1.5454545454545454,22
Buenos Aires,2023,5,23.465584415584416,13.85,68.73376623376623,1.1818181818181819,22
Buenos Aires,2023,6,27.827922077922075,21.5,57.58441558441559,1.4545454545454546,22
Buenos Aires,2023,7,18.742857142857144,8.0,57.92207792207792,1.0909090909090908,22
Buenos Aires,2023,8,23.438311688311686,4.1863636363636365,59.46103896103896,0.2727272727272727,22
Buenos Aires,2023,9,26.36038961038961,2.4,57.09090909090909,0.45454545454545453,22
Buenos Aires,2023,10,26.44935064935065,20.604545454545455,66.28571428571428,0.9545454545454546,22
Buenos Aires,2023,11,24.752597402597402,49.84090909090909,76.37662337662337,2.4545454545454546,22
Buenos Aires,2023,12,20.23961038961039,8.377272727272727,71.56493506493506,0.6818181818181818,22
Buenos Aires,2023,13,17.801298701298702,19.754545454545454,65.20779220779221,1.2272727272727273,22
Buenos Aires,2023,14,19.242207792207793,1.7545454545454546,74.1038961038961,0.13636363636363635,22
Buenos Aires,2023,15,14.931168831168831,7.004545454545454,72.68181818181819,0.8181818181818182,22
Buenos Aires,2023,16,14.163636363636364,8.30909090909091,73.84415584415584,1.0454545454545454,22
Buenos Aires,2023,17,18.07337662337662,6.55,76.44805194805195,0.8181818181818182,22
Buenos Aires,2023,18,12.921428571428573,19.53181818181818,71.71428571428572,1.1363636363636365,22
Buenos Aires,2023,19,13.485714285714288,0.0,75.27922077922078,0.0,22
Buenos Aires,2023,20,14.39935064935065,27.45,79.35714285714286,1.7727272727272727,22
Buenos Aires,2023,21,13.946103896103894,54.95,82.84415584415584,2.3181818181818183,22
Buenos Aires,2023,22,13.109523809523811,7.580952380952381,77.95238095238095,0.6190476190476191,21
Buenos Aires,2023,23,11.465306122448979,0.261904761904762,71.421768707483,0.047619047619047616,21
Buenos Aires,2023,24,6.222448979591837,0.40476190476190477,72.21088435374149,0.09523809523809523,21
Buenos Aires,2023,25,10.148299319727892,5.152380952380953,87.95238095238095,0.8095238095238095,21
Buenos Aires,2023,26,9.938095238095238,8.914285714285715,77.37414965986395,0.47619047619047616,21
Buenos Aires,2023,27,12.00952380952381,22.0,81.00680272108843,1.7619047619047619,21
Buenos Aires,2023,28,6.858503401360545,12.8,79.08843537414967,1.0952380952380953,21
Buenos Aires,2023,29,9.291836734693877,4.119047619047619,74.12925170068027,0.2857142857142857,21
Buenos Aires,2023,30,9.55578231292517,4.247619047619048,78.8843537414966,0.5714285714285714,21
Buenos Aires,2023,31,12.28299319727891,0.0,67.51700680272108,0.0,21
Buenos Aires,2023,32,9.172789115646259,2.961904761904762,66.82312925170068,0.5714285714285714,21
Buenos Aires,2023,33,11.985714285714286,43.333333333333336,69.59863945578232,1.7142857142857142,21
Buenos Aires,2023,34,9.372789115646258,8.042857142857143,64.70748299319727,0.6666666666666666,21
Buenos Aires,2023,35,11.618367346938774,18.604761904761904,63.60544217687075,1.2380952380952381,21
Buenos Aires,2023,36,11.036734693877552,11.319047619047618,71.6734693877551,1.619047619047619,21
Buenos Aires,2023,37,13.865986394557824,9.419047619047618,60.25170068027211,0.7619047619047619,21
Buenos Aires,2023,38,12.648979591836735,1.4952380952380953,76.3469387755102,0.2857142857142857,21
Buenos Aires,2023,39,12.591156462585033,2.5761904761904764,65.99319727891157,0.5714285714285714,21
Buenos Aires,2023,40,15.306802721088435,5.095238095238095,58.14965986394558,0.8095238095238095,21
Buenos Aires,2023,41,15.640136054421768,7.276190476190477,55.08843537414966,1.2857142857142858,21
Buenos Aires,2023,42,16.65034013605442,14.185714285714285,69.93877551020408,1.2857142857142858,21
Buenos Aires,2023,43,17.778231292517006,22.404761904761905,67.87755102040816,2.4761904761904763,21
Buenos Aires,2023,44,13.93265306122449,30.490476190476187,66.77551020408163,1.5714285714285714,21
Buenos Aires,2023,45,18.99795918367347,39.41904761904762,60.945578231292515,1.5714285714285714,21
Buenos Aires,2023,46,18.312925170068027,8.1,53.183673469387756,0.9523809523809523,21
Buenos Aires,2023,47,21.53333333333333,1.9523809523809523,50.04761904761905,0.5238095238095238,21
Buenos Aires,2023,48,22.149659863945576,63.42857142857143,66.89795918367346,2.857142857142857,21
Buenos Aires,2023,49,19.410204081632653,20.52857142857143,70.46938775510205,1.619047619047619,21
Buenos Aires,2023,50,24.32857142857143,78.08571428571429,71.49659863945578,3.0,21
Buenos Aires,2023,51,20.295238095238094,36.285714285714285,72.03401360544218,2.619047619047619,21
Buenos Aires,2023,52,21.64625850340136,14.885714285714286,59.01360544217687,1.1428571428571428,21
Buenos Aires,2024,1,23.699319727891158,24.238095238095237,70.53061224489795,1.9047619047619047,21
Buenos Aires,2024,2,22.96734693877551,10.952380952380953,63.714285714285715,1.2857142857142858,21
Buenos Aires,2024,3,23.534013605442176,6.590476190476191,61.693877551020414,0.8095238095238095,21
Buenos Aires,2024,4,25.165986394557823,0.0,57.04081632653062,0.0,21
Buenos Aires,2024,5,27.342857142857145,8.352380952380953,56.5578231292517,0.8571428571428571,21
Buenos Aires,2024,6,25.02517006802721,99.62857142857142,80.03401360544218,4.0476190476190474,21
Buenos Aires,2024,7,21.685714285714283,6.880952380952381,70.05442176870748,0.5714285714285714,21
Buenos Aires,2024,8,23.034013605442176,11.7,71.95238095238095,0.8095238095238095,21
Buenos Aires,2024,9,22.655102040816328,14.49047619047619,70.91156462585033,1.3333333333333333,21
Buenos Aires,2024,10,20.60204081632653,31.72380952380952,66.9047619047619,2.2857142857142856,21
Buenos Aires,2024,11,21.400680272108843,102.82380952380953,81.37414965986395,2.619047619047619,21
Buenos Aires,2024,12,19.47358276643991,60.161904761904765,75.10430839002268,2.142857142857143,21
Buenos Aires,2024,13,20.45374149659864,5.847619047619047,74.74829931972789,0.8095238095238095,21
Buenos Aires,2024,14,17.867346938775512,13.304761904761907,70.57142857142857,0.8571428571428571,21
Buenos Aires,2024,15,16.0,61.51428571428571,79.87755102040816,3.0952380952380953,21
Buenos Aires,2024,16,17.562585034013605,52.5,76.73469387755101,2.0952380952380953,21
Buenos Aires,2024,17,13.740816326530613,23.861904761904764,74.47619047619048,2.380952380952381,21
Buenos Aires,2024,18,13.110204081632652,5.557142857142857,73.42857142857143,1.380952380952381,21
Buenos Aires,2024,19,11.672108843537416,3.161904761904762,78.27891156462586,0.9047619047619048,21
Buenos Aires,2024,20,8.027210884353742,0.980952380952381,77.08843537414967,0.2857142857142857,21
Buenos Aires,2024,21,8.391836734693877,0.5047619047619047,77.0204081632653,0.14285714285714285,21
Buenos Aires,2024,22,10.208843537414968,1.2476190476190476,80.74829931972789,0.23809523809523808,21
Buenos Aires,2024,23,12.73061224489796,5.652380952380953,81.82312925170068,1.0,21
Buenos Aires,2024,24,14.110884353741497,0.1619047619047619,77.87074829931973,0.0,21
Buenos Aires,2024,25,11.396598639455782,20.728571428571428,82.28571428571429,2.1904761904761907,21
Buenos Aires,2024,26,6.910884353741497,2.261904761904762,73.25850340136054,0.42857142857142855,21
Buenos Aires,2024,27,5.6959183673469385,0.13333333333333333,66.96598639455782,0.0,21
Buenos Aires,2024,28,3.1442176870748297,0.0,72.12925170068027,0.0,21
Buenos Aires,2024,29,9.108163265306123,1.8380952380952382,79.45578231292517,0.5238095238095238,21
Buenos Aires,2024,30,10.540136054421769,1.7047619047619047,70.03401360544218,0.2857142857142857,21
Buenos Aires,2024,31,12.702721088435375,14.795238095238094,67.06122448979592,1.0952380952380953,21
Buenos Aires,2024,32,9.421768707482993,18.19047619047619,76.31292517006803,2.0952380952380953,21
Buenos Aires,2024,33,10.174149659863945,0.13333333333333333,73.91836734693877,0.047619047619047616,21
Buenos Aires,2024,34,7.5421768707483,15.061904761904762,80.6734693877551,1.7619047619047619,21
Buenos Aires,2024,35,10.214965986394557,41.1,76.843537414966,1.4761904761904763,21
Buenos Aires,2024,36,12.976870748299321,0.09523809523809523,61.993197278911566,0.047619047619047616,21
Buenos Aires,2024,37,12.84013605442177,2.5238095238095237,70.02721088435375,0.5238095238095238,21
Buenos Aires,2024,38,17.110884353741497,16.428571428571427,65.46938775510205,1.2857142857142858,21
Buenos Aires,2024,39,15.695238095238096,2.0714285714285716,63.21768707482994,0.38095238095238093,21
Buenos Aires,2024,40,15.491836734693877,1.5761904761904764,64.04081632653062,0.14285714285714285,21
Buenos Aires,2024,41,16.45578231292517,2.8285714285714283,71.82993197278913,0.6190476190476191,21
Buenos Aires,2024,42,19.86326530612245,10.485714285714286,70.61904761904762,1.1428571428571428,21
Buenos Aires,2024,43,18.597278911564626,33.80952380952381,69.3061224489796,2.1904761904761907,21
Buenos Aires,2024,44,22.602040816326532,46.62857142857143,63.97278911564625,1.7142857142857142,21
Buenos Aires,2024,45,19.01292517006803,29.771428571428572,66.76190476190476,2.3333333333333335,21
Buenos Aires,2024,46,19.798639455782315,31.323809523809523,61.02721088435375,1.7142857142857142,21
Buenos Aires,2024,47,20.737414965986392,16.538095238095238,67.9047619047619,1.0952380952380953,21
Buenos Aires,2024,48,20.641496598639456,63.36666666666667,72.75510204081633,4.523809523809524,21
Buenos Aires,2024,49,18.024489795918367,7.8047619047619055,58.22448979591837,1.0,21
Buenos Aires,2024,50,22.345578231292517,10.247619047619047,61.91156462585034,1.0952380952380953,21
Buenos Aires,2024,51,21.762585034013608,2.761904761904762,58.61224489795919,0.42857142857142855,21
Buenos Aires,2024,52,21.017006802721088,10.428571428571429,64.36054421768708,1.0,21
Buenos Aires,2025,1,22.654421768707483,10.2,61.4421768707483,0.8571428571428571,21
Buenos Aires,2025,2,24.708843537414964,2.5666666666666664,60.23809523809524,0.19047619047619047,21
Buenos Aires,2025,3,25.59047619047619,12.257142857142856,58.82993197278912,0.7619047619047619,21
Buenos Aires,2025,4,25.6578231292517,11.028571428571428,55.435374149659864,1.0476190476190477,21
Buenos Aires,2025,5,25.6578231292517,7.480952380952381,60.72108843537415,0.9047619047619048,21
Buenos Aires,2025,6,24.77551020408163,46.29047619047619,66.97052154195012,2.0476190476190474,21
Buenos Aires,2025,7,23.23469387755102,22.900000000000002,65.91836734693877,2.0476190476190474,21
Buenos Aires,2025,8,24.099999999999998,43.72380952380953,65.08843537414967,1.5714285714285714,21
Buenos Aires,2025,9,23.246938775510205,80.75238095238095,81.38775510204081,2.8095238095238093,21
Buenos Aires,2025,10,22.430612244897958,110.31904761904761,81.02607709750566,3.761904761904762,21
Buenos Aires,2025,11,17.3312925170068,2.261904761904762,72.02721088435375,0.5238095238095238,21
Buenos Aires,2025,12,22.242857142857144,23.80952380952381,76.54421768707483,1.8095238095238095,21
Buenos Aires,2025,13,19.589795918367347,36.25238095238095,79.5986394557823,2.142857142857143,21
Buenos Aires,2025,14,14.054421768707481,0.7142857142857143,71.96598639455782,0.14285714285714285,21
Buenos Aires,2025,15,17.921768707482993,22.561904761904763,81.04761904761905,1.4285714285714286,21
Buenos Aires,2025,16,13.549659863945578,29.080952380952382,81.48299319727892,2.142857142857143,21
Buenos Aires,2025,17,16.163945578231292,17.052380952380954,73.89115646258503,0.9523809523809523,21
Buenos Aires,2025,18,15.943537414965984,20.1,74.36734693877551,0.5238095238095238,21
Buenos Aires,2025,19,15.25578231292517,15.795238095238094,79.94557823129252,1.5714285714285714,21
Buenos Aires,2025,20,16.447619047619046,85.07142857142857,81.2312925170068,2.3333333333333335,21
Buenos Aires,2025,21,10.955102040816326,3.3285714285714287,79.8639455782313,0.9523809523809523,21
Buenos Aires,2025,22,9.606122448979592,31.452380952380953,77.52380952380952,1.380952380952381,21
Buenos Aires,2025,23,9.983673469387755,0.0,79.19727891156462,0.0,21
Buenos Aires,2025,24,8.993197278911564,11.342857142857142,81.78911564625851,1.1904761904761905,21
Buenos Aires,2025,25,8.843537414965986,4.157142857142857,79.87074829931973,0.5714285714285714,21
Buenos Aires,2025,26,5.771428571428571,2.6,67.60544217687075,0.38095238095238093,21
Buenos Aires,2025,27,5.390136054421769,5.857142857142857,77.11904761904762,0.6190476190476191,21
Buenos Aires,2025,28,10.661904761904761,14.857142857142858,89.91156462585033,1.0,21
Buenos Aires,2025,29,10.77482993197279,28.52857142857143,80.78231292517007,1.4761904761904763,21
Buenos Aires,2025,30,8.548979591836735,4.133333333333333,81.156462585034,0.8095238095238095,21
Buenos Aires,2025,31,11.731972789115646,18.395238095238096,75.68027210884354,1.6666666666666667,21
Buenos Aires,2025,32,8.22312925170068,0.5809523809523809,75.5986394557823,0.09523809523809523,21
Buenos Aires,2025,33,9.705442176870749,0.16666666666666666,75.39455782312925,0.0,21
Buenos Aires,2025,34,12.142857142857142,58.219047619047615,74.00680272108843,2.619047619047619,21
Buenos Aires,2025,35,14.457142857142859,39.52857142857143,78.36054421768708,1.380952380952381,21
Buenos Aires,2025,36,9.559863945578233,4.609523809523809,72.421768707483,0.9047619047619048,21
Buenos Aires,2025,37,14.514965986394557,2.4095238095238094,68.08163265306123,0.38095238095238093,21
Buenos Aires,2025,38,15.808843537414965,54.01428571428571,84.27891156462586,2.8095238095238093,21
Buenos Aires,2025,39,13.260544217687075,26.58571428571429,73.46938775510205,1.619047619047619,21
Buenos Aires,2025,40,17.937414965986395,26.34761904761905,72.73469387755102,1.2857142857142858,21
Buenos Aires,2025,41,16.861904761904764,22.614285714285714,67.3265306122449,1.5714285714285714,21
Buenos Aires,2025,42,17.552380952380954,2.8904761904761904,65.87074829931973,0.5714285714285714,21
Buenos Aires,2025,43,18.191836734693876,75.75714285714287,73.59863945578232,3.3333333333333335,21
Buenos Aires,2025,44,14.995238095238093,2.3904761904761904,67.99319727891157,0.3333333333333333,21
Buenos Aires,2025,45,16.40340136054422,30.314285714285717,74.156462585034,1.9523809523809523,21
Buenos Aires,2025,46,20.90204081632653,29.93809523809524,62.884353741496604,1.8095238095238095,21
Buenos Aires,2025,47,17.50408163265306,19.276190476190475,62.54421768707483,0.9523809523809523,21
Buenos Aires,2025,48,20.782312925170068,24.985714285714288,70.25170068027211,2.142857142857143,21
Buenos Aires,2025,49,23.312244897959186,4.628571428571429,62.63265306122449,0.47619047619047616,21
Buenos Aires,2025,50,23.338095238095235,22.5,62.70181405895691,2.0952380952380953,21
Buenos Aires,2025,51,22.64081632653061,26.876190476190477,58.13605442176871,1.8095238095238095,21
Buenos Aires,2025,52,25.455102040816325,6.557142857142857,54.91156462585034,0.23809523809523808,21
Catamarca,2018,1,27.47142857142857,12.5,50.92857142857143,1.5,2
Catamarca,2018,2,26.435714285714283,25.0,56.42857142857143,2.5,2
Catamarca,2018,3,26.892857142857146,1.5,49.14285714285714,0.5,2
Catamarca,2018,4,26.507142857142856,54.5,61.57142857142857,2.0,2
Catamarca,2018,5,27.17142857142857,10.5,60.357142857142854,1.5,2
Catamarca,2018,6,28.52857142857143,0.45000000000000007,49.5,0.0,2
Catamarca,2018,7,25.192857142857143,33.0,57.92857142857143,1.5,2
Catamarca,2018,8,25.34285714285714,1.0,59.21428571428571,0.0,2
Catamarca,2018,9,25.228571428571428,16.15,55.214285714285715,1.5,2
Catamarca,2018,10,25.285714285714285,2.75,50.39285714285714,0.5,2
Catamarca,2018,11,25.357142857142854,0.0,38.57142857142857,0.0,2
Catamarca,2018,12,23.32857142857143,0.25,34.857142857142854,0.0,2
Catamarca,2018,13,23.40714285714286,0.8,48.35714285714286,0.0,2
Catamarca,2018,14,22.84285714285714,0.5,53.214285714285715,0.0,2
Catamarca,2018,15,20.99285714285714,0.5,61.42857142857143,0.0,2
Catamarca,2018,16,24.67142857142857,0.0,55.85714285714286,0.0,2
Catamarca,2018,17,23.842857142857145,0.0,60.57142857142857,0.0,2
Catamarca,2018,18,20.428571428571427,5.2,72.35714285714286,0.5,2
Catamarca,2018,19,18.664285714285715,6.0,67.57142857142858,1.0,2
Catamarca,2018,20,14.892857142857142,1.05,68.85714285714286,0.5,2
Catamarca,2018,21,14.2,0.0,59.0,0.0,2
Catamarca,2018,22,11.0,4.25,72.0,1.5,2
Catamarca,2018,23,10.792857142857144,0.0,57.64285714285714,0.0,2
Catamarca,2018,24,8.407142857142858,0.0,52.5,0.0,2
Catamarca,2018,25,11.600000000000001,0.0,49.85714285714286,0.0,2
Catamarca,2018,26,11.764285714285714,0.0,53.5,0.0,2
Catamarca,2018,27,8.042857142857143,2.9,77.5,1.0,2
Catamarca,2018,28,10.75,0.0,54.285714285714285,0.0,2
Catamarca,2018,29,9.892857142857142,0.35,56.92857142857143,0.0,2
Catamarca,2018,30,8.157142857142857,0.0,44.07142857142857,0.0,2
Catamarca,2018,31,12.207142857142857,0.0,50.214285714285715,0.0,2
Catamarca,2018,32,14.671428571428573,0.0,38.857142857142854,0.0,2
Catamarca,2018,33,15.778571428571428,0.0,40.285714285714285,0.0,2
Catamarca,2018,34,13.214285714285715,0.0,38.85714285714286,0.0,2
Catamarca,2018,35,15.785714285714285,0.0,43.5,0.0,2
Catamarca,2018,36,21.007142857142856,0.0,33.785714285714285,0.0,2
Catamarca,2018,37,19.771428571428572,4.0,53.0,1.0,2
Catamarca,2018,38,24.764285714285712,0.0,33.92857142857143,0.0,2
Catamarca,2018,39,26.107142857142854,0.0,45.35714285714286,0.0,2
Catamarca,2018,40,21.442857142857143,0.0,43.35714285714286,0.0,2
Catamarca,2018,41,21.82142857142857,0.0,42.214285714285715,0.0,2
Catamarca,2018,42,26.200000000000003,13.0,47.642857142857146,1.5,2
Catamarca,2018,43,21.657142857142855,4.5,67.85714285714286,1.0,2
Catamarca,2018,44,27.228571428571428,0.0,43.5,0.0,2
Catamarca,2018,45,27.12142857142857,32.0,52.85714285714286,2.0,2
Catamarca,2018,46,24.67142857142857,0.75,45.85714285714286,0.0,2
Catamarca,2018,47,27.4,7.0,45.214285714285715,0.5,2
Catamarca,2018,48,23.071428571428573,21.0,58.714285714285715,2.5,2
Catamarca,2018,49,23.742857142857144,17.5,51.07142857142857,1.0,2
Catamarca,2018,50,30.107142857142858,0.0,44.07142857142857,0.0,2
Catamarca,2018,51,24.978571428571428,41.8,54.92857142857143,2.0,2
Catamarca,2018,52,30.614285714285714,3.0,46.78571428571429,0.5,2
Catamarca,2019,1,27.75714285714286,25.5,55.64285714285714,1.5,2
Catamarca,2019,2,25.450000000000003,7.25,55.07142857142857,1.5,2
Catamarca,2019,3,23.385714285714286,13.0,66.14285714285714,1.5,2
Catamarca,2019,4,30.72142857142857,26.85,51.57142857142857,1.5,2
Catamarca,2019,5,26.292857142857144,80.2,68.28571428571428,3.0,2
Catamarca,2019,6,27.685714285714283,7.8,53.285714285714285,0.5,2
Catamarca,2019,7,23.614285714285714,12.5,57.57142857142857,1.0,2
Catamarca,2019,8,30.849999999999998,1.25,47.785714285714285,0.5,2
Catamarca,2019,9,25.37142857142857,7.0,55.07142857142857,0.5,2
Catamarca,2019,10,22.764285714285712,40.4,67.07142857142857,2.0,2
Catamarca,2019,11,21.857142857142858,11.5,64.71428571428571,1.0,2
Catamarca,2019,12,20.799999999999997,8.5,61.14285714285714,0.5,2
Catamarca,2019,13,20.92857142857143,2.0,66.92857142857143,0.5,2
Catamarca,2019,14,22.014285714285716,46.5,65.71428571428572,2.0,2
Catamarca,2019,15,22.02857142857143,0.0,57.64285714285714,0.0,2
Catamarca,2019,16,21.935714285714283,6.5,66.35714285714286,0.5,2
Catamarca,2019,17,16.75,2.0,75.64285714285714,0.5,2
Catamarca,2019,18,18.57142857142857,0.0,71.14285714285714,0.0,2
Catamarca,2019,19,18.049999999999997,0.55,69.78571428571428,0.0,2
Catamarca,2019,20,16.835714285714285,0.0,59.85714285714286,0.0,2
Catamarca,2019,21,10.407142857142858,3.4,66.28571428571428,0.5,2
Catamarca,2019,22,12.271428571428572,0.1,68.35714285714286,0.0,2
Catamarca,2019,23,13.55,0.25,63.35714285714286,0.0,2
Catamarca,2019,24,12.321428571428573,0.30000000000000004,67.5,0.0,2
Catamarca,2019,25,10.042857142857141,0.0,58.64285714285714,0.0,2
Catamarca,2019,26,11.492857142857144,0.0,52.357142857142854,0.0,2
Catamarca,2019,27,10.835714285714285,0.0,57.5,0.0,2
Catamarca,2019,28,12.085714285714285,0.0,63.71428571428572,0.0,2
Catamarca,2019,29,14.635714285714286,0.0,55.214285714285715,0.0,2
Catamarca,2019,30,10.935714285714287,1.15,50.142857142857146,0.5,2
Catamarca,2019,31,12.792857142857141,0.0,45.5,0.0,2
Catamarca,2019,32,12.435714285714287,0.0,34.14285714285714,0.0,2
Catamarca,2019,33,13.9,0.0,42.5,0.0,2
Catamarca,2019,34,15.807142857142857,0.0,46.357142857142854,0.0,2
Catamarca,2019,35,20.771428571428572,0.0,38.92857142857143,0.0,2
Catamarca,2019,36,14.285714285714285,0.0,44.642857142857146,0.0,2
Catamarca,2019,37,17.038095238095238,6.5,49.57142857142857,1.0,2
Catamarca,2019,38,17.728571428571428,0.0,35.14285714285714,0.0,2
Catamarca,2019,39,25.114285714285714,0.0,28.785714285714285,0.0,2
Catamarca,2019,40,20.135714285714286,0.0,39.285714285714285,0.0,2
Catamarca,2019,41,27.17857142857143,6.5,35.14285714285714,1.0,2
Catamarca,2019,42,16.32857142857143,5.25,66.14285714285714,1.5,2
Catamarca,2019,43,26.464285714285715,0.0,35.214285714285715,0.0,2
Catamarca,2019,44,26.557142857142857,9.0,48.85714285714286,0.5,2
Catamarca,2019,45,26.9,0.0,46.5,0.0,2
Catamarca,2019,46,29.25714285714286,2.55,44.57142857142857,0.5,2
Catamarca,2019,47,29.442857142857143,0.5,46.5,0.0,2
Catamarca,2019,48,26.792857142857144,2.75,46.78571428571429,0.5,2
Catamarca,2019,49,25.114285714285714,12.6,48.5,1.0,2
Catamarca,2019,50,28.99285714285714,0.0,38.14285714285714,0.0,2
Catamarca,2019,51,28.200000000000003,0.0,39.35714285714286,0.0,2
Catamarca,2019,52,30.150000000000002,25.5,41.714285714285715,1.0,2
Catamarca,2020,1,29.6,8.25,49.42857142857143,1.0,2
Catamarca,2020,2,29.40714285714286,9.5,48.85714285714286,1.5,2
Catamarca,2020,3,28.385714285714286,53.0,56.92857142857143,1.0,2
Catamarca,2020,4,29.57142857142857,15.5,52.28571428571429,1.5,2
Catamarca,2020,5,27.442857142857143,5.05,48.28571428571429,1.0,2
Catamarca,2020,6,27.478571428571428,21.5,61.28571428571428,2.5,2
Catamarca,2020,7,26.364285714285714,0.5,60.714285714285715,0.0,2
Catamarca,2020,8,23.299999999999997,10.0,65.21428571428571,1.5,2
Catamarca,2020,9,27.142857142857142,0.0,51.92857142857143,0.0,2
Catamarca,2020,10,29.978571428571428,0.0,41.71428571428571,0.0,2
Catamarca,2020,11,28.978571428571428,18.0,54.92857142857143,2.0,2
Catamarca,2020,12,25.885714285714286,2.5,58.35714285714286,0.5,2
Catamarca,2020,13,24.57857142857143,22.5,57.0,0.5,2
Catamarca,2020,14,22.314285714285717,14.1,69.14285714285714,1.0,2
Catamarca,2020,15,20.392857142857142,0.5,57.5,0.0,2
Catamarca,2020,16,21.15714285714286,0.0,48.92857142857143,0.0,2
Catamarca,2020,17,23.65714285714286,0.0,55.42857142857143,0.0,2
Catamarca,2020,18,19.87857142857143,0.45000000000000007,64.14285714285714,0.0,2
Catamarca,2020,19,16.75,0.0,57.07142857142857,0.0,2
Catamarca,2020,20,16.607142857142858,0.0,48.64285714285714,0.0,2
Catamarca,2020,21,14.142857142857142,0.5,56.35714285714286,0.0,2
Catamarca,2020,22,13.878571428571428,0.0,50.714285714285715,0.0,2
Catamarca,2020,23,10.842857142857142,0.4,56.214285714285715,0.0,2
Catamarca,2020,24,14.321428571428571,0.0,53.57142857142857,0.0,2
Catamarca,2020,25,13.685714285714287,0.0,46.20238095238095,0.0,2
Catamarca,2020,26,11.414285714285715,0.8,58.285714285714285,0.5,2
Catamarca,2020,27,11.07857142857143,0.0,48.71428571428571,0.0,2
Catamarca,2020,28,9.928571428571429,0.0,51.285714285714285,0.0,2
Catamarca,2020,29,11.635714285714286,0.0,52.57142857142857,0.0,2
Catamarca,2020,30,10.007142857142856,2.75,57.42857142857143,1.0,2
Catamarca,2020,31,11.951190476190476,0.0,38.30952380952381,0.0,2
Catamarca,2020,32,16.807142857142857,0.0,45.35714285714286,0.0,2
Catamarca,2020,33,13.850000000000001,0.0,32.92857142857143,0.0,2
Catamarca,2020,34,12.835714285714285,0.0,33.285714285714285,0.0,2
Catamarca,2020,35,17.7,0.0,38.0,0.0,2
Catamarca,2020,36,14.378571428571428,0.0,44.64285714285714,0.0,2
Catamarca,2020,37,20.392857142857142,0.0,42.14285714285714,0.0,2
Catamarca,2020,38,20.614285714285714,0.0,25.714285714285715,0.0,2
Catamarca,2020,39,22.87142857142857,0.0,31.07142857142857,0.0,2
Catamarca,2020,40,22.621428571428574,0.0,29.0,0.0,2
Catamarca,2020,41,23.62142857142857,0.0,33.57142857142857,0.0,2
Catamarca,2020,42,25.75714285714286,1.65,35.5,0.5,2
Catamarca,2020,43,25.814285714285717,24.0,52.28571428571429,1.0,2
Catamarca,2020,44,23.714285714285715,0.0,32.42857142857143,0.0,2
Catamarca,2020,45,27.564285714285717,0.0,30.357142857142854,0.0,2
Catamarca,2020,46,25.692857142857143,5.5,50.5,1.0,2
Catamarca,2020,47,24.778571428571425,17.0,48.85714285714286,1.0,2
Catamarca,2020,48,29.957142857142856,21.9,43.92857142857143,1.0,2
Catamarca,2020,49,24.42142857142857,14.0,51.5,1.5,2
Catamarca,2020,50,30.52857142857143,0.0,38.714285714285715,0.0,2
Catamarca,2020,51,29.299999999999997,0.0,39.42857142857143,0.0,2
Catamarca,2020,52,30.086904761904762,3.5,43.0,1.0,2
Catamarca,2020,53,29.349999999999998,1.7,49.714285714285715,0.5,2
Catamarca,2021,1,26.664285714285715,14.349999999999998,55.85714285714286,1.0,2
Catamarca,2021,2,27.085714285714285,28.05,58.35714285714286,1.5,2
Catamarca,2021,3,29.192857142857143,5.0,42.0,0.5,2
Catamarca,2021,4,28.228571428571428,0.2,52.78571428571429,0.0,2
Catamarca,2021,5,24.735714285714284,8.25,60.57142857142857,1.0,2
Catamarca,2021,6,23.464285714285715,43.75,64.5,2.0,2
Catamarca,2021,7,26.40714285714286,0.5,57.07142857142857,0.0,2
Catamarca,2021,8,28.292857142857144,4.6,59.0,1.0,2
Catamarca,2021,9,25.807142857142857,39.0,63.714285714285715,1.5,2
Catamarca,2021,10,25.835714285714285,19.5,64.85714285714286,2.0,2
Catamarca,2021,11,20.485714285714284,3.75,76.0,1.0,2
Catamarca,2021,12,20.90714285714286,2.85,67.85714285714286,1.0,2
Catamarca,2021,13,22.978571428571428,0.0,56.0,0.0,2
Catamarca,2021,14,22.692857142857143,9.9,67.85714285714286,0.5,2
Catamarca,2021,15,22.82857142857143,0.0,58.85714285714286,0.0,2
Catamarca,2021,16,22.728571428571428,11.0,58.714285714285715,0.5,2
Catamarca,2021,17,20.335714285714285,0.0,57.0,0.0,2
Catamarca,2021,18,14.514285714285714,7.0,74.14285714285714,1.0,2
Catamarca,2021,19,15.792857142857144,0.15,67.85714285714286,0.0,2
Catamarca,2021,20,15.6,0.0,63.07142857142857,0.0,2
Catamarca,2021,21,15.42142857142857,0.0,51.07142857142857,0.0,2
Catamarca,2021,22,16.192857142857143,0.0,58.14285714285714,0.0,2
Catamarca,2021,23,14.264285714285714,0.0,60.14285714285714,0.0,2
Catamarca,2021,24,7.835714285714285,3.0,70.42857142857143,1.0,2
Catamarca,2021,25,9.642857142857144,2.5,63.214285714285715,0.5,2
Catamarca,2021,26,8.671428571428573,0.0,48.714285714285715,0.0,2
Catamarca,2021,27,14.735714285714288,0.0,48.64285714285714,0.0,2
Catamarca,2021,28,12.257142857142858,0.0,54.142857142857146,0.0,2
Catamarca,2021,29,13.185714285714285,0.0,43.07142857142857,0.0,2
Catamarca,2021,30,10.192857142857143,0.0,44.92857142857143,0.0,2
Catamarca,2021,31,15.757142857142858,0.0,43.714285714285715,0.0,2
Catamarca,2021,32,11.642857142857142,0.0,47.64285714285714,0.0,2
Catamarca,2021,33,20.335714285714285,0.0,39.64285714285714,0.0,2
Catamarca,2021,34,15.650000000000002,0.0,41.21428571428571,0.0,2
Catamarca,2021,35,22.09285714285714,0.0,49.714285714285715,0.0,2
Catamarca,2021,36,18.957142857142856,1.5,42.21428571428571,0.5,2
Catamarca,2021,37,20.82857142857143,0.0,34.214285714285715,0.0,2
Catamarca,2021,38,21.435714285714283,0.0,42.142857142857146,0.0,2
Catamarca,2021,39,23.314285714285713,0.0,39.64285714285714,0.0,2
Catamarca,2021,40,21.17142857142857,0.0,43.35714285714286,0.0,2
Catamarca,2021,41,23.07857142857143,3.5,41.785714285714285,0.5,2
Catamarca,2021,42,24.864285714285714,0.0,31.07142857142857,0.0,2
Catamarca,2021,43,29.042857142857144,4.0,39.28571428571429,1.0,2
Catamarca,2021,44,20.58571428571429,5.5,62.28571428571428,1.0,2
Catamarca,2021,45,26.24285714285714,8.5,47.92857142857143,1.0,2
Catamarca,2021,46,25.87142857142857,0.05,41.42857142857143,0.0,2
Catamarca,2021,47,28.58571428571429,6.8,41.64285714285714,0.5,2
Catamarca,2021,48,27.464285714285715,0.6,48.714285714285715,0.0,2
Catamarca,2021,49,26.192857142857143,13.25,59.64285714285714,1.5,2
Catamarca,2021,50,27.67857142857143,4.5,51.5,0.5,2
Catamarca,2021,51,28.92857142857143,13.5,52.85714285714286,2.5,2
Catamarca,2021,52,31.59285714285714,6.0,41.857142857142854,0.5,2
Catamarca,2022,1,30.007142857142856,8.65,44.785714285714285,1.0,2
Catamarca,2022,2,33.94285714285714,0.0,32.642857142857146,0.0,2
Catamarca,2022,3,27.064285714285713,57.25,63.14285714285714,2.5,2
Catamarca,2022,4,25.714285714285715,38.25,63.785714285714285,3.0,2
Catamarca,2022,5,25.628571428571426,1.0,55.57142857142857,0.0,2
Catamarca,2022,6,24.47142857142857,28.75,57.64285714285714,1.0,2
Catamarca,2022,7,27.4,5.5,54.35714285714286,1.0,2
Catamarca,2022,8,26.57142857142857,3.0,60.78571428571429,1.0,2
Catamarca,2022,9,26.692857142857143,16.5,61.78571428571428,1.0,2
Catamarca,2022,10,23.07142857142857,22.0,67.57142857142857,2.5,2
Catamarca,2022,11,23.185714285714283,0.5,57.42857142857143,0.0,2
Catamarca,2022,12,21.700000000000003,0.0,51.35714285714286,0.0,2
Catamarca,2022,13,20.15714285714286,0.0,55.35714285714286,0.0,2
Catamarca,2022,14,23.24285714285714,0.0,61.285714285714285,0.0,2
Catamarca,2022,15,19.84285714285714,15.55,58.714285714285715,0.5,2
Catamarca,2022,16,20.864285714285714,0.0,53.214285714285715,0.0,2
Catamarca,2022,17,19.714285714285715,0.0,50.142857142857146,0.0,2
Catamarca,2022,18,16.607142857142858,0.0,52.142857142857146,0.0,2
Catamarca,2022,19,16.950000000000003,3.5,64.5,1.0,2
Catamarca,2022,20,12.55,0.25,61.214285714285715,0.0,2
Catamarca,2022,21,12.808333333333334,0.0,62.73809523809524,0.0,2
Catamarca,2022,22,9.057142857142857,0.0,62.57142857142857,0.0,2
Catamarca,2022,23,12.764285714285716,0.0,55.35714285714286,0.0,2
Catamarca,2022,24,10.628571428571428,0.0,49.214285714285715,0.0,2
Catamarca,2022,25,8.1,0.0,61.85714285714286,0.0,2
Catamarca,2022,26,10.778571428571428,0.0,58.07142857142857,0.0,2
Catamarca,2022,27,14.685714285714285,0.0,42.42857142857143,0.0,2
Catamarca,2022,28,9.278571428571428,3.5,48.5,0.5,2
Catamarca,2022,29,13.178571428571427,0.0,53.35714285714286,0.0,2
Catamarca,2022,30,15.278571428571428,0.0,59.42857142857143,0.0,2
Catamarca,2022,31,13.607142857142856,0.1,53.85714285714286,0.0,2
Catamarca,2022,32,13.521428571428572,0.0,50.0,0.0,2
Catamarca,2022,33,14.357142857142858,0.0,32.857142857142854,0.0,2
Catamarca,2022,34,17.771428571428572,0.0,35.07142857142857,0.0,2
Catamarca,2022,35,15.614285714285714,0.0,33.642857142857146,0.0,2
Catamarca,2022,36,18.271428571428572,0.0,27.5,0.0,2
Catamarca,2022,37,20.107142857142858,0.0,30.714285714285715,0.0,2
Catamarca,2022,38,16.628571428571426,0.0,42.71428571428571,0.0,2
Catamarca,2022,39,18.15,30.0,56.42857142857143,2.0,2
Catamarca,2022,40,21.37142857142857,0.7,34.85714285714286,0.5,2
Catamarca,2022,41,20.25,0.0,31.857142857142854,0.0,2
Catamarca,2022,42,21.378571428571426,2.1,46.57142857142857,0.5,2
Catamarca,2022,43,27.521428571428572,0.0,29.785714285714285,0.0,2
Catamarca,2022,44,22.164285714285715,0.0,26.857142857142858,0.0,2
Catamarca,2022,45,27.021428571428572,3.5,38.57142857142857,0.5,2
Catamarca,2022,46,29.59285714285714,8.0,34.5,1.0,2
Catamarca,2022,47,28.607142857142858,0.0,34.35714285714286,0.0,2
Catamarca,2022,48,27.121428571428574,23.25,45.42857142857143,1.0,2
Catamarca,2022,49,32.285714285714285,11.5,38.28571428571429,1.0,2
Catamarca,2022,50,27.871428571428574,25.1,44.07142857142857,0.5,2
Catamarca,2022,51,26.185714285714283,16.55,53.785714285714285,1.5,2
Catamarca,2022,52,26.75714285714286,6.05,49.21428571428571,0.5,2
Catamarca,2023,1,28.514285714285716,9.5,37.21428571428571,1.0,2
Catamarca,2023,2,27.77857142857143,21.5,43.642857142857146,1.0,2
Catamarca,2023,3,29.72142857142857,9.0,48.0,1.5,2
Catamarca,2023,4,28.757142857142856,31.200000000000003,56.285714285714285,2.5,2
Catamarca,2023,5,26.35,50.15,62.57142857142857,2.0,2
Catamarca,2023,6,30.064285714285717,1.5,46.214285714285715,0.5,2
Catamarca,2023,7,24.9,24.7,53.285714285714285,1.5,2
Catamarca,2023,8,26.714285714285715,5.6,49.14285714285714,1.5,2
Catamarca,2023,9,28.707142857142856,0.45000000000000007,45.214285714285715,0.0,2
Catamarca,2023,10,29.95714285714286,9.35,48.57142857142857,0.5,2
Catamarca,2023,11,28.621428571428574,1.5,52.71428571428571,0.5,2
Catamarca,2023,12,26.385714285714286,33.0,62.214285714285715,2.0,2
Catamarca,2023,13,24.471428571428575,0.0,59.714285714285715,0.0,2
Catamarca,2023,14,23.471428571428575,16.75,60.35714285714286,1.0,2
Catamarca,2023,15,20.66428571428571,10.75,66.42857142857143,2.0,2
Catamarca,2023,16,18.57857142857143,10.5,61.857142857142854,0.5,2
Catamarca,2023,17,20.057142857142857,0.0,62.42857142857143,0.0,2
Catamarca,2023,18,15.907142857142858,0.25,56.35714285714286,0.0,2
Catamarca,2023,19,18.785714285714285,0.0,59.5,0.0,2
Catamarca,2023,20,19.285714285714285,0.25,62.714285714285715,0.0,2
Catamarca,2023,21,16.542857142857144,4.4,70.71428571428572,1.0,2
Catamarca,2023,22,14.599999999999998,0.0,71.21428571428572,0.0,2
Catamarca,2023,23,15.5,0.0,60.35714285714286,0.0,2
Catamarca,2023,24,8.428571428571429,0.15,56.42857142857143,0.0,2
Catamarca,2023,25,12.285714285714285,0.0,63.0,0.0,2
Catamarca,2023,26,14.142857142857142,0.0,58.142857142857146,0.0,2
Catamarca,2023,27,14.842857142857142,0.0,62.85714285714286,0.0,2
Catamarca,2023,28,10.0,2.8,73.21428571428572,0.5,2
Catamarca,2023,29,13.414285714285715,0.0,54.142857142857146,0.0,2
Catamarca,2023,30,13.764285714285714,0.0,53.214285714285715,0.0,2
Catamarca,2023,31,18.614285714285714,0.0,52.21428571428571,0.0,2
Catamarca,2023,32,15.8,0.0,42.21428571428571,0.0,2
Catamarca,2023,33,18.307142857142857,0.0,42.85714285714286,0.0,2
Catamarca,2023,34,19.142857142857142,0.0,39.35714285714286,0.0,2
Catamarca,2023,35,18.228571428571428,0.0,40.285714285714285,0.0,2
Catamarca,2023,36,17.4,0.0,55.0,0.0,2
Catamarca,2023,37,22.31428571428571,0.0,28.0,0.0,2
Catamarca,2023,38,22.200000000000003,0.0,40.5,0.0,2
Catamarca,2023,39,20.6,1.0,43.35714285714286,0.5,2
Catamarca,2023,40,22.192857142857143,1.0,35.0,0.5,2
Catamarca,2023,41,23.62142857142857,0.0,30.714285714285715,0.0,2
Catamarca,2023,42,25.664285714285715,3.5,42.214285714285715,0.5,2
Catamarca,2023,43,24.59285714285714,4.8,54.42857142857143,0.5,2
Catamarca,2023,44,21.84285714285714,6.0,44.5,1.0,2
Catamarca,2023,45,30.485714285714288,0.0,30.142857142857146,0.0,2
Catamarca,2023,46,27.507142857142856,0.0,33.714285714285715,0.0,2
Catamarca,2023,47,27.892857142857146,5.75,43.71428571428571,0.5,2
Catamarca,2023,48,28.34285714285714,18.7,52.642857142857146,1.5,2
Catamarca,2023,49,25.867857142857144,0.0,51.17857142857143,0.0,2
Catamarca,2023,50,33.09285714285714,1.5,40.5,0.5,2
Catamarca,2023,51,26.514285714285712,59.0,60.785714285714285,1.5,2
Catamarca,2023,52,29.307142857142857,18.0,47.57142857142857,1.0,2
Catamarca,2024,1,29.92857142857143,3.05,50.5,0.5,2
Catamarca,2024,2,29.021428571428572,7.500000000000001,56.28571428571429,0.5,2
Catamarca,2024,3,29.271428571428572,2.0,48.142857142857146,0.5,2
Catamarca,2024,4,29.607142857142858,0.0,41.07142857142857,0.0,2
Catamarca,2024,5,33.099999999999994,0.0,36.42857142857143,0.0,2
Catamarca,2024,6,30.442857142857143,6.85,53.285714285714285,1.5,2
Catamarca,2024,7,27.67857142857143,5.0,55.785714285714285,1.0,2
Catamarca,2024,8,26.657142857142855,6.0,59.42857142857143,1.5,2
Catamarca,2024,9,28.24285714285714,22.75,61.07142857142857,1.0,2
Catamarca,2024,10,27.142857142857142,0.0,62.85714285714286,0.0,2
Catamarca,2024,11,31.042857142857144,1.15,56.785714285714285,0.5,2
Catamarca,2024,12,26.864285714285714,0.0,55.642857142857146,0.0,2
Catamarca,2024,13,27.742857142857144,1.9500000000000002,55.28571428571429,0.5,2
Catamarca,2024,14,24.364285714285714,0.0,60.57142857142857,0.0,2
Catamarca,2024,15,17.92142857142857,15.05,71.92857142857143,1.5,2
Catamarca,2024,16,20.371428571428574,0.0,55.0,0.0,2
Catamarca,2024,17,19.442857142857143,2.05,71.42857142857143,0.5,2
Catamarca,2024,18,18.178571428571427,4.05,58.71428571428571,0.5,2
Catamarca,2024,19,14.457142857142859,0.5,59.5,0.0,2
Catamarca,2024,20,10.657142857142858,1.35,65.14285714285714,0.5,2
Catamarca,2024,21,10.471428571428572,1.25,64.0,0.5,2
Catamarca,2024,22,11.264285714285716,0.0,58.14285714285714,0.0,2
Catamarca,2024,23,14.05,0.0,54.57142857142857,0.0,2
Catamarca,2024,24,18.085714285714282,0.0,52.07142857142857,0.0,2
Catamarca,2024,25,15.57857142857143,2.25,60.14285714285714,0.5,2
Catamarca,2024,26,9.157142857142858,0.0,60.07142857142857,0.0,2
Catamarca,2024,27,9.692857142857143,0.0,51.0,0.0,2
Catamarca,2024,28,5.442857142857143,0.0,55.214285714285715,0.0,2
Catamarca,2024,29,10.021428571428572,0.35,49.0,0.0,2
Catamarca,2024,30,13.17142857142857,0.0,48.78571428571429,0.0,2
Catamarca,2024,31,16.142857142857142,0.0,39.78571428571429,0.0,2
Catamarca,2024,32,12.528571428571428,0.0,43.5,0.0,2
Catamarca,2024,33,14.628571428571428,0.0,37.57142857142857,0.0,2
Catamarca,2024,34,11.264285714285714,0.5,59.07142857142857,0.0,2
Catamarca,2024,35,15.05,0.0,46.35714285714286,0.0,2
Catamarca,2024,36,20.450000000000003,0.0,34.64285714285714,0.0,2
Catamarca,2024,37,20.75714285714286,0.0,38.0,0.0,2
Catamarca,2024,38,25.6,0.0,26.57142857142857,0.0,2
Catamarca,2024,39,23.07142857142857,0.65,36.85714285714286,0.5,2
Catamarca,2024,40,25.385714285714286,0.0,30.0,0.0,2
Catamarca,2024,41,22.16428571428571,21.9,64.42857142857143,2.5,2
Catamarca,2024,42,26.97142857142857,4.25,53.785714285714285,0.5,2
Catamarca,2024,43,23.16428571428571,18.6,53.42857142857143,1.0,2
Catamarca,2024,44,28.07857142857143,2.2,45.357142857142854,0.5,2
Catamarca,2024,45,27.114285714285714,1.0,48.714285714285715,0.5,2
Catamarca,2024,46,27.464285714285715,0.35,35.92857142857143,0.0,2
Catamarca,2024,47,26.807142857142857,0.0,51.785714285714285,0.0,2
Catamarca,2024,48,28.45,4.9,56.92857142857143,0.5,2
Catamarca,2024,49,26.12142857142857,0.25,44.42857142857143,0.0,2
Catamarca,2024,50,28.45,3.5,39.92857142857143,0.5,2
Catamarca,2024,51,28.971428571428575,1.25,43.14285714285714,0.5,2
Catamarca,2024,52,27.92142857142857,14.5,42.785714285714285,1.5,2
Catamarca,2025,1,30.007142857142856,8.5,43.785714285714285,1.5,2
Catamarca,2025,2,27.628571428571426,19.25,51.57142857142857,1.5,2
Catamarca,2025,3,28.978571428571428,15.85,43.0,0.5,2
Catamarca,2025,4,28.97142857142857,41.0,50.35714285714286,2.0,2
Catamarca,2025,5,29.92142857142857,0.5,51.0,0.0,2
Catamarca,2025,6,33.31428571428571,0.0,40.78571428571429,0.0,2
Catamarca,2025,7,30.57142857142857,22.05,48.57142857142857,1.5,2
Catamarca,2025,8,29.0,32.0,54.35714285714286,1.5,2
Catamarca,2025,9,29.885714285714286,31.400000000000002,56.85714285714286,2.0,2
Catamarca,2025,10,27.84285714285714,19.5,59.785714285714285,2.5,2
Catamarca,2025,11,22.114285714285714,2.5,64.92857142857143,1.0,2
Catamarca,2025,12,26.214285714285715,3.25,55.35714285714286,0.5,2
Catamarca,2025,13,21.114285714285714,8.6,68.92857142857143,1.5,2
Catamarca,2025,14,17.814285714285713,0.5,56.5,0.0,2
Catamarca,2025,15,19.757142857142853,0.0,61.5,0.0,2
Catamarca,2025,16,20.814285714285713,5.25,63.714285714285715,1.0,2
Catamarca,2025,17,20.085714285714285,1.5,68.28571428571428,0.5,2
Catamarca,2025,18,20.414285714285715,0.1,59.0,0.0,2
Catamarca,2025,19,20.057142857142857,0.4,65.21428571428571,0.0,2
Catamarca,2025,20,19.878571428571426,0.0,62.28571428571429,0.0,2
Catamarca,2025,21,15.021428571428572,0.0,61.57142857142857,0.0,2
Catamarca,2025,22,10.085714285714285,4.8,66.21428571428572,0.5,2
Catamarca,2025,23,12.850000000000001,0.0,63.35714285714286,0.0,2
Catamarca,2025,24,13.542857142857141,0.0,57.07142857142857,0.0,2
Catamarca,2025,25,11.442857142857143,0.0,56.785714285714285,0.0,2
Catamarca,2025,26,8.042857142857143,0.25,47.14285714285714,0.0,2
Catamarca,2025,27,6.864285714285715,0.0,62.28571428571428,0.0,2
Catamarca,2025,28,13.82857142857143,0.1,64.5,0.0,2
Catamarca,2025,29,12.778571428571428,0.25,50.07142857142857,0.0,2
Catamarca,2025,30,11.814285714285715,3.2,64.71428571428571,1.0,2
Catamarca,2025,31,15.164285714285715,0.0,53.21428571428571,0.0,2
Catamarca,2025,32,13.32857142857143,2.55,53.714285714285715,0.5,2
Catamarca,2025,33,15.428571428571427,0.0,47.214285714285715,0.0,2
Catamarca,2025,34,15.635714285714286,0.0,43.21428571428571,0.0,2
Catamarca,2025,35,18.021428571428572,2.55,34.07142857142857,0.5,2
Catamarca,2025,36,14.464285714285715,0.4,49.85714285714286,0.0,2
Catamarca,2025,37,22.128571428571426,0.0,35.42857142857143,0.0,2
Catamarca,2025,38,25.15,0.0,44.285714285714285,0.0,2
Catamarca,2025,39,22.392857142857142,0.0,33.07142857142857,0.0,2
Catamarca,2025,40,24.835714285714285,0.0,39.5,0.0,2
Catamarca,2025,41,23.128571428571426,0.0,30.214285714285715,0.0,2
Catamarca,2025,42,24.92857142857143,5.5,40.07142857142857,0.5,2
Catamarca,2025,43,26.035714285714285,3.9000000000000004,43.28571428571429,0.5,2
Catamarca,2025,44,19.307142857142857,6.8500000000000005,54.07142857142857,0.5,2
Catamarca,2025,45,24.628571428571426,0.15,41.92857142857143,0.0,2
Catamarca,2025,46,25.82857142857143,0.25,45.35714285714286,0.0,2
Catamarca,2025,47,27.91428571428571,1.0,29.642857142857142,0.5,2
Catamarca,2025,48,30.957142857142856,4.1000000000000005,36.42857142857143,0.5,2
Catamarca,2025,49,26.214285714285715,61.400000000000006,57.85714285714286,3.0,2
Catamarca,2025,50,27.528571428571432,23.95,45.85714285714286,1.0,2
Catamarca,2025,51,28.5,4.25,42.214285714285715,0.5,2
Catamarca,2025,52,26.549999999999997,33.25,60.785714285714285,3.0,2
Chaco,2018,1,26.392857142857146,5.0,61.0,1.0,2
Chaco,2018,2,27.485714285714288,63.7,69.07142857142858,1.5,2
Chaco,2018,3,25.814285714285713,231.45,78.14285714285714,4.0,2
Chaco,2018,4,26.314285714285717,100.0,86.0,5.0,2
Chaco,2018,5,27.90714285714286,0.0,73.5,0.0,2
Chaco,2018,6,28.135714285714286,4.0,71.64285714285714,1.0,2
Chaco,2018,7,25.057142857142857,8.0,68.85714285714286,1.0,2
Chaco,2018,8,24.792857142857144,0.3,70.07142857142858,0.0,2
Chaco,2018,9,25.857142857142858,12.05,78.71428571428572,1.5,2
Chaco,2018,10,24.728571428571428,13.15,72.64285714285714,0.5,2
Chaco,2018,11,26.285714285714285,89.15,75.42857142857143,4.0,2
Chaco,2018,12,21.8,18.8,77.64285714285714,1.5,2
Chaco,2018,13,21.67857142857143,4.5,82.64285714285714,0.5,2
Chaco,2018,14,24.74285714285714,3.0,74.14285714285714,0.5,2
Chaco,2018,15,24.135714285714286,0.3,75.21428571428572,0.0,2
Chaco,2018,16,25.57857142857143,0.0,73.78571428571428,0.0,2
Chaco,2018,17,24.85714285714286,26.5,80.57142857142857,1.0,2
Chaco,2018,18,24.82857142857143,98.4,80.07142857142858,1.5,2
Chaco,2018,19,20.99285714285714,42.35,84.5,1.0,2
Chaco,2018,20,17.521428571428572,70.9,85.35714285714286,3.0,2
Chaco,2018,21,14.65,0.0,82.21428571428572,0.0,2
Chaco,2018,22,16.58571428571429,6.5,80.5,1.5,2
Chaco,2018,23,13.214285714285715,0.0,82.5,0.0,2
Chaco,2018,24,9.37857142857143,0.0,83.07142857142857,0.0,2
Chaco,2018,25,17.58571428571429,13.0,75.64285714285714,0.5,2
Chaco,2018,26,16.792857142857144,4.5,82.14285714285714,0.5,2
Chaco,2018,27,13.535714285714286,0.25,87.07142857142858,0.0,2
Chaco,2018,28,13.564285714285715,0.0,78.78571428571428,0.0,2
Chaco,2018,29,14.37142857142857,15.0,82.85714285714286,1.0,2
Chaco,2018,30,9.757142857142856,0.0,83.78571428571429,0.0,2
Chaco,2018,31,10.071428571428573,0.0,76.71428571428572,0.0,2
Chaco,2018,32,13.57857142857143,0.25,69.85714285714286,0.0,2
Chaco,2018,33,16.75,17.5,73.35714285714286,3.0,2
Chaco,2018,34,11.257142857142856,0.0,69.71428571428572,0.0,2
Chaco,2018,35,17.52857142857143,2.85,70.78571428571428,1.0,2
Chaco,2018,36,19.435714285714283,0.0,61.57142857142857,0.0,2
Chaco,2018,37,20.20714285714286,19.3,76.0,2.0,2
Chaco,2018,38,24.771428571428572,10.700000000000001,69.21428571428572,0.5,2
Chaco,2018,39,25.17142857142857,31.5,76.42857142857143,2.0,2
Chaco,2018,40,19.778571428571432,2.35,67.14285714285714,0.5,2
Chaco,2018,41,21.271428571428572,13.5,82.0,2.0,2
Chaco,2018,42,24.9,2.0,68.0,0.5,2
Chaco,2018,43,23.192857142857143,35.0,75.5,2.5,2
Chaco,2018,44,24.371428571428574,63.6,78.57142857142857,2.5,2
Chaco,2018,45,26.4,25.5,73.14285714285714,1.5,2
Chaco,2018,46,24.99285714285714,69.95,72.0,3.0,2
Chaco,2018,47,23.057142857142857,53.2,76.42857142857143,1.0,2
Chaco,2018,48,23.371428571428574,19.05,77.14285714285714,0.5,2
Chaco,2018,49,22.84285714285714,0.0,64.14285714285714,0.0,2
Chaco,2018,50,28.450000000000003,56.25,70.14285714285714,2.5,2
Chaco,2018,51,26.257142857142856,72.5,78.0,3.0,2
Chaco,2018,52,28.67142857142857,25.0,74.57142857142858,2.0,2
Chaco,2019,1,27.314285714285717,75.15,84.5,4.0,2
Chaco,2019,2,24.521428571428572,237.5,89.64285714285714,5.5,2
Chaco,2019,3,25.028571428571425,109.5,85.71428571428572,4.5,2
Chaco,2019,4,29.82142857142857,1.75,75.0,0.5,2
Chaco,2019,5,28.17857142857143,53.0,76.21428571428571,2.5,2
Chaco,2019,6,25.714285714285715,26.0,75.07142857142857,1.0,2
Chaco,2019,7,23.985714285714284,36.0,78.85714285714286,1.5,2
Chaco,2019,8,29.12142857142857,2.5,68.85714285714286,0.5,2
Chaco,2019,9,23.82857142857143,37.5,72.92857142857143,1.0,2
Chaco,2019,10,23.521428571428572,126.6,83.21428571428572,4.0,2
Chaco,2019,11,22.928571428571427,25.299999999999997,84.85714285714286,1.5,2
Chaco,2019,12,21.728571428571428,0.3,77.0,0.0,2
Chaco,2019,13,23.042857142857144,65.5,78.14285714285714,1.5,2
Chaco,2019,14,21.5,11.5,86.42857142857142,1.0,2
Chaco,2019,15,21.292857142857144,0.0,79.57142857142857,0.0,2
Chaco,2019,16,22.478571428571428,225.35,87.35714285714286,3.5,2
Chaco,2019,17,20.314285714285713,15.9,91.35714285714286,2.0,2
Chaco,2019,18,21.84285714285714,40.95,89.07142857142858,2.5,2
Chaco,2019,19,20.7,82.80000000000001,92.64285714285714,3.5,2
Chaco,2019,20,18.24285714285714,20.45,87.85714285714286,1.5,2
Chaco,2019,21,16.257142857142856,59.2,92.71428571428571,3.5,2
Chaco,2019,22,17.014285714285716,0.85,91.78571428571428,0.0,2
Chaco,2019,23,17.114285714285714,2.0,86.0,0.5,2
Chaco,2019,24,21.549999999999997,1.75,83.0,0.5,2
Chaco,2019,25,16.357142857142858,0.0,83.42857142857143,0.0,2
Chaco,2019,26,15.900000000000002,0.45000000000000007,81.64285714285714,0.0,2
Chaco,2019,27,9.442857142857143,0.0,79.64285714285714,0.0,2
Chaco,2019,28,18.40714285714286,0.0,75.0,0.0,2
Chaco,2019,29,17.65,1.5,75.21428571428572,0.5,2
Chaco,2019,30,11.149999999999999,37.1,89.57142857142857,1.5,2
Chaco,2019,31,13.407142857142858,0.0,77.57142857142857,0.0,2
Chaco,2019,32,14.314285714285713,1.5,78.78571428571428,0.5,2
Chaco,2019,33,15.67142857142857,0.0,69.28571428571428,0.0,2
Chaco,2019,34,15.371428571428574,28.5,65.78571428571428,0.5,2
Chaco,2019,35,21.050000000000004,17.0,68.64285714285714,1.5,2
Chaco,2019,36,16.20714285714286,0.0,68.92857142857143,0.0,2
Chaco,2019,37,18.700000000000003,11.25,77.28571428571428,1.5,2
Chaco,2019,38,18.57857142857143,0.05,55.07142857142857,0.0,2
Chaco,2019,39,22.728571428571428,0.0,53.64285714285714,0.0,2
Chaco,2019,40,20.1,26.25,82.14285714285714,3.0,2
Chaco,2019,41,26.5,31.5,60.07142857142857,1.0,2
Chaco,2019,42,16.55,18.95,89.78571428571428,3.0,2
Chaco,2019,43,22.642857142857142,0.0,64.5,0.0,2
Chaco,2019,44,27.607142857142858,36.5,70.71428571428571,3.0,2
Chaco,2019,45,24.942857142857143,32.5,79.21428571428572,1.0,2
Chaco,2019,46,25.25,53.5,72.42857142857142,2.0,2
Chaco,2019,47,27.464285714285715,6.0,68.5,1.0,2
Chaco,2019,48,24.87857142857143,77.0,73.42857142857143,3.5,2
Chaco,2019,49,23.207142857142856,0.0,62.14285714285714,0.0,2
Chaco,2019,50,26.65714285714286,14.0,67.42857142857143,2.0,2
Chaco,2019,51,25.057142857142857,18.0,67.92857142857143,1.0,2
Chaco,2019,52,27.2,26.5,69.28571428571428,3.0,2
Chaco,2020,1,26.58571428571429,28.0,72.35714285714286,2.0,2
Chaco,2020,2,27.85,12.0,70.92857142857143,2.5,2
Chaco,2020,3,27.42142857142857,53.65,76.85714285714286,2.5,2
Chaco,2020,4,26.50714285714286,74.25,78.92857142857143,2.0,2
Chaco,2020,5,25.807142857142857,31.9,76.28571428571429,1.0,2
Chaco,2020,6,28.878571428571426,24.5,74.71428571428571,1.0,2
Chaco,2020,7,26.85,158.4,74.35714285714286,2.5,2
Chaco,2020,8,23.621428571428574,10.45,73.5,1.0,2
Chaco,2020,9,23.792857142857144,0.0,69.07142857142858,0.0,2
Chaco,2020,10,26.27857142857143,0.0,62.92857142857143,0.0,2
Chaco,2020,11,29.8,21.5,60.14285714285714,1.5,2
Chaco,2020,12,23.92857142857143,41.0,78.21428571428572,2.0,2
Chaco,2020,13,24.871428571428574,38.05,75.57142857142858,1.5,2
Chaco,2020,14,22.42857142857143,44.2,82.35714285714286,2.5,2
Chaco,2020,15,18.15714285714286,0.0,70.0,0.0,2
Chaco,2020,16,16.857142857142854,0.0,75.5,0.0,2
Chaco,2020,17,23.235714285714284,30.5,70.35714285714286,1.0,2
Chaco,2020,18,21.964285714285715,27.0,72.21428571428572,1.5,2
Chaco,2020,19,16.478571428571428,7.5,74.42857142857142,0.5,2
Chaco,2020,20,17.378571428571426,0.0,74.14285714285714,0.0,2
Chaco,2020,21,16.82857142857143,16.75,76.14285714285714,1.5,2
Chaco,2020,22,15.12142857142857,0.0,72.14285714285714,0.0,2
Chaco,2020,23,12.17142857142857,5.9,79.78571428571428,1.5,2
Chaco,2020,24,18.17142857142857,0.1,76.5,0.0,2
Chaco,2020,25,23.285714285714285,0.0,66.57142857142857,0.0,2
Chaco,2020,26,15.814285714285715,16.0,74.5,1.5,2
Chaco,2020,27,12.985714285714284,6.6,77.57142857142857,0.5,2
Chaco,2020,28,12.614285714285714,9.75,83.64285714285714,1.5,2
Chaco,2020,29,16.714285714285715,0.3,66.07142857142857,0.0,2
Chaco,2020,30,15.528571428571428,7.0,73.5,1.0,2
Chaco,2020,31,15.185714285714287,0.0,59.285714285714285,0.0,2
Chaco,2020,32,22.885714285714286,0.0,50.5,0.0,2
Chaco,2020,33,14.607142857142858,0.1,60.57142857142857,0.0,2
Chaco,2020,34,12.257142857142858,0.0,50.35714285714286,0.0,2
Chaco,2020,35,23.385714285714286,0.4,59.85714285714286,0.0,2
Chaco,2020,36,14.321428571428571,0.4,70.0,0.0,2
Chaco,2020,37,21.942857142857143,0.25,68.35714285714286,0.0,2
Chaco,2020,38,18.25,1.0,54.07142857142857,0.5,2
Chaco,2020,39,24.535714285714285,3.0,43.5,0.5,2
Chaco,2020,40,23.449999999999996,0.0,54.35714285714286,0.0,2
Chaco,2020,41,22.164285714285715,0.0,52.142857142857146,0.0,2
Chaco,2020,42,25.185714285714283,6.1,56.21428571428571,1.0,2
Chaco,2020,43,29.17857142857143,56.0,57.42857142857143,2.0,2
Chaco,2020,44,21.82857142857143,0.0,58.07142857142857,0.0,2
Chaco,2020,45,23.85,3.5,47.5,1.5,2
Chaco,2020,46,24.392857142857146,30.5,70.71428571428572,2.0,2
Chaco,2020,47,25.021428571428572,0.1,50.0,0.0,2
Chaco,2020,48,28.235714285714284,94.75,60.85714285714286,3.0,2
Chaco,2020,49,23.585714285714282,11.5,76.35714285714286,1.5,2
Chaco,2020,50,26.828571428571426,32.5,59.07142857142857,1.0,2
Chaco,2020,51,25.9,21.9,70.64285714285714,1.5,2
Chaco,2020,52,26.742857142857144,1.5,59.42857142857143,0.5,2
Chaco,2020,53,28.107142857142858,8.0,56.07142857142857,1.0,2
Chaco,2021,1,28.52857142857143,4.0,61.57142857142857,1.5,2
Chaco,2021,2,27.15,57.5,72.64285714285714,4.0,2
Chaco,2021,3,25.92142857142857,2.4,69.35714285714286,0.5,2
Chaco,2021,4,26.535714285714285,74.0,78.42857142857142,3.0,2
Chaco,2021,5,24.042857142857144,15.95,77.28571428571429,1.0,2
Chaco,2021,6,24.035714285714285,17.0,76.71428571428572,2.5,2
Chaco,2021,7,25.942857142857143,2.0,64.92857142857143,0.5,2
Chaco,2021,8,28.285714285714285,0.1,60.35714285714286,0.0,2
Chaco,2021,9,26.450000000000003,3.5,67.71428571428572,0.5,2
Chaco,2021,10,26.214285714285715,2.5,54.42857142857143,1.0,2
Chaco,2021,11,24.235714285714288,75.5,72.85714285714286,2.0,2
Chaco,2021,12,23.40714285714286,64.25,83.92857142857143,2.5,2
Chaco,2021,13,20.857142857142858,0.1,77.07142857142857,0.0,2
Chaco,2021,14,24.607142857142854,63.0,80.42857142857143,2.0,2
Chaco,2021,15,21.728571428571428,23.5,82.78571428571428,1.5,2
Chaco,2021,16,21.72142857142857,58.5,81.42857142857143,4.0,2
Chaco,2021,17,17.364285714285714,0.0,78.85714285714286,0.0,2
Chaco,2021,18,16.564285714285713,17.55,82.71428571428572,2.0,2
Chaco,2021,19,15.007142857142858,4.5,85.0,1.0,2
Chaco,2021,20,16.92857142857143,1.0,76.92857142857143,0.5,2
Chaco,2021,21,15.378571428571428,0.0,75.14285714285714,0.0,2
Chaco,2021,22,18.607142857142858,12.4,76.21428571428572,1.0,2
Chaco,2021,23,16.45714285714286,0.0,84.92857142857143,0.0,2
Chaco,2021,24,11.928571428571429,0.7000000000000001,79.35714285714286,0.0,2
Chaco,2021,25,13.485714285714288,60.5,87.5,3.0,2
Chaco,2021,26,9.42142857142857,0.0,73.85714285714286,0.0,2
Chaco,2021,27,19.42857142857143,0.0,68.78571428571428,0.0,2
Chaco,2021,28,14.792857142857143,0.0,75.5,0.0,2
Chaco,2021,29,15.62857142857143,0.0,62.28571428571429,0.0,2
Chaco,2021,30,9.3,0.0,64.0,0.0,2
Chaco,2021,31,16.0,0.30000000000000004,67.21428571428572,0.0,2
Chaco,2021,32,11.128571428571428,0.0,70.0,0.0,2
Chaco,2021,33,23.392857142857146,0.0,56.785714285714285,0.0,2
Chaco,2021,34,16.642857142857146,0.55,65.85714285714286,0.0,2
Chaco,2021,35,23.535714285714285,10.0,63.14285714285714,1.0,2
Chaco,2021,36,19.83571428571429,23.0,65.07142857142857,1.0,2
Chaco,2021,37,22.442857142857143,0.0,56.357142857142854,0.0,2
Chaco,2021,38,20.235714285714284,7.0,63.42857142857143,1.5,2
Chaco,2021,39,22.514285714285712,54.55,76.64285714285714,2.5,2
Chaco,2021,40,20.12142857142857,1.0,65.07142857142858,0.5,2
Chaco,2021,41,21.15,29.0,70.35714285714286,1.5,2
Chaco,2021,42,21.67142857142857,21.0,57.07142857142857,1.0,2
Chaco,2021,43,26.092857142857145,2.0,55.85714285714286,0.5,2
Chaco,2021,44,23.799999999999997,47.7,75.71428571428572,2.0,2
Chaco,2021,45,24.72857142857143,72.95,65.42857142857143,2.0,2
Chaco,2021,46,22.42142857142857,37.5,73.0,1.5,2
Chaco,2021,47,25.16428571428571,66.05,73.85714285714286,3.0,2
Chaco,2021,48,24.507142857142856,0.0,64.21428571428571,0.0,2
Chaco,2021,49,26.764285714285712,4.2,60.214285714285715,0.5,2
Chaco,2021,50,26.057142857142857,18.55,72.78571428571428,1.0,2
Chaco,2021,51,26.84285714285714,52.75,67.0,2.0,2
Chaco,2021,52,28.92857142857143,29.75,53.35714285714286,2.0,2
Chaco,2022,1,26.849999999999998,0.5,63.42857142857143,0.0,2
Chaco,2022,2,31.35,0.0,46.78571428571429,0.0,2
Chaco,2022,3,32.535714285714285,4.0,53.64285714285714,0.5,2
Chaco,2022,4,28.214285714285715,4.4,60.285714285714285,1.0,2
Chaco,2022,5,27.349999999999998,42.75,57.78571428571429,2.0,2
Chaco,2022,6,24.33571428571429,8.75,59.0,1.5,2
Chaco,2022,7,27.728571428571428,1.0,53.57142857142857,0.5,2
Chaco,2022,8,29.885714285714286,2.3,61.14285714285714,0.5,2
Chaco,2022,9,28.385714285714286,32.75,71.78571428571429,2.0,2
Chaco,2022,10,23.357142857142854,108.15,79.57142857142857,3.5,2
Chaco,2022,11,21.650000000000002,0.0,69.0,0.0,2
Chaco,2022,12,21.45,128.39999999999998,79.21428571428572,2.5,2
Chaco,2022,13,19.1,38.85,77.28571428571428,2.0,2
Chaco,2022,14,21.764285714285716,133.0,92.14285714285714,5.0,2
Chaco,2022,15,18.32857142857143,8.3,82.57142857142858,0.5,2
Chaco,2022,16,20.264285714285716,7.05,83.85714285714286,1.0,2
Chaco,2022,17,22.057142857142857,16.95,81.14285714285714,1.5,2
Chaco,2022,18,16.12857142857143,6.0,86.64285714285714,1.0,2
Chaco,2022,19,16.057142857142857,7.5,87.14285714285714,1.0,2
Chaco,2022,20,11.221428571428572,0.0,80.21428571428572,0.0,2
Chaco,2022,21,17.700000000000003,13.1,87.5,2.0,2
Chaco,2022,22,11.850000000000001,30.5,78.85714285714286,1.0,2
Chaco,2022,23,12.357142857142858,10.05,88.35714285714286,1.0,2
Chaco,2022,24,12.67142857142857,0.0,78.21428571428572,0.0,2
Chaco,2022,25,12.728571428571428,1.8,87.92857142857143,0.5,2
Chaco,2022,26,14.671428571428573,3.2,86.85714285714286,0.5,2
Chaco,2022,27,20.021428571428572,0.0,79.35714285714286,0.0,2
Chaco,2022,28,13.149999999999999,3.9,83.07142857142857,0.5,2
Chaco,2022,29,19.85,0.0,76.07142857142857,0.0,2
Chaco,2022,30,18.207142857142856,0.0,68.07142857142857,0.0,2
Chaco,2022,31,16.4,11.2,77.42857142857143,1.0,2
Chaco,2022,32,15.735714285714288,0.0,77.07142857142857,0.0,2
Chaco,2022,33,14.178571428571429,0.0,61.5,0.0,2
Chaco,2022,34,21.700000000000003,5.0,59.642857142857146,1.5,2
Chaco,2022,35,16.164285714285715,2.5,62.0,0.5,2
Chaco,2022,36,16.464285714285715,0.0,56.21428571428571,0.0,2
Chaco,2022,37,18.27857142857143,7.25,54.21428571428571,0.5,2
Chaco,2022,38,17.57142857142857,0.35,66.35714285714286,0.0,2
Chaco,2022,39,20.40714285714286,0.0,56.92857142857143,0.0,2
Chaco,2022,40,19.607142857142858,34.3,57.64285714285714,1.5,2
Chaco,2022,41,19.892857142857142,0.0,62.857142857142854,0.0,2
Chaco,2022,42,21.707142857142856,18.25,72.57142857142857,1.0,2
Chaco,2022,43,26.15714285714286,21.0,57.214285714285715,1.5,2
Chaco,2022,44,18.70714285714286,0.0,52.0,0.0,2
Chaco,2022,45,23.35,48.85,62.71428571428571,3.0,2
Chaco,2022,46,25.035714285714285,19.5,57.5,1.5,2
Chaco,2022,47,24.25714285714286,0.6,60.35714285714286,0.0,2
Chaco,2022,48,26.892857142857142,36.5,62.714285714285715,2.0,2
Chaco,2022,49,29.99285714285714,10.0,62.642857142857146,1.0,2
Chaco,2022,50,26.2,4.05,54.42857142857143,0.5,2
Chaco,2022,51,27.971428571428575,27.8,56.28571428571429,0.5,2
Chaco,2022,52,26.58571428571429,19.0,59.14285714285714,2.0,2
Chaco,2023,1,26.521428571428572,0.1,53.857142857142854,0.0,2
Chaco,2023,2,27.07857142857143,57.49999999999999,60.214285714285715,1.0,2
Chaco,2023,3,30.064285714285717,0.0,57.214285714285715,0.0,2
Chaco,2023,4,29.457142857142856,14.0,62.92857142857143,1.0,2
Chaco,2023,5,26.75714285714286,5.0,65.71428571428571,0.5,2
Chaco,2023,6,30.021428571428572,13.5,55.142857142857146,1.0,2
Chaco,2023,7,24.40714285714286,24.0,59.64285714285714,1.5,2
Chaco,2023,8,25.09285714285714,28.5,69.78571428571428,2.5,2
Chaco,2023,9,25.771428571428572,43.25,78.64285714285714,2.0,2
Chaco,2023,10,27.00714285714286,2.5,74.21428571428572,0.5,2
Chaco,2023,11,27.37142857142857,17.65,78.21428571428572,2.0,2
Chaco,2023,12,27.1,13.25,76.14285714285714,1.0,2
Chaco,2023,13,25.457142857142856,13.3,67.64285714285714,1.0,2
Chaco,2023,14,22.42142857142857,27.5,79.28571428571429,1.5,2
Chaco,2023,15,22.392857142857146,41.0,80.21428571428572,1.5,2
Chaco,2023,16,18.57857142857143,1.5,76.14285714285714,0.5,2
Chaco,2023,17,20.285714285714285,8.0,81.85714285714286,2.0,2
Chaco,2023,18,16.74285714285714,51.65,93.5,4.0,2
Chaco,2023,19,15.892857142857142,0.0,80.14285714285714,0.0,2
Chaco,2023,20,19.7,23.9,80.21428571428571,2.0,2
Chaco,2023,21,21.471428571428575,0.1,79.92857142857143,0.0,2
Chaco,2023,22,19.478571428571428,12.65,81.42857142857143,0.5,2
Chaco,2023,23,21.257142857142856,1.0,75.21428571428572,0.5,2
Chaco,2023,24,10.407142857142855,0.0,77.92857142857143,0.0,2
Chaco,2023,25,18.15714285714286,3.15,84.21428571428572,0.5,2
Chaco,2023,26,20.200000000000003,0.0,73.42857142857143,0.0,2
Chaco,2023,27,21.299999999999997,1.8,77.07142857142858,0.5,2
Chaco,2023,28,14.264285714285716,8.3,81.35714285714286,1.5,2
Chaco,2023,29,17.442857142857143,0.0,65.64285714285714,0.0,2
Chaco,2023,30,13.992857142857142,2.3000000000000003,77.42857142857143,0.5,2
Chaco,2023,31,24.642857142857142,0.5,61.214285714285715,0.0,2
Chaco,2023,32,17.75,0.05,65.35714285714286,0.0,2
Chaco,2023,33,20.878571428571426,18.9,64.42857142857143,1.0,2
Chaco,2023,34,18.885714285714286,0.0,56.285714285714285,0.0,2
Chaco,2023,35,20.414285714285718,68.9,64.78571428571428,2.5,2
Chaco,2023,36,17.34285714285714,7.650000000000001,83.14285714285714,1.5,2
Chaco,2023,37,21.057142857142857,9.0,62.0,1.5,2
Chaco,2023,38,24.292857142857144,0.1,70.71428571428572,0.0,2
Chaco,2023,39,19.292857142857144,0.0,64.57142857142857,0.0,2
Chaco,2023,40,22.77857142857143,2.5,48.92857142857143,0.5,2
Chaco,2023,41,22.185714285714283,0.3,49.5,0.0,2
Chaco,2023,42,25.97142857142857,20.349999999999998,70.64285714285714,2.0,2
Chaco,2023,43,24.271428571428572,60.25,73.92857142857142,3.5,2
Chaco,2023,44,20.12142857142857,3.45,76.35714285714286,1.0,2
Chaco,2023,45,30.257142857142856,7.75,57.5,1.0,2
Chaco,2023,46,24.464285714285715,84.0,80.64285714285714,3.0,2
Chaco,2023,47,26.699999999999996,15.600000000000001,65.64285714285714,1.0,2
Chaco,2023,48,27.20714285714286,22.3,77.5,3.0,2
Chaco,2023,49,24.892857142857146,19.55,74.71428571428572,1.5,2
Chaco,2023,50,30.12857142857143,35.900000000000006,65.64285714285714,1.5,2
Chaco,2023,51,26.271428571428572,75.6,80.28571428571428,3.5,2
Chaco,2023,52,26.07857142857143,38.05,73.07142857142858,2.0,2
Chaco,2024,1,27.971428571428568,0.0,65.28571428571429,0.0,2
Chaco,2024,2,27.685714285714287,60.4,73.64285714285714,1.0,2
Chaco,2024,3,27.55,5.25,75.35714285714286,1.0,2
Chaco,2024,4,26.442857142857143,0.0,60.57142857142857,0.0,2
Chaco,2024,5,30.521428571428572,2.0,52.64285714285714,0.5,2
Chaco,2024,6,30.83571428571429,16.549999999999997,63.78571428571428,2.0,2
Chaco,2024,7,25.25,61.5,74.92857142857143,2.0,2
Chaco,2024,8,28.25,21.5,69.07142857142857,2.0,2
Chaco,2024,9,27.064285714285713,175.85,83.78571428571429,5.0,2
Chaco,2024,10,26.82142857142857,16.65,75.57142857142858,0.5,2
Chaco,2024,11,31.135714285714286,23.75,67.21428571428572,1.0,2
Chaco,2024,12,26.542857142857144,35.25,74.0,1.5,2
Chaco,2024,13,26.392857142857142,0.5,72.42857142857143,0.0,2
Chaco,2024,14,25.40714285714286,70.94999999999999,84.07142857142858,3.5,2
Chaco,2024,15,21.935714285714283,138.05,92.0,4.5,2
Chaco,2024,16,20.50714285714286,20.65,79.57142857142857,0.5,2
Chaco,2024,17,24.314285714285717,25.650000000000002,87.5,2.0,2
Chaco,2024,18,22.0,23.5,89.0,2.5,2
Chaco,2024,19,20.685714285714283,8.200000000000001,78.92857142857143,1.5,2
Chaco,2024,20,12.635714285714286,0.0,78.35714285714286,0.0,2
Chaco,2024,21,12.95,5.55,82.42857142857143,1.0,2
Chaco,2024,22,13.278571428571428,0.0,78.64285714285714,0.0,2
Chaco,2024,23,19.82857142857143,0.0,72.42857142857142,0.0,2
Chaco,2024,24,23.807142857142857,0.55,68.42857142857143,0.5,2
Chaco,2024,25,21.285714285714285,0.1,85.64285714285714,0.0,2
Chaco,2024,26,10.714285714285714,0.0,72.42857142857143,0.0,2
Chaco,2024,27,13.907142857142858,0.0,62.57142857142857,0.0,2
Chaco,2024,28,7.228571428571429,0.0,67.5,0.0,2
Chaco,2024,29,15.792857142857141,0.0,75.35714285714286,0.0,2
Chaco,2024,30,19.057142857142857,4.5,73.35714285714286,0.5,2
Chaco,2024,31,20.628571428571426,0.0,60.285714285714285,0.0,2
Chaco,2024,32,14.178571428571429,48.05,68.64285714285714,1.5,2
Chaco,2024,33,16.714285714285715,0.0,64.07142857142857,0.0,2
Chaco,2024,34,13.07857142857143,49.349999999999994,81.5,2.0,2
Chaco,2024,35,14.87857142857143,0.0,70.64285714285714,0.0,2
Chaco,2024,36,18.107142857142858,0.0,67.21428571428572,0.0,2
Chaco,2024,37,19.114285714285714,1.05,73.28571428571428,0.5,2
Chaco,2024,38,24.057142857142857,15.5,62.21428571428571,1.0,2
Chaco,2024,39,21.728571428571428,25.0,75.07142857142857,1.5,2
Chaco,2024,40,23.964285714285715,3.75,58.85714285714286,1.0,2
Chaco,2024,41,21.442857142857143,26.199999999999996,77.71428571428572,2.0,2
Chaco,2024,42,23.335714285714285,44.2,76.57142857142858,1.5,2
Chaco,2024,43,24.792857142857144,3.4,63.85714285714286,0.5,2
Chaco,2024,44,25.292857142857144,19.3,69.0,1.0,2
Chaco,2024,45,24.72142857142857,161.25,75.07142857142857,3.0,2
Chaco,2024,46,24.150000000000002,56.1,62.285714285714285,1.0,2
Chaco,2024,47,25.292857142857144,11.5,77.42857142857143,1.5,2
Chaco,2024,48,27.17142857142857,103.0,77.35714285714286,5.0,2
Chaco,2024,49,23.942857142857143,46.400000000000006,69.71428571428572,2.5,2
Chaco,2024,50,23.85,56.849999999999994,74.78571428571428,3.0,2
Chaco,2024,51,25.314285714285717,24.5,70.0,1.0,2
Chaco,2024,52,23.514285714285716,18.75,66.92857142857143,1.5,2
Chaco,2025,1,27.27857142857143,1.9,59.64285714285714,0.5,2
Chaco,2025,2,27.692857142857143,0.0,50.35714285714286,0.0,2
Chaco,2025,3,29.042857142857144,0.15,54.714285714285715,0.0,2
Chaco,2025,4,27.557142857142857,8.7,66.07142857142857,2.0,2
Chaco,2025,5,27.771428571428572,32.95,66.07142857142857,1.5,2
Chaco,2025,6,32.67142857142858,1.0,51.85714285714286,0.5,2
Chaco,2025,7,31.50714285714286,8.5,56.5,0.5,2
Chaco,2025,8,29.057142857142857,4.5,66.28571428571429,1.0,2
Chaco,2025,9,31.9,0.15,55.35714285714286,0.0,2
Chaco,2025,10,31.049999999999997,0.65,51.57142857142857,0.0,2
Chaco,2025,11,24.77857142857143,0.25,51.92857142857143,0.0,2
Chaco,2025,12,24.764285714285716,53.400000000000006,65.85714285714286,2.0,2
Chaco,2025,13,24.664285714285715,114.6,86.57142857142857,4.0,2
Chaco,2025,14,18.32857142857143,15.8,80.14285714285714,2.5,2
Chaco,2025,15,19.35,3.9,81.85714285714286,1.0,2
Chaco,2025,16,21.564285714285713,0.0,68.78571428571428,0.0,2
Chaco,2025,17,20.907142857142855,4.05,78.57142857142858,1.0,2
Chaco,2025,18,18.685714285714287,22.2,74.5,1.5,2
Chaco,2025,19,21.84285714285714,188.4,87.78571428571428,4.5,2
Chaco,2025,20,22.02857142857143,25.3,79.85714285714286,1.5,2
Chaco,2025,21,19.285714285714285,17.450000000000003,88.42857142857143,4.0,2
Chaco,2025,22,12.649999999999999,9.75,81.5,1.0,2
Chaco,2025,23,15.357142857142858,0.75,85.42857142857143,0.5,2
Chaco,2025,24,13.142857142857142,47.900000000000006,81.07142857142858,1.5,2
Chaco,2025,25,14.35,28.5,93.42857142857143,2.5,2
Chaco,2025,26,9.564285714285713,0.0,76.28571428571428,0.0,2
Chaco,2025,27,9.721428571428572,0.0,72.92857142857143,0.0,2
Chaco,2025,28,18.021428571428572,0.0,76.64285714285714,0.0,2
Chaco,2025,29,14.85,0.15,71.0,0.0,2
Chaco,2025,30,17.707142857142856,22.35,84.14285714285714,2.0,2
Chaco,2025,31,17.892857142857146,0.0,71.85714285714286,0.0,2
Chaco,2025,32,13.55,1.75,74.07142857142857,0.5,2
Chaco,2025,33,14.342857142857142,0.05,72.35714285714286,0.0,2
Chaco,2025,34,17.0,47.3,74.21428571428572,3.5,2
Chaco,2025,35,17.49285714285714,3.8,67.64285714285714,1.0,2
Chaco,2025,36,14.492857142857144,8.1,74.5,1.0,2
Chaco,2025,37,19.585714285714282,28.75,73.28571428571428,2.0,2
Chaco,2025,38,24.271428571428572,36.0,75.64285714285714,2.0,2
Chaco,2025,39,19.3,22.5,65.64285714285714,1.0,2
Chaco,2025,40,23.335714285714285,52.2,79.92857142857143,2.5,2
Chaco,2025,41,19.799999999999997,18.5,66.64285714285714,1.0,2
Chaco,2025,42,21.34285714285714,65.0,70.07142857142857,2.0,2
Chaco,2025,43,23.107142857142854,60.6,65.21428571428571,2.0,2
Chaco,2025,44,19.214285714285715,23.8,79.28571428571428,2.0,2
Chaco,2025,45,21.892857142857142,0.7000000000000001,70.64285714285714,0.0,2
Chaco,2025,46,24.464285714285715,35.349999999999994,73.92857142857142,3.0,2
Chaco,2025,47,22.37857142857143,0.25,64.07142857142857,0.0,2
Chaco,2025,48,26.857142857142858,5.3,58.71428571428571,0.5,2
Chaco,2025,49,26.25,84.0,65.57142857142857,2.0,2
Chaco,2025,50,24.714285714285715,27.85,74.35714285714286,3.0,2
Chaco,2025,51,25.085714285714285,145.95000000000002,69.5,2.5,2
Chaco,2025,52,25.807142857142857,84.75,86.07142857142857,5.5,2
Chubut,2018,1,17.428571428571427,2.766666666666667,44.095238095238095,0.6666666666666666,3
Chubut,2018,2,21.91904761904762,0.13333333333333333,40.714285714285715,0.0,3
Chubut,2018,3,21.566666666666666,0.0,43.8095238095238,0.0,3
Chubut,2018,4,19.42857142857143,0.19999999999999998,39.904761904761905,0.0,3
Chubut,2018,5,22.176190476190474,1.6666666666666667,39.76190476190476,0.3333333333333333,3
Chubut,2018,6,17.004761904761907,5.533333333333334,48.666666666666664,1.3333333333333333,3
Chubut,2018,7,22.609523809523807,0.0,42.42857142857142,0.0,3
Chubut,2018,8,18.771428571428572,0.0,45.76190476190476,0.0,3
Chubut,2018,9,19.242857142857144,1.0,48.80952380952382,0.3333333333333333,3
Chubut,2018,10,17.652380952380952,4.0,49.23809523809524,1.3333333333333333,3
Chubut,2018,11,13.847619047619048,1.8333333333333333,47.047619047619044,0.3333333333333333,3
Chubut,2018,12,12.133333333333333,6.133333333333333,53.61904761904762,1.0,3
Chubut,2018,13,14.78095238095238,0.03333333333333333,52.952380952380956,0.0,3
Chubut,2018,14,13.152380952380952,11.700000000000001,54.952380952380956,1.3333333333333333,3
Chubut,2018,15,12.752380952380953,6.333333333333333,53.19047619047618,0.6666666666666666,3
Chubut,2018,16,15.09047619047619,3.4,47.285714285714285,0.6666666666666666,3
Chubut,2018,17,9.428571428571429,2.0,57.952380952380956,0.6666666666666666,3
Chubut,2018,18,8.49047619047619,2.0,61.14285714285714,0.6666666666666666,3
Chubut,2018,19,11.19047619047619,3.3333333333333335,67.85714285714285,0.6666666666666666,3
Chubut,2018,20,6.504761904761904,17.099999999999998,79.09523809523809,2.0,3
Chubut,2018,21,9.447619047619048,2.6666666666666665,60.523809523809526,0.3333333333333333,3
Chubut,2018,22,3.6476190476190475,0.0,70.47619047619048,0.0,3
Chubut,2018,23,4.161904761904762,11.733333333333334,69.52380952380952,1.6666666666666667,3
Chubut,2018,24,3.9523809523809526,3.4,73.61904761904762,0.6666666666666666,3
Chubut,2018,25,5.961904761904762,3.8666666666666667,58.47619047619048,0.3333333333333333,3
Chubut,2018,26,5.371428571428571,7.466666666666666,59.142857142857146,1.0,3
Chubut,2018,27,0.8095238095238094,1.0999999999999999,79.24761904761904,0.3333333333333333,3
Chubut,2018,28,5.442857142857143,19.53333333333333,74.42857142857143,2.3333333333333335,3
Chubut,2018,29,2.7761904761904765,10.266666666666666,81.14285714285715,1.6666666666666667,3
Chubut,2018,30,5.50952380952381,0.0,63.14285714285714,0.0,3
Chubut,2018,31,7.280952380952381,4.766666666666667,55.42857142857142,0.6666666666666666,3
Chubut,2018,32,6.8428571428571425,3.0,70.80952380952381,1.0,3
Chubut,2018,33,7.900000000000001,0.0,50.8095238095238,0.0,3
Chubut,2018,34,8.847619047619048,2.3333333333333335,46.857142857142854,0.3333333333333333,3
Chubut,2018,35,8.061904761904762,3.0,50.047619047619044,1.0,3
Chubut,2018,36,9.019047619047619,1.0,50.47619047619048,0.3333333333333333,3
Chubut,2018,37,11.28095238095238,1.3333333333333333,50.19047619047618,0.6666666666666666,3
Chubut,2018,38,8.652380952380952,21.333333333333332,69.3809523809524,3.0,3
Chubut,2018,39,7.552380952380953,4.066666666666666,65.85714285714286,1.3333333333333333,3
Chubut,2018,40,11.042857142857143,0.0,44.47619047619048,0.0,3
Chubut,2018,41,11.257142857142858,0.3,46.095238095238095,0.0,3
Chubut,2018,42,10.023809523809524,15.533333333333333,62.19047619047618,2.0,3
Chubut,2018,43,11.942857142857143,4.8,69.80952380952381,1.3333333333333333,3
Chubut,2018,44,12.061904761904763,7.199999999999999,60.047619047619044,1.3333333333333333,3
Chubut,2018,45,13.728571428571428,4.733333333333333,56.0,1.3333333333333333,3
Chubut,2018,46,14.90952380952381,0.0,43.285714285714285,0.0,3
Chubut,2018,47,15.785714285714285,14.233333333333334,44.85714285714286,1.0,3
Chubut,2018,48,16.504761904761903,3.0,49.80952380952382,0.6666666666666666,3
Chubut,2018,49,20.104761904761904,1.3333333333333333,45.714285714285715,0.3333333333333333,3
Chubut,2018,50,17.44285714285714,4.566666666666666,42.952380952380956,0.3333333333333333,3
Chubut,2018,51,19.190476190476193,0.06666666666666667,44.047619047619044,0.0,3
Chubut,2018,52,18.37142857142857,1.8333333333333333,42.76190476190476,0.3333333333333333,3
Chubut,2019,1,17.333333333333332,0.3333333333333333,40.85714285714286,0.0,3
Chubut,2019,2,15.714285714285715,3.0,41.42857142857142,1.0,3
Chubut,2019,3,21.633333333333336,0.0,33.333333333333336,0.0,3
Chubut,2019,4,18.64761904761905,0.0,37.80952380952381,0.0,3
Chubut,2019,5,18.904761904761905,0.26666666666666666,40.095238095238095,0.0,3
Chubut,2019,6,20.019047619047623,0.13333333333333333,40.666666666666664,0.0,3
Chubut,2019,7,22.347619047619048,0.0,38.19047619047619,0.0,3
Chubut,2019,8,14.71904761904762,2.6,45.76190476190476,0.6666666666666666,3
Chubut,2019,9,15.17142857142857,4.4,55.1904761904762,1.0,3
Chubut,2019,10,16.69047619047619,8.9,45.61904761904762,1.0,3
Chubut,2019,11,16.31904761904762,24.8,64.61904761904762,1.6666666666666667,3
Chubut,2019,12,13.009523809523811,3.3333333333333335,59.047619047619044,0.6666666666666666,3
Chubut,2019,13,16.61904761904762,0.0,52.76190476190476,0.0,3
Chubut,2019,14,16.08095238095238,0.0,48.285714285714285,0.0,3
Chubut,2019,15,13.057142857142859,3.733333333333333,57.61904761904762,0.3333333333333333,3
Chubut,2019,16,12.100000000000001,2.6666666666666665,55.85714285714286,0.3333333333333333,3
Chubut,2019,17,11.60952380952381,4.933333333333334,66.90476190476191,0.6666666666666666,3
Chubut,2019,18,8.614285714285714,20.466666666666665,64.57142857142857,2.3333333333333335,3
Chubut,2019,19,10.885714285714286,0.0,66.76190476190476,0.0,3
Chubut,2019,20,10.39047619047619,0.0,56.952380952380956,0.0,3
Chubut,2019,21,7.447619047619047,0.0,59.14285714285714,0.0,3
Chubut,2019,22,4.771428571428571,4.3999999999999995,75.6190476190476,1.0,3
Chubut,2019,23,10.038095238095238,19.43333333333333,56.28571428571428,1.3333333333333333,3
Chubut,2019,24,4.876190476190477,26.066666666666666,77.76190476190476,2.3333333333333335,3
Chubut,2019,25,8.299999999999999,16.0,71.61904761904762,1.3333333333333333,3
Chubut,2019,26,2.857142857142857,7.3,71.14285714285714,1.3333333333333333,3
Chubut,2019,27,3.8095238095238098,4.0,73.85714285714285,0.6666666666666666,3
Chubut,2019,28,6.366666666666667,0.26666666666666666,74.66666666666667,0.0,3
Chubut,2019,29,5.976190476190475,25.933333333333334,68.04761904761905,2.3333333333333335,3
Chubut,2019,30,5.714285714285714,1.1666666666666667,61.333333333333336,0.3333333333333333,3
Chubut,2019,31,8.176190476190476,6.8,59.857142857142854,1.0,3
Chubut,2019,32,6.552380952380951,7.966666666666666,58.714285714285715,1.6666666666666667,3
Chubut,2019,33,3.1523809523809523,2.966666666666667,74.76190476190476,1.0,3
Chubut,2019,34,7.0,4.733333333333333,69.57142857142857,1.3333333333333333,3
Chubut,2019,35,7.695238095238095,10.1,51.76190476190476,0.3333333333333333,3
Chubut,2019,36,4.309523809523809,1.7,68.47619047619048,0.3333333333333333,3
Chubut,2019,37,7.061904761904761,2.966666666666667,63.523809523809526,1.0,3
Chubut,2019,38,9.023809523809524,3.133333333333333,45.952380952380956,0.3333333333333333,3
Chubut,2019,39,14.166666666666666,0.6666666666666666,48.61904761904762,0.3333333333333333,3
Chubut,2019,40,8.314285714285715,1.1333333333333333,51.095238095238095,0.3333333333333333,3
Chubut,2019,41,10.700000000000001,1.1333333333333333,50.1904761904762,0.3333333333333333,3
Chubut,2019,42,12.876190476190475,2.0,51.8095238095238,0.6666666666666666,3
Chubut,2019,43,12.585714285714284,0.7000000000000001,52.904761904761905,0.0,3
Chubut,2019,44,13.242857142857142,3.766666666666667,48.80952380952382,1.0,3
Chubut,2019,45,13.223809523809523,0.26666666666666666,43.095238095238095,0.0,3
Chubut,2019,46,16.43809523809524,5.6000000000000005,48.095238095238095,0.6666666666666666,3
Chubut,2019,47,16.81904761904762,2.8666666666666667,41.23809523809524,1.0,3
Chubut,2019,48,14.038095238095238,1.3333333333333333,45.857142857142854,0.3333333333333333,3
Chubut,2019,49,16.400000000000002,19.5,50.76190476190476,1.0,3
Chubut,2019,50,17.147619047619045,0.0,42.523809523809526,0.0,3
Chubut,2019,51,18.447619047619046,0.4333333333333333,39.57142857142858,0.0,3
Chubut,2019,52,18.090476190476192,1.2333333333333334,42.714285714285715,0.3333333333333333,3
Chubut,2020,1,20.233333333333334,1.5999999999999999,50.85714285714286,0.3333333333333333,3
Chubut,2020,2,16.447619047619046,11.133333333333333,45.23809523809524,0.6666666666666666,3
Chubut,2020,3,19.423809523809524,0.03333333333333333,41.19047619047619,0.0,3
Chubut,2020,4,21.523809523809522,0.0,41.666666666666664,0.0,3
Chubut,2020,5,18.885714285714286,1.3333333333333333,41.952380952380956,0.3333333333333333,3
Chubut,2020,6,15.633333333333333,15.666666666666666,61.904761904761905,2.3333333333333335,3
Chubut,2020,7,19.11904761904762,1.5666666666666667,47.61904761904762,0.3333333333333333,3
Chubut,2020,8,16.757142857142856,1.0,44.80952380952382,0.3333333333333333,3
Chubut,2020,9,19.376190476190477,0.06666666666666667,51.52380952380952,0.0,3
Chubut,2020,10,19.91904761904762,0.30000000000000004,52.76190476190476,0.0,3
Chubut,2020,11,16.56190476190476,4.666666666666667,58.714285714285715,0.3333333333333333,3
Chubut,2020,12,17.604761904761904,1.3333333333333333,54.333333333333336,0.3333333333333333,3
Chubut,2020,13,16.7,0.0,53.523809523809526,0.0,3
Chubut,2020,14,13.095238095238095,0.7666666666666666,51.19047619047618,0.0,3
Chubut,2020,15,13.276190476190477,1.5666666666666667,49.23809523809524,0.3333333333333333,3
Chubut,2020,16,14.985714285714286,8.133333333333335,61.047619047619044,1.3333333333333333,3
Chubut,2020,17,9.714285714285714,10.066666666666666,72.04761904761905,1.6666666666666667,3
Chubut,2020,18,11.509523809523808,1.6000000000000003,73.47619047619048,0.3333333333333333,3
Chubut,2020,19,10.423809523809524,18.566666666666666,68.66666666666667,1.6666666666666667,3
Chubut,2020,20,10.814285714285715,14.166666666666666,61.952380952380956,1.6666666666666667,3
Chubut,2020,21,9.314285714285715,6.3,58.23809523809524,1.0,3
Chubut,2020,22,6.333333333333333,7.9333333333333345,70.09523809523809,0.6666666666666666,3
Chubut,2020,23,8.652380952380952,2.1,56.52380952380952,0.6666666666666666,3
Chubut,2020,24,6.880952380952382,12.733333333333334,63.095238095238095,1.6666666666666667,3
Chubut,2020,25,7.128571428571429,4.033333333333333,66.76190476190476,0.6666666666666666,3
Chubut,2020,26,1.4904761904761905,13.166666666666666,76.95238095238095,2.3333333333333335,3
Chubut,2020,27,3.376190476190476,16.400000000000002,87.42857142857143,3.0,3
Chubut,2020,28,2.638095238095238,9.0,72.19047619047619,1.0,3
Chubut,2020,29,3.29047619047619,10.266666666666666,81.33333333333333,1.3333333333333333,3
Chubut,2020,30,3.1666666666666665,20.833333333333332,79.85714285714285,3.3333333333333335,3
Chubut,2020,31,5.371428571428571,0.0,64.28571428571429,0.0,3
Chubut,2020,32,7.123809523809523,5.800000000000001,58.333333333333336,0.6666666666666666,3
Chubut,2020,33,6.247619047619048,5.666666666666667,54.952380952380956,1.3333333333333333,3
Chubut,2020,34,7.619047619047618,0.3333333333333333,51.76190476190476,0.0,3
Chubut,2020,35,5.776190476190476,8.666666666666666,67.14285714285715,1.3333333333333333,3
Chubut,2020,36,7.085714285714286,0.06666666666666667,61.904761904761905,0.0,3
Chubut,2020,37,9.261904761904761,6.566666666666666,48.952380952380956,1.0,3
Chubut,2020,38,9.09047619047619,0.06666666666666667,47.333333333333336,0.0,3
Chubut,2020,39,11.6,0.0,44.0,0.0,3
Chubut,2020,40,7.5,5.766666666666667,53.333333333333336,1.0,3
Chubut,2020,41,11.795238095238096,1.5,44.57142857142858,0.3333333333333333,3
Chubut,2020,42,15.914285714285711,0.19999999999999998,37.57142857142858,0.0,3
Chubut,2020,43,12.95238095238095,0.10000000000000002,48.047619047619044,0.0,3
Chubut,2020,44,14.42857142857143,0.03333333333333333,43.857142857142854,0.0,3
Chubut,2020,45,16.133333333333336,0.4666666666666666,51.42857142857142,0.0,3
Chubut,2020,46,17.06190476190476,0.13333333333333333,49.80952380952382,0.0,3
Chubut,2020,47,19.009523809523813,1.0666666666666667,45.80952380952382,0.3333333333333333,3
Chubut,2020,48,15.138095238095238,5.333333333333333,41.904761904761905,0.6666666666666666,3
Chubut,2020,49,16.695238095238096,0.0,40.57142857142858,0.0,3
Chubut,2020,50,17.21904761904762,2.6666666666666665,41.42857142857142,1.0,3
Chubut,2020,51,16.07142857142857,0.7000000000000001,44.57142857142858,0.3333333333333333,3
Chubut,2020,52,19.947619047619046,0.6666666666666666,44.714285714285715,0.3333333333333333,3
Chubut,2020,53,20.419047619047618,5.3999999999999995,43.42857142857142,0.6666666666666666,3
Chubut,2021,1,18.071428571428573,0.5333333333333333,42.85714285714286,0.0,3
Chubut,2021,2,16.452380952380953,8.733333333333333,53.047619047619044,0.6666666666666666,3
Chubut,2021,3,22.80952380952381,0.0,45.666666666666664,0.0,3
Chubut,2021,4,16.10952380952381,0.19999999999999998,47.047619047619044,0.0,3
Chubut,2021,5,21.73333333333333,1.4333333333333333,47.47619047619048,0.3333333333333333,3
Chubut,2021,6,20.900000000000002,1.3333333333333333,52.61904761904762,0.3333333333333333,3
Chubut,2021,7,16.19047619047619,3.533333333333333,49.904761904761905,0.6666666666666666,3
Chubut,2021,8,19.995238095238093,1.3333333333333333,52.38095238095238,0.3333333333333333,3
Chubut,2021,9,18.65714285714286,10.6,63.714285714285715,1.6666666666666667,3
Chubut,2021,10,17.642857142857142,8.0,47.047619047619044,0.6666666666666666,3
Chubut,2021,11,14.799999999999999,5.666666666666667,55.47619047619048,0.6666666666666666,3
Chubut,2021,12,15.190476190476192,0.0,47.1904761904762,0.0,3
Chubut,2021,13,15.904761904761903,12.0,70.14285714285715,1.0,3
Chubut,2021,14,13.385714285714286,11.366666666666667,69.14285714285715,1.3333333333333333,3
Chubut,2021,15,15.552380952380952,0.0,53.80952380952382,0.0,3
Chubut,2021,16,11.71904761904762,19.133333333333333,72.6190476190476,2.0,3
Chubut,2021,17,13.233333333333334,6.666666666666667,62.142857142857146,1.3333333333333333,3
Chubut,2021,18,7.633333333333333,1.8333333333333333,64.61904761904762,0.3333333333333333,3
Chubut,2021,19,8.133333333333333,0.7000000000000001,66.38095238095238,0.3333333333333333,3
Chubut,2021,20,8.842857142857143,8.200000000000001,78.47619047619048,1.3333333333333333,3
Chubut,2021,21,7.076190476190476,17.700000000000003,64.09523809523809,1.6666666666666667,3
Chubut,2021,22,5.923809523809524,12.666666666666666,74.23809523809524,2.3333333333333335,3
Chubut,2021,23,9.557142857142857,10.1,61.523809523809526,2.0,3
Chubut,2021,24,1.4190476190476193,0.0,76.33333333333333,0.0,3
Chubut,2021,25,4.90952380952381,2.3666666666666667,70.90476190476191,0.3333333333333333,3
Chubut,2021,26,7.266666666666667,1.3333333333333333,55.23809523809524,0.3333333333333333,3
Chubut,2021,27,8.042857142857144,6.333333333333333,59.142857142857146,1.0,3
Chubut,2021,28,5.614285714285714,0.19999999999999998,59.047619047619044,0.0,3
Chubut,2021,29,7.523809523809523,0.26666666666666666,57.57142857142858,0.0,3
Chubut,2021,30,6.571428571428572,0.0,54.80952380952382,0.0,3
Chubut,2021,31,9.709523809523809,0.0,49.952380952380956,0.0,3
Chubut,2021,32,6.69047619047619,0.0,58.57142857142858,0.0,3
Chubut,2021,33,6.89047619047619,36.53333333333333,69.28571428571429,3.3333333333333335,3
Chubut,2021,34,6.128571428571429,7.666666666666667,66.38095238095238,1.0,3
Chubut,2021,35,8.914285714285713,4.566666666666666,76.85714285714285,1.3333333333333333,3
Chubut,2021,36,10.376190476190477,2.5,68.61904761904762,0.3333333333333333,3
Chubut,2021,37,10.147619047619047,0.03333333333333333,52.285714285714285,0.0,3
Chubut,2021,38,12.914285714285716,0.0,48.42857142857142,0.0,3
Chubut,2021,39,9.366666666666667,3.3333333333333335,48.85714285714286,0.3333333333333333,3
Chubut,2021,40,11.790476190476191,3.033333333333333,48.57142857142858,0.3333333333333333,3
Chubut,2021,41,12.685714285714285,0.3,46.38095238095238,0.0,3
Chubut,2021,42,15.342857142857143,7.666666666666667,43.42857142857142,0.3333333333333333,3
Chubut,2021,43,15.07142857142857,3.6666666666666665,46.80952380952382,0.3333333333333333,3
Chubut,2021,44,15.28095238095238,1.3333333333333333,48.047619047619044,0.3333333333333333,3
Chubut,2021,45,15.033333333333331,18.933333333333334,56.666666666666664,1.6666666666666667,3
Chubut,2021,46,15.357142857142856,1.2,50.1904761904762,0.3333333333333333,3
Chubut,2021,47,16.452380952380953,0.0,47.142857142857146,0.0,3
Chubut,2021,48,17.814285714285713,0.0,40.19047619047619,0.0,3
Chubut,2021,49,18.504761904761907,3.466666666666667,50.952380952380956,0.6666666666666666,3
Chubut,2021,50,17.795238095238094,12.333333333333334,58.142857142857146,1.3333333333333333,3
Chubut,2021,51,21.247619047619047,0.0,44.38095238095238,0.0,3
Chubut,2021,52,19.542857142857144,3.0999999999999996,37.57142857142857,0.3333333333333333,3
Chubut,2022,1,21.01904761904762,0.26666666666666666,43.857142857142854,0.0,3
Chubut,2022,2,20.757142857142856,0.03333333333333333,37.047619047619044,0.0,3
Chubut,2022,3,15.766666666666666,21.900000000000002,58.23809523809524,2.0,3
Chubut,2022,4,19.766666666666666,0.3333333333333333,47.38095238095238,0.0,3
Chubut,2022,5,18.71904761904762,2.6666666666666665,52.57142857142858,0.6666666666666666,3
Chubut,2022,6,19.757142857142856,0.0,40.38095238095238,0.0,3
Chubut,2022,7,18.571428571428573,15.466666666666667,51.047619047619044,1.6666666666666667,3
Chubut,2022,8,15.676190476190477,17.366666666666664,60.23809523809524,1.3333333333333333,3
Chubut,2022,9,16.461904761904762,0.30000000000000004,40.952380952380956,0.0,3
Chubut,2022,10,14.980952380952381,5.066666666666666,55.095238095238095,0.3333333333333333,3
Chubut,2022,11,14.58095238095238,4.533333333333333,50.23809523809524,1.3333333333333333,3
Chubut,2022,12,14.004761904761905,3.3666666666666667,54.095238095238095,0.6666666666666666,3
Chubut,2022,13,12.347619047619048,4.0,48.952380952380956,0.6666666666666666,3
Chubut,2022,14,12.78095238095238,33.36666666666667,72.47619047619048,2.3333333333333335,3
Chubut,2022,15,12.63809523809524,0.43333333333333335,58.38095238095238,0.0,3
Chubut,2022,16,11.023809523809524,20.766666666666666,58.142857142857146,2.3333333333333335,3
Chubut,2022,17,6.014285714285715,2.066666666666667,65.14285714285715,0.3333333333333333,3
Chubut,2022,18,13.60952380952381,0.5666666666666667,55.476190476190474,0.0,3
Chubut,2022,19,7.533333333333334,9.933333333333334,69.57142857142857,1.3333333333333333,3
Chubut,2022,20,7.371428571428571,18.233333333333334,66.04761904761905,1.0,3
Chubut,2022,21,2.1,4.666666666666667,68.80952380952381,0.6666666666666666,3
Chubut,2022,22,3.052380952380952,1.0999999999999999,74.23809523809524,0.3333333333333333,3
Chubut,2022,23,6.1761904761904765,12.366666666666667,63.42857142857142,1.3333333333333333,3
Chubut,2022,24,5.228571428571429,7.033333333333334,69.76190476190476,1.0,3
Chubut,2022,25,0.3428571428571428,0.0,74.0952380952381,0.0,3
Chubut,2022,26,5.1190476190476195,17.8,65.33333333333333,1.3333333333333333,3
Chubut,2022,27,5.29047619047619,12.966666666666669,65.23809523809524,1.3333333333333333,3
Chubut,2022,28,1.642857142857143,11.4,79.28571428571429,1.0,3
Chubut,2022,29,3.619047619047619,37.666666666666664,69.09523809523809,2.3333333333333335,3
Chubut,2022,30,4.742857142857143,4.233333333333333,74.66666666666667,1.3333333333333333,3
Chubut,2022,31,3.3333333333333335,11.799999999999999,75.76190476190476,1.6666666666666667,3
Chubut,2022,32,6.795238095238095,9.033333333333333,64.80952380952381,0.6666666666666666,3
Chubut,2022,33,7.242857142857143,0.39999999999999997,61.14285714285714,0.0,3
Chubut,2022,34,8.223809523809523,0.06666666666666667,51.57142857142858,0.0,3
Chubut,2022,35,10.166666666666666,0.0,49.904761904761905,0.0,3
Chubut,2022,36,8.647619047619047,9.633333333333333,62.0,1.6666666666666667,3
Chubut,2022,37,8.804761904761905,11.066666666666668,65.71428571428571,1.6666666666666667,3
Chubut,2022,38,7.171428571428571,61.300000000000004,74.0,1.6666666666666667,3
Chubut,2022,39,12.014285714285714,0.0,51.47619047619048,0.0,3
Chubut,2022,40,11.114285714285714,6.433333333333334,53.333333333333336,1.3333333333333333,3
Chubut,2022,41,11.166666666666666,0.03333333333333333,53.333333333333336,0.0,3
Chubut,2022,42,14.752380952380951,0.0,46.952380952380956,0.0,3
Chubut,2022,43,12.47142857142857,3.766666666666667,48.095238095238095,1.0,3
Chubut,2022,44,17.866666666666664,0.0,42.666666666666664,0.0,3
Chubut,2022,45,15.866666666666667,21.133333333333333,67.47619047619047,2.3333333333333335,3
Chubut,2022,46,17.28571428571429,0.3333333333333333,46.61904761904762,0.0,3
Chubut,2022,47,18.485714285714288,0.0,45.952380952380956,0.0,3
Chubut,2022,48,18.228571428571428,0.0,41.857142857142854,0.0,3
Chubut,2022,49,18.019047619047615,4.466666666666667,44.047619047619044,1.0,3
Chubut,2022,50,18.523809523809522,1.0,41.904761904761905,0.3333333333333333,3
Chubut,2022,51,18.909523809523808,6.133333333333334,47.952380952380956,0.6666666666666666,3
Chubut,2022,52,18.87142857142857,0.0,40.476190476190474,0.0,3
Chubut,2023,1,22.7,0.0,40.38095238095238,0.0,3
Chubut,2023,2,17.02857142857143,20.900000000000002,59.61904761904762,1.3333333333333333,3
Chubut,2023,3,21.28095238095238,3.8000000000000003,57.80952380952382,1.0,3
Chubut,2023,4,19.37142857142857,1.3333333333333333,43.857142857142854,0.3333333333333333,3
Chubut,2023,5,21.704761904761906,0.0,45.523809523809526,0.0,3
Chubut,2023,6,21.114285714285714,0.06666666666666667,42.80952380952382,0.0,3
Chubut,2023,7,13.847619047619048,1.0999999999999999,46.61904761904762,0.0,3
Chubut,2023,8,18.585714285714285,0.03333333333333333,41.1904761904762,0.0,3
Chubut,2023,9,19.50952380952381,0.03333333333333333,40.666666666666664,0.0,3
Chubut,2023,10,18.823809523809526,0.7333333333333334,47.42857142857142,0.0,3
Chubut,2023,11,15.314285714285715,0.03333333333333333,52.333333333333336,0.0,3
Chubut,2023,12,14.90952380952381,0.0,52.19047619047618,0.0,3
Chubut,2023,13,12.542857142857144,5.133333333333333,47.61904761904762,1.0,3
Chubut,2023,14,14.538095238095238,3.4333333333333336,53.666666666666664,0.3333333333333333,3
Chubut,2023,15,8.361904761904762,2.5666666666666664,68.47619047619048,0.3333333333333333,3
Chubut,2023,16,13.571428571428571,0.06666666666666667,55.952380952380956,0.0,3
Chubut,2023,17,12.114285714285714,12.799999999999999,62.095238095238095,1.0,3
Chubut,2023,18,10.957142857142856,1.3666666666666665,63.61904761904762,0.3333333333333333,3
Chubut,2023,19,11.852380952380953,3.266666666666667,67.42857142857143,1.0,3
Chubut,2023,20,10.104761904761904,2.6999999999999997,52.19047619047618,0.6666666666666666,3
Chubut,2023,21,5.780952380952381,9.6,59.38095238095238,1.0,3
Chubut,2023,22,9.223809523809523,5.433333333333334,58.14285714285714,1.0,3
Chubut,2023,23,7.885714285714286,18.333333333333336,56.952380952380956,1.3333333333333333,3
Chubut,2023,24,3.6476190476190475,0.6,69.80952380952381,0.0,3
Chubut,2023,25,6.461904761904762,19.866666666666667,73.47619047619048,3.0,3
Chubut,2023,26,5.909523809523809,10.1,72.28571428571429,1.0,3
Chubut,2023,27,4.423809523809524,16.133333333333333,71.0,2.3333333333333335,3
Chubut,2023,28,1.7666666666666666,6.733333333333333,80.04761904761905,0.6666666666666666,3
Chubut,2023,29,4.352380952380952,5.400000000000001,72.14285714285714,1.0,3
Chubut,2023,30,6.195238095238095,11.933333333333335,70.71428571428571,1.0,3
Chubut,2023,31,6.885714285714285,2.533333333333333,52.8095238095238,0.3333333333333333,3
Chubut,2023,32,8.185714285714285,2.766666666666667,58.57142857142858,0.6666666666666666,3
Chubut,2023,33,5.271428571428571,23.833333333333332,79.95238095238095,3.3333333333333335,3
Chubut,2023,34,5.723809523809524,2.1333333333333333,59.333333333333336,0.3333333333333333,3
Chubut,2023,35,7.352380952380952,7.733333333333333,51.57142857142858,1.6666666666666667,3
Chubut,2023,36,6.280952380952381,13.0,73.23809523809524,2.3333333333333335,3
Chubut,2023,37,8.338095238095237,19.166666666666668,60.142857142857146,2.0,3
Chubut,2023,38,5.485714285714285,2.1999999999999997,70.57142857142857,0.6666666666666666,3
Chubut,2023,39,10.10952380952381,0.6666666666666666,53.476190476190474,0.3333333333333333,3
Chubut,2023,40,10.642857142857144,0.0,45.42857142857142,0.0,3
Chubut,2023,41,10.41904761904762,0.06666666666666667,52.47619047619048,0.0,3
Chubut,2023,42,13.695238095238096,0.4666666666666666,49.52380952380952,0.3333333333333333,3
Chubut,2023,43,12.161904761904763,15.866666666666667,53.23809523809524,1.3333333333333333,3
Chubut,2023,44,10.97142857142857,4.1000000000000005,57.666666666666664,1.0,3
Chubut,2023,45,13.823809523809523,0.2333333333333333,46.8095238095238,0.0,3
Chubut,2023,46,11.80952380952381,2.9,43.42857142857142,0.6666666666666666,3
Chubut,2023,47,16.409523809523808,0.03333333333333333,41.61904761904762,0.0,3
Chubut,2023,48,15.4,0.0,43.42857142857142,0.0,3
Chubut,2023,49,16.87142857142857,3.5,52.80952380952382,0.6666666666666666,3
Chubut,2023,50,16.55714285714286,9.533333333333333,48.57142857142858,1.6666666666666667,3
Chubut,2023,51,17.204761904761906,0.6666666666666666,47.904761904761905,0.3333333333333333,3
Chubut,2023,52,19.50952380952381,0.0,45.904761904761905,0.0,3
Chubut,2024,1,20.514285714285716,0.0,48.61904761904762,0.0,3
Chubut,2024,2,17.68095238095238,0.0,44.0,0.0,3
Chubut,2024,3,19.81904761904762,0.0,44.095238095238095,0.0,3
Chubut,2024,4,24.090476190476192,7.766666666666667,40.333333333333336,0.3333333333333333,3
Chubut,2024,5,21.80952380952381,0.0,39.0,0.0,3
Chubut,2024,6,20.923809523809524,0.0,40.952380952380956,0.0,3
Chubut,2024,7,20.89047619047619,0.0,40.714285714285715,0.0,3
Chubut,2024,8,18.0952380952381,16.033333333333335,53.095238095238095,1.0,3
Chubut,2024,9,16.433333333333334,3.6666666666666665,52.52380952380952,0.6666666666666666,3
Chubut,2024,10,15.295238095238096,1.3333333333333333,49.285714285714285,0.6666666666666666,3
Chubut,2024,11,15.17142857142857,2.3666666666666667,42.19047619047619,0.3333333333333333,3
Chubut,2024,12,14.223809523809523,13.100000000000001,54.1904761904762,0.6666666666666666,3
Chubut,2024,13,15.633333333333333,0.0,48.0,0.0,3
Chubut,2024,14,12.933333333333332,9.666666666666666,49.047619047619044,1.3333333333333333,3
Chubut,2024,15,9.519047619047619,0.0,60.23809523809524,0.0,3
Chubut,2024,16,11.823809523809524,21.666666666666668,56.38095238095238,1.0,3
Chubut,2024,17,8.866666666666667,11.366666666666667,54.904761904761905,1.3333333333333333,3
Chubut,2024,18,6.052380952380953,3.233333333333333,61.666666666666664,0.3333333333333333,3
Chubut,2024,19,4.714285714285714,26.066666666666666,76.38095238095238,2.0,3
Chubut,2024,20,4.985714285714285,0.8333333333333334,69.80952380952381,0.3333333333333333,3
Chubut,2024,21,3.5952380952380953,0.0,68.3809523809524,0.0,3
Chubut,2024,22,6.404761904761905,1.7,64.42857142857143,0.3333333333333333,3
Chubut,2024,23,7.480952380952381,5.233333333333333,76.57142857142857,1.0,3
Chubut,2024,24,7.1380952380952385,3.3333333333333335,71.95238095238095,0.3333333333333333,3
Chubut,2024,25,2.595238095238095,41.93333333333334,84.52380952380952,3.3333333333333335,3
Chubut,2024,26,3.2952380952380955,4.966666666666667,72.42857142857143,1.0,3
Chubut,2024,27,2.3000000000000003,8.933333333333332,69.47619047619047,0.6666666666666666,3
Chubut,2024,28,2.6904761904761902,0.06666666666666667,73.19047619047619,0.0,3
Chubut,2024,29,5.480952380952381,0.30000000000000004,62.095238095238095,0.0,3
Chubut,2024,30,8.061904761904762,3.0,51.142857142857146,0.6666666666666666,3
Chubut,2024,31,6.847619047619047,7.366666666666667,64.0,1.6666666666666667,3
Chubut,2024,32,6.0,15.1,75.61904761904762,1.6666666666666667,3
Chubut,2024,33,5.976190476190477,7.633333333333333,67.52380952380952,0.6666666666666666,3
Chubut,2024,34,4.095238095238095,3.4333333333333336,73.85714285714285,0.3333333333333333,3
Chubut,2024,35,9.40952380952381,2.2666666666666666,47.333333333333336,0.3333333333333333,3
Chubut,2024,36,9.504761904761905,0.9666666666666667,47.0,0.3333333333333333,3
Chubut,2024,37,8.814285714285715,0.3,47.61904761904762,0.0,3
Chubut,2024,38,10.061904761904762,14.5,53.38095238095238,2.3333333333333335,3
Chubut,2024,39,9.10952380952381,15.933333333333332,47.333333333333336,1.6666666666666667,3
Chubut,2024,40,8.485714285714286,0.8666666666666667,58.047619047619044,0.3333333333333333,3
Chubut,2024,41,13.176190476190476,0.6666666666666666,44.666666666666664,0.3333333333333333,3
Chubut,2024,42,14.461904761904762,4.666666666666667,51.76190476190476,0.3333333333333333,3
Chubut,2024,43,15.70952380952381,0.19999999999999998,40.523809523809526,0.0,3
Chubut,2024,44,16.523809523809522,2.8666666666666667,40.857142857142854,0.3333333333333333,3
Chubut,2024,45,13.980952380952381,12.699999999999998,41.714285714285715,1.0,3
Chubut,2024,46,15.685714285714285,1.3333333333333333,41.19047619047619,0.6666666666666666,3
Chubut,2024,47,16.657142857142855,1.0,47.23809523809524,0.3333333333333333,3
Chubut,2024,48,13.652380952380952,12.566666666666668,59.19047619047618,2.3333333333333335,3
Chubut,2024,49,12.533333333333333,24.599999999999998,58.57142857142858,2.0,3
Chubut,2024,50,17.604761904761904,0.03333333333333333,48.952380952380956,0.0,3
Chubut,2024,51,17.55714285714286,2.466666666666667,46.952380952380956,1.0,3
Chubut,2024,52,19.552380952380954,1.6666666666666667,47.47619047619048,0.6666666666666666,3
Chubut,2025,1,18.038095238095238,12.933333333333332,59.80952380952382,2.0,3
Chubut,2025,2,20.93809523809524,0.6666666666666666,43.952380952380956,0.3333333333333333,3
Chubut,2025,3,18.71428571428571,0.0,39.857142857142854,0.0,3
Chubut,2025,4,19.56190476190476,0.7999999999999999,50.80952380952382,0.3333333333333333,3
Chubut,2025,5,20.295238095238094,0.0,38.38095238095238,0.0,3
Chubut,2025,6,17.309523809523807,2.1666666666666665,43.666666666666664,0.6666666666666666,3
Chubut,2025,7,16.895238095238096,1.0,46.952380952380956,0.3333333333333333,3
Chubut,2025,8,20.685714285714287,0.0,40.42857142857142,0.0,3
Chubut,2025,9,17.676190476190474,2.466666666666667,51.285714285714285,0.6666666666666666,3
Chubut,2025,10,15.947619047619048,9.266666666666667,53.857142857142854,2.3333333333333335,3
Chubut,2025,11,15.466666666666669,0.0,51.38095238095238,0.0,3
Chubut,2025,12,16.552380952380954,2.8666666666666667,49.095238095238095,0.3333333333333333,3
Chubut,2025,13,16.02857142857143,13.766666666666666,52.23809523809524,0.6666666666666666,3
Chubut,2025,14,10.338095238095237,2.8666666666666667,53.47619047619048,0.6666666666666666,3
Chubut,2025,15,14.157142857142857,10.266666666666666,64.61904761904762,1.0,3
Chubut,2025,16,10.138095238095238,8.4,73.09523809523809,1.3333333333333333,3
Chubut,2025,17,11.528571428571427,2.8333333333333335,62.38095238095238,1.0,3
Chubut,2025,18,9.604761904761906,8.8,66.28571428571429,1.3333333333333333,3
Chubut,2025,19,9.547619047619047,4.5,61.76190476190476,1.0,3
Chubut,2025,20,10.27142857142857,7.866666666666666,59.8095238095238,1.0,3
Chubut,2025,21,6.019047619047619,1.2333333333333334,66.0952380952381,0.3333333333333333,3
Chubut,2025,22,7.31904761904762,0.3333333333333333,57.8095238095238,0.0,3
Chubut,2025,23,7.1000000000000005,1.0333333333333334,64.90476190476191,0.3333333333333333,3
Chubut,2025,24,7.214285714285715,3.766666666666667,69.23809523809524,0.6666666666666666,3
Chubut,2025,25,6.60952380952381,3.033333333333333,60.19047619047618,0.6666666666666666,3
Chubut,2025,26,2.0761904761904764,4.166666666666667,65.05555555555556,1.0,3
Chubut,2025,27,2.942857142857143,0.26666666666666666,69.9920634920635,0.0,3
Chubut,2025,28,8.242857142857142,0.0,58.523809523809526,0.0,3
Chubut,2025,29,9.023809523809524,0.0,54.0,0.0,3
Chubut,2025,30,1.857142857142857,6.533333333333334,71.76190476190477,1.6666666666666667,3
Chubut,2025,31,7.628571428571429,7.333333333333333,75.66666666666667,1.6666666666666667,3
Chubut,2025,32,6.042857142857142,7.666666666666667,71.52380952380952,1.0,3
Chubut,2025,33,7.252380952380952,7.6000000000000005,75.47619047619048,0.6666666666666666,3
Chubut,2025,34,8.619047619047619,2.533333333333333,58.14285714285714,0.6666666666666666,3
Chubut,2025,35,9.157142857142857,0.0,68.23809523809524,0.0,3
Chubut,2025,36,6.914285714285714,0.0,53.0,0.0,3
Chubut,2025,37,10.700000000000001,4.366666666666666,54.85714285714286,1.0,3
Chubut,2025,38,9.766666666666667,3.5,68.19047619047619,0.6666666666666666,3
Chubut,2025,39,11.30952380952381,2.9,49.857142857142854,0.3333333333333333,3
Chubut,2025,40,12.271428571428572,3.0,44.52380952380952,1.0,3
Chubut,2025,41,13.466666666666667,8.066666666666666,44.714285714285715,0.6666666666666666,3
Chubut,2025,42,14.285714285714285,0.7999999999999999,36.61904761904762,0.3333333333333333,3
Chubut,2025,43,12.585714285714284,1.3666666666666665,43.047619047619044,0.3333333333333333,3
Chubut,2025,44,13.747619047619049,0.0,39.61904761904762,0.0,3
Chubut,2025,45,14.07142857142857,4.066666666666666,52.23809523809524,0.6666666666666666,3
Chubut,2025,46,17.147619047619045,0.3333333333333333,38.14285714285714,0.0,3
Chubut,2025,47,15.79047619047619,1.5999999999999999,47.76190476190476,0.6666666666666666,3
Chubut,2025,48,17.666666666666668,11.066666666666665,53.76190476190476,1.3333333333333333,3
Chubut,2025,49,19.37142857142857,0.0,40.095238095238095,0.0,3
Chubut,2025,50,19.090476190476192,0.3666666666666667,36.61904761904762,0.0,3
Chubut,2025,51,17.095238095238095,0.6,42.047619047619044,0.3333333333333333,3
Chubut,2025,52,18.433333333333334,0.13333333333333333,34.047619047619044,0.0,3
Corrientes,2018,1,26.161904761904765,6.833333333333333,58.61904761904762,1.6666666666666667,3
Corrientes,2018,2,27.32380952380952,33.733333333333334,67.38095238095238,1.3333333333333333,3
Corrientes,2018,3,25.776190476190475,90.0,72.52380952380952,3.0,3
Corrientes,2018,4,25.99047619047619,59.0,79.85714285714286,3.3333333333333335,3
Corrientes,2018,5,27.123809523809523,0.0,65.28571428571429,0.0,3
Corrientes,2018,6,27.161904761904765,12.433333333333332,69.38095238095238,1.0,3
Corrientes,2018,7,24.609523809523807,11.333333333333334,64.66666666666667,0.6666666666666666,3
Corrientes,2018,8,24.71428571428571,7.666666666666667,67.28571428571429,0.6666666666666666,3
Corrientes,2018,9,26.323809523809526,19.3,71.95238095238095,1.3333333333333333,3
Corrientes,2018,10,24.519047619047615,3.966666666666667,62.38095238095238,0.6666666666666666,3
Corrientes,2018,11,24.723809523809525,107.0,69.04761904761905,3.0,3
Corrientes,2018,12,21.36666666666667,70.66666666666667,71.80952380952381,2.3333333333333335,3
Corrientes,2018,13,22.12857142857143,2.0,80.57142857142857,0.3333333333333333,3
Corrientes,2018,14,23.69047619047619,3.6999999999999997,75.3809523809524,0.3333333333333333,3
Corrientes,2018,15,23.652380952380952,13.633333333333333,74.80952380952381,1.6666666666666667,3
Corrientes,2018,16,25.004761904761907,49.0,76.61904761904762,1.0,3
Corrientes,2018,17,24.35238095238095,9.666666666666666,82.80952380952381,1.3333333333333333,3
Corrientes,2018,18,21.914285714285715,95.13333333333333,87.19047619047619,4.0,3
Corrientes,2018,19,19.828571428571426,67.13333333333334,85.85714285714285,2.6666666666666665,3
Corrientes,2018,20,15.833333333333334,24.766666666666666,81.66666666666667,1.6666666666666667,3
Corrientes,2018,21,14.176190476190476,0.0,78.85714285714285,0.0,3
Corrientes,2018,22,16.204761904761906,28.933333333333337,80.38095238095238,2.3333333333333335,3
Corrientes,2018,23,12.542857142857143,7.333333333333333,80.38095238095238,0.3333333333333333,3
Corrientes,2018,24,9.895238095238096,0.7999999999999999,79.85714285714285,0.3333333333333333,3
Corrientes,2018,25,14.738095238095239,7.333333333333333,76.47619047619048,0.6666666666666666,3
Corrientes,2018,26,14.476190476190476,22.433333333333334,87.57142857142857,2.0,3
Corrientes,2018,27,13.04761904761905,8.700000000000001,83.6190476190476,1.0,3
Corrientes,2018,28,13.566666666666668,0.0,79.76190476190476,0.0,3
Corrientes,2018,29,14.619047619047619,54.9,81.80952380952381,2.6666666666666665,3
Corrientes,2018,30,10.757142857142858,1.7333333333333334,83.90476190476191,0.3333333333333333,3
Corrientes,2018,31,10.261904761904763,0.0,79.14285714285715,0.0,3
Corrientes,2018,32,12.78095238095238,0.09999999999999999,74.0,0.0,3
Corrientes,2018,33,16.16190476190476,23.866666666666664,74.28571428571429,1.6666666666666667,3
Corrientes,2018,34,10.804761904761904,6.333333333333333,73.52380952380952,0.6666666666666666,3
Corrientes,2018,35,16.91904761904762,31.833333333333332,76.52380952380952,2.6666666666666665,3
Corrientes,2018,36,18.023809523809522,0.03333333333333333,69.52380952380952,0.0,3
Corrientes,2018,37,18.414285714285715,11.766666666666666,79.85714285714285,1.0,3
Corrientes,2018,38,22.795238095238094,7.233333333333334,73.38095238095238,1.0,3
Corrientes,2018,39,22.923809523809524,62.599999999999994,82.28571428571429,2.3333333333333335,3
Corrientes,2018,40,18.233333333333334,3.0,68.80952380952381,0.3333333333333333,3
Corrientes,2018,41,20.08095238095238,17.266666666666666,76.76190476190476,2.0,3
Corrientes,2018,42,22.842857142857145,1.2666666666666666,69.0,0.3333333333333333,3
Corrientes,2018,43,21.761904761904763,14.666666666666666,70.42857142857143,1.6666666666666667,3
Corrientes,2018,44,23.038095238095238,85.73333333333333,71.80952380952381,1.6666666666666667,3
Corrientes,2018,45,25.771428571428572,4.0,67.23809523809524,0.3333333333333333,3
Corrientes,2018,46,23.76190476190476,120.23333333333335,72.42857142857143,3.0,3
Corrientes,2018,47,22.87142857142857,45.9,70.71428571428571,2.0,3
Corrientes,2018,48,22.3,27.599999999999998,70.38095238095238,1.0,3
Corrientes,2018,49,21.757142857142856,0.0,58.80952380952382,0.0,3
Corrientes,2018,50,26.94285714285714,110.39999999999999,73.85714285714285,3.0,3
Corrientes,2018,51,24.690476190476193,114.89999999999999,81.33333333333333,4.0,3
Corrientes,2018,52,28.038095238095238,3.266666666666667,74.09523809523809,0.6666666666666666,3
Corrientes,2019,1,26.476190476190478,127.40000000000002,81.80952380952381,4.333333333333333,3
Corrientes,2019,2,23.795238095238094,224.9666666666667,88.23809523809524,5.666666666666667,3
Corrientes,2019,3,23.861904761904764,144.29999999999998,85.57142857142857,3.3333333333333335,3
Corrientes,2019,4,27.614285714285714,48.333333333333336,78.90476190476191,1.6666666666666667,3
Corrientes,2019,5,27.552380952380954,35.0,75.33333333333333,1.3333333333333333,3
Corrientes,2019,6,25.899999999999995,15.333333333333334,70.95238095238095,0.6666666666666666,3
Corrientes,2019,7,23.580952380952382,27.0,74.47619047619047,1.0,3
Corrientes,2019,8,28.247619047619043,35.166666666666664,69.52380952380952,1.0,3
Corrientes,2019,9,22.68095238095238,9.333333333333334,68.80952380952381,0.3333333333333333,3
Corrientes,2019,10,23.32380952380952,78.13333333333333,78.85714285714285,2.6666666666666665,3
Corrientes,2019,11,22.41428571428571,21.099999999999998,82.0,1.6666666666666667,3
Corrientes,2019,12,21.233333333333334,1.0,71.33333333333333,0.3333333333333333,3
Corrientes,2019,13,21.952380952380953,5.3,75.33333333333333,0.3333333333333333,3
Corrientes,2019,14,22.40476190476191,24.5,78.61904761904762,1.0,3
Corrientes,2019,15,21.133333333333336,0.2333333333333333,75.23809523809524,0.0,3
Corrientes,2019,16,21.06190476190476,89.53333333333335,82.85714285714286,3.0,3
Corrientes,2019,17,19.923809523809524,93.73333333333333,86.52380952380952,3.0,3
Corrientes,2019,18,20.723809523809525,34.666666666666664,86.66666666666667,3.0,3
Corrientes,2019,19,19.066666666666666,93.43333333333334,87.71428571428572,2.0,3
Corrientes,2019,20,18.095238095238095,32.333333333333336,83.80952380952381,1.6666666666666667,3
Corrientes,2019,21,16.585714285714285,44.76666666666667,89.47619047619048,2.0,3
Corrientes,2019,22,16.38095238095238,5.666666666666667,89.19047619047619,0.6666666666666666,3
Corrientes,2019,23,16.57142857142857,1.0,81.28571428571428,0.3333333333333333,3
Corrientes,2019,24,21.52857142857143,11.766666666666666,81.85714285714285,1.0,3
Corrientes,2019,25,16.761904761904763,0.19999999999999998,82.42857142857143,0.0,3
Corrientes,2019,26,15.833333333333334,10.800000000000002,78.66666666666667,1.6666666666666667,3
Corrientes,2019,27,8.485714285714286,0.0,72.23809523809524,0.0,3
Corrientes,2019,28,16.642857142857142,2.0,74.23809523809524,0.3333333333333333,3
Corrientes,2019,29,16.185714285714287,2.1666666666666665,72.42857142857143,0.6666666666666666,3
Corrientes,2019,30,12.657142857142857,73.10000000000001,88.33333333333333,3.3333333333333335,3
Corrientes,2019,31,13.28095238095238,3.4,76.42857142857143,0.3333333333333333,3
Corrientes,2019,32,14.97142857142857,8.066666666666668,79.57142857142857,0.6666666666666666,3
Corrientes,2019,33,14.552380952380952,0.0,68.66666666666667,0.0,3
Corrientes,2019,34,13.204761904761904,39.666666666666664,67.85714285714285,1.0,3
Corrientes,2019,35,19.095238095238095,5.0,73.38095238095238,0.3333333333333333,3
Corrientes,2019,36,14.738095238095239,5.633333333333334,69.04761904761905,0.6666666666666666,3
Corrientes,2019,37,17.771428571428572,25.03333333333333,79.95238095238095,2.3333333333333335,3
Corrientes,2019,38,16.895238095238096,0.06666666666666667,59.42857142857142,0.0,3
Corrientes,2019,39,20.49047619047619,0.0,55.42857142857142,0.0,3
Corrientes,2019,40,20.566666666666666,45.46666666666667,76.28571428571428,2.3333333333333335,3
Corrientes,2019,41,25.12857142857143,29.0,63.14285714285714,1.0,3
Corrientes,2019,42,17.071428571428573,49.1,83.28571428571429,4.333333333333333,3
Corrientes,2019,43,20.642857142857142,20.0,67.33333333333333,1.3333333333333333,3
Corrientes,2019,44,25.042857142857144,41.833333333333336,77.23809523809524,3.3333333333333335,3
Corrientes,2019,45,23.685714285714283,49.666666666666664,75.76190476190476,1.0,3
Corrientes,2019,46,24.209523809523805,43.666666666666664,68.57142857142857,1.6666666666666667,3
Corrientes,2019,47,26.06190476190476,15.233333333333334,64.23809523809524,1.0,3
Corrientes,2019,48,23.366666666666664,75.5,72.19047619047619,2.6666666666666665,3
Corrientes,2019,49,22.523809523809522,1.0333333333333334,57.904761904761905,0.3333333333333333,3
Corrientes,2019,50,25.476190476190478,54.666666666666664,63.85714285714286,2.3333333333333335,3
Corrientes,2019,51,24.066666666666666,20.333333333333332,66.71428571428571,1.0,3
Corrientes,2019,52,27.138095238095236,23.400000000000002,66.42857142857143,1.6666666666666667,3
Corrientes,2020,1,26.614285714285714,10.666666666666666,67.52380952380952,1.0,3
Corrientes,2020,2,26.614285714285714,7.733333333333334,68.71428571428571,1.0,3
Corrientes,2020,3,26.3,45.13333333333333,71.52380952380952,2.0,3
Corrientes,2020,4,25.94285714285714,67.33333333333333,75.66666666666667,2.3333333333333335,3
Corrientes,2020,5,25.523809523809522,24.766666666666666,70.52380952380952,1.3333333333333333,3
Corrientes,2020,6,28.947619047619046,12.0,67.66666666666667,0.6666666666666666,3
Corrientes,2020,7,25.523809523809522,83.66666666666667,71.71428571428572,3.0,3
Corrientes,2020,8,22.200000000000003,57.0,70.90476190476191,2.0,3
Corrientes,2020,9,23.76666666666667,0.0,63.047619047619044,0.0,3
Corrientes,2020,10,25.442857142857147,0.0,61.47619047619048,0.0,3
Corrientes,2020,11,28.542857142857144,21.0,63.47619047619048,1.3333333333333333,3
Corrientes,2020,12,23.81904761904762,37.06666666666666,72.80952380952381,1.0,3
Corrientes,2020,13,25.423809523809524,2.3333333333333335,69.09523809523809,0.6666666666666666,3
Corrientes,2020,14,22.65714285714286,35.333333333333336,73.80952380952381,2.6666666666666665,3
Corrientes,2020,15,18.080952380952382,0.0,64.85714285714286,0.0,3
Corrientes,2020,16,17.671428571428574,0.7333333333333334,67.0,0.3333333333333333,3
Corrientes,2020,17,23.276190476190475,15.0,65.85714285714286,1.0,3
Corrientes,2020,18,20.352380952380955,12.333333333333334,67.0,2.0,3
Corrientes,2020,19,16.0,29.0,71.80952380952381,1.0,3
Corrientes,2020,20,17.547619047619047,0.8333333333333334,69.42857142857143,0.3333333333333333,3
Corrientes,2020,21,17.233333333333334,101.33333333333333,77.33333333333333,2.6666666666666665,3
Corrientes,2020,22,15.533333333333333,0.6666666666666666,72.90476190476191,0.3333333333333333,3
Corrientes,2020,23,12.55,28.0,85.5,3.0,2
Corrientes,2020,24,15.83809523809524,4.5,76.90476190476191,0.3333333333333333,3
Corrientes,2020,25,21.476190476190478,0.2333333333333333,73.71428571428571,0.0,3
Corrientes,2020,26,16.595238095238095,11.766666666666666,68.09523809523809,1.3333333333333333,3
Corrientes,2020,27,12.238095238095235,20.3,79.71428571428572,1.0,3
Corrientes,2020,28,12.414285714285716,10.666666666666666,77.66666666666667,1.6666666666666667,3
Corrientes,2020,29,15.30952380952381,4.8999999999999995,66.71428571428571,0.6666666666666666,3
Corrientes,2020,30,16.761904761904763,11.166666666666666,72.52380952380953,1.3333333333333333,3
Corrientes,2020,31,14.742857142857142,0.06666666666666667,64.85714285714285,0.0,3
Corrientes,2020,32,22.709523809523812,0.0,57.61904761904762,0.0,3
Corrientes,2020,33,14.338095238095237,0.0,62.285714285714285,0.0,3
Corrientes,2020,34,13.228571428571428,0.0,49.23809523809524,0.0,3
Corrientes,2020,35,22.142857142857142,7.766666666666667,63.42857142857142,1.6666666666666667,3
Corrientes,2020,36,13.842857142857142,20.9,74.61904761904762,1.0,3
Corrientes,2020,37,19.400000000000002,19.066666666666666,76.3809523809524,1.3333333333333333,3
Corrientes,2020,38,17.361904761904764,1.7,58.61904761904762,0.6666666666666666,3
Corrientes,2020,39,22.65714285714286,17.866666666666667,54.476190476190474,0.6666666666666666,3
Corrientes,2020,40,21.03333333333333,6.066666666666666,64.0,0.6666666666666666,3
Corrientes,2020,41,20.733333333333334,0.0,56.57142857142858,0.0,3
Corrientes,2020,42,23.804761904761904,3.3333333333333335,56.76190476190476,0.3333333333333333,3
Corrientes,2020,43,27.104761904761904,58.93333333333334,62.047619047619044,2.3333333333333335,3
Corrientes,2020,44,21.06190476190476,0.16666666666666666,57.904761904761905,0.0,3
Corrientes,2020,45,23.228571428571428,0.6666666666666666,50.047619047619044,0.3333333333333333,3
Corrientes,2020,46,24.77619047619048,11.333333333333334,62.714285714285715,1.3333333333333333,3
Corrientes,2020,47,24.547619047619047,3.6666666666666665,46.142857142857146,0.3333333333333333,3
Corrientes,2020,48,27.233333333333334,100.2,62.047619047619044,3.0,3
Corrientes,2020,49,23.995238095238097,45.0,67.28571428571429,1.0,3
Corrientes,2020,50,26.090476190476192,27.333333333333332,62.285714285714285,1.6666666666666667,3
Corrientes,2020,51,25.676190476190474,37.56666666666666,64.57142857142857,1.6666666666666667,3
Corrientes,2020,52,26.557142857142853,22.400000000000002,58.285714285714285,0.6666666666666666,3
Corrientes,2020,53,27.21428571428571,9.0,56.80952380952382,1.0,3
Corrientes,2021,1,27.642857142857142,3.8000000000000003,60.61904761904762,0.6666666666666666,3
Corrientes,2021,2,26.014285714285716,65.3,72.61904761904762,3.0,3
Corrientes,2021,3,26.447619047619046,6.0,65.28571428571429,0.6666666666666666,3
Corrientes,2021,4,25.61904761904762,84.39999999999999,81.57142857142857,4.333333333333333,3
Corrientes,2021,5,23.647619047619045,43.6,77.0,2.0,3
Corrientes,2021,6,24.552380952380954,15.166666666666666,74.71428571428572,1.6666666666666667,3
Corrientes,2021,7,25.37142857142857,0.03333333333333333,63.0,0.0,3
Corrientes,2021,8,26.771428571428572,5.133333333333334,64.95238095238095,1.0,3
Corrientes,2021,9,25.78095238095238,18.0,69.0,0.6666666666666666,3
Corrientes,2021,10,25.58095238095238,0.0,58.285714285714285,0.0,3
Corrientes,2021,11,22.92857142857143,40.800000000000004,75.09523809523809,2.0,3
Corrientes,2021,12,23.104761904761904,55.36666666666667,82.90476190476191,2.6666666666666665,3
Corrientes,2021,13,21.08095238095238,0.13333333333333333,74.28571428571429,0.0,3
Corrientes,2021,14,24.64761904761905,29.7,76.47619047619048,1.3333333333333333,3
Corrientes,2021,15,21.504761904761903,6.0,79.28571428571428,0.6666666666666666,3
Corrientes,2021,16,21.323809523809526,27.333333333333332,76.09523809523809,1.3333333333333333,3
Corrientes,2021,17,17.65714285714286,0.0,73.90476190476191,0.0,3
Corrientes,2021,18,16.142857142857142,29.866666666666664,78.42857142857143,2.0,3
Corrientes,2021,19,14.342857142857142,0.7666666666666666,79.38095238095238,0.3333333333333333,3
Corrientes,2021,20,15.09047619047619,62.76666666666667,79.19047619047619,2.0,3
Corrientes,2021,21,14.323809523809524,17.333333333333332,76.23809523809524,1.0,3
Corrientes,2021,22,17.014285714285716,31.333333333333332,76.71428571428571,1.0,3
Corrientes,2021,23,15.823809523809524,3.6333333333333333,83.19047619047619,1.0,3
Corrientes,2021,24,11.466666666666667,0.10000000000000002,79.57142857142857,0.0,3
Corrientes,2021,25,12.785714285714286,68.0,87.14285714285715,2.0,3
Corrientes,2021,26,9.523809523809524,0.0,76.42857142857143,0.0,3
Corrientes,2021,27,17.60952380952381,0.03333333333333333,76.33333333333333,0.0,3
Corrientes,2021,28,14.6,8.766666666666667,75.95238095238095,0.6666666666666666,3
Corrientes,2021,29,15.285714285714285,10.5,66.33333333333333,0.6666666666666666,3
Corrientes,2021,30,10.18095238095238,0.39999999999999997,66.0,0.0,3
Corrientes,2021,31,16.452380952380953,1.0999999999999999,71.14285714285715,0.3333333333333333,3
Corrientes,2021,32,12.142857142857144,1.4000000000000001,76.09523809523809,0.3333333333333333,3
Corrientes,2021,33,21.338095238095235,1.9000000000000001,67.28571428571428,0.3333333333333333,3
Corrientes,2021,34,15.58095238095238,6.666666666666667,72.09523809523809,1.3333333333333333,3
Corrientes,2021,35,20.761904761904763,6.433333333333334,73.0,1.3333333333333333,3
Corrientes,2021,36,18.447619047619046,66.2,74.95238095238095,2.3333333333333335,3
Corrientes,2021,37,19.70952380952381,3.233333333333333,68.66666666666667,0.3333333333333333,3
Corrientes,2021,38,18.78095238095238,7.0,68.09523809523809,0.6666666666666666,3
Corrientes,2021,39,20.461904761904762,35.766666666666666,77.09523809523809,3.6666666666666665,3
Corrientes,2021,40,18.847619047619048,6.7,63.285714285714285,1.6666666666666667,3
Corrientes,2021,41,19.33809523809524,46.76666666666667,73.76190476190476,2.0,3
Corrientes,2021,42,20.585714285714285,31.666666666666668,60.333333333333336,2.0,3
Corrientes,2021,43,26.152380952380952,0.0,55.714285714285715,0.0,3
Corrientes,2021,44,24.066666666666663,22.266666666666666,73.28571428571429,2.3333333333333335,3
Corrientes,2021,45,24.13650793650794,25.7,60.31746031746032,1.0,3
Corrientes,2021,46,23.66190476190476,20.0,61.57142857142858,1.3333333333333333,3
Corrientes,2021,47,25.195238095238096,69.0,63.476190476190474,3.6666666666666665,3
Corrientes,2021,48,23.757142857142856,0.0,61.19047619047618,0.0,3
Corrientes,2021,49,25.099999999999998,4.533333333333333,60.285714285714285,1.0,3
Corrientes,2021,50,25.12857142857143,24.166666666666668,71.61904761904762,1.0,3
Corrientes,2021,51,27.26666666666667,13.766666666666666,58.61904761904762,1.0,3
Corrientes,2021,52,29.26190476190476,2.5,48.666666666666664,0.6666666666666666,3
Corrientes,2022,1,27.071428571428573,4.866666666666666,56.285714285714285,0.6666666666666666,3
Corrientes,2022,2,31.876190476190473,3.5,43.80952380952382,0.6666666666666666,3
Corrientes,2022,3,31.452380952380953,18.933333333333334,59.095238095238095,1.6666666666666667,3
Corrientes,2022,4,27.723809523809525,1.2,59.047619047619044,0.3333333333333333,3
Corrientes,2022,5,27.676190476190474,13.966666666666667,55.857142857142854,1.0,3
Corrientes,2022,6,24.980952380952385,6.333333333333333,53.23809523809524,0.6666666666666666,3
Corrientes,2022,7,28.03333333333333,0.30000000000000004,45.80952380952382,0.0,3
Corrientes,2022,8,29.047619047619047,24.5,58.47619047619048,1.6666666666666667,3
Corrientes,2022,9,26.519047619047623,39.03333333333333,72.80952380952381,2.0,3
Corrientes,2022,10,22.661904761904765,70.0,76.09523809523809,3.3333333333333335,3
Corrientes,2022,11,21.990476190476187,0.13333333333333333,66.33333333333333,0.0,3
Corrientes,2022,12,20.53333333333333,55.56666666666667,78.09523809523809,2.0,3
Corrientes,2022,13,18.590476190476192,60.96666666666667,72.19047619047619,2.6666666666666665,3
Corrientes,2022,14,21.50952380952381,52.666666666666664,87.85714285714285,2.6666666666666665,3
Corrientes,2022,15,18.152380952380952,14.333333333333334,74.57142857142857,0.3333333333333333,3
Corrientes,2022,16,19.576190476190476,13.766666666666666,78.23809523809524,0.6666666666666666,3
Corrientes,2022,17,20.423809523809524,70.86666666666667,79.23809523809524,3.0,3
Corrientes,2022,18,16.657142857142855,4.0,80.80952380952381,0.3333333333333333,3
Corrientes,2022,19,16.623809523809523,2.8333333333333335,80.28571428571428,0.3333333333333333,3
Corrientes,2022,20,12.128571428571428,0.0,76.47619047619048,0.0,3
Corrientes,2022,21,17.3,60.56666666666666,86.19047619047619,2.3333333333333335,3
Corrientes,2022,22,10.376190476190475,9.233333333333333,76.71428571428572,0.6666666666666666,3
Corrientes,2022,23,12.314285714285715,3.8666666666666667,84.38095238095238,0.3333333333333333,3
Corrientes,2022,24,12.509523809523811,4.3999999999999995,77.38095238095238,0.6666666666666666,3
Corrientes,2022,25,12.695238095238096,4.333333333333333,88.19047619047619,0.6666666666666666,3
Corrientes,2022,26,13.852380952380953,7.833333333333333,85.47619047619048,1.0,3
Corrientes,2022,27,19.17142857142857,1.6333333333333335,78.61904761904762,0.3333333333333333,3
Corrientes,2022,28,13.757142857142858,47.9,84.57142857142857,3.0,3
Corrientes,2022,29,18.533333333333335,3.4,81.57142857142857,0.6666666666666666,3
Corrientes,2022,30,17.49047619047619,5.333333333333333,76.19047619047619,0.6666666666666666,3
Corrientes,2022,31,14.242857142857142,73.66666666666667,83.85714285714285,2.3333333333333335,3
Corrientes,2022,32,14.980952380952381,2.6333333333333333,79.04761904761905,0.6666666666666666,3
Corrientes,2022,33,13.185714285714285,0.39999999999999997,69.80952380952381,0.0,3
Corrientes,2022,34,18.942857142857147,6.866666666666667,71.04761904761905,1.0,3
Corrientes,2022,35,14.4,20.366666666666667,71.33333333333333,1.0,3
Corrientes,2022,36,15.71904761904762,0.0,69.76190476190476,0.0,3
Corrientes,2022,37,16.79047619047619,7.666666666666667,66.52380952380952,1.0,3
Corrientes,2022,38,16.295238095238094,11.200000000000001,72.6190476190476,0.6666666666666666,3
Corrientes,2022,39,18.39047619047619,0.0,66.09523809523809,0.0,3
Corrientes,2022,40,18.223809523809525,27.666666666666668,63.38095238095238,1.6666666666666667,3
Corrientes,2022,41,18.447619047619046,0.0,64.52380952380952,0.0,3
Corrientes,2022,42,20.80952380952381,35.800000000000004,74.04761904761905,2.0,3
Corrientes,2022,43,22.76190476190476,29.5,67.14285714285714,2.0,3
Corrientes,2022,44,18.12857142857143,0.0,55.80952380952382,0.0,3
Corrientes,2022,45,22.480952380952377,20.333333333333332,63.285714285714285,1.6666666666666667,3
Corrientes,2022,46,25.37142857142857,8.333333333333334,54.095238095238095,1.0,3
Corrientes,2022,47,24.323809523809526,3.6999999999999997,60.952380952380956,0.6666666666666666,3
Corrientes,2022,48,26.842857142857145,5.8,63.666666666666664,0.3333333333333333,3
Corrientes,2022,49,29.957142857142856,3.733333333333333,57.666666666666664,0.3333333333333333,3
Corrientes,2022,50,26.2,0.0,48.952380952380956,0.0,3
Corrientes,2022,51,27.638095238095236,2.8333333333333335,56.095238095238095,0.6666666666666666,3
Corrientes,2022,52,26.347619047619048,24.933333333333334,55.80952380952382,1.6666666666666667,3
Corrientes,2023,1,27.400000000000002,0.0,48.047619047619044,0.0,3
Corrientes,2023,2,27.409523809523808,16.3,55.42857142857142,1.3333333333333333,3
Corrientes,2023,3,30.06190476190476,2.0,56.047619047619044,0.6666666666666666,3
Corrientes,2023,4,29.480952380952377,16.633333333333333,58.42857142857142,1.6666666666666667,3
Corrientes,2023,5,27.738095238095237,13.0,55.333333333333336,0.6666666666666666,3
Corrientes,2023,6,29.83809523809524,7.333333333333333,52.095238095238095,1.0,3
Corrientes,2023,7,24.047619047619047,13.333333333333334,57.285714285714285,1.6666666666666667,3
Corrientes,2023,8,26.61904761904762,18.0,60.857142857142854,1.3333333333333333,3
Corrientes,2023,9,26.7,25.066666666666666,69.90476190476191,2.0,3
Corrientes,2023,10,28.666666666666668,0.0,61.095238095238095,0.0,3
Corrientes,2023,11,27.38095238095238,37.300000000000004,76.28571428571428,3.0,3
Corrientes,2023,12,25.985714285714284,50.333333333333336,77.14285714285715,2.0,3
Corrientes,2023,13,23.19047619047619,53.199999999999996,70.66666666666667,1.6666666666666667,3
Corrientes,2023,14,21.933333333333334,15.9,74.19047619047619,0.6666666666666666,3
Corrientes,2023,15,21.347619047619048,26.8,75.28571428571429,1.0,3
Corrientes,2023,16,18.138095238095236,1.0,68.0,0.3333333333333333,3
Corrientes,2023,17,20.66190476190476,10.166666666666666,77.61904761904762,1.6666666666666667,3
Corrientes,2023,18,17.023809523809522,69.93333333333334,91.19047619047619,5.333333333333333,3
Corrientes,2023,19,16.2,0.0,78.09523809523809,0.0,3
Corrientes,2023,20,19.095238095238095,19.900000000000002,80.52380952380952,1.6666666666666667,3
Corrientes,2023,21,20.109523809523807,17.0,79.52380952380952,0.6666666666666666,3
Corrientes,2023,22,18.32857142857143,13.666666666666666,82.23809523809524,0.6666666666666666,3
Corrientes,2023,23,19.452380952380953,3.5,77.19047619047619,0.6666666666666666,3
Corrientes,2023,24,11.223809523809523,0.5,77.33333333333333,0.0,3
Corrientes,2023,25,16.638095238095236,11.766666666666666,88.14285714285715,1.3333333333333333,3
Corrientes,2023,26,17.914285714285715,3.4,77.76190476190476,0.6666666666666666,3
Corrientes,2023,27,19.452380952380953,18.73333333333333,81.6190476190476,0.6666666666666666,3
Corrientes,2023,28,12.833333333333334,15.0,84.19047619047619,2.0,3
Corrientes,2023,29,15.723809523809523,1.3333333333333333,72.23809523809524,0.3333333333333333,3
Corrientes,2023,30,13.57142857142857,7.8,81.3809523809524,1.3333333333333333,3
Corrientes,2023,31,22.233333333333334,2.3333333333333335,74.14285714285714,0.3333333333333333,3
Corrientes,2023,32,15.104761904761906,1.1666666666666667,72.0,0.3333333333333333,3
Corrientes,2023,33,19.200000000000003,35.56666666666667,70.23809523809524,1.0,3
Corrientes,2023,34,16.547619047619047,0.0,64.66666666666667,0.0,3
Corrientes,2023,35,17.78095238095238,70.5,73.47619047619048,3.3333333333333335,3
Corrientes,2023,36,16.185714285714287,35.800000000000004,85.14285714285715,2.3333333333333335,3
Corrientes,2023,37,18.566666666666666,38.1,72.09523809523809,2.0,3
Corrientes,2023,38,21.852380952380955,21.5,84.42857142857143,1.6666666666666667,3
Corrientes,2023,39,16.909523809523808,13.166666666666666,74.28571428571429,1.3333333333333333,3
Corrientes,2023,40,19.042857142857144,10.533333333333333,63.047619047619044,1.0,3
Corrientes,2023,41,18.890476190476193,8.233333333333333,63.857142857142854,1.3333333333333333,3
Corrientes,2023,42,21.909523809523808,99.2,80.80952380952381,3.6666666666666665,3
Corrientes,2023,43,21.433333333333334,28.8,82.57142857142857,2.0,3
Corrientes,2023,44,19.323809523809526,11.966666666666669,78.76190476190476,1.6666666666666667,3
Corrientes,2023,45,25.776190476190475,57.43333333333334,73.85714285714285,2.3333333333333335,3
Corrientes,2023,46,23.14761904761905,58.96666666666667,80.52380952380952,3.0,3
Corrientes,2023,47,24.41428571428571,22.433333333333334,69.76190476190476,1.6666666666666667,3
Corrientes,2023,48,25.452380952380953,92.5,81.09523809523809,3.3333333333333335,3
Corrientes,2023,49,23.547619047619047,10.1,74.52380952380952,0.6666666666666666,3
Corrientes,2023,50,27.104761904761904,81.5,78.19047619047619,2.0,3
Corrientes,2023,51,25.133333333333336,59.93333333333334,83.57142857142857,3.0,3
Corrientes,2023,52,24.447619047619046,45.36666666666667,70.57142857142857,1.3333333333333333,3
Corrientes,2024,1,25.81904761904762,15.966666666666667,73.28571428571428,0.6666666666666666,3
Corrientes,2024,2,24.64761904761905,68.66666666666667,82.95238095238095,3.6666666666666665,3
Corrientes,2024,3,26.176190476190474,25.900000000000002,81.0,1.6666666666666667,3
Corrientes,2024,4,24.352380952380955,0.0,66.90476190476191,0.0,3
Corrientes,2024,5,28.709523809523812,0.2333333333333333,60.904761904761905,0.0,3
Corrientes,2024,6,30.585714285714285,6.966666666666666,67.28571428571429,0.6666666666666666,3
Corrientes,2024,7,24.81904761904762,20.400000000000002,73.95238095238095,1.0,3
Corrientes,2024,8,27.461904761904762,15.899999999999999,71.04761904761905,1.6666666666666667,3
Corrientes,2024,9,26.56190476190476,179.96666666666667,84.66666666666667,5.0,3
Corrientes,2024,10,24.428571428571427,44.93333333333334,77.14285714285715,1.6666666666666667,3
Corrientes,2024,11,27.495238095238093,170.73333333333335,78.52380952380952,2.6666666666666665,3
Corrientes,2024,12,23.90476190476191,48.86666666666667,81.14285714285714,1.3333333333333333,3
Corrientes,2024,13,24.50952380952381,2.5,76.47619047619048,0.3333333333333333,3
Corrientes,2024,14,23.042857142857144,113.93333333333334,85.28571428571429,2.3333333333333335,3
Corrientes,2024,15,21.576190476190476,101.73333333333333,89.04761904761905,3.3333333333333335,3
Corrientes,2024,16,20.904761904761905,36.96666666666667,80.04761904761905,1.6666666666666667,3
Corrientes,2024,17,22.06190476190476,76.53333333333333,83.61904761904762,3.6666666666666665,3
Corrientes,2024,18,21.047619047619047,25.400000000000002,89.90476190476191,3.0,3
Corrientes,2024,19,19.82857142857143,14.833333333333334,82.23809523809524,3.0,3
Corrientes,2024,20,11.914285714285716,0.0,78.19047619047619,0.0,3
Corrientes,2024,21,12.70952380952381,25.733333333333334,84.47619047619048,2.6666666666666665,3
Corrientes,2024,22,14.038095238095238,0.03333333333333333,83.76190476190476,0.0,3
Corrientes,2024,23,18.695238095238093,0.0,78.3809523809524,0.0,3
Corrientes,2024,24,22.104761904761904,9.633333333333335,77.76190476190476,1.0,3
Corrientes,2024,25,20.22857142857143,4.8999999999999995,86.85714285714285,1.0,3
Corrientes,2024,26,10.628571428571428,0.0,74.28571428571429,0.0,3
Corrientes,2024,27,11.895238095238094,0.0,68.47619047619048,0.0,3
Corrientes,2024,28,7.133333333333333,0.3666666666666667,78.14285714285714,0.0,3
Corrientes,2024,29,15.876190476190475,0.0,82.09523809523809,0.0,3
Corrientes,2024,30,18.57142857142857,5.933333333333334,78.95238095238095,0.3333333333333333,3
Corrientes,2024,31,18.323809523809523,0.4666666666666666,68.04761904761905,0.0,3
Corrientes,2024,32,13.823809523809524,40.4,76.23809523809524,2.3333333333333335,3
Corrientes,2024,33,15.119047619047619,1.6666666666666667,69.85714285714285,0.3333333333333333,3
Corrientes,2024,34,13.314285714285715,76.4,84.19047619047619,2.3333333333333335,3
Corrientes,2024,35,14.547619047619046,2.0,75.23809523809524,0.6666666666666666,3
Corrientes,2024,36,16.35238095238095,12.333333333333334,75.85714285714285,1.3333333333333333,3
Corrientes,2024,37,17.41904761904762,6.666666666666667,82.38095238095238,0.3333333333333333,3
Corrientes,2024,38,22.28095238095238,9.5,70.6190476190476,0.6666666666666666,3
Corrientes,2024,39,20.78571428571429,61.76666666666667,82.76190476190476,2.0,3
Corrientes,2024,40,21.328571428571426,16.233333333333334,65.33333333333333,2.0,3
Corrientes,2024,41,20.242857142857144,19.666666666666668,80.52380952380953,1.3333333333333333,3
Corrientes,2024,42,22.252380952380957,21.666666666666668,76.19047619047619,2.6666666666666665,3
Corrientes,2024,43,23.78095238095238,27.03333333333333,68.66666666666667,1.3333333333333333,3
Corrientes,2024,44,24.21904761904762,31.833333333333332,72.95238095238095,1.3333333333333333,3
Corrientes,2024,45,23.69047619047619,20.966666666666665,71.33333333333333,1.6666666666666667,3
Corrientes,2024,46,23.114285714285714,26.433333333333334,64.47619047619048,1.6666666666666667,3
Corrientes,2024,47,23.423809523809524,56.93333333333334,78.28571428571429,2.3333333333333335,3
Corrientes,2024,48,25.114285714285714,134.0,82.85714285714285,5.0,3
Corrientes,2024,49,22.695238095238096,19.333333333333332,67.47619047619047,1.3333333333333333,3
Corrientes,2024,50,23.671428571428567,30.0,71.57142857142857,2.3333333333333335,3
Corrientes,2024,51,24.28095238095238,6.166666666666667,68.80952380952381,0.6666666666666666,3
Corrientes,2024,52,23.019047619047615,3.0,63.333333333333336,0.3333333333333333,3
Corrientes,2025,1,26.71428571428571,0.0,55.714285714285715,0.0,3
Corrientes,2025,2,26.723809523809525,0.0,51.095238095238095,0.0,3
Corrientes,2025,3,28.585714285714285,5.766666666666667,57.047619047619044,0.6666666666666666,3
Corrientes,2025,4,27.171428571428567,16.5,67.38095238095238,1.0,3
Corrientes,2025,5,26.93809523809524,29.833333333333332,67.42857142857143,2.0,3
Corrientes,2025,6,30.614285714285714,2.033333333333333,57.095238095238095,0.6666666666666666,3
Corrientes,2025,7,29.19047619047619,44.96666666666666,65.57142857142857,1.6666666666666667,3
Corrientes,2025,8,26.723809523809525,7.866666666666667,75.0,1.3333333333333333,3
Corrientes,2025,9,29.071428571428573,8.700000000000001,70.95238095238095,1.0,3
Corrientes,2025,10,29.771428571428572,10.333333333333334,62.38095238095238,1.6666666666666667,3
Corrientes,2025,11,22.109523809523807,0.4333333333333333,60.38095238095238,0.0,3
Corrientes,2025,12,25.17619047619048,18.5,61.666666666666664,2.0,3
Corrientes,2025,13,24.485714285714284,62.73333333333333,82.14285714285714,3.6666666666666665,3
Corrientes,2025,14,18.257142857142856,43.73333333333333,78.14285714285715,2.0,3
Corrientes,2025,15,19.947619047619046,30.46666666666667,82.14285714285715,1.0,3
Corrientes,2025,16,19.933333333333334,1.0,69.04761904761905,0.3333333333333333,3
Corrientes,2025,17,20.166666666666668,3.5,74.76190476190476,0.6666666666666666,3
Corrientes,2025,18,18.347619047619048,2.6999999999999997,72.28571428571429,0.6666666666666666,3
Corrientes,2025,19,20.976190476190478,143.70000000000002,85.85714285714285,3.6666666666666665,3
Corrientes,2025,20,20.87142857142857,28.266666666666666,80.52380952380953,1.6666666666666667,3
Corrientes,2025,21,16.980952380952385,71.66666666666667,84.14285714285714,2.3333333333333335,3
Corrientes,2025,22,12.6,96.0,84.6190476190476,2.3333333333333335,3
Corrientes,2025,23,14.204761904761904,4.166666666666667,86.33333333333333,0.3333333333333333,3
Corrientes,2025,24,12.223809523809523,45.6,83.04761904761905,2.0,3
Corrientes,2025,25,14.376190476190478,60.70000000000001,93.04761904761905,3.3333333333333335,3
Corrientes,2025,26,9.704761904761904,0.0,72.38095238095237,0.0,3
Corrientes,2025,27,9.338095238095239,0.0,77.14285714285715,0.0,3
Corrientes,2025,28,14.30952380952381,1.2000000000000002,83.14285714285715,0.3333333333333333,3
Corrientes,2025,29,14.319047619047618,8.633333333333333,81.80952380952381,0.6666666666666666,3
Corrientes,2025,30,15.880952380952381,66.76666666666667,85.23809523809524,2.3333333333333335,3
Corrientes,2025,31,16.45714285714286,3.0,72.57142857142857,0.3333333333333333,3
Corrientes,2025,32,12.057142857142857,2.1666666666666665,75.04761904761905,0.6666666666666666,3
Corrientes,2025,33,13.376190476190475,1.6666666666666667,77.47619047619048,0.3333333333333333,3
Corrientes,2025,34,16.16190476190476,42.9,77.28571428571428,3.3333333333333335,3
Corrientes,2025,35,17.87142857142857,18.166666666666668,70.95238095238095,0.6666666666666666,3
Corrientes,2025,36,14.338095238095237,21.333333333333332,78.04761904761905,2.6666666666666665,3
Corrientes,2025,37,17.766666666666666,24.833333333333332,76.23809523809524,2.0,3
Corrientes,2025,38,20.961904761904762,85.06666666666666,83.76190476190476,3.3333333333333335,3
Corrientes,2025,39,17.723809523809525,24.833333333333332,69.95238095238095,1.3333333333333333,3
Corrientes,2025,40,22.347619047619048,28.666666666666668,79.95238095238095,1.6666666666666667,3
Corrientes,2025,41,19.361904761904764,11.0,67.90476190476191,0.3333333333333333,3
Corrientes,2025,42,20.83809523809524,43.9,67.42857142857143,1.6666666666666667,3
Corrientes,2025,43,21.53333333333333,75.83333333333333,67.33333333333333,1.6666666666666667,3
Corrientes,2025,44,18.8,18.7,76.6190476190476,2.6666666666666665,3
Corrientes,2025,45,20.13333333333333,22.866666666666664,72.33333333333333,1.6666666666666667,3
Corrientes,2025,46,23.361904761904764,51.26666666666667,70.57142857142857,2.3333333333333335,3
Corrientes,2025,47,21.62857142857143,2.1333333333333333,65.14285714285714,0.6666666666666666,3
Corrientes,2025,48,25.590476190476192,44.76666666666667,66.28571428571429,2.0,3
Corrientes,2025,49,25.961904761904762,26.633333333333336,63.333333333333336,1.6666666666666667,3
Corrientes,2025,50,24.56190476190476,35.6,74.0,3.0,3
Corrientes,2025,51,24.538095238095238,86.23333333333333,68.19047619047619,2.3333333333333335,3
Corrientes,2025,52,26.25238095238095,128.16666666666666,85.09523809523809,4.0,3
Córdoba,2018,1,24.325,0.8,57.714285714285715,0.25,8
Córdoba,2018,2,25.241071428571427,36.4375,62.642857142857146,2.375,8
Córdoba,2018,3,22.876785714285713,26.3,67.83928571428571,1.625,8
Córdoba,2018,4,23.082142857142856,15.375,69.71428571428572,1.375,8
Córdoba,2018,5,25.9125,6.2875,62.07142857142857,0.5,8
Córdoba,2018,6,23.8,34.1125,66.07142857142857,2.125,8
Córdoba,2018,7,23.210714285714285,1.25,62.69642857142858,0.25,8
Córdoba,2018,8,21.59642857142857,14.975,67.80357142857143,1.625,8
Córdoba,2018,9,23.475,7.0375,69.19642857142857,0.75,8
Córdoba,2018,10,21.985714285714284,1.2,60.285714285714285,0.375,8
Córdoba,2018,11,20.867857142857144,5.625,53.732142857142854,0.125,8
Córdoba,2018,12,18.289285714285715,4.7125,55.285714285714285,0.625,8
Córdoba,2018,13,20.146428571428572,15.025,60.767857142857146,1.25,8
Córdoba,2018,14,18.744642857142857,26.7625,79.92857142857143,2.25,8
Córdoba,2018,15,19.557142857142857,1.7625,70.82142857142857,0.5,8
Córdoba,2018,16,22.896428571428572,17.25,74.10714285714286,0.75,8
Córdoba,2018,17,20.96964285714286,6.7375,80.14285714285714,1.0,8
Córdoba,2018,18,16.928571428571427,30.1,94.10714285714286,4.25,8
Córdoba,2018,19,16.626785714285713,72.7625,84.64285714285714,3.0,8
Córdoba,2018,20,13.085714285714285,0.0,73.19642857142857,0.0,8
Córdoba,2018,21,12.20357142857143,0.0,73.01785714285714,0.0,8
Córdoba,2018,22,11.17142857142857,5.925000000000001,79.17857142857143,0.75,8
Córdoba,2018,23,8.946428571428571,0.0,72.21428571428572,0.0,8
Córdoba,2018,24,5.921428571428572,3.75,71.5,0.375,8
Córdoba,2018,25,10.301785714285714,0.0,61.55357142857143,0.0,8
Córdoba,2018,26,11.682142857142857,0.5125,72.10714285714286,0.25,8
Córdoba,2018,27,7.4660714285714285,0.6875,80.39285714285714,0.125,8
Córdoba,2018,28,9.0375,0.0,69.28571428571429,0.0,8
Córdoba,2018,29,8.525,2.5,66.16071428571429,0.375,8
Córdoba,2018,30,6.383928571428571,1.05,67.48214285714286,0.25,8
Córdoba,2018,31,8.189285714285715,0.0,61.26785714285714,0.0,8
Córdoba,2018,32,10.673214285714286,1.3875,60.125,0.375,8
Córdoba,2018,33,12.376785714285715,0.175,52.732142857142854,0.0,8
Córdoba,2018,34,9.214285714285714,0.0125,46.642857142857146,0.0,8
Córdoba,2018,35,12.808928571428572,3.875,55.125,0.625,8
Córdoba,2018,36,17.455357142857142,0.0,54.42857142857143,0.0,8
Córdoba,2018,37,16.814285714285717,16.5375,73.19642857142857,2.0,8
Córdoba,2018,38,20.15357142857143,4.75,53.589285714285715,0.375,8
Córdoba,2018,39,19.16428571428571,12.125,69.96428571428572,1.375,8
Córdoba,2018,40,16.560714285714287,0.0,49.982142857142854,0.0,8
Córdoba,2018,41,17.34464285714286,7.6875,55.0,0.625,8
Córdoba,2018,42,20.883928571428573,15.2625,63.42857142857143,1.75,8
Córdoba,2018,43,16.525,31.95,83.28571428571428,3.625,8
Córdoba,2018,44,20.698214285714286,29.475,70.21428571428572,1.75,8
Córdoba,2018,45,23.11607142857143,60.625,70.35714285714286,3.5,8
Córdoba,2018,46,20.573214285714286,15.6125,60.767857142857146,1.5,8
Córdoba,2018,47,22.6875,19.025,55.160714285714285,1.125,8
Córdoba,2018,48,18.776785714285715,38.9125,74.19642857142857,3.75,8
Córdoba,2018,49,21.876785714285713,4.625,56.964285714285715,0.875,8
Córdoba,2018,50,25.098214285714285,31.25,62.76785714285714,1.25,8
Córdoba,2018,51,22.29642857142857,19.5,68.78571428571429,2.75,8
Córdoba,2018,52,26.117857142857144,32.8625,62.01785714285714,2.125,8
Córdoba,2019,1,24.62142857142857,42.15,70.82142857142857,2.25,8
Córdoba,2019,2,21.05892857142857,29.925,78.46428571428572,2.25,8
Córdoba,2019,3,20.401785714285715,33.375,77.73214285714286,2.375,8
Córdoba,2019,4,26.15535714285714,64.8,79.21428571428572,1.75,8
Córdoba,2019,5,25.0125,21.9625,78.80357142857143,1.25,8
Córdoba,2019,6,23.57142857142857,27.4125,72.32142857142857,1.125,8
Córdoba,2019,7,20.14107142857143,3.275,74.73214285714286,0.125,8
Córdoba,2019,8,26.20357142857143,14.537500000000001,71.10714285714286,1.125,8
Córdoba,2019,9,21.53214285714286,61.375,68.41071428571429,1.25,8
Córdoba,2019,10,20.225,9.75,81.39285714285714,1.5,8
Córdoba,2019,11,18.892857142857142,39.775,83.89285714285714,2.375,8
Córdoba,2019,12,17.09464285714286,0.625,75.67857142857143,0.125,8
Córdoba,2019,13,18.37857142857143,47.662499999999994,81.57142857142857,2.5,8
Córdoba,2019,14,19.201785714285712,6.775,72.69642857142857,0.875,8
Córdoba,2019,15,18.685714285714287,4.75,69.39285714285714,0.5,8
Córdoba,2019,16,18.45357142857143,16.15,78.33928571428572,1.75,8
Córdoba,2019,17,14.932142857142857,46.1,88.16071428571428,3.375,8
Córdoba,2019,18,16.916071428571428,9.6,78.26785714285714,2.0,8
Córdoba,2019,19,15.05892857142857,8.7625,79.94642857142857,1.625,8
Córdoba,2019,20,13.98392857142857,0.0,75.14285714285714,0.0,8
Córdoba,2019,21,10.789285714285715,9.7125,79.10714285714286,1.25,8
Córdoba,2019,22,11.028571428571428,2.9,86.92857142857143,0.25,8
Córdoba,2019,23,12.464285714285714,0.0,73.21428571428572,0.0,8
Córdoba,2019,24,12.110714285714286,8.25,87.58928571428571,1.5,8
Córdoba,2019,25,11.580357142857142,1.65,73.57142857142857,0.125,8
Córdoba,2019,26,9.232142857142856,0.025,66.67857142857143,0.0,8
Córdoba,2019,27,6.455357142857142,0.0,66.73214285714286,0.0,8
Córdoba,2019,28,11.251785714285713,0.0,73.0,0.0,8
Córdoba,2019,29,12.464285714285714,0.0,68.23214285714286,0.0,8
Córdoba,2019,30,8.403571428571428,7.0625,67.07142857142857,0.5,8
Córdoba,2019,31,10.525,0.0,59.285714285714285,0.0,8
Córdoba,2019,32,10.978571428571428,0.0125,50.232142857142854,0.0,8
Córdoba,2019,33,9.54642857142857,0.0,60.05357142857143,0.0,8
Córdoba,2019,34,11.1625,0.0,66.05357142857143,0.0,8
Córdoba,2019,35,16.119642857142857,0.0,58.660714285714285,0.0,8
Córdoba,2019,36,10.044642857142858,2.3125,55.160714285714285,0.75,8
Córdoba,2019,37,13.128571428571428,5.0625,70.39285714285714,1.25,8
Córdoba,2019,38,14.419642857142858,0.0,38.839285714285715,0.0,8
Córdoba,2019,39,20.59107142857143,0.0,45.964285714285715,0.0,8
Córdoba,2019,40,14.892857142857142,3.4,54.82142857142857,0.625,8
Córdoba,2019,41,22.832142857142856,22.8625,56.17857142857143,1.625,8
Córdoba,2019,42,14.3,10.0625,75.0,1.875,8
Córdoba,2019,43,20.44107142857143,15.375,61.410714285714285,1.125,8
Córdoba,2019,44,20.426785714285714,1.7625,60.14285714285714,0.25,8
Córdoba,2019,45,22.276785714285715,22.1875,61.589285714285715,2.25,8
Córdoba,2019,46,24.72142857142857,32.824999999999996,60.964285714285715,2.125,8
Córdoba,2019,47,23.975,37.2875,64.66071428571429,2.375,8
Córdoba,2019,48,21.880357142857143,13.1125,56.375,1.0,8
Córdoba,2019,49,21.760714285714286,21.7125,55.69642857142857,2.625,8
Córdoba,2019,50,24.912499999999998,24.0125,50.67857142857143,1.75,8
Córdoba,2019,51,23.7,27.8625,52.857142857142854,0.75,8
Córdoba,2019,52,25.0125,69.5,63.35714285714286,2.125,8
Córdoba,2020,1,24.705357142857142,18.125,68.28571428571428,1.25,8
Córdoba,2020,2,24.060714285714287,32.8375,65.60714285714286,2.375,8
Córdoba,2020,3,24.976785714285715,23.55,64.08928571428571,1.125,8
Córdoba,2020,4,26.15892857142857,15.9375,68.94642857142857,1.0,8
Córdoba,2020,5,23.392857142857142,7.35,62.982142857142854,1.0,8
Córdoba,2020,6,23.82857142857143,124.7625,79.125,4.25,8
Córdoba,2020,7,23.117857142857144,24.65,76.17857142857143,0.75,8
Córdoba,2020,8,19.980357142857144,13.1,67.91071428571428,0.875,8
Córdoba,2020,9,22.160714285714285,10.0,66.01785714285714,0.625,8
Córdoba,2020,10,24.46607142857143,0.0,63.80357142857143,0.0,8
Córdoba,2020,11,23.085714285714285,26.9,76.73214285714286,2.75,8
Córdoba,2020,12,20.730357142857144,17.2875,74.48214285714286,1.5,8
Córdoba,2020,13,21.65,53.275,79.08928571428571,2.0,8
Córdoba,2020,14,19.85,11.2,74.64285714285714,1.375,8
Córdoba,2020,15,16.396428571428572,10.875,61.5,1.0,8
Córdoba,2020,16,16.823214285714286,0.0,65.83928571428571,0.0,8
Córdoba,2020,17,20.348214285714285,19.4875,71.875,1.5,8
Córdoba,2020,18,16.81607142857143,8.5375,71.39285714285714,0.375,8
Córdoba,2020,19,13.830357142857142,0.0,64.53571428571428,0.0,8
Córdoba,2020,20,14.414285714285715,0.0,56.875,0.0,8
Córdoba,2020,21,13.475,0.375,61.267857142857146,0.125,8
Córdoba,2020,22,12.303571428571429,0.0,60.839285714285715,0.0,8
Córdoba,2020,23,9.076785714285714,0.875,68.58928571428571,0.125,8
Córdoba,2020,24,11.246428571428572,0.0,66.48214285714286,0.0,8
Córdoba,2020,25,12.26607142857143,0.0125,65.01785714285714,0.0,8
Córdoba,2020,26,8.114285714285714,0.1375,66.10714285714286,0.0,8
Córdoba,2020,27,7.873214285714286,0.0,69.89285714285714,0.0,8
Córdoba,2020,28,6.807142857142857,0.0,65.875,0.0,8
Córdoba,2020,29,9.242857142857142,0.0625,68.92857142857143,0.0,8
Córdoba,2020,30,9.142857142857142,0.275,68.01785714285714,0.0,8
Córdoba,2020,31,10.225,0.0,50.214285714285715,0.0,8
Córdoba,2020,32,16.541071428571428,0.125,57.57142857142857,0.0,8
Córdoba,2020,33,9.769642857142857,0.0,38.625,0.0,8
Córdoba,2020,34,9.573214285714284,0.0,38.142857142857146,0.0,8
Córdoba,2020,35,14.594642857142858,0.4125,56.125,0.125,8
Córdoba,2020,36,10.492857142857144,8.625,69.69642857142857,0.875,8
Córdoba,2020,37,15.32857142857143,0.275,53.785714285714285,0.0,8
Córdoba,2020,38,14.9625,0.0,36.839285714285715,0.0,8
Córdoba,2020,39,18.694642857142856,5.275,47.25,0.25,8
Córdoba,2020,40,16.90535714285714,0.0125,42.910714285714285,0.0,8
Córdoba,2020,41,18.13392857142857,0.0,41.339285714285715,0.0,8
Córdoba,2020,42,23.392857142857142,5.5,46.76785714285714,0.625,8
Córdoba,2020,43,18.494642857142857,42.025,78.67857142857143,2.875,8
Córdoba,2020,44,18.00357142857143,1.5,47.375,0.375,8
Córdoba,2020,45,22.371428571428574,1.65,45.73214285714286,0.375,8
Córdoba,2020,46,21.960714285714285,40.0625,62.089285714285715,2.75,8
Córdoba,2020,47,22.235714285714284,4.65,53.589285714285715,0.875,8
Córdoba,2020,48,25.001785714285713,20.45,55.35714285714286,2.125,8
Córdoba,2020,49,20.50357142857143,28.5,58.714285714285715,2.0,8
Córdoba,2020,50,24.882142857142856,4.375,46.267857142857146,0.75,8
Córdoba,2020,51,23.53392857142857,24.7125,47.17857142857143,1.375,8
Córdoba,2020,52,26.04642857142857,15.4,51.42857142857143,1.25,8
Córdoba,2020,53,23.23392857142857,40.0375,63.160714285714285,3.25,8
Córdoba,2021,1,23.314285714285713,33.5625,64.14285714285714,2.125,8
Córdoba,2021,2,21.9875,39.025,69.89285714285714,3.0,8
Córdoba,2021,3,25.148214285714285,1.5,58.89285714285714,0.25,8
Córdoba,2021,4,22.932142857142857,110.125,76.85714285714286,5.0,8
Córdoba,2021,5,21.09107142857143,13.5625,73.80357142857143,1.75,8
Córdoba,2021,6,21.235714285714288,17.75,78.25,1.375,8
Córdoba,2021,7,22.142857142857142,16.45,71.125,1.5,8
Córdoba,2021,8,23.541071428571428,16.825,70.67857142857143,1.75,8
Córdoba,2021,9,24.001785714285713,6.125,76.03571428571428,0.625,8
Córdoba,2021,10,22.63392857142857,25.5875,72.73214285714286,2.5,8
Córdoba,2021,11,17.957142857142856,45.4375,78.35714285714286,1.75,8
Córdoba,2021,12,18.417857142857144,35.625,76.80357142857143,1.75,8
Córdoba,2021,13,18.964285714285715,0.0,70.98214285714286,0.0,8
Córdoba,2021,14,19.951785714285712,68.175,81.80357142857143,3.125,8
Córdoba,2021,15,19.242857142857144,0.0,74.07142857142857,0.0,8
Córdoba,2021,16,18.575,17.7375,76.71428571428571,1.125,8
Córdoba,2021,17,16.3875,0.0,68.35714285714286,0.0,8
Córdoba,2021,18,11.989285714285714,8.0,72.69642857142857,1.0,8
Córdoba,2021,19,11.914285714285715,0.0,68.32142857142857,0.0,8
Córdoba,2021,20,13.50357142857143,19.55,74.55357142857143,1.5,8
Córdoba,2021,21,12.4375,0.0,59.660714285714285,0.0,8
Córdoba,2021,22,13.857142857142858,0.037500000000000006,63.44047619047619,0.0,8
Córdoba,2021,23,12.935714285714287,0.0,72.64285714285714,0.0,8
Córdoba,2021,24,6.675,7.175000000000001,77.375,1.375,8
Córdoba,2021,25,9.267857142857142,0.725,74.64285714285714,0.25,8
Córdoba,2021,26,6.732142857142857,0.0,56.92857142857143,0.0,8
Córdoba,2021,27,13.29642857142857,0.5625,64.71428571428572,0.125,8
Córdoba,2021,28,9.801785714285714,1.6,58.089285714285715,0.5,8
Córdoba,2021,29,11.5875,0.0,53.85714285714286,0.0,8
Córdoba,2021,30,7.2767857142857135,0.0,49.75,0.0,8
Córdoba,2021,31,12.398214285714285,0.8875,54.26785714285714,0.125,8
Córdoba,2021,32,8.146428571428572,0.0,55.714285714285715,0.0,8
Córdoba,2021,33,15.166071428571428,0.0,55.30357142857143,0.0,8
Córdoba,2021,34,12.4875,0.0,42.107142857142854,0.0,8
Córdoba,2021,35,18.09107142857143,15.1375,71.41071428571429,1.125,8
Córdoba,2021,36,15.148214285714285,10.2625,65.76785714285714,1.25,8
Córdoba,2021,37,16.10892857142857,3.1875,47.94642857142858,0.375,8
Córdoba,2021,38,16.019642857142856,0.0125,57.19642857142857,0.0,8
Córdoba,2021,39,16.675,1.275,55.125,0.125,8
Córdoba,2021,40,16.09107142857143,2.825,48.625,0.375,8
Córdoba,2021,41,17.03035714285714,34.475,58.44642857142857,1.5,8
Córdoba,2021,42,19.98392857142857,7.6625,47.25,0.875,8
Córdoba,2021,43,25.835714285714285,35.6375,41.48214285714286,1.25,8
Córdoba,2021,44,16.6625,30.4875,74.14285714285714,1.75,8
Córdoba,2021,45,21.001785714285713,44.8125,65.57142857142857,2.625,8
Córdoba,2021,46,21.339285714285715,2.3875,50.339285714285715,0.625,8
Córdoba,2021,47,24.082142857142856,36.6375,53.767857142857146,1.875,8
Córdoba,2021,48,22.885714285714286,10.8375,60.714285714285715,1.5,8
Córdoba,2021,49,22.519642857142856,42.7625,70.94642857142857,2.875,8
Córdoba,2021,50,23.86785714285714,11.25,61.80357142857143,1.125,8
Córdoba,2021,51,26.910714285714285,11.85,53.73214285714286,1.375,8
Córdoba,2021,52,28.042857142857144,5.125,47.73214285714286,1.25,8
Córdoba,2022,1,26.035714285714285,5.625,50.214285714285715,0.75,8
Córdoba,2022,2,31.4375,14.5,40.30357142857143,0.875,8
Córdoba,2022,3,23.1875,87.42500000000001,78.69642857142857,2.875,8
Córdoba,2022,4,23.476785714285715,13.512500000000001,71.35714285714286,1.25,8
Córdoba,2022,5,22.65535714285714,16.9,67.92857142857143,1.375,8
Córdoba,2022,6,20.880357142857143,24.6875,65.35714285714286,1.875,8
Córdoba,2022,7,23.251785714285717,23.5,67.89285714285714,2.0,8
Córdoba,2022,8,22.664285714285715,21.9625,76.83928571428572,2.25,8
Córdoba,2022,9,22.764285714285716,36.9125,74.35714285714286,2.875,8
Córdoba,2022,10,19.728571428571428,9.5125,72.75,0.625,8
Córdoba,2022,11,20.09642857142857,24.625,67.82142857142857,1.125,8
Córdoba,2022,12,18.573214285714286,8.95,64.875,0.625,8
Córdoba,2022,13,16.564285714285713,0.0,55.01785714285714,0.0,8
Córdoba,2022,14,20.048214285714284,10.6,68.89285714285714,0.625,8
Córdoba,2022,15,15.371428571428572,2.95,68.26785714285714,0.5,8
Córdoba,2022,16,17.373214285714287,9.55,67.875,1.125,8
Córdoba,2022,17,14.89107142857143,3.6125,58.55357142857143,0.375,8
Córdoba,2022,18,14.514285714285714,0.375,65.25,0.125,8
Córdoba,2022,19,14.773214285714285,8.75,73.58928571428571,0.75,8
Córdoba,2022,20,9.567857142857143,0.0,65.30357142857143,0.0,8
Córdoba,2022,21,11.507142857142856,0.0375,70.85714285714286,0.0,8
Córdoba,2022,22,7.817857142857143,0.0,62.94642857142857,0.0,8
Córdoba,2022,23,9.935714285714285,0.0,66.32142857142857,0.0,8
Córdoba,2022,24,9.998214285714285,0.0,54.339285714285715,0.0,8
Córdoba,2022,25,6.883928571428571,0.525,70.17857142857143,0.125,8
Córdoba,2022,26,10.223214285714285,3.3125,63.0,0.5,8
Córdoba,2022,27,10.549999999999999,0.25,54.85714285714286,0.125,8
Córdoba,2022,28,7.985714285714286,0.3375,62.42857142857143,0.0,8
Córdoba,2022,29,12.221428571428572,0.0625,66.875,0.0,8
Córdoba,2022,30,13.360714285714286,0.2375,67.23214285714286,0.0,8
Córdoba,2022,31,11.826785714285714,9.65,65.46428571428571,1.375,8
Córdoba,2022,32,11.735714285714286,4.85,69.25,0.375,8
Córdoba,2022,33,10.416071428571428,0.0,42.94642857142857,0.0,8
Córdoba,2022,34,14.8,0.6625,51.89285714285714,0.125,8
Córdoba,2022,35,12.75,0.625,41.839285714285715,0.125,8
Córdoba,2022,36,14.314285714285713,0.0,35.767857142857146,0.0,8
Córdoba,2022,37,16.632142857142856,4.8125,41.535714285714285,0.5,8
Córdoba,2022,38,12.616071428571429,5.5375,60.19642857142857,1.375,8
Córdoba,2022,39,16.269642857142856,4.3625,55.732142857142854,1.0,8
Córdoba,2022,40,17.101785714285715,10.1875,45.5,1.125,8
Córdoba,2022,41,15.205357142857142,3.6875,43.857142857142854,0.25,8
Córdoba,2022,42,17.10535714285714,10.3,64.67857142857143,1.25,8
Córdoba,2022,43,22.801785714285714,24.0125,46.660714285714285,1.0,8
Córdoba,2022,44,18.57857142857143,0.0,37.607142857142854,0.0,8
Córdoba,2022,45,21.519642857142856,38.125,55.80357142857143,2.625,8
Córdoba,2022,46,25.1375,19.0875,46.75,1.75,8
Córdoba,2022,47,25.814285714285713,0.0,41.80357142857143,0.0,8
Córdoba,2022,48,25.125,8.8,49.625,0.75,8
Córdoba,2022,49,29.398214285714285,25.2625,48.660714285714285,1.375,8
Córdoba,2022,50,24.5375,5.6625,42.160714285714285,0.75,8
Córdoba,2022,51,23.803571428571427,29.6875,54.0,2.5,8
Córdoba,2022,52,24.17857142857143,25.125,52.357142857142854,2.0,8
Córdoba,2023,1,25.9125,1.1625,45.55357142857143,0.125,8
Córdoba,2023,2,24.853571428571428,23.7125,55.714285714285715,2.25,8
Córdoba,2023,3,26.514285714285712,31.412499999999998,62.875,2.125,8
Córdoba,2023,4,24.614285714285714,54.9125,73.05357142857143,2.75,8
Córdoba,2023,5,23.96607142857143,21.2375,71.01785714285714,1.125,8
Córdoba,2023,6,27.34642857142857,10.8,57.94642857142857,0.75,8
Córdoba,2023,7,20.114285714285714,7.875,57.339285714285715,0.875,8
Córdoba,2023,8,22.6875,10.3625,62.94642857142857,1.0,8
Córdoba,2023,9,26.34285714285714,2.15,58.785714285714285,0.375,8
Córdoba,2023,10,26.69107142857143,11.25,60.125,0.875,8
Córdoba,2023,11,26.02857142857143,27.875,67.57142857142857,1.5,8
Córdoba,2023,12,21.173214285714288,67.7125,85.30357142857143,3.625,8
Córdoba,2023,13,20.058928571428574,2.2,66.98214285714286,0.5,8
Córdoba,2023,14,20.757142857142856,5.4,75.89285714285714,0.75,8
Córdoba,2023,15,17.303571428571427,9.025,72.83928571428572,1.0,8
Córdoba,2023,16,16.00357142857143,5.525,65.76785714285714,1.0,8
Córdoba,2023,17,18.764285714285716,0.4375,71.16071428571429,0.125,8
Córdoba,2023,18,14.20892857142857,12.6,63.32142857142857,1.5,8
Córdoba,2023,19,16.0625,0.0,70.91071428571428,0.0,8
Córdoba,2023,20,16.726785714285715,7.8,74.08928571428571,1.0,8
Córdoba,2023,21,16.105357142857144,5.15,79.42857142857143,0.75,8
Córdoba,2023,22,14.8875,2.4,75.71428571428571,0.125,8
Córdoba,2023,23,14.528571428571428,0.0,67.08928571428571,0.0,8
Córdoba,2023,24,6.039285714285715,0.0,64.98214285714286,0.0,8
Córdoba,2023,25,11.2,2.0250000000000004,82.21428571428571,0.25,8
Córdoba,2023,26,12.625,0.0,66.01785714285714,0.0,8
Córdoba,2023,27,15.189285714285713,4.225,76.41071428571429,0.875,8
Córdoba,2023,28,7.698214285714286,12.1625,84.89285714285714,1.875,8
Córdoba,2023,29,10.598214285714286,0.0,62.80357142857143,0.0,8
Córdoba,2023,30,11.135714285714286,0.0,62.875,0.0,8
Córdoba,2023,31,16.1,0.0,58.214285714285715,0.0,8
Córdoba,2023,32,11.042857142857143,0.0,51.89285714285714,0.0,8
Córdoba,2023,33,14.667857142857143,0.55,55.839285714285715,0.25,8
Córdoba,2023,34,12.405357142857143,0.75,59.5,0.25,8
Córdoba,2023,35,14.16607142857143,11.65,52.19642857142857,0.875,8
Córdoba,2023,36,13.123214285714285,1.0,63.0,0.375,8
Córdoba,2023,37,17.132142857142856,0.0,38.0,0.0,8
Córdoba,2023,38,16.835714285714285,0.6000000000000001,61.44642857142857,0.25,8
Córdoba,2023,39,16.476785714285715,0.4125,43.857142857142854,0.125,8
Córdoba,2023,40,18.185714285714287,2.825,43.482142857142854,0.375,8
Córdoba,2023,41,18.87857142857143,0.4375,36.57142857142857,0.125,8
Córdoba,2023,42,20.923214285714288,22.4875,53.089285714285715,1.5,8
Córdoba,2023,43,20.232142857142858,20.799999999999997,70.33928571428572,2.75,8
Córdoba,2023,44,15.242857142857144,23.35,63.410714285714285,1.375,8
Córdoba,2023,45,22.864285714285714,5.375,44.67857142857143,0.625,8
Córdoba,2023,46,20.94107142857143,14.075,48.982142857142854,1.25,8
Córdoba,2023,47,24.646428571428572,7.3125,47.875,0.5,8
Córdoba,2023,48,23.44107142857143,42.075,66.25,2.875,8
Córdoba,2023,49,20.39464285714286,13.0625,65.82142857142857,1.875,8
Córdoba,2023,50,26.085714285714285,50.2625,68.44642857142857,2.5,8
Córdoba,2023,51,21.435714285714287,27.7,77.76785714285714,3.0,8
Córdoba,2023,52,24.958928571428572,27.5625,56.75,1.25,8
Córdoba,2024,1,24.9125,75.0625,68.07142857142857,2.125,8
Córdoba,2024,2,23.708928571428572,44.375,75.0,2.25,8
Córdoba,2024,3,23.326785714285712,19.8125,67.92857142857143,1.0,8
Córdoba,2024,4,24.039285714285715,0.0,58.285714285714285,0.0,8
Córdoba,2024,5,27.12857142857143,8.775,56.07142857142857,0.625,8
Córdoba,2024,6,26.669642857142858,78.1375,73.625,2.375,8
Córdoba,2024,7,21.567857142857143,14.8625,75.10714285714286,1.0,8
Córdoba,2024,8,22.93392857142857,62.0125,76.89285714285714,2.75,8
Córdoba,2024,9,23.823214285714286,13.4125,81.92857142857143,1.375,8
Córdoba,2024,10,22.821428571428573,6.55,75.17857142857143,0.5,8
Córdoba,2024,11,24.685714285714287,20.225,84.42857142857143,2.375,8
Córdoba,2024,12,22.057142857142857,3.0,68.60714285714286,0.5,8
Córdoba,2024,13,23.32857142857143,14.0125,68.96428571428572,0.625,8
Córdoba,2024,14,18.639285714285716,31.375,74.78571428571429,1.375,8
Córdoba,2024,15,15.167857142857143,69.1375,88.53571428571428,4.875,8
Córdoba,2024,16,18.76607142857143,4.1625,70.78571428571429,0.625,8
Córdoba,2024,17,15.678571428571429,5.4625,77.16071428571428,0.875,8
Córdoba,2024,18,14.725,0.425,75.05357142857143,0.125,8
Córdoba,2024,19,11.707142857142857,4.6000000000000005,72.44642857142857,0.625,8
Córdoba,2024,20,7.692857142857143,0.0,71.14285714285714,0.0,8
Córdoba,2024,21,8.417857142857143,3.625,77.125,0.5,8
Córdoba,2024,22,8.960714285714285,0.0,71.69642857142857,0.0,8
Córdoba,2024,23,13.408928571428572,0.0,74.42857142857143,0.0,8
Córdoba,2024,24,15.230357142857143,0.1,68.58928571428571,0.0,8
Córdoba,2024,25,12.737499999999999,1.0875,80.03571428571429,0.25,8
Córdoba,2024,26,8.389285714285714,0.0,57.982142857142854,0.0,8
Córdoba,2024,27,7.264285714285714,0.0,53.69642857142857,0.0,8
Córdoba,2024,28,3.3089285714285714,0.0,63.410714285714285,0.0,8
Córdoba,2024,29,9.128571428571428,2.4,75.17857142857143,0.5,8
Córdoba,2024,30,11.591071428571428,0.0,63.69642857142857,0.0,8
Córdoba,2024,31,13.573214285714286,3.125,59.14285714285714,0.25,8
Córdoba,2024,32,9.210714285714285,0.025,54.69642857142857,0.0,8
Córdoba,2024,33,12.1,0.0,54.0,0.0,8
Córdoba,2024,34,8.048214285714286,2.425,75.48214285714286,0.625,8
Córdoba,2024,35,11.75,1.9875,60.82142857142857,0.25,8
Córdoba,2024,36,16.251785714285713,0.0,41.035714285714285,0.0,8
Córdoba,2024,37,16.414285714285715,0.075,46.160714285714285,0.0,8
Córdoba,2024,38,21.264285714285712,0.25,42.892857142857146,0.125,8
Córdoba,2024,39,18.991071428571427,0.0625,43.964285714285715,0.0,8
Córdoba,2024,40,20.817857142857143,2.5,35.732142857142854,0.625,8
Córdoba,2024,41,18.044642857142858,50.8,76.91071428571428,3.5,8
Córdoba,2024,42,21.569642857142856,10.5375,71.33928571428571,1.125,8
Córdoba,2024,43,19.835714285714285,67.625,64.07142857142857,1.875,8
Córdoba,2024,44,23.398214285714285,11.775,57.17857142857143,0.875,8
Córdoba,2024,45,22.544642857142858,12.2875,58.875,1.75,8
Córdoba,2024,46,23.21964285714286,9.25,46.44642857142857,0.375,8
Córdoba,2024,47,22.928571428571427,39.525,64.35714285714286,2.375,8
Córdoba,2024,48,21.72142857142857,60.7625,79.73214285714286,3.25,8
Córdoba,2024,49,21.164285714285715,5.1625,53.910714285714285,0.5,8
Córdoba,2024,50,24.458928571428572,18.2,53.285714285714285,0.75,8
Córdoba,2024,51,22.80892857142857,44.45,64.08928571428572,2.25,8
Córdoba,2024,52,23.692857142857143,21.65,59.517857142857146,1.125,8
Córdoba,2025,1,25.769642857142856,20.5125,58.339285714285715,1.375,8
Córdoba,2025,2,26.2375,8.1875,56.892857142857146,0.875,8
Córdoba,2025,3,25.851785714285715,36.1625,58.32142857142857,2.25,8
Córdoba,2025,4,25.585714285714285,27.0,66.42857142857143,1.5,8
Córdoba,2025,5,26.14107142857143,12.1625,66.75,0.75,8
Córdoba,2025,6,27.7375,17.2875,62.660714285714285,0.75,8
Córdoba,2025,7,25.414285714285715,36.949999999999996,71.07142857142857,3.125,8
Córdoba,2025,8,26.625,0.0,63.69642857142857,0.0,8
Córdoba,2025,9,24.751785714285713,87.6875,80.25,4.125,8
Córdoba,2025,10,25.026785714285715,64.575,71.46428571428572,2.0,8
Córdoba,2025,11,18.517857142857142,43.7625,78.07142857142857,1.75,8
Córdoba,2025,12,22.289285714285715,20.8,74.16071428571429,2.5,8
Córdoba,2025,13,19.9125,36.50000000000001,87.42857142857143,3.375,8
Córdoba,2025,14,13.876785714285715,5.625,69.0,0.25,8
Córdoba,2025,15,17.010714285714286,9.2375,79.375,1.375,8
Córdoba,2025,16,16.942857142857143,6.8125,75.39285714285714,1.125,8
Córdoba,2025,17,18.101785714285715,6.6000000000000005,69.92857142857143,0.75,8
Córdoba,2025,18,18.57142857142857,0.375,67.53571428571428,0.125,8
Córdoba,2025,19,17.835714285714285,3.15,83.07142857142857,0.75,8
Córdoba,2025,20,19.139285714285712,3.0125,72.14285714285714,0.625,8
Córdoba,2025,21,13.321428571428571,0.3875,74.55357142857143,0.0,8
Córdoba,2025,22,9.548214285714286,1.75,67.25,0.5,8
Córdoba,2025,23,11.289285714285715,0.2625,74.98214285714286,0.0,8
Córdoba,2025,24,10.444642857142856,0.6,70.55357142857143,0.125,8
Córdoba,2025,25,9.446428571428571,0.0375,63.80357142857143,0.0,8
Córdoba,2025,26,6.323214285714286,0.2,50.035714285714285,0.0,8
Córdoba,2025,27,6.878571428571428,0.5,61.44642857142857,0.125,8
Córdoba,2025,28,12.682142857142857,18.05,82.17857142857143,1.625,8
Córdoba,2025,29,12.332142857142857,6.1875,63.76785714285714,0.25,8
Córdoba,2025,30,9.357142857142858,12.7875,86.19642857142857,1.5,8
Córdoba,2025,31,12.217857142857143,0.0,73.71428571428572,0.0,8
Córdoba,2025,32,10.103571428571428,0.0,57.410714285714285,0.0,8
Córdoba,2025,33,11.833928571428572,0.275,61.875,0.0,8
Córdoba,2025,34,12.476785714285715,18.5125,57.42857142857143,1.625,8
Córdoba,2025,35,14.971428571428572,75.55,59.375,1.875,8
Córdoba,2025,36,10.628571428571428,0.0,62.55357142857143,0.0,8
Córdoba,2025,37,16.70714285714286,0.025,54.39285714285714,0.0,8
Córdoba,2025,38,19.830357142857142,3.8875,73.71428571428572,0.25,8
Córdoba,2025,39,16.7875,21.9875,53.30357142857143,0.875,8
Córdoba,2025,40,20.035714285714285,21.5125,57.839285714285715,0.625,8
Córdoba,2025,41,19.110714285714288,0.0,40.267857142857146,0.0,8
Córdoba,2025,42,20.508928571428573,5.35,49.410714285714285,0.5,8
Córdoba,2025,43,21.948214285714286,19.9875,53.232142857142854,1.0,8
Córdoba,2025,44,15.883928571428573,8.4375,65.83928571428572,0.875,8
Córdoba,2025,45,19.039285714285715,25.0875,65.64285714285714,2.25,8
Córdoba,2025,46,22.0625,27.5,57.214285714285715,1.5,8
Córdoba,2025,47,22.7,2.5375,46.42857142857143,0.25,8
Córdoba,2025,48,25.17142857142857,28.175,57.05357142857143,3.0,8
Córdoba,2025,49,24.36785714285714,13.4,58.05357142857143,1.25,8
Córdoba,2025,50,24.169642857142854,31.7375,53.85714285714286,1.875,8
Córdoba,2025,51,24.80357142857143,44.175,55.214285714285715,1.875,8
Córdoba,2025,52,25.789285714285715,17.2125,60.660714285714285,1.125,8
Entre Ríos,2018,1,24.73809523809524,2.6666666666666665,58.61904761904762,0.3333333333333333,3
Entre Ríos,2018,2,26.7,21.566666666666666,62.52380952380952,1.3333333333333333,3
Entre Ríos,2018,3,25.27619047619048,2.6666666666666665,65.90476190476191,0.6666666666666666,3
Entre Ríos,2018,4,25.64761904761905,38.43333333333333,62.61904761904762,1.6666666666666667,3
Entre Ríos,2018,5,26.847619047619048,0.0,54.904761904761905,0.0,3
Entre Ríos,2018,6,26.442857142857147,29.5,63.714285714285715,1.6666666666666667,3
Entre Ríos,2018,7,24.047619047619047,1.0,58.904761904761905,0.3333333333333333,3
Entre Ríos,2018,8,23.723809523809525,10.766666666666667,65.95238095238095,0.6666666666666666,3
Entre Ríos,2018,9,25.28571428571429,12.666666666666666,65.80952380952381,1.0,3
Entre Ríos,2018,10,22.514285714285716,6.0,57.952380952380956,0.6666666666666666,3
Entre Ríos,2018,11,22.4047619047619,13.933333333333332,60.952380952380956,1.0,3
Entre Ríos,2018,12,19.947619047619046,19.0,61.76190476190476,0.6666666666666666,3
Entre Ríos,2018,13,21.519047619047615,0.0,69.80952380952381,0.0,3
Entre Ríos,2018,14,21.5,28.03333333333333,79.09523809523809,2.0,3
Entre Ríos,2018,15,21.985714285714284,9.333333333333334,70.33333333333333,0.6666666666666666,3
Entre Ríos,2018,16,23.552380952380954,79.66666666666667,77.42857142857143,2.3333333333333335,3
Entre Ríos,2018,17,23.071428571428573,56.0,83.95238095238095,1.0,3
Entre Ríos,2018,18,18.909523809523808,121.0,93.14285714285715,5.333333333333333,3
Entre Ríos,2018,19,18.395238095238096,99.66666666666667,88.80952380952381,3.6666666666666665,3
Entre Ríos,2018,20,13.652380952380952,5.833333333333333,80.04761904761905,0.3333333333333333,3
Entre Ríos,2018,21,12.538095238095238,0.0,78.61904761904762,0.0,3
Entre Ríos,2018,22,14.433333333333332,29.399999999999995,80.71428571428571,2.0,3
Entre Ríos,2018,23,11.095238095238095,4.0,81.04761904761905,0.3333333333333333,3
Entre Ríos,2018,24,7.852380952380952,2.3333333333333335,82.23809523809524,0.3333333333333333,3
Entre Ríos,2018,25,11.738095238095239,1.3,71.66666666666667,0.3333333333333333,3
Entre Ríos,2018,26,12.338095238095237,14.166666666666666,83.28571428571429,1.0,3
Entre Ríos,2018,27,10.195238095238095,3.733333333333333,83.90476190476191,0.6666666666666666,3
Entre Ríos,2018,28,11.233333333333334,0.0,81.47619047619048,0.0,3
Entre Ríos,2018,29,10.933333333333332,52.43333333333334,83.04761904761905,2.3333333333333335,3
Entre Ríos,2018,30,9.833333333333334,10.6,86.57142857142857,0.6666666666666666,3
Entre Ríos,2018,31,8.557142857142857,0.0,79.04761904761905,0.0,3
Entre Ríos,2018,32,11.347619047619048,6.766666666666667,78.33333333333333,1.3333333333333333,3
Entre Ríos,2018,33,13.842857142857142,33.1,75.47619047619048,1.6666666666666667,3
Entre Ríos,2018,34,9.233333333333333,2.1666666666666665,73.90476190476191,0.6666666666666666,3
Entre Ríos,2018,35,13.871428571428572,45.333333333333336,77.38095238095238,3.3333333333333335,3
Entre Ríos,2018,36,16.7,0.0,73.90476190476191,0.0,3
Entre Ríos,2018,37,16.366666666666664,3.9,84.57142857142857,0.6666666666666666,3
Entre Ríos,2018,38,20.204761904761906,30.0,72.85714285714286,1.3333333333333333,3
Entre Ríos,2018,39,20.209523809523812,38.5,78.90476190476191,1.6666666666666667,3
Entre Ríos,2018,40,15.738095238095239,0.0,61.38095238095238,0.0,3
Entre Ríos,2018,41,16.85238095238095,53.86666666666667,72.76190476190476,2.6666666666666665,3
Entre Ríos,2018,42,20.295238095238094,2.3333333333333335,69.57142857142857,0.3333333333333333,3
Entre Ríos,2018,43,18.295238095238094,13.066666666666668,73.33333333333333,1.6666666666666667,3
Entre Ríos,2018,44,20.72857142857143,12.5,65.9047619047619,0.6666666666666666,3
Entre Ríos,2018,45,23.742857142857144,81.5,63.952380952380956,1.3333333333333333,3
Entre Ríos,2018,46,21.428571428571427,89.16666666666667,72.04761904761905,2.0,3
Entre Ríos,2018,47,21.538095238095238,15.733333333333334,67.95238095238095,1.0,3
Entre Ríos,2018,48,19.742857142857144,16.0,68.76190476190476,1.6666666666666667,3
Entre Ríos,2018,49,20.814285714285713,6.0,53.23809523809524,0.6666666666666666,3
Entre Ríos,2018,50,24.176190476190474,136.0,74.85714285714286,3.0,3
Entre Ríos,2018,51,23.114285714285714,76.43333333333334,76.61904761904762,2.0,3
Entre Ríos,2018,52,27.038095238095238,5.233333333333333,67.90476190476191,1.6666666666666667,3
Entre Ríos,2019,1,25.18095238095238,81.0,71.76190476190476,3.3333333333333335,3
Entre Ríos,2019,2,23.46666666666667,95.43333333333334,80.23809523809524,2.6666666666666665,3
Entre Ríos,2019,3,22.114285714285714,73.3,79.33333333333333,3.0,3
Entre Ríos,2019,4,26.21904761904762,60.666666666666664,79.23809523809524,2.6666666666666665,3
Entre Ríos,2019,5,25.68095238095238,75.33333333333333,78.33333333333333,2.3333333333333335,3
Entre Ríos,2019,6,25.514285714285716,12.333333333333334,65.80952380952381,0.6666666666666666,3
Entre Ríos,2019,7,22.12857142857143,5.3999999999999995,70.23809523809524,0.6666666666666666,3
Entre Ríos,2019,8,27.295238095238094,89.93333333333334,70.80952380952381,2.0,3
Entre Ríos,2019,9,21.53333333333333,22.333333333333332,65.57142857142857,0.6666666666666666,3
Entre Ríos,2019,10,22.25238095238095,56.199999999999996,78.85714285714285,1.6666666666666667,3
Entre Ríos,2019,11,21.038095238095238,24.900000000000002,80.85714285714285,2.0,3
Entre Ríos,2019,12,18.9047619047619,6.333333333333333,73.38095238095238,1.0,3
Entre Ríos,2019,13,20.385714285714286,9.200000000000001,76.6190476190476,1.0,3
Entre Ríos,2019,14,21.038095238095238,3.1,77.76190476190476,0.6666666666666666,3
Entre Ríos,2019,15,19.204761904761906,0.0,72.85714285714285,0.0,3
Entre Ríos,2019,16,18.8,19.666666666666668,77.85714285714285,1.3333333333333333,3
Entre Ríos,2019,17,17.10952380952381,51.900000000000006,87.76190476190476,3.3333333333333335,3
Entre Ríos,2019,18,18.30952380952381,35.0,83.0,1.6666666666666667,3
Entre Ríos,2019,19,16.47142857142857,30.7,83.0,1.3333333333333333,3
Entre Ríos,2019,20,16.347619047619045,9.4,82.6190476190476,1.0,3
Entre Ríos,2019,21,14.066666666666668,12.733333333333334,87.71428571428572,1.0,3
Entre Ríos,2019,22,14.104761904761906,2.6666666666666665,87.52380952380952,0.3333333333333333,3
Entre Ríos,2019,23,14.60952380952381,2.0,78.47619047619048,0.6666666666666666,3
Entre Ríos,2019,24,17.89047619047619,96.33333333333333,92.76190476190476,5.333333333333333,3
Entre Ríos,2019,25,14.880952380952381,16.7,82.85714285714286,0.6666666666666666,3
Entre Ríos,2019,26,12.78095238095238,1.4333333333333333,78.28571428571429,0.3333333333333333,3
Entre Ríos,2019,27,6.685714285714286,0.0,71.95238095238095,0.0,3
Entre Ríos,2019,28,13.39047619047619,0.3333333333333333,78.19047619047619,0.0,3
Entre Ríos,2019,29,14.323809523809523,5.1000000000000005,76.23809523809524,0.6666666666666666,3
Entre Ríos,2019,30,11.02857142857143,46.23333333333333,84.42857142857143,3.0,3
Entre Ríos,2019,31,11.333333333333334,3.0,74.09523809523809,0.6666666666666666,3
Entre Ríos,2019,32,12.485714285714286,23.333333333333332,78.23809523809524,2.0,3
Entre Ríos,2019,33,11.45238095238095,0.0,72.47619047619047,0.0,3
Entre Ríos,2019,34,10.995238095238095,15.0,70.71428571428571,0.6666666666666666,3
Entre Ríos,2019,35,16.942857142857143,22.333333333333332,72.95238095238095,1.0,3
Entre Ríos,2019,36,11.385714285714286,62.73333333333333,69.38095238095238,1.3333333333333333,3
Entre Ríos,2019,37,14.866666666666665,12.333333333333334,78.80952380952381,1.0,3
Entre Ríos,2019,38,15.123809523809525,0.0,54.61904761904762,0.0,3
Entre Ríos,2019,39,19.071428571428573,0.0,54.952380952380956,0.0,3
Entre Ríos,2019,40,17.033333333333335,46.199999999999996,73.85714285714285,2.6666666666666665,3
Entre Ríos,2019,41,22.152380952380952,32.300000000000004,70.66666666666667,2.6666666666666665,3
Entre Ríos,2019,42,15.323809523809524,30.433333333333337,80.38095238095238,3.6666666666666665,3
Entre Ríos,2019,43,19.766666666666666,13.633333333333333,68.95238095238095,1.0,3
Entre Ríos,2019,44,21.538095238095238,43.833333333333336,79.23809523809524,3.6666666666666665,3
Entre Ríos,2019,45,22.257142857142856,23.0,70.66666666666667,1.0,3
Entre Ríos,2019,46,24.19047619047619,3.0,61.666666666666664,0.6666666666666666,3
Entre Ríos,2019,47,24.390476190476193,25.733333333333334,61.57142857142858,0.6666666666666666,3
Entre Ríos,2019,48,22.104761904761904,29.3,64.66666666666667,1.6666666666666667,3
Entre Ríos,2019,49,21.552380952380954,5.433333333333334,55.8095238095238,1.3333333333333333,3
Entre Ríos,2019,50,24.704761904761906,105.66666666666667,59.142857142857146,2.6666666666666665,3
Entre Ríos,2019,51,22.638095238095236,29.333333333333332,62.761904761904766,1.3333333333333333,3
Entre Ríos,2019,52,26.21904761904762,11.0,63.19047619047618,1.0,3
Entre Ríos,2020,1,24.876190476190477,32.26666666666666,70.3809523809524,1.3333333333333333,3
Entre Ríos,2020,2,25.03333333333333,28.733333333333334,64.52380952380952,2.0,3
Entre Ríos,2020,3,25.209523809523812,55.666666666666664,65.66666666666667,2.3333333333333335,3
Entre Ríos,2020,4,26.242857142857144,20.0,72.76190476190476,1.6666666666666667,3
Entre Ríos,2020,5,23.890476190476193,20.0,64.09523809523809,0.6666666666666666,3
Entre Ríos,2020,6,27.31904761904762,1.0,67.38095238095237,0.3333333333333333,3
Entre Ríos,2020,7,25.071428571428573,17.0,66.90476190476191,1.6666666666666667,3
Entre Ríos,2020,8,20.866666666666664,41.0,65.90476190476191,1.0,3
Entre Ríos,2020,9,23.661904761904765,0.0,60.142857142857146,0.0,3
Entre Ríos,2020,10,25.78571428571429,0.0,54.76190476190476,0.0,3
Entre Ríos,2020,11,26.11904761904762,38.0,69.76190476190476,2.0,3
Entre Ríos,2020,12,21.7,50.666666666666664,73.80952380952381,1.0,3
Entre Ríos,2020,13,24.223809523809525,8.333333333333334,72.66666666666667,1.0,3
Entre Ríos,2020,14,21.12857142857143,9.333333333333334,74.09523809523809,1.0,3
Entre Ríos,2020,15,16.48095238095238,1.0,66.04761904761905,0.3333333333333333,3
Entre Ríos,2020,16,16.495238095238097,6.0,70.76190476190476,1.0,3
Entre Ríos,2020,17,21.790476190476188,10.333333333333334,70.61904761904762,1.3333333333333333,3
Entre Ríos,2020,18,17.34285714285714,89.0,77.80952380952381,2.3333333333333335,3
Entre Ríos,2020,19,14.761904761904761,15.0,73.19047619047619,1.0,3
Entre Ríos,2020,20,16.10952380952381,0.0,63.71428571428572,0.0,3
Entre Ríos,2020,21,15.733333333333334,47.5,79.0,2.3333333333333335,3
Entre Ríos,2020,22,13.595238095238095,0.0,77.33333333333333,0.0,3
Entre Ríos,2020,23,11.366666666666667,47.26666666666667,85.52380952380952,1.3333333333333333,3
Entre Ríos,2020,24,12.128571428571428,1.0,77.19047619047619,0.3333333333333333,3
Entre Ríos,2020,25,16.133333333333333,27.0,81.76190476190476,1.0,3
Entre Ríos,2020,26,11.614285714285714,7.3,80.52380952380952,1.3333333333333333,3
Entre Ríos,2020,27,9.68095238095238,6.833333333333333,82.85714285714285,1.0,3
Entre Ríos,2020,28,9.057142857142857,1.5666666666666667,74.66666666666667,0.3333333333333333,3
Entre Ríos,2020,29,12.07142857142857,0.0,69.66666666666667,0.0,3
Entre Ríos,2020,30,12.67142857142857,12.799999999999999,81.61904761904762,1.6666666666666667,3
Entre Ríos,2020,31,11.638095238095238,0.0,67.38095238095238,0.0,3
Entre Ríos,2020,32,19.49047619047619,6.1000000000000005,69.33333333333333,1.0,3
Entre Ríos,2020,33,11.28095238095238,0.03333333333333333,58.142857142857146,0.0,3
Entre Ríos,2020,34,10.866666666666665,0.0,52.666666666666664,0.0,3
Entre Ríos,2020,35,17.895238095238096,14.666666666666666,70.19047619047619,1.0,3
Entre Ríos,2020,36,11.285714285714285,58.26666666666667,80.09523809523809,2.3333333333333335,3
Entre Ríos,2020,37,15.88095238095238,5.5,74.57142857142857,0.6666666666666666,3
Entre Ríos,2020,38,14.314285714285715,0.6666666666666666,52.47619047619048,0.3333333333333333,3
Entre Ríos,2020,39,18.38095238095238,7.5,61.285714285714285,0.6666666666666666,3
Entre Ríos,2020,40,16.804761904761904,4.1000000000000005,59.904761904761905,0.6666666666666666,3
Entre Ríos,2020,41,18.071428571428573,0.16666666666666666,58.476190476190474,0.0,3
Entre Ríos,2020,42,22.352380952380955,0.0,58.80952380952382,0.0,3
Entre Ríos,2020,43,21.47142857142857,57.5,77.71428571428571,4.0,3
Entre Ríos,2020,44,17.671428571428574,0.0,60.666666666666664,0.0,3
Entre Ríos,2020,45,21.576190476190476,3.3333333333333335,53.42857142857142,0.6666666666666666,3
Entre Ríos,2020,46,22.104761904761904,6.666666666666667,66.76190476190476,1.0,3
Entre Ríos,2020,47,23.08095238095238,4.333333333333333,50.285714285714285,0.3333333333333333,3
Entre Ríos,2020,48,25.06190476190476,57.333333333333336,62.47619047619048,3.0,3
Entre Ríos,2020,49,20.885714285714286,34.833333333333336,66.3809523809524,1.3333333333333333,3
Entre Ríos,2020,50,23.242857142857144,41.666666666666664,64.90476190476191,2.3333333333333335,3
Entre Ríos,2020,51,23.338095238095235,24.666666666666668,63.857142857142854,1.0,3
Entre Ríos,2020,52,25.814285714285717,5.666666666666667,57.8095238095238,0.3333333333333333,3
Entre Ríos,2020,53,25.447619047619046,17.666666666666668,56.714285714285715,1.3333333333333333,3
Entre Ríos,2021,1,26.257142857142856,12.166666666666666,56.61904761904762,1.0,3
Entre Ríos,2021,2,22.814285714285717,52.300000000000004,72.28571428571429,2.0,3
Entre Ríos,2021,3,27.071428571428573,0.0,56.42857142857142,0.0,3
Entre Ríos,2021,4,24.590476190476192,83.03333333333333,78.47619047619048,3.6666666666666665,3
Entre Ríos,2021,5,22.71904761904762,34.36666666666667,76.52380952380952,1.3333333333333333,3
Entre Ríos,2021,6,23.599999999999998,22.166666666666668,74.42857142857143,2.0,3
Entre Ríos,2021,7,23.980952380952377,0.0,60.23809523809524,0.0,3
Entre Ríos,2021,8,25.957142857142856,1.3333333333333333,59.333333333333336,0.3333333333333333,3
Entre Ríos,2021,9,24.476190476190478,19.333333333333332,72.38095238095238,2.0,3
Entre Ríos,2021,10,24.757142857142856,1.3333333333333333,63.38095238095238,0.3333333333333333,3
Entre Ríos,2021,11,20.290476190476188,57.333333333333336,76.76190476190476,2.6666666666666665,3
Entre Ríos,2021,12,20.599999999999998,56.93333333333334,85.57142857142857,1.6666666666666667,3
Entre Ríos,2021,13,20.085714285714285,0.0,74.0,0.0,3
Entre Ríos,2021,14,22.080952380952382,131.86666666666667,82.57142857142857,3.0,3
Entre Ríos,2021,15,20.21904761904762,0.0,77.57142857142857,0.0,3
Entre Ríos,2021,16,20.00952380952381,22.333333333333332,75.47619047619048,1.3333333333333333,3
Entre Ríos,2021,17,17.242857142857144,0.0,75.0,0.0,3
Entre Ríos,2021,18,14.490476190476192,20.666666666666668,74.23809523809524,1.0,3
Entre Ríos,2021,19,12.757142857142858,0.0,73.42857142857143,0.0,3
Entre Ríos,2021,20,13.08095238095238,61.96666666666667,81.42857142857143,3.3333333333333335,3
Entre Ríos,2021,21,12.771428571428572,0.0,72.85714285714285,0.0,3
Entre Ríos,2021,22,14.80952380952381,50.5,75.0,2.0,3
Entre Ríos,2021,23,14.180952380952379,0.06666666666666667,81.57142857142857,0.0,3
Entre Ríos,2021,24,9.138095238095238,0.0,79.52380952380952,0.0,3
Entre Ríos,2021,25,10.776190476190477,22.066666666666663,86.95238095238096,0.6666666666666666,3
Entre Ríos,2021,26,7.804761904761905,0.0,77.71428571428571,0.0,3
Entre Ríos,2021,27,14.866666666666667,3.766666666666667,73.80952380952381,0.6666666666666666,3
Entre Ríos,2021,28,11.81825396825397,26.46666666666667,82.98412698412699,1.6666666666666667,3
Entre Ríos,2021,29,13.071428571428571,5.333333333333333,72.28571428571429,1.0,3
Entre Ríos,2021,30,8.571428571428571,0.0,67.47619047619048,0.0,3
Entre Ríos,2021,31,13.871428571428572,15.666666666666666,76.76190476190476,1.0,3
Entre Ríos,2021,32,9.661904761904763,1.1666666666666667,78.66666666666667,0.3333333333333333,3
Entre Ríos,2021,33,16.8,0.0,71.52380952380952,0.0,3
Entre Ríos,2021,34,13.585714285714287,0.06666666666666667,58.61904761904762,0.0,3
Entre Ríos,2021,35,18.76666666666667,36.56666666666666,78.14285714285715,2.0,3
Entre Ríos,2021,36,15.876190476190478,49.666666666666664,82.42857142857143,2.6666666666666665,3
Entre Ríos,2021,37,16.93809523809524,0.10000000000000002,67.19047619047619,0.0,3
Entre Ríos,2021,38,16.133333333333333,1.7666666666666666,72.90476190476191,0.3333333333333333,3
Entre Ríos,2021,39,17.533333333333335,4.033333333333333,73.04761904761905,1.3333333333333333,3
Entre Ríos,2021,40,16.142857142857142,6.833333333333333,61.23809523809524,0.3333333333333333,3
Entre Ríos,2021,41,16.733333333333334,26.666666666666668,70.14285714285714,1.3333333333333333,3
Entre Ríos,2021,42,19.99047619047619,17.666666666666668,58.85714285714286,1.3333333333333333,3
Entre Ríos,2021,43,26.119047619047617,0.0,51.142857142857146,0.0,3
Entre Ríos,2021,44,20.995238095238097,15.666666666666666,74.19047619047619,1.3333333333333333,3
Entre Ríos,2021,45,23.047619047619047,33.166666666666664,57.904761904761905,1.0,3
Entre Ríos,2021,46,22.771428571428572,0.0,54.42857142857142,0.0,3
Entre Ríos,2021,47,23.890476190476193,48.26666666666667,60.61904761904762,3.3333333333333335,3
Entre Ríos,2021,48,22.838095238095235,0.0,59.38095238095238,0.0,3
Entre Ríos,2021,49,25.057142857142853,13.933333333333332,53.523809523809526,0.6666666666666666,3
Entre Ríos,2021,50,25.309523809523807,8.366666666666667,60.952380952380956,0.3333333333333333,3
Entre Ríos,2021,51,28.204761904761906,1.3333333333333333,46.714285714285715,0.3333333333333333,3
Entre Ríos,2021,52,29.123809523809523,19.5,46.333333333333336,2.0,3
Entre Ríos,2022,1,26.023809523809522,5.0,53.0,0.6666666666666666,3
Entre Ríos,2022,2,31.633333333333336,28.833333333333332,44.85714285714286,2.0,3
Entre Ríos,2022,3,26.933333333333334,78.46666666666667,77.19047619047619,4.333333333333333,3
Entre Ríos,2022,4,24.138095238095236,48.76666666666667,72.66666666666667,2.0,3
Entre Ríos,2022,5,24.204761904761906,9.333333333333334,67.33333333333333,1.0,3
Entre Ríos,2022,6,22.185714285714283,7.0,62.904761904761905,0.6666666666666666,3
Entre Ríos,2022,7,25.271428571428572,0.3333333333333333,59.76190476190476,0.0,3
Entre Ríos,2022,8,24.704761904761906,112.83333333333333,73.09523809523809,3.6666666666666665,3
Entre Ríos,2022,9,23.34285714285714,92.33333333333333,79.57142857142857,4.0,3
Entre Ríos,2022,10,19.89047619047619,36.0,76.66666666666667,1.6666666666666667,3
Entre Ríos,2022,11,20.271428571428572,7.3,69.6190476190476,1.0,3
Entre Ríos,2022,12,19.39047619047619,48.0,78.90476190476191,3.3333333333333335,3
Entre Ríos,2022,13,17.085714285714285,7.566666666666666,68.23809523809524,1.0,3
Entre Ríos,2022,14,20.71904761904762,27.666666666666668,77.52380952380952,0.6666666666666666,3
Entre Ríos,2022,15,16.904761904761905,0.0,69.57142857142857,0.0,3
Entre Ríos,2022,16,17.366666666666664,50.0,79.33333333333333,3.3333333333333335,3
Entre Ríos,2022,17,16.704761904761906,32.666666666666664,76.90476190476191,2.0,3
Entre Ríos,2022,18,15.019047619047619,0.0,79.71428571428571,0.0,3
Entre Ríos,2022,19,14.423809523809524,2.0,79.09523809523809,0.6666666666666666,3
Entre Ríos,2022,20,11.366666666666667,0.0,79.33333333333333,0.0,3
Entre Ríos,2022,21,13.666666666666666,38.0,84.42857142857143,2.3333333333333335,3
Entre Ríos,2022,22,8.138095238095238,0.0,74.61904761904762,0.0,3
Entre Ríos,2022,23,9.319047619047618,0.0,81.09523809523809,0.0,3
Entre Ríos,2022,24,11.014285714285714,3.6666666666666665,72.66666666666667,0.3333333333333333,3
Entre Ríos,2022,25,9.414285714285713,0.3333333333333333,81.52380952380952,0.0,3
Entre Ríos,2022,26,10.914285714285713,13.033333333333331,81.09523809523809,1.6666666666666667,3
Entre Ríos,2022,27,14.40952380952381,6.066666666666666,76.04761904761905,1.0,3
Entre Ríos,2022,28,10.442857142857143,13.133333333333333,83.28571428571429,1.3333333333333333,3
Entre Ríos,2022,29,15.152380952380952,1.7666666666666666,85.23809523809524,0.6666666666666666,3
Entre Ríos,2022,30,15.871428571428572,9.5,77.66666666666667,1.3333333333333333,3
Entre Ríos,2022,31,11.738095238095239,37.9,82.66666666666667,2.0,3
Entre Ríos,2022,32,13.442857142857143,17.46666666666667,78.76190476190476,1.0,3
Entre Ríos,2022,33,10.752380952380951,0.0,62.714285714285715,0.0,3
Entre Ríos,2022,34,16.076190476190476,15.866666666666667,71.76190476190476,1.3333333333333333,3
Entre Ríos,2022,35,13.214285714285714,17.933333333333334,70.0,1.6666666666666667,3
Entre Ríos,2022,36,14.40952380952381,1.0,64.23809523809524,0.3333333333333333,3
Entre Ríos,2022,37,16.295238095238094,9.466666666666667,65.04761904761905,1.0,3
Entre Ríos,2022,38,14.6,11.866666666666667,73.33333333333333,1.3333333333333333,3
Entre Ríos,2022,39,17.19047619047619,0.0,61.76190476190476,0.0,3
Entre Ríos,2022,40,17.33809523809524,0.3333333333333333,54.285714285714285,0.0,3
Entre Ríos,2022,41,16.11904761904762,6.266666666666667,57.42857142857142,0.6666666666666666,3
Entre Ríos,2022,42,18.633333333333333,49.76666666666666,76.04761904761905,2.0,3
Entre Ríos,2022,43,21.952380952380953,37.4,62.952380952380956,2.6666666666666665,3
Entre Ríos,2022,44,18.433333333333334,0.0,53.52380952380952,0.0,3
Entre Ríos,2022,45,21.947619047619046,23.066666666666666,62.0,1.6666666666666667,3
Entre Ríos,2022,46,25.78095238095238,14.666666666666666,52.47619047619048,1.3333333333333333,3
Entre Ríos,2022,47,24.547619047619047,2.6666666666666665,59.952380952380956,0.6666666666666666,3
Entre Ríos,2022,48,26.057142857142853,4.0,55.714285714285715,0.3333333333333333,3
Entre Ríos,2022,49,29.614285714285714,30.53333333333333,53.047619047619044,1.6666666666666667,3
Entre Ríos,2022,50,24.376190476190477,0.19999999999999998,46.666666666666664,0.0,3
Entre Ríos,2022,51,25.400000000000002,26.333333333333332,60.333333333333336,1.3333333333333333,3
Entre Ríos,2022,52,26.21428571428571,15.333333333333334,53.0,1.6666666666666667,3
Entre Ríos,2023,1,27.53333333333333,0.0,40.476190476190474,0.0,3
Entre Ríos,2023,2,27.395238095238096,0.7333333333333334,44.61904761904762,0.0,3
Entre Ríos,2023,3,29.61904761904762,21.96666666666667,51.80952380952382,1.0,3
Entre Ríos,2023,4,27.861904761904764,21.166666666666668,59.666666666666664,1.6666666666666667,3
Entre Ríos,2023,5,26.0,3.266666666666667,60.23809523809524,1.0,3
Entre Ríos,2023,6,30.14761904761905,12.566666666666665,46.19047619047618,0.6666666666666666,3
Entre Ríos,2023,7,21.58095238095238,28.666666666666668,60.38095238095238,2.3333333333333335,3
Entre Ríos,2023,8,25.08095238095238,3.6666666666666665,60.047619047619044,1.0,3
Entre Ríos,2023,9,28.49047619047619,7.666666666666667,57.904761904761905,0.6666666666666666,3
Entre Ríos,2023,10,30.023809523809522,0.0,50.80952380952382,0.0,3
Entre Ríos,2023,11,28.104761904761904,18.666666666666668,70.57142857142857,2.3333333333333335,3
Entre Ríos,2023,12,23.0,137.9333333333333,82.71428571428571,3.6666666666666665,3
Entre Ríos,2023,13,21.599999999999998,22.333333333333332,68.47619047619048,1.6666666666666667,3
Entre Ríos,2023,14,20.828571428571426,8.200000000000001,74.19047619047619,0.6666666666666666,3
Entre Ríos,2023,15,18.752380952380953,6.6000000000000005,72.28571428571429,1.3333333333333333,3
Entre Ríos,2023,16,16.099999999999998,1.0,68.57142857142857,0.3333333333333333,3
Entre Ríos,2023,17,19.909523809523808,17.5,78.3809523809524,2.0,3
Entre Ríos,2023,18,16.28095238095238,25.0,78.57142857142857,1.6666666666666667,3
Entre Ríos,2023,19,15.533333333333333,0.0,77.33333333333333,0.0,3
Entre Ríos,2023,20,17.914285714285715,20.8,80.80952380952381,1.6666666666666667,3
Entre Ríos,2023,21,17.857142857142858,105.53333333333335,82.57142857142857,2.6666666666666665,3
Entre Ríos,2023,22,17.16190476190476,5.466666666666666,81.76190476190476,0.3333333333333333,3
Entre Ríos,2023,23,16.66190476190476,0.39999999999999997,76.0,0.0,3
Entre Ríos,2023,24,9.166666666666666,0.0,75.09523809523809,0.0,3
Entre Ríos,2023,25,12.742857142857142,5.900000000000001,88.90476190476191,0.6666666666666666,3
Entre Ríos,2023,26,14.519047619047619,3.266666666666667,78.19047619047619,0.6666666666666666,3
Entre Ríos,2023,27,17.10952380952381,15.333333333333334,84.0,1.3333333333333333,3
Entre Ríos,2023,28,10.219047619047618,62.833333333333336,84.66666666666667,2.0,3
Entre Ríos,2023,29,13.114285714285714,0.19999999999999998,72.66666666666667,0.0,3
Entre Ríos,2023,30,11.933333333333332,5.066666666666666,80.3809523809524,0.3333333333333333,3
Entre Ríos,2023,31,18.376190476190477,0.6666666666666666,73.42857142857143,0.3333333333333333,3
Entre Ríos,2023,32,12.123809523809525,0.0,68.19047619047619,0.0,3
Entre Ríos,2023,33,16.695238095238096,12.866666666666667,68.19047619047619,1.0,3
Entre Ríos,2023,34,13.623809523809525,0.0,65.57142857142857,0.0,3
Entre Ríos,2023,35,15.628571428571428,19.033333333333335,65.85714285714285,1.6666666666666667,3
Entre Ríos,2023,36,13.580952380952382,29.666666666666668,76.42857142857143,1.3333333333333333,3
Entre Ríos,2023,37,17.51904761904762,16.833333333333332,62.857142857142854,1.3333333333333333,3
Entre Ríos,2023,38,17.19047619047619,3.1,82.61904761904762,0.6666666666666666,3
Entre Ríos,2023,39,15.71904761904762,3.733333333333333,63.714285714285715,1.0,3
Entre Ríos,2023,40,18.0,2.5,54.047619047619044,0.6666666666666666,3
Entre Ríos,2023,41,18.076190476190476,7.666666666666667,57.0,0.6666666666666666,3
Entre Ríos,2023,42,20.92857142857143,72.0,67.47619047619048,2.6666666666666665,3
Entre Ríos,2023,43,21.033333333333335,19.533333333333335,70.95238095238095,1.6666666666666667,3
Entre Ríos,2023,44,15.39047619047619,55.56666666666666,78.85714285714285,3.0,3
Entre Ríos,2023,45,22.742857142857144,77.16666666666667,68.0,3.6666666666666665,3
Entre Ríos,2023,46,21.33809523809524,26.366666666666664,67.76190476190476,2.3333333333333335,3
Entre Ríos,2023,47,23.747619047619043,48.666666666666664,60.285714285714285,1.0,3
Entre Ríos,2023,48,25.271428571428572,26.566666666666666,72.14285714285715,1.3333333333333333,3
Entre Ríos,2023,49,22.142857142857142,19.0,67.19047619047619,1.6666666666666667,3
Entre Ríos,2023,50,24.752380952380957,155.79999999999998,79.57142857142857,5.0,3
Entre Ríos,2023,51,23.276190476190475,43.73333333333333,77.23809523809524,2.0,3
Entre Ríos,2023,52,24.104761904761904,20.366666666666667,60.714285714285715,0.6666666666666666,3
Entre Ríos,2024,1,25.47142857142857,9.666666666666666,70.42857142857143,1.0,3
Entre Ríos,2024,2,25.766666666666666,31.900000000000002,69.28571428571429,1.6666666666666667,3
Entre Ríos,2024,3,24.37142857142857,75.76666666666667,70.42857142857143,1.6666666666666667,3
Entre Ríos,2024,4,24.733333333333334,0.0,57.76190476190476,0.0,3
Entre Ríos,2024,5,28.995238095238097,2.6666666666666665,56.857142857142854,0.3333333333333333,3
Entre Ríos,2024,6,29.876190476190477,37.666666666666664,68.33333333333333,1.0,3
Entre Ríos,2024,7,23.333333333333332,26.866666666666664,72.09523809523809,1.0,3
Entre Ríos,2024,8,25.433333333333334,32.96666666666667,73.61904761904762,1.6666666666666667,3
Entre Ríos,2024,9,25.366666666666664,66.33333333333333,79.90476190476191,1.3333333333333333,3
Entre Ríos,2024,10,23.90476190476191,47.166666666666664,68.19047619047619,1.3333333333333333,3
Entre Ríos,2024,11,25.00952380952381,125.23333333333333,83.57142857142857,4.333333333333333,3
Entre Ríos,2024,12,22.857142857142858,45.333333333333336,76.33333333333333,1.6666666666666667,3
Entre Ríos,2024,13,22.899999999999995,54.86666666666667,74.04761904761905,1.3333333333333333,3
Entre Ríos,2024,14,18.83809523809524,47.800000000000004,82.0,2.6666666666666665,3
Entre Ríos,2024,15,19.33809523809524,79.8,84.57142857142857,3.0,3
Entre Ríos,2024,16,20.461904761904762,23.53333333333333,76.28571428571429,2.0,3
Entre Ríos,2024,17,18.49047619047619,13.266666666666666,78.14285714285715,1.3333333333333333,3
Entre Ríos,2024,18,16.70952380952381,27.099999999999998,84.19047619047619,3.0,3
Entre Ríos,2024,19,15.457142857142856,55.06666666666666,85.33333333333333,3.3333333333333335,3
Entre Ríos,2024,20,9.957142857142857,0.0,76.6190476190476,0.0,3
Entre Ríos,2024,21,10.661904761904763,20.666666666666668,82.19047619047619,1.6666666666666667,3
Entre Ríos,2024,22,12.842857142857143,0.16666666666666666,82.95238095238095,0.0,3
Entre Ríos,2024,23,16.74761904761905,0.0,80.47619047619048,0.0,3
Entre Ríos,2024,24,18.63333333333333,7.3999999999999995,76.57142857142857,0.6666666666666666,3
Entre Ríos,2024,25,16.776190476190475,2.866666666666667,86.04761904761904,1.0,3
Entre Ríos,2024,26,9.042857142857143,0.43333333333333335,70.61904761904762,0.0,3
Entre Ríos,2024,27,8.957142857142857,0.0,64.14285714285715,0.0,3
Entre Ríos,2024,28,5.476190476190477,0.6333333333333333,69.42857142857143,0.3333333333333333,3
Entre Ríos,2024,29,12.928571428571429,8.366666666666667,83.33333333333333,0.6666666666666666,3
Entre Ríos,2024,30,15.438095238095238,2.1,75.28571428571429,0.6666666666666666,3
Entre Ríos,2024,31,16.176190476190477,5.400000000000001,68.14285714285715,0.6666666666666666,3
Entre Ríos,2024,32,11.30952380952381,19.9,76.57142857142857,1.3333333333333333,3
Entre Ríos,2024,33,12.861904761904762,0.3333333333333333,69.0,0.0,3
Entre Ríos,2024,34,10.747619047619047,16.46666666666667,84.6190476190476,2.3333333333333335,3
Entre Ríos,2024,35,12.923809523809524,7.566666666666666,76.23809523809524,1.6666666666666667,3
Entre Ríos,2024,36,15.666666666666666,0.0,63.095238095238095,0.0,3
Entre Ríos,2024,37,15.361904761904762,0.26666666666666666,72.76190476190476,0.0,3
Entre Ríos,2024,38,21.138095238095236,11.6,61.52380952380952,1.0,3
Entre Ríos,2024,39,18.523809523809522,14.5,69.66666666666667,0.6666666666666666,3
Entre Ríos,2024,40,19.757142857142856,17.0,59.666666666666664,1.3333333333333333,3
Entre Ríos,2024,41,19.02857142857143,32.1,74.71428571428571,2.0,3
Entre Ríos,2024,42,21.066666666666666,16.833333333333332,72.90476190476191,2.0,3
Entre Ríos,2024,43,22.2,49.13333333333333,72.04761904761905,2.0,3
Entre Ríos,2024,44,24.142857142857142,10.333333333333334,65.76190476190476,1.3333333333333333,3
Entre Ríos,2024,45,22.41904761904762,43.0,65.38095238095238,2.6666666666666665,3
Entre Ríos,2024,46,22.704761904761906,8.166666666666666,59.47619047619048,1.0,3
Entre Ríos,2024,47,22.685714285714283,74.7,69.47619047619048,2.0,3
Entre Ríos,2024,48,23.06190476190476,39.0,81.23809523809524,3.3333333333333335,3
Entre Ríos,2024,49,21.0,24.666666666666668,60.285714285714285,1.6666666666666667,3
Entre Ríos,2024,50,23.709523809523812,8.799999999999999,63.57142857142858,0.6666666666666666,3
Entre Ríos,2024,51,22.695238095238096,17.566666666666666,66.33333333333333,2.0,3
Entre Ríos,2024,52,22.676190476190474,1.1666666666666667,59.42857142857142,0.3333333333333333,3
Entre Ríos,2025,1,26.142857142857142,0.0,51.52380952380952,0.0,3
Entre Ríos,2025,2,26.69047619047619,0.0,46.57142857142858,0.0,3
Entre Ríos,2025,3,28.014285714285716,30.46666666666667,56.952380952380956,2.0,3
Entre Ríos,2025,4,26.980952380952385,17.2,63.666666666666664,1.3333333333333333,3
Entre Ríos,2025,5,27.461904761904762,6.033333333333334,60.23809523809524,1.0,3
Entre Ríos,2025,6,28.447619047619046,29.46666666666667,60.47619047619048,1.0,3
Entre Ríos,2025,7,25.62857142857143,94.8,77.19047619047619,5.0,3
Entre Ríos,2025,8,26.066666666666666,34.166666666666664,70.92857142857143,1.0,3
Entre Ríos,2025,9,25.357142857142858,116.16666666666667,86.19047619047619,3.6666666666666665,3
Entre Ríos,2025,10,27.004761904761903,20.8,72.19047619047619,1.6666666666666667,3
Entre Ríos,2025,11,19.400000000000002,20.833333333333332,71.95238095238095,2.3333333333333335,3
Entre Ríos,2025,12,24.042857142857144,7.3,70.95238095238095,0.6666666666666666,3
Entre Ríos,2025,13,22.985714285714284,24.7,80.66666666666667,2.6666666666666665,3
Entre Ríos,2025,14,16.461904761904762,38.2,73.23809523809524,2.0,3
Entre Ríos,2025,15,19.176190476190474,50.03333333333333,86.04761904761904,1.3333333333333333,3
Entre Ríos,2025,16,17.504761904761903,0.8333333333333334,72.66666666666667,0.3333333333333333,3
Entre Ríos,2025,17,18.757142857142856,1.7333333333333334,73.33333333333333,0.3333333333333333,3
Entre Ríos,2025,18,18.299999999999997,8.166666666666666,71.0,0.3333333333333333,3
Entre Ríos,2025,19,19.647619047619045,11.200000000000001,84.80952380952381,1.3333333333333333,3
Entre Ríos,2025,20,19.60952380952381,55.56666666666666,77.66666666666667,1.0,3
Entre Ríos,2025,21,13.80952380952381,15.633333333333333,80.76190476190476,2.6666666666666665,3
Entre Ríos,2025,22,11.204761904761904,25.833333333333332,82.33333333333333,1.6666666666666667,3
Entre Ríos,2025,23,11.852380952380953,0.0,84.57142857142857,0.0,3
Entre Ríos,2025,24,10.614285714285714,25.400000000000002,83.76190476190476,1.6666666666666667,3
Entre Ríos,2025,25,11.238095238095239,4.966666666666667,83.76190476190476,0.6666666666666666,3
Entre Ríos,2025,26,7.814285714285714,0.0,63.76190476190476,0.0,3
Entre Ríos,2025,27,7.852380952380952,0.0,73.95238095238095,0.0,3
Entre Ríos,2025,28,12.9,3.3333333333333335,79.23809523809524,1.0,3
Entre Ríos,2025,29,12.666666666666666,27.5,81.95238095238095,2.0,3
Entre Ríos,2025,30,11.88095238095238,45.833333333333336,85.90476190476191,2.3333333333333335,3
Entre Ríos,2025,31,14.685714285714285,8.666666666666666,72.28571428571429,1.0,3
Entre Ríos,2025,32,10.428571428571429,0.13333333333333333,69.71428571428571,0.0,3
Entre Ríos,2025,33,11.128571428571428,0.19999999999999998,76.04761904761905,0.0,3
Entre Ríos,2025,34,14.276190476190477,81.5,74.47619047619048,2.0,3
Entre Ríos,2025,35,17.066666666666666,57.1,71.95238095238095,1.6666666666666667,3
Entre Ríos,2025,36,11.20952380952381,13.9,76.04761904761905,1.3333333333333333,3
Entre Ríos,2025,37,16.890476190476193,2.8333333333333335,68.14285714285715,0.6666666666666666,3
Entre Ríos,2025,38,19.290476190476188,24.066666666666666,82.52380952380952,2.6666666666666665,3
Entre Ríos,2025,39,16.60952380952381,5.333333333333333,63.285714285714285,1.0,3
Entre Ríos,2025,40,20.638095238095236,16.3,70.47619047619048,1.6666666666666667,3
Entre Ríos,2025,41,18.72857142857143,1.4333333333333333,59.57142857142858,0.6666666666666666,3
Entre Ríos,2025,42,20.961904761904762,2.433333333333333,56.52380952380952,0.3333333333333333,3
Entre Ríos,2025,43,21.080952380952382,65.10000000000001,64.14285714285715,1.6666666666666667,3
Entre Ríos,2025,44,17.933333333333334,3.1333333333333333,66.09523809523809,0.3333333333333333,3
Entre Ríos,2025,45,18.757142857142856,47.0,71.90476190476191,2.6666666666666665,3
Entre Ríos,2025,46,22.519047619047623,48.06666666666666,66.19047619047619,2.3333333333333335,3
Entre Ríos,2025,47,20.804761904761904,11.299999999999999,62.57142857142858,1.0,3
Entre Ríos,2025,48,24.40476190476191,20.833333333333332,65.0,2.0,3
Entre Ríos,2025,49,25.41904761904762,1.8333333333333333,62.714285714285715,0.3333333333333333,3
Entre Ríos,2025,50,24.252380952380957,43.699999999999996,71.52380952380952,3.3333333333333335,3
Entre Ríos,2025,51,23.980952380952385,67.66666666666667,66.90476190476191,1.3333333333333333,3
Entre Ríos,2025,52,27.62857142857143,15.066666666666668,70.95238095238095,1.3333333333333333,3
Formosa,2018,1,27.371428571428574,8.5,65.0,1.0,2
Formosa,2018,2,28.65714285714286,20.0,67.64285714285714,1.5,2
Formosa,2018,3,27.014285714285716,101.25,78.07142857142857,3.5,2
Formosa,2018,4,27.564285714285713,68.0,81.64285714285714,5.5,2
Formosa,2018,5,28.82857142857143,16.8,71.14285714285714,0.5,2
Formosa,2018,6,29.692857142857143,16.5,65.78571428571429,1.5,2
Formosa,2018,7,26.24285714285714,27.5,67.21428571428572,1.0,2
Formosa,2018,8,26.742857142857144,2.5,65.35714285714286,0.5,2
Formosa,2018,9,25.57857142857143,90.5,85.07142857142858,4.5,2
Formosa,2018,10,26.357142857142858,16.200000000000003,74.28571428571428,1.0,2
Formosa,2018,11,28.5,17.5,76.35714285714286,2.5,2
Formosa,2018,12,23.514285714285716,35.65,75.5,1.5,2
Formosa,2018,13,23.457142857142856,8.0,76.85714285714286,0.5,2
Formosa,2018,14,26.414285714285715,10.0,68.21428571428572,0.5,2
Formosa,2018,15,25.335714285714285,19.25,74.64285714285714,0.5,2
Formosa,2018,16,27.307142857142857,0.0,69.64285714285714,0.0,2
Formosa,2018,17,27.564285714285717,0.0,66.5,0.0,2
Formosa,2018,18,26.814285714285717,61.85,70.85714285714286,1.5,2
Formosa,2018,19,22.67142857142857,9.0,76.35714285714286,1.0,2
Formosa,2018,20,19.621428571428574,31.0,82.85714285714286,2.0,2
Formosa,2018,21,17.435714285714283,0.0,72.92857142857143,0.0,2
Formosa,2018,22,18.299999999999997,27.5,74.28571428571428,1.0,2
Formosa,2018,23,15.707142857142856,0.0,75.64285714285714,0.0,2
Formosa,2018,24,12.657142857142858,0.25,71.64285714285714,0.0,2
Formosa,2018,25,20.014285714285716,2.05,67.64285714285714,0.5,2
Formosa,2018,26,19.5,3.5,76.21428571428572,0.5,2
Formosa,2018,27,15.614285714285714,0.45000000000000007,84.64285714285714,0.0,2
Formosa,2018,28,16.285714285714285,0.0,69.57142857142857,0.0,2
Formosa,2018,29,17.757142857142856,2.4,69.35714285714286,0.5,2
Formosa,2018,30,13.057142857142857,0.0,69.92857142857143,0.0,2
Formosa,2018,31,12.87857142857143,0.0,68.0,0.0,2
Formosa,2018,32,16.692857142857143,1.5,58.78571428571429,0.5,2
Formosa,2018,33,19.435714285714283,19.5,65.64285714285714,2.0,2
Formosa,2018,34,13.742857142857144,0.7,61.71428571428571,0.0,2
Formosa,2018,35,19.907142857142855,10.65,61.142857142857146,1.0,2
Formosa,2018,36,21.707142857142856,0.0,52.214285714285715,0.0,2
Formosa,2018,37,21.864285714285714,26.5,73.42857142857143,3.5,2
Formosa,2018,38,26.785714285714285,1.5,64.07142857142857,0.5,2
Formosa,2018,39,26.485714285714288,56.15,71.42857142857143,2.0,2
Formosa,2018,40,21.728571428571428,0.35000000000000003,67.64285714285714,0.0,2
Formosa,2018,41,22.642857142857146,58.0,82.64285714285714,3.5,2
Formosa,2018,42,26.864285714285714,0.5,67.0,0.0,2
Formosa,2018,43,23.75,43.5,78.0,2.5,2
Formosa,2018,44,26.57857142857143,36.15,74.64285714285714,1.5,2
Formosa,2018,45,27.935714285714283,20.0,69.35714285714286,1.0,2
Formosa,2018,46,27.428571428571427,56.55,64.42857142857143,2.5,2
Formosa,2018,47,25.371428571428574,81.0,71.28571428571429,1.5,2
Formosa,2018,48,25.67142857142857,35.5,70.21428571428572,1.5,2
Formosa,2018,49,25.207142857142856,1.0,55.64285714285714,0.5,2
Formosa,2018,50,30.507142857142853,39.6,61.92857142857143,1.5,2
Formosa,2018,51,28.87857142857143,34.65,68.5,2.0,2
Formosa,2018,52,30.57857142857143,44.0,66.57142857142857,1.5,2
Formosa,2019,1,28.92142857142857,77.0,76.78571428571428,3.5,2
Formosa,2019,2,26.65,106.5,80.78571428571428,3.5,2
Formosa,2019,3,27.77857142857143,12.0,71.92857142857142,1.5,2
Formosa,2019,4,32.30714285714286,0.0,61.0,0.0,2
Formosa,2019,5,30.32857142857143,0.3,63.35714285714286,0.0,2
Formosa,2019,6,28.57142857142857,20.5,62.07142857142857,1.0,2
Formosa,2019,7,25.735714285714284,75.0,73.21428571428572,2.5,2
Formosa,2019,8,31.207142857142856,0.0,59.785714285714285,0.0,2
Formosa,2019,9,26.24285714285714,16.0,63.214285714285715,1.0,2
Formosa,2019,10,25.307142857142857,100.75,79.42857142857143,3.0,2
Formosa,2019,11,24.22142857142857,38.5,85.28571428571428,2.5,2
Formosa,2019,12,23.52142857142857,0.0,73.57142857142857,0.0,2
Formosa,2019,13,24.40714285714286,4.8,74.64285714285714,1.0,2
Formosa,2019,14,22.614285714285714,51.7,82.71428571428572,3.0,2
Formosa,2019,15,23.90714285714286,0.0,73.85714285714286,0.0,2
Formosa,2019,16,25.09285714285714,92.5,80.64285714285714,2.5,2
Formosa,2019,17,21.692857142857143,59.25,90.64285714285714,2.5,2
Formosa,2019,18,23.40714285714286,80.7,85.57142857142858,3.0,2
Formosa,2019,19,22.07857142857143,66.0,88.78571428571428,3.0,2
Formosa,2019,20,19.778571428571425,9.5,80.71428571428571,1.0,2
Formosa,2019,21,17.221428571428568,67.5,89.07142857142858,3.0,2
Formosa,2019,22,18.40714285714286,3.5,88.42857142857143,0.5,2
Formosa,2019,23,18.621428571428574,0.0,80.28571428571428,0.0,2
Formosa,2019,24,23.035714285714285,0.0,75.5,0.0,2
Formosa,2019,25,18.685714285714283,1.5,78.57142857142857,0.5,2
Formosa,2019,26,18.892857142857142,0.25,72.35714285714286,0.0,2
Formosa,2019,27,12.142857142857142,0.45000000000000007,72.85714285714286,0.0,2
Formosa,2019,28,20.614285714285714,4.0,67.92857142857143,1.0,2
Formosa,2019,29,20.114285714285714,0.0,69.28571428571429,0.0,2
Formosa,2019,30,12.62857142857143,85.15,82.92857142857143,3.5,2
Formosa,2019,31,16.75,2.0,69.57142857142857,0.5,2
Formosa,2019,32,17.035714285714285,0.0,69.71428571428572,0.0,2
Formosa,2019,33,18.685714285714283,0.0,61.07142857142857,0.0,2
Formosa,2019,34,17.9,8.5,61.57142857142857,0.5,2
Formosa,2019,35,22.878571428571426,12.05,64.0,1.0,2
Formosa,2019,36,19.650000000000002,0.0,60.642857142857146,0.0,2
Formosa,2019,37,22.09285714285714,2.5,65.35714285714286,0.5,2
Formosa,2019,38,20.978571428571428,0.0,54.07142857142857,0.0,2
Formosa,2019,39,25.357142857142858,0.0,48.07142857142857,0.0,2
Formosa,2019,40,22.214285714285715,47.75,73.92857142857142,2.5,2
Formosa,2019,41,28.82142857142857,11.5,53.92857142857143,0.5,2
Formosa,2019,42,19.121428571428574,7.4,82.64285714285714,1.5,2
Formosa,2019,43,25.335714285714285,0.5,55.42857142857143,0.0,2
Formosa,2019,44,31.57857142857143,3.5,55.42857142857143,1.0,2
Formosa,2019,45,27.278571428571432,101.0,75.35714285714286,4.0,2
Formosa,2019,46,26.83571428571429,20.0,67.07142857142857,1.5,2
Formosa,2019,47,29.435714285714287,4.5,61.78571428571428,0.5,2
Formosa,2019,48,27.35,56.2,68.28571428571428,1.0,2
Formosa,2019,49,25.228571428571428,0.0,56.92857142857143,0.0,2
Formosa,2019,50,29.028571428571432,5.5,63.714285714285715,1.0,2
Formosa,2019,51,26.935714285714283,54.0,62.857142857142854,1.0,2
Formosa,2019,52,29.27857142857143,1.5,62.14285714285714,0.5,2
Formosa,2020,1,29.34285714285714,6.5,60.42857142857143,1.0,2
Formosa,2020,2,29.714285714285715,8.6,68.78571428571428,1.0,2
Formosa,2020,3,29.67142857142857,3.75,69.71428571428572,0.5,2
Formosa,2020,4,28.735714285714288,20.0,66.28571428571429,1.5,2
Formosa,2020,5,28.392857142857142,33.6,64.35714285714286,1.0,2
Formosa,2020,6,30.16428571428571,66.0,69.57142857142857,2.0,2
Formosa,2020,7,29.54285714285714,12.5,62.5,1.5,2
Formosa,2020,8,26.07857142857143,8.5,61.35714285714286,1.0,2
Formosa,2020,9,26.55,8.0,54.92857142857143,1.5,2
Formosa,2020,10,29.264285714285716,0.0,47.92857142857143,0.0,2
Formosa,2020,11,32.05714285714286,3.0,48.64285714285714,1.0,2
Formosa,2020,12,25.964285714285715,61.5,70.78571428571428,2.0,2
Formosa,2020,13,26.642857142857146,60.5,67.14285714285714,1.5,2
Formosa,2020,14,25.35,38.9,71.71428571428572,2.0,2
Formosa,2020,15,20.721428571428575,0.0,61.214285714285715,0.0,2
Formosa,2020,16,20.128571428571426,0.5,63.85714285714286,0.0,2
Formosa,2020,17,26.364285714285714,0.0,58.85714285714286,0.0,2
Formosa,2020,18,24.235714285714284,13.0,67.64285714285714,0.5,2
Formosa,2020,19,19.92142857142857,0.0,61.714285714285715,0.0,2
Formosa,2020,20,19.87142857142857,4.5,67.0,0.5,2
Formosa,2020,21,19.764285714285716,7.5,66.35714285714286,1.0,2
Formosa,2020,22,17.7,0.5,64.21428571428572,0.0,2
Formosa,2020,23,14.57857142857143,13.1,72.85714285714286,1.5,2
Formosa,2020,24,21.542857142857144,0.05,71.64285714285714,0.0,2
Formosa,2020,25,25.514285714285712,0.0,61.357142857142854,0.0,2
Formosa,2020,26,18.585714285714285,7.5,64.64285714285714,0.5,2
Formosa,2020,27,16.07857142857143,11.5,69.57142857142857,0.5,2
Formosa,2020,28,15.521428571428572,14.0,79.42857142857143,1.5,2
Formosa,2020,29,20.450000000000003,0.0,59.07142857142857,0.0,2
Formosa,2020,30,18.321428571428573,3.0,65.5,1.0,2
Formosa,2020,31,18.264285714285712,1.0,55.42857142857143,0.5,2
Formosa,2020,32,24.900000000000002,0.0,45.21428571428571,0.0,2
Formosa,2020,33,17.478571428571428,4.5,60.07142857142857,1.0,2
Formosa,2020,34,16.064285714285713,0.0,47.714285714285715,0.0,2
Formosa,2020,35,26.685714285714283,0.0,49.14285714285714,0.0,2
Formosa,2020,36,18.021428571428572,0.0,60.85714285714286,0.0,2
Formosa,2020,37,24.692857142857143,34.0,61.35714285714286,1.5,2
Formosa,2020,38,19.807142857142857,8.0,64.0,1.5,2
Formosa,2020,39,26.564285714285713,0.1,43.35714285714286,0.0,2
Formosa,2020,40,26.692857142857143,0.0,48.35714285714286,0.0,2
Formosa,2020,41,25.62857142857143,0.1,47.0,0.0,2
Formosa,2020,42,27.314285714285717,8.0,56.35714285714286,1.0,2
Formosa,2020,43,30.82857142857143,60.0,55.285714285714285,2.0,2
Formosa,2020,44,23.764285714285712,0.2,55.14285714285714,0.0,2
Formosa,2020,45,26.87857142857143,5.5,39.642857142857146,0.5,2
Formosa,2020,46,26.121428571428574,48.5,70.35714285714286,2.5,2
Formosa,2020,47,26.57142857142857,8.0,51.35714285714286,0.5,2
Formosa,2020,48,30.785714285714285,73.0,54.785714285714285,2.5,2
Formosa,2020,49,24.97857142857143,36.0,75.21428571428572,2.5,2
Formosa,2020,50,29.25714285714286,47.5,53.642857142857146,1.5,2
Formosa,2020,51,26.214285714285715,100.1,75.14285714285714,4.0,2
Formosa,2020,52,26.964285714285715,13.0,66.21428571428572,1.0,2
Formosa,2020,53,28.52857142857143,25.0,67.0,2.0,2
Formosa,2021,1,27.521428571428572,29.0,75.0,2.5,2
Formosa,2021,2,28.792857142857144,58.0,69.85714285714286,2.0,2
Formosa,2021,3,27.200000000000003,8.0,68.28571428571428,1.5,2
Formosa,2021,4,27.892857142857142,68.0,76.14285714285714,2.5,2
Formosa,2021,5,25.299999999999997,87.5,76.0,2.5,2
Formosa,2021,6,25.564285714285713,6.35,73.92857142857143,1.5,2
Formosa,2021,7,27.978571428571428,0.0,62.714285714285715,0.0,2
Formosa,2021,8,29.957142857142856,24.5,61.14285714285714,1.0,2
Formosa,2021,9,28.007142857142856,16.5,68.28571428571428,0.5,2
Formosa,2021,10,27.792857142857144,0.0,56.92857142857143,0.0,2
Formosa,2021,11,25.464285714285715,97.5,75.14285714285714,4.0,2
Formosa,2021,12,24.528571428571425,113.4,82.35714285714286,2.0,2
Formosa,2021,13,22.885714285714286,0.0,73.14285714285714,0.0,2
Formosa,2021,14,26.107142857142854,33.5,75.64285714285714,2.5,2
Formosa,2021,15,23.85,5.0,76.85714285714286,1.0,2
Formosa,2021,16,22.942857142857143,51.5,76.78571428571429,3.0,2
Formosa,2021,17,19.604761904761904,0.0,72.36904761904762,0.0,2
Formosa,2021,18,18.700000000000003,26.0,79.0,2.0,2
Formosa,2021,19,18.15,0.25,78.42857142857143,0.0,2
Formosa,2021,20,20.292857142857144,3.5,72.5,0.5,2
Formosa,2021,21,18.5,0.0,69.64285714285714,0.0,2
Formosa,2021,22,22.135714285714286,9.0,70.5,0.5,2
Formosa,2021,23,18.014285714285712,14.75,82.85714285714286,0.5,2
Formosa,2021,24,14.07857142857143,1.0,75.78571428571428,0.5,2
Formosa,2021,25,16.25,4.5,79.5,1.0,2
Formosa,2021,26,12.557142857142857,0.0,61.57142857142857,0.0,2
Formosa,2021,27,21.878571428571426,0.0,58.21428571428572,0.0,2
Formosa,2021,28,18.178571428571427,7.5,64.0,1.0,2
Formosa,2021,29,18.442857142857143,1.0,55.07142857142857,0.5,2
Formosa,2021,30,13.135714285714286,0.3,54.14285714285714,0.0,2
Formosa,2021,31,19.542857142857144,0.0,56.285714285714285,0.0,2
Formosa,2021,32,14.235714285714284,0.25,62.857142857142854,0.0,2
Formosa,2021,33,26.857142857142858,0.0,47.5,0.0,2
Formosa,2021,34,19.47142857142857,8.35,61.857142857142854,1.0,2
Formosa,2021,35,25.94642857142857,7.5,55.42857142857143,1.5,2
Formosa,2021,36,23.950000000000003,12.0,52.785714285714285,1.0,2
Formosa,2021,37,24.642857142857142,13.0,55.28571428571429,1.5,2
Formosa,2021,38,22.65,16.5,59.142857142857146,1.5,2
Formosa,2021,39,25.264285714285716,56.0,70.92857142857143,3.0,2
Formosa,2021,40,21.92857142857143,6.0,68.28571428571428,1.0,2
Formosa,2021,41,23.62142857142857,47.5,67.28571428571428,1.5,2
Formosa,2021,42,24.3,0.0,52.14285714285714,0.0,2
Formosa,2021,43,28.057142857142857,15.0,50.5,0.5,2
Formosa,2021,44,25.357142857142858,20.5,68.85714285714286,1.0,2
Formosa,2021,45,26.299999999999997,61.25,63.92857142857143,2.0,2
Formosa,2021,46,23.74285714285714,65.5,72.92857142857143,2.0,2
Formosa,2021,47,27.264285714285716,32.1,69.0,2.0,2
Formosa,2021,48,27.16428571428571,0.0,53.714285714285715,0.0,2
Formosa,2021,49,29.299999999999997,5.0,52.07142857142857,1.0,2
Formosa,2021,50,29.085714285714285,5.5,61.142857142857146,1.0,2
Formosa,2021,51,30.271428571428572,11.5,52.28571428571429,0.5,2
Formosa,2021,52,32.114285714285714,0.0,41.57142857142857,0.0,2
Formosa,2022,1,29.7,6.0,54.214285714285715,0.5,2
Formosa,2022,2,33.49285714285715,0.0,39.214285714285715,0.0,2
Formosa,2022,3,34.971428571428575,1.0,42.35714285714286,0.5,2
Formosa,2022,4,30.2,31.0,55.85714285714286,2.0,2
Formosa,2022,5,29.57857142857143,29.500000000000004,53.85714285714286,1.0,2
Formosa,2022,6,26.935714285714283,25.65,51.42857142857143,1.0,2
Formosa,2022,7,28.95,14.45,54.285714285714285,1.5,2
Formosa,2022,8,30.607142857142858,6.5,62.857142857142854,1.5,2
Formosa,2022,9,30.278571428571425,13.5,65.85714285714286,1.0,2
Formosa,2022,10,26.642857142857142,19.5,65.71428571428572,1.5,2
Formosa,2022,11,25.6,4.0,52.85714285714286,0.5,2
Formosa,2022,12,24.242857142857144,79.0,69.0,1.5,2
Formosa,2022,13,22.371428571428574,23.5,62.78571428571428,2.0,2
Formosa,2022,14,24.114285714285714,66.0,84.85714285714286,2.5,2
Formosa,2022,15,20.59285714285714,27.0,72.0,1.0,2
Formosa,2022,16,24.257142857142856,30.499999999999996,70.71428571428572,1.0,2
Formosa,2022,17,25.378571428571426,2.5,69.5,1.0,2
Formosa,2022,18,18.664285714285715,14.0,76.35714285714286,1.0,2
Formosa,2022,19,18.09285714285714,29.5,82.71428571428572,3.0,2
Formosa,2022,20,14.035714285714285,0.0,69.64285714285714,0.0,2
Formosa,2022,21,19.6,14.1,82.42857142857143,2.0,2
Formosa,2022,22,14.835714285714285,7.0,71.28571428571428,0.5,2
Formosa,2022,23,14.428571428571427,27.0,85.14285714285714,1.0,2
Formosa,2022,24,16.00714285714286,0.0,64.71428571428572,0.0,2
Formosa,2022,25,15.542857142857143,1.05,82.78571428571429,0.0,2
Formosa,2022,26,17.957142857142856,0.0,77.71428571428572,0.0,2
Formosa,2022,27,22.91428571428571,0.0,69.71428571428572,0.0,2
Formosa,2022,28,16.42857142857143,0.1,71.28571428571428,0.0,2
Formosa,2022,29,21.628571428571426,1.5,66.78571428571428,0.5,2
Formosa,2022,30,20.6,0.0,57.5,0.0,2
Formosa,2022,31,20.371428571428574,3.0,64.28571428571429,1.0,2
Formosa,2022,32,18.228571428571428,0.0,65.21428571428571,0.0,2
Formosa,2022,33,17.892857142857146,0.0,52.64285714285714,0.0,2
Formosa,2022,34,24.40714285714286,1.5,51.214285714285715,0.5,2
Formosa,2022,35,18.51904761904762,4.0,54.27380952380952,0.5,2
Formosa,2022,36,20.057142857142857,0.0,52.214285714285715,0.0,2
Formosa,2022,37,21.45,12.0,48.214285714285715,1.0,2
Formosa,2022,38,20.164285714285715,0.05,60.42857142857143,0.0,2
Formosa,2022,39,21.792857142857144,10.75,64.85714285714286,0.5,2
Formosa,2022,40,21.97857142857143,44.15,57.07142857142857,2.0,2
Formosa,2022,41,22.7,0.05,59.35714285714286,0.0,2
Formosa,2022,42,23.835714285714285,33.5,68.35714285714286,2.0,2
Formosa,2022,43,27.628571428571426,74.55,61.142857142857146,2.5,2
Formosa,2022,44,20.728571428571428,0.0,50.5,0.0,2
Formosa,2022,45,24.785714285714285,48.75,64.07142857142857,3.0,2
Formosa,2022,46,26.95714285714286,36.0,55.92857142857143,1.0,2
Formosa,2022,47,25.807142857142857,9.5,61.35714285714286,0.5,2
Formosa,2022,48,29.142857142857142,0.5,59.07142857142857,0.0,2
Formosa,2022,49,32.47857142857143,42.0,58.35714285714286,1.5,2
Formosa,2022,50,27.585714285714285,5.0,58.5,0.5,2
Formosa,2022,51,29.878571428571426,7.0,54.714285714285715,0.5,2
Formosa,2022,52,29.785714285714285,7.0,50.92857142857143,1.0,2
Formosa,2023,1,27.75714285714286,3.75,57.285714285714285,1.0,2
Formosa,2023,2,28.985714285714284,25.0,56.07142857142857,2.0,2
Formosa,2023,3,32.68571428571428,0.0,52.35714285714286,0.0,2
Formosa,2023,4,30.957142857142856,9.0,60.35714285714286,1.0,2
Formosa,2023,5,28.535714285714285,10.4,62.64285714285714,0.5,2
Formosa,2023,6,31.71428571428571,4.0,54.0,0.5,2
Formosa,2023,7,26.435714285714287,16.0,56.214285714285715,1.0,2
Formosa,2023,8,26.735714285714288,41.5,68.5,2.5,2
Formosa,2023,9,27.514285714285716,23.25,73.0,2.0,2
Formosa,2023,10,28.642857142857142,33.5,68.35714285714286,0.5,2
Formosa,2023,11,27.942857142857143,2.3,75.92857142857142,0.5,2
Formosa,2023,12,28.40714285714286,8.65,70.85714285714286,0.5,2
Formosa,2023,13,27.228571428571428,15.500000000000002,66.28571428571428,1.0,2
Formosa,2023,14,23.84285714285714,19.3,75.21428571428572,1.0,2
Formosa,2023,15,24.114285714285714,64.0,78.57142857142857,3.5,2
Formosa,2023,16,21.15,1.0,70.92857142857143,0.5,2
Formosa,2023,17,22.064285714285717,3.0,78.57142857142858,1.0,2
Formosa,2023,18,17.728571428571428,36.9,90.64285714285714,4.0,2
Formosa,2023,19,18.428571428571427,0.0,72.71428571428571,0.0,2
Formosa,2023,20,21.285714285714285,82.15,74.78571428571428,2.5,2
Formosa,2023,21,22.75,6.0,79.64285714285714,0.5,2
Formosa,2023,22,21.014285714285712,5.5,79.71428571428572,0.5,2
Formosa,2023,23,22.15,1.5,73.92857142857142,0.5,2
Formosa,2023,24,11.971428571428572,0.0,72.71428571428572,0.0,2
Formosa,2023,25,20.214285714285715,0.15000000000000002,80.35714285714286,0.0,2
Formosa,2023,26,21.414285714285718,1.25,72.85714285714286,0.5,2
Formosa,2023,27,23.17142857142857,1.0,69.71428571428572,0.5,2
Formosa,2023,28,16.42142857142857,4.05,80.92857142857143,0.5,2
Formosa,2023,29,19.24285714285714,0.0,60.35714285714286,0.0,2
Formosa,2023,30,17.22142857142857,1.0,72.28571428571428,0.5,2
Formosa,2023,31,26.742857142857144,10.25,53.0,0.5,2
Formosa,2023,32,20.05,1.0,64.92857142857143,0.5,2
Formosa,2023,33,22.735714285714288,8.0,60.28571428571428,1.0,2
Formosa,2023,34,21.942857142857143,0.0,52.64285714285714,0.0,2
Formosa,2023,35,23.65714285714286,58.75,61.07142857142857,2.0,2
Formosa,2023,36,20.32857142857143,23.0,78.57142857142857,1.5,2
Formosa,2023,37,23.70714285714286,2.5,55.57142857142857,1.0,2
Formosa,2023,38,29.59404761904762,0.0,54.67857142857143,0.0,2
Formosa,2023,39,22.214285714285715,0.0,59.71428571428571,0.0,2
Formosa,2023,40,24.114285714285714,14.25,57.75,1.0,2
Formosa,2023,41,25.59285714285714,2.5,51.07142857142857,0.5,2
Formosa,2023,42,29.357142857142858,7.0,61.142857142857146,1.0,2
Formosa,2023,43,25.964285714285715,21.75,73.0,2.5,2
Formosa,2023,44,23.807142857142857,24.75,64.64285714285714,1.0,2
Formosa,2023,45,33.23571428571429,55.0,49.92857142857143,1.0,2
Formosa,2023,46,26.949999999999996,46.75,74.0,1.5,2
Formosa,2023,47,27.742857142857144,75.85,68.85714285714286,2.5,2
Formosa,2023,48,29.785714285714285,61.0,71.5,2.0,2
Formosa,2023,49,26.042857142857144,130.5,79.42857142857143,3.5,2
Formosa,2023,50,32.24285714285714,22.5,60.92857142857143,1.0,2
Formosa,2023,51,27.67142857142857,115.85,78.78571428571428,4.0,2
Formosa,2023,52,27.885714285714286,14.0,68.92857142857143,1.5,2
Formosa,2024,1,30.82857142857143,0.0,58.92857142857143,0.0,2
Formosa,2024,2,30.70714285714286,89.5,67.07142857142857,2.0,2
Formosa,2024,3,30.192857142857143,4.7,67.85714285714286,1.0,2
Formosa,2024,4,27.985714285714284,0.0,57.07142857142857,0.0,2
Formosa,2024,5,32.26428571428571,0.0,50.42857142857143,0.0,2
Formosa,2024,6,31.97142857142857,16.5,61.28571428571429,1.0,2
Formosa,2024,7,27.714285714285715,49.15,69.92857142857143,1.0,2
Formosa,2024,8,29.92857142857143,9.6,63.5,1.0,2
Formosa,2024,9,30.778571428571432,9.65,67.0,1.5,2
Formosa,2024,10,29.392857142857142,20.75,69.35714285714286,1.0,2
Formosa,2024,11,33.91428571428571,2.25,56.57142857142857,1.0,2
Formosa,2024,12,28.89285714285714,18.75,65.42857142857143,1.5,2
Formosa,2024,13,29.228571428571428,0.5,62.57142857142857,0.0,2
Formosa,2024,14,28.08571428571429,103.5,79.35714285714286,3.5,2
Formosa,2024,15,23.635714285714286,80.75,92.35714285714286,4.0,2
Formosa,2024,16,22.40714285714286,4.5,74.78571428571428,0.5,2
Formosa,2024,17,26.435714285714283,44.75,82.57142857142857,2.5,2
Formosa,2024,18,24.235714285714288,38.85,83.92857142857143,1.5,2
Formosa,2024,19,22.35,4.949999999999999,78.07142857142857,1.0,2
Formosa,2024,20,14.0,0.4,79.5,0.0,2
Formosa,2024,21,15.685714285714287,1.8,76.35714285714286,0.5,2
Formosa,2024,22,15.785714285714285,0.0,69.71428571428571,0.0,2
Formosa,2024,23,22.09285714285714,0.0,66.57142857142857,0.0,2
Formosa,2024,24,25.364285714285714,4.5,62.71428571428572,1.0,2
Formosa,2024,25,22.92857142857143,4.05,83.57142857142857,1.0,2
Formosa,2024,26,13.45,1.0,70.85714285714286,0.5,2
Formosa,2024,27,16.035714285714285,3.95,69.14285714285714,1.0,2
Formosa,2024,28,9.857142857142858,0.25,64.42857142857143,0.0,2
Formosa,2024,29,17.92142857142857,0.05,69.78571428571429,0.0,2
Formosa,2024,30,21.771428571428572,3.75,68.64285714285714,0.5,2
Formosa,2024,31,22.607142857142858,1.5,62.0,0.5,2
Formosa,2024,32,16.785714285714285,29.5,64.85714285714286,1.5,2
Formosa,2024,33,20.41428571428571,0.0,57.5,0.0,2
Formosa,2024,34,15.62857142857143,16.0,75.14285714285714,1.5,2
Formosa,2024,35,18.285714285714285,0.0,60.71428571428571,0.0,2
Formosa,2024,36,20.971428571428568,0.0,58.357142857142854,0.0,2
Formosa,2024,37,22.235714285714288,0.0,64.57142857142857,0.0,2
Formosa,2024,38,27.0,5.0,52.5,0.5,2
Formosa,2024,39,25.392857142857142,26.0,62.857142857142854,1.5,2
Formosa,2024,40,26.857142857142854,9.15,52.214285714285715,1.0,2
Formosa,2024,41,24.228571428571428,53.75,72.07142857142857,3.5,2
Formosa,2024,42,25.185714285714283,26.2,73.85714285714286,1.5,2
Formosa,2024,43,27.314285714285713,0.0,56.28571428571428,0.0,2
Formosa,2024,44,27.271428571428572,27.9,66.0,1.5,2
Formosa,2024,45,26.68571428571429,26.9,70.21428571428572,1.0,2
Formosa,2024,46,27.35,7.4,51.214285714285715,0.5,2
Formosa,2024,47,27.121428571428574,36.65,75.42857142857143,1.0,2
Formosa,2024,48,30.185714285714283,52.25,66.78571428571428,3.5,2
Formosa,2024,49,25.142857142857146,16.0,71.71428571428571,3.0,2
Formosa,2024,50,25.59285714285714,61.25,71.85714285714286,2.0,2
Formosa,2024,51,27.435714285714283,64.0,67.14285714285714,1.0,2
Formosa,2024,52,25.807142857142857,11.0,62.28571428571429,1.0,2
Formosa,2025,1,29.564285714285717,16.5,56.92857142857143,0.5,2
Formosa,2025,2,29.357142857142858,0.0,48.35714285714286,0.0,2
Formosa,2025,3,31.692857142857143,2.25,49.14285714285714,0.5,2
Formosa,2025,4,29.692857142857143,31.0,60.5,2.0,2
Formosa,2025,5,29.84285714285714,17.8,63.142857142857146,1.0,2
Formosa,2025,6,33.114285714285714,0.0,52.14285714285714,0.0,2
Formosa,2025,7,32.7,12.0,54.5,0.5,2
Formosa,2025,8,28.84285714285714,55.25,73.71428571428572,2.5,2
Formosa,2025,9,31.457142857142856,0.0,61.07142857142857,0.0,2
Formosa,2025,10,31.064285714285713,15.5,57.214285714285715,1.5,2
Formosa,2025,11,24.57142857142857,7.500000000000001,69.28571428571429,1.0,2
Formosa,2025,12,25.414285714285715,32.75,71.57142857142858,3.0,2
Formosa,2025,13,25.02857142857143,75.25,85.5,4.0,2
Formosa,2025,14,19.714285714285715,29.85,79.85714285714286,2.5,2
Formosa,2025,15,20.9,27.75,80.85714285714286,2.0,2
Formosa,2025,16,24.20714285714286,0.0,72.07142857142857,0.0,2
Formosa,2025,17,21.935714285714283,34.15,84.0,2.5,2
Formosa,2025,18,21.014285714285712,14.5,73.14285714285714,1.0,2
Formosa,2025,19,23.835714285714285,57.4,82.21428571428572,4.0,2
Formosa,2025,20,23.607142857142854,21.75,74.57142857142857,0.5,2
Formosa,2025,21,21.314285714285717,45.650000000000006,89.92857142857143,2.5,2
Formosa,2025,22,15.407142857142858,3.0,74.21428571428571,1.0,2
Formosa,2025,23,18.49285714285714,0.5,83.0,0.0,2
Formosa,2025,24,15.457142857142859,15.75,75.78571428571429,1.0,2
Formosa,2025,25,16.271428571428572,32.45,94.14285714285714,4.0,2
Formosa,2025,26,11.728571428571428,18.05,75.5,1.0,2
Formosa,2025,27,12.350000000000001,0.0,68.64285714285714,0.0,2
Formosa,2025,28,19.59285714285714,0.0,72.85714285714286,0.0,2
Formosa,2025,29,17.385714285714286,0.0,66.85714285714286,0.0,2
Formosa,2025,30,19.785714285714285,34.5,80.64285714285714,3.0,2
Formosa,2025,31,20.04285714285714,2.0,66.64285714285714,0.5,2
Formosa,2025,32,15.614285714285714,0.85,74.5,0.0,2
Formosa,2025,33,17.771428571428572,1.0,64.71428571428571,0.5,2
Formosa,2025,34,20.17142857142857,20.75,68.35714285714286,2.5,2
Formosa,2025,35,20.66428571428571,0.5,56.42857142857143,0.0,2
Formosa,2025,36,17.414285714285715,7.0,67.14285714285714,1.0,2
Formosa,2025,37,22.57857142857143,24.0,67.92857142857143,1.0,2
Formosa,2025,38,27.50714285714286,11.5,64.71428571428572,1.5,2
Formosa,2025,39,22.514285714285712,2.0,53.92857142857143,0.5,2
Formosa,2025,40,25.685714285714287,37.449999999999996,73.28571428571428,2.5,2
Formosa,2025,41,22.25714285714286,4.5,60.0,0.5,2
Formosa,2025,42,24.6,12.5,59.642857142857146,1.5,2
Formosa,2025,43,25.357142857142858,12.899999999999999,59.21428571428571,1.5,2
Formosa,2025,44,20.642857142857142,21.65,77.64285714285714,2.5,2
Formosa,2025,45,24.885714285714286,15.05,63.64285714285714,1.0,2
Formosa,2025,46,26.021428571428572,69.8,73.07142857142857,2.0,2
Formosa,2025,47,25.4,0.0,56.285714285714285,0.0,2
Formosa,2025,48,29.435714285714283,33.75,53.85714285714286,1.0,2
Formosa,2025,49,28.107142857142858,12.5,60.78571428571429,1.0,2
Formosa,2025,50,25.807142857142857,49.0,71.78571428571428,2.5,2
Formosa,2025,51,27.700000000000003,29.5,59.21428571428571,1.5,2
Formosa,2025,52,26.985714285714284,116.35,84.57142857142858,5.0,2
Jujuy,2018,1,19.547619047619047,16.6,69.09523809523809,2.6666666666666665,3
Jujuy,2018,2,19.3,29.866666666666664,71.90476190476191,3.0,3
Jujuy,2018,3,19.16190476190476,12.833333333333334,75.47619047619048,2.3333333333333335,3
Jujuy,2018,4,19.438095238095237,62.56666666666666,81.66666666666667,4.0,3
Jujuy,2018,5,19.571428571428573,34.03333333333333,79.0,2.3333333333333335,3
Jujuy,2018,6,20.14761904761905,66.66666666666667,74.04761904761905,4.333333333333333,3
Jujuy,2018,7,17.557142857142857,29.76666666666667,79.66666666666667,2.6666666666666665,3
Jujuy,2018,8,18.104761904761904,29.166666666666668,75.76190476190476,2.0,3
Jujuy,2018,9,18.228571428571428,29.633333333333336,81.09523809523809,2.0,3
Jujuy,2018,10,18.304761904761904,31.833333333333332,76.38095238095238,3.0,3
Jujuy,2018,11,19.88095238095238,14.766666666666666,75.90476190476191,1.3333333333333333,3
Jujuy,2018,12,17.295238095238094,7.466666666666666,73.66666666666667,1.0,3
Jujuy,2018,13,15.985714285714286,25.533333333333335,73.28571428571429,1.0,3
Jujuy,2018,14,17.476190476190478,57.76666666666667,75.42857142857143,1.6666666666666667,3
Jujuy,2018,15,16.89047619047619,20.7,78.57142857142857,1.0,3
Jujuy,2018,16,17.41904761904762,0.0,73.71428571428571,0.0,3
Jujuy,2018,17,18.61904761904762,25.933333333333334,78.61904761904762,2.0,3
Jujuy,2018,18,18.290476190476188,15.766666666666666,76.52380952380952,2.0,3
Jujuy,2018,19,15.276190476190473,3.6666666666666665,71.71428571428572,1.3333333333333333,3
Jujuy,2018,20,12.495238095238093,2.4,66.57142857142857,1.0,3
Jujuy,2018,21,10.657142857142858,0.0,62.71428571428572,0.0,3
Jujuy,2018,22,9.633333333333333,3.733333333333333,65.57142857142857,1.0,3
Jujuy,2018,23,8.466666666666667,0.0,63.42857142857142,0.0,3
Jujuy,2018,24,6.914285714285714,0.0,64.23809523809524,0.0,3
Jujuy,2018,25,10.104761904761904,0.3333333333333333,56.904761904761905,0.0,3
Jujuy,2018,26,9.638095238095238,0.0,55.666666666666664,0.0,3
Jujuy,2018,27,8.585714285714287,5.733333333333333,64.14285714285715,1.0,3
Jujuy,2018,28,8.747619047619047,0.0,57.52380952380952,0.0,3
Jujuy,2018,29,9.652380952380952,3.8333333333333335,63.285714285714285,1.0,3
Jujuy,2018,30,7.223809523809524,0.0,49.38095238095238,0.0,3
Jujuy,2018,31,9.038095238095238,0.0,57.0,0.0,3
Jujuy,2018,32,10.528571428571428,0.0,48.61904761904762,0.0,3
Jujuy,2018,33,11.652380952380952,0.0,48.38095238095238,0.0,3
Jujuy,2018,34,10.033333333333333,0.0,42.38095238095238,0.0,3
Jujuy,2018,35,13.023809523809524,2.2333333333333334,42.476190476190474,0.6666666666666666,3
Jujuy,2018,36,15.085714285714287,0.0,37.61904761904762,0.0,3
Jujuy,2018,37,16.138095238095236,3.266666666666667,51.1904761904762,0.6666666666666666,3
Jujuy,2018,38,19.138095238095236,0.9666666666666668,41.523809523809526,0.3333333333333333,3
Jujuy,2018,39,20.195238095238096,3.3666666666666667,50.76190476190476,0.3333333333333333,3
Jujuy,2018,40,17.447619047619046,7.833333333333333,49.476190476190474,1.0,3
Jujuy,2018,41,17.3,1.2666666666666666,53.52380952380952,0.0,3
Jujuy,2018,42,19.80952380952381,36.0,52.76190476190476,2.0,3
Jujuy,2018,43,17.261904761904763,40.266666666666666,73.90476190476191,3.3333333333333335,3
Jujuy,2018,44,20.14761904761905,4.6,60.333333333333336,1.0,3
Jujuy,2018,45,19.695238095238093,19.0,67.04761904761905,1.6666666666666667,3
Jujuy,2018,46,19.74761904761905,1.3333333333333333,58.57142857142858,0.3333333333333333,3
Jujuy,2018,47,19.366666666666667,6.666666666666667,63.857142857142854,1.0,3
Jujuy,2018,48,17.033333333333335,26.866666666666664,73.52380952380952,2.6666666666666665,3
Jujuy,2018,49,17.242857142857144,6.0,63.142857142857146,1.3333333333333333,3
Jujuy,2018,50,22.023809523809522,32.96666666666666,64.57142857142857,2.0,3
Jujuy,2018,51,18.71428571428571,61.23333333333333,73.47619047619048,4.0,3
Jujuy,2018,52,21.099999999999998,18.433333333333334,68.71428571428571,1.3333333333333333,3
Jujuy,2019,1,20.766666666666666,38.300000000000004,72.28571428571428,3.0,3
Jujuy,2019,2,19.861904761904764,16.733333333333334,67.52380952380953,2.0,3
Jujuy,2019,3,18.32857142857143,33.5,75.80952380952381,4.0,3
Jujuy,2019,4,22.861904761904764,2.5,61.76190476190476,0.6666666666666666,3
Jujuy,2019,5,19.728571428571428,35.5,73.57142857142857,3.3333333333333335,3
Jujuy,2019,6,19.723809523809525,12.266666666666666,67.47619047619048,1.6666666666666667,3
Jujuy,2019,7,18.371428571428574,30.366666666666664,71.71428571428571,2.3333333333333335,3
Jujuy,2019,8,22.18253968253968,4.033333333333333,62.63492063492063,0.6666666666666666,3
Jujuy,2019,9,18.2,9.133333333333335,72.0,2.3333333333333335,3
Jujuy,2019,10,19.033333333333335,71.66666666666667,74.6190476190476,4.333333333333333,3
Jujuy,2019,11,17.671428571428574,13.966666666666667,71.90476190476191,2.3333333333333335,3
Jujuy,2019,12,16.085714285714285,11.333333333333334,73.66666666666667,1.6666666666666667,3
Jujuy,2019,13,15.595238095238097,31.23333333333333,79.19047619047619,3.0,3
Jujuy,2019,14,16.304761904761904,55.46666666666667,73.42857142857143,2.6666666666666665,3
Jujuy,2019,15,15.595238095238097,1.5,66.80952380952381,0.3333333333333333,3
Jujuy,2019,16,18.12857142857143,13.6,69.42857142857143,1.3333333333333333,3
Jujuy,2019,17,14.10952380952381,10.733333333333334,73.52380952380952,3.0,3
Jujuy,2019,18,15.199999999999998,1.9333333333333333,66.76190476190476,0.3333333333333333,3
Jujuy,2019,19,14.695238095238096,0.3,68.90476190476191,0.0,3
Jujuy,2019,20,11.88095238095238,0.0,65.28571428571428,0.0,3
Jujuy,2019,21,9.614285714285716,5.333333333333333,62.095238095238095,0.6666666666666666,3
Jujuy,2019,22,11.414285714285716,0.10000000000000002,68.47619047619048,0.0,3
Jujuy,2019,23,10.547619047619047,0.6666666666666666,64.76190476190476,0.3333333333333333,3
Jujuy,2019,24,11.661904761904763,5.8999999999999995,69.95238095238095,1.3333333333333333,3
Jujuy,2019,25,9.404761904761905,0.0,65.04761904761905,0.0,3
Jujuy,2019,26,10.290476190476191,2.1333333333333333,63.857142857142854,0.6666666666666666,3
Jujuy,2019,27,8.366666666666665,1.5999999999999999,69.14285714285715,0.3333333333333333,3
Jujuy,2019,28,11.0,0.16666666666666666,64.28571428571428,0.0,3
Jujuy,2019,29,11.852380952380953,0.19999999999999998,59.19047619047618,0.0,3
Jujuy,2019,30,7.780952380952381,0.13333333333333333,51.047619047619044,0.0,3
Jujuy,2019,31,8.966666666666667,0.19999999999999998,48.0,0.0,3
Jujuy,2019,32,9.652380952380952,0.0,45.142857142857146,0.0,3
Jujuy,2019,33,11.80952380952381,0.0,49.80952380952382,0.0,3
Jujuy,2019,34,12.266666666666667,0.0,51.047619047619044,0.0,3
Jujuy,2019,35,16.176190476190477,0.0,46.666666666666664,0.0,3
Jujuy,2019,36,12.604761904761906,0.0,54.285714285714285,0.0,3
Jujuy,2019,37,15.095238095238097,0.5,49.52380952380952,0.0,3
Jujuy,2019,38,15.32857142857143,0.7666666666666666,44.61904761904762,0.3333333333333333,3
Jujuy,2019,39,19.39047619047619,0.0,45.80952380952382,0.0,3
Jujuy,2019,40,17.04285714285714,0.0,50.095238095238095,0.0,3
Jujuy,2019,41,20.709523809523812,9.0,49.23809523809524,0.6666666666666666,3
Jujuy,2019,42,13.833333333333334,4.466666666666667,69.33333333333333,1.0,3
Jujuy,2019,43,20.090476190476192,0.0,47.57142857142858,0.0,3
Jujuy,2019,44,22.042857142857144,4.666666666666667,59.47619047619048,1.0,3
Jujuy,2019,45,20.21428571428571,11.466666666666667,65.90476190476191,2.0,3
Jujuy,2019,46,20.595238095238095,4.233333333333333,58.38095238095238,0.6666666666666666,3
Jujuy,2019,47,21.980952380952385,16.066666666666666,57.714285714285715,1.0,3
Jujuy,2019,48,21.02857142857143,28.133333333333336,63.476190476190474,2.0,3
Jujuy,2019,49,18.82857142857143,31.833333333333332,71.85714285714286,1.3333333333333333,3
Jujuy,2019,50,20.557142857142857,9.533333333333333,67.38095238095238,1.3333333333333333,3
Jujuy,2019,51,19.795238095238094,12.0,65.04761904761905,1.3333333333333333,3
Jujuy,2019,52,21.76190476190476,4.133333333333333,63.952380952380956,1.3333333333333333,3
Jujuy,2020,1,20.657142857142855,37.3,69.09523809523809,3.3333333333333335,3
Jujuy,2020,2,22.023809523809522,37.266666666666666,65.33333333333333,2.0,3
Jujuy,2020,3,20.10952380952381,30.600000000000005,77.52380952380952,1.6666666666666667,3
Jujuy,2020,4,21.385714285714286,47.199999999999996,68.52380952380952,2.3333333333333335,3
Jujuy,2020,5,19.347619047619048,27.066666666666666,71.52380952380952,3.3333333333333335,3
Jujuy,2020,6,21.01904761904762,88.39999999999999,73.71428571428572,3.3333333333333335,3
Jujuy,2020,7,19.090476190476192,59.70000000000001,79.0,2.6666666666666665,3
Jujuy,2020,8,17.895238095238096,19.333333333333332,78.90476190476191,3.0,3
Jujuy,2020,9,18.795238095238094,20.866666666666667,74.47619047619048,2.0,3
Jujuy,2020,10,19.942857142857143,2.0,65.33333333333333,0.6666666666666666,3
Jujuy,2020,11,20.84285714285714,20.366666666666664,68.33333333333333,2.6666666666666665,3
Jujuy,2020,12,18.414285714285715,10.4,76.42857142857143,2.0,3
Jujuy,2020,13,19.076190476190476,26.166666666666668,73.80952380952381,2.3333333333333335,3
Jujuy,2020,14,17.78095238095238,58.333333333333336,79.42857142857143,3.0,3
Jujuy,2020,15,14.9,7.866666666666667,72.61904761904762,1.6666666666666667,3
Jujuy,2020,16,14.433333333333332,0.09999999999999999,70.14285714285715,0.0,3
Jujuy,2020,17,18.290476190476188,1.1666666666666667,70.19047619047619,0.3333333333333333,3
Jujuy,2020,18,16.228571428571428,2.2333333333333334,75.3809523809524,0.6666666666666666,3
Jujuy,2020,19,13.428571428571429,0.6666666666666666,66.61904761904762,0.3333333333333333,3
Jujuy,2020,20,12.757142857142858,0.0,59.666666666666664,0.0,3
Jujuy,2020,21,11.790476190476191,2.3333333333333335,59.904761904761905,0.6666666666666666,3
Jujuy,2020,22,12.052380952380952,1.0,58.0,0.3333333333333333,3
Jujuy,2020,23,9.257142857142856,3.0,63.04761904761906,0.6666666666666666,3
Jujuy,2020,24,11.538095238095238,0.0,69.52380952380952,0.0,3
Jujuy,2020,25,12.795238095238096,0.0,59.904761904761905,0.0,3
Jujuy,2020,26,9.542857142857144,1.0,63.61904761904761,0.3333333333333333,3
Jujuy,2020,27,8.495238095238095,0.0,53.047619047619044,0.0,3
Jujuy,2020,28,7.676190476190477,0.0,55.857142857142854,0.0,3
Jujuy,2020,29,11.0,0.0,55.57142857142858,0.0,3
Jujuy,2020,30,9.238095238095239,3.466666666666667,61.23809523809524,0.6666666666666666,3
Jujuy,2020,31,9.790476190476191,0.0,46.38095238095238,0.0,3
Jujuy,2020,32,15.152380952380952,0.0,56.476190476190474,0.0,3
Jujuy,2020,33,11.223809523809523,0.0,39.333333333333336,0.0,3
Jujuy,2020,34,9.423809523809524,0.0,48.23809523809524,0.0,3
Jujuy,2020,35,16.23809523809524,1.8,48.952380952380956,0.3333333333333333,3
Jujuy,2020,36,12.623809523809522,0.8666666666666667,50.333333333333336,0.3333333333333333,3
Jujuy,2020,37,16.866666666666664,0.3333333333333333,48.80952380952382,0.0,3
Jujuy,2020,38,14.97142857142857,5.0,52.0,1.0,3
Jujuy,2020,39,18.447619047619046,0.0,39.047619047619044,0.0,3
Jujuy,2020,40,18.709523809523812,0.0,43.47619047619048,0.0,3
Jujuy,2020,41,19.71428571428571,0.26666666666666666,46.8095238095238,0.0,3
Jujuy,2020,42,19.761904761904763,6.666666666666667,51.23809523809524,0.6666666666666666,3
Jujuy,2020,43,22.31904761904762,3.5333333333333337,55.23809523809524,1.0,3
Jujuy,2020,44,17.64761904761905,12.466666666666669,52.61904761904762,0.6666666666666666,3
Jujuy,2020,45,20.504761904761903,1.2000000000000002,45.52380952380952,0.3333333333333333,3
Jujuy,2020,46,20.5,10.766666666666666,62.23809523809524,1.3333333333333333,3
Jujuy,2020,47,18.638095238095236,6.6000000000000005,56.095238095238095,1.0,3
Jujuy,2020,48,22.671428571428574,17.6,58.8095238095238,2.0,3
Jujuy,2020,49,18.2,22.233333333333334,70.66666666666667,2.6666666666666665,3
Jujuy,2020,50,21.828571428571433,9.466666666666667,54.23809523809524,1.3333333333333333,3
Jujuy,2020,51,20.909523809523808,9.166666666666666,60.904761904761905,1.0,3
Jujuy,2020,52,21.142857142857142,17.666666666666668,61.52380952380952,2.3333333333333335,3
Jujuy,2020,53,20.138095238095236,38.199999999999996,72.42857142857143,3.6666666666666665,3
Jujuy,2021,1,18.542857142857144,48.333333333333336,75.85714285714285,4.0,3
Jujuy,2021,2,20.395238095238096,48.166666666666664,71.95238095238095,3.3333333333333335,3
Jujuy,2021,3,18.947619047619046,28.333333333333332,67.04761904761905,2.3333333333333335,3
Jujuy,2021,4,20.34285714285714,8.866666666666667,63.42857142857142,1.6666666666666667,3
Jujuy,2021,5,18.97142857142857,21.066666666666666,70.71428571428571,2.3333333333333335,3
Jujuy,2021,6,17.514285714285716,35.5,73.42857142857143,2.6666666666666665,3
Jujuy,2021,7,18.400000000000002,34.5,74.23809523809524,4.0,3
Jujuy,2021,8,20.333333333333332,41.333333333333336,73.57142857142857,3.3333333333333335,3
Jujuy,2021,9,18.78095238095238,34.199999999999996,74.90476190476191,3.3333333333333335,3
Jujuy,2021,10,19.066666666666666,48.03333333333333,72.76190476190476,2.3333333333333335,3
Jujuy,2021,11,16.957142857142856,45.699999999999996,78.14285714285715,3.0,3
Jujuy,2021,12,16.571428571428573,27.333333333333332,80.38095238095238,3.3333333333333335,3
Jujuy,2021,13,16.314285714285713,1.6000000000000003,78.38095238095238,0.3333333333333333,3
Jujuy,2021,14,18.876190476190477,15.066666666666668,74.38095238095238,2.0,3
Jujuy,2021,15,16.795238095238094,6.333333333333333,75.23809523809524,1.0,3
Jujuy,2021,16,16.16190476190476,9.633333333333333,72.47619047619048,1.3333333333333333,3
Jujuy,2021,17,12.871428571428572,0.0,68.95238095238095,0.0,3
Jujuy,2021,18,11.942857142857143,2.566666666666667,67.0,0.6666666666666666,3
Jujuy,2021,19,11.466666666666667,3.6,70.04761904761905,0.6666666666666666,3
Jujuy,2021,20,12.742857142857142,0.6666666666666666,62.047619047619044,0.3333333333333333,3
Jujuy,2021,21,11.700000000000001,0.0,59.142857142857146,0.0,3
Jujuy,2021,22,11.442857142857143,0.0,61.857142857142854,0.0,3
Jujuy,2021,23,9.857142857142856,0.0,64.71428571428571,0.0,3
Jujuy,2021,24,6.566666666666666,5.133333333333334,72.71428571428572,1.3333333333333333,3
Jujuy,2021,25,7.271428571428571,2.6666666666666665,66.52380952380952,0.6666666666666666,3
Jujuy,2021,26,5.980952380952381,0.0,58.61904761904762,0.0,3
Jujuy,2021,27,11.252380952380953,0.0,57.19047619047618,0.0,3
Jujuy,2021,28,11.185714285714285,0.3333333333333333,61.23809523809524,0.0,3
Jujuy,2021,29,11.042857142857143,0.0,53.904761904761905,0.0,3
Jujuy,2021,30,7.938095238095239,0.0,56.857142857142854,0.0,3
Jujuy,2021,31,11.538095238095238,1.6666666666666667,50.57142857142858,0.3333333333333333,3
Jujuy,2021,32,9.766666666666666,0.0,47.285714285714285,0.0,3
Jujuy,2021,33,15.857142857142856,0.0,37.1904761904762,0.0,3
Jujuy,2021,34,11.799999999999999,0.0,41.0,0.0,3
Jujuy,2021,35,17.995238095238097,0.0,53.285714285714285,0.0,3
Jujuy,2021,36,15.40952380952381,0.06666666666666667,47.714285714285715,0.0,3
Jujuy,2021,37,16.18095238095238,0.0,46.38095238095238,0.0,3
Jujuy,2021,38,16.166666666666668,6.3,56.095238095238095,1.3333333333333333,3
Jujuy,2021,39,19.26190476190476,0.6666666666666666,54.42857142857142,0.3333333333333333,3
Jujuy,2021,40,17.26190476190476,0.0,51.095238095238095,0.0,3
Jujuy,2021,41,18.728571428571428,0.0,47.61904761904762,0.0,3
Jujuy,2021,42,18.538095238095238,0.6666666666666666,47.047619047619044,0.3333333333333333,3
Jujuy,2021,43,20.75238095238095,14.4,48.952380952380956,1.3333333333333333,3
Jujuy,2021,44,17.909523809523808,6.266666666666667,68.33333333333333,1.3333333333333333,3
Jujuy,2021,45,19.04285714285714,9.966666666666667,66.52380952380952,1.0,3
Jujuy,2021,46,18.66190476190476,4.466666666666667,62.57142857142856,0.6666666666666666,3
Jujuy,2021,47,21.3,9.4,58.285714285714285,1.0,3
Jujuy,2021,48,20.78095238095238,22.0,61.8095238095238,2.6666666666666665,3
Jujuy,2021,49,19.080952380952382,22.433333333333334,73.71428571428571,3.0,3
Jujuy,2021,50,20.28095238095238,19.566666666666666,66.71428571428571,2.0,3
Jujuy,2021,51,19.723809523809525,44.43333333333333,73.85714285714285,3.3333333333333335,3
Jujuy,2021,52,23.304761904761904,17.7,55.047619047619044,1.0,3
Jujuy,2022,1,20.976190476190478,10.5,66.76190476190476,1.6666666666666667,3
Jujuy,2022,2,22.776190476190475,9.333333333333334,52.57142857142858,1.3333333333333333,3
Jujuy,2022,3,20.604761904761904,99.83333333333333,75.04761904761905,4.0,3
Jujuy,2022,4,18.933333333333334,90.46666666666665,79.38095238095238,4.666666666666667,3
Jujuy,2022,5,18.333333333333332,49.26666666666667,73.66666666666667,3.3333333333333335,3
Jujuy,2022,6,17.633333333333333,13.233333333333334,73.28571428571429,2.0,3
Jujuy,2022,7,19.757142857142856,4.933333333333334,69.85714285714285,1.3333333333333333,3
Jujuy,2022,8,20.233333333333334,32.6,76.14285714285715,2.3333333333333335,3
Jujuy,2022,9,20.923809523809524,34.333333333333336,72.6190476190476,2.0,3
Jujuy,2022,10,17.5,86.89999999999999,79.28571428571429,3.3333333333333335,3
Jujuy,2022,11,16.914285714285715,9.1,73.42857142857143,1.6666666666666667,3
Jujuy,2022,12,17.195238095238096,1.1666666666666667,68.71428571428572,0.3333333333333333,3
Jujuy,2022,13,14.966666666666667,1.3333333333333333,63.61904761904762,0.3333333333333333,3
Jujuy,2022,14,17.947619047619046,5.1000000000000005,71.80952380952381,1.3333333333333333,3
Jujuy,2022,15,14.4,21.0,70.09523809523809,1.6666666666666667,3
Jujuy,2022,16,15.580952380952382,0.06666666666666667,63.80952380952382,0.0,3
Jujuy,2022,17,15.152380952380952,2.3000000000000003,65.28571428571428,0.6666666666666666,3
Jujuy,2022,18,11.795238095238096,0.5333333333333333,64.66666666666667,0.0,3
Jujuy,2022,19,12.200000000000001,5.733333333333333,64.61904761904762,0.6666666666666666,3
Jujuy,2022,20,9.033333333333333,2.6666666666666665,69.76190476190476,0.6666666666666666,3
Jujuy,2022,21,11.633333333333333,0.26666666666666666,62.857142857142854,0.0,3
Jujuy,2022,22,8.004761904761905,0.09999999999999999,65.76190476190476,0.0,3
Jujuy,2022,23,9.333333333333334,0.0,68.09523809523809,0.0,3
Jujuy,2022,24,7.447619047619047,0.0,56.19047619047618,0.0,3
Jujuy,2022,25,7.6380952380952385,0.4000000000000001,63.857142857142854,0.0,3
Jujuy,2022,26,9.21904761904762,0.0,57.0,0.0,3
Jujuy,2022,27,11.685714285714285,0.0,60.142857142857146,0.0,3
Jujuy,2022,28,8.200000000000001,0.0,54.76190476190476,0.0,3
Jujuy,2022,29,11.619047619047619,0.0,56.61904761904761,0.0,3
Jujuy,2022,30,13.933333333333332,1.3666666666666665,61.38095238095238,0.3333333333333333,3
Jujuy,2022,31,11.938095238095238,0.0,53.714285714285715,0.0,3
Jujuy,2022,32,9.923809523809524,1.9000000000000001,54.666666666666664,0.3333333333333333,3
Jujuy,2022,33,10.785714285714286,0.0,39.14285714285714,0.0,3
Jujuy,2022,34,14.252380952380951,0.0,41.476190476190474,0.0,3
Jujuy,2022,35,12.19047619047619,0.0,46.095238095238095,0.0,3
Jujuy,2022,36,13.990476190476192,0.0,35.42857142857143,0.0,3
Jujuy,2022,37,14.857142857142856,0.0,38.523809523809526,0.0,3
Jujuy,2022,38,14.357142857142856,1.0,46.23809523809524,0.3333333333333333,3
Jujuy,2022,39,14.0,7.666666666666667,52.857142857142854,1.0,3
Jujuy,2022,40,17.33809523809524,0.0,38.80952380952381,0.0,3
Jujuy,2022,41,15.252380952380951,0.0,46.952380952380956,0.0,3
Jujuy,2022,42,17.0952380952381,1.3666666666666665,59.523809523809526,0.3333333333333333,3
Jujuy,2022,43,21.96666666666667,0.0,41.0,0.0,3
Jujuy,2022,44,15.30952380952381,0.0,38.857142857142854,0.0,3
Jujuy,2022,45,20.852380952380955,0.0,41.857142857142854,0.0,3
Jujuy,2022,46,22.257142857142856,1.3333333333333333,45.38095238095238,0.6666666666666666,3
Jujuy,2022,47,20.466666666666665,2.8666666666666667,47.23809523809524,1.0,3
Jujuy,2022,48,19.276190476190475,19.033333333333335,58.047619047619044,2.6666666666666665,3
Jujuy,2022,49,23.38095238095238,21.5,53.333333333333336,2.0,3
Jujuy,2022,50,20.633333333333336,11.833333333333334,60.095238095238095,1.0,3
Jujuy,2022,51,20.328571428571426,34.53333333333333,59.0,3.3333333333333335,3
Jujuy,2022,52,19.79047619047619,1.2,61.61904761904762,0.3333333333333333,3
Jujuy,2023,1,19.552380952380954,18.7,57.23809523809524,2.3333333333333335,3
Jujuy,2023,2,20.28095238095238,7.666666666666667,57.47619047619048,2.0,3
Jujuy,2023,3,23.176190476190474,27.833333333333332,50.714285714285715,1.3333333333333333,3
Jujuy,2023,4,20.495238095238093,42.333333333333336,71.57142857142857,2.6666666666666665,3
Jujuy,2023,5,19.17142857142857,28.566666666666666,71.80952380952381,3.0,3
Jujuy,2023,6,20.814285714285713,14.333333333333334,64.95238095238095,2.3333333333333335,3
Jujuy,2023,7,17.66190476190476,27.933333333333334,69.80952380952381,3.3333333333333335,3
Jujuy,2023,8,19.295238095238094,11.833333333333334,67.85714285714285,1.0,3
Jujuy,2023,9,20.49047619047619,24.099999999999998,68.52380952380952,2.0,3
Jujuy,2023,10,21.15714285714286,1.6000000000000003,63.714285714285715,0.3333333333333333,3
Jujuy,2023,11,20.571428571428573,12.0,63.95238095238094,1.6666666666666667,3
Jujuy,2023,12,19.866666666666664,29.433333333333337,68.28571428571429,1.6666666666666667,3
Jujuy,2023,13,19.34285714285714,17.066666666666666,74.28571428571428,2.3333333333333335,3
Jujuy,2023,14,16.72380952380952,34.6,77.57142857142857,3.0,3
Jujuy,2023,15,16.023809523809522,14.066666666666668,68.33333333333333,2.0,3
Jujuy,2023,16,15.057142857142857,16.666666666666668,66.71428571428571,1.6666666666666667,3
Jujuy,2023,17,15.542857142857144,3.6666666666666665,64.42857142857143,0.6666666666666666,3
Jujuy,2023,18,13.042857142857144,0.5666666666666667,58.904761904761905,0.0,3
Jujuy,2023,19,13.29047619047619,0.0,62.095238095238095,0.0,3
Jujuy,2023,20,15.595238095238095,0.03333333333333333,60.333333333333336,0.0,3
Jujuy,2023,21,14.057142857142857,0.26666666666666666,58.38095238095239,0.0,3
Jujuy,2023,22,12.071428571428571,0.19999999999999998,60.666666666666664,0.0,3
Jujuy,2023,23,13.142857142857144,0.6666666666666666,57.142857142857146,0.3333333333333333,3
Jujuy,2023,24,6.123809523809524,0.0,53.8095238095238,0.0,3
Jujuy,2023,25,11.485714285714286,0.06666666666666667,57.42857142857142,0.0,3
Jujuy,2023,26,11.823809523809524,0.3666666666666667,60.952380952380956,0.0,3
Jujuy,2023,27,13.228571428571428,0.0,57.047619047619044,0.0,3
Jujuy,2023,28,10.200000000000001,2.0,58.61904761904761,0.6666666666666666,3
Jujuy,2023,29,10.604761904761904,0.09999999999999999,57.47619047619048,0.0,3
Jujuy,2023,30,9.976190476190476,0.0,53.8095238095238,0.0,3
Jujuy,2023,31,15.447619047619048,0.0,48.61904761904762,0.0,3
Jujuy,2023,32,13.057142857142857,1.4000000000000001,50.904761904761905,0.3333333333333333,3
Jujuy,2023,33,14.638095238095238,0.0,46.76190476190476,0.0,3
Jujuy,2023,34,14.704761904761904,0.0,35.238095238095234,0.0,3
Jujuy,2023,35,15.461904761904762,0.06666666666666667,43.19047619047618,0.0,3
Jujuy,2023,36,14.17142857142857,0.19999999999999998,53.52380952380952,0.0,3
Jujuy,2023,37,17.12857142857143,0.0,34.0,0.0,3
Jujuy,2023,38,20.209523809523812,0.0,42.23809523809524,0.0,3
Jujuy,2023,39,17.304761904761907,6.8,52.523809523809526,0.6666666666666666,3
Jujuy,2023,40,18.34285714285714,0.0,37.476190476190474,0.0,3
Jujuy,2023,41,19.599999999999998,0.0,35.952380952380956,0.0,3
Jujuy,2023,42,20.347619047619048,20.333333333333332,58.857142857142854,2.0,3
Jujuy,2023,43,20.44285714285714,4.5,54.42857142857142,1.0,3
Jujuy,2023,44,18.523809523809522,3.3333333333333335,51.952380952380956,0.6666666666666666,3
Jujuy,2023,45,23.895238095238096,13.333333333333334,47.047619047619044,1.6666666666666667,3
Jujuy,2023,46,22.504761904761903,0.3333333333333333,46.23809523809524,0.0,3
Jujuy,2023,47,20.633333333333336,16.533333333333335,64.61904761904762,2.6666666666666665,3
Jujuy,2023,48,23.03333333333333,35.26666666666667,61.142857142857146,2.6666666666666665,3
Jujuy,2023,49,19.704761904761906,16.0,67.42857142857143,2.0,3
Jujuy,2023,50,23.642857142857142,18.7,63.38095238095238,2.6666666666666665,3
Jujuy,2023,51,20.9,56.70000000000001,72.33333333333333,3.6666666666666665,3
Jujuy,2023,52,20.4047619047619,49.0,76.66666666666667,3.6666666666666665,3
Jujuy,2024,1,21.400000000000002,25.566666666666666,72.04761904761905,2.3333333333333335,3
Jujuy,2024,2,21.857142857142858,42.0,69.80952380952381,1.3333333333333333,3
Jujuy,2024,3,21.590476190476192,54.333333333333336,72.0,2.6666666666666665,3
Jujuy,2024,4,20.37142857142857,11.166666666666666,69.0,1.3333333333333333,3
Jujuy,2024,5,22.257142857142856,18.599999999999998,61.714285714285715,1.6666666666666667,3
Jujuy,2024,6,21.514285714285716,31.166666666666668,69.61904761904762,1.6666666666666667,3
Jujuy,2024,7,20.36190476190476,77.10000000000001,76.95238095238095,3.6666666666666665,3
Jujuy,2024,8,19.857142857142858,39.96666666666667,77.09523809523809,2.6666666666666665,3
Jujuy,2024,9,20.576190476190476,97.26666666666665,77.61904761904762,3.6666666666666665,3
Jujuy,2024,10,20.0,45.56666666666666,78.95238095238095,3.6666666666666665,3
Jujuy,2024,11,22.952380952380953,27.333333333333332,74.23809523809524,2.3333333333333335,3
Jujuy,2024,12,20.071428571428573,0.06666666666666667,72.14285714285715,0.0,3
Jujuy,2024,13,19.75238095238095,3.7999999999999994,69.19047619047619,0.6666666666666666,3
Jujuy,2024,14,19.30952380952381,29.666666666666668,77.76190476190476,3.3333333333333335,3
Jujuy,2024,15,16.533333333333335,31.400000000000002,80.90476190476191,3.3333333333333335,3
Jujuy,2024,16,16.461904761904762,0.0,64.66666666666667,0.0,3
Jujuy,2024,17,18.842857142857145,1.3333333333333333,69.90476190476191,0.3333333333333333,3
Jujuy,2024,18,15.519047619047619,2.4,65.04761904761904,0.3333333333333333,3
Jujuy,2024,19,14.128571428571428,3.733333333333333,68.0,0.6666666666666666,3
Jujuy,2024,20,9.038095238095238,3.4333333333333336,70.71428571428572,0.6666666666666666,3
Jujuy,2024,21,9.076190476190476,3.466666666666667,66.33333333333333,1.0,3
Jujuy,2024,22,9.447619047619048,0.0,61.52380952380952,0.0,3
Jujuy,2024,23,12.747619047619049,0.0,62.57142857142858,0.0,3
Jujuy,2024,24,14.466666666666667,0.0,61.76190476190476,0.0,3
Jujuy,2024,25,12.286507936507936,0.8666666666666668,58.626984126984134,0.3333333333333333,3
Jujuy,2024,26,8.076190476190476,2.1999999999999997,64.77142857142857,0.6666666666666666,3
Jujuy,2024,27,9.038095238095238,0.0,57.0,0.0,3
Jujuy,2024,28,5.461904761904762,0.0,52.714285714285715,0.0,3
Jujuy,2024,29,8.761904761904761,0.43333333333333335,56.61904761904762,0.3333333333333333,3
Jujuy,2024,30,12.680952380952382,0.0,58.42857142857142,0.0,3
Jujuy,2024,31,12.89047619047619,0.0,52.476190476190474,0.0,3
Jujuy,2024,32,9.914285714285715,0.0,46.61904761904762,0.0,3
Jujuy,2024,33,12.290476190476191,0.0,46.857142857142854,0.0,3
Jujuy,2024,34,10.576190476190476,2.1999999999999997,60.76190476190476,0.6666666666666666,3
Jujuy,2024,35,12.833333333333334,0.0,48.42857142857142,0.0,3
Jujuy,2024,36,16.295238095238094,0.0,44.38095238095238,0.0,3
Jujuy,2024,37,16.466666666666665,0.19999999999999998,52.80952380952382,0.0,3
Jujuy,2024,38,19.51904761904762,0.0,43.57142857142858,0.0,3
Jujuy,2024,39,19.114285714285714,0.7333333333333334,53.38095238095238,0.3333333333333333,3
Jujuy,2024,40,21.185714285714287,0.0,40.047619047619044,0.0,3
Jujuy,2024,41,18.176190476190477,12.9,61.42857142857142,2.3333333333333335,3
Jujuy,2024,42,20.7,26.333333333333332,64.04761904761905,1.0,3
Jujuy,2024,43,20.34285714285714,3.3000000000000003,58.095238095238095,0.3333333333333333,3
Jujuy,2024,44,21.133333333333336,41.800000000000004,60.333333333333336,2.3333333333333335,3
Jujuy,2024,45,19.67142857142857,12.233333333333334,72.38095238095238,2.3333333333333335,3
Jujuy,2024,46,19.66190476190476,29.5,60.47619047619048,2.3333333333333335,3
Jujuy,2024,47,19.066666666666666,16.166666666666668,76.14285714285715,2.6666666666666665,3
Jujuy,2024,48,22.21904761904762,76.93333333333334,74.0,2.6666666666666665,3
Jujuy,2024,49,19.504761904761903,7.366666666666666,63.047619047619044,1.0,3
Jujuy,2024,50,19.766666666666666,1.6666666666666667,66.85714285714285,0.6666666666666666,3
Jujuy,2024,51,21.023809523809522,13.066666666666668,62.76190476190476,1.6666666666666667,3
Jujuy,2024,52,19.4047619047619,3.766666666666667,65.76190476190476,1.0,3
Jujuy,2025,1,21.023015873015872,53.9,71.05555555555556,2.6666666666666665,3
Jujuy,2025,2,18.914285714285715,22.599999999999998,78.38095238095238,5.0,3
Jujuy,2025,3,20.495238095238097,5.5,62.52380952380952,1.6666666666666667,3
Jujuy,2025,4,21.242857142857144,70.10000000000001,71.09523809523809,2.6666666666666665,3
Jujuy,2025,5,21.390476190476193,15.633333333333335,71.04761904761905,1.3333333333333333,3
Jujuy,2025,6,22.26190476190476,42.73333333333333,59.952380952380956,1.6666666666666667,3
Jujuy,2025,7,21.71428571428572,32.46666666666667,68.0,2.3333333333333335,3
Jujuy,2025,8,20.25238095238095,45.46666666666667,74.0,2.0,3
Jujuy,2025,9,21.590476190476192,41.23333333333333,69.23809523809524,2.3333333333333335,3
Jujuy,2025,10,19.328571428571426,44.26666666666667,77.47619047619047,3.3333333333333335,3
Jujuy,2025,11,16.195238095238096,57.5,83.04761904761905,3.0,3
Jujuy,2025,12,18.847619047619048,23.2,78.57142857142857,2.3333333333333335,3
Jujuy,2025,13,18.33095238095238,8.333333333333334,74.65873015873017,1.0,3
Jujuy,2025,14,14.314285714285715,4.833333333333333,75.95238095238095,1.0,3
Jujuy,2025,15,15.755555555555555,0.09999999999999999,68.96825396825398,0.0,3
Jujuy,2025,16,15.976190476190476,16.8,71.80952380952381,1.6666666666666667,3
Jujuy,2025,17,15.333333333333334,7.066666666666666,78.3809523809524,1.3333333333333333,3
Jujuy,2025,18,15.300000000000002,0.09999999999999999,75.14285714285715,0.0,3
Jujuy,2025,19,15.861904761904762,0.0,68.23809523809524,0.0,3
Jujuy,2025,20,16.06190476190476,0.0,67.6190476190476,0.0,3
Jujuy,2025,21,13.514285714285714,0.26666666666666666,69.52380952380952,0.0,3
Jujuy,2025,22,9.509523809523808,1.2333333333333334,63.714285714285715,0.3333333333333333,3
Jujuy,2025,23,10.657142857142857,0.13333333333333333,67.04761904761905,0.0,3
Jujuy,2025,24,9.528571428571428,0.0,68.57142857142857,0.0,3
Jujuy,2025,25,9.704761904761904,0.8666666666666667,64.80952380952381,0.3333333333333333,3
Jujuy,2025,26,7.133333333333333,2.6999999999999997,63.38095238095238,0.6666666666666666,3
Jujuy,2025,27,6.3619047619047615,0.3666666666666667,69.57142857142857,0.0,3
Jujuy,2025,28,12.095238095238095,1.5333333333333332,69.14285714285715,0.3333333333333333,3
Jujuy,2025,29,11.023809523809524,0.39999999999999997,62.52380952380952,0.3333333333333333,3
Jujuy,2025,30,11.36190476190476,0.26666666666666666,63.95238095238094,0.0,3
Jujuy,2025,31,12.071428571428571,0.16666666666666666,59.285714285714285,0.0,3
Jujuy,2025,32,10.17142857142857,3.9333333333333336,57.42857142857142,0.6666666666666666,3
Jujuy,2025,33,11.604761904761906,0.0,56.42857142857142,0.0,3
Jujuy,2025,34,13.161904761904763,0.0,45.38095238095238,0.0,3
Jujuy,2025,35,13.014285714285714,0.0,41.333333333333336,0.0,3
Jujuy,2025,36,11.904761904761905,2.066666666666667,57.38095238095239,0.6666666666666666,3
Jujuy,2025,37,17.138095238095236,0.0,47.61904761904762,0.0,3
Jujuy,2025,38,20.047619047619047,3.9,56.0,0.3333333333333333,3
Jujuy,2025,39,17.447619047619046,0.0,47.80952380952382,0.0,3
Jujuy,2025,40,19.242857142857144,4.833333333333333,52.38095238095238,0.6666666666666666,3
Jujuy,2025,41,17.076190476190476,0.0,45.1984126984127,0.0,3
Jujuy,2025,42,18.795238095238094,32.06666666666667,59.857142857142854,2.3333333333333335,3
Jujuy,2025,43,19.580952380952382,3.966666666666667,62.0,0.6666666666666666,3
Jujuy,2025,44,15.642857142857144,3.633333333333333,60.857142857142854,0.6666666666666666,3
Jujuy,2025,45,18.985714285714284,0.6666666666666666,58.42857142857142,0.0,3
Jujuy,2025,46,19.242857142857144,8.033333333333333,64.95238095238095,2.0,3
Jujuy,2025,47,19.7,0.0,54.333333333333336,0.0,3
Jujuy,2025,48,22.685714285714287,14.9,56.0,1.3333333333333333,3
Jujuy,2025,49,20.063492063492063,66.36666666666666,74.28571428571428,3.3333333333333335,3
Jujuy,2025,50,20.99047619047619,1.0,59.952380952380956,0.3333333333333333,3
Jujuy,2025,51,20.376190476190477,31.866666666666664,63.285714285714285,1.6666666666666667,3
Jujuy,2025,52,19.823015873015873,49.1,77.92857142857143,4.333333333333333,3
La Pampa,2018,1,24.521428571428572,6.0,40.07142857142857,0.5,2
La Pampa,2018,2,26.607142857142858,9.0,52.42857142857143,1.0,2
La Pampa,2018,3,25.58571428571429,8.55,51.42857142857143,0.5,2
La Pampa,2018,4,22.67142857142857,24.0,57.07142857142857,2.5,2
La Pampa,2018,5,26.52857142857143,0.0,57.5,0.0,2
La Pampa,2018,6,24.528571428571432,0.6000000000000001,46.5,0.0,2
La Pampa,2018,7,25.214285714285715,2.0,53.35714285714286,0.5,2
La Pampa,2018,8,21.200000000000003,10.1,65.0,1.0,2
La Pampa,2018,9,24.914285714285715,18.25,62.92857142857143,1.0,2
La Pampa,2018,10,20.72142857142857,4.5,58.57142857142857,0.5,2
La Pampa,2018,11,19.32142857142857,10.1,43.14285714285714,1.0,2
La Pampa,2018,12,16.114285714285714,1.55,56.0,0.5,2
La Pampa,2018,13,19.435714285714283,6.0,59.64285714285714,0.5,2
La Pampa,2018,14,17.85,0.7,68.28571428571428,0.0,2
La Pampa,2018,15,18.142857142857146,3.25,64.14285714285714,1.0,2
La Pampa,2018,16,20.59285714285714,11.0,74.78571428571429,1.0,2
La Pampa,2018,17,17.785714285714285,9.7,78.64285714285714,2.0,2
La Pampa,2018,18,13.67142857142857,30.849999999999998,90.35714285714286,3.0,2
La Pampa,2018,19,15.600000000000001,8.75,82.92857142857142,1.5,2
La Pampa,2018,20,11.428571428571429,3.55,73.14285714285714,1.0,2
La Pampa,2018,21,10.892857142857142,0.0,71.21428571428572,0.0,2
La Pampa,2018,22,8.42142857142857,3.4,78.92857142857142,0.5,2
La Pampa,2018,23,7.628571428571428,0.0,70.21428571428572,0.0,2
La Pampa,2018,24,4.9071428571428575,11.200000000000001,79.07142857142857,1.5,2
La Pampa,2018,25,7.942857142857143,0.0,59.64285714285714,0.0,2
La Pampa,2018,26,10.357142857142858,3.5,67.85714285714286,1.0,2
La Pampa,2018,27,5.7785714285714285,3.75,83.35714285714286,1.0,2
La Pampa,2018,28,9.314285714285713,0.0,70.0,0.0,2
La Pampa,2018,29,6.542857142857143,22.0,79.28571428571429,2.5,2
La Pampa,2018,30,7.014285714285714,13.6,77.0,1.5,2
La Pampa,2018,31,8.428571428571427,0.0,62.57142857142857,0.0,2
La Pampa,2018,32,8.407142857142858,15.5,77.28571428571428,1.0,2
La Pampa,2018,33,9.514285714285712,0.2,61.28571428571429,0.0,2
La Pampa,2018,34,9.042857142857141,0.0,47.64285714285714,0.0,2
La Pampa,2018,35,11.285714285714286,0.0,54.14285714285714,0.0,2
La Pampa,2018,36,14.092857142857143,1.75,52.35714285714286,0.5,2
La Pampa,2018,37,15.25,6.5,74.14285714285714,0.5,2
La Pampa,2018,38,17.17142857142857,0.0,48.5,0.0,2
La Pampa,2018,39,13.65,43.55,70.42857142857143,3.0,2
La Pampa,2018,40,14.628571428571428,0.0,49.14285714285714,0.0,2
La Pampa,2018,41,15.914285714285715,0.0,48.214285714285715,0.0,2
La Pampa,2018,42,17.285714285714285,62.0,67.5,3.0,2
La Pampa,2018,43,15.75,10.75,74.28571428571428,2.5,2
La Pampa,2018,44,18.128571428571426,9.15,68.85714285714286,1.5,2
La Pampa,2018,45,20.83571428571429,54.15,61.14285714285714,2.0,2
La Pampa,2018,46,16.40714285714286,36.0,66.07142857142857,2.5,2
La Pampa,2018,47,20.67857142857143,3.0,55.0,1.0,2
La Pampa,2018,48,19.971428571428575,0.0,56.07142857142857,0.0,2
La Pampa,2018,49,21.41428571428571,8.5,49.64285714285714,1.0,2
La Pampa,2018,50,22.25,93.0,57.0,3.5,2
La Pampa,2018,51,22.67142857142857,24.5,58.785714285714285,1.5,2
La Pampa,2018,52,25.47142857142857,38.6,54.5,2.5,2
La Pampa,2019,1,22.942857142857143,36.4,63.785714285714285,2.5,2
La Pampa,2019,2,20.807142857142857,80.4,62.64285714285714,3.5,2
La Pampa,2019,3,21.5,3.0,64.07142857142857,0.5,2
La Pampa,2019,4,25.40714285714286,13.35,72.57142857142857,1.0,2
La Pampa,2019,5,24.950000000000003,11.0,63.35714285714286,0.5,2
La Pampa,2019,6,23.614285714285714,0.4,67.14285714285714,0.0,2
La Pampa,2019,7,20.585714285714282,5.0,63.64285714285714,0.5,2
La Pampa,2019,8,24.114285714285714,29.75,63.642857142857146,1.5,2
La Pampa,2019,9,19.192857142857143,7.0,56.0,1.0,2
La Pampa,2019,10,19.33571428571429,1.0,66.07142857142857,0.5,2
La Pampa,2019,11,18.74285714285714,24.5,79.85714285714286,2.5,2
La Pampa,2019,12,16.385714285714286,0.95,64.85714285714286,0.0,2
La Pampa,2019,13,17.75714285714286,3.0,73.07142857142857,1.0,2
La Pampa,2019,14,19.457142857142856,0.45000000000000007,59.285714285714285,0.0,2
La Pampa,2019,15,18.09285714285714,0.1,61.142857142857146,0.0,2
La Pampa,2019,16,17.228571428571428,0.0,64.85714285714286,0.0,2
La Pampa,2019,17,15.164285714285715,20.0,77.14285714285714,1.5,2
La Pampa,2019,18,15.707142857142859,0.0,61.64285714285714,0.0,2
La Pampa,2019,19,13.128571428571428,35.5,76.42857142857143,3.0,2
La Pampa,2019,20,12.942857142857143,6.5,70.64285714285714,0.5,2
La Pampa,2019,21,9.42142857142857,7.0,76.71428571428572,0.5,2
La Pampa,2019,22,9.142857142857142,1.75,84.5,0.5,2
La Pampa,2019,23,11.12142857142857,0.0,73.71428571428571,0.0,2
La Pampa,2019,24,8.62857142857143,20.450000000000003,88.5,3.0,2
La Pampa,2019,25,9.785714285714285,1.75,77.64285714285714,0.5,2
La Pampa,2019,26,7.4,3.15,69.5,1.0,2
La Pampa,2019,27,5.642857142857142,0.0,68.57142857142857,0.0,2
La Pampa,2019,28,6.921428571428571,0.0,80.07142857142857,0.0,2
La Pampa,2019,29,9.764285714285712,0.0,66.21428571428572,0.0,2
La Pampa,2019,30,6.628571428571428,0.0,64.0,0.0,2
La Pampa,2019,31,10.107142857142858,0.0,55.92857142857143,0.0,2
La Pampa,2019,32,8.850000000000001,0.0,51.07142857142857,0.0,2
La Pampa,2019,33,7.057142857142857,0.0,63.35714285714286,0.0,2
La Pampa,2019,34,9.471428571428572,1.75,72.64285714285714,0.5,2
La Pampa,2019,35,13.7,1.0,57.85714285714286,0.5,2
La Pampa,2019,36,7.171428571428571,0.4,60.07142857142857,0.0,2
La Pampa,2019,37,11.678571428571429,5.75,69.71428571428572,0.5,2
La Pampa,2019,38,13.064285714285715,0.0,37.5,0.0,2
La Pampa,2019,39,20.392857142857142,2.35,47.785714285714285,1.0,2
La Pampa,2019,40,13.778571428571428,0.0,44.07142857142857,0.0,2
La Pampa,2019,41,18.864285714285714,1.25,39.5,0.5,2
La Pampa,2019,42,14.057142857142857,13.45,67.78571428571428,1.5,2
La Pampa,2019,43,18.457142857142856,3.5,51.28571428571429,0.5,2
La Pampa,2019,44,18.985714285714288,11.4,53.07142857142857,1.0,2
La Pampa,2019,45,21.12142857142857,2.5,44.35714285714286,0.5,2
La Pampa,2019,46,25.12142857142857,20.0,51.85714285714286,1.5,2
La Pampa,2019,47,22.785714285714285,49.0,53.14285714285714,2.5,2
La Pampa,2019,48,19.83571428571429,7.15,52.57142857142857,1.0,2
La Pampa,2019,49,21.892857142857142,4.5,45.28571428571429,0.5,2
La Pampa,2019,50,24.635714285714286,0.5,31.714285714285715,0.0,2
La Pampa,2019,51,23.55,51.5,48.92857142857143,2.0,2
La Pampa,2019,52,24.164285714285715,30.0,63.5,2.5,2
La Pampa,2020,1,24.014285714285712,31.0,69.71428571428571,2.0,2
La Pampa,2020,2,23.285714285714285,3.35,49.78571428571429,0.5,2
La Pampa,2020,3,22.492857142857144,56.5,63.714285714285715,1.5,2
La Pampa,2020,4,26.742857142857144,68.0,64.14285714285714,1.0,2
La Pampa,2020,5,23.457142857142856,23.75,60.92857142857143,1.5,2
La Pampa,2020,6,23.15,35.5,73.21428571428572,1.5,2
La Pampa,2020,7,22.771428571428572,32.9,66.28571428571428,3.0,2
La Pampa,2020,8,18.549999999999997,15.5,62.92857142857143,1.0,2
La Pampa,2020,9,23.135714285714286,0.0,55.64285714285714,0.0,2
La Pampa,2020,10,25.65714285714286,2.0,58.42857142857143,0.5,2
La Pampa,2020,11,20.221428571428575,86.9,78.21428571428572,3.5,2
La Pampa,2020,12,20.435714285714283,27.1,73.64285714285714,1.5,2
La Pampa,2020,13,21.5,36.0,78.28571428571428,1.0,2
La Pampa,2020,14,17.57857142857143,34.15,77.78571428571428,1.5,2
La Pampa,2020,15,15.092857142857142,14.5,64.07142857142857,1.0,2
La Pampa,2020,16,17.357142857142854,0.0,65.28571428571429,0.0,2
La Pampa,2020,17,17.1,35.15,70.78571428571428,1.0,2
La Pampa,2020,18,15.0,24.0,75.14285714285714,1.0,2
La Pampa,2020,19,12.7,1.0,68.42857142857142,0.5,2
La Pampa,2020,20,13.178571428571427,0.0,64.07142857142857,0.0,2
La Pampa,2020,21,12.135714285714286,0.0,69.64285714285714,0.0,2
La Pampa,2020,22,10.114285714285714,0.0,75.14285714285714,0.0,2
La Pampa,2020,23,9.142857142857142,0.0,76.85714285714286,0.0,2
La Pampa,2020,24,9.807142857142857,0.0,65.57142857142857,0.0,2
La Pampa,2020,25,9.35,0.1,71.14285714285714,0.0,2
La Pampa,2020,26,6.4785714285714295,5.4,79.0,1.0,2
La Pampa,2020,27,7.085714285714285,8.3,83.21428571428571,2.0,2
La Pampa,2020,28,6.207142857142857,0.4,74.0,0.0,2
La Pampa,2020,29,8.057142857142857,0.25,72.92857142857143,0.0,2
La Pampa,2020,30,7.692857142857143,16.35,80.85714285714286,2.0,2
La Pampa,2020,31,8.021428571428572,0.0,58.21428571428571,0.0,2
La Pampa,2020,32,12.021428571428572,0.0,71.85714285714286,0.0,2
La Pampa,2020,33,7.914285714285715,0.0,40.0,0.0,2
La Pampa,2020,34,8.571428571428573,0.0,44.0,0.0,2
La Pampa,2020,35,11.007142857142856,2.45,66.71428571428571,0.5,2
La Pampa,2020,36,9.114285714285714,17.0,65.78571428571428,1.0,2
La Pampa,2020,37,13.651190476190475,1.0,52.75,0.5,2
La Pampa,2020,38,14.607142857142858,0.0,38.85714285714286,0.0,2
La Pampa,2020,39,15.985714285714286,64.0,58.92857142857143,3.0,2
La Pampa,2020,40,12.67142857142857,1.2000000000000002,57.92857142857143,0.0,2
La Pampa,2020,41,15.149999999999999,0.0,49.85714285714286,0.0,2
La Pampa,2020,42,22.200000000000003,9.0,49.64285714285714,0.5,2
La Pampa,2020,43,15.914285714285715,17.0,74.0,2.0,2
La Pampa,2020,44,17.228571428571428,15.0,51.28571428571429,0.5,2
La Pampa,2020,45,20.99285714285714,6.5,55.214285714285715,1.5,2
La Pampa,2020,46,21.714285714285715,25.0,61.57142857142857,2.5,2
La Pampa,2020,47,22.757142857142856,0.25,48.35714285714286,0.0,2
La Pampa,2020,48,23.335714285714282,28.75,52.57142857142857,3.0,2
La Pampa,2020,49,21.45,0.0,41.85714285714286,0.0,2
La Pampa,2020,50,24.992857142857144,22.0,39.642857142857146,1.5,2
La Pampa,2020,51,23.15,8.0,44.07142857142857,1.0,2
La Pampa,2020,52,28.32142857142857,19.4,43.57142857142857,0.5,2
La Pampa,2020,53,25.6,7.75,49.21428571428571,1.0,2
La Pampa,2021,1,22.09285714285714,85.5,64.64285714285714,3.0,2
La Pampa,2021,2,21.592857142857145,51.5,59.92857142857143,3.0,2
La Pampa,2021,3,27.764285714285712,0.0,52.21428571428571,0.0,2
La Pampa,2021,4,22.92857142857143,12.45,57.0,2.0,2
La Pampa,2021,5,22.664285714285715,0.4,61.35714285714286,0.0,2
La Pampa,2021,6,21.67142857142857,8.5,68.78571428571428,0.5,2
La Pampa,2021,7,22.714285714285715,14.0,52.85714285714286,1.5,2
La Pampa,2021,8,24.114285714285714,13.5,54.64285714285714,0.5,2
La Pampa,2021,9,24.82142857142857,7.55,68.78571428571428,1.0,2
La Pampa,2021,10,22.628571428571426,19.5,62.857142857142854,2.0,2
La Pampa,2021,11,16.707142857142856,21.25,76.28571428571428,2.5,2
La Pampa,2021,12,17.628571428571426,82.2,75.78571428571428,2.0,2
La Pampa,2021,13,19.0,0.0,67.85714285714286,0.0,2
La Pampa,2021,14,19.32857142857143,71.0,78.71428571428572,4.0,2
La Pampa,2021,15,19.08571428571429,40.0,71.92857142857143,1.5,2
La Pampa,2021,16,16.3,98.5,81.21428571428571,3.5,2
La Pampa,2021,17,16.764285714285712,0.0,70.92857142857142,0.0,2
La Pampa,2021,18,10.728571428571428,2.0,68.07142857142857,0.5,2
La Pampa,2021,19,11.95,0.0,64.21428571428571,0.0,2
La Pampa,2021,20,11.372619047619047,41.95,84.77380952380952,3.5,2
La Pampa,2021,21,11.985714285714286,0.0,60.5,0.0,2
La Pampa,2021,22,11.814285714285713,3.15,69.57142857142857,1.0,2
La Pampa,2021,23,11.635714285714286,0.0,74.92857142857143,0.0,2
La Pampa,2021,24,5.578571428571428,0.0,72.07142857142857,0.0,2
La Pampa,2021,25,8.242857142857144,2.0,78.64285714285714,0.5,2
La Pampa,2021,26,7.314285714285715,0.0,58.285714285714285,0.0,2
La Pampa,2021,27,9.97857142857143,0.0,71.85714285714286,0.0,2
La Pampa,2021,28,7.064285714285714,0.0,58.35714285714286,0.0,2
La Pampa,2021,29,10.014285714285716,0.0,54.78571428571429,0.0,2
La Pampa,2021,30,7.164285714285715,0.0,53.214285714285715,0.0,2
La Pampa,2021,31,11.992857142857144,0.65,56.57142857142857,0.0,2
La Pampa,2021,32,8.864285714285714,0.0,59.285714285714285,0.0,2
La Pampa,2021,33,13.67142857142857,1.8,52.07142857142857,0.5,2
La Pampa,2021,34,11.371428571428572,0.0,42.85714285714286,0.0,2
La Pampa,2021,35,15.049999999999999,52.3,83.71428571428571,3.5,2
La Pampa,2021,36,12.335714285714285,39.75,84.0,2.5,2
La Pampa,2021,37,13.899999999999999,16.5,58.285714285714285,1.0,2
La Pampa,2021,38,14.114285714285714,1.0,63.85714285714286,0.5,2
La Pampa,2021,39,13.542857142857144,1.5,57.71428571428571,0.5,2
La Pampa,2021,40,14.542857142857141,0.35,52.78571428571429,0.0,2
La Pampa,2021,41,16.728571428571428,14.0,57.42857142857143,1.5,2
La Pampa,2021,42,19.242857142857144,2.0,47.64285714285714,0.5,2
La Pampa,2021,43,23.02857142857143,34.5,49.0,3.5,2
La Pampa,2021,44,14.728571428571428,20.75,76.5,2.0,2
La Pampa,2021,45,19.357142857142858,29.200000000000003,68.5,2.5,2
La Pampa,2021,46,20.014285714285712,0.25,49.0,0.0,2
La Pampa,2021,47,21.84285714285714,52.0,57.35714285714286,2.0,2
La Pampa,2021,48,19.47142857142857,88.8,72.42857142857143,2.5,2
La Pampa,2021,49,20.65,50.64999999999999,75.14285714285714,3.5,2
La Pampa,2021,50,22.2,57.0,63.57142857142857,3.0,2
La Pampa,2021,51,25.535714285714285,3.3,58.92857142857143,0.5,2
La Pampa,2021,52,26.057142857142857,4.5,49.92857142857143,1.0,2
La Pampa,2022,1,24.65714285714286,7.05,50.214285714285715,0.5,2
La Pampa,2022,2,28.885714285714286,10.0,46.142857142857146,1.5,2
La Pampa,2022,3,20.207142857142856,54.25,84.28571428571428,3.0,2
La Pampa,2022,4,23.642857142857142,13.25,64.14285714285714,1.5,2
La Pampa,2022,5,21.53571428571429,14.85,64.0,1.5,2
La Pampa,2022,6,19.985714285714288,17.0,63.64285714285714,0.5,2
La Pampa,2022,7,22.31428571428571,5.65,63.64285714285714,1.0,2
La Pampa,2022,8,20.65714285714286,50.0,72.5,1.5,2
La Pampa,2022,9,21.235714285714288,31.0,59.92857142857143,2.0,2
La Pampa,2022,10,18.307142857142857,9.5,65.92857142857143,1.0,2
La Pampa,2022,11,19.40714285714286,0.3,62.285714285714285,0.0,2
La Pampa,2022,12,16.04285714285714,41.25,71.64285714285714,2.0,2
La Pampa,2022,13,14.62142857142857,0.0,53.35714285714286,0.0,2
La Pampa,2022,14,19.057142857142857,65.0,64.78571428571428,2.5,2
La Pampa,2022,15,13.585714285714285,0.0,65.0,0.0,2
La Pampa,2022,16,15.7,4.05,65.14285714285714,0.5,2
La Pampa,2022,17,11.392857142857142,0.5,57.35714285714286,0.0,2
La Pampa,2022,18,14.32857142857143,0.0,65.28571428571428,0.0,2
La Pampa,2022,19,11.464285714285715,0.0,71.42857142857143,0.0,2
La Pampa,2022,20,8.635714285714286,0.0,67.71428571428572,0.0,2
La Pampa,2022,21,7.821428571428571,0.45000000000000007,70.35714285714286,0.0,2
La Pampa,2022,22,5.4714285714285715,0.0,68.21428571428571,0.0,2
La Pampa,2022,23,8.685714285714287,0.0,62.92857142857143,0.0,2
La Pampa,2022,24,7.707142857142857,0.0,62.71428571428571,0.0,2
La Pampa,2022,25,5.135714285714286,0.0,73.78571428571428,0.0,2
La Pampa,2022,26,8.428571428571429,0.0,58.78571428571429,0.0,2
La Pampa,2022,27,7.921428571428573,0.0,56.42857142857143,0.0,2
La Pampa,2022,28,6.5285714285714285,0.05,69.92857142857142,0.0,2
La Pampa,2022,29,9.35,0.0,63.42857142857143,0.0,2
La Pampa,2022,30,10.257142857142858,19.7,78.78571428571428,2.0,2
La Pampa,2022,31,9.192857142857143,4.9,77.0,1.0,2
La Pampa,2022,32,10.17142857142857,0.5,72.35714285714286,0.0,2
La Pampa,2022,33,9.785714285714285,5.5,51.214285714285715,1.0,2
La Pampa,2022,34,11.95,0.0,50.42857142857143,0.0,2
La Pampa,2022,35,12.542857142857141,0.0,40.42857142857143,0.0,2
La Pampa,2022,36,12.95,0.0,42.0,0.0,2
La Pampa,2022,37,15.392857142857142,30.200000000000003,51.35714285714286,1.5,2
La Pampa,2022,38,11.32857142857143,7.6000000000000005,67.0,1.0,2
La Pampa,2022,39,16.37857142857143,0.25,52.78571428571429,0.0,2
La Pampa,2022,40,15.528571428571428,20.8,54.714285714285715,1.5,2
La Pampa,2022,41,14.92142857142857,0.0,43.57142857142857,0.0,2
La Pampa,2022,42,15.407142857142858,8.5,66.71428571428572,2.0,2
La Pampa,2022,43,18.58571428571429,25.25,53.42857142857143,1.0,2
La Pampa,2022,44,19.507142857142856,0.0,36.78571428571429,0.0,2
La Pampa,2022,45,20.6,68.15,60.42857142857143,3.5,2
La Pampa,2022,46,21.007142857142856,41.75,65.71428571428572,4.0,2
La Pampa,2022,47,23.464285714285715,0.15,50.57142857142857,0.0,2
La Pampa,2022,48,24.87857142857143,8.5,50.92857142857143,1.0,2
La Pampa,2022,49,27.371428571428574,3.95,46.714285714285715,1.0,2
La Pampa,2022,50,24.17857142857143,2.5,39.35714285714286,0.5,2
La Pampa,2022,51,23.957142857142856,6.05,49.0,1.5,2
La Pampa,2022,52,24.91428571428571,41.5,41.857142857142854,2.0,2
La Pampa,2023,1,27.09285714285714,0.0,39.5,0.0,2
La Pampa,2023,2,25.135714285714286,11.5,48.64285714285714,1.0,2
La Pampa,2023,3,24.764285714285712,56.2,66.0,2.5,2
La Pampa,2023,4,24.957142857142856,50.3,61.0,2.5,2
La Pampa,2023,5,23.978571428571428,6.0,69.28571428571428,1.0,2
La Pampa,2023,6,28.42142857142857,4.75,54.57142857142857,0.5,2
La Pampa,2023,7,18.99285714285714,0.0,42.42857142857143,0.0,2
La Pampa,2023,8,23.857142857142858,0.0,46.285714285714285,0.0,2
La Pampa,2023,9,26.657142857142855,0.0,44.214285714285715,0.0,2
La Pampa,2023,10,24.357142857142858,31.5,69.57142857142857,3.0,2
La Pampa,2023,11,22.471428571428575,8.5,77.85714285714286,2.0,2
La Pampa,2023,12,19.0,4.0,76.71428571428572,0.5,2
La Pampa,2023,13,17.664285714285715,4.5,60.0,0.5,2
La Pampa,2023,14,20.135714285714286,40.75,72.57142857142858,1.0,2
La Pampa,2023,15,15.135714285714286,1.8000000000000003,67.71428571428572,0.5,2
La Pampa,2023,16,15.042857142857141,0.0,64.14285714285714,0.0,2
La Pampa,2023,17,17.785714285714285,1.2,68.92857142857143,0.0,2
La Pampa,2023,18,12.728571428571428,3.0,60.92857142857143,0.5,2
La Pampa,2023,19,13.97857142857143,0.0,67.42857142857142,0.0,2
La Pampa,2023,20,13.228571428571428,19.0,76.14285714285714,1.0,2
La Pampa,2023,21,12.514285714285714,3.5,83.0,1.0,2
La Pampa,2023,22,12.149999999999999,0.0,74.28571428571428,0.0,2
La Pampa,2023,23,10.857142857142858,0.0,62.28571428571429,0.0,2
La Pampa,2023,24,6.321428571428571,0.35,65.5,0.0,2
La Pampa,2023,25,10.157142857142858,13.0,88.07142857142857,2.5,2
La Pampa,2023,26,9.992857142857144,0.0,67.07142857142857,0.0,2
La Pampa,2023,27,9.935714285714287,4.5,79.21428571428572,1.0,2
La Pampa,2023,28,5.357142857142858,27.6,81.78571428571428,2.5,2
La Pampa,2023,29,7.571428571428571,0.0,66.78571428571428,0.0,2
La Pampa,2023,30,8.685714285714285,0.4,72.85714285714286,0.0,2
La Pampa,2023,31,11.407142857142858,0.0,55.14285714285714,0.0,2
La Pampa,2023,32,8.907142857142857,0.0,54.785714285714285,0.0,2
La Pampa,2023,33,9.62142857142857,8.750000000000002,68.92857142857143,2.0,2
La Pampa,2023,34,8.885714285714286,2.8,66.92857142857142,1.0,2
La Pampa,2023,35,11.471428571428572,1.0,50.14285714285714,0.5,2
La Pampa,2023,36,10.842857142857142,3.15,65.42857142857143,1.0,2
La Pampa,2023,37,14.335714285714285,0.5,41.57142857142857,0.0,2
La Pampa,2023,38,12.628571428571428,0.0,67.14285714285714,0.0,2
La Pampa,2023,39,13.564285714285713,0.95,45.42857142857143,0.5,2
La Pampa,2023,40,15.971428571428572,20.8,50.0,2.0,2
La Pampa,2023,41,16.857142857142858,2.6,39.35714285714286,0.5,2
La Pampa,2023,42,16.757142857142856,26.1,65.5,1.5,2
La Pampa,2023,43,17.814285714285717,18.2,67.0,1.5,2
La Pampa,2023,44,13.842857142857142,21.45,62.57142857142857,2.0,2
La Pampa,2023,45,19.607142857142858,27.45,50.0,1.0,2
La Pampa,2023,46,18.95,0.25,39.0,0.0,2
La Pampa,2023,47,24.035714285714285,2.0,34.57142857142857,0.5,2
La Pampa,2023,48,22.685714285714287,46.150000000000006,55.214285714285715,3.0,2
La Pampa,2023,49,20.107142857142858,33.1,66.0,2.5,2
La Pampa,2023,50,24.164285714285715,68.2,67.71428571428572,2.5,2
La Pampa,2023,51,20.07857142857143,35.150000000000006,69.0,4.0,2
La Pampa,2023,52,22.792857142857144,12.5,56.92857142857143,2.0,2
La Pampa,2024,1,24.464285714285715,15.7,65.5,1.0,2
La Pampa,2024,2,22.549999999999997,20.0,63.142857142857146,2.5,2
La Pampa,2024,3,24.29285714285714,2.5,50.5,0.5,2
La Pampa,2024,4,26.028571428571432,0.0,51.714285714285715,0.0,2
La Pampa,2024,5,28.642857142857142,0.3,48.214285714285715,0.0,2
La Pampa,2024,6,25.714285714285715,68.0,76.71428571428572,3.5,2
La Pampa,2024,7,22.07857142857143,0.0,67.64285714285714,0.0,2
La Pampa,2024,8,22.82142857142857,27.25,72.28571428571428,1.0,2
La Pampa,2024,9,22.942857142857143,1.25,69.14285714285714,0.5,2
La Pampa,2024,10,21.4,25.7,65.85714285714286,1.5,2
La Pampa,2024,11,21.535714285714285,28.8,71.85714285714286,1.5,2
La Pampa,2024,12,19.1,42.25,67.35714285714286,1.5,2
La Pampa,2024,13,21.24285714285714,30.0,68.35714285714286,1.0,2
La Pampa,2024,14,18.107142857142858,3.55,64.35714285714286,0.5,2
La Pampa,2024,15,14.057142857142857,66.80000000000001,81.57142857142858,4.5,2
La Pampa,2024,16,16.135714285714286,34.9,75.07142857142858,2.0,2
La Pampa,2024,17,12.42142857142857,2.1,71.85714285714286,0.5,2
La Pampa,2024,18,11.707142857142857,2.5,68.07142857142858,1.0,2
La Pampa,2024,19,9.628571428571428,0.4,71.5,0.0,2
La Pampa,2024,20,7.164285714285715,0.3,76.57142857142857,0.0,2
La Pampa,2024,21,7.078571428571429,0.2,74.42857142857142,0.0,2
La Pampa,2024,22,8.085714285714285,0.0,69.85714285714286,0.0,2
La Pampa,2024,23,11.385714285714286,9.75,77.21428571428572,0.5,2
La Pampa,2024,24,12.614285714285714,0.15,73.14285714285714,0.0,2
La Pampa,2024,25,9.157142857142858,8.55,78.71428571428572,1.5,2
La Pampa,2024,26,6.335714285714286,0.0,67.5,0.0,2
La Pampa,2024,27,4.957142857142857,0.0,57.214285714285715,0.0,2
La Pampa,2024,28,3.742857142857143,0.0,64.28571428571428,0.0,2
La Pampa,2024,29,8.128571428571428,0.0,69.5,0.0,2
La Pampa,2024,30,9.764285714285714,0.0,56.35714285714286,0.0,2
La Pampa,2024,31,11.228571428571428,0.0,58.42857142857143,0.0,2
La Pampa,2024,32,7.992857142857142,7.7,61.785714285714285,1.5,2
La Pampa,2024,33,10.071428571428571,0.0,61.785714285714285,0.0,2
La Pampa,2024,34,6.071428571428571,4.95,77.64285714285714,1.0,2
La Pampa,2024,35,10.707142857142857,3.5,64.64285714285714,0.5,2
La Pampa,2024,36,13.071428571428571,0.0,43.92857142857143,0.0,2
La Pampa,2024,37,13.257142857142856,3.1,48.71428571428571,0.5,2
La Pampa,2024,38,17.935714285714283,5.75,45.5,1.5,2
La Pampa,2024,39,15.47857142857143,0.35,50.92857142857143,0.0,2
La Pampa,2024,40,16.985714285714284,0.75,43.64285714285714,0.0,2
La Pampa,2024,41,16.735714285714288,0.7,65.0,0.0,2
La Pampa,2024,42,20.90714285714286,19.05,63.85714285714286,2.0,2
La Pampa,2024,43,18.557142857142857,47.35,58.5,2.5,2
La Pampa,2024,44,23.685714285714283,41.4,51.0,2.5,2
La Pampa,2024,45,19.27857142857143,17.35,63.07142857142857,2.5,2
La Pampa,2024,46,20.42857142857143,5.85,48.64285714285714,1.0,2
La Pampa,2024,47,21.385714285714286,4.199999999999999,60.85714285714286,1.0,2
La Pampa,2024,48,21.107142857142858,16.0,60.57142857142857,3.0,2
La Pampa,2024,49,19.607142857142854,6.5,46.0,1.0,2
La Pampa,2024,50,24.007142857142856,5.25,52.92857142857143,1.0,2
La Pampa,2024,51,23.442857142857143,24.15,52.14285714285714,1.5,2
La Pampa,2024,52,23.864285714285714,2.0,50.64285714285714,0.5,2
La Pampa,2025,1,26.07857142857143,12.75,45.85714285714286,1.0,2
La Pampa,2025,2,26.90714285714286,4.0,56.857142857142854,1.0,2
La Pampa,2025,3,26.371428571428574,23.6,53.214285714285715,2.5,2
La Pampa,2025,4,27.057142857142857,67.5,47.714285714285715,2.0,2
La Pampa,2025,5,26.692857142857143,4.5,57.5,1.5,2
La Pampa,2025,6,25.32142857142857,22.5,64.85714285714286,1.5,2
La Pampa,2025,7,23.857142857142858,33.25,60.285714285714285,1.5,2
La Pampa,2025,8,26.08571428571429,9.6,56.785714285714285,0.5,2
La Pampa,2025,9,23.228571428571428,66.15,80.5,2.5,2
La Pampa,2025,10,21.764285714285712,89.35,78.42857142857143,3.5,2
La Pampa,2025,11,17.978571428571428,0.0,67.64285714285714,0.0,2
La Pampa,2025,12,22.299999999999997,32.5,72.21428571428571,2.0,2
La Pampa,2025,13,17.89285714285714,58.5,84.14285714285714,3.0,2
La Pampa,2025,14,13.157142857142857,0.0,65.0,0.0,2
La Pampa,2025,15,16.507142857142856,25.25,79.21428571428572,2.0,2
La Pampa,2025,16,12.814285714285715,34.25,79.85714285714286,2.0,2
La Pampa,2025,17,15.278571428571428,5.5,73.14285714285714,0.5,2
La Pampa,2025,18,16.892857142857142,0.0,64.85714285714286,0.0,2
La Pampa,2025,19,14.664285714285715,6.9,78.28571428571428,1.0,2
La Pampa,2025,20,16.364285714285714,0.2,77.71428571428572,0.0,2
La Pampa,2025,21,12.0,0.7,70.35714285714286,0.5,2
La Pampa,2025,22,9.128571428571428,6.7,65.85714285714286,1.0,2
La Pampa,2025,23,10.8,0.15,71.57142857142857,0.0,2
La Pampa,2025,24,9.364285714285714,0.0,74.21428571428572,0.0,2
La Pampa,2025,25,9.0,0.5,61.35714285714286,0.0,2
La Pampa,2025,26,5.4,0.0,51.214285714285715,0.0,2
La Pampa,2025,27,5.421428571428571,0.0,65.78571428571428,0.0,2
La Pampa,2025,28,9.935714285714287,0.15000000000000002,84.5,0.0,2
La Pampa,2025,29,11.528571428571428,1.75,61.71428571428571,0.5,2
La Pampa,2025,30,7.5,0.0,76.0,0.0,2
La Pampa,2025,31,10.62142857142857,3.0,72.71428571428572,0.5,2
La Pampa,2025,32,9.157142857142857,0.05,60.64285714285714,0.0,2
La Pampa,2025,33,10.378571428571428,0.0,64.21428571428571,0.0,2
La Pampa,2025,34,11.7,4.65,56.5,0.5,2
La Pampa,2025,35,14.728571428571428,30.75,63.78571428571428,2.0,2
La Pampa,2025,36,10.221428571428572,0.0,59.5,0.0,2
La Pampa,2025,37,15.428571428571429,0.0,53.5,0.0,2
La Pampa,2025,38,18.442857142857143,59.25,73.64285714285714,3.0,2
La Pampa,2025,39,14.657142857142858,20.3,63.21428571428572,1.0,2
La Pampa,2025,40,18.371428571428574,0.0,58.21428571428571,0.0,2
La Pampa,2025,41,18.264285714285712,3.05,51.21428571428571,1.5,2
La Pampa,2025,42,19.950000000000003,0.9000000000000001,46.57142857142857,0.5,2
La Pampa,2025,43,19.08571428571429,18.0,58.57142857142857,3.0,2
La Pampa,2025,44,16.285714285714285,11.0,58.71428571428571,1.0,2
La Pampa,2025,45,18.135714285714286,20.6,67.42857142857143,2.0,2
La Pampa,2025,46,22.192857142857143,20.95,53.57142857142857,2.0,2
La Pampa,2025,47,21.642857142857142,0.30000000000000004,42.785714285714285,0.0,2
La Pampa,2025,48,24.1,24.1,57.0,2.5,2
La Pampa,2025,49,25.385714285714286,2.1999999999999997,46.357142857142854,0.5,2
La Pampa,2025,50,25.849999999999998,2.8,38.5,0.5,2
La Pampa,2025,51,25.06428571428571,9.2,43.35714285714286,1.0,2
La Pampa,2025,52,27.142857142857142,10.85,38.5,2.0,2
La Rioja,2018,1,27.395238095238096,0.16666666666666666,55.142857142857146,0.0,3
La Rioja,2018,2,27.64285714285714,19.599999999999998,58.76190476190476,2.0,3
La Rioja,2018,3,26.56269841269841,2.033333333333333,57.055555555555564,0.3333333333333333,3
La Rioja,2018,4,25.861904761904764,37.96666666666667,67.90476190476191,2.3333333333333335,3
La Rioja,2018,5,27.333333333333332,25.333333333333332,65.85714285714285,1.3333333333333333,3
La Rioja,2018,6,27.900000000000002,3.0,56.952380952380956,0.3333333333333333,3
La Rioja,2018,7,25.166666666666668,5.166666666666667,63.57142857142858,1.0,3
La Rioja,2018,8,24.923809523809524,19.466666666666665,66.47619047619048,2.0,3
La Rioja,2018,9,25.200793650793653,11.333333333333334,62.63492063492063,1.3333333333333333,3
La Rioja,2018,10,24.828571428571426,8.0,62.23809523809524,0.6666666666666666,3
La Rioja,2018,11,23.961904761904762,6.666666666666667,56.8095238095238,0.3333333333333333,3
La Rioja,2018,12,22.238095238095237,5.333333333333333,50.333333333333336,0.6666666666666666,3
La Rioja,2018,13,22.461904761904762,31.666666666666668,53.333333333333336,1.3333333333333333,3
La Rioja,2018,14,21.804761904761904,1.3666666666666665,66.19047619047619,0.3333333333333333,3
La Rioja,2018,15,19.552380952380954,0.0,70.11904761904762,0.0,3
La Rioja,2018,16,24.228571428571428,0.0,61.904761904761905,0.0,3
La Rioja,2018,17,22.752380952380957,0.03333333333333333,69.90476190476191,0.0,3
La Rioja,2018,18,20.185714285714283,2.6999999999999997,72.71428571428572,0.6666666666666666,3
La Rioja,2018,19,17.37142857142857,13.6,75.23809523809524,1.3333333333333333,3
La Rioja,2018,20,14.419047619047618,0.19999999999999998,73.91269841269842,0.0,3
La Rioja,2018,21,13.747619047619047,0.0,70.71428571428571,0.0,3
La Rioja,2018,22,11.769047619047619,0.3666666666666667,74.69047619047619,0.0,3
La Rioja,2018,23,9.77142857142857,0.0,67.76190476190476,0.0,3
La Rioja,2018,24,6.795238095238095,0.0,63.61904761904762,0.0,3
La Rioja,2018,25,11.228571428571428,0.0,59.38095238095238,0.0,3
La Rioja,2018,26,12.133333333333333,0.0,66.28571428571429,0.0,3
La Rioja,2018,27,7.5,13.200000000000001,86.52380952380952,3.0,3
La Rioja,2018,28,9.704761904761904,0.0,70.33333333333333,0.0,3
La Rioja,2018,29,9.404761904761905,0.0,60.76190476190476,0.0,3
La Rioja,2018,30,7.414285714285714,0.0,52.23809523809524,0.0,3
La Rioja,2018,31,11.085714285714284,0.0,58.57142857142858,0.0,3
La Rioja,2018,32,12.990476190476192,0.0,47.38095238095238,0.0,3
La Rioja,2018,33,14.80952380952381,0.0,43.333333333333336,0.0,3
La Rioja,2018,34,10.885714285714286,0.0,42.25396825396825,0.0,3
La Rioja,2018,35,15.352380952380953,2.2666666666666666,47.857142857142854,0.6666666666666666,3
La Rioja,2018,36,20.12857142857143,0.0,45.333333333333336,0.0,3
La Rioja,2018,37,19.133333333333333,11.866666666666667,64.33333333333333,1.3333333333333333,3
La Rioja,2018,38,22.833333333333332,0.0,49.285714285714285,0.0,3
La Rioja,2018,39,23.538095238095238,0.0,58.42857142857142,0.0,3
La Rioja,2018,40,19.804761904761904,0.0,47.857142857142854,0.0,3
La Rioja,2018,41,20.71904761904762,0.03333333333333333,49.476190476190474,0.0,3
La Rioja,2018,42,24.014285714285716,11.266666666666666,55.595238095238095,1.3333333333333333,3
La Rioja,2018,43,19.21904761904762,9.333333333333334,79.71428571428571,2.0,3
La Rioja,2018,44,25.814285714285717,0.0,55.333333333333336,0.0,3
La Rioja,2018,45,26.485714285714284,26.066666666666666,61.8095238095238,1.0,3
La Rioja,2018,46,24.16190476190476,0.0,51.952380952380956,0.0,3
La Rioja,2018,47,26.52857142857143,11.333333333333334,48.904761904761905,0.3333333333333333,3
La Rioja,2018,48,22.0,17.400000000000002,68.66666666666667,2.3333333333333335,3
La Rioja,2018,49,23.085714285714285,15.1,59.8095238095238,1.3333333333333333,3
La Rioja,2018,50,28.91904761904762,0.0,50.0,0.0,3
La Rioja,2018,51,25.356349206349208,6.333333333333333,55.8968253968254,0.6666666666666666,3
La Rioja,2018,52,29.604761904761904,11.866666666666667,53.095238095238095,1.3333333333333333,3
La Rioja,2019,1,26.87142857142857,14.5,63.47619047619048,0.6666666666666666,3
La Rioja,2019,2,24.57142857142857,18.133333333333333,63.52380952380952,1.3333333333333333,3
La Rioja,2019,3,23.042857142857144,10.233333333333333,68.80952380952381,1.3333333333333333,3
La Rioja,2019,4,30.28571428571429,54.833333333333336,60.047619047619044,1.6666666666666667,3
La Rioja,2019,5,26.700793650793653,33.666666666666664,71.22222222222223,3.3333333333333335,3
La Rioja,2019,6,26.585714285714285,8.0,64.04761904761905,0.6666666666666666,3
La Rioja,2019,7,23.523809523809522,0.06666666666666667,59.23809523809524,0.0,3
La Rioja,2019,8,31.06190476190476,0.0,50.38095238095238,0.0,3
La Rioja,2019,9,24.757142857142856,0.3333333333333333,62.47619047619048,0.0,3
La Rioja,2019,10,21.790476190476188,77.0,76.23809523809524,4.0,3
La Rioja,2019,11,20.476190476190478,50.300000000000004,79.14285714285715,1.3333333333333333,3
La Rioja,2019,12,20.357142857142858,0.0,69.09523809523809,0.0,3
La Rioja,2019,13,19.047619047619047,1.9666666666666668,80.42857142857143,0.6666666666666666,3
La Rioja,2019,14,21.723809523809525,26.333333333333332,70.28571428571429,1.3333333333333333,3
La Rioja,2019,15,21.14761904761905,0.0,65.42857142857143,0.0,3
La Rioja,2019,16,20.328571428571426,9.666666666666666,77.52380952380952,1.0,3
La Rioja,2019,17,15.814285714285715,1.9666666666666668,83.33333333333333,0.6666666666666666,3
La Rioja,2019,18,18.233333333333334,12.866666666666667,78.71428571428571,1.6666666666666667,3
La Rioja,2019,19,17.03333333333333,2.1666666666666665,78.85714285714285,1.0,3
La Rioja,2019,20,15.233333333333333,0.0,71.23809523809524,0.0,3
La Rioja,2019,21,10.452380952380953,3.3333333333333335,72.28571428571429,0.6666666666666666,3
La Rioja,2019,22,12.204761904761904,0.0,78.52380952380952,0.0,3
La Rioja,2019,23,12.880952380952381,0.0,73.04761904761905,0.0,3
La Rioja,2019,24,11.871428571428572,0.0,75.0,0.0,3
La Rioja,2019,25,10.076190476190476,0.0,64.09523809523809,0.0,3
La Rioja,2019,26,9.995238095238095,0.0,60.333333333333336,0.0,3
La Rioja,2019,27,8.49047619047619,0.0,66.28571428571429,0.0,3
La Rioja,2019,28,11.952380952380954,0.0,67.94444444444444,0.0,3
La Rioja,2019,29,13.723809523809523,0.6666666666666666,67.04761904761905,0.3333333333333333,3
La Rioja,2019,30,10.0,0.0,60.14285714285714,0.0,3
La Rioja,2019,31,11.904761904761905,0.0,50.80952380952382,0.0,3
La Rioja,2019,32,11.490476190476189,0.0,42.714285714285715,0.0,3
La Rioja,2019,33,12.338888888888889,0.0,47.888888888888886,0.0,3
La Rioja,2019,34,14.385714285714286,0.0,53.80952380952382,0.0,3
La Rioja,2019,35,19.514285714285716,0.0,46.61904761904762,0.0,3
La Rioja,2019,36,13.69,0.0,43.68253968253968,0.0,3
La Rioja,2019,37,16.071428571428573,5.666666666666667,57.76190476190476,0.6666666666666666,3
La Rioja,2019,38,17.14761904761905,0.0,32.80952380952381,0.0,3
La Rioja,2019,39,24.38095238095238,0.0,32.19047619047619,0.0,3
La Rioja,2019,40,19.828571428571426,0.0,40.38095238095238,0.0,3
La Rioja,2019,41,27.014285714285716,26.0,40.333333333333336,1.3333333333333333,3
La Rioja,2019,42,15.895238095238097,19.0,69.76190476190476,1.0,3
La Rioja,2019,43,25.0,0.0,44.38095238095238,0.0,3
La Rioja,2019,44,25.242857142857144,0.26666666666666666,50.952380952380956,0.0,3
La Rioja,2019,45,25.738095238095237,1.6666666666666667,53.76190476190476,0.3333333333333333,3
La Rioja,2019,46,28.976190476190478,8.733333333333333,45.47619047619048,1.0,3
La Rioja,2019,47,27.80952380952381,24.166666666666668,55.142857142857146,1.3333333333333333,3
La Rioja,2019,48,25.833333333333332,0.8333333333333334,49.857142857142854,0.3333333333333333,3
La Rioja,2019,49,24.752380952380957,12.666666666666666,50.57142857142858,2.3333333333333335,3
La Rioja,2019,50,29.023809523809522,11.0,38.285714285714285,0.3333333333333333,3
La Rioja,2019,51,27.228571428571428,0.09999999999999999,45.166666666666664,0.0,3
La Rioja,2019,52,29.03333333333333,34.666666666666664,48.61904761904762,1.0,3
La Rioja,2020,1,28.814285714285717,13.5,53.904761904761905,1.6666666666666667,3
La Rioja,2020,2,28.49047619047619,2.3333333333333335,51.904761904761905,0.3333333333333333,3
La Rioja,2020,3,29.076190476190476,8.333333333333334,52.61904761904762,0.3333333333333333,3
La Rioja,2020,4,30.19047619047619,24.277777777777782,51.333333333333336,1.3888888888888886,3
La Rioja,2020,5,27.774603174603172,3.0,49.333333333333336,0.6666666666666666,3
La Rioja,2020,6,26.757142857142856,59.1,69.33333333333333,3.0,3
La Rioja,2020,7,25.799999999999997,0.2333333333333333,65.85714285714285,0.0,3
La Rioja,2020,8,23.523809523809522,13.866666666666667,61.285714285714285,1.0,3
La Rioja,2020,9,26.5,0.6666666666666666,47.714285714285715,0.3333333333333333,3
La Rioja,2020,10,29.090476190476192,0.0,46.047619047619044,0.0,3
La Rioja,2020,11,28.22380952380952,5.666666666666667,52.904761904761905,0.3333333333333333,3
La Rioja,2020,12,24.9047619047619,2.6666666666666665,59.904761904761905,0.6666666666666666,3
La Rioja,2020,13,23.709523809523805,9.466666666666667,67.66666666666667,1.0,3
La Rioja,2020,14,21.257142857142856,4.933333333333334,73.3809523809524,0.6666666666666666,3
La Rioja,2020,15,19.433333333333334,1.0,57.476190476190474,0.3333333333333333,3
La Rioja,2020,16,20.328571428571426,0.0,55.142857142857146,0.0,3
La Rioja,2020,17,23.361904761904764,0.6666666666666666,58.47619047619048,0.3333333333333333,3
La Rioja,2020,18,19.195238095238096,0.03333333333333333,67.95238095238095,0.0,3
La Rioja,2020,19,16.152380952380952,0.0,62.476190476190474,0.0,3
La Rioja,2020,20,15.966666666666667,0.0,54.523809523809526,0.0,3
La Rioja,2020,21,14.052380952380952,1.3333333333333333,59.47619047619048,0.6666666666666666,3
La Rioja,2020,22,13.861904761904762,0.0,55.85714285714286,0.0,3
La Rioja,2020,23,10.936507936507937,0.19999999999999998,64.98412698412699,0.0,3
La Rioja,2020,24,13.195238095238096,0.0,64.85714285714285,0.0,3
La Rioja,2020,25,13.061904761904762,0.0,54.42857142857142,0.0,3
La Rioja,2020,26,10.095238095238095,0.0,63.23809523809524,0.0,3
La Rioja,2020,27,8.557142857142857,0.0,62.76190476190476,0.0,3
La Rioja,2020,28,9.414285714285713,0.0,59.52380952380952,0.0,3
La Rioja,2020,29,11.385714285714286,0.0,60.52380952380952,0.0,3
La Rioja,2020,30,9.866666666666667,0.0,58.047619047619044,0.0,3
La Rioja,2020,31,11.404761904761905,0.0,44.666666666666664,0.0,3
La Rioja,2020,32,16.7,0.0,48.857142857142854,0.0,3
La Rioja,2020,33,12.604761904761906,0.0,36.23809523809524,0.0,3
La Rioja,2020,34,11.447619047619048,0.0,39.333333333333336,0.0,3
La Rioja,2020,35,16.30952380952381,0.0,43.047619047619044,0.0,3
La Rioja,2020,36,14.085714285714285,0.0,49.214285714285715,0.0,2
La Rioja,2020,37,19.95714285714286,0.0,45.80952380952382,0.0,3
La Rioja,2020,38,19.361904761904764,0.0,32.714285714285715,0.0,3
La Rioja,2020,39,22.142857142857142,0.0,37.14285714285714,0.0,3
La Rioja,2020,40,20.557142857142857,0.0,37.42857142857143,0.0,3
La Rioja,2020,41,22.576190476190476,0.0,33.666666666666664,0.0,3
La Rioja,2020,42,25.64761904761905,0.09999999999999999,37.714285714285715,0.0,3
La Rioja,2020,43,24.814285714285717,1.0333333333333334,55.8095238095238,0.3333333333333333,3
La Rioja,2020,44,23.052380952380954,0.0,32.19047619047619,0.0,3
La Rioja,2020,45,26.133333333333336,0.0,32.23809523809524,0.0,3
La Rioja,2020,46,24.71428571428571,6.400000000000001,57.666666666666664,1.0,3
La Rioja,2020,47,23.91428571428571,7.933333333333334,51.76190476190476,1.6666666666666667,3
La Rioja,2020,48,28.390476190476193,7.333333333333333,48.714285714285715,0.3333333333333333,3
La Rioja,2020,49,23.585714285714285,29.666666666666668,57.714285714285715,2.3333333333333335,3
La Rioja,2020,50,29.00952380952381,0.0,39.85714285714286,0.0,3
La Rioja,2020,51,28.133333333333336,0.0,39.38095238095238,0.0,3
La Rioja,2020,52,29.047619047619047,31.166666666666668,45.904761904761905,1.3333333333333333,3
La Rioja,2020,53,27.614285714285714,13.466666666666669,52.38095238095238,0.6666666666666666,3
La Rioja,2021,1,25.942857142857147,13.833333333333334,58.76190476190476,1.0,3
La Rioja,2021,2,25.428571428571427,18.333333333333332,64.76190476190476,1.3333333333333333,3
La Rioja,2021,3,28.52857142857143,0.0,42.952380952380956,0.0,3
La Rioja,2021,4,26.957142857142856,30.666666666666668,56.095238095238095,2.3333333333333335,3
La Rioja,2021,5,23.49047619047619,31.333333333333332,62.904761904761905,2.3333333333333335,3
La Rioja,2021,6,23.109523809523807,55.199999999999996,67.95238095238095,3.6666666666666665,3
La Rioja,2021,7,25.114285714285714,1.6666666666666667,59.76190476190476,0.3333333333333333,3
La Rioja,2021,8,27.204761904761906,1.7,60.142857142857146,0.3333333333333333,3
La Rioja,2021,9,24.961904761904762,63.0,69.66666666666667,2.0,3
La Rioja,2021,10,24.823809523809526,17.433333333333334,65.85714285714286,1.3333333333333333,3
La Rioja,2021,11,19.599999999999998,13.466666666666667,76.52380952380953,1.3333333333333333,3
La Rioja,2021,12,20.723809523809525,1.3333333333333333,65.38095238095238,0.3333333333333333,3
La Rioja,2021,13,21.933333333333334,0.0,60.57142857142858,0.0,3
La Rioja,2021,14,21.694444444444443,2.9,73.65079365079366,0.6666666666666666,3
La Rioja,2021,15,21.807142857142857,0.0,67.07142857142857,0.0,2
La Rioja,2021,16,22.392857142857142,12.0,62.5,0.5,2
La Rioja,2021,17,18.433333333333334,0.0,62.57142857142858,0.0,3
La Rioja,2021,18,13.861904761904762,13.833333333333334,74.85714285714286,1.3333333333333333,3
La Rioja,2021,19,14.40952380952381,0.26666666666666666,70.0952380952381,0.0,3
La Rioja,2021,20,15.11904761904762,0.0,69.47619047619048,0.0,3
La Rioja,2021,21,13.157142857142858,0.0,59.80952380952382,0.0,3
La Rioja,2021,22,15.299999999999999,0.0,63.0,0.0,3
La Rioja,2021,23,13.217460317460317,0.0,74.65079365079366,0.0,3
La Rioja,2021,24,7.5285714285714285,8.200000000000001,78.14285714285715,1.0,3
La Rioja,2021,25,9.190476190476192,0.0,70.61904761904762,0.0,3
La Rioja,2021,26,8.028571428571428,0.0,54.047619047619044,0.0,3
La Rioja,2021,27,13.675396825396826,0.0,56.333333333333336,0.0,3
La Rioja,2021,28,11.785714285714286,0.0,51.19047619047618,0.0,3
La Rioja,2021,29,12.0,0.0,48.952380952380956,0.0,3
La Rioja,2021,30,9.706349206349207,0.0,45.095238095238095,0.0,3
La Rioja,2021,31,14.319047619047618,0.0,44.285714285714285,0.0,3
La Rioja,2021,32,10.576190476190476,0.0,45.142857142857146,0.0,3
La Rioja,2021,33,18.87142857142857,0.0,36.76190476190476,0.0,3
La Rioja,2021,34,14.966666666666669,0.0,30.09523809523809,0.0,3
La Rioja,2021,35,21.195238095238096,0.0,50.52380952380952,0.0,3
La Rioja,2021,36,18.11904761904762,1.8666666666666665,41.23809523809524,0.3333333333333333,3
La Rioja,2021,37,19.566666666666666,0.0,30.857142857142858,0.0,3
La Rioja,2021,38,20.276190476190475,2.4000000000000004,40.952380952380956,0.3333333333333333,3
La Rioja,2021,39,21.823809523809526,0.0,38.333333333333336,0.0,3
La Rioja,2021,40,20.099999999999998,0.0,33.61904761904762,0.0,3
La Rioja,2021,41,22.00952380952381,3.3333333333333335,37.047619047619044,0.3333333333333333,3
La Rioja,2021,42,24.26190476190476,0.0,29.42857142857143,0.0,3
La Rioja,2021,43,27.919047619047618,10.0,32.904761904761905,1.0,3
La Rioja,2021,44,20.2,2.0,53.523809523809526,0.6666666666666666,3
La Rioja,2021,45,25.638095238095236,4.333333333333333,47.0,0.3333333333333333,3
La Rioja,2021,46,25.204761904761906,0.5666666666666667,35.57142857142858,0.0,3
La Rioja,2021,47,28.266666666666666,4.066666666666667,41.8095238095238,0.6666666666666666,3
La Rioja,2021,48,26.93809523809524,1.3333333333333333,47.095238095238095,0.6666666666666666,3
La Rioja,2021,49,25.69047619047619,30.733333333333334,60.47619047619048,2.6666666666666665,3
La Rioja,2021,50,26.965079365079365,11.666666666666666,55.88095238095238,1.3333333333333333,3
La Rioja,2021,51,29.47142857142857,9.433333333333334,50.142857142857146,1.3333333333333333,3
La Rioja,2021,52,31.890476190476193,4.833333333333333,39.047619047619044,1.0,3
La Rioja,2022,1,29.585714285714285,14.433333333333332,44.047619047619044,1.0,3
La Rioja,2022,2,34.38095238095238,5.333333333333333,29.142857142857142,0.3333333333333333,3
La Rioja,2022,3,27.166666666666668,13.333333333333334,58.142857142857146,1.3333333333333333,3
La Rioja,2022,4,25.552380952380954,86.03333333333335,66.04761904761905,2.6666666666666665,3
La Rioja,2022,5,25.566666666666666,22.666666666666668,58.714285714285715,1.0,3
La Rioja,2022,6,23.985714285714284,34.833333333333336,61.333333333333336,1.6666666666666667,3
La Rioja,2022,7,26.71428571428571,9.266666666666667,58.61904761904761,1.0,3
La Rioja,2022,8,24.704761904761906,16.8,69.33333333333333,1.6666666666666667,3
La Rioja,2022,9,25.742857142857144,7.933333333333334,69.04761904761905,0.3333333333333333,3
La Rioja,2022,10,23.052380952380954,16.0,68.04761904761905,1.3333333333333333,3
La Rioja,2022,11,22.328571428571433,3.9333333333333336,61.0,0.3333333333333333,3
La Rioja,2022,12,21.138095238095236,0.0,51.42857142857142,0.0,3
La Rioja,2022,13,18.857142857142858,0.6666666666666666,49.42857142857142,0.3333333333333333,3
La Rioja,2022,14,22.257142857142856,0.0,64.71428571428571,0.0,3
La Rioja,2022,15,19.090476190476192,9.266666666666667,61.38095238095238,0.3333333333333333,3
La Rioja,2022,16,19.84285714285714,0.0,62.42857142857142,0.0,3
La Rioja,2022,17,17.847619047619048,0.0,53.19047619047618,0.0,3
La Rioja,2022,18,15.871428571428572,0.0,57.952380952380956,0.0,3
La Rioja,2022,19,17.042857142857144,1.9000000000000001,68.66666666666667,0.6666666666666666,3
La Rioja,2022,20,12.03968253968254,0.0,58.92857142857142,0.0,3
La Rioja,2022,21,13.10952380952381,0.0,66.33333333333333,0.0,3
La Rioja,2022,22,9.5,0.0,61.952380952380956,0.0,3
La Rioja,2022,23,12.195238095238096,0.03333333333333333,64.80952380952381,0.0,3
La Rioja,2022,24,10.41904761904762,0.0,53.23809523809524,0.0,3
La Rioja,2022,25,8.519047619047619,0.0,66.76190476190476,0.0,3
La Rioja,2022,26,10.4,0.0,63.42857142857142,0.0,3
La Rioja,2022,27,12.766666666666666,0.0,50.285714285714285,0.0,3
La Rioja,2022,28,8.50952380952381,0.0,53.857142857142854,0.0,3
La Rioja,2022,29,13.128571428571428,0.0,62.047619047619044,0.0,3
La Rioja,2022,30,15.527777777777777,0.0,59.93650793650793,0.0,3
La Rioja,2022,31,13.166666666666666,1.0,59.23809523809524,0.3333333333333333,3
La Rioja,2022,32,12.82857142857143,0.0,55.047619047619044,0.0,3
La Rioja,2022,33,13.0,0.0,36.61904761904762,0.0,3
La Rioja,2022,34,17.480952380952377,0.0,37.952380952380956,0.0,3
La Rioja,2022,35,15.176190476190476,0.0,34.904761904761905,0.0,3
La Rioja,2022,36,16.84285714285714,0.0,28.38095238095238,0.0,3
La Rioja,2022,37,19.123809523809523,0.0,31.76190476190476,0.0,3
La Rioja,2022,38,16.39761904761905,0.0,43.53968253968254,0.0,3
La Rioja,2022,39,17.623809523809523,27.599999999999998,59.095238095238095,2.0,3
La Rioja,2022,40,21.057142857142853,0.3333333333333333,34.38095238095238,0.0,3
La Rioja,2022,41,19.395238095238096,0.0,33.476190476190474,0.0,3
La Rioja,2022,42,20.652380952380955,0.26666666666666666,50.142857142857146,0.0,3
La Rioja,2022,43,26.604761904761904,0.0,33.23809523809524,0.0,3
La Rioja,2022,44,21.495238095238097,0.0,27.761904761904763,0.0,3
La Rioja,2022,45,25.933333333333334,6.0,41.666666666666664,1.0,3
La Rioja,2022,46,29.34285714285714,0.0,33.761904761904766,0.0,3
La Rioja,2022,47,29.56190476190476,0.0,28.952380952380953,0.0,3
La Rioja,2022,48,27.86666666666667,28.833333333333332,43.42857142857142,1.6666666666666667,3
La Rioja,2022,49,32.44761904761905,2.966666666666667,39.76190476190476,0.3333333333333333,3
La Rioja,2022,50,28.02380952380953,19.5,42.61904761904762,1.6666666666666667,3
La Rioja,2022,51,26.333333333333332,44.23333333333333,52.857142857142854,3.0,3
La Rioja,2022,52,26.546825396825398,15.861111111111109,49.523809523809526,2.0555555555555554,3
La Rioja,2023,1,29.057142857142857,3.75,39.14285714285714,1.0,2
La Rioja,2023,2,28.307142857142857,13.5,43.64285714285714,1.0,2
La Rioja,2023,3,29.992857142857144,29.25,50.714285714285715,1.5,2
La Rioja,2023,4,28.135714285714286,37.75,62.5,3.0,2
La Rioja,2023,5,27.37142857142857,28.0,63.57142857142857,1.0,2
La Rioja,2023,6,30.549999999999997,0.0,46.92857142857143,0.0,2
La Rioja,2023,7,25.0,8.0,52.14285714285714,0.5,2
La Rioja,2023,8,26.82142857142857,17.0,52.35714285714286,2.0,2
La Rioja,2023,9,28.815238095238097,3.0,47.780952380952385,1.0,3
La Rioja,2023,10,29.728571428571428,3.3333333333333335,53.23809523809524,0.6666666666666666,3
La Rioja,2023,11,28.71111111111111,3.6666666666666665,54.18253968253968,0.6666666666666666,3
La Rioja,2023,12,25.276190476190475,30.099999999999998,70.90476190476191,1.6666666666666667,3
La Rioja,2023,13,23.06190476190476,0.6666666666666666,65.90476190476191,0.3333333333333333,3
La Rioja,2023,14,23.34285714285714,0.0,66.42857142857143,0.0,3
La Rioja,2023,15,19.476190476190478,15.0,71.0,2.0,3
La Rioja,2023,16,18.27619047619048,15.333333333333334,64.6190476190476,1.3333333333333333,3
La Rioja,2023,17,19.347619047619048,0.0,71.04761904761905,0.0,3
La Rioja,2023,18,15.17142857142857,0.0,58.19047619047618,0.0,3
La Rioja,2023,19,18.37142857142857,0.0,65.42857142857143,0.0,3
La Rioja,2023,20,18.466666666666665,0.0,67.85714285714286,0.0,3
La Rioja,2023,21,16.18095238095238,7.5,79.28571428571429,1.6666666666666667,3
La Rioja,2023,22,15.071428571428571,0.0,77.0,0.0,3
La Rioja,2023,23,15.714285714285715,0.0,68.04761904761905,0.0,3
La Rioja,2023,24,8.214285714285714,0.0,60.952380952380956,0.0,3
La Rioja,2023,25,12.252380952380951,0.16666666666666666,73.71428571428571,0.0,3
La Rioja,2023,26,13.54761904761905,0.0,65.71428571428571,0.0,3
La Rioja,2023,27,15.714285714285715,0.0,68.42857142857143,0.0,3
La Rioja,2023,28,9.095238095238095,5.3,81.95238095238095,1.0,3
La Rioja,2023,29,11.55,0.0,61.42857142857143,0.0,2
La Rioja,2023,30,12.814285714285715,0.0,57.142857142857146,0.0,3
La Rioja,2023,31,18.133333333333336,0.0,53.47619047619048,0.0,3
La Rioja,2023,32,13.861904761904762,0.0,47.047619047619044,0.0,3
La Rioja,2023,33,17.052380952380954,0.0,47.952380952380956,0.0,3
La Rioja,2023,34,16.49047619047619,0.0,43.095238095238095,0.0,3
La Rioja,2023,35,17.423809523809524,0.0,38.333333333333336,0.0,3
La Rioja,2023,36,16.866666666666664,0.0,53.904761904761905,0.0,3
La Rioja,2023,37,20.585714285714285,0.0,28.61904761904762,0.0,3
La Rioja,2023,38,20.914285714285715,0.0,46.904761904761905,0.0,3
La Rioja,2023,39,20.109523809523807,0.0,39.952380952380956,0.0,3
La Rioja,2023,40,21.69047619047619,0.0,36.142857142857146,0.0,3
La Rioja,2023,41,22.42857142857143,0.0,31.28571428571429,0.0,3
La Rioja,2023,42,24.623809523809523,2.766666666666667,45.47619047619048,0.6666666666666666,3
La Rioja,2023,43,23.328571428571426,4.1000000000000005,61.047619047619044,1.3333333333333333,3
La Rioja,2023,44,20.652380952380952,0.16666666666666666,45.952380952380956,0.0,3
La Rioja,2023,45,28.623809523809523,0.0,35.238095238095234,0.0,3
La Rioja,2023,46,26.542857142857144,0.0,36.38095238095238,0.0,3
La Rioja,2023,47,27.933333333333334,11.700000000000001,46.38095238095238,1.0,3
La Rioja,2023,48,27.004761904761907,17.333333333333332,57.904761904761905,1.3333333333333333,3
La Rioja,2023,49,24.980952380952385,1.6666666666666667,54.76190476190476,0.3333333333333333,3
La Rioja,2023,50,31.55714285714286,1.7333333333333334,48.047619047619044,0.3333333333333333,3
La Rioja,2023,51,25.442857142857147,11.666666666666666,63.42857142857142,1.6666666666666667,3
La Rioja,2023,52,28.87142857142857,25.46666666666667,51.523809523809526,1.3333333333333333,3
La Rioja,2024,1,29.435714285714287,4.15,54.07142857142857,1.0,2
La Rioja,2024,2,27.728571428571428,8.7,64.07142857142857,1.0,2
La Rioja,2024,3,28.9,1.0,52.85714285714286,0.5,2
La Rioja,2024,4,29.37142857142857,0.0,44.07142857142857,0.0,2
La Rioja,2024,5,33.05714285714286,0.0,40.0,0.0,1
La Rioja,2024,6,30.214285714285715,27.0,58.714285714285715,1.0,1
La Rioja,2024,7,27.035714285714285,11.0,58.71428571428571,1.0,2
La Rioja,2024,8,26.285714285714285,21.3,64.71428571428572,1.0,2
La Rioja,2024,9,27.67142857142857,13.25,69.92857142857142,1.0,2
La Rioja,2024,10,26.42857142857143,9.333333333333334,67.76190476190476,0.3333333333333333,3
La Rioja,2024,11,29.928571428571427,11.066666666666668,62.904761904761905,1.3333333333333333,3
La Rioja,2024,12,25.576190476190476,0.0,58.8095238095238,0.0,3
La Rioja,2024,13,26.823809523809526,0.3333333333333333,55.714285714285715,0.0,3
La Rioja,2024,14,23.290476190476188,0.19999999999999998,62.19047619047618,0.0,3
La Rioja,2024,15,16.376190476190477,21.666666666666668,85.19047619047619,3.0,3
La Rioja,2024,16,19.900000000000002,0.0,62.76190476190476,0.0,3
La Rioja,2024,17,17.961904761904762,3.1333333333333333,75.47619047619048,1.0,3
La Rioja,2024,18,16.93809523809524,0.39999999999999997,66.28571428571429,0.3333333333333333,3
La Rioja,2024,19,13.847619047619048,0.0,59.52380952380952,0.0,3
La Rioja,2024,20,10.104761904761906,0.3333333333333333,66.71428571428571,0.0,3
La Rioja,2024,21,9.819047619047618,0.19999999999999998,70.33333333333333,0.0,3
La Rioja,2024,22,10.595238095238097,0.0,64.23809523809524,0.0,3
La Rioja,2024,23,13.776190476190477,0.0,59.952380952380956,0.0,3
La Rioja,2024,24,16.07777777777778,0.0,61.55555555555555,0.0,3
La Rioja,2024,25,13.638095238095238,0.0,76.14285714285715,0.0,3
La Rioja,2024,26,9.128571428571428,0.09999999999999999,59.333333333333336,0.0,3
La Rioja,2024,27,9.923809523809524,0.0,49.904761904761905,0.0,3
La Rioja,2024,28,5.128571428571429,0.0,59.904761904761905,0.0,3
La Rioja,2024,29,10.085714285714285,0.0,55.904761904761905,0.0,3
La Rioja,2024,30,13.395238095238094,0.0,48.285714285714285,0.0,3
La Rioja,2024,31,14.561904761904762,0.0,46.047619047619044,0.0,3
La Rioja,2024,32,11.771428571428572,0.0,45.857142857142854,0.0,3
La Rioja,2024,33,14.066666666666668,0.0,42.285714285714285,0.0,3
La Rioja,2024,34,10.800000000000002,0.06666666666666667,58.76190476190476,0.0,3
La Rioja,2024,35,14.066666666666668,3.0666666666666664,50.23809523809524,1.0,3
La Rioja,2024,36,19.418095238095237,0.0,34.114285714285714,0.0,3
La Rioja,2024,37,20.382857142857144,0.0,35.84761904761905,0.0,3
La Rioja,2024,38,24.93571428571429,0.0,27.571428571428573,0.0,2
La Rioja,2024,39,22.292857142857144,0.0,35.142857142857146,0.0,2
La Rioja,2024,40,25.107142857142854,0.0,30.857142857142854,0.0,2
La Rioja,2024,41,20.835714285714282,77.7,72.92857142857143,2.6666666666666665,2
La Rioja,2024,42,25.87142857142857,0.6666666666666666,61.785714285714285,0.3333333333333333,2
La Rioja,2024,43,22.121428571428574,13.166666666666666,57.64285714285714,1.0,2
La Rioja,2024,44,26.685714285714283,1.8333333333333333,50.07142857142857,0.3333333333333333,2
La Rioja,2024,45,26.32857142857143,2.1666666666666665,52.714285714285715,0.3333333333333333,2
La Rioja,2024,46,27.200000000000003,0.0,35.214285714285715,0.0,2
La Rioja,2024,47,25.714285714285715,2.8333333333333335,58.5,1.0,2
La Rioja,2024,48,26.292857142857144,8.833333333333334,67.35714285714286,1.6666666666666667,2
La Rioja,2024,49,25.42142857142857,3.3333333333333335,43.714285714285715,0.6666666666666666,2
La Rioja,2024,50,28.542857142857144,6.333333333333333,41.07142857142857,0.6666666666666666,2
La Rioja,2024,51,27.78690476190476,0.8666666666666667,44.89285714285714,0.3333333333333333,2
La Rioja,2024,52,28.685714285714283,51.1,42.78571428571429,1.1333333333333335,2
La Rioja,2025,1,30.457142857142856,8.45,43.0,1.0,2
La Rioja,2025,2,28.935714285714283,17.2,51.07142857142857,1.5,2
La Rioja,2025,3,30.42857142857143,11.5,42.35714285714286,1.0,2
La Rioja,2025,4,29.521428571428572,21.5,52.85714285714286,2.0,2
La Rioja,2025,5,28.371428571428574,40.0,60.92857142857143,1.5,2
La Rioja,2025,6,33.41428571428571,0.0,45.0,0.0,2
La Rioja,2025,7,30.87857142857143,9.700000000000001,53.714285714285715,1.0,2
La Rioja,2025,8,29.814285714285713,21.1,58.833333333333336,1.0,2
La Rioja,2025,9,29.007142857142856,39.5,64.78571428571429,2.5,2
La Rioja,2025,10,27.685714285714283,26.53333333333333,62.14285714285714,2.1333333333333333,2
La Rioja,2025,11,21.07142857142857,11.0,73.57142857142857,1.3333333333333333,2
La Rioja,2025,12,25.107142857142854,18.5,62.35714285714286,1.3333333333333333,2
La Rioja,2025,13,19.992857142857144,9.866666666666665,84.71428571428572,1.0,2
La Rioja,2025,14,16.42142857142857,1.4666666666666668,63.92857142857143,0.3333333333333333,2
La Rioja,2025,15,18.985714285714284,0.0,69.14285714285714,0.0,2
La Rioja,2025,16,20.24285714285714,4.8999999999999995,69.42857142857143,1.3333333333333333,2
La Rioja,2025,17,19.642857142857142,0.0,71.92857142857143,0.0,2
La Rioja,2025,18,19.885714285714286,0.0,67.28571428571428,0.0,2
La Rioja,2025,19,20.47142857142857,0.0,73.78571428571428,0.0,2
La Rioja,2025,20,19.685714285714287,0.0,70.35714285714286,0.0,2
La Rioja,2025,21,14.757142857142856,0.5666666666666667,71.85714285714286,0.3333333333333333,2
La Rioja,2025,22,10.307142857142857,4.166666666666667,67.71428571428572,0.6666666666666666,2
La Rioja,2025,23,13.064285714285713,0.0,72.07142857142857,0.0,2
La Rioja,2025,24,12.228571428571428,0.0,66.21428571428572,0.0,2
La Rioja,2025,25,10.92142857142857,0.0,63.5,0.0,2
La Rioja,2025,26,7.392857142857142,0.0,51.285714285714285,0.0,2
La Rioja,2025,27,7.4714285714285715,0.0,61.35714285714286,0.0,2
La Rioja,2025,28,14.278571428571428,0.0,68.28571428571428,0.0,2
La Rioja,2025,29,12.892857142857142,0.0,52.07142857142857,0.0,2
La Rioja,2025,30,11.657142857142858,3.6999999999999997,78.07142857142857,1.3333333333333333,2
La Rioja,2025,31,12.971428571428572,0.16666666666666666,67.57142857142857,0.0,2
La Rioja,2025,32,13.107142857142858,0.3333333333333333,51.85714285714286,0.0,2
La Rioja,2025,33,14.664285714285715,0.0,48.5,0.0,2
La Rioja,2025,34,14.714285714285715,1.0,43.214285714285715,0.3333333333333333,2
La Rioja,2025,35,17.042857142857144,13.433333333333332,39.285714285714285,0.6666666666666666,2
La Rioja,2025,36,13.62142857142857,1.0,52.64285714285714,0.3333333333333333,2
La Rioja,2025,37,20.37142857142857,0.0,39.714285714285715,0.0,2
La Rioja,2025,38,23.72142857142857,0.6666666666666666,55.785714285714285,0.3333333333333333,2
La Rioja,2025,39,21.09285714285714,0.0,34.42857142857143,0.0,2
La Rioja,2025,40,23.885714285714286,0.9777777777777779,42.35714285714286,0.3333333333333333,2
La Rioja,2025,41,22.457142857142856,0.0,26.07142857142857,0.0,2
La Rioja,2025,42,25.12142857142857,0.5333333333333333,38.0,0.3333333333333333,2
La Rioja,2025,43,26.007142857142856,2.0,40.214285714285715,0.3333333333333333,2
La Rioja,2025,44,18.764285714285712,3.6666666666666665,54.42857142857143,1.0555555555555556,2
La Rioja,2025,45,24.357142857142858,2.0,41.92857142857143,0.3333333333333333,2
La Rioja,2025,46,24.942857142857143,0.0,47.78571428571429,0.0,2
La Rioja,2025,47,28.1,1.6666666666666667,29.285714285714285,0.6666666666666666,2
La Rioja,2025,48,30.321428571428573,7.0,40.85714285714286,1.0,2
La Rioja,2025,49,26.457142857142856,61.11111111111111,59.92857142857143,2.0555555555555554,2
La Rioja,2025,50,26.778571428571425,7.888888888888889,52.285714285714285,1.3888888888888886,2
La Rioja,2025,51,27.735714285714288,3.9,47.714285714285715,0.3333333333333333,2
La Rioja,2025,52,27.242857142857144,17.733333333333334,62.857142857142854,1.3333333333333333,2
Mendoza,2018,1,24.314285714285713,0.0,33.371428571428574,0.0,5
Mendoza,2018,2,24.934285714285714,22.06,52.65714285714286,2.2,5
Mendoza,2018,3,23.577142857142853,3.5,48.82857142857143,0.6,5
Mendoza,2018,4,23.357142857142854,1.38,50.77142857142857,0.4,5
Mendoza,2018,5,26.168571428571433,11.4,53.94285714285714,1.4,5
Mendoza,2018,6,24.174285714285713,1.1,42.91428571428572,0.4,5
Mendoza,2018,7,24.082857142857144,3.44,49.142857142857146,0.4,5
Mendoza,2018,8,20.619999999999997,15.319999999999999,59.37142857142858,1.2,5
Mendoza,2018,9,22.434285714285714,16.759999999999998,54.114285714285714,1.6,5
Mendoza,2018,10,21.077142857142857,0.12,47.51428571428571,0.0,5
Mendoza,2018,11,18.44,0.0,38.22857142857143,0.0,5
Mendoza,2018,12,16.745714285714286,0.0,40.91428571428571,0.0,5
Mendoza,2018,13,19.034285714285712,8.879999999999999,50.42857142857143,0.6,5
Mendoza,2018,14,17.18857142857143,0.0,58.8,0.0,5
Mendoza,2018,15,15.985714285714286,0.0,56.65714285714286,0.0,5
Mendoza,2018,16,18.034285714285716,0.0,58.08571428571429,0.0,5
Mendoza,2018,17,15.440000000000001,0.0,65.2,0.0,5
Mendoza,2018,18,12.982857142857142,9.18,75.94285714285715,0.8,5
Mendoza,2018,19,13.5,8.64,76.5142857142857,1.6,5
Mendoza,2018,20,10.571428571428571,0.0,60.57142857142857,0.0,5
Mendoza,2018,21,10.325714285714287,0.0,63.028571428571425,0.0,5
Mendoza,2018,22,6.9799999999999995,5.26,73.17142857142858,1.6,5
Mendoza,2018,23,6.234285714285714,0.9199999999999999,63.171428571428564,0.2,5
Mendoza,2018,24,3.748571428571428,0.0,64.4,0.0,5
Mendoza,2018,25,8.397142857142857,0.0,54.0,0.0,5
Mendoza,2018,26,9.442857142857141,0.3,56.62857142857143,0.0,5
Mendoza,2018,27,3.1799999999999997,6.1,87.2,1.2,5
Mendoza,2018,28,7.4628571428571435,0.0,63.68571428571429,0.0,5
Mendoza,2018,29,4.671428571428572,1.3599999999999999,62.05714285714286,0.2,5
Mendoza,2018,30,4.691428571428572,0.24,54.97142857142857,0.0,5
Mendoza,2018,31,7.274285714285713,0.0,53.0,0.0,5
Mendoza,2018,32,8.548571428571428,0.13999999999999999,46.971428571428575,0.0,5
Mendoza,2018,33,9.391428571428571,0.0,44.77142857142857,0.0,5
Mendoza,2018,34,8.302857142857144,0.08,43.542857142857144,0.0,5
Mendoza,2018,35,10.857142857142858,1.56,51.114285714285714,0.2,5
Mendoza,2018,36,14.262857142857143,0.0,47.285714285714285,0.0,5
Mendoza,2018,37,14.71142857142857,1.4200000000000002,58.028571428571425,0.6,5
Mendoza,2018,38,16.762857142857143,0.44000000000000006,43.25714285714285,0.0,5
Mendoza,2018,39,14.662857142857144,3.62,57.114285714285714,0.4,5
Mendoza,2018,40,15.442857142857141,0.0,39.68571428571429,0.0,5
Mendoza,2018,41,15.334285714285716,4.5,44.6,1.0,5
Mendoza,2018,42,16.78857142857143,5.5200000000000005,58.42857142857143,1.2,5
Mendoza,2018,43,16.36857142857143,6.6800000000000015,63.74285714285713,1.0,5
Mendoza,2018,44,18.625714285714288,9.379999999999999,54.4,0.8,5
Mendoza,2018,45,20.962857142857143,9.379999999999999,52.48571428571429,1.2,5
Mendoza,2018,46,17.374285714285712,9.64,48.74285714285715,1.2,5
Mendoza,2018,47,22.32,1.7600000000000002,37.57142857142857,0.4,5
Mendoza,2018,48,18.439999999999998,7.0200000000000005,60.74285714285715,1.4,5
Mendoza,2018,49,19.954285714285714,17.78,52.885714285714286,1.8,5
Mendoza,2018,50,23.262857142857143,0.02,37.6,0.0,5
Mendoza,2018,51,22.32857142857143,3.4,43.971428571428575,0.4,5
Mendoza,2018,52,25.874285714285712,7.459999999999999,44.25714285714285,1.0,5
Mendoza,2019,1,24.61714285714286,1.2,43.4,0.4,5
Mendoza,2019,2,20.54,10.08,47.028571428571425,1.2,5
Mendoza,2019,3,20.822857142857142,9.92,57.0,1.4,5
Mendoza,2019,4,27.46,10.440000000000001,53.0,0.6,5
Mendoza,2019,5,24.905714285714286,18.7,59.57142857142857,2.0,5
Mendoza,2019,6,24.777142857142856,5.4,57.91428571428571,0.4,5
Mendoza,2019,7,21.722857142857144,1.6,48.71428571428571,0.2,5
Mendoza,2019,8,24.922857142857143,0.8,45.68571428571429,0.4,5
Mendoza,2019,9,21.222857142857144,0.4,42.28571428571429,0.2,5
Mendoza,2019,10,18.380000000000003,20.14,64.54285714285714,2.6,5
Mendoza,2019,11,17.714285714285715,11.2,66.02857142857142,1.2,5
Mendoza,2019,12,16.28857142857143,0.0,50.94285714285714,0.0,5
Mendoza,2019,13,16.919999999999998,5.12,65.85714285714286,0.6,5
Mendoza,2019,14,19.137142857142855,0.0,49.0,0.0,5
Mendoza,2019,15,17.942857142857143,0.0,48.42857142857143,0.0,5
Mendoza,2019,16,16.745714285714286,6.3,59.31428571428571,1.0,5
Mendoza,2019,17,13.111428571428572,8.92,79.62857142857142,0.8,5
Mendoza,2019,18,14.545714285714286,1.06,64.88571428571429,0.4,5
Mendoza,2019,19,13.094285714285714,5.8,69.34285714285714,0.6,5
Mendoza,2019,20,11.597142857142858,2.7,66.88571428571429,0.4,5
Mendoza,2019,21,6.74,18.16,71.34285714285714,1.0,5
Mendoza,2019,22,7.368571428571428,0.64,72.14285714285714,0.2,5
Mendoza,2019,23,9.505714285714285,0.6,66.91428571428571,0.2,5
Mendoza,2019,24,6.925714285714285,6.659999999999999,69.25714285714285,1.0,5
Mendoza,2019,25,7.7142857142857135,0.0,55.91428571428571,0.0,5
Mendoza,2019,26,6.791428571428571,0.0,53.37142857142858,0.0,5
Mendoza,2019,27,5.077142857142857,0.0,63.142857142857146,0.0,5
Mendoza,2019,28,8.065714285714286,0.0,65.6,0.0,5
Mendoza,2019,29,8.365714285714287,0.04,56.28571428571429,0.0,5
Mendoza,2019,30,6.2942857142857145,0.0,50.31428571428571,0.0,5
Mendoza,2019,31,8.825714285714286,0.0,43.42857142857143,0.0,5
Mendoza,2019,32,7.6971428571428575,0.0,37.2,0.0,5
Mendoza,2019,33,7.768571428571429,1.26,53.34285714285714,0.2,5
Mendoza,2019,34,10.02,0.0,61.91428571428571,0.0,5
Mendoza,2019,35,13.214285714285714,0.4,46.457142857142856,0.2,5
Mendoza,2019,36,7.982857142857142,0.0,48.74285714285715,0.0,5
Mendoza,2019,37,10.55142857142857,5.92,58.74285714285715,1.0,5
Mendoza,2019,38,12.32,0.0,31.771428571428572,0.0,5
Mendoza,2019,39,19.82857142857143,0.0,34.05714285714286,0.0,5
Mendoza,2019,40,12.805714285714284,0.1,38.48571428571429,0.0,5
Mendoza,2019,41,19.20285714285714,0.8400000000000001,34.857142857142854,0.2,5
Mendoza,2019,42,12.445714285714285,6.24,60.08571428571429,0.8,5
Mendoza,2019,43,19.36,0.0,35.42857142857143,0.0,5
Mendoza,2019,44,19.18285714285714,0.0,36.48571428571429,0.0,5
Mendoza,2019,45,21.845714285714287,3.8,37.457142857142856,0.4,5
Mendoza,2019,46,24.325714285714287,9.8,47.94285714285714,1.4,5
Mendoza,2019,47,22.934285714285714,9.34,54.22857142857142,1.6,5
Mendoza,2019,48,20.69142857142857,3.38,43.4,0.6,5
Mendoza,2019,49,22.194285714285712,5.6,39.142857142857146,0.6,5
Mendoza,2019,50,23.851428571428574,0.54,32.971428571428575,0.2,5
Mendoza,2019,51,24.254285714285714,0.18000000000000002,37.28571428571429,0.0,5
Mendoza,2019,52,25.41142857142857,0.2,38.71428571428571,0.0,5
Mendoza,2020,1,26.565714285714286,3.84,47.885714285714286,0.4,5
Mendoza,2020,2,24.037142857142857,4.3,39.82857142857143,0.4,5
Mendoza,2020,3,24.782857142857143,7.82,49.74285714285715,0.6,5
Mendoza,2020,4,27.877142857142854,5.88,45.2,0.8,5
Mendoza,2020,5,25.348571428571425,10.2,46.68571428571429,1.2,5
Mendoza,2020,6,22.791428571428572,40.92,65.14285714285714,3.6,5
Mendoza,2020,7,22.925714285714285,0.0,56.65714285714286,0.0,5
Mendoza,2020,8,20.759999999999998,0.0,47.142857142857146,0.0,5
Mendoza,2020,9,23.46857142857143,1.28,40.971428571428575,0.4,5
Mendoza,2020,10,26.380000000000003,0.0,47.142857142857146,0.0,5
Mendoza,2020,11,22.88857142857143,0.2,53.457142857142856,0.0,5
Mendoza,2020,12,21.351428571428574,0.2,47.94285714285714,0.0,5
Mendoza,2020,13,20.748571428571427,19.22,57.457142857142856,1.4,5
Mendoza,2020,14,17.202857142857145,3.1,67.68571428571428,0.6,5
Mendoza,2020,15,15.38857142857143,7.2,56.25714285714285,0.8,5
Mendoza,2020,16,16.785714285714285,0.0,61.77142857142858,0.0,5
Mendoza,2020,17,15.945714285714285,0.27999999999999997,61.885714285714286,0.0,5
Mendoza,2020,18,13.928571428571427,2.4,65.05714285714285,0.4,5
Mendoza,2020,19,12.448571428571428,0.0,56.68571428571429,0.0,5
Mendoza,2020,20,12.542857142857143,0.0,49.22857142857143,0.0,5
Mendoza,2020,21,10.268571428571429,4.4,63.31428571428571,0.8,5
Mendoza,2020,22,10.120000000000001,0.45999999999999996,59.885714285714286,0.2,5
Mendoza,2020,23,7.2457142857142856,8.2,68.05714285714285,1.0,5
Mendoza,2020,24,8.411428571428571,2.8,55.228571428571435,0.2,5
Mendoza,2020,25,8.391428571428571,4.0600000000000005,58.142857142857146,0.2,5
Mendoza,2020,26,4.819999999999999,0.9,70.77142857142857,0.2,5
Mendoza,2020,27,4.822857142857143,17.52,70.82857142857142,1.8,5
Mendoza,2020,28,6.08,1.4200000000000002,69.97142857142856,0.2,5
Mendoza,2020,29,7.45142857142857,0.42000000000000004,65.54285714285714,0.2,5
Mendoza,2020,30,6.1257142857142854,6.26,67.37142857142858,1.0,5
Mendoza,2020,31,7.454285714285715,0.0,51.91428571428571,0.0,5
Mendoza,2020,32,10.48,0.0,48.77142857142857,0.0,5
Mendoza,2020,33,7.888571428571429,0.0,32.6,0.0,5
Mendoza,2020,34,6.957142857142857,0.74,43.142857142857146,0.2,5
Mendoza,2020,35,9.968571428571428,1.6,48.82857142857143,0.4,5
Mendoza,2020,36,9.37142857142857,0.0,48.34285714285714,0.0,5
Mendoza,2020,37,13.674285714285713,0.0,40.31428571428572,0.0,5
Mendoza,2020,38,13.997142857142856,0.0,32.74285714285715,0.0,5
Mendoza,2020,39,16.377142857142857,1.42,39.028571428571425,0.2,5
Mendoza,2020,40,12.328571428571427,5.2,43.971428571428575,0.8,5
Mendoza,2020,41,15.577142857142857,0.0,35.65714285714286,0.0,5
Mendoza,2020,42,21.462857142857143,0.0,35.48571428571428,0.0,5
Mendoza,2020,43,18.517142857142858,1.6199999999999999,53.142857142857146,0.2,5
Mendoza,2020,44,17.731428571428573,0.0,34.971428571428575,0.0,5
Mendoza,2020,45,22.4,5.1,33.51428571428572,0.6,5
Mendoza,2020,46,20.21142857142857,41.72,58.65714285714286,1.8,5
Mendoza,2020,47,20.222857142857144,12.98,50.82857142857143,1.8,5
Mendoza,2020,48,22.542857142857144,1.08,40.05714285714286,0.4,5
Mendoza,2020,49,21.354285714285716,9.8,43.2,0.8,5
Mendoza,2020,50,24.56,0.0,32.22857142857143,0.0,5
Mendoza,2020,51,22.222857142857144,5.6,36.77142857142857,0.6,5
Mendoza,2020,52,25.517142857142858,21.6,41.0,1.0,5
Mendoza,2020,53,23.548571428571428,15.819999999999999,48.08571428571428,1.6,5
Mendoza,2021,1,21.148571428571426,27.7,58.114285714285714,1.6,5
Mendoza,2021,2,22.137142857142855,4.72,48.542857142857144,0.8,5
Mendoza,2021,3,26.774285714285714,0.0,35.22857142857143,0.0,5
Mendoza,2021,4,22.005714285714284,21.46,52.114285714285714,2.0,5
Mendoza,2021,5,20.685714285714287,24.2,57.94285714285714,1.4,5
Mendoza,2021,6,19.685714285714287,16.44,70.85714285714286,3.0,5
Mendoza,2021,7,20.231428571428573,21.7,63.65714285714286,1.4,5
Mendoza,2021,8,23.645714285714284,20.759999999999998,57.37142857142857,1.8,5
Mendoza,2021,9,24.422857142857143,3.06,61.82857142857142,0.2,5
Mendoza,2021,10,21.88857142857143,8.18,58.42857142857143,0.8,5
Mendoza,2021,11,15.228571428571428,21.82,75.94285714285715,2.6,5
Mendoza,2021,12,15.777142857142858,6.36,66.62857142857143,0.6,5
Mendoza,2021,13,18.49142857142857,0.08,65.77142857142857,0.0,5
Mendoza,2021,14,16.380000000000003,5.4399999999999995,74.85714285714286,1.2,5
Mendoza,2021,15,17.60857142857143,0.1,61.828571428571436,0.0,5
Mendoza,2021,16,15.379999999999999,22.259999999999998,74.54285714285714,0.8,5
Mendoza,2021,17,14.602857142857143,0.0,67.02857142857142,0.0,5
Mendoza,2021,18,10.117142857142856,2.8,72.14285714285714,0.4,5
Mendoza,2021,19,11.080000000000002,0.0,68.62857142857142,0.0,5
Mendoza,2021,20,10.734285714285715,14.6,71.85714285714286,1.6,5
Mendoza,2021,21,10.48,0.0,59.51428571428571,0.0,5
Mendoza,2021,22,11.617142857142857,0.0,62.2,0.0,5
Mendoza,2021,23,9.677142857142858,0.0,66.22857142857143,0.0,5
Mendoza,2021,24,3.5942857142857143,3.12,79.14285714285714,0.8,5
Mendoza,2021,25,5.34,3.4200000000000004,68.54285714285713,0.6,5
Mendoza,2021,26,5.265714285714286,0.0,57.08571428571429,0.0,5
Mendoza,2021,27,8.811428571428571,0.0,53.74285714285715,0.0,5
Mendoza,2021,28,6.44,0.0,53.25714285714285,0.0,5
Mendoza,2021,29,8.028571428571428,0.0,50.114285714285714,0.0,5
Mendoza,2021,30,5.8742857142857146,0.0,51.57142857142857,0.0,5
Mendoza,2021,31,10.580000000000002,0.1,45.4,0.0,5
Mendoza,2021,32,7.117142857142857,0.0,50.971428571428575,0.0,5
Mendoza,2021,33,11.748571428571429,5.5,48.37142857142857,0.8,5
Mendoza,2021,34,9.940000000000001,0.0,41.57142857142857,0.0,5
Mendoza,2021,35,14.974285714285713,4.5600000000000005,58.42857142857143,0.4,5
Mendoza,2021,36,12.054285714285715,12.76,53.542857142857144,1.4,5
Mendoza,2021,37,12.982857142857142,0.04,39.228571428571435,0.0,5
Mendoza,2021,38,15.771428571428572,0.0,45.17142857142857,0.0,5
Mendoza,2021,39,14.011428571428572,0.0,38.05714285714286,0.0,5
Mendoza,2021,40,13.397142857142859,6.04,49.971428571428575,1.2,5
Mendoza,2021,41,16.005714285714284,0.4,40.628571428571426,0.2,5
Mendoza,2021,42,18.645714285714284,0.0,37.31428571428571,0.0,5
Mendoza,2021,43,22.834285714285716,1.2,37.57142857142857,0.4,5
Mendoza,2021,44,16.90571428571429,6.0,53.2,1.0,5
Mendoza,2021,45,19.905714285714286,3.88,57.6,1.0,5
Mendoza,2021,46,20.554285714285715,1.0,38.628571428571426,0.2,5
Mendoza,2021,47,22.562857142857144,21.68,45.6,2.0,5
Mendoza,2021,48,20.380000000000003,8.4,59.457142857142856,0.6,5
Mendoza,2021,49,20.79714285714286,30.660000000000004,67.54285714285714,2.4,5
Mendoza,2021,50,22.505714285714284,3.8400000000000007,61.68571428571429,0.8,5
Mendoza,2021,51,26.342857142857145,5.42,47.8,0.6,5
Mendoza,2021,52,25.017142857142858,6.4,44.17142857142857,0.8,5
Mendoza,2022,1,26.32285714285714,5.0,44.8,0.6,5
Mendoza,2022,2,28.880000000000003,0.12,39.71428571428571,0.0,5
Mendoza,2022,3,20.68285714285714,4.26,57.62857142857142,0.6,5
Mendoza,2022,4,23.951428571428572,24.06,62.31428571428571,1.4,5
Mendoza,2022,5,21.505714285714284,8.6,55.542857142857144,1.4,5
Mendoza,2022,6,22.094285714285714,3.9,47.885714285714286,0.6,5
Mendoza,2022,7,23.805714285714288,5.5,43.74285714285715,0.8,5
Mendoza,2022,8,19.277142857142856,36.6,71.05714285714285,2.6,5
Mendoza,2022,9,22.137142857142855,1.0,53.771428571428565,0.2,5
Mendoza,2022,10,19.502857142857145,1.9,50.42857142857143,0.6,5
Mendoza,2022,11,19.97142857142857,0.0,50.2,0.0,5
Mendoza,2022,12,17.277142857142856,0.0,48.48571428571428,0.0,5
Mendoza,2022,13,14.974285714285713,0.0,40.371428571428574,0.0,5
Mendoza,2022,14,17.725714285714286,0.18,54.228571428571435,0.0,5
Mendoza,2022,15,14.602857142857143,0.0,54.8,0.0,5
Mendoza,2022,16,15.165714285714284,4.0,59.08571428571429,0.2,5
Mendoza,2022,17,11.657142857142857,1.8,48.71428571428571,0.2,5
Mendoza,2022,18,13.165714285714287,0.0,53.91428571428571,0.0,5
Mendoza,2022,19,12.662857142857144,0.0,60.4,0.0,5
Mendoza,2022,20,8.440000000000001,0.0,54.05714285714286,0.0,5
Mendoza,2022,21,7.185714285714286,1.34,69.02857142857144,0.6,5
Mendoza,2022,22,4.862857142857143,0.0,60.857142857142854,0.0,5
Mendoza,2022,23,8.448571428571428,0.0,54.8,0.0,5
Mendoza,2022,24,7.588571428571429,0.0,49.4,0.0,5
Mendoza,2022,25,3.502857142857143,3.5799999999999996,77.4,0.8,5
Mendoza,2022,26,6.945714285714286,2.1,56.68571428571429,0.2,5
Mendoza,2022,27,7.242857142857143,0.12,48.628571428571426,0.0,5
Mendoza,2022,28,4.505714285714285,8.6,64.17142857142858,1.6,5
Mendoza,2022,29,9.037142857142857,0.15999999999999998,55.51428571428571,0.0,5
Mendoza,2022,30,9.428571428571427,1.14,70.68571428571428,0.2,5
Mendoza,2022,31,8.065714285714286,3.2600000000000002,65.37142857142858,0.6,5
Mendoza,2022,32,7.9314285714285715,0.4,61.48571428571429,0.2,5
Mendoza,2022,33,9.385714285714286,1.3,44.2,0.2,5
Mendoza,2022,34,11.94,0.0,41.2,0.0,5
Mendoza,2022,35,11.642857142857142,0.0,35.457142857142856,0.0,5
Mendoza,2022,36,11.959999999999999,0.0,31.628571428571426,0.0,5
Mendoza,2022,37,14.182857142857141,1.3,36.22857142857143,0.2,5
Mendoza,2022,38,11.202857142857143,1.6800000000000002,51.28571428571429,0.6,5
Mendoza,2022,39,15.345714285714285,0.9,52.62857142857143,0.2,5
Mendoza,2022,40,15.934285714285716,2.08,38.34285714285714,0.6,5
Mendoza,2022,41,15.117142857142857,0.0,30.257142857142856,0.0,5
Mendoza,2022,42,14.702857142857141,27.2,61.57142857142858,2.2,5
Mendoza,2022,43,20.32,0.38,35.25714285714285,0.0,5
Mendoza,2022,44,18.65714285714286,0.0,27.257142857142856,0.0,5
Mendoza,2022,45,19.482857142857142,14.14,54.68571428571429,2.2,5
Mendoza,2022,46,23.34857142857143,2.18,43.142857142857146,0.4,5
Mendoza,2022,47,24.645714285714284,0.3,37.57142857142857,0.0,5
Mendoza,2022,48,24.768571428571427,5.6,40.4,1.0,5
Mendoza,2022,49,27.79714285714286,1.3199999999999998,32.48571428571428,0.2,5
Mendoza,2022,50,23.974285714285713,17.68,36.74285714285715,1.2,5
Mendoza,2022,51,22.842857142857145,13.419999999999998,45.65714285714286,0.6,5
Mendoza,2022,52,23.64,3.84,41.22857142857143,1.0,5
Mendoza,2023,1,25.848571428571425,3.56,37.25714285714285,0.4,5
Mendoza,2023,2,24.21142857142857,12.8,44.457142857142856,1.4,5
Mendoza,2023,3,24.79714285714286,1.8199999999999998,52.028571428571425,0.4,5
Mendoza,2023,4,25.01142857142857,10.379999999999999,50.857142857142854,1.0,5
Mendoza,2023,5,24.49142857142857,3.5,56.91428571428571,1.0,5
Mendoza,2023,6,27.562857142857144,0.6,42.02857142857143,0.2,5
Mendoza,2023,7,20.22,0.0,34.34285714285714,0.0,5
Mendoza,2023,8,23.831428571428567,0.9,39.457142857142856,0.2,5
Mendoza,2023,9,24.871428571428574,4.0,42.0,0.6,5
Mendoza,2023,10,24.068571428571428,11.2,58.71428571428571,0.6,5
Mendoza,2023,11,22.428571428571427,18.4,71.34285714285714,1.2,5
Mendoza,2023,12,20.11142857142857,5.08,73.54285714285714,0.8,5
Mendoza,2023,13,17.40285714285714,0.0,54.22857142857142,0.0,5
Mendoza,2023,14,20.30857142857143,0.0,61.05714285714286,0.0,5
Mendoza,2023,15,14.605714285714285,8.559999999999999,72.28571428571429,0.6,5
Mendoza,2023,16,14.85142857142857,0.0,54.542857142857144,0.0,5
Mendoza,2023,17,16.080000000000002,2.2,59.62857142857143,0.2,5
Mendoza,2023,18,11.422857142857143,0.0,53.71428571428571,0.0,5
Mendoza,2023,19,14.022857142857143,0.0,58.37142857142858,0.0,5
Mendoza,2023,20,12.94857142857143,5.1,64.14285714285714,0.2,5
Mendoza,2023,21,11.557142857142857,0.45999999999999996,65.02857142857144,0.0,5
Mendoza,2023,22,10.837142857142856,0.22000000000000003,66.8,0.0,5
Mendoza,2023,23,10.362857142857143,2.0,57.542857142857144,0.2,5
Mendoza,2023,24,4.668571428571428,0.0,59.42857142857142,0.0,5
Mendoza,2023,25,8.545714285714286,4.6,73.8,0.6,5
Mendoza,2023,26,9.265714285714285,0.0,55.37142857142857,0.0,5
Mendoza,2023,27,9.385714285714286,0.07999999999999999,62.114285714285714,0.0,5
Mendoza,2023,28,5.1657142857142855,2.16,75.74285714285715,0.8,5
Mendoza,2023,29,7.954285714285715,2.6,58.05714285714286,0.2,5
Mendoza,2023,30,9.440000000000001,0.0,52.62857142857142,0.0,5
Mendoza,2023,31,12.81142857142857,0.0,47.51428571428571,0.0,5
Mendoza,2023,32,9.19142857142857,0.0,43.0,0.0,5
Mendoza,2023,33,11.397142857142857,3.8,50.171428571428564,0.2,5
Mendoza,2023,34,8.125714285714286,27.24,65.74285714285715,0.6,5
Mendoza,2023,35,11.551428571428572,0.06,45.28571428571429,0.0,5
Mendoza,2023,36,10.625714285714286,6.0,63.4,1.4,5
Mendoza,2023,37,13.774285714285714,1.1,38.31428571428571,0.2,5
Mendoza,2023,38,13.848571428571427,0.0,51.74285714285715,0.0,5
Mendoza,2023,39,13.81142857142857,0.1,40.542857142857144,0.0,5
Mendoza,2023,40,15.537142857142857,1.56,37.171428571428564,0.4,5
Mendoza,2023,41,16.60285714285714,0.0,32.4,0.0,5
Mendoza,2023,42,18.245714285714286,4.779999999999999,43.542857142857144,1.4,5
Mendoza,2023,43,18.405714285714286,2.6399999999999997,51.37142857142858,0.6,5
Mendoza,2023,44,14.234285714285715,12.1,49.17142857142857,0.6,5
Mendoza,2023,45,20.214285714285715,0.2,33.08571428571429,0.0,5
Mendoza,2023,46,19.285714285714285,0.0,27.571428571428573,0.0,5
Mendoza,2023,47,23.222857142857144,2.12,36.114285714285714,0.4,5
Mendoza,2023,48,22.82857142857143,4.4799999999999995,38.6,0.8,5
Mendoza,2023,49,22.18285714285714,8.14,42.48571428571429,0.8,5
Mendoza,2023,50,26.914285714285718,0.19999999999999998,37.457142857142856,0.0,5
Mendoza,2023,51,20.805714285714284,11.4,53.68571428571429,1.0,5
Mendoza,2023,52,25.465714285714288,3.0,40.71428571428571,0.4,5
Mendoza,2024,1,25.9,3.72,45.05714285714286,0.4,5
Mendoza,2024,2,23.98,8.4,51.48571428571429,1.4,5
Mendoza,2024,3,25.454285714285714,12.1,39.31428571428572,1.2,5
Mendoza,2024,4,27.728571428571428,1.86,42.57142857142857,0.2,5
Mendoza,2024,5,28.245714285714286,4.72,42.6,1.0,5
Mendoza,2024,6,26.134285714285717,18.360000000000003,58.457142857142856,1.6,5
Mendoza,2024,7,25.00857142857143,6.5200000000000005,48.22857142857143,0.6,5
Mendoza,2024,8,23.771428571428572,10.959999999999999,55.68571428571429,1.2,5
Mendoza,2024,9,23.908571428571427,3.8200000000000003,58.74285714285715,0.6,5
Mendoza,2024,10,23.220000000000002,3.8,58.0,0.2,5
Mendoza,2024,11,22.771428571428572,0.04,56.885714285714286,0.0,5
Mendoza,2024,12,20.697142857142858,3.66,48.94285714285714,0.4,5
Mendoza,2024,13,22.24857142857143,4.16,51.2,0.6,5
Mendoza,2024,14,18.84857142857143,0.08,51.34285714285714,0.0,5
Mendoza,2024,15,13.133809523809523,24.119999999999997,70.73333333333333,1.8,5
Mendoza,2024,16,15.83142857142857,0.82,64.22857142857143,0.2,5
Mendoza,2024,17,12.911428571428573,0.13999999999999999,64.05714285714285,0.0,5
Mendoza,2024,18,11.19142857142857,0.0,53.62857142857142,0.0,5
Mendoza,2024,19,8.962857142857143,5.7,60.28571428571429,0.4,5
Mendoza,2024,20,6.374285714285714,1.86,70.4857142857143,0.4,5
Mendoza,2024,21,6.171428571428571,11.24,79.77142857142857,2.2,5
Mendoza,2024,22,7.574285714285715,0.0,70.74285714285715,0.0,5
Mendoza,2024,23,9.459999999999999,0.0,62.25714285714285,0.0,5
Mendoza,2024,24,11.222857142857142,1.4,59.8,0.4,5
Mendoza,2024,25,8.494285714285713,1.6800000000000002,67.62857142857143,0.6,5
Mendoza,2024,26,6.005714285714285,0.33999999999999997,54.65714285714286,0.2,5
Mendoza,2024,27,5.6257142857142854,0.0,46.8,0.0,5
Mendoza,2024,28,2.8057142857142856,0.0,56.17142857142858,0.0,5
Mendoza,2024,29,6.68,1.26,51.6,0.2,5
Mendoza,2024,30,9.505714285714287,0.0,43.05714285714286,0.0,5
Mendoza,2024,31,9.617142857142856,0.0,45.542857142857144,0.0,5
Mendoza,2024,32,7.5200000000000005,2.52,52.31428571428571,0.4,5
Mendoza,2024,33,10.077142857142857,2.48,50.4,0.4,5
Mendoza,2024,34,5.262857142857143,5.5200000000000005,71.5142857142857,0.6,5
Mendoza,2024,35,10.685714285714287,9.48,58.6,1.0,5
Mendoza,2024,36,13.354285714285714,0.0,37.4,0.0,5
Mendoza,2024,37,14.108571428571429,0.0,37.48571428571428,0.0,5
Mendoza,2024,38,17.854285714285716,0.0,26.485714285714288,0.0,5
Mendoza,2024,39,15.88,0.0,34.2,0.0,5
Mendoza,2024,40,17.10857142857143,0.0,33.48571428571429,0.0,5
Mendoza,2024,41,15.497142857142856,62.14,65.02857142857144,2.6,5
Mendoza,2024,42,21.051428571428573,0.0,53.457142857142856,0.0,5
Mendoza,2024,43,17.677142857142858,20.580000000000002,52.542857142857144,2.0,5
Mendoza,2024,44,23.402857142857144,0.7,39.285714285714285,0.2,5
Mendoza,2024,45,21.005714285714287,0.4,44.457142857142856,0.2,5
Mendoza,2024,46,21.702857142857145,0.18000000000000002,33.31428571428571,0.0,5
Mendoza,2024,47,22.245714285714286,1.06,51.68571428571429,0.2,5
Mendoza,2024,48,21.61142857142857,0.44000000000000006,38.8,0.2,5
Mendoza,2024,49,20.44857142857143,0.0,33.885714285714286,0.0,5
Mendoza,2024,50,24.917142857142856,0.82,32.971428571428575,0.4,5
Mendoza,2024,51,24.38857142857143,7.4,43.542857142857144,1.0,5
Mendoza,2024,52,25.725714285714286,2.44,34.22857142857143,0.6,5
Mendoza,2025,1,26.634285714285717,5.4,44.74285714285715,0.8,5
Mendoza,2025,2,25.482857142857142,20.54,51.71428571428571,1.6,5
Mendoza,2025,3,26.32,9.92,42.885714285714286,1.0,5
Mendoza,2025,4,26.402857142857147,3.04,42.68571428571429,0.8,5
Mendoza,2025,5,27.014285714285716,15.080000000000002,49.371428571428574,1.0,5
Mendoza,2025,6,27.48857142857143,2.0,44.4,0.4,5
Mendoza,2025,7,25.54,3.5,39.142857142857146,0.4,5
Mendoza,2025,8,26.377142857142854,3.72,40.68571428571429,0.8,5
Mendoza,2025,9,24.565714285714286,5.92,61.028571428571425,0.4,5
Mendoza,2025,10,21.965714285714284,16.28,64.25714285714285,1.8,5
Mendoza,2025,11,19.10857142857143,0.6799999999999999,58.114285714285714,0.2,5
Mendoza,2025,12,21.02285714285714,6.88,56.457142857142856,1.0,5
Mendoza,2025,13,16.085714285714285,7.0200000000000005,72.25714285714285,1.0,5
Mendoza,2025,14,13.248571428571427,0.0,51.457142857142856,0.0,5
Mendoza,2025,15,14.685714285714287,2.7399999999999998,66.2,0.4,5
Mendoza,2025,16,14.86,0.54,66.25714285714285,0.2,5
Mendoza,2025,17,14.891428571428571,0.56,62.2,0.2,5
Mendoza,2025,18,15.368571428571428,0.0,56.971428571428575,0.0,5
Mendoza,2025,19,13.797142857142855,0.4,58.48571428571429,0.0,5
Mendoza,2025,20,14.668571428571429,0.08,60.02857142857143,0.0,5
Mendoza,2025,21,10.482857142857142,0.0,57.74285714285715,0.0,5
Mendoza,2025,22,7.691428571428571,9.96,64.77142857142857,0.8,5
Mendoza,2025,23,10.454285714285714,0.0,57.82857142857142,0.0,5
Mendoza,2025,24,8.474285714285715,0.0,63.51428571428571,0.0,5
Mendoza,2025,25,8.0,0.0,53.17142857142858,0.0,5
Mendoza,2025,26,4.014285714285714,1.8199999999999998,54.94285714285714,0.4,5
Mendoza,2025,27,4.465714285714286,0.0,62.885714285714286,0.0,5
Mendoza,2025,28,8.062857142857144,0.0,62.31428571428571,0.0,5
Mendoza,2025,29,9.422857142857143,0.27999999999999997,47.91428571428571,0.2,5
Mendoza,2025,30,6.817142857142857,1.9600000000000002,69.05714285714285,0.4,5
Mendoza,2025,31,8.484761904761905,4.54,69.06666666666666,0.4,5
Mendoza,2025,32,8.657142857142857,3.2600000000000002,61.0,0.4,5
Mendoza,2025,33,11.288571428571428,0.52,58.4,0.2,5
Mendoza,2025,34,10.405714285714286,7.8,51.114285714285714,0.6,5
Mendoza,2025,35,12.460952380952381,63.42,46.51904761904761,2.2,5
Mendoza,2025,36,9.322857142857142,0.0,60.25714285714285,0.0,5
Mendoza,2025,37,14.991428571428571,0.0,42.51428571428571,0.0,5
Mendoza,2025,38,17.02285714285714,0.9199999999999999,48.8,0.2,5
Mendoza,2025,39,15.065714285714284,2.1399999999999997,43.42857142857143,0.2,5
Mendoza,2025,40,18.745714285714286,0.1,42.22857142857143,0.0,5
Mendoza,2025,41,17.34857142857143,0.0,30.97142857142857,0.0,5
Mendoza,2025,42,19.222857142857144,0.0,36.0,0.0,5
Mendoza,2025,43,19.38857142857143,0.5599999999999999,40.68571428571429,0.2,5
Mendoza,2025,44,14.8,2.1399999999999997,50.6,0.6,5
Mendoza,2025,45,17.974285714285713,27.74,54.97142857142857,2.0,5
Mendoza,2025,46,21.18857142857143,2.9,45.17142857142857,0.6,5
Mendoza,2025,47,23.38857142857143,0.0,29.771428571428572,0.0,5
Mendoza,2025,48,24.042857142857144,7.3,47.457142857142856,1.0,5
Mendoza,2025,49,23.731428571428573,8.12,48.82857142857143,1.4,5
Mendoza,2025,50,23.574285714285715,2.8,41.142857142857146,0.6,5
Mendoza,2025,51,24.31142857142857,1.4,34.0,0.2,5
Mendoza,2025,52,25.237142857142857,1.8399999999999999,36.714285714285715,0.4,5
Misiones,2018,1,24.957142857142856,41.075,71.39285714285714,2.25,4
Misiones,2018,2,24.239285714285714,122.75,82.78571428571428,3.75,4
Misiones,2018,3,24.28214285714286,114.55,86.25,4.25,4
Misiones,2018,4,24.839285714285715,64.125,82.42857142857143,4.0,4
Misiones,2018,5,26.339285714285715,0.75,66.25,0.25,4
Misiones,2018,6,26.442857142857143,36.75,70.03571428571429,2.5,4
Misiones,2018,7,23.882142857142856,18.25,73.28571428571429,1.25,4
Misiones,2018,8,23.61785714285714,28.95,76.07142857142857,1.75,4
Misiones,2018,9,25.17202380952381,67.19999999999999,79.76785714285714,3.6666666666666665,4
Misiones,2018,10,24.78333333333333,6.625,71.92857142857143,0.5,4
Misiones,2018,11,25.38809523809524,72.5,77.96428571428572,2.75,4
Misiones,2018,12,22.79642857142857,111.175,80.1547619047619,3.25,4
Misiones,2018,13,21.746428571428574,97.925,86.5,3.5,4
Misiones,2018,14,22.78690476190476,0.0,72.45238095238095,0.0,4
Misiones,2018,15,24.38392857142857,1.15,73.76785714285714,0.25,4
Misiones,2018,16,24.07261904761905,6.125,72.55952380952381,0.5,4
Misiones,2018,17,24.986309523809524,0.0,71.4047619047619,0.0,4
Misiones,2018,18,24.350595238095238,7.0,71.82142857142857,1.5,4
Misiones,2018,19,21.161309523809525,17.316666666666666,75.71428571428571,1.0416666666666665,4
Misiones,2018,20,17.663690476190474,69.825,82.98214285714286,3.0,4
Misiones,2018,21,15.8375,0.0,72.69642857142857,0.0,4
Misiones,2018,22,17.53392857142857,29.53333333333333,76.23214285714286,2.333333333333333,4
Misiones,2018,23,13.092857142857143,3.75,77.80952380952381,0.75,4
Misiones,2018,24,12.13452380952381,13.375,78.375,0.7916666666666666,4
Misiones,2018,25,18.41547619047619,10.208333333333334,74.18452380952381,1.0416666666666665,4
Misiones,2018,26,17.376190476190477,41.0,86.9047619047619,3.5,4
Misiones,2018,27,18.373214285714283,3.866666666666667,82.60714285714286,0.5,4
Misiones,2018,28,14.89047619047619,0.3333333333333333,73.52380952380953,0.0,3
Misiones,2018,29,18.52857142857143,14.333333333333334,70.33333333333333,1.3333333333333333,3
Misiones,2018,30,15.191071428571428,8.925,82.9702380952381,1.3333333333333333,4
Misiones,2018,31,13.500595238095238,3.1958333333333333,77.3452380952381,0.5,4
Misiones,2018,32,13.433333333333334,9.833333333333334,72.96428571428571,1.2916666666666665,4
Misiones,2018,33,18.96309523809524,12.725,67.43452380952381,0.7916666666666666,4
Misiones,2018,34,11.810714285714285,42.625,79.44047619047619,2.333333333333333,4
Misiones,2018,35,19.657738095238095,66.275,67.06547619047619,3.0,4
Misiones,2018,36,18.495833333333334,5.083333333333333,63.61904761904762,0.7916666666666666,4
Misiones,2018,37,20.120238095238093,23.866666666666667,73.11309523809524,2.375,4
Misiones,2018,38,22.30357142857143,21.854166666666668,73.60119047619048,1.0416666666666665,4
Misiones,2018,39,21.791666666666668,91.58333333333334,80.99404761904762,4.166666666666666,4
Misiones,2018,40,19.86309523809524,56.766666666666666,78.92857142857143,3.083333333333333,4
Misiones,2018,41,21.227380952380955,106.4875,85.88690476190476,3.875,4
Misiones,2018,42,22.183333333333337,87.1,77.06547619047619,1.6,4
Misiones,2018,43,20.88357142857143,30.725,79.19285714285715,3.2,4
Misiones,2018,44,22.457142857142856,134.125,77.82142857142857,4.0,4
Misiones,2018,45,25.446428571428573,0.29166666666666663,64.24404761904762,0.0,4
Misiones,2018,46,25.101190476190478,107.14583333333333,69.92261904761905,3.333333333333333,4
Misiones,2018,47,23.645833333333332,58.333333333333336,70.30357142857143,2.083333333333333,4
Misiones,2018,48,23.994642857142857,28.933333333333334,74.9047619047619,2.625,4
Misiones,2018,49,22.71547619047619,0.0,53.714285714285715,0.0,4
Misiones,2018,50,27.777380952380952,11.7,63.595238095238095,1.5,4
Misiones,2018,51,25.695238095238096,74.44999999999999,77.76785714285714,3.5,4
Misiones,2018,52,27.10892857142857,38.85,73.20238095238095,1.2916666666666665,4
Misiones,2019,1,27.34583333333333,23.208333333333332,78.58928571428571,1.7916666666666665,4
Misiones,2019,2,25.08571428571429,42.233333333333334,80.28571428571429,2.6666666666666665,3
Misiones,2019,3,25.599999999999998,42.96666666666667,79.52380952380952,3.0,3
Misiones,2019,4,27.919047619047618,4.166666666666667,70.33333333333333,1.0,3
Misiones,2019,5,27.728571428571428,25.099999999999998,68.38095238095238,1.6666666666666667,3
Misiones,2019,6,26.301785714285714,10.0,69.10714285714286,1.75,4
Misiones,2019,7,23.54047619047619,80.12083333333334,81.70833333333334,3.625,4
Misiones,2019,8,26.791071428571428,24.0,71.61904761904762,1.75,4
Misiones,2019,9,22.845238095238095,45.16666666666667,68.89880952380952,1.0416666666666665,4
Misiones,2019,10,23.946428571428573,191.625,82.01785714285714,3.9166666666666665,4
Misiones,2019,11,22.76904761904762,95.825,88.22619047619048,5.0,4
Misiones,2019,12,22.038690476190478,8.295833333333334,79.06547619047619,0.5,4
Misiones,2019,13,23.623214285714283,0.0,70.48214285714286,0.0,4
Misiones,2019,14,22.154761904761905,78.97083333333333,87.39880952380952,2.0416666666666665,4
Misiones,2019,15,23.08452380952381,0.0,77.1547619047619,0.0,4
Misiones,2019,16,22.25,76.25,81.7202380952381,2.5,4
Misiones,2019,17,21.93392857142857,85.575,88.83928571428572,4.0,4
Misiones,2019,18,21.708928571428572,35.65833333333333,86.33333333333333,2.083333333333333,4
Misiones,2019,19,20.073809523809523,186.875,92.53571428571429,5.458333333333334,4
Misiones,2019,20,17.86190476190476,1.0916666666666668,82.81547619047619,0.25,4
Misiones,2019,21,17.34880952380952,63.25,89.68452380952381,4.0,4
Misiones,2019,22,18.567857142857143,64.175,91.70833333333333,3.625,4
Misiones,2019,23,17.425,0.025,77.70238095238095,0.0,4
Misiones,2019,24,22.17142857142857,0.0,72.61309523809524,0.0,4
Misiones,2019,25,19.591666666666665,4.425,76.64880952380952,0.5416666666666666,4
Misiones,2019,26,18.726190476190478,26.3,75.30952380952381,2.083333333333333,4
Misiones,2019,27,10.382738095238095,9.020833333333334,77.16666666666667,1.2916666666666665,4
Misiones,2019,28,17.922619047619047,8.583333333333332,69.01785714285714,1.2916666666666665,4
Misiones,2019,29,15.691071428571428,13.8,75.85119047619048,1.0833333333333333,4
Misiones,2019,30,15.12440476190476,57.0,85.30952380952381,2.625,4
Misiones,2019,31,16.04940476190476,14.883333333333333,73.76190476190476,1.8333333333333333,4
Misiones,2019,32,18.008333333333333,14.483333333333334,74.67857142857143,1.3333333333333333,4
Misiones,2019,33,17.423809523809524,1.0416666666666665,64.19047619047619,0.25,4
Misiones,2019,34,16.57142857142857,1.0,66.33333333333333,0.3333333333333333,3
Misiones,2019,35,20.839285714285715,35.25,68.625,2.625,4
Misiones,2019,36,19.226785714285715,1.5,62.875,0.25,4
Misiones,2019,37,22.35,7.458333333333333,70.96428571428572,1.0416666666666665,4
Misiones,2019,38,20.14464285714286,22.125,71.78571428571428,1.2916666666666665,4
Misiones,2019,39,21.94702380952381,0.0,56.61904761904762,0.0,4
Misiones,2019,40,23.541666666666664,51.05,71.875,3.6666666666666665,4
Misiones,2019,41,26.226785714285715,7.5,57.25595238095238,1.0416666666666665,4
Misiones,2019,42,21.82202380952381,50.85,83.74404761904762,3.9166666666666665,4
Misiones,2019,43,22.451785714285712,25.45,65.48809523809524,1.2916666666666665,4
Misiones,2019,44,26.572619047619046,69.625,71.73214285714286,2.875,4
Misiones,2019,45,24.63452380952381,53.041666666666664,81.72619047619048,2.583333333333333,4
Misiones,2019,46,24.085119047619045,42.858333333333334,70.08333333333334,1.5416666666666665,4
Misiones,2019,47,27.31666666666667,0.5,63.01190476190476,0.25,4
Misiones,2019,48,23.972619047619048,92.2,78.25,2.25,4
Misiones,2019,49,23.246428571428574,43.375,67.33333333333333,1.7916666666666665,4
Misiones,2019,50,25.54047619047619,53.55,75.39880952380952,3.083333333333333,4
Misiones,2019,51,23.352380952380955,35.79166666666667,78.05357142857143,1.5416666666666665,4
Misiones,2019,52,27.669642857142854,12.416666666666666,62.166666666666664,0.5416666666666666,4
Misiones,2020,1,26.639285714285712,22.0,72.19047619047619,1.5,4
Misiones,2020,2,27.06857142857143,61.88333333333333,77.45714285714286,2.875,4
Misiones,2020,3,25.750595238095237,81.70833333333333,80.33333333333333,2.875,4
Misiones,2020,4,24.94761904761905,53.291666666666664,76.16071428571428,2.583333333333333,4
Misiones,2020,5,25.475595238095238,92.875,75.51785714285714,2.95,4
Misiones,2020,6,27.204761904761906,7.266666666666667,71.0,0.6666666666666666,3
Misiones,2020,7,25.071428571428573,54.63333333333333,73.23809523809524,2.0,3
Misiones,2020,8,23.919047619047618,23.666666666666668,70.33333333333333,1.0,3
Misiones,2020,9,23.542857142857144,54.666666666666664,69.80952380952381,1.6666666666666667,3
Misiones,2020,10,24.965476190476192,1.75,64.33333333333333,0.5,4
Misiones,2020,11,28.590476190476192,0.5,58.636904761904766,0.25,4
Misiones,2020,12,24.67797619047619,53.25,72.98809523809524,1.8333333333333333,4
Misiones,2020,13,24.82142857142857,9.275,67.32738095238096,1.0,4
Misiones,2020,14,23.379761904761907,49.1,74.66071428571428,2.5,4
Misiones,2020,15,18.473214285714285,23.208333333333332,69.76190476190476,1.0416666666666665,4
Misiones,2020,16,18.273809523809526,8.958333333333334,69.375,0.7916666666666666,4
Misiones,2020,17,23.452380952380953,2.25,64.95833333333333,0.5,4
Misiones,2020,18,21.916071428571428,3.2708333333333335,69.77380952380952,0.5,4
Misiones,2020,19,16.64047619047619,39.583333333333336,74.25,1.5833333333333333,4
Misiones,2020,20,17.770238095238096,32.32083333333333,76.35714285714286,2.0416666666666665,4
Misiones,2020,21,18.174404761904764,92.0,80.29166666666667,3.5,4
Misiones,2020,22,16.05654761904762,5.25,74.48809523809524,0.75,4
Misiones,2020,23,13.63452380952381,70.67500000000001,87.80952380952381,3.5,4
Misiones,2020,24,20.269642857142856,47.96666666666667,83.14285714285714,3.375,4
Misiones,2020,25,21.972023809523808,0.0,73.16666666666666,0.0,4
Misiones,2020,26,17.145238095238096,17.25,74.35119047619048,2.0,4
Misiones,2020,27,12.770238095238096,47.079166666666666,83.14880952380952,2.083333333333333,4
Misiones,2020,28,15.357738095238094,111.07916666666668,85.81547619047619,2.083333333333333,4
Misiones,2020,29,18.04940476190476,6.75,71.93452380952381,0.7916666666666666,4
Misiones,2020,30,18.77916666666667,8.05,67.65476190476191,0.7916666666666666,4
Misiones,2020,31,16.275000000000002,6.058333333333334,73.22619047619048,0.7916666666666666,4
Misiones,2020,32,21.40892857142857,0.0,59.39285714285714,0.0,4
Misiones,2020,33,16.532738095238095,100.76666666666667,82.11309523809524,3.625,4
Misiones,2020,34,14.215476190476192,22.09583333333333,70.75,0.75,4
Misiones,2020,35,24.029166666666665,0.0,52.92857142857143,0.0,4
Misiones,2020,36,19.59047619047619,2.675,73.82142857142857,0.75,4
Misiones,2020,37,23.122619047619047,12.2,73.04761904761905,0.75,4
Misiones,2020,38,19.188095238095237,3.491666666666667,76.83928571428572,0.7916666666666666,4
Misiones,2020,39,24.21369047619048,4.475,53.75,0.5,4
Misiones,2020,40,26.332142857142856,0.0,59.595238095238095,0.0,4
Misiones,2020,41,22.291071428571428,13.041666666666668,69.57142857142857,1.8333333333333333,4
Misiones,2020,42,24.024404761904762,17.466666666666665,62.952380952380956,1.2916666666666665,4
Misiones,2020,43,27.926190476190477,19.0,57.20238095238095,1.5,4
Misiones,2020,44,22.02797619047619,1.4416666666666667,65.39285714285714,0.25,4
Misiones,2020,45,24.64404761904762,4.75,45.74404761904762,1.0,4
Misiones,2020,46,24.88452380952381,24.125,70.28571428571428,3.0,4
Misiones,2020,47,23.889285714285716,3.375,56.88690476190476,0.75,4
Misiones,2020,48,27.65892857142857,50.75,58.92857142857143,2.75,4
Misiones,2020,49,24.339285714285715,103.63333333333334,76.10714285714286,2.5416666666666665,4
Misiones,2020,50,27.10892857142857,5.0,59.00595238095238,0.25,4
Misiones,2020,51,25.50059523809524,50.85,74.70238095238095,2.25,4
Misiones,2020,52,26.326190476190476,9.75,59.785714285714285,0.5,4
Misiones,2020,53,26.603571428571428,28.916666666666668,67.5297619047619,2.375,4
Misiones,2021,1,25.824404761904763,50.275,75.72619047619048,3.0,4
Misiones,2021,2,26.177380952380954,88.125,78.18452380952381,3.5,4
Misiones,2021,3,24.180357142857144,70.5,83.79761904761905,4.25,4
Misiones,2021,4,23.29940476190476,191.14583333333334,90.5952380952381,6.208333333333334,4
Misiones,2021,5,23.06190476190476,10.725,77.19047619047619,1.6,3
Misiones,2021,6,24.435714285714283,6.8,72.64285714285714,1.0,4
Misiones,2021,7,25.13452380952381,0.41666666666666663,63.952380952380956,0.0,4
Misiones,2021,8,27.24345238095238,12.166666666666668,64.79761904761904,1.0416666666666665,4
Misiones,2021,9,24.866666666666664,23.666666666666668,75.33333333333333,2.3333333333333335,3
Misiones,2021,10,25.142857142857142,0.0,56.333333333333336,0.0,3
Misiones,2021,11,25.07142857142857,53.333333333333336,73.33333333333333,3.0,3
Misiones,2021,12,24.771428571428572,65.16666666666667,80.90476190476191,2.3333333333333335,3
Misiones,2021,13,21.529761904761905,1.05,72.375,0.25,4
Misiones,2021,14,24.70714285714286,19.916666666666668,69.10119047619048,1.2916666666666665,4
Misiones,2021,15,21.373809523809523,13.916666666666668,81.33333333333333,1.0416666666666665,4
Misiones,2021,16,21.560714285714287,6.0,74.02380952380952,1.25,4
Misiones,2021,17,18.523809523809522,0.0,68.33928571428572,0.0,4
Misiones,2021,18,18.45357142857143,40.6875,76.60119047619048,2.333333333333333,4
Misiones,2021,19,16.95214285714286,5.925000000000001,79.32142857142857,0.9500000000000001,4
Misiones,2021,20,17.652380952380952,35.63333333333333,71.61904761904762,1.0,3
Misiones,2021,21,16.794047619047618,2.2416666666666667,73.26190476190476,0.25,4
Misiones,2021,22,19.417857142857144,34.233333333333334,78.08333333333333,2.333333333333333,4
Misiones,2021,23,17.061309523809523,28.875,85.93452380952381,3.375,4
Misiones,2021,24,13.498214285714285,36.425,85.33333333333333,2.25,4
Misiones,2021,25,16.19047619047619,50.75,86.96428571428572,3.5,4
Misiones,2021,26,10.41904761904762,0.0,74.17261904761904,0.0,4
Misiones,2021,27,18.179166666666667,0.0,70.625,0.0,4
Misiones,2021,28,16.263690476190476,26.71666666666667,74.17857142857143,1.0416666666666665,4
Misiones,2021,29,16.729761904761904,0.0,61.279761904761905,0.0,4
Misiones,2021,30,11.743452380952382,22.741666666666667,65.83333333333333,1.0416666666666665,4
Misiones,2021,31,17.875595238095237,0.0,65.05357142857143,0.0,4
Misiones,2021,32,15.47857142857143,17.8,81.4047619047619,2.083333333333333,4
Misiones,2021,33,25.026785714285715,0.0,55.291666666666664,0.0,4
Misiones,2021,34,19.054761904761904,38.08333333333333,76.63095238095238,2.333333333333333,4
Misiones,2021,35,22.458333333333332,20.625,67.42857142857143,1.75,4
Misiones,2021,36,20.18095238095238,19.708333333333332,73.60714285714286,2.625,4
Misiones,2021,37,21.4375,46.458333333333336,78.74404761904762,3.125,4
Misiones,2021,38,21.42797619047619,16.991666666666667,70.83333333333333,1.3333333333333333,4
Misiones,2021,39,22.4125,73.25,80.60714285714286,4.75,4
Misiones,2021,40,19.726785714285715,77.875,84.5297619047619,3.875,4
Misiones,2021,41,21.088690476190475,68.675,80.79761904761904,3.125,4
Misiones,2021,42,20.730357142857144,53.25,66.5952380952381,1.75,4
Misiones,2021,43,24.245238095238093,19.583333333333332,63.613095238095234,1.5416666666666665,4
Misiones,2021,44,25.289285714285715,18.608333333333334,70.86904761904762,1.3333333333333333,4
Misiones,2021,45,24.611309523809524,9.616666666666665,64.53571428571429,0.7916666666666666,4
Misiones,2021,46,23.492261904761904,44.520833333333336,71.47619047619048,2.083333333333333,4
Misiones,2021,47,25.65892857142857,64.00833333333333,69.18452380952381,2.083333333333333,4
Misiones,2021,48,25.090476190476192,0.0,59.75595238095238,0.0,4
Misiones,2021,49,26.254761904761907,0.25,55.279761904761905,0.0,4
Misiones,2021,50,27.333571428571428,8.2,68.28571428571428,1.1,4
Misiones,2021,51,28.15142857142857,0.075,53.292857142857144,0.0,4
Misiones,2021,52,28.56547619047619,15.125,53.13690476190476,1.0,4
Misiones,2022,1,25.45714285714286,28.666666666666668,69.52380952380952,1.3333333333333333,3
Misiones,2022,2,28.21904761904762,15.666666666666666,58.047619047619044,0.3333333333333333,3
Misiones,2022,3,31.042857142857144,7.666666666666667,51.666666666666664,0.3333333333333333,3
Misiones,2022,4,26.542857142857144,56.06666666666666,70.57142857142857,2.6666666666666665,3
Misiones,2022,5,26.209523809523805,68.35,67.57142857142857,3.3,3
Misiones,2022,6,26.088095238095235,1.475,55.99404761904762,0.5,4
Misiones,2022,7,27.542261904761904,11.370833333333332,51.82142857142857,0.7916666666666666,4
Misiones,2022,8,27.48035714285714,71.95833333333333,70.625,1.875,4
Misiones,2022,9,26.648214285714285,36.2,77.32738095238095,2.7916666666666665,4
Misiones,2022,10,24.50142857142857,60.325,79.52142857142857,2.0416666666666665,4
Misiones,2022,11,23.48095238095238,20.375,78.35714285714286,0.7916666666666666,4
Misiones,2022,12,20.97797619047619,197.16666666666669,81.39880952380952,3.375,4
Misiones,2022,13,20.36309523809524,113.83333333333333,76.02380952380952,2.875,4
Misiones,2022,14,21.635714285714286,151.85833333333335,89.76190476190476,4.375,4
Misiones,2022,15,18.611904761904764,40.31666666666667,80.3452380952381,1.5416666666666665,4
Misiones,2022,16,19.84285714285714,71.375,81.38571428571429,1.9500000000000002,4
Misiones,2022,17,23.28571428571429,43.625,80.23809523809524,2.833333333333333,3
Misiones,2022,18,17.03214285714286,55.125,87.01785714285714,2.333333333333333,4
Misiones,2022,19,16.85595238095238,20.625,87.0,1.5,4
Misiones,2022,20,11.701190476190476,0.45000000000000007,80.31547619047619,0.0,4
Misiones,2022,21,18.73357142857143,132.83333333333331,82.67857142857143,4.166666666666666,4
Misiones,2022,22,12.575595238095238,23.95,87.70833333333333,1.2916666666666665,4
Misiones,2022,23,13.727976190476191,18.19166666666667,85.82142857142857,1.2916666666666665,4
Misiones,2022,24,14.435119047619049,29.75,77.88690476190476,1.7916666666666665,4
Misiones,2022,25,17.820833333333333,27.825,90.79166666666667,1.8333333333333333,4
Misiones,2022,26,17.29714285714286,1.6166666666666667,79.35714285714286,0.25,4
Misiones,2022,27,22.198214285714286,0.0,66.20238095238096,0.0,4
Misiones,2022,28,16.723809523809525,47.83333333333333,78.57142857142857,4.375,3
Misiones,2022,29,20.49107142857143,17.208333333333336,76.22619047619047,1.2916666666666665,4
Misiones,2022,30,18.485714285714284,2.75,70.38095238095238,0.5,3
Misiones,2022,31,17.657857142857143,74.61666666666667,80.8,2.583333333333333,4
Misiones,2022,32,15.63452380952381,11.175,80.29166666666667,1.5416666666666665,4
Misiones,2022,33,15.232738095238094,69.39166666666667,74.91071428571428,2.333333333333333,4
Misiones,2022,34,20.80595238095238,4.75,68.74404761904762,0.5,4
Misiones,2022,35,15.961904761904762,27.53333333333333,70.43452380952381,1.2916666666666665,4
Misiones,2022,36,17.982738095238094,10.775,77.25,1.5,4
Misiones,2022,37,18.140714285714285,24.625,68.23809523809524,1.5416666666666665,4
Misiones,2022,38,16.395238095238096,40.825,78.48214285714286,2.2916666666666665,4
Misiones,2022,39,18.44702380952381,40.608333333333334,82.45238095238095,2.583333333333333,4
Misiones,2022,40,18.805714285714288,91.68333333333334,72.05714285714285,2.583333333333333,4
Misiones,2022,41,18.811309523809527,70.20833333333333,83.85714285714286,3.0416666666666665,4
Misiones,2022,42,21.189285714285717,83.61666666666666,79.92261904761905,2.583333333333333,4
Misiones,2022,43,23.46607142857143,66.0,68.14880952380952,3.125,4
Misiones,2022,44,17.3,5.666666666666667,63.58333333333333,0.7916666666666666,4
Misiones,2022,45,22.05952380952381,43.275,65.72619047619048,1.2916666666666665,4
Misiones,2022,46,24.339285714285715,12.041666666666666,53.51785714285714,0.25,4
Misiones,2022,47,23.37142857142857,18.0,66.80952380952381,1.3333333333333333,3
Misiones,2022,48,25.707738095238096,34.85,70.14285714285714,2.0,4
Misiones,2022,49,28.651785714285715,5.5,69.67857142857143,1.0,4
Misiones,2022,50,25.104761904761904,21.15,64.32738095238095,1.0416666666666665,4
Misiones,2022,51,26.060714285714283,5.0,61.48214285714286,0.5416666666666666,4
Misiones,2022,52,26.484523809523807,32.791666666666664,60.95,1.5416666666666665,4
Misiones,2023,1,25.10297619047619,30.1,63.76785714285714,0.75,4
Misiones,2023,2,24.914880952380955,52.36666666666666,74.42261904761904,3.375,4
Misiones,2023,3,27.03154761904762,22.1,71.43452380952381,1.25,4
Misiones,2023,4,28.44404761904762,10.4625,64.02976190476191,1.0,4
Misiones,2023,5,25.123809523809523,32.233333333333334,77.09523809523809,2.6666666666666665,3
Misiones,2023,6,27.176190476190474,1.6666666666666667,61.23809523809524,0.3333333333333333,3
Misiones,2023,7,22.576190476190476,53.73333333333333,74.47619047619048,2.6666666666666665,3
Misiones,2023,8,23.3,57.333333333333336,80.80952380952381,3.0,3
Misiones,2023,9,24.28095238095238,57.675,80.24404761904762,2.083333333333333,4
Misiones,2023,10,25.84345238095238,17.541666666666668,74.67857142857143,1.5416666666666665,4
Misiones,2023,11,25.735,33.9,81.76190476190476,3.6,4
Misiones,2023,12,27.05952380952381,4.375,70.31547619047619,0.75,4
Misiones,2023,13,23.798214285714284,33.40833333333333,72.01190476190476,1.0416666666666665,4
Misiones,2023,14,22.242261904761904,24.916666666666664,80.54166666666667,1.8333333333333333,4
Misiones,2023,15,22.893452380952382,52.083333333333336,80.26785714285714,2.375,4
Misiones,2023,16,18.65714285714286,7.5,73.0297619047619,0.5,4
Misiones,2023,17,20.35,53.075,79.81547619047619,2.083333333333333,4
Misiones,2023,18,21.077380952380953,111.81666666666666,90.86309523809524,4.416666666666666,4
Misiones,2023,19,16.392857142857146,0.05,77.2202380952381,0.0,4
Misiones,2023,20,19.13154761904762,3.975,75.08333333333333,0.5,4
Misiones,2023,21,21.035714285714285,41.24166666666667,77.17857142857143,1.7916666666666665,4
Misiones,2023,22,19.047023809523807,2.333333333333333,80.68452380952381,0.29166666666666663,4
Misiones,2023,23,20.298809523809524,21.5,74.53571428571429,1.0,4
Misiones,2023,24,11.329761904761904,20.283333333333335,88.41666666666667,2.583333333333333,4
Misiones,2023,25,18.454761904761902,31.025,82.30357142857143,1.5833333333333333,4
Misiones,2023,26,19.357738095238094,0.8416666666666667,79.95238095238095,0.25,4
Misiones,2023,27,19.702142857142857,29.166666666666664,78.62857142857143,2.083333333333333,4
Misiones,2023,28,15.023809523809524,46.666666666666664,87.09523809523809,2.6666666666666665,3
Misiones,2023,29,17.770238095238092,0.0,75.07738095238095,0.0,4
Misiones,2023,30,18.232738095238094,10.416666666666668,80.22619047619048,2.0416666666666665,4
Misiones,2023,31,22.90119047619048,2.25,70.10119047619048,0.25,4
Misiones,2023,32,18.06666666666667,103.90833333333333,82.57738095238095,4.708333333333334,4
Misiones,2023,33,19.712500000000002,31.958333333333332,74.97619047619048,1.5833333333333333,4
Misiones,2023,34,19.714880952380952,0.0,68.68452380952381,0.0,4
Misiones,2023,35,19.954761904761906,144.09166666666667,74.05952380952381,3.375,4
Misiones,2023,36,19.300714285714285,84.03333333333333,86.57142857142857,3.125,4
Misiones,2023,37,20.595714285714287,43.575,70.10714285714286,2.2,4
Misiones,2023,38,27.339285714285715,43.083333333333336,70.67857142857143,1.3333333333333333,4
Misiones,2023,39,21.69642857142857,4.133333333333334,73.23809523809524,0.7916666666666666,4
Misiones,2023,40,20.617261904761907,103.36666666666667,82.7,3.333333333333333,4
Misiones,2023,41,20.542857142857144,23.741666666666667,75.85119047619048,1.0416666666666665,4
Misiones,2023,42,23.529761904761905,146.20833333333334,81.82142857142857,3.9166666666666665,4
Misiones,2023,43,21.547023809523807,221.16666666666666,86.66071428571429,4.625,4
Misiones,2023,44,20.251785714285713,116.99166666666667,83.70238095238095,3.9166666666666665,4
Misiones,2023,45,26.594285714285714,84.71666666666667,67.74285714285715,2.625,4
Misiones,2023,46,23.14785714285714,165.53333333333336,85.27857142857144,4.458333333333334,4
Misiones,2023,47,24.20357142857143,38.291666666666664,76.83928571428572,1.8333333333333333,4
Misiones,2023,48,25.792261904761904,81.20833333333334,81.74404761904762,3.625,4
Misiones,2023,49,23.744999999999997,93.43333333333334,84.98571428571428,4.125,4
Misiones,2023,50,28.27559523809524,9.75,68.88095238095238,0.5,4
Misiones,2023,51,26.40833333333333,63.641666666666666,79.07738095238095,3.9166666666666665,4
Misiones,2023,52,24.12857142857143,40.65,77.25595238095238,2.625,4
Misiones,2024,1,26.790476190476188,1.6666666666666667,68.38095238095238,0.3333333333333333,3
Misiones,2024,2,26.423809523809524,26.200000000000003,75.57142857142857,1.3333333333333333,3
Misiones,2024,3,26.490476190476187,88.16666666666667,81.90476190476191,4.333333333333333,3
Misiones,2024,4,23.266666666666666,13.666666666666666,69.66666666666667,1.6666666666666667,3
Misiones,2024,5,28.17738095238095,6.0,60.45238095238095,1.0,4
Misiones,2024,6,28.688690476190477,17.266666666666666,66.95833333333333,1.5833333333333333,4
Misiones,2024,7,25.261904761904763,64.70833333333333,81.66071428571429,3.833333333333333,4
Misiones,2024,8,26.176190476190477,46.275,77.6547619047619,2.083333333333333,4
Misiones,2024,9,26.21904761904762,65.8,81.42857142857143,4.375,3
Misiones,2024,10,24.820238095238096,31.758333333333333,84.46428571428572,2.875,4
Misiones,2024,11,28.207738095238096,38.4,71.0297619047619,1.5416666666666665,4
Misiones,2024,12,24.362142857142857,48.075,79.69285714285715,2.625,4
Misiones,2024,13,25.461904761904762,0.0,71.19047619047619,0.0,3
Misiones,2024,14,25.75,65.33333333333333,78.32857142857142,2.2916666666666665,4
Misiones,2024,15,24.357857142857142,30.641666666666666,86.28571428571429,2.583333333333333,4
Misiones,2024,16,20.52857142857143,93.79166666666667,80.2,2.333333333333333,4
Misiones,2024,17,23.205952380952382,111.81666666666666,88.69047619047619,3.625,4
Misiones,2024,18,24.527380952380952,176.625,84.01785714285714,3.125,4
Misiones,2024,19,22.96309523809524,33.475,80.35119047619048,2.583333333333333,4
Misiones,2024,20,14.266666666666666,39.541666666666664,90.69047619047619,3.6666666666666665,4
Misiones,2024,21,16.620238095238093,39.04166666666667,85.54761904761905,2.333333333333333,4
Misiones,2024,22,14.270000000000001,1.5,80.71428571428572,0.25,4
Misiones,2024,23,20.772142857142857,0.0,75.87142857142857,0.0,4
Misiones,2024,24,23.64404761904762,45.108333333333334,71.13690476190476,2.0416666666666665,4
Misiones,2024,25,21.538095238095238,96.975,77.42857142857143,3.6666666666666665,3
Misiones,2024,26,12.663095238095238,15.641666666666667,84.77380952380952,1.2916666666666665,4
Misiones,2024,27,15.723809523809523,26.0,79.09523809523809,1.75,3
Misiones,2024,28,8.205,38.175,90.85714285714286,2.0,4
Misiones,2024,29,17.552380952380954,0.0,79.47619047619048,0.0,3
Misiones,2024,30,20.383333333333333,24.4,76.57142857142857,1.5416666666666665,4
Misiones,2024,31,19.751190476190477,12.100000000000001,79.4047619047619,0.75,4
Misiones,2024,32,14.736904761904762,39.891666666666666,82.43452380952381,2.125,4
Misiones,2024,33,18.440714285714286,0.0,68.43571428571428,0.0,4
Misiones,2024,34,18.03333333333333,61.7,77.95238095238095,1.7916666666666665,4
Misiones,2024,35,18.21845238095238,0.0,72.00595238095238,0.0,4
Misiones,2024,36,19.785714285714285,17.666666666666668,74.30714285714285,1.0416666666666665,4
Misiones,2024,37,22.262142857142855,17.916666666666668,75.07857142857142,2.583333333333333,4
Misiones,2024,38,21.576785714285712,40.983333333333334,75.96428571428571,1.0416666666666665,4
Misiones,2024,39,24.166071428571428,43.79166666666667,75.70833333333333,1.2916666666666665,4
Misiones,2024,40,23.667857142857144,11.191666666666666,70.78571428571428,1.5833333333333333,4
Misiones,2024,41,21.195,89.20833333333334,86.86428571428571,3.9166666666666665,4
Misiones,2024,42,22.212857142857143,28.09166666666667,80.51428571428572,2.333333333333333,4
Misiones,2024,43,24.04940476190476,18.125,75.83928571428572,2.083333333333333,4
Misiones,2024,44,25.41547619047619,19.216666666666665,73.94642857142857,1.5416666666666665,4
Misiones,2024,45,24.442857142857143,45.59166666666667,79.30952380952381,1.8333333333333333,4
Misiones,2024,46,24.314880952380953,1.375,69.04166666666667,0.5,4
Misiones,2024,47,24.934285714285714,20.883333333333333,82.62857142857143,2.333333333333333,4
Misiones,2024,48,26.29702380952381,105.89166666666667,78.31547619047619,3.125,4
Misiones,2024,49,22.891666666666666,178.77499999999998,83.49404761904762,3.2,4
Misiones,2024,50,23.501190476190477,16.616666666666667,80.5,2.333333333333333,4
Misiones,2024,51,24.60952380952381,22.458333333333332,73.88095238095238,1.5833333333333333,4
Misiones,2024,52,24.376428571428573,4.575,65.77857142857144,0.25,4
Misiones,2025,1,27.2875,13.583333333333334,62.654761904761905,1.0416666666666665,4
Misiones,2025,2,27.03154761904762,5.0,61.39880952380952,0.5,4
Misiones,2025,3,27.00952380952381,24.25,70.98214285714286,1.8333333333333333,4
Misiones,2025,4,26.08809523809524,48.38333333333333,75.60714285714286,2.583333333333333,4
Misiones,2025,5,25.933333333333334,28.566666666666666,76.52380952380952,2.6666666666666665,3
Misiones,2025,6,27.49047619047619,23.166666666666668,73.52380952380953,2.3333333333333335,3
Misiones,2025,7,27.914285714285715,35.46666666666667,73.28571428571429,2.6666666666666665,3
Misiones,2025,8,25.642857142857142,43.9,81.04761904761905,2.6666666666666665,3
Misiones,2025,9,28.52642857142857,13.675,72.5,1.85,4
Misiones,2025,10,28.3625,17.958333333333336,68.18452380952381,1.2916666666666665,4
Misiones,2025,11,22.802857142857142,21.8,76.69285714285715,0.5,4
Misiones,2025,12,25.136309523809523,1.075,68.21428571428572,0.25,4
Misiones,2025,13,25.401190476190475,45.45,80.13095238095238,1.7916666666666665,4
Misiones,2025,14,21.423809523809524,30.125,82.875,2.333333333333333,4
Misiones,2025,15,20.134999999999998,48.28333333333333,84.40714285714286,2.7916666666666665,4
Misiones,2025,16,22.65059523809524,2.3,79.70833333333333,0.25,4
Misiones,2025,17,20.917857142857144,9.0,82.92261904761905,1.0,4
Misiones,2025,18,19.018452380952382,0.125,74.89880952380952,0.0,4
Misiones,2025,19,21.242142857142856,86.5,81.19285714285715,2.9166666666666665,4
Misiones,2025,20,20.951190476190476,9.425,76.25595238095238,0.5,4
Misiones,2025,21,19.901785714285715,28.19166666666667,87.64285714285714,2.833333333333333,4
Misiones,2025,22,13.515476190476189,66.75,85.26785714285714,2.333333333333333,4
Misiones,2025,23,17.15535714285714,65.79166666666667,92.66666666666666,2.833333333333333,4
Misiones,2025,24,13.26,30.975,83.56428571428572,1.0,4
Misiones,2025,25,18.044285714285714,93.76666666666667,89.65714285714286,3.625,4
Misiones,2025,26,11.364285714285714,57.59166666666666,84.38690476190476,2.75,4
Misiones,2025,27,10.994285714285715,0.075,79.87857142857143,0.0,4
Misiones,2025,28,17.429761904761904,0.0,77.70833333333333,0.0,4
Misiones,2025,29,16.423809523809524,15.766666666666667,78.125,1.0416666666666665,4
Misiones,2025,30,18.83154761904762,61.09166666666667,84.0952380952381,3.083333333333333,4
Misiones,2025,31,16.93452380952381,33.025,72.44642857142857,1.2916666666666665,4
Misiones,2025,32,14.32857142857143,13.783333333333335,87.07738095238095,1.8333333333333333,4
Misiones,2025,33,16.11642857142857,0.2,73.87142857142857,0.0,4
Misiones,2025,34,18.011309523809523,55.16666666666667,80.25595238095238,3.875,4
Misiones,2025,35,17.50642857142857,7.433333333333334,77.72857142857143,1.2916666666666665,4
Misiones,2025,36,17.150714285714287,52.974999999999994,81.50714285714285,3.55,4
Misiones,2025,37,20.23333333333333,25.333333333333332,70.71428571428572,2.0416666666666665,3
Misiones,2025,38,22.732142857142858,80.075,73.70833333333333,2.333333333333333,4
Misiones,2025,39,18.96547619047619,23.0,69.70238095238096,0.75,4
Misiones,2025,40,22.27202380952381,73.725,82.01785714285714,3.625,4
Misiones,2025,41,19.447619047619046,47.975,78.09523809523809,1.75,3
Misiones,2025,42,20.416071428571428,102.09166666666667,75.76785714285714,2.625,4
Misiones,2025,43,21.827142857142857,22.475,63.69285714285714,1.0,4
Misiones,2025,44,19.323214285714286,97.51666666666667,82.97619047619048,2.2916666666666665,4
Misiones,2025,45,21.955357142857142,29.791666666666668,75.44642857142857,1.2916666666666665,4
Misiones,2025,46,22.86607142857143,59.916666666666664,80.38095238095238,3.083333333333333,4
Misiones,2025,47,22.717261904761905,6.125,70.29761904761904,0.75,4
Misiones,2025,48,26.730357142857144,14.5,63.339285714285715,1.0416666666666665,4
Misiones,2025,49,26.448214285714286,20.05,63.458333333333336,1.5416666666666665,4
Misiones,2025,50,22.16357142857143,69.14166666666667,83.08571428571429,3.083333333333333,4
Misiones,2025,51,24.304761904761904,79.0,71.90476190476191,2.333333333333333,3
Misiones,2025,52,25.32857142857143,105.15,84.7,5.5,4
Neuquén,2018,1,22.914285714285715,0.0,48.285714285714285,0.0,1
Neuquén,2018,2,27.142857142857142,0.0,41.57142857142857,0.0,1
Neuquén,2018,3,26.557142857142857,9.0,36.142857142857146,1.0,1
Neuquén,2018,4,23.37142857142857,0.0,42.857142857142854,0.0,1
Neuquén,2018,5,26.47142857142857,12.0,46.857142857142854,1.0,1
Neuquén,2018,6,22.557142857142857,0.0,40.42857142857143,0.0,1
Neuquén,2018,7,26.62857142857143,0.4,38.57142857142857,0.0,1
Neuquén,2018,8,20.157142857142855,7.200000000000001,57.57142857142857,1.0,1
Neuquén,2018,9,24.357142857142858,4.0,48.857142857142854,1.0,1
Neuquén,2018,10,20.271428571428572,3.0,49.857142857142854,1.0,1
Neuquén,2018,11,16.4,0.0,45.57142857142857,0.0,1
Neuquén,2018,12,15.557142857142859,0.0,46.142857142857146,0.0,1
Neuquén,2018,13,17.942857142857143,0.0,54.714285714285715,0.0,1
Neuquén,2018,14,17.057142857142857,0.0,51.42857142857143,0.0,1
Neuquén,2018,15,15.442857142857141,0.0,52.57142857142857,0.0,1
Neuquén,2018,16,14.985714285714286,0.0,60.142857142857146,0.0,1
Neuquén,2018,17,12.942857142857141,0.0,63.714285714285715,0.0,1
Neuquén,2018,18,12.585714285714285,2.0,69.0,1.0,1
Neuquén,2018,19,12.914285714285715,6.0,75.57142857142857,1.0,1
Neuquén,2018,20,10.4,8.0,67.42857142857143,1.0,1
Neuquén,2018,21,6.814285714285715,0.0,76.28571428571429,0.0,1
Neuquén,2018,22,6.628571428571428,9.0,74.0,1.0,1
Neuquén,2018,23,6.057142857142857,11.9,70.57142857142857,1.0,1
Neuquén,2018,24,3.1714285714285713,1.1,82.42857142857143,1.0,1
Neuquén,2018,25,7.628571428571428,0.0,62.42857142857143,0.0,1
Neuquén,2018,26,10.314285714285715,1.1,58.857142857142854,0.0,1
Neuquén,2018,27,5.2,11.0,80.85714285714286,3.0,1
Neuquén,2018,28,8.957142857142857,0.0,67.0,0.0,1
Neuquén,2018,29,5.6000000000000005,54.0,76.28571428571429,2.0,1
Neuquén,2018,30,5.185714285714285,0.0,71.85714285714286,0.0,1
Neuquén,2018,31,7.228571428571428,0.0,62.0,0.0,1
Neuquén,2018,32,8.571428571428571,0.3,63.0,0.0,1
Neuquén,2018,33,8.214285714285714,0.0,55.0,0.0,1
Neuquén,2018,34,8.428571428571429,0.0,51.857142857142854,0.0,1
Neuquén,2018,35,11.071428571428571,0.5,51.142857142857146,0.0,1
Neuquén,2018,36,11.714285714285714,0.0,46.42857142857143,0.0,1
Neuquén,2018,37,12.885714285714286,0.0,52.142857142857146,0.0,1
Neuquén,2018,38,15.171428571428569,21.0,46.57142857142857,1.0,1
Neuquén,2018,39,12.200000000000001,26.0,54.857142857142854,2.0,1
Neuquén,2018,40,13.842857142857143,0.0,42.0,0.0,1
Neuquén,2018,41,14.342857142857143,0.0,36.285714285714285,0.0,1
Neuquén,2018,42,13.62857142857143,21.3,61.857142857142854,3.0,1
Neuquén,2018,43,15.071428571428571,17.1,67.57142857142857,1.0,1
Neuquén,2018,44,16.45714285714286,25.3,58.42857142857143,2.0,1
Neuquén,2018,45,19.5,4.3,45.0,1.0,1
Neuquén,2018,46,17.8,0.0,41.857142857142854,0.0,1
Neuquén,2018,47,20.571428571428573,0.0,34.57142857142857,0.0,1
Neuquén,2018,48,20.857142857142858,17.0,45.57142857142857,2.0,1
Neuquén,2018,49,21.914285714285715,0.0,44.857142857142854,0.0,1
Neuquén,2018,50,21.285714285714285,0.0,37.142857142857146,0.0,1
Neuquén,2018,51,23.685714285714283,9.0,38.285714285714285,1.0,1
Neuquén,2018,52,23.914285714285715,4.0,32.142857142857146,1.0,1
Neuquén,2019,1,23.37142857142857,0.0,33.57142857142857,0.0,1
Neuquén,2019,2,19.542857142857144,0.0,38.142857142857146,0.0,1
Neuquén,2019,3,24.385714285714283,0.0,35.714285714285715,0.0,1
Neuquén,2019,4,25.3,0.0,35.285714285714285,0.0,1
Neuquén,2019,5,25.0,0.0,31.428571428571427,0.0,1
Neuquén,2019,6,25.157142857142855,7.0,38.714285714285715,1.0,1
Neuquén,2019,7,23.814285714285713,0.0,45.0,0.0,1
Neuquén,2019,8,23.357142857142858,0.7,40.57142857142857,0.0,1
Neuquén,2019,9,19.642857142857142,0.0,43.714285714285715,0.0,1
Neuquén,2019,10,18.842857142857145,0.0,41.857142857142854,0.0,1
Neuquén,2019,11,19.428571428571427,0.0,55.714285714285715,0.0,1
Neuquén,2019,12,16.728571428571428,0.0,46.0,0.0,1
Neuquén,2019,13,18.428571428571427,0.0,56.42857142857143,0.0,1
Neuquén,2019,14,18.8,0.0,50.285714285714285,0.0,1
Neuquén,2019,15,17.942857142857143,0.0,51.0,0.0,1
Neuquén,2019,16,13.614285714285714,0.0,66.28571428571429,0.0,1
Neuquén,2019,17,14.471428571428572,9.0,73.57142857142857,2.0,1
Neuquén,2019,18,13.557142857142859,4.2,62.57142857142857,1.0,1
Neuquén,2019,19,13.242857142857144,0.2,70.71428571428571,0.0,1
Neuquén,2019,20,10.442857142857141,1.0,67.14285714285714,0.0,1
Neuquén,2019,21,7.928571428571429,1.0,70.71428571428571,0.0,1
Neuquén,2019,22,7.214285714285714,12.0,81.14285714285714,1.0,1
Neuquén,2019,23,9.200000000000001,0.0,70.42857142857143,0.0,1
Neuquén,2019,24,6.857142857142857,8.7,74.0,1.0,1
Neuquén,2019,25,8.1,6.0,75.71428571428571,1.0,1
Neuquén,2019,26,7.785714285714286,4.0,66.14285714285714,2.0,1
Neuquén,2019,27,5.5,7.0,76.71428571428571,1.0,1
Neuquén,2019,28,6.785714285714286,0.0,74.85714285714286,0.0,1
Neuquén,2019,29,7.471428571428571,0.2,62.714285714285715,0.0,1
Neuquén,2019,30,5.6571428571428575,0.0,63.857142857142854,0.0,1
Neuquén,2019,31,10.700000000000001,0.0,49.142857142857146,0.0,1
Neuquén,2019,32,8.014285714285714,1.0,49.714285714285715,0.0,1
Neuquén,2019,33,5.457142857142856,0.7999999999999999,73.85714285714286,0.0,1
Neuquén,2019,34,8.6,5.0,71.14285714285714,1.0,1
Neuquén,2019,35,11.971428571428572,2.0,48.57142857142857,1.0,1
Neuquén,2019,36,5.8999999999999995,7.0,61.285714285714285,2.0,1
Neuquén,2019,37,10.157142857142857,4.0,60.714285714285715,2.0,1
Neuquén,2019,38,12.528571428571428,0.0,36.142857142857146,0.0,1
Neuquén,2019,39,18.1,0.0,39.714285714285715,0.0,1
Neuquén,2019,40,11.228571428571428,2.0,48.0,1.0,1
Neuquén,2019,41,16.342857142857145,0.0,37.285714285714285,0.0,1
Neuquén,2019,42,14.085714285714285,10.2,56.0,1.0,1
Neuquén,2019,43,17.142857142857142,0.0,39.714285714285715,0.0,1
Neuquén,2019,44,17.7,0.0,34.42857142857143,0.0,1
Neuquén,2019,45,18.185714285714287,0.0,35.857142857142854,0.0,1
Neuquén,2019,46,21.614285714285717,19.0,46.0,1.0,1
Neuquén,2019,47,22.62857142857143,0.0,32.857142857142854,0.0,1
Neuquén,2019,48,18.785714285714285,0.0,31.285714285714285,0.0,1
Neuquén,2019,49,22.785714285714285,0.0,29.428571428571427,0.0,1
Neuquén,2019,50,22.942857142857143,0.0,27.428571428571427,0.0,1
Neuquén,2019,51,23.285714285714285,0.0,34.714285714285715,0.0,1
Neuquén,2019,52,23.8,0.0,35.42857142857143,0.0,1
Neuquén,2020,1,27.385714285714283,0.0,34.857142857142854,0.0,1
Neuquén,2020,2,22.071428571428573,0.0,34.57142857142857,0.0,1
Neuquén,2020,3,24.228571428571428,8.0,41.857142857142854,1.0,1
Neuquén,2020,4,27.457142857142856,4.0,38.42857142857143,1.0,1
Neuquén,2020,5,24.099999999999998,0.0,35.857142857142854,0.0,1
Neuquén,2020,6,21.24285714285714,4.0,51.285714285714285,1.0,1
Neuquén,2020,7,23.685714285714287,1.0,44.142857142857146,0.0,1
Neuquén,2020,8,21.014285714285712,0.0,36.57142857142857,0.0,1
Neuquén,2020,9,23.385714285714283,0.0,41.714285714285715,0.0,1
Neuquén,2020,10,26.099999999999998,4.0,46.285714285714285,1.0,1
Neuquén,2020,11,20.8,0.0,50.714285714285715,0.0,1
Neuquén,2020,12,19.74285714285714,0.0,51.57142857142857,0.0,1
Neuquén,2020,13,20.6,0.0,50.714285714285715,0.0,1
Neuquén,2020,14,16.2,0.0,57.42857142857143,0.0,1
Neuquén,2020,15,15.842857142857143,0.0,52.57142857142857,0.0,1
Neuquén,2020,16,16.557142857142857,0.0,59.42857142857143,0.0,1
Neuquén,2020,17,14.6,1.0,65.71428571428571,0.0,1
Neuquén,2020,18,12.200000000000001,0.0,68.85714285714286,0.0,1
Neuquén,2020,19,11.428571428571429,0.0,60.0,0.0,1
Neuquén,2020,20,13.200000000000001,0.0,58.285714285714285,0.0,1
Neuquén,2020,21,10.014285714285714,3.0,71.28571428571429,1.0,1
Neuquén,2020,22,8.214285714285714,57.0,71.57142857142857,2.0,1
Neuquén,2020,23,6.1571428571428575,0.0,83.14285714285714,0.0,1
Neuquén,2020,24,7.985714285714286,0.0,56.857142857142854,0.0,1
Neuquén,2020,25,7.242857142857143,1.0,69.28571428571429,0.0,1
Neuquén,2020,26,4.442857142857143,13.9,76.14285714285714,2.0,1
Neuquén,2020,27,4.8,17.7,89.28571428571429,3.0,1
Neuquén,2020,28,6.8,1.2999999999999998,66.42857142857143,0.0,1
Neuquén,2020,29,6.014285714285714,0.3,75.14285714285714,0.0,1
Neuquén,2020,30,6.028571428571429,78.5,78.28571428571429,3.0,1
Neuquén,2020,31,6.6000000000000005,0.0,65.85714285714286,0.0,1
Neuquén,2020,32,8.828571428571427,0.0,61.857142857142854,0.0,1
Neuquén,2020,33,9.042857142857143,0.0,42.857142857142854,0.0,1
Neuquén,2020,34,8.442857142857141,0.0,56.285714285714285,0.0,1
Neuquén,2020,35,9.485714285714286,0.0,53.42857142857143,0.0,1
Neuquén,2020,36,9.785714285714286,0.0,53.714285714285715,0.0,1
Neuquén,2020,37,11.971428571428572,0.0,49.285714285714285,0.0,1
Neuquén,2020,38,12.414285714285715,3.0,46.57142857142857,1.0,1
Neuquén,2020,39,14.442857142857141,2.0,46.0,1.0,1
Neuquén,2020,40,10.657142857142857,9.0,48.42857142857143,2.0,1
Neuquén,2020,41,13.385714285714286,0.0,51.42857142857143,0.0,1
Neuquén,2020,42,20.37142857142857,0.0,40.142857142857146,0.0,1
Neuquén,2020,43,17.9,0.0,43.714285714285715,0.0,1
Neuquén,2020,44,18.52857142857143,0.0,37.714285714285715,0.0,1
Neuquén,2020,45,21.442857142857143,4.0,43.285714285714285,1.0,1
Neuquén,2020,46,20.314285714285713,9.0,52.57142857142857,1.0,1
Neuquén,2020,47,22.485714285714288,0.0,41.57142857142857,0.0,1
Neuquén,2020,48,20.657142857142855,0.0,37.57142857142857,0.0,1
Neuquén,2020,49,22.714285714285715,0.0,29.714285714285715,0.0,1
Neuquén,2020,50,21.514285714285712,2.0,38.57142857142857,1.0,1
Neuquén,2020,51,21.25714285714286,3.0,36.857142857142854,1.0,1
Neuquén,2020,52,25.885714285714283,4.7,39.857142857142854,1.0,1
Neuquén,2020,53,24.814285714285713,0.6,43.714285714285715,0.0,1
Neuquén,2021,1,23.071428571428573,0.0,42.142857142857146,0.0,1
Neuquén,2021,2,21.0,0.0,44.142857142857146,0.0,1
Neuquén,2021,3,29.385714285714283,0.0,40.142857142857146,0.0,1
Neuquén,2021,4,20.62857142857143,5.5,49.714285714285715,2.0,1
Neuquén,2021,5,22.900000000000002,0.0,50.857142857142854,0.0,1
Neuquén,2021,6,24.25714285714286,0.0,49.142857142857146,0.0,1
Neuquén,2021,7,19.842857142857145,0.0,45.0,0.0,1
Neuquén,2021,8,23.714285714285715,0.0,48.57142857142857,0.0,1
Neuquén,2021,9,22.24285714285714,0.0,66.57142857142857,0.0,1
Neuquén,2021,10,21.442857142857143,0.0,49.285714285714285,0.0,1
Neuquén,2021,11,17.857142857142858,3.0,57.714285714285715,1.0,1
Neuquén,2021,12,16.885714285714283,0.0,56.0,0.0,1
Neuquén,2021,13,20.585714285714285,0.0,59.714285714285715,0.0,1
Neuquén,2021,14,17.742857142857144,0.0,60.714285714285715,0.0,1
Neuquén,2021,15,16.857142857142858,0.0,63.0,0.0,1
Neuquén,2021,16,15.457142857142857,81.0,77.57142857142857,3.0,1
Neuquén,2021,17,13.62857142857143,3.9000000000000004,80.57142857142857,1.0,1
Neuquén,2021,18,9.028571428571428,0.0,75.71428571428571,0.0,1
Neuquén,2021,19,7.3999999999999995,0.0,78.28571428571429,0.0,1
Neuquén,2021,20,11.142857142857142,3.1,77.28571428571429,1.0,1
Neuquén,2021,21,12.014285714285714,0.0,56.285714285714285,0.0,1
Neuquén,2021,22,12.1,0.3,59.57142857142857,0.0,1
Neuquén,2021,23,10.814285714285715,0.0,63.142857142857146,0.0,1
Neuquén,2021,24,3.0714285714285716,9.0,79.42857142857143,2.0,1
Neuquén,2021,25,6.614285714285714,0.0,74.42857142857143,0.0,1
Neuquén,2021,26,4.128571428571428,0.0,68.42857142857143,0.0,1
Neuquén,2021,27,7.6571428571428575,0.0,65.71428571428571,0.0,1
Neuquén,2021,28,4.742857142857142,0.0,64.85714285714286,0.0,1
Neuquén,2021,29,7.585714285714286,0.0,64.28571428571429,0.0,1
Neuquén,2021,30,5.528571428571429,0.0,68.0,0.0,1
Neuquén,2021,31,8.171428571428573,0.0,65.71428571428571,0.0,1
Neuquén,2021,32,5.928571428571429,0.0,65.42857142857143,0.0,1
Neuquén,2021,33,10.528571428571428,8.5,57.285714285714285,2.0,1
Neuquén,2021,34,9.457142857142857,0.0,54.142857142857146,0.0,1
Neuquén,2021,35,12.957142857142857,3.0,67.85714285714286,1.0,1
Neuquén,2021,36,13.585714285714287,0.0,59.285714285714285,0.0,1
Neuquén,2021,37,12.87142857142857,0.0,44.857142857142854,0.0,1
Neuquén,2021,38,15.985714285714286,0.0,42.857142857142854,0.0,1
Neuquén,2021,39,14.228571428571428,0.0,41.0,0.0,1
Neuquén,2021,40,15.214285714285714,0.0,43.142857142857146,0.0,1
Neuquén,2021,41,16.071428571428573,5.3,44.857142857142854,1.0,1
Neuquén,2021,42,18.17142857142857,0.0,41.714285714285715,0.0,1
Neuquén,2021,43,20.82857142857143,0.0,39.42857142857143,0.0,1
Neuquén,2021,44,18.228571428571428,0.0,42.714285714285715,0.0,1
Neuquén,2021,45,20.2,8.0,51.714285714285715,1.0,1
Neuquén,2021,46,20.685714285714287,0.0,40.142857142857146,0.0,1
Neuquén,2021,47,22.900000000000002,0.0,38.714285714285715,0.0,1
Neuquén,2021,48,21.32857142857143,2.0,47.285714285714285,1.0,1
Neuquén,2021,49,21.75714285714286,5.0,48.857142857142854,1.0,1
Neuquén,2021,50,23.271428571428572,9.0,42.857142857142854,2.0,1
Neuquén,2021,51,25.75714285714286,11.5,39.57142857142857,2.0,1
Neuquén,2021,52,25.37142857142857,0.0,28.571428571428573,0.0,1
Neuquén,2022,1,25.942857142857143,12.0,43.714285714285715,2.0,1
Neuquén,2022,2,27.557142857142857,0.0,31.0,0.0,1
Neuquén,2022,3,19.214285714285715,6.1,56.714285714285715,1.0,1
Neuquén,2022,4,25.37142857142857,0.0,39.142857142857146,0.0,1
Neuquén,2022,5,23.542857142857144,0.0,44.0,0.0,1
Neuquén,2022,6,24.157142857142855,0.0,34.857142857142854,0.0,1
Neuquén,2022,7,24.82857142857143,35.0,38.57142857142857,1.0,1
Neuquén,2022,8,17.67142857142857,43.0,64.14285714285714,2.0,1
Neuquén,2022,9,20.414285714285715,0.0,44.714285714285715,0.0,1
Neuquén,2022,10,19.0,0.0,49.0,0.0,1
Neuquén,2022,11,19.085714285714285,0.0,52.857142857142854,0.0,1
Neuquén,2022,12,16.04285714285714,0.0,55.42857142857143,0.0,1
Neuquén,2022,13,13.714285714285714,0.0,51.0,0.0,1
Neuquén,2022,14,16.357142857142858,0.2,62.142857142857146,0.0,1
Neuquén,2022,15,13.700000000000001,0.0,60.0,0.0,1
Neuquén,2022,16,14.357142857142858,12.5,56.857142857142854,1.0,1
Neuquén,2022,17,9.142857142857142,0.0,58.714285714285715,0.0,1
Neuquén,2022,18,11.471428571428572,0.0,67.28571428571429,0.0,1
Neuquén,2022,19,8.942857142857143,0.3,67.42857142857143,0.0,1
Neuquén,2022,20,7.228571428571429,0.5,66.0,0.0,1
Neuquén,2022,21,3.585714285714286,0.0,70.71428571428571,0.0,1
Neuquén,2022,22,2.6714285714285713,1.0,79.57142857142857,0.0,1
Neuquén,2022,23,7.185714285714285,0.0,62.714285714285715,0.0,1
Neuquén,2022,24,6.6000000000000005,0.0,66.85714285714286,0.0,1
Neuquén,2022,25,3.857142857142857,10.7,84.0,2.0,1
Neuquén,2022,26,7.828571428571428,3.0,62.857142857142854,1.0,1
Neuquén,2022,27,6.2,0.0,58.142857142857146,0.0,1
Neuquén,2022,28,4.885714285714286,6.0,76.85714285714286,1.0,1
Neuquén,2022,29,8.071428571428571,0.6,64.57142857142857,0.0,1
Neuquén,2022,30,7.628571428571428,1.0,75.85714285714286,0.0,1
Neuquén,2022,31,4.6000000000000005,25.1,79.14285714285714,3.0,1
Neuquén,2022,32,8.5,0.0,67.85714285714286,0.0,1
Neuquén,2022,33,8.985714285714286,3.3,61.0,1.0,1
Neuquén,2022,34,9.228571428571428,0.0,56.285714285714285,0.0,1
Neuquén,2022,35,11.171428571428573,0.0,47.857142857142854,0.0,1
Neuquén,2022,36,11.928571428571429,0.0,43.285714285714285,0.0,1
Neuquén,2022,37,12.742857142857144,0.0,51.285714285714285,0.0,1
Neuquén,2022,38,10.671428571428573,0.0,54.285714285714285,0.0,1
Neuquén,2022,39,16.242857142857144,0.0,43.0,0.0,1
Neuquén,2022,40,14.3,4.0,44.42857142857143,1.0,1
Neuquén,2022,41,15.171428571428569,0.0,36.285714285714285,0.0,1
Neuquén,2022,42,15.657142857142857,3.7,55.57142857142857,1.0,1
Neuquén,2022,43,17.37142857142857,0.0,37.0,0.0,1
Neuquén,2022,44,22.02857142857143,0.0,29.285714285714285,0.0,1
Neuquén,2022,45,19.857142857142858,29.000000000000004,57.857142857142854,3.0,1
Neuquén,2022,46,21.814285714285713,0.0,40.142857142857146,0.0,1
Neuquén,2022,47,25.214285714285715,0.0,33.57142857142857,0.0,1
Neuquén,2022,48,24.557142857142857,0.0,33.0,0.0,1
Neuquén,2022,49,24.714285714285715,0.0,33.0,0.0,1
Neuquén,2022,50,24.5,0.0,34.142857142857146,0.0,1
Neuquén,2022,51,23.757142857142856,5.0,38.57142857142857,1.0,1
Neuquén,2022,52,26.142857142857142,0.0,25.714285714285715,0.0,1
Neuquén,2023,1,27.97142857142857,0.0,33.142857142857146,0.0,1
Neuquén,2023,2,24.714285714285715,0.0,32.714285714285715,0.0,1
Neuquén,2023,3,25.985714285714288,0.0,47.285714285714285,0.0,1
Neuquén,2023,4,25.014285714285712,0.0,36.857142857142854,0.0,1
Neuquén,2023,5,26.542857142857144,0.0,43.714285714285715,0.0,1
Neuquén,2023,6,26.957142857142856,0.0,38.142857142857146,0.0,1
Neuquén,2023,7,18.585714285714285,0.0,39.285714285714285,0.0,1
Neuquén,2023,8,23.428571428571427,0.0,40.42857142857143,0.0,1
Neuquén,2023,9,23.514285714285712,0.0,45.0,0.0,1
Neuquén,2023,10,23.842857142857145,0.0,43.285714285714285,0.0,1
Neuquén,2023,11,21.099999999999998,0.0,55.714285714285715,0.0,1
Neuquén,2023,12,18.74285714285714,0.0,57.857142857142854,0.0,1
Neuquén,2023,13,16.514285714285712,0.0,49.142857142857146,0.0,1
Neuquén,2023,14,17.342857142857145,0.0,61.714285714285715,0.0,1
Neuquén,2023,15,11.671428571428573,1.8000000000000003,73.85714285714286,1.0,1
Neuquén,2023,16,16.014285714285712,0.0,54.142857142857146,0.0,1
Neuquén,2023,17,15.557142857142859,0.0,59.42857142857143,0.0,1
Neuquén,2023,18,10.6,0.0,65.0,0.0,1
Neuquén,2023,19,11.614285714285714,0.0,70.14285714285714,0.0,1
Neuquén,2023,20,10.842857142857143,0.0,63.0,0.0,1
Neuquén,2023,21,8.014285714285714,0.0,63.285714285714285,0.0,1
Neuquén,2023,22,10.4,0.9000000000000001,60.0,0.0,1
Neuquén,2023,23,7.828571428571428,4.3,62.42857142857143,1.0,1
Neuquén,2023,24,5.3,5.0,78.42857142857143,1.0,1
Neuquén,2023,25,8.214285714285714,44.5,89.14285714285714,3.0,1
Neuquén,2023,26,7.857142857142857,0.0,75.0,0.0,1
Neuquén,2023,27,7.5,0.8,69.0,0.0,1
Neuquén,2023,28,3.7428571428571433,8.8,80.0,2.0,1
Neuquén,2023,29,5.857142857142857,0.6,73.14285714285714,0.0,1
Neuquén,2023,30,9.585714285714285,3.0,68.14285714285714,1.0,1
Neuquén,2023,31,9.785714285714286,0.0,50.285714285714285,0.0,1
Neuquén,2023,32,9.685714285714285,0.0,50.0,0.0,1
Neuquén,2023,33,8.028571428571428,34.7,74.85714285714286,3.0,1
Neuquén,2023,34,7.3428571428571425,0.2,65.42857142857143,0.0,1
Neuquén,2023,35,10.299999999999999,0.0,53.714285714285715,0.0,1
Neuquén,2023,36,10.285714285714286,9.2,63.57142857142857,2.0,1
Neuquén,2023,37,12.571428571428571,3.0,50.285714285714285,1.0,1
Neuquén,2023,38,10.685714285714285,0.0,58.142857142857146,0.0,1
Neuquén,2023,39,13.885714285714286,0.3,42.0,0.0,1
Neuquén,2023,40,14.457142857142857,0.0,39.714285714285715,0.0,1
Neuquén,2023,41,14.642857142857142,0.0,43.285714285714285,0.0,1
Neuquén,2023,42,17.271428571428572,3.0,49.42857142857143,1.0,1
Neuquén,2023,43,15.357142857142858,1.1,51.857142857142854,0.0,1
Neuquén,2023,44,13.5,35.5,58.42857142857143,2.0,1
Neuquén,2023,45,18.285714285714285,0.0,37.57142857142857,0.0,1
Neuquén,2023,46,16.071428571428573,0.0,37.42857142857143,0.0,1
Neuquén,2023,47,21.67142857142857,0.0,34.285714285714285,0.0,1
Neuquén,2023,48,20.457142857142856,0.0,34.42857142857143,0.0,1
Neuquén,2023,49,23.071428571428573,4.5,37.142857142857146,1.0,1
Neuquén,2023,50,23.142857142857142,0.0,30.285714285714285,0.0,1
Neuquén,2023,51,21.485714285714288,2.0,41.57142857142857,1.0,1
Neuquén,2023,52,26.714285714285715,0.0,35.42857142857143,0.0,1
Neuquén,2024,1,26.271428571428572,2.0,41.857142857142854,1.0,1
Neuquén,2024,2,23.157142857142855,3.0,34.714285714285715,1.0,1
Neuquén,2024,3,25.614285714285717,0.0,33.857142857142854,0.0,1
Neuquén,2024,4,30.428571428571427,0.0,33.142857142857146,0.0,1
Neuquén,2024,5,27.02857142857143,1.0,34.0,0.0,1
Neuquén,2024,6,24.842857142857145,42.0,51.42857142857143,2.0,1
Neuquén,2024,7,25.38571428571429,0.0,42.42857142857143,0.0,1
Neuquén,2024,8,23.900000000000002,3.5,45.142857142857146,1.0,1
Neuquén,2024,9,22.414285714285715,0.0,45.285714285714285,0.0,1
Neuquén,2024,10,19.82857142857143,0.0,46.714285714285715,0.0,1
Neuquén,2024,11,19.285714285714285,0.0,42.857142857142854,0.0,1
Neuquén,2024,12,18.3,0.0,45.285714285714285,0.0,1
Neuquén,2024,13,19.457142857142856,0.0,52.57142857142857,0.0,1
Neuquén,2024,14,16.142857142857142,0.0,52.142857142857146,0.0,1
Neuquén,2024,15,12.685714285714285,10.600000000000001,67.85714285714286,3.0,1
Neuquén,2024,16,13.942857142857141,0.9000000000000001,63.857142857142854,0.0,1
Neuquén,2024,17,12.042857142857143,0.0,55.142857142857146,0.0,1
Neuquén,2024,18,8.77142857142857,0.0,56.0,0.0,1
Neuquén,2024,19,8.557142857142857,19.5,63.0,2.0,1
Neuquén,2024,20,5.257142857142857,3.0,79.0,1.0,1
Neuquén,2024,21,6.442857142857143,1.2,76.0,1.0,1
Neuquén,2024,22,7.485714285714287,0.2,74.14285714285714,0.0,1
Neuquén,2024,23,9.757142857142856,1.0,74.71428571428571,0.0,1
Neuquén,2024,24,10.014285714285714,2.8,71.85714285714286,1.0,1
Neuquén,2024,25,5.957142857142857,2.9,74.0,2.0,1
Neuquén,2024,26,5.928571428571429,0.0,64.85714285714286,0.0,1
Neuquén,2024,27,4.914285714285714,0.0,61.42857142857143,0.0,1
Neuquén,2024,28,0.9571428571428572,0.0,76.14285714285714,0.0,1
Neuquén,2024,29,5.471428571428571,0.0,64.71428571428571,0.0,1
Neuquén,2024,30,8.214285714285714,0.0,52.0,0.0,1
Neuquén,2024,31,8.014285714285714,0.0,55.142857142857146,0.0,1
Neuquén,2024,32,7.557142857142857,5.0,61.0,1.0,1
Neuquén,2024,33,7.814285714285715,0.0,60.714285714285715,0.0,1
Neuquén,2024,34,5.657142857142857,11.0,71.28571428571429,2.0,1
Neuquén,2024,35,11.685714285714285,0.0,53.0,0.0,1
Neuquén,2024,36,11.857142857142858,0.0,43.57142857142857,0.0,1
Neuquén,2024,37,11.928571428571429,2.9,44.0,1.0,1
Neuquén,2024,38,14.685714285714285,0.0,36.42857142857143,0.0,1
Neuquén,2024,39,13.642857142857142,2.0,42.142857142857146,1.0,1
Neuquén,2024,40,13.742857142857144,0.0,39.857142857142854,0.0,1
Neuquén,2024,41,16.4,0.4,46.57142857142857,0.0,1
Neuquén,2024,42,20.3,0.0,42.285714285714285,0.0,1
Neuquén,2024,43,20.142857142857142,0.0,34.142857142857146,0.0,1
Neuquén,2024,44,22.314285714285713,0.0,30.714285714285715,0.0,1
Neuquén,2024,45,18.67142857142857,0.0,38.142857142857146,0.0,1
Neuquén,2024,46,20.185714285714287,0.0,31.571428571428573,0.0,1
Neuquén,2024,47,23.17142857142857,0.0,39.285714285714285,0.0,1
Neuquén,2024,48,19.985714285714288,0.0,30.0,0.0,1
Neuquén,2024,49,18.914285714285715,0.0,34.857142857142854,0.0,1
Neuquén,2024,50,24.442857142857143,0.0,35.142857142857146,0.0,1
Neuquén,2024,51,24.32857142857143,0.0,30.857142857142858,0.0,1
Neuquén,2024,52,25.342857142857145,0.8,34.0,0.0,1
Neuquén,2025,1,26.314285714285713,0.0,33.142857142857146,0.0,1
Neuquén,2025,2,28.157142857142862,0.0,36.0,0.0,1
Neuquén,2025,3,26.25714285714286,0.0,28.142857142857142,0.0,1
Neuquén,2025,4,26.885714285714283,0.0,30.285714285714285,0.0,1
Neuquén,2025,5,27.400000000000002,0.5,35.142857142857146,0.0,1
Neuquén,2025,6,25.25714285714286,0.0,36.57142857142857,0.0,1
Neuquén,2025,7,23.885714285714283,0.0,37.142857142857146,0.0,1
Neuquén,2025,8,25.414285714285715,0.2,40.285714285714285,0.0,1
Neuquén,2025,9,23.75714285714286,6.3,51.0,1.0,1
Neuquén,2025,10,20.542857142857144,0.0,52.57142857142857,0.0,1
Neuquén,2025,11,20.714285714285715,0.0,47.714285714285715,0.0,1
Neuquén,2025,12,19.52857142857143,2.2,52.714285714285715,1.0,1
Neuquén,2025,13,16.5,2.0,66.85714285714286,1.0,1
Neuquén,2025,14,13.357142857142858,0.0,51.714285714285715,0.0,1
Neuquén,2025,15,16.685714285714287,0.0,57.857142857142854,0.0,1
Neuquén,2025,16,12.814285714285715,4.6,65.71428571428571,1.0,1
Neuquén,2025,17,14.585714285714285,5.7,67.28571428571429,1.0,1
Neuquén,2025,18,11.314285714285715,3.0,65.57142857142857,1.0,1
Neuquén,2025,19,12.114285714285714,0.0,62.714285714285715,0.0,1
Neuquén,2025,20,11.242857142857144,0.0,62.714285714285715,0.0,1
Neuquén,2025,21,9.585714285714285,0.0,61.0,0.0,1
Neuquén,2025,22,7.785714285714286,0.0,58.0,0.0,1
Neuquén,2025,23,8.442857142857143,0.0,62.0,0.0,1
Neuquén,2025,24,7.542857142857143,1.0,67.14285714285714,0.0,1
Neuquén,2025,25,6.3999999999999995,0.0,59.42857142857143,0.0,1
Neuquén,2025,26,6.185714285714286,1.0,51.42857142857143,0.0,1
Neuquén,2025,27,2.357142857142857,0.0,77.42857142857143,0.0,1
Neuquén,2025,28,5.857142857142857,0.0,66.0,0.0,1
Neuquén,2025,29,7.728571428571429,0.0,56.285714285714285,0.0,1
Neuquén,2025,30,4.6000000000000005,20.0,75.71428571428571,3.0,1
Neuquén,2025,31,7.371428571428572,0.0,82.14285714285714,0.0,1
Neuquén,2025,32,8.342857142857143,0.0,62.285714285714285,0.0,1
Neuquén,2025,33,12.057142857142859,0.0,56.57142857142857,0.0,1
Neuquén,2025,34,11.114285714285714,0.0,49.285714285714285,0.0,1
Neuquén,2025,35,11.514285714285714,13.0,56.714285714285715,2.0,1
Neuquén,2025,36,9.214285714285714,0.0,53.0,0.0,1
Neuquén,2025,37,14.557142857142859,0.0,42.285714285714285,0.0,1
Neuquén,2025,38,13.985714285714286,0.5,54.57142857142857,0.0,1
Neuquén,2025,39,14.62857142857143,0.2,47.42857142857143,0.0,1
Neuquén,2025,40,16.32857142857143,0.0,34.142857142857146,0.0,1
Neuquén,2025,41,17.54285714285714,0.0,38.57142857142857,0.0,1
Neuquén,2025,42,18.599999999999998,0.0,33.857142857142854,0.0,1
Neuquén,2025,43,17.685714285714287,0.1,34.142857142857146,0.0,1
Neuquén,2025,44,17.0,0.0,35.857142857142854,0.0,1
Neuquén,2025,45,18.599999999999998,9.1,51.57142857142857,2.0,1
Neuquén,2025,46,20.8,0.6,38.57142857142857,0.0,1
Neuquén,2025,47,22.714285714285715,0.0,34.0,0.0,1
Neuquén,2025,48,23.900000000000002,34.6,47.142857142857146,2.0,1
Neuquén,2025,49,24.342857142857145,0.0,37.42857142857143,0.0,1
Neuquén,2025,50,24.814285714285713,0.0,32.57142857142857,0.0,1
Neuquén,2025,51,23.228571428571428,0.0,33.142857142857146,0.0,1
Neuquén,2025,52,23.900000000000002,0.0,34.0,0.0,1
Río Negro,2018,1,18.14,14.4,49.4,1.0,5
Río Negro,2018,2,22.474285714285713,1.7,42.82857142857143,0.2,5
Río Negro,2018,3,22.080000000000002,1.2,45.77142857142857,0.6,5
Río Negro,2018,4,19.52285714285714,7.040000000000001,46.142857142857146,1.0,5
Río Negro,2018,5,22.81047619047619,3.2399999999999998,41.733333333333334,0.6,5
Río Negro,2018,6,18.194285714285716,1.2,48.542857142857144,0.4,5
Río Negro,2018,7,23.282857142857143,1.4,44.971428571428575,0.4,5
Río Negro,2018,8,18.054285714285715,6.74,54.94285714285714,0.6,5
Río Negro,2018,9,20.437142857142856,2.4,53.114285714285714,0.6,5
Río Negro,2018,10,17.53142857142857,10.7,53.971428571428575,2.0,5
Río Negro,2018,11,13.331428571428571,20.6,55.94285714285714,2.8,5
Río Negro,2018,12,12.654285714285715,5.4799999999999995,57.05714285714286,0.8,5
Río Negro,2018,13,15.277142857142858,0.0,56.857142857142854,0.0,5
Río Negro,2018,14,13.419999999999998,9.379999999999999,58.2,1.2,5
Río Negro,2018,15,11.837142857142856,22.94,61.8,1.2,5
Río Negro,2018,16,14.280000000000001,3.5799999999999996,56.65714285714286,0.4,5
Río Negro,2018,17,8.98,8.36,66.17142857142858,0.8,5
Río Negro,2018,18,8.531428571428572,10.059999999999999,70.82857142857144,1.4,5
Río Negro,2018,19,11.071428571428571,14.940000000000001,76.22857142857143,1.0,5
Río Negro,2018,20,7.217142857142858,7.859999999999999,76.82857142857142,1.4,5
Río Negro,2018,21,7.022857142857143,8.6,73.11428571428571,0.8,5
Río Negro,2018,22,4.085714285714286,7.459999999999999,76.57142857142857,1.0,5
Río Negro,2018,23,3.657142857142857,18.160000000000004,77.2,2.4,5
Río Negro,2018,24,3.497142857142857,14.0,77.07142857142858,1.2,5
Río Negro,2018,25,5.685714285714286,10.459999999999999,65.82857142857142,2.0,5
Río Negro,2018,26,6.034285714285715,42.44,70.34285714285714,2.6,5
Río Negro,2018,27,1.6028571428571428,7.4799999999999995,81.37619047619049,1.4,5
Río Negro,2018,28,5.894285714285714,27.560000000000002,78.02857142857144,1.8,5
Río Negro,2018,29,3.1514285714285712,32.3,78.57142857142857,2.0,5
Río Negro,2018,30,3.277142857142857,0.4,75.42857142857143,0.2,5
Río Negro,2018,31,5.054285714285714,15.6,65.08571428571429,1.0,5
Río Negro,2018,32,5.828571428571428,9.14,76.22857142857143,0.8,5
Río Negro,2018,33,6.328571428571429,1.6600000000000001,61.2,0.4,5
Río Negro,2018,34,6.631428571428572,4.38,60.05714285714286,0.4,5
Río Negro,2018,35,7.3028571428571425,4.720000000000001,60.94285714285714,0.8,5
Río Negro,2018,36,7.437142857142857,3.2,60.62857142857142,0.4,5
Río Negro,2018,37,9.991428571428571,2.1399999999999997,61.885714285714286,0.6,5
Río Negro,2018,38,10.217142857142857,36.82,64.68571428571428,2.8,5
Río Negro,2018,39,7.851428571428572,23.119999999999997,67.14285714285714,3.4,5
Río Negro,2018,40,10.088571428571429,2.7,53.22857142857142,0.4,5
Río Negro,2018,41,10.625714285714286,3.8200000000000003,51.71428571428571,0.6,5
Río Negro,2018,42,10.377142857142857,22.94,66.97142857142858,2.4,5
Río Negro,2018,43,12.325714285714286,11.86,71.17142857142858,1.8,5
Río Negro,2018,44,12.111428571428572,20.28,66.68571428571428,2.8,5
Río Negro,2018,45,14.414285714285715,15.8,59.0,2.4,5
Río Negro,2018,46,13.548571428571426,0.5399999999999999,54.02857142857143,0.2,5
Río Negro,2018,47,16.18857142857143,14.6,47.82857142857143,0.6,5
Río Negro,2018,48,16.997142857142855,7.3,51.228571428571435,0.8,5
Río Negro,2018,49,18.694285714285712,0.9800000000000001,50.94285714285714,0.2,5
Río Negro,2018,50,17.068571428571428,13.8,50.4,0.8,5
Río Negro,2018,51,19.425714285714285,1.7399999999999998,48.542857142857144,0.2,5
Río Negro,2018,52,18.637142857142855,5.640000000000001,48.65714285714286,0.8,5
Río Negro,2019,1,18.285714285714285,0.0,46.457142857142856,0.0,5
Río Negro,2019,2,16.014285714285712,5.94,49.82857142857143,0.8,5
Río Negro,2019,3,21.231428571428573,0.1,40.0,0.0,5
Río Negro,2019,4,19.96,4.2,45.65714285714286,0.4,5
Río Negro,2019,5,19.917142857142856,0.0,44.028571428571425,0.0,5
Río Negro,2019,6,20.614285714285714,1.92,44.68571428571429,0.4,5
Río Negro,2019,7,21.68,0.15999999999999998,41.65714285714286,0.0,5
Río Negro,2019,8,17.61142857142857,0.2,52.62857142857142,0.0,5
Río Negro,2019,9,15.322857142857142,1.7399999999999998,53.82857142857142,0.4,5
Río Negro,2019,10,15.688571428571427,7.7,50.971428571428575,0.6,5
Río Negro,2019,11,16.142857142857142,16.64,65.05714285714285,1.4,5
Río Negro,2019,12,13.14,0.64,57.542857142857144,0.2,5
Río Negro,2019,13,15.777142857142858,0.0,55.71428571428571,0.0,5
Río Negro,2019,14,15.505714285714285,4.6,54.8,0.8,5
Río Negro,2019,15,13.26,3.4,59.885714285714286,0.6,5
Río Negro,2019,16,11.137142857142859,3.5,60.65714285714286,0.2,5
Río Negro,2019,17,11.891428571428571,3.6399999999999997,68.91428571428571,0.4,5
Río Negro,2019,18,9.274285714285714,48.7,67.94285714285715,2.8,5
Río Negro,2019,19,9.991428571428571,3.3400000000000007,75.17142857142858,0.6,5
Río Negro,2019,20,8.105714285714287,2.54,69.8,0.4,5
Río Negro,2019,21,6.171428571428572,0.64,68.4857142857143,0.2,5
Río Negro,2019,22,5.477142857142857,13.2,78.25714285714287,2.2,5
Río Negro,2019,23,8.588571428571429,38.720000000000006,70.91428571428571,2.4,5
Río Negro,2019,24,4.351428571428571,13.459999999999999,79.45714285714286,1.4,5
Río Negro,2019,25,7.5685714285714285,37.459999999999994,78.54285714285714,2.2,5
Río Negro,2019,26,4.385714285714285,18.259999999999998,75.34285714285714,2.0,5
Río Negro,2019,27,3.2057142857142855,3.22,74.82857142857142,0.8,5
Río Negro,2019,28,5.091428571428572,5.4799999999999995,77.97142857142858,1.2,5
Río Negro,2019,29,5.457142857142857,38.1,71.77142857142857,2.8,5
Río Negro,2019,30,2.505714285714286,7.8,73.0,0.6,5
Río Negro,2019,31,6.9799999999999995,20.0,65.11428571428571,1.2,5
Río Negro,2019,32,5.162857142857144,7.9,64.52380952380952,1.6,5
Río Negro,2019,33,4.057142857142857,3.34,74.97142857142858,0.8,5
Río Negro,2019,34,6.16,9.6,75.8,1.8,5
Río Negro,2019,35,7.1971428571428575,26.860000000000003,64.85714285714286,1.0,5
Río Negro,2019,36,4.317142857142857,4.62,67.22857142857143,1.0,5
Río Negro,2019,37,7.417142857142856,4.38,65.4857142857143,0.6,5
Río Negro,2019,38,8.214285714285714,5.4799999999999995,54.0,0.4,5
Río Negro,2019,39,13.291428571428572,2.2,54.17142857142858,0.4,5
Río Negro,2019,40,8.40857142857143,5.14,54.08571428571429,1.2,5
Río Negro,2019,41,11.997142857142858,0.15999999999999998,50.71428571428571,0.0,5
Río Negro,2019,42,11.697142857142858,5.2,58.828571428571436,1.2,5
Río Negro,2019,43,12.248571428571427,9.459999999999999,56.31428571428571,0.6,5
Río Negro,2019,44,13.508571428571429,8.42,51.62857142857142,1.6,5
Río Negro,2019,45,14.602857142857141,0.02,47.34285714285714,0.0,5
Río Negro,2019,46,17.088571428571427,4.96,52.6,0.8,5
Río Negro,2019,47,16.785714285714285,7.7,47.28571428571429,1.2,5
Río Negro,2019,48,14.865714285714285,7.3,48.4,0.6,5
Río Negro,2019,49,17.645714285714284,1.4400000000000002,45.4,0.4,5
Río Negro,2019,50,17.422857142857143,0.02,46.17142857142857,0.0,5
Río Negro,2019,51,18.628571428571426,1.2,46.17142857142857,0.4,5
Río Negro,2019,52,18.982857142857142,12.3,48.857142857142854,1.2,5
Río Negro,2020,1,21.31142857142857,10.68,52.8,0.6,5
Río Negro,2020,2,17.225714285714286,8.36,51.25714285714285,0.8,5
Río Negro,2020,3,20.142857142857142,8.2,45.0,0.6,5
Río Negro,2020,4,22.68,0.0,44.22857142857143,0.0,5
Río Negro,2020,5,19.89714285714286,2.0,46.2,0.6,5
Río Negro,2020,6,17.357142857142854,5.4,56.885714285714286,1.0,5
Río Negro,2020,7,19.897142857142857,4.8,48.371428571428574,0.6,5
Río Negro,2020,8,17.137142857142855,0.02,44.8,0.0,5
Río Negro,2020,9,19.47142857142857,0.16,48.42857142857143,0.0,5
Río Negro,2020,10,20.931428571428572,4.7,49.971428571428575,0.2,5
Río Negro,2020,11,17.49142857142857,1.8399999999999999,53.028571428571425,0.4,5
Río Negro,2020,12,17.21142857142857,0.0,53.74285714285715,0.0,5
Río Negro,2020,13,16.474285714285717,5.720000000000001,61.771428571428565,0.6,5
Río Negro,2020,14,12.345714285714285,0.9199999999999999,57.0,0.4,5
Río Negro,2020,15,11.205714285714286,0.13999999999999999,54.82857142857142,0.0,5
Río Negro,2020,16,14.651428571428571,9.559999999999999,61.457142857142856,1.4,5
Río Negro,2020,17,10.454285714285714,10.26,69.08571428571429,1.6,5
Río Negro,2020,18,10.748571428571427,13.84,73.02857142857142,1.4,5
Río Negro,2020,19,8.794285714285715,39.38,72.14285714285714,2.4,5
Río Negro,2020,20,10.594285714285714,11.280000000000001,65.37142857142858,1.2,5
Río Negro,2020,21,7.457142857142857,16.3,72.88571428571429,1.6,5
Río Negro,2020,22,5.322857142857143,23.28,75.4,1.6,5
Río Negro,2020,23,6.411428571428571,6.5,69.71428571428571,1.0,5
Río Negro,2020,24,6.551428571428572,23.6,65.88571428571429,1.8,5
Río Negro,2020,25,5.8028571428571425,22.0,74.08571428571429,2.0,5
Río Negro,2020,26,2.242857142857143,21.86,78.85714285714286,2.8,5
Río Negro,2020,27,3.208571428571428,8.9,84.4857142857143,1.8,5
Río Negro,2020,28,2.2742857142857145,35.86,76.76666666666667,3.4,5
Río Negro,2020,29,3.2628571428571425,11.459999999999999,81.22857142857143,1.4,5
Río Negro,2020,30,3.9628571428571426,46.14,78.85714285714286,3.4,5
Río Negro,2020,31,4.308571428571429,1.8199999999999998,69.2,0.4,5
Río Negro,2020,32,5.897142857142858,14.959999999999999,71.2,1.6,5
Río Negro,2020,33,5.254285714285714,5.819999999999999,61.48571428571429,0.8,5
Río Negro,2020,34,5.5200000000000005,1.1800000000000002,58.08571428571429,0.4,5
Río Negro,2020,35,6.331428571428572,7.359999999999999,68.05714285714285,1.4,5
Río Negro,2020,36,6.482857142857142,0.04,63.94285714285714,0.0,5
Río Negro,2020,37,8.5,15.4,59.971428571428575,2.0,5
Río Negro,2020,38,9.162857142857142,0.08,51.94285714285714,0.0,5
Río Negro,2020,39,10.385714285714286,0.0,52.48571428571429,0.0,5
Río Negro,2020,40,7.405714285714285,1.64,59.34285714285714,0.6,5
Río Negro,2020,41,11.194285714285716,3.12,53.62857142857142,0.6,5
Río Negro,2020,42,16.222857142857144,1.0,43.885714285714286,0.4,5
Río Negro,2020,43,13.382857142857143,4.0,53.171428571428564,0.4,5
Río Negro,2020,44,15.042857142857144,2.4,43.68571428571429,0.6,5
Río Negro,2020,45,16.74857142857143,12.1,53.71428571428571,1.4,5
Río Negro,2020,46,16.562857142857144,6.5,57.25714285714285,0.4,5
Río Negro,2020,47,19.291428571428572,0.24,46.142857142857146,0.0,5
Río Negro,2020,48,15.819999999999999,3.46,47.142857142857146,0.6,5
Río Negro,2020,49,18.711428571428574,0.0,34.971428571428575,0.0,5
Río Negro,2020,50,17.654285714285713,7.74,45.05714285714286,1.2,5
Río Negro,2020,51,16.622857142857143,0.02,45.971428571428575,0.0,5
Río Negro,2020,52,20.374285714285715,4.0,52.77142857142858,0.8,5
Río Negro,2020,53,20.32857142857143,3.84,47.42857142857143,0.8,5
Río Negro,2021,1,18.931428571428572,1.92,46.0,0.4,5
Río Negro,2021,2,17.451428571428572,2.8,49.114285714285714,0.6,5
Río Negro,2021,3,24.111428571428572,0.0,44.71428571428571,0.0,5
Río Negro,2021,4,17.02857142857143,3.66,52.0,0.8,5
Río Negro,2021,5,22.065714285714286,0.82,45.028571428571425,0.2,5
Río Negro,2021,6,21.52857142857143,0.0,51.457142857142856,0.0,5
Río Negro,2021,7,17.722857142857144,0.02,45.57142857142857,0.0,5
Río Negro,2021,8,20.714285714285715,1.2,46.50476190476191,0.2,5
Río Negro,2021,9,20.80857142857143,7.5200000000000005,60.34285714285714,0.6,5
Río Negro,2021,10,17.69142857142857,6.8,49.885714285714286,0.8,5
Río Negro,2021,11,14.757142857142856,3.3,61.34285714285714,0.6,5
Río Negro,2021,12,14.417142857142858,0.0,51.971428571428575,0.0,5
Río Negro,2021,13,16.017142857142858,3.7,63.68571428571429,0.4,5
Río Negro,2021,14,14.322857142857142,6.540000000000001,67.28571428571429,0.6,5
Río Negro,2021,15,14.01142857142857,0.2,62.6,0.0,5
Río Negro,2021,16,12.554285714285715,23.2,69.71428571428571,1.6,5
Río Negro,2021,17,12.571428571428573,14.02,67.22857142857143,1.2,5
Río Negro,2021,18,6.805714285714285,0.0,62.8,0.0,5
Río Negro,2021,19,6.591428571428571,0.0,66.11428571428571,0.0,5
Río Negro,2021,20,8.054285714285715,18.240000000000002,77.97142857142856,2.2,5
Río Negro,2021,21,8.151428571428571,18.56,65.57142857142858,1.6,5
Río Negro,2021,22,7.122857142857143,19.919999999999998,74.17142857142856,2.2,5
Río Negro,2021,23,8.931428571428572,19.240000000000002,70.34285714285714,1.8,5
Río Negro,2021,24,1.0714285714285716,0.7,74.28571428571429,0.2,5
Río Negro,2021,25,4.768571428571429,11.720000000000002,73.65714285714286,1.6,5
Río Negro,2021,26,4.5285714285714285,1.34,63.811428571428564,0.4,5
Río Negro,2021,27,6.677142857142857,15.5,68.74285714285715,0.8,5
Río Negro,2021,28,3.2457142857142856,2.3,68.6,0.4,5
Río Negro,2021,29,6.305714285714285,0.7,64.88571428571429,0.2,5
Río Negro,2021,30,3.982857142857143,3.3,63.57142857142858,0.6,5
Río Negro,2021,31,6.877142857142857,1.7,67.82857142857142,0.6,5
Río Negro,2021,32,4.137142857142857,2.2,62.25714285714287,0.4,5
Río Negro,2021,33,6.677142857142857,32.44,70.57142857142858,3.2,5
Río Negro,2021,34,6.308571428571428,20.54,62.8,1.8,5
Río Negro,2021,35,9.2,0.9400000000000001,72.85714285714286,0.0,5
Río Negro,2021,36,9.428571428571429,7.38,70.02857142857142,1.6,5
Río Negro,2021,37,9.257142857142856,0.0,57.37142857142858,0.0,5
Río Negro,2021,38,11.617142857142857,2.2800000000000002,50.857142857142854,0.2,5
Río Negro,2021,39,9.537142857142857,1.58,51.65714285714286,0.4,5
Río Negro,2021,40,11.354285714285714,0.0,43.885714285714286,0.0,5
Río Negro,2021,41,12.028571428571428,2.38,52.31428571428571,0.4,5
Río Negro,2021,42,14.88857142857143,1.2,47.42857142857143,0.2,5
Río Negro,2021,43,16.445714285714285,0.04,45.42857142857143,0.0,5
Río Negro,2021,44,15.440000000000001,2.62,48.457142857142856,0.4,5
Río Negro,2021,45,15.848571428571429,30.82,57.65714285714286,2.6,5
Río Negro,2021,46,16.097142857142856,2.1399999999999997,47.65714285714286,0.2,5
Río Negro,2021,47,17.934285714285714,0.0,47.17142857142857,0.0,5
Río Negro,2021,48,18.268571428571427,2.0,42.77142857142857,0.4,5
Río Negro,2021,49,20.265714285714285,14.180000000000001,51.457142857142856,1.8,5
Río Negro,2021,50,19.394285714285715,8.8,52.114285714285714,1.0,5
Río Negro,2021,51,22.465714285714288,0.13999999999999999,40.65714285714286,0.0,5
Río Negro,2021,52,20.194285714285712,15.6,44.17142857142857,0.8,5
Río Negro,2022,1,22.842857142857145,0.62,41.371428571428574,0.2,5
Río Negro,2022,2,22.19142857142857,0.0,40.828571428571436,0.0,5
Río Negro,2022,3,15.68047619047619,38.8,63.71904761904763,4.0,5
Río Negro,2022,4,21.05142857142857,0.1,44.71428571428571,0.0,5
Río Negro,2022,5,19.50857142857143,1.72,50.77142857142857,0.4,5
Río Negro,2022,6,20.437142857142856,2.12,40.25714285714285,0.4,5
Río Negro,2022,7,19.642857142857142,12.760000000000002,52.28571428571429,1.6,5
Río Negro,2022,8,15.311428571428573,38.1,65.57142857142857,2.8,5
Río Negro,2022,9,16.13142857142857,3.66,54.228571428571435,0.4,5
Río Negro,2022,10,15.505714285714285,4.7,55.971428571428575,0.4,5
Río Negro,2022,11,15.1,1.86,52.62857142857142,0.4,5
Río Negro,2022,12,13.482857142857142,4.4399999999999995,59.0,1.0,5
Río Negro,2022,13,11.297142857142855,11.24,55.17142857142858,1.6,5
Río Negro,2022,14,12.934285714285716,7.8,71.08571428571429,1.6,5
Río Negro,2022,15,11.262857142857143,1.8,64.4,0.6,5
Río Negro,2022,16,10.4,34.160000000000004,66.57142857142858,3.0,5
Río Negro,2022,17,5.842857142857143,20.54,68.02857142857144,1.2,5
Río Negro,2022,18,11.557142857142857,0.0,65.37142857142858,0.0,5
Río Negro,2022,19,6.291428571428571,3.9799999999999995,71.22857142857143,0.8,5
Río Negro,2022,20,6.291428571428571,19.419999999999998,67.4,1.4,5
Río Negro,2022,21,1.5085714285714285,10.6,71.3952380952381,1.0,5
Río Negro,2022,22,1.7314285714285718,11.48,73.82142857142857,1.2,5
Río Negro,2022,23,4.888571428571429,26.3,68.54285714285714,1.0,5
Río Negro,2022,24,4.605714285714286,5.92,71.71428571428571,1.2,5
Río Negro,2022,25,1.0228571428571427,0.8,75.11428571428571,0.2,5
Río Negro,2022,26,5.122857142857143,37.559999999999995,68.88571428571429,2.2,5
Río Negro,2022,27,4.902857142857142,22.7,66.05714285714285,1.8,5
Río Negro,2022,28,2.854285714285714,27.7,77.2,3.0,5
Río Negro,2022,29,4.265714285714286,61.9,74.24285714285715,3.4,5
Río Negro,2022,30,4.437142857142857,8.4,80.6,1.8,5
Río Negro,2022,31,3.005714285714286,6.7,76.4857142857143,1.2,5
Río Negro,2022,32,6.191428571428572,26.839999999999996,71.31428571428572,1.4,5
Río Negro,2022,33,5.7,10.059999999999999,68.71428571428571,1.0,5
Río Negro,2022,34,6.7457142857142856,1.4,59.457142857142856,0.4,5
Río Negro,2022,35,8.454285714285714,0.0,52.885714285714286,0.0,5
Río Negro,2022,36,9.24,0.18,55.028571428571425,0.0,5
Río Negro,2022,37,9.728571428571428,31.139999999999997,67.77142857142857,2.0,5
Río Negro,2022,38,7.1257142857142854,5.12,72.77142857142857,1.0,5
Río Negro,2022,39,11.822857142857142,0.0,57.71428571428571,0.0,5
Río Negro,2022,40,10.868571428571428,12.84,60.857142857142854,1.8,5
Río Negro,2022,41,11.574285714285715,0.15999999999999998,51.885714285714286,0.0,5
Río Negro,2022,42,14.208571428571428,0.32,55.0,0.0,5
Río Negro,2022,43,12.517142857142858,10.66,55.114285714285714,2.2,5
Río Negro,2022,44,18.47714285714286,0.0,40.885714285714286,0.0,5
Río Negro,2022,45,17.114285714285714,10.3,60.74285714285715,1.8,5
Río Negro,2022,46,16.89142857142857,9.3,55.91428571428571,0.4,5
Río Negro,2022,47,19.54285714285714,10.2,45.628571428571426,0.6,5
Río Negro,2022,48,19.06,2.1399999999999997,49.65714285714286,0.2,5
Río Negro,2022,49,19.145714285714284,6.1,48.628571428571426,1.2,5
Río Negro,2022,50,19.457142857142856,0.32,48.114285714285714,0.0,5
Río Negro,2022,51,19.785714285714285,7.859999999999999,48.371428571428574,0.8,5
Río Negro,2022,52,20.38857142857143,0.0,42.83333333333333,0.0,5
Río Negro,2023,1,23.937142857142856,0.7,42.05714285714286,0.2,5
Río Negro,2023,2,19.425714285714285,1.0,50.91428571428572,0.4,5
Río Negro,2023,3,22.062857142857144,14.34,56.771428571428565,1.6,5
Río Negro,2023,4,20.374285714285712,5.8,47.0,0.6,5
Río Negro,2023,5,22.745714285714286,3.4,49.77142857142857,0.2,5
Río Negro,2023,6,21.634285714285717,2.7,51.457142857142856,0.4,5
Río Negro,2023,7,14.80857142857143,6.7,48.8,0.6,5
Río Negro,2023,8,18.554285714285715,0.32,51.142857142857146,0.2,5
Río Negro,2023,9,19.845714285714287,0.0,47.91428571428572,0.0,5
Río Negro,2023,10,19.428571428571427,6.26,58.457142857142856,1.0,5
Río Negro,2023,11,16.95714285714286,8.08,65.8,1.2,5
Río Negro,2023,12,14.862857142857143,0.0,60.457142857142856,0.0,5
Río Negro,2023,13,12.605714285714285,4.92,55.82857142857142,0.8,5
Río Negro,2023,14,14.074285714285713,3.5,65.4,0.4,5
Río Negro,2023,15,9.845714285714285,8.66,70.6,1.4,5
Río Negro,2023,16,12.285714285714286,0.62,65.62857142857143,0.2,5
Río Negro,2023,17,11.819999999999999,15.5,69.62857142857142,1.2,5
Río Negro,2023,18,9.148571428571428,1.8399999999999999,70.88571428571429,0.4,5
Río Negro,2023,19,10.637142857142857,1.0,71.94285714285715,0.2,5
Río Negro,2023,20,8.777142857142858,8.86,66.88571428571429,1.4,5
Río Negro,2023,21,5.251428571428572,21.46,71.22857142857143,1.8,5
Río Negro,2023,22,7.702857142857143,19.4,68.8,2.0,5
Río Negro,2023,23,6.511428571428572,41.86,67.45714285714287,1.8,5
Río Negro,2023,24,3.8542857142857145,5.5600000000000005,76.77142857142857,1.0,5
Río Negro,2023,25,6.654285714285715,36.0,80.54285714285714,3.0,5
Río Negro,2023,26,5.5200000000000005,17.36,79.74285714285713,2.0,5
Río Negro,2023,27,4.848571428571429,38.660000000000004,75.85714285714286,2.6,5
Río Negro,2023,28,2.0885714285714285,5.9,81.5142857142857,0.8,5
Río Negro,2023,29,4.511428571428572,26.839999999999996,72.91428571428571,1.8,5
Río Negro,2023,30,6.534285714285714,18.22,77.62857142857143,2.2,5
Río Negro,2023,31,5.6,4.9,61.25714285714285,0.6,5
Río Negro,2023,32,6.925714285714285,8.040000000000001,64.05714285714285,1.0,5
Río Negro,2023,33,6.554285714285714,32.220000000000006,77.37142857142857,4.0,5
Río Negro,2023,34,4.054285714285714,7.040000000000001,67.94285714285715,1.0,5
Río Negro,2023,35,6.782857142857142,17.6,58.857142857142854,1.4,5
Río Negro,2023,36,6.534285714285714,15.1,73.17142857142856,3.4,5
Río Negro,2023,37,8.642857142857142,39.239999999999995,64.57142857142858,2.2,5
Río Negro,2023,38,7.0600000000000005,5.32,70.74285714285715,0.8,5
Río Negro,2023,39,9.762857142857143,1.7,56.28571428571429,0.2,5
Río Negro,2023,40,10.108571428571429,1.64,56.4,0.6,5
Río Negro,2023,41,11.134285714285713,0.6,54.68571428571429,0.2,5
Río Negro,2023,42,14.334285714285713,5.0,54.65714285714286,0.4,5
Río Negro,2023,43,12.568571428571428,27.939999999999998,58.6,1.6,5
Río Negro,2023,44,10.991428571428571,2.3200000000000003,61.4,0.2,5
Río Negro,2023,45,13.934285714285716,6.04,54.48571428571429,0.8,5
Río Negro,2023,46,12.277142857142858,11.459999999999999,54.142857142857146,1.0,5
Río Negro,2023,47,17.557142857142857,0.24,45.65714285714286,0.2,5
Río Negro,2023,48,16.065714285714286,3.0,53.828571428571436,0.6,5
Río Negro,2023,49,19.085714285714285,1.4,50.05714285714286,0.2,5
Río Negro,2023,50,17.38285714285714,9.379999999999999,55.4,1.0,5
Río Negro,2023,51,17.271428571428572,4.4799999999999995,53.71428571428571,0.6,5
Río Negro,2023,52,21.720000000000002,3.2,47.028571428571425,0.2,5
Río Negro,2024,1,21.68,10.92,55.57142857142857,0.8,5
Río Negro,2024,2,18.562857142857144,2.7399999999999998,48.0,0.4,5
Río Negro,2024,3,20.96857142857143,0.0,47.94285714285714,0.0,5
Río Negro,2024,4,26.634285714285717,0.02,39.68571428571428,0.0,5
Río Negro,2024,5,22.18285714285714,0.7,51.34285714285714,0.2,5
Río Negro,2024,6,21.580000000000002,1.3,55.77142857142858,0.4,5
Río Negro,2024,7,22.005714285714287,0.0,42.51428571428571,0.0,5
Río Negro,2024,8,19.791428571428572,4.84,52.228571428571435,0.6,5
Río Negro,2024,9,17.56,7.44,53.171428571428564,0.4,5
Río Negro,2024,10,16.657142857142855,2.84,51.48571428571429,0.4,5
Río Negro,2024,11,15.534285714285716,6.0,51.114285714285714,0.6,5
Río Negro,2024,12,13.765714285714287,15.34,59.71428571428571,1.0,5
Río Negro,2024,13,15.1,1.0,57.25714285714285,0.4,5
Río Negro,2024,14,13.285714285714286,9.459999999999999,57.94285714285714,1.0,5
Río Negro,2024,15,10.154285714285715,1.34,68.2,0.2,5
Río Negro,2024,16,11.231428571428571,20.880000000000003,67.82857142857144,1.4,5
Río Negro,2024,17,8.602857142857143,26.9,64.28571428571429,2.8,5
Río Negro,2024,18,6.157142857142857,43.9,67.34285714285714,2.2,5
Río Negro,2024,19,5.377142857142857,10.8,73.17142857142858,1.8,5
Río Negro,2024,20,3.494285714285714,8.34,74.65714285714286,0.8,5
Río Negro,2024,21,3.625714285714286,1.1199999999999999,77.82857142857142,0.4,5
Río Negro,2024,22,5.502857142857143,9.180000000000001,74.54285714285714,1.2,5
Río Negro,2024,23,7.582857142857142,16.68,79.8,2.0,5
Río Negro,2024,24,7.491428571428571,17.72,77.88571428571429,2.4,5
Río Negro,2024,25,3.8199999999999994,19.72,81.74285714285715,2.6,5
Río Negro,2024,26,3.7,19.5,77.11428571428571,1.6,5
Río Negro,2024,27,1.8514285714285712,15.86,75.4,1.2,5
Río Negro,2024,28,1.5399999999999998,0.36000000000000004,74.45714285714286,0.2,5
Río Negro,2024,29,3.5457142857142854,2.34,71.62857142857142,0.4,5
Río Negro,2024,30,5.597142857142858,5.9,64.8,0.8,5
Río Negro,2024,31,6.497142857142857,13.48,66.8,1.4,5
Río Negro,2024,32,6.042857142857143,9.120000000000001,70.85714285714286,1.8,5
Río Negro,2024,33,5.591428571428571,4.4,73.34285714285714,0.8,5
Río Negro,2024,34,3.0285714285714285,7.5,76.54285714285714,1.0,5
Río Negro,2024,35,7.58857142857143,5.42,62.74285714285715,0.4,5
Río Negro,2024,36,8.305714285714286,5.9799999999999995,57.34285714285714,1.0,5
Río Negro,2024,37,7.859999999999999,2.7399999999999998,58.885714285714286,0.4,5
Río Negro,2024,38,9.945714285714285,27.32,56.37142857142857,2.0,5
Río Negro,2024,39,9.657142857142857,17.0,54.457142857142856,1.0,5
Río Negro,2024,40,9.74,0.4,56.4,0.2,5
Río Negro,2024,41,12.651428571428571,0.52,56.31428571428571,0.0,5
Río Negro,2024,42,14.69142857142857,9.059999999999999,57.6,1.6,5
Río Negro,2024,43,15.568571428571428,1.5,50.42857142857143,0.4,5
Río Negro,2024,44,16.594285714285714,5.0200000000000005,46.74285714285715,0.8,5
Río Negro,2024,45,14.40857142857143,10.379999999999999,51.82857142857142,1.6,5
Río Negro,2024,46,15.120000000000001,2.3600000000000003,49.74285714285715,0.4,5
Río Negro,2024,47,17.985714285714284,4.4,51.34285714285714,0.8,5
Río Negro,2024,48,14.59142857142857,4.9399999999999995,57.02857142857143,0.8,5
Río Negro,2024,49,14.022857142857143,13.3,57.68571428571429,1.8,5
Río Negro,2024,50,18.514285714285712,10.28,57.51428571428571,0.8,5
Río Negro,2024,51,18.568571428571428,10.080000000000002,50.8,1.0,5
Río Negro,2024,52,20.694285714285712,0.26,50.142857142857146,0.0,5
Río Negro,2025,1,20.40285714285714,1.86,51.22857142857142,0.4,5
Río Negro,2025,2,22.917142857142856,0.2,45.65714285714286,0.0,5
Río Negro,2025,3,19.84,2.6399999999999997,46.42857142857143,0.4,5
Río Negro,2025,4,21.428571428571427,7.82,46.142857142857146,0.4,5
Río Negro,2025,5,21.705714285714286,0.0,42.51428571428571,0.0,5
Río Negro,2025,6,19.654285714285713,0.26,48.77142857142857,0.0,5
Río Negro,2025,7,18.462857142857143,3.54,49.028571428571425,0.4,5
Río Negro,2025,8,20.674285714285713,1.8800000000000001,47.94285714285714,0.6,5
Río Negro,2025,9,18.61714285714286,12.06,61.91428571428571,1.4,5
Río Negro,2025,10,17.17142857142857,8.82,60.028571428571425,1.2,5
Río Negro,2025,11,16.545714285714286,2.1,49.8,0.2,5
Río Negro,2025,12,16.217142857142857,3.04,58.51428571428571,0.4,5
Río Negro,2025,13,14.86,2.66,58.771428571428565,0.6,5
Río Negro,2025,14,10.234285714285715,2.2,56.34285714285714,0.2,5
Río Negro,2025,15,13.59142857142857,17.84,70.71428571428571,2.2,5
Río Negro,2025,16,9.628571428571428,13.98,75.14285714285714,1.6,5
Río Negro,2025,17,11.377142857142857,18.86,74.6,2.6,5
Río Negro,2025,18,8.940000000000001,9.059999999999999,73.68571428571428,1.6,5
Río Negro,2025,19,9.125714285714285,11.2,70.94285714285715,1.8,5
Río Negro,2025,20,10.48,17.080000000000002,66.82857142857144,1.8,5
Río Negro,2025,21,5.654285714285715,11.82,79.94285714285715,1.6,5
Río Negro,2025,22,5.845714285714285,1.04,70.14285714285714,0.2,5
Río Negro,2025,23,5.708571428571429,3.04,72.28571428571429,0.6,5
Río Negro,2025,24,5.597142857142857,8.78,75.54285714285714,0.6,5
Río Negro,2025,25,5.308571428571429,7.220000000000001,68.77142857142857,1.2,5
Río Negro,2025,26,2.202857142857143,8.8,68.66666666666666,1.4,5
Río Negro,2025,27,2.48,0.8,75.88666666666667,0.2,5
Río Negro,2025,28,5.054285714285714,0.0,71.74285714285715,0.0,5
Río Negro,2025,29,7.159999999999999,3.18,63.34285714285714,0.6,5
Río Negro,2025,30,1.782857142857143,12.78,81.49047619047619,2.8,5
Río Negro,2025,31,6.797142857142857,27.22,80.91428571428571,2.4,5
Río Negro,2025,32,5.151428571428572,8.18,76.4,1.0,5
Río Negro,2025,33,7.971428571428571,10.2,71.45714285714286,0.4,5
Río Negro,2025,34,7.894285714285715,9.34,69.74285714285715,1.8,5
Río Negro,2025,35,9.291428571428572,2.52,69.42857142857142,0.6,5
Río Negro,2025,36,6.354285714285714,0.7,61.94285714285714,0.0,5
Río Negro,2025,37,10.065714285714284,21.560000000000002,60.45714285714287,1.0,5
Río Negro,2025,38,10.911428571428571,13.2,71.08571428571429,1.6,5
Río Negro,2025,39,10.502857142857144,6.040000000000001,61.37142857142857,0.8,5
Río Negro,2025,40,12.74,2.16,52.57142857142857,0.6,5
Río Negro,2025,41,13.077142857142857,2.44,57.6,0.4,5
Río Negro,2025,42,14.0,5.640000000000001,50.57142857142857,0.6,5
Río Negro,2025,43,12.362857142857143,2.7199999999999998,55.74285714285715,0.6,5
Río Negro,2025,44,13.55142857142857,0.0,48.371428571428574,0.0,5
Río Negro,2025,45,15.065714285714284,9.74,56.542857142857144,1.8,5
Río Negro,2025,46,16.625714285714288,5.2,51.94285714285714,1.0,5
Río Negro,2025,47,17.268571428571427,6.6,49.857142857142854,0.8,5
Río Negro,2025,48,19.48857142857143,8.26,55.42857142857143,1.2,5
Río Negro,2025,49,19.48857142857143,0.0,49.48571428571429,0.0,5
Río Negro,2025,50,19.751428571428573,1.94,47.77142857142857,0.6,5
Río Negro,2025,51,18.025714285714287,0.52,48.6,0.4,5
Río Negro,2025,52,19.037142857142857,0.1,42.457142857142856,0.0,5
Salta,2018,1,24.0,22.566666666666666,71.23809523809524,2.6666666666666665,3
Salta,2018,2,25.271428571428572,66.53333333333333,69.71428571428571,2.0,3
Salta,2018,3,23.104761904761904,25.7,79.80952380952381,2.0,3
Salta,2018,4,24.18095238095238,99.63333333333333,83.61904761904762,4.0,3
Salta,2018,5,24.252380952380957,85.86666666666667,79.90476190476191,2.6666666666666665,3
Salta,2018,6,25.55714285714286,45.833333333333336,73.95238095238095,2.3333333333333335,3
Salta,2018,7,22.071428571428573,24.2,82.14285714285714,1.3333333333333333,3
Salta,2018,8,22.73809523809524,39.1,78.19047619047619,2.3333333333333335,3
Salta,2018,9,22.352380952380955,33.800000000000004,85.57142857142857,4.333333333333333,3
Salta,2018,10,22.661904761904765,35.666666666666664,85.42857142857143,3.3333333333333335,3
Salta,2018,11,22.742857142857144,19.533333333333335,83.66666666666667,1.6666666666666667,3
Salta,2018,12,19.552380952380954,28.666666666666668,81.76190476190476,1.0,3
Salta,2018,13,19.99047619047619,23.666666666666668,79.14285714285714,1.3333333333333333,3
Salta,2018,14,22.17619047619048,29.2,83.6190476190476,1.3333333333333333,3
Salta,2018,15,20.69047619047619,6.333333333333333,82.52380952380952,1.0,3
Salta,2018,16,22.271428571428572,0.0,79.42857142857143,0.0,3
Salta,2018,17,23.242857142857144,29.333333333333332,84.14285714285714,1.6666666666666667,3
Salta,2018,18,22.795238095238094,38.6,86.42857142857143,2.6666666666666665,3
Salta,2018,19,20.538095238095238,0.16666666666666666,82.76190476190476,0.0,3
Salta,2018,20,16.590476190476192,2.966666666666667,83.19047619047619,0.6666666666666666,3
Salta,2018,21,15.38095238095238,0.0,79.3809523809524,0.0,3
Salta,2018,22,14.338095238095237,4.3,82.66666666666667,1.0,3
Salta,2018,23,10.085714285714285,0.0,77.95238095238095,0.0,3
Salta,2018,24,10.185714285714285,0.0,70.47619047619047,0.0,3
Salta,2018,25,14.114285714285714,0.19999999999999998,73.14285714285715,0.0,3
Salta,2018,26,13.67142857142857,0.0,79.0,0.0,3
Salta,2018,27,11.61904761904762,7.566666666666666,88.33333333333333,2.0,3
Salta,2018,28,11.385714285714286,0.0,74.61904761904763,0.0,3
Salta,2018,29,12.142857142857144,1.6666666666666667,78.66666666666667,0.3333333333333333,3
Salta,2018,30,9.428571428571429,0.0,62.61904761904762,0.0,3
Salta,2018,31,12.1,0.0,71.23809523809524,0.0,3
Salta,2018,32,14.261904761904761,0.0,62.76190476190476,0.0,3
Salta,2018,33,16.252380952380953,0.0,61.76190476190476,0.0,3
Salta,2018,34,12.580952380952382,0.0,54.85714285714286,0.0,3
Salta,2018,35,16.51904761904762,0.4333333333333334,57.0,0.0,3
Salta,2018,36,18.671428571428567,0.0,47.19047619047618,0.0,3
Salta,2018,37,19.97142857142857,8.633333333333333,64.61904761904762,1.6666666666666667,3
Salta,2018,38,24.06190476190476,0.3333333333333333,53.904761904761905,0.0,3
Salta,2018,39,26.02857142857143,1.0,59.80952380952382,0.3333333333333333,3
Salta,2018,40,20.71904761904762,0.7333333333333334,54.0,0.3333333333333333,3
Salta,2018,41,19.671428571428574,29.066666666666663,73.19047619047619,2.3333333333333335,3
Salta,2018,42,24.376190476190477,33.93333333333334,64.57142857142857,1.6666666666666667,3
Salta,2018,43,20.614285714285714,50.300000000000004,86.19047619047619,4.333333333333333,3
Salta,2018,44,23.228571428571428,3.6666666666666665,75.71428571428571,1.0,3
Salta,2018,45,24.071428571428573,17.400000000000002,75.6190476190476,1.6666666666666667,3
Salta,2018,46,23.761904761904763,12.833333333333334,69.3809523809524,1.3333333333333333,3
Salta,2018,47,22.666666666666668,13.666666666666666,75.04761904761905,1.3333333333333333,3
Salta,2018,48,20.866666666666664,65.23333333333333,85.85714285714285,4.0,3
Salta,2018,49,20.347619047619048,17.666666666666668,77.57142857142857,1.6666666666666667,3
Salta,2018,50,26.14761904761905,37.666666666666664,74.42857142857143,2.3333333333333335,3
Salta,2018,51,22.771428571428572,72.46666666666667,82.90476190476191,3.6666666666666665,3
Salta,2018,52,26.566666666666663,16.23333333333333,74.09523809523809,0.6666666666666666,3
Salta,2019,1,25.576190476190476,19.766666666666666,80.09523809523809,1.3333333333333333,3
Salta,2019,2,23.14761904761905,18.599999999999998,81.33333333333333,2.0,3
Salta,2019,3,22.114285714285714,51.06666666666666,83.66666666666667,3.3333333333333335,3
Salta,2019,4,27.757142857142856,10.0,68.85714285714286,0.6666666666666666,3
Salta,2019,5,24.87142857142857,63.36666666666667,78.19047619047619,3.0,3
Salta,2019,6,24.4047619047619,5.666666666666667,76.71428571428571,0.6666666666666666,3
Salta,2019,7,21.97142857142857,63.56666666666666,80.57142857142857,2.6666666666666665,3
Salta,2019,8,26.68095238095238,20.0,71.95238095238095,0.3333333333333333,3
Salta,2019,9,22.290476190476188,12.533333333333333,81.04761904761905,1.3333333333333333,3
Salta,2019,10,22.838095238095235,47.300000000000004,83.14285714285715,4.0,3
Salta,2019,11,20.64761904761905,34.86666666666667,88.33333333333333,4.0,3
Salta,2019,12,18.771428571428572,25.3,88.23809523809524,2.3333333333333335,3
Salta,2019,13,19.376190476190477,46.4,87.52380952380952,2.3333333333333335,3
Salta,2019,14,20.466666666666665,53.23333333333333,83.52380952380952,2.6666666666666665,3
Salta,2019,15,19.7,4.0,81.28571428571429,1.0,3
Salta,2019,16,22.019047619047615,24.3,86.61904761904763,2.6666666666666665,3
Salta,2019,17,16.95714285714286,11.166666666666666,88.90476190476191,2.0,3
Salta,2019,18,19.323809523809526,9.366666666666667,86.61904761904763,1.0,3
Salta,2019,19,18.642857142857142,9.033333333333333,85.85714285714285,2.0,3
Salta,2019,20,15.866666666666667,0.3333333333333333,81.14285714285715,0.0,3
Salta,2019,21,12.842857142857142,8.166666666666666,84.61904761904762,1.3333333333333333,3
Salta,2019,22,15.071428571428571,5.3,88.19047619047619,1.0,3
Salta,2019,23,14.495238095238095,0.0,82.66666666666667,0.0,3
Salta,2019,24,16.20952380952381,4.5,85.85714285714285,0.6666666666666666,3
Salta,2019,25,12.357142857142856,1.2000000000000002,81.76190476190476,0.3333333333333333,3
Salta,2019,26,13.723809523809523,0.8333333333333334,78.90476190476191,0.0,3
Salta,2019,27,11.033333333333333,0.3333333333333333,80.09523809523809,0.0,3
Salta,2019,28,14.914285714285716,0.06666666666666667,79.52380952380952,0.0,3
Salta,2019,29,16.757142857142856,0.06666666666666667,77.80952380952381,0.0,3
Salta,2019,30,10.414285714285715,5.333333333333333,69.0,0.6666666666666666,3
Salta,2019,31,12.766666666666666,0.0,65.76190476190476,0.0,3
Salta,2019,32,12.242857142857142,0.0,60.19047619047618,0.0,3
Salta,2019,33,14.923809523809524,0.0,58.952380952380956,0.0,3
Salta,2019,34,15.28095238095238,0.0,60.23809523809524,0.0,3
Salta,2019,35,20.71428571428571,0.0,55.0,0.0,3
Salta,2019,36,15.90952380952381,0.0,56.857142857142854,0.0,3
Salta,2019,37,18.50952380952381,0.3333333333333333,59.666666666666664,0.0,3
Salta,2019,38,17.604761904761904,0.06666666666666667,51.47619047619048,0.0,3
Salta,2019,39,22.83809523809524,0.0,45.1904761904762,0.0,3
Salta,2019,40,19.93809523809524,8.333333333333334,59.42857142857142,1.0,3
Salta,2019,41,25.519047619047615,9.200000000000001,50.666666666666664,1.0,3
Salta,2019,42,15.919047619047618,3.233333333333334,78.80952380952381,0.6666666666666666,3
Salta,2019,43,24.723809523809525,0.0,49.0,0.0,3
Salta,2019,44,27.02380952380953,40.266666666666666,59.714285714285715,1.0,3
Salta,2019,45,24.604761904761904,42.53333333333334,71.61904761904762,2.0,3
Salta,2019,46,25.94285714285714,0.3333333333333333,59.333333333333336,0.0,3
Salta,2019,47,27.30952380952381,24.099999999999998,58.047619047619044,1.0,3
Salta,2019,48,24.704761904761906,21.0,70.90476190476191,2.6666666666666665,3
Salta,2019,49,22.390476190476193,11.566666666666668,76.57142857142857,3.0,3
Salta,2019,50,25.385714285714286,25.766666666666666,67.85714285714286,2.0,3
Salta,2019,51,23.685714285714287,13.333333333333334,67.95238095238095,1.6666666666666667,3
Salta,2019,52,27.366666666666664,9.200000000000001,62.047619047619044,1.3333333333333333,3
Salta,2020,1,25.81904761904762,40.199999999999996,71.04761904761904,2.0,3
Salta,2020,2,27.047619047619047,73.76666666666667,68.09523809523809,2.3333333333333335,3
Salta,2020,3,24.55714285714286,41.166666666666664,82.19047619047619,1.6666666666666667,3
Salta,2020,4,26.38095238095238,25.733333333333334,70.66666666666667,2.0,3
Salta,2020,5,24.547619047619047,20.866666666666667,72.96031746031747,2.3333333333333335,3
Salta,2020,6,25.861904761904764,156.6,78.38095238095238,4.0,3
Salta,2020,7,23.41904761904762,114.43333333333334,85.47619047619048,3.0,3
Salta,2020,8,21.15714285714286,18.96666666666667,85.47619047619048,2.0,3
Salta,2020,9,23.109523809523807,10.633333333333333,76.38095238095238,1.0,3
Salta,2020,10,24.88095238095238,0.0,68.90476190476191,0.0,3
Salta,2020,11,26.61904761904762,17.666666666666668,69.90476190476191,1.3333333333333333,3
Salta,2020,12,22.376190476190477,7.7,82.14285714285715,1.6666666666666667,3
Salta,2020,13,23.185714285714283,25.46666666666667,79.80952380952381,2.6666666666666665,3
Salta,2020,14,21.90476190476191,40.56666666666667,84.33333333333333,1.6666666666666667,3
Salta,2020,15,18.952380952380953,2.0,78.57142857142857,0.3333333333333333,3
Salta,2020,16,18.923809523809524,0.0,73.28571428571429,0.0,3
Salta,2020,17,23.43809523809524,16.733333333333334,75.0,0.6666666666666666,3
Salta,2020,18,19.599999999999998,17.433333333333334,85.38095238095237,1.3333333333333333,3
Salta,2020,19,16.33809523809524,1.7333333333333334,78.33333333333333,0.3333333333333333,3
Salta,2020,20,16.580952380952382,0.0,74.47619047619047,0.0,3
Salta,2020,21,15.347619047619048,2.0,75.57142857142857,0.6666666666666666,3
Salta,2020,22,15.004761904761907,0.03333333333333333,72.14285714285714,0.0,3
Salta,2020,23,11.885714285714286,1.7666666666666666,73.61904761904762,0.3333333333333333,3
Salta,2020,24,15.595238095238095,0.0,77.33333333333333,0.0,3
Salta,2020,25,16.738095238095237,0.0,70.71428571428572,0.0,3
Salta,2020,26,14.614285714285716,0.0,75.04761904761905,0.0,3
Salta,2020,27,11.871428571428572,0.0,64.57142857142857,0.0,3
Salta,2020,28,11.404761904761905,1.5,71.52380952380953,0.3333333333333333,3
Salta,2020,29,15.576190476190476,0.0,69.90476190476191,0.0,3
Salta,2020,30,13.0,0.7666666666666666,75.19047619047619,0.0,3
Salta,2020,31,13.38095238095238,0.0,55.952380952380956,0.0,3
Salta,2020,32,19.514285714285716,0.0,58.23809523809524,0.0,3
Salta,2020,33,15.19047619047619,0.0,46.76190476190476,0.0,3
Salta,2020,34,12.885714285714286,0.0,46.61904761904762,0.0,3
Salta,2020,35,20.076190476190476,3.266666666666667,53.095238095238095,0.6666666666666666,3
Salta,2020,36,14.490476190476192,0.6666666666666666,63.285714285714285,0.0,3
Salta,2020,37,20.738095238095237,3.266666666666667,55.285714285714285,0.6666666666666666,3
Salta,2020,38,19.123809523809523,1.8,53.85714285714286,0.6666666666666666,3
Salta,2020,39,22.928571428571427,0.0,40.285714285714285,0.0,3
Salta,2020,40,22.38095238095238,0.0,41.095238095238095,0.0,3
Salta,2020,41,23.066666666666666,0.0,42.523809523809526,0.0,3
Salta,2020,42,24.823809523809526,0.6666666666666666,47.523809523809526,0.3333333333333333,3
Salta,2020,43,28.023809523809522,2.066666666666667,53.095238095238095,0.6666666666666666,3
Salta,2020,44,21.99047619047619,14.333333333333334,51.80952380952382,1.3333333333333333,3
Salta,2020,45,25.776190476190475,0.0,40.19047619047619,0.0,3
Salta,2020,46,24.790476190476188,17.033333333333335,67.76190476190476,2.0,3
Salta,2020,47,22.652380952380952,19.433333333333334,65.38095238095238,1.6666666666666667,3
Salta,2020,48,27.433333333333334,40.53333333333333,61.42857142857142,2.3333333333333335,3
Salta,2020,49,21.623809523809523,25.53333333333333,77.52380952380953,2.3333333333333335,3
Salta,2020,50,26.80952380952381,10.299999999999999,58.61904761904762,1.0,3
Salta,2020,51,24.909523809523808,4.666666666666667,62.76190476190476,1.0,3
Salta,2020,52,25.919047619047618,21.333333333333332,61.714285714285715,1.6666666666666667,3
Salta,2020,53,25.633333333333336,55.166666666666664,71.61904761904762,2.6666666666666665,3
Salta,2021,1,23.257142857142856,48.26666666666667,80.66666666666667,3.6666666666666665,3
Salta,2021,2,24.414285714285715,74.23333333333333,80.04761904761905,3.3333333333333335,3
Salta,2021,3,23.809523809523807,28.733333333333334,67.85714285714286,1.0,3
Salta,2021,4,25.276190476190475,48.333333333333336,73.28571428571429,1.6666666666666667,3
Salta,2021,5,22.22380952380952,15.0,79.19047619047619,2.6666666666666665,3
Salta,2021,6,22.109523809523807,38.800000000000004,79.47619047619048,3.0,3
Salta,2021,7,23.233333333333334,22.7,80.38095238095238,2.0,3
Salta,2021,8,25.171428571428567,42.26666666666667,78.66666666666667,1.3333333333333333,3
Salta,2021,9,23.81904761904762,59.20000000000001,79.85714285714285,2.6666666666666665,3
Salta,2021,10,24.104761904761904,65.39999999999999,77.3809523809524,2.0,3
Salta,2021,11,21.266666666666666,49.53333333333333,83.80952380952381,3.0,3
Salta,2021,12,20.142857142857142,58.800000000000004,87.66666666666667,2.3333333333333335,3
Salta,2021,13,19.842857142857145,2.5333333333333337,85.09523809523809,0.6666666666666666,3
Salta,2021,14,22.952380952380953,21.866666666666664,84.95238095238095,3.0,3
Salta,2021,15,20.757142857142856,18.333333333333332,82.61904761904763,1.6666666666666667,3
Salta,2021,16,20.942857142857143,15.066666666666668,85.66666666666667,1.6666666666666667,3
Salta,2021,17,17.366666666666667,0.0,79.57142857142857,0.0,3
Salta,2021,18,14.45238095238095,8.366666666666667,81.80952380952381,1.3333333333333333,3
Salta,2021,19,14.747619047619047,9.6,84.95238095238095,1.3333333333333333,3
Salta,2021,20,17.485714285714288,7.733333333333333,79.52380952380952,0.6666666666666666,3
Salta,2021,21,14.742857142857142,0.0,76.09523809523809,0.0,3
Salta,2021,22,16.533333333333335,0.0,77.61904761904762,0.0,3
Salta,2021,23,15.4,0.0,80.90476190476191,0.0,3
Salta,2021,24,9.71904761904762,7.3,85.42857142857143,1.3333333333333333,3
Salta,2021,25,10.947619047619048,0.4666666666666666,77.76190476190476,0.0,3
Salta,2021,26,8.980952380952381,0.0,68.14285714285715,0.0,3
Salta,2021,27,16.3,0.0,70.33333333333333,0.0,3
Salta,2021,28,15.228571428571428,0.0,68.28571428571429,0.0,3
Salta,2021,29,14.176190476190476,0.0,62.61904761904762,0.0,3
Salta,2021,30,11.085714285714287,0.06666666666666667,59.47619047619048,0.0,3
Salta,2021,31,15.566666666666665,0.0,58.666666666666664,0.0,3
Salta,2021,32,12.485714285714286,0.0,53.714285714285715,0.0,3
Salta,2021,33,19.857142857142858,0.0,54.095238095238095,0.0,3
Salta,2021,34,15.661904761904763,0.0,49.42857142857142,0.0,3
Salta,2021,35,23.114285714285714,0.0,60.666666666666664,0.0,3
Salta,2021,36,19.385714285714286,0.0,53.095238095238095,0.0,3
Salta,2021,37,19.890476190476193,0.26666666666666666,49.904761904761905,0.0,3
Salta,2021,38,19.952380952380953,8.899999999999999,57.47619047619048,1.0,3
Salta,2021,39,22.73809523809524,3.0,58.952380952380956,0.6666666666666666,3
Salta,2021,40,20.233333333333334,1.0,57.0,0.3333333333333333,3
Salta,2021,41,22.847619047619048,0.5333333333333333,52.47619047619048,0.0,3
Salta,2021,42,23.53333333333333,0.06666666666666667,45.23809523809524,0.0,3
Salta,2021,43,26.376190476190477,8.4,42.23809523809524,0.6666666666666666,3
Salta,2021,44,21.552380952380954,9.6,69.57142857142857,1.3333333333333333,3
Salta,2021,45,23.409523809523808,26.099999999999998,70.38095238095238,2.0,3
Salta,2021,46,22.209523809523812,8.933333333333334,65.47619047619047,1.3333333333333333,3
Salta,2021,47,25.766666666666666,15.9,64.76190476190476,1.6666666666666667,3
Salta,2021,48,25.590476190476192,4.933333333333334,58.333333333333336,1.0,3
Salta,2021,49,25.609523809523807,20.033333333333335,69.57142857142857,2.0,3
Salta,2021,50,25.171428571428574,17.5,69.66666666666667,2.6666666666666665,3
Salta,2021,51,25.31904761904762,80.0,73.23809523809524,3.3333333333333335,3
Salta,2021,52,29.133333333333336,0.6666666666666666,53.76190476190476,0.3333333333333333,3
Salta,2022,1,27.023809523809522,18.0,63.80952380952382,1.6666666666666667,3
Salta,2022,2,29.30952380952381,0.0,46.14285714285714,0.0,3
Salta,2022,3,26.666666666666668,86.16666666666667,72.33333333333333,3.3333333333333335,3
Salta,2022,4,24.17619047619048,70.83333333333333,77.76190476190476,2.6666666666666665,3
Salta,2022,5,23.81904761904762,88.86666666666667,73.66666666666667,2.0,3
Salta,2022,6,22.419047619047618,16.833333333333332,75.23809523809524,1.3333333333333333,3
Salta,2022,7,23.87142857142857,31.0,77.52380952380953,2.0,3
Salta,2022,8,25.18095238095238,57.166666666666664,80.80952380952381,2.6666666666666665,3
Salta,2022,9,25.47142857142857,3.633333333333333,76.80952380952381,0.3333333333333333,3
Salta,2022,10,22.195238095238096,59.333333333333336,83.04761904761905,3.3333333333333335,3
Salta,2022,11,21.399999999999995,2.1333333333333333,74.95238095238095,0.6666666666666666,3
Salta,2022,12,20.90476190476191,10.766666666666666,72.42857142857143,0.6666666666666666,3
Salta,2022,13,18.047619047619047,2.6666666666666665,68.57142857142857,0.6666666666666666,3
Salta,2022,14,21.69047619047619,37.766666666666666,83.09523809523809,2.3333333333333335,3
Salta,2022,15,19.123809523809523,33.333333333333336,82.52380952380952,2.6666666666666665,3
Salta,2022,16,20.238095238095237,1.5,79.71428571428571,0.3333333333333333,3
Salta,2022,17,19.414285714285715,3.1666666666666665,81.04761904761905,0.6666666666666666,3
Salta,2022,18,15.904761904761905,2.0,75.71428571428571,0.3333333333333333,3
Salta,2022,19,17.114285714285714,0.4000000000000001,81.85714285714286,0.0,3
Salta,2022,20,12.228571428571428,0.0,76.47619047619048,0.0,3
Salta,2022,21,15.923809523809524,0.13333333333333333,78.0,0.0,3
Salta,2022,22,11.152380952380952,0.30000000000000004,78.80952380952381,0.0,3
Salta,2022,23,14.314285714285715,0.13333333333333333,79.80952380952381,0.0,3
Salta,2022,24,11.504761904761905,0.0,66.90476190476191,0.0,3
Salta,2022,25,11.480952380952381,0.03333333333333333,71.23809523809524,0.0,3
Salta,2022,26,12.347619047619048,0.06666666666666667,71.90476190476191,0.0,3
Salta,2022,27,15.333333333333334,0.0,71.95238095238095,0.0,3
Salta,2022,28,12.509523809523808,0.0,59.714285714285715,0.0,3
Salta,2022,29,15.376190476190475,0.0,66.57142857142857,0.0,3
Salta,2022,30,18.347619047619048,2.1333333333333333,66.04761904761905,0.6666666666666666,3
Salta,2022,31,17.095238095238095,0.0,60.952380952380956,0.0,3
Salta,2022,32,13.90952380952381,1.3666666666666665,63.333333333333336,0.6666666666666666,3
Salta,2022,33,14.414285714285713,0.0,43.047619047619044,0.0,3
Salta,2022,34,19.10952380952381,0.0,42.666666666666664,0.0,3
Salta,2022,35,16.414285714285715,0.0,42.19047619047619,0.0,3
Salta,2022,36,17.15714285714286,0.0,36.19047619047619,0.0,3
Salta,2022,37,18.7,0.0,37.523809523809526,0.0,3
Salta,2022,38,18.557142857142857,0.09999999999999999,51.38095238095238,0.0,3
Salta,2022,39,18.804761904761904,10.366666666666667,58.047619047619044,1.6666666666666667,3
Salta,2022,40,21.961904761904762,0.0,41.047619047619044,0.0,3
Salta,2022,41,19.961904761904762,2.3333333333333335,41.38095238095238,0.6666666666666666,3
Salta,2022,42,21.57142857142857,5.466666666666666,64.04761904761905,0.3333333333333333,3
Salta,2022,43,28.02857142857143,2.0,40.38095238095238,0.3333333333333333,3
Salta,2022,44,19.52857142857143,0.0,33.0,0.0,3
Salta,2022,45,26.557142857142853,19.033333333333335,46.38095238095238,0.6666666666666666,3
Salta,2022,46,28.042857142857144,1.3333333333333333,43.47619047619048,0.3333333333333333,3
Salta,2022,47,25.71428571428571,3.1,47.80952380952382,0.3333333333333333,3
Salta,2022,48,26.585714285714285,10.966666666666667,51.52380952380952,2.3333333333333335,3
Salta,2022,49,30.87142857142857,10.733333333333334,47.52380952380952,1.0,3
Salta,2022,50,25.92857142857143,17.366666666666664,60.857142857142854,1.6666666666666667,3
Salta,2022,51,26.5952380952381,54.93333333333334,59.666666666666664,3.6666666666666665,3
Salta,2022,52,25.233333333333334,10.5,62.74603174603175,0.6666666666666666,3
Salta,2023,1,26.55714285714286,2.533333333333333,53.14285714285714,0.3333333333333333,3
Salta,2023,2,26.19047619047619,30.5,59.476190476190474,2.6666666666666665,3
Salta,2023,3,30.27619047619048,43.06666666666666,49.38095238095238,1.0,3
Salta,2023,4,25.790476190476195,59.06666666666666,74.57142857142857,3.6666666666666665,3
Salta,2023,5,25.376190476190477,18.166666666666668,71.19047619047619,1.6666666666666667,3
Salta,2023,6,27.85238095238095,9.633333333333333,63.857142857142854,0.6666666666666666,3
Salta,2023,7,22.761904761904763,30.03333333333333,70.61904761904762,3.0,3
Salta,2023,8,24.3,42.03333333333333,70.76190476190476,3.3333333333333335,3
Salta,2023,9,25.552380952380954,68.33333333333333,74.52380952380953,1.3333333333333333,3
Salta,2023,10,26.776190476190475,0.16666666666666666,71.19047619047619,0.0,3
Salta,2023,11,25.847619047619048,31.799999999999997,72.57142857142857,2.6666666666666665,3
Salta,2023,12,25.22380952380952,81.60000000000001,76.28571428571429,2.6666666666666665,3
Salta,2023,13,24.333333333333332,9.433333333333334,82.61904761904762,1.0,3
Salta,2023,14,22.109523809523807,48.4,81.66666666666667,2.0,3
Salta,2023,15,19.566666666666666,14.533333333333333,86.14285714285715,2.3333333333333335,3
Salta,2023,16,19.061904761904763,21.733333333333334,83.6190476190476,1.6666666666666667,3
Salta,2023,17,20.014285714285716,3.0666666666666664,83.19047619047619,1.0,3
Salta,2023,18,15.40952380952381,0.2333333333333333,78.33333333333333,0.0,3
Salta,2023,19,17.776190476190475,0.0,77.85714285714285,0.0,3
Salta,2023,20,20.37142857142857,0.26666666666666666,79.42857142857143,0.0,3
Salta,2023,21,19.261904761904763,3.6666666666666665,83.04761904761905,0.6666666666666666,3
Salta,2023,22,17.485714285714284,1.8666666666666665,83.47619047619048,0.3333333333333333,3
Salta,2023,23,18.94285714285714,0.0,76.85714285714286,0.0,3
Salta,2023,24,10.061904761904762,0.0,64.71428571428571,0.0,3
Salta,2023,25,16.104761904761904,0.0,74.76190476190476,0.0,3
Salta,2023,26,17.323809523809526,0.6333333333333334,78.04761904761905,0.0,3
Salta,2023,27,18.97142857142857,0.03333333333333333,76.76190476190476,0.0,3
Salta,2023,28,14.266666666666666,0.36666666666666664,77.14285714285715,0.0,3
Salta,2023,29,14.623809523809522,0.09999999999999999,72.09523809523809,0.0,3
Salta,2023,30,14.10952380952381,0.0,65.66666666666667,0.0,3
Salta,2023,31,20.52857142857143,0.0,62.047619047619044,0.0,3
Salta,2023,32,16.966666666666665,0.0,56.76190476190476,0.0,3
Salta,2023,33,19.31904761904762,0.0,59.61904761904761,0.0,3
Salta,2023,34,18.709523809523812,0.0,50.095238095238095,0.0,3
Salta,2023,35,19.823809523809526,0.43333333333333335,54.714285714285715,0.3333333333333333,3
Salta,2023,36,18.176190476190474,0.13333333333333333,69.42857142857143,0.0,3
Salta,2023,37,21.55714285714286,0.0,41.23809523809524,0.0,3
Salta,2023,38,25.142857142857142,0.0,47.142857142857146,0.0,3
Salta,2023,39,21.138095238095236,3.633333333333333,56.095238095238095,0.3333333333333333,3
Salta,2023,40,22.652380952380952,0.0,43.952380952380956,0.0,3
Salta,2023,41,23.2,0.0,39.476190476190474,0.0,3
Salta,2023,42,26.195238095238096,0.4333333333333333,52.57142857142858,0.0,3
Salta,2023,43,24.476190476190478,9.200000000000001,69.52380952380953,2.3333333333333335,3
Salta,2023,44,22.05714285714286,3.6,58.57142857142858,1.0,3
Salta,2023,45,30.099999999999998,15.666666666666666,45.57142857142858,1.3333333333333333,3
Salta,2023,46,27.238095238095237,0.0,56.047619047619044,0.0,3
Salta,2023,47,25.223809523809525,25.833333333333332,67.3809523809524,2.6666666666666665,3
Salta,2023,48,28.5,27.566666666666666,64.19047619047619,2.6666666666666665,3
Salta,2023,49,23.123809523809523,22.96666666666667,74.66666666666667,2.6666666666666665,3
Salta,2023,50,29.276190476190475,6.233333333333333,62.666666666666664,0.6666666666666666,3
Salta,2023,51,24.90476190476191,85.43333333333334,79.66666666666667,3.0,3
Salta,2023,52,25.685714285714283,60.699999999999996,76.85714285714285,3.0,3
Salta,2024,1,26.914285714285715,29.666666666666668,73.90476190476191,2.3333333333333335,3
Salta,2024,2,27.44285714285714,25.433333333333334,72.47619047619047,2.0,3
Salta,2024,3,27.161904761904765,64.63333333333334,71.95238095238095,3.0,3
Salta,2024,4,25.609523809523807,0.0,64.33333333333333,0.0,3
Salta,2024,5,29.590476190476192,5.3999999999999995,55.047619047619044,1.3333333333333333,3
Salta,2024,6,27.314285714285717,74.03333333333333,69.76190476190476,3.0,3
Salta,2024,7,25.28095238095238,74.73333333333333,77.38095238095238,2.6666666666666665,3
Salta,2024,8,25.10952380952381,22.266666666666666,76.61904761904762,1.6666666666666667,3
Salta,2024,9,26.857142857142858,21.099999999999998,75.90476190476191,1.6666666666666667,3
Salta,2024,10,25.261904761904763,37.7,82.85714285714285,3.0,3
Salta,2024,11,28.76190476190476,22.96666666666667,74.61904761904762,1.6666666666666667,3
Salta,2024,12,24.804761904761904,2.966666666666667,76.09523809523809,0.3333333333333333,3
Salta,2024,13,26.047619047619047,8.133333333333333,69.04761904761905,1.3333333333333333,3
Salta,2024,14,23.090476190476192,33.96666666666666,84.85714285714285,3.0,3
Salta,2024,15,19.442857142857147,27.2,89.09523809523809,4.0,3
Salta,2024,16,20.276190476190475,1.3333333333333333,75.04761904761905,0.3333333333333333,3
Salta,2024,17,21.576190476190476,6.6000000000000005,85.76190476190476,2.0,3
Salta,2024,18,18.947619047619046,6.900000000000001,84.09523809523809,1.3333333333333333,3
Salta,2024,19,17.51904761904762,1.2,81.85714285714286,0.0,3
Salta,2024,20,11.366666666666667,0.3333333333333333,78.47619047619048,0.0,3
Salta,2024,21,12.295238095238096,1.6666666666666667,78.66666666666667,0.3333333333333333,3
Salta,2024,22,12.980952380952381,0.0,73.38095238095238,0.0,3
Salta,2024,23,16.857142857142858,0.0,70.85714285714285,0.0,3
Salta,2024,24,20.228571428571428,0.0,72.04761904761905,0.0,3
Salta,2024,25,17.704761904761906,2.3333333333333335,73.6190476190476,0.3333333333333333,3
Salta,2024,26,10.728571428571428,3.6,73.14285714285715,0.6666666666666666,3
Salta,2024,27,13.21904761904762,0.0,61.523809523809526,0.0,3
Salta,2024,28,8.214285714285714,0.0,60.142857142857146,0.0,3
Salta,2024,29,12.623809523809522,0.0,63.0,0.0,3
Salta,2024,30,17.066666666666666,0.03333333333333333,66.14285714285714,0.0,3
Salta,2024,31,18.44761904761905,0.0,57.333333333333336,0.0,3
Salta,2024,32,14.47142857142857,1.9333333333333333,56.52380952380952,0.3333333333333333,3
Salta,2024,33,16.538095238095238,0.0,50.14285714285714,0.0,3
Salta,2024,34,14.252380952380951,0.06666666666666667,66.38095238095238,0.0,3
Salta,2024,35,15.947619047619048,0.0,51.38095238095238,0.0,3
Salta,2024,36,19.738095238095237,0.0,48.47619047619048,0.0,3
Salta,2024,37,20.885714285714286,0.0,53.095238095238095,0.0,3
Salta,2024,38,24.461904761904762,0.0,43.19047619047618,0.0,3
Salta,2024,39,23.514285714285716,4.533333333333334,52.57142857142858,1.0,3
Salta,2024,40,25.552380952380954,0.0,39.61904761904762,0.0,3
Salta,2024,41,22.100000000000005,35.46666666666667,72.95238095238095,3.3333333333333335,3
Salta,2024,42,25.2,27.8,69.57142857142857,2.3333333333333335,3
Salta,2024,43,24.94285714285714,1.0,55.19047619047618,0.3333333333333333,3
Salta,2024,44,25.8,83.23333333333333,63.42857142857142,2.3333333333333335,3
Salta,2024,45,23.433333333333334,72.26666666666667,80.90476190476191,3.3333333333333335,3
Salta,2024,46,23.419047619047618,33.4,61.42857142857142,1.6666666666666667,3
Salta,2024,47,23.014285714285716,7.066666666666666,81.0,1.6666666666666667,3
Salta,2024,48,27.047619047619047,47.199999999999996,77.66666666666667,4.0,3
Salta,2024,49,23.019047619047615,8.299999999999999,70.23809523809524,1.0,3
Salta,2024,50,23.49047619047619,1.4000000000000001,74.38095238095238,0.3333333333333333,3
Salta,2024,51,26.342857142857145,22.366666666666664,62.047619047619044,1.6666666666666667,3
Salta,2024,52,24.3,9.866666666666667,66.6190476190476,1.3333333333333333,3
Salta,2025,1,26.304761904761904,19.833333333333332,69.0,1.6666666666666667,3
Salta,2025,2,25.633333333333336,45.800000000000004,69.61904761904762,3.3333333333333335,3
Salta,2025,3,27.957142857142856,12.333333333333334,55.1904761904762,1.6666666666666667,3
Salta,2025,4,26.961904761904762,43.63333333333333,67.28571428571429,2.3333333333333335,3
Salta,2025,5,26.985714285714284,20.333333333333332,69.85714285714286,1.6666666666666667,3
Salta,2025,6,29.314285714285713,11.466666666666667,55.857142857142854,1.0,3
Salta,2025,7,28.40476190476191,24.599999999999998,62.57142857142858,1.6666666666666667,3
Salta,2025,8,25.28571428571429,57.666666666666664,78.3809523809524,2.6666666666666665,3
Salta,2025,9,27.361904761904764,30.8,69.85714285714285,1.3333333333333333,3
Salta,2025,10,25.604761904761904,71.33333333333333,71.90476190476191,2.3333333333333335,3
Salta,2025,11,19.895238095238096,30.7,89.28571428571428,3.6666666666666665,3
Salta,2025,12,22.5,36.4,88.0,3.3333333333333335,3
Salta,2025,13,21.28095238095238,33.233333333333334,89.0,4.333333333333333,3
Salta,2025,14,17.176190476190477,11.466666666666667,80.23809523809524,2.0,3
Salta,2025,15,18.900000000000002,0.7333333333333334,80.57142857142857,0.3333333333333333,3
Salta,2025,16,20.7,18.066666666666666,83.28571428571429,2.0,3
Salta,2025,17,19.519047619047623,11.366666666666665,88.85714285714285,2.0,3
Salta,2025,18,19.447619047619046,5.033333333333333,84.04761904761905,1.0,3
Salta,2025,19,20.585714285714285,5.666666666666667,86.14285714285715,1.0,3
Salta,2025,20,20.642857142857142,0.0,80.76190476190476,0.0,3
Salta,2025,21,17.423809523809524,8.366666666666667,85.66666666666667,2.6666666666666665,3
Salta,2025,22,12.942857142857143,1.4333333333333333,77.57142857142857,0.3333333333333333,3
Salta,2025,23,15.4,0.26666666666666666,81.33333333333333,0.0,3
Salta,2025,24,13.933333333333332,0.0,78.33333333333333,0.0,3
Salta,2025,25,12.638095238095238,1.7,77.42857142857143,0.3333333333333333,3
Salta,2025,26,9.861904761904762,2.5,72.85714285714285,0.3333333333333333,3
Salta,2025,27,9.30952380952381,0.06666666666666667,76.85714285714285,0.0,3
Salta,2025,28,17.014285714285716,2.2333333333333334,78.0,0.6666666666666666,3
Salta,2025,29,15.014285714285714,0.0,72.14285714285714,0.0,3
Salta,2025,30,15.371428571428572,0.5333333333333333,79.33333333333333,0.3333333333333333,3
Salta,2025,31,16.571428571428573,0.0,66.09523809523809,0.0,3
Salta,2025,32,14.19047619047619,8.033333333333333,68.42857142857143,0.6666666666666666,3
Salta,2025,33,15.757142857142858,0.0,64.66666666666667,0.0,3
Salta,2025,34,17.514285714285716,0.0,52.095238095238095,0.0,3
Salta,2025,35,17.014285714285716,0.0,48.047619047619044,0.0,3
Salta,2025,36,15.457142857142857,0.26666666666666666,55.47619047619048,0.0,3
Salta,2025,37,21.890476190476193,0.26666666666666666,49.61904761904762,0.0,3
Salta,2025,38,26.304761904761904,2.466666666666667,57.80952380952382,0.6666666666666666,3
Salta,2025,39,22.28571428571429,0.0,42.523809523809526,0.0,3
Salta,2025,40,24.566666666666666,5.166666666666667,51.76190476190476,0.6666666666666666,3
Salta,2025,41,21.452380952380953,0.0,35.75396825396825,0.0,3
Salta,2025,42,24.21507936507936,41.36666666666667,51.81746031746032,2.0,3
Salta,2025,43,24.865079365079367,6.0,61.0,0.6666666666666666,3
Salta,2025,44,18.380952380952383,5.333333333333333,68.25396825396825,1.3333333333333333,3
Salta,2025,45,22.801587301587304,3.6999999999999997,62.87301587301587,1.0,3
Salta,2025,46,23.328571428571426,53.86666666666667,68.34126984126983,2.3333333333333335,3
Salta,2025,47,24.26111111111111,0.0,54.98412698412699,0.0,3
Salta,2025,48,29.084920634920636,32.0,48.64285714285714,0.6666666666666666,3
Salta,2025,49,25.394444444444446,53.055555555555564,72.8015873015873,2.722222222222222,3
Salta,2025,50,25.990476190476187,6.533333333333334,61.047619047619044,0.6666666666666666,3
Salta,2025,51,25.84285714285714,22.299999999999997,58.904761904761905,1.6666666666666667,3
Salta,2025,52,25.271428571428572,59.53333333333334,76.52380952380952,4.666666666666667,3
San Juan,2018,1,26.685714285714283,0.0,34.14285714285714,0.0,2
San Juan,2018,2,25.564285714285717,12.5,54.64285714285714,3.0,2
San Juan,2018,3,25.00714285714286,5.0,47.214285714285715,1.0,2
San Juan,2018,4,25.392857142857142,14.4,53.785714285714285,2.0,2
San Juan,2018,5,27.642857142857142,1.5,51.78571428571429,0.5,2
San Juan,2018,6,27.299999999999997,0.0,39.64285714285714,0.0,2
San Juan,2018,7,26.135714285714286,7.5,47.14285714285714,1.0,2
San Juan,2018,8,23.22142857142857,4.25,56.57142857142857,0.5,2
San Juan,2018,9,23.6,17.0,54.07142857142857,1.5,2
San Juan,2018,10,23.142857142857142,0.0,47.142857142857146,0.0,2
San Juan,2018,11,21.52857142857143,0.0,37.14285714285714,0.0,2
San Juan,2018,12,19.67142857142857,0.0,38.35714285714286,0.0,2
San Juan,2018,13,19.864285714285714,4.0,47.0,0.5,2
San Juan,2018,14,19.071428571428573,0.0,51.92857142857143,0.0,2
San Juan,2018,15,19.010714285714286,0.0,50.785714285714285,0.0,2
San Juan,2018,16,20.37857142857143,0.0,54.14285714285714,0.0,2
San Juan,2018,17,18.65714285714286,0.0,54.85714285714286,0.0,2
San Juan,2018,18,14.728571428571428,0.25,68.85714285714286,0.0,2
San Juan,2018,19,14.114285714285714,0.05,70.57142857142857,0.0,2
San Juan,2018,20,12.345238095238095,0.0,56.19047619047619,0.0,2
San Juan,2018,21,10.55,0.0,62.0,0.0,2
San Juan,2018,22,7.699999999999999,0.1,67.21428571428571,0.0,2
San Juan,2018,23,8.414285714285715,0.0,52.71428571428571,0.0,2
San Juan,2018,24,4.5511904761904765,0.0,58.523809523809526,0.0,2
San Juan,2018,25,7.592857142857142,0.0,60.142857142857146,0.0,2
San Juan,2018,26,9.205952380952379,0.0,55.64285714285714,0.0,2
San Juan,2018,27,4.85,4.55,81.42857142857142,1.0,2
San Juan,2018,28,7.735714285714286,0.0,61.785714285714285,0.0,2
San Juan,2018,29,5.3011904761904765,0.0,62.13095238095238,0.0,2
San Juan,2018,30,4.657142857142857,0.0,55.71428571428571,0.0,2
San Juan,2018,31,7.985714285714287,0.0,50.0,0.0,1
San Juan,2018,32,9.585714285714285,0.0,46.42857142857143,0.0,2
San Juan,2018,33,10.564285714285713,0.0,46.07142857142857,0.0,2
San Juan,2018,34,9.864285714285714,0.0,39.785714285714285,0.0,2
San Juan,2018,35,11.985714285714286,0.3,48.14285714285714,0.0,2
San Juan,2018,36,16.378571428571426,0.0,42.26190476190476,0.0,2
San Juan,2018,37,16.435714285714283,1.5,52.92857142857143,0.5,2
San Juan,2018,38,21.04642857142857,0.0,34.38095238095238,0.0,2
San Juan,2018,39,19.364285714285714,0.0,42.785714285714285,0.0,2
San Juan,2018,40,17.173809523809524,0.0,36.5,0.0,2
San Juan,2018,41,19.099999999999998,12.0,33.57142857142857,1.0,1
San Juan,2018,42,19.62857142857143,1.0,49.57142857142857,0.0,1
San Juan,2018,43,19.87142857142857,0.0,54.142857142857146,0.0,1
San Juan,2018,44,22.857142857142858,0.0,41.42857142857143,0.0,1
San Juan,2018,45,24.557142857142857,0.0,48.0,0.0,1
San Juan,2018,46,20.12857142857143,2.0,44.714285714285715,1.0,1
San Juan,2018,47,25.25714285714286,0.0,34.57142857142857,0.0,1
San Juan,2018,48,21.32857142857143,2.5,55.57142857142857,1.0,1
San Juan,2018,49,22.485714285714288,8.0,50.142857142857146,1.0,1
San Juan,2018,50,27.014285714285712,0.0,34.57142857142857,0.0,1
San Juan,2018,51,24.571428571428573,0.0,40.714285714285715,0.0,1
San Juan,2018,52,30.12857142857143,0.0,37.714285714285715,0.0,1
San Juan,2019,1,27.114285714285717,14.0,44.57142857142857,1.0,1
San Juan,2019,2,23.342857142857145,5.0,45.714285714285715,1.0,1
San Juan,2019,3,22.485714285714288,3.2,58.285714285714285,1.0,1
San Juan,2019,4,30.228571428571428,3.5,45.63095238095238,1.0,2
San Juan,2019,5,27.016666666666666,14.0,55.38095238095238,2.0,2
San Juan,2019,6,27.597619047619045,1.75,50.273809523809526,0.5,2
San Juan,2019,7,23.09642857142857,0.25,43.64285714285714,0.0,2
San Juan,2019,8,28.86309523809524,0.0,43.35714285714286,0.0,2
San Juan,2019,9,23.88452380952381,0.0,39.73809523809524,0.0,2
San Juan,2019,10,22.03333333333333,5.75,55.29761904761905,1.0,2
San Juan,2019,11,20.685714285714287,4.0,57.57142857142857,1.0,1
San Juan,2019,12,19.271428571428572,0.0,45.142857142857146,0.0,1
San Juan,2019,13,19.985714285714288,0.0,56.714285714285715,0.0,1
San Juan,2019,14,21.53690476190476,0.0,46.595238095238095,0.0,2
San Juan,2019,15,20.69047619047619,0.0,42.95238095238095,0.0,2
San Juan,2019,16,20.044047619047618,0.0,52.85714285714286,0.0,2
San Juan,2019,17,14.973809523809525,0.4,72.47619047619048,0.0,2
San Juan,2019,18,15.340476190476192,1.0,64.04761904761905,0.5,2
San Juan,2019,19,15.198809523809524,0.0,61.51190476190476,0.0,2
San Juan,2019,20,13.265476190476189,3.0,61.98809523809524,1.0,2
San Juan,2019,21,8.644047619047619,1.0,61.714285714285715,0.0,2
San Juan,2019,22,9.257142857142856,0.0,60.45238095238095,0.0,2
San Juan,2019,23,10.275,0.0,62.464285714285715,0.0,2
San Juan,2019,24,6.7595238095238095,0.0,67.8452380952381,0.0,2
San Juan,2019,25,7.122619047619048,0.0,46.773809523809526,0.0,2
San Juan,2019,26,8.24047619047619,0.0,47.023809523809526,0.0,2
San Juan,2019,27,5.376190476190477,0.0,56.42857142857143,0.0,2
San Juan,2019,28,7.5285714285714285,0.0,64.55952380952381,0.0,2
San Juan,2019,29,10.15952380952381,0.0,50.95238095238095,0.0,2
San Juan,2019,30,6.80952380952381,0.0,42.035714285714285,0.0,2
San Juan,2019,31,9.57857142857143,0.0,38.67857142857143,0.0,2
San Juan,2019,32,9.204761904761906,0.0,29.05952380952381,0.0,2
San Juan,2019,33,9.133333333333333,0.0,40.57142857142857,0.0,2
San Juan,2019,34,11.247619047619047,0.0,54.42857142857143,0.0,2
San Juan,2019,35,16.195238095238096,0.0,36.25,0.0,2
San Juan,2019,36,9.652380952380952,0.0,38.785714285714285,0.0,2
San Juan,2019,37,12.184523809523808,0.35,51.964285714285715,0.0,2
San Juan,2019,38,13.646428571428572,0.0,31.857142857142858,0.0,2
San Juan,2019,39,21.607142857142858,0.0,28.702380952380953,0.0,2
San Juan,2019,40,15.851190476190478,0.0,29.892857142857142,0.0,2
San Juan,2019,41,22.661904761904765,0.0,30.36904761904762,0.0,2
San Juan,2019,42,15.214285714285714,1.0,49.714285714285715,0.0,1
San Juan,2019,43,22.458333333333336,0.0,34.51190476190476,0.0,2
San Juan,2019,44,22.705952380952382,0.0,35.94047619047619,0.0,2
San Juan,2019,45,24.382142857142856,0.0,41.19047619047619,0.0,2
San Juan,2019,46,27.63214285714286,0.0,44.54761904761905,0.0,2
San Juan,2019,47,26.820238095238096,4.5,44.75,0.5,2
San Juan,2019,48,24.20952380952381,0.0,34.33333333333333,0.0,2
San Juan,2019,49,24.852380952380955,3.5,31.69047619047619,0.5,2
San Juan,2019,50,27.314285714285713,0.0,25.857142857142858,0.0,1
San Juan,2019,51,27.17142857142857,0.0,32.42857142857143,0.0,1
San Juan,2019,52,28.571428571428573,0.0,33.57142857142857,0.0,1
San Juan,2020,1,29.428571428571427,18.083333333333336,41.857142857142854,1.75,1
San Juan,2020,2,27.55952380952381,0.0,32.726190476190474,0.0,2
San Juan,2020,3,27.57142857142857,14.5,44.214285714285715,1.0,2
San Juan,2020,4,30.75595238095238,10.5,38.69047619047619,1.5,2
San Juan,2020,5,26.72142857142857,3.25,45.76190476190476,1.0,2
San Juan,2020,6,26.422619047619047,12.350000000000001,53.29761904761905,2.5,2
San Juan,2020,7,24.877380952380953,0.25,57.226190476190474,0.0,2
San Juan,2020,8,23.91785714285714,0.0,42.5,0.0,2
San Juan,2020,9,26.46309523809524,0.0,36.85714285714286,0.0,2
San Juan,2020,10,28.673809523809524,0.0,42.30952380952381,0.0,2
San Juan,2020,11,26.223809523809525,10.0,48.595238095238095,0.5,2
San Juan,2020,12,23.422619047619047,0.0,45.92857142857143,0.0,2
San Juan,2020,13,21.95714285714286,15.5,59.476190476190474,1.5,2
San Juan,2020,14,19.202380952380953,1.8000000000000003,68.79761904761905,0.5,2
San Juan,2020,15,17.772619047619045,0.0,50.39285714285714,0.0,2
San Juan,2020,16,18.40714285714286,0.0,52.595238095238095,0.0,2
San Juan,2020,17,18.597619047619048,0.0,54.35714285714286,0.0,2
San Juan,2020,18,16.69642857142857,0.0,58.904761904761905,0.0,2
San Juan,2020,19,13.779761904761905,0.0,52.32142857142857,0.0,2
San Juan,2020,20,12.147619047619049,0.0,48.476190476190474,0.0,2
San Juan,2020,21,10.347619047619048,3.15,57.976190476190474,0.5,2
San Juan,2020,22,11.342857142857142,0.2,53.726190476190474,0.0,2
San Juan,2020,23,7.776190476190476,4.0,60.30952380952381,0.5,2
San Juan,2020,24,11.301190476190477,0.0,48.5,0.0,2
San Juan,2020,25,10.251190476190477,0.0,44.476190476190474,0.0,2
San Juan,2020,26,5.807142857142857,0.0,65.0,0.0,2
San Juan,2020,27,6.68095238095238,0.0,57.39285714285714,0.0,2
San Juan,2020,28,7.360714285714286,0.0,56.10714285714286,0.0,2
San Juan,2020,29,9.161904761904761,0.0,53.404761904761905,0.0,2
San Juan,2020,30,6.282142857142857,1.5,65.92857142857143,0.5,2
San Juan,2020,31,8.746428571428572,0.0,44.88095238095238,0.0,2
San Juan,2020,32,10.983333333333333,0.0,48.07142857142857,0.0,2
San Juan,2020,33,8.414285714285715,0.0,35.73809523809524,0.0,2
San Juan,2020,34,8.057142857142857,0.0,38.964285714285715,0.0,2
San Juan,2020,35,11.689285714285713,0.0,41.714285714285715,0.0,2
San Juan,2020,36,11.042857142857143,0.0,42.44285714285714,0.0,2
San Juan,2020,37,16.760714285714286,0.0,35.41666666666667,0.0,2
San Juan,2020,38,15.870238095238095,0.0,27.261904761904763,0.0,2
San Juan,2020,39,18.508333333333333,0.0,33.35714285714286,0.0,2
San Juan,2020,40,17.210714285714285,0.0,31.166666666666664,0.0,2
San Juan,2020,41,18.957142857142856,0.0,29.25,0.0,2
San Juan,2020,42,21.89404761904762,2.5,39.964285714285715,0.5,2
San Juan,2020,43,22.621428571428574,0.0,41.20238095238095,0.0,2
San Juan,2020,44,20.807142857142857,0.0,29.904761904761905,0.0,2
San Juan,2020,45,24.807142857142857,0.0,29.083333333333336,0.0,2
San Juan,2020,46,24.00357142857143,0.0,46.964285714285715,0.0,2
San Juan,2020,47,21.810714285714287,11.15,47.464285714285715,1.0,2
San Juan,2020,48,26.294047619047618,0.0,38.05952380952381,0.0,2
San Juan,2020,49,24.386904761904763,0.25,35.5,0.0,2
San Juan,2020,50,28.477380952380955,0.0,25.785714285714285,0.0,2
San Juan,2020,51,26.390476190476193,1.5,27.452380952380953,0.5,2
San Juan,2020,52,28.335714285714285,1.1,35.32142857142857,0.5,2
San Juan,2020,53,26.788095238095238,0.0,41.226190476190474,0.0,2
San Juan,2021,1,24.694047619047616,3.5,48.70238095238095,0.5,2
San Juan,2021,2,25.336904761904762,0.0,43.11904761904762,0.0,2
San Juan,2021,3,28.54642857142857,0.0,28.94047619047619,0.0,2
San Juan,2021,4,26.0,8.5,43.45238095238095,1.0,2
San Juan,2021,5,22.879761904761903,2.5,47.14285714285714,1.0,2
San Juan,2021,6,21.167857142857144,9.0,64.03571428571428,1.5,2
San Juan,2021,7,23.897619047619045,0.0,50.48809523809524,0.0,2
San Juan,2021,8,26.99404761904762,1.5,45.17857142857143,0.5,2
San Juan,2021,9,24.572619047619046,6.0,58.45238095238095,1.5,2
San Juan,2021,10,24.80833333333333,5.5,50.45238095238095,1.5,2
San Juan,2021,11,17.56547619047619,3.1,70.41666666666666,0.5,2
San Juan,2021,12,17.6,0.35,60.84523809523809,0.0,2
San Juan,2021,13,20.74047619047619,0.0,52.39285714285714,0.0,2
San Juan,2021,14,19.646428571428572,0.2,65.78571428571428,0.0,2
San Juan,2021,15,19.285714285714285,0.0,52.92857142857143,0.0,2
San Juan,2021,16,18.114285714285714,0.0,59.14285714285714,0.0,2
San Juan,2021,17,16.885714285714286,0.0,55.51190476190476,0.0,2
San Juan,2021,18,11.41904761904762,0.0,59.904761904761905,0.0,2
San Juan,2021,19,12.858333333333334,0.5,63.285714285714285,0.0,2
San Juan,2021,20,12.227380952380953,0.0,63.97619047619048,0.0,2
San Juan,2021,21,11.55,0.0,43.42857142857143,0.0,2
San Juan,2021,22,12.844047619047618,0.0,53.095238095238095,0.0,2
San Juan,2021,23,9.594047619047618,0.0,61.30952380952381,0.0,2
San Juan,2021,24,4.872619047619047,0.25,68.0,0.0,2
San Juan,2021,25,7.246428571428572,1.5,56.07142857142857,0.5,2
San Juan,2021,26,5.5249999999999995,0.0,52.88095238095238,0.0,2
San Juan,2021,27,9.726190476190478,0.0,52.214285714285715,0.0,2
San Juan,2021,28,7.691666666666666,0.0,49.976190476190474,0.0,2
San Juan,2021,29,8.410714285714286,0.0,37.714285714285715,0.0,2
San Juan,2021,30,5.705952380952381,0.0,46.25,0.0,2
San Juan,2021,31,11.604761904761904,0.0,37.05952380952381,0.0,2
San Juan,2021,32,7.563095238095238,0.0,44.964285714285715,0.0,2
San Juan,2021,33,18.29047619047619,0.0,24.916666666666664,0.0,2
San Juan,2021,34,10.75357142857143,0.0,29.452380952380953,0.0,2
San Juan,2021,35,16.15714285714286,0.0,50.785714285714285,0.0,2
San Juan,2021,36,15.164285714285715,2.0,43.07142857142857,0.5,2
San Juan,2021,37,16.299999999999997,0.0,27.142857142857142,0.0,2
San Juan,2021,38,18.014285714285712,0.0,37.14285714285714,0.0,2
San Juan,2021,39,18.34285714285714,0.0,27.714285714285715,0.0,2
San Juan,2021,40,16.121428571428574,3.0,43.726190476190474,0.5,2
San Juan,2021,41,19.400000000000002,0.0,33.81428571428572,0.0,2
San Juan,2021,42,21.635714285714286,0.0,30.714285714285715,0.0,2
San Juan,2021,43,25.807142857142857,0.0,31.314285714285717,0.0,2
San Juan,2021,44,18.521428571428572,0.0,47.214285714285715,0.0,2
San Juan,2021,45,23.92142857142857,17.0,44.64285714285714,0.5,2
San Juan,2021,46,24.04285714285714,0.0,26.92857142857143,0.0,2
San Juan,2021,47,26.52857142857143,0.1,34.42857142857143,0.0,2
San Juan,2021,48,23.25,1.25,48.5,0.5,2
San Juan,2021,49,23.85,4.0,55.0,1.0,2
San Juan,2021,50,26.857142857142858,0.0,43.07142857142857,0.0,2
San Juan,2021,51,29.042857142857144,5.5,38.785714285714285,0.5,2
San Juan,2021,52,28.35,6.75,37.285714285714285,1.0,2
San Juan,2022,1,29.885714285714283,0.0,37.0,0.0,1
San Juan,2022,2,32.785714285714285,0.0,32.857142857142854,0.0,1
San Juan,2022,3,24.428571428571427,0.0,50.142857142857146,0.0,1
San Juan,2022,4,26.428571428571427,18.0,59.0,2.0,1
San Juan,2022,5,23.71666666666667,18.166666666666668,49.0,1.0833333333333333,2
San Juan,2022,6,24.014285714285712,0.0,47.0,0.0,2
San Juan,2022,7,26.90714285714286,5.5,37.64285714285714,0.5,2
San Juan,2022,8,23.042857142857144,4.0,56.5,1.0,2
San Juan,2022,9,25.835714285714285,0.0,44.35714285714286,0.0,2
San Juan,2022,10,22.914285714285718,12.0,45.35714285714286,0.5,2
San Juan,2022,11,22.07857142857143,0.0,48.57142857142857,0.0,2
San Juan,2022,12,19.7,0.0,39.785714285714285,0.0,2
San Juan,2022,13,17.25,0.0,34.214285714285715,0.0,2
San Juan,2022,14,19.878571428571426,0.0,47.71428571428571,0.0,2
San Juan,2022,15,17.114285714285714,0.0,50.42857142857143,0.0,1
San Juan,2022,16,17.75,0.0,49.14285714285714,0.0,2
San Juan,2022,17,14.75,0.0,36.35714285714286,0.0,2
San Juan,2022,18,13.578571428571427,0.0,47.92857142857143,0.0,2
San Juan,2022,19,14.064285714285713,0.0,58.28571428571429,0.0,2
San Juan,2022,20,9.9,0.0,47.42857142857143,0.0,1
San Juan,2022,21,8.521428571428572,0.0,64.21428571428572,0.0,2
San Juan,2022,22,6.985714285714286,0.0,52.14285714285714,0.0,2
San Juan,2022,23,9.085714285714285,0.0,52.21428571428571,0.0,2
San Juan,2022,24,6.414285714285715,0.0,50.714285714285715,0.0,2
San Juan,2022,25,5.199999999999999,1.5,64.57142857142857,0.5,2
San Juan,2022,26,7.471428571428571,0.0,54.285714285714285,0.0,1
San Juan,2022,27,9.942857142857141,0.0,40.57142857142857,0.0,1
San Juan,2022,28,5.707142857142857,4.0,56.85714285714286,0.5,2
San Juan,2022,29,9.37857142857143,0.0,50.5,0.0,2
San Juan,2022,30,10.721428571428572,0.05,64.85714285714286,0.0,2
San Juan,2022,31,9.214285714285715,0.15,59.14285714285714,0.0,2
San Juan,2022,32,10.55,0.0,49.214285714285715,0.0,2
San Juan,2022,33,11.992857142857144,0.0,35.92857142857143,0.0,2
San Juan,2022,34,12.714285714285715,0.0,35.21428571428571,0.0,2
San Juan,2022,35,12.649999999999999,0.0,32.92857142857143,0.0,2
San Juan,2022,36,14.264285714285714,0.0,29.07142857142857,0.0,2
San Juan,2022,37,16.6,0.0,30.357142857142858,0.0,2
San Juan,2022,38,12.792857142857144,0.0,44.92857142857143,0.0,2
San Juan,2022,39,16.335714285714285,14.25,54.42857142857143,1.5,2
San Juan,2022,40,19.121428571428574,0.0,32.214285714285715,0.0,2
San Juan,2022,41,17.435714285714287,0.0,26.785714285714285,0.0,2
San Juan,2022,42,17.90714285714286,3.25,50.21428571428571,1.0,2
San Juan,2022,43,23.17142857142857,0.0,28.714285714285715,0.0,2
San Juan,2022,44,20.342857142857145,0.0,23.5,0.0,2
San Juan,2022,45,23.378571428571426,0.15,46.5,0.0,2
San Juan,2022,46,26.621428571428574,0.25,33.35714285714286,0.0,2
San Juan,2022,47,27.642857142857146,0.0,29.214285714285715,0.0,2
San Juan,2022,48,26.705952380952382,0.9500000000000001,44.11904761904762,0.0,2
San Juan,2022,49,31.283333333333335,0.25,35.94047619047619,0.0,2
San Juan,2022,50,27.254761904761903,2.0,37.88095238095238,0.5,2
San Juan,2022,51,26.222619047619048,4.1,45.66666666666667,1.0,2
San Juan,2022,52,26.013095238095236,2.25,39.86904761904762,0.5,2
San Juan,2023,1,28.160714285714285,3.25,37.452380952380956,0.5,2
San Juan,2023,2,27.273809523809526,10.9,40.69047619047619,0.5,2
San Juan,2023,3,27.64404761904762,0.0,50.226190476190474,0.0,2
San Juan,2023,4,27.65,21.0,48.904761904761905,1.0,2
San Juan,2023,5,26.728571428571428,7.9,52.857142857142854,2.0,1
San Juan,2023,6,30.400000000000002,0.0,40.42857142857143,0.0,1
San Juan,2023,7,22.942857142857143,0.0,33.714285714285715,0.0,1
San Juan,2023,8,26.614285714285717,0.0,37.142857142857146,0.0,1
San Juan,2023,9,27.985714285714288,1.0,37.57142857142857,0.5,1
San Juan,2023,10,28.20357142857143,10.8,48.82142857142857,1.5,2
San Juan,2023,11,26.21785714285714,5.0,61.16666666666667,0.5,2
San Juan,2023,12,21.247619047619047,13.55,79.39285714285714,2.0,2
San Juan,2023,13,20.863095238095237,0.0,59.30952380952381,0.0,2
San Juan,2023,14,22.248809523809523,0.0,60.01190476190476,0.0,2
San Juan,2023,15,17.58571428571429,0.0,63.45238095238095,0.0,2
San Juan,2023,16,16.785714285714285,4.1,53.142857142857146,1.0,1
San Juan,2023,17,18.557142857142857,0.0,61.714285714285715,0.0,1
San Juan,2023,18,12.321428571428571,0.0,53.226190476190474,0.0,2
San Juan,2023,19,15.37857142857143,0.0,57.785714285714285,0.0,2
San Juan,2023,20,15.45,0.05,60.14285714285714,0.0,2
San Juan,2023,21,12.235714285714286,1.55,72.07142857142858,0.5,2
San Juan,2023,22,12.364285714285714,0.0,65.1547619047619,0.0,2
San Juan,2023,23,13.102380952380953,0.0,58.42857142857143,0.0,2
San Juan,2023,24,4.609523809523809,0.0,53.89285714285714,0.0,2
San Juan,2023,25,10.348809523809523,0.0,63.04761904761905,0.0,2
San Juan,2023,26,9.553571428571429,0.0,53.94047619047619,0.0,2
San Juan,2023,27,10.148809523809522,0.0,61.535714285714285,0.0,2
San Juan,2023,28,5.771428571428571,0.0,75.14285714285714,0.0,1
San Juan,2023,29,7.985714285714286,0.0,57.0,0.0,1
San Juan,2023,30,10.166666666666668,0.0,51.54761904761905,0.0,2
San Juan,2023,31,13.303571428571429,0.0,48.61904761904762,0.0,2
San Juan,2023,32,11.354761904761904,0.0,39.51190476190476,0.0,2
San Juan,2023,33,14.719047619047618,0.0,47.08333333333333,0.0,2
San Juan,2023,34,13.769047619047619,0.0,51.023809523809526,0.0,2
San Juan,2023,35,14.536904761904761,0.0,33.44047619047619,0.0,2
San Juan,2023,36,13.851190476190476,0.0,51.44047619047619,0.0,2
San Juan,2023,37,18.204761904761902,0.0,30.892857142857142,0.0,2
San Juan,2023,38,16.178571428571427,0.0,43.60714285714286,0.0,2
San Juan,2023,39,16.082142857142856,0.0,38.023809523809526,0.0,2
San Juan,2023,40,18.33095238095238,0.0,34.476190476190474,0.0,2
San Juan,2023,41,19.48690476190476,0.0,35.61904761904762,0.0,2
San Juan,2023,42,21.583333333333336,0.0,36.05952380952381,0.0,2
San Juan,2023,43,22.65,0.0,45.67857142857143,0.0,2
San Juan,2023,44,16.82261904761905,0.45000000000000007,42.35714285714286,0.0,2
San Juan,2023,45,26.166666666666664,0.0,23.845238095238095,0.0,2
San Juan,2023,46,22.73690476190476,0.0,22.523809523809526,0.0,2
San Juan,2023,47,26.270238095238096,0.25,35.82142857142857,0.0,2
San Juan,2023,48,27.185714285714287,0.0,34.42857142857143,0.0,1
San Juan,2023,49,25.088095238095235,0.0,37.38095238095238,0.0,2
San Juan,2023,50,31.322619047619046,0.0,30.773809523809526,0.0,2
San Juan,2023,51,23.757142857142856,0.0,46.55952380952381,0.0,2
San Juan,2023,52,28.866666666666667,0.0,34.82142857142857,0.0,2
San Juan,2024,1,28.96666666666667,1.75,42.11904761904762,0.5,2
San Juan,2024,2,27.385714285714286,0.0,50.60714285714286,0.0,2
San Juan,2024,3,28.779761904761905,1.0,39.39285714285714,0.5,2
San Juan,2024,4,30.45952380952381,0.0,35.19047619047619,0.0,2
San Juan,2024,5,32.125,0.0,33.70238095238095,0.0,2
San Juan,2024,6,28.557142857142857,22.5,57.714285714285715,2.0,1
San Juan,2024,7,28.214285714285715,0.0,46.57142857142857,0.0,1
San Juan,2024,8,26.211428571428574,4.666666666666666,47.57142857142857,1.1666666666666665,2
San Juan,2024,9,27.795238095238094,2.0,48.91666666666667,0.5,2
San Juan,2024,10,26.669047619047618,0.15,47.535714285714285,0.0,2
San Juan,2024,11,27.00595238095238,0.0,47.226190476190474,0.0,2
San Juan,2024,12,24.370238095238093,0.0,39.38095238095238,0.0,2
San Juan,2024,13,25.117857142857144,10.5,51.01190476190476,1.5,2
San Juan,2024,14,21.003571428571426,0.0,48.0,0.0,2
San Juan,2024,15,15.207142857142856,10.95,64.66666666666667,1.5,2
San Juan,2024,16,17.648809523809526,0.0,58.523809523809526,0.0,2
San Juan,2024,17,14.975714285714286,0.0,63.24285714285715,0.0,2
San Juan,2024,18,13.842857142857143,0.0,48.285714285714285,0.0,1
San Juan,2024,19,11.269047619047619,0.1,53.05952380952381,0.0,2
San Juan,2024,20,7.2023809523809526,0.25,64.0,0.0,2
San Juan,2024,21,8.033333333333333,2.05,67.58333333333334,0.5,2
San Juan,2024,22,8.608333333333334,0.0,60.0952380952381,0.0,2
San Juan,2024,23,10.450000000000001,0.0,52.36904761904762,0.0,2
San Juan,2024,24,13.280952380952382,0.0,53.10714285714286,0.0,2
San Juan,2024,25,13.404761904761905,0.0,45.45238095238095,0.0,2
San Juan,2024,26,7.3047619047619055,0.0,44.035714285714285,0.0,2
San Juan,2024,27,5.408333333333333,0.0,48.32142857142857,0.0,2
San Juan,2024,28,2.5476190476190474,0.0,56.55952380952381,0.0,2
San Juan,2024,29,6.6154761904761905,0.0,45.154761904761905,0.0,2
San Juan,2024,30,10.254761904761905,0.0,37.976190476190474,0.0,2
San Juan,2024,31,10.764285714285712,0.0,36.55952380952381,0.0,2
San Juan,2024,32,9.345238095238095,0.0,42.82142857142857,0.0,2
San Juan,2024,33,10.676190476190476,0.0,42.30952380952381,0.0,2
San Juan,2024,34,6.280952380952382,0.15,68.0952380952381,0.0,2
San Juan,2024,35,10.653571428571428,11.7,56.63095238095238,1.5,2
San Juan,2024,36,16.57142857142857,0.0,36.33333333333333,0.0,2
San Juan,2024,37,16.34880952380952,0.0,34.14285714285714,0.0,2
San Juan,2024,38,21.14404761904762,0.0,23.44047619047619,0.0,2
San Juan,2024,39,17.666666666666664,0.0,37.13095238095238,0.0,2
San Juan,2024,40,20.432142857142857,3.5,28.952380952380956,0.5,2
San Juan,2024,41,17.09285714285714,22.05,65.66666666666666,2.5,2
San Juan,2024,42,24.55952380952381,0.0,48.19047619047619,0.0,2
San Juan,2024,43,19.732142857142858,0.7,46.32142857142857,0.0,2
San Juan,2024,44,27.120238095238093,0.0,34.5,0.0,2
San Juan,2024,45,24.942857142857143,0.0,39.976190476190474,0.0,2
San Juan,2024,46,25.15595238095238,0.0,30.88095238095238,0.0,2
San Juan,2024,47,25.50714285714286,0.0,43.51190476190476,0.0,2
San Juan,2024,48,25.75595238095238,0.0,36.79761904761905,0.0,2
San Juan,2024,49,24.01904761904762,0.0,31.952380952380956,0.0,2
San Juan,2024,50,27.745238095238097,0.0,30.047619047619047,0.0,2
San Juan,2024,51,26.958333333333332,5.0,37.86904761904762,0.5,2
San Juan,2024,52,28.005952380952383,9.1,35.14285714285714,0.5,2
San Juan,2025,1,29.377380952380953,0.05,38.70238095238095,0.0,2
San Juan,2025,2,27.242857142857144,2.25,48.58333333333333,1.0,2
San Juan,2025,3,28.11904761904762,1.05,42.10714285714286,0.5,2
San Juan,2025,4,29.207142857142856,2.85,36.964285714285715,1.0,2
San Juan,2025,5,29.589285714285715,2.15,43.35714285714286,0.5,2
San Juan,2025,6,30.77857142857143,0.0,40.16666666666667,0.0,2
San Juan,2025,7,28.942857142857143,0.0,36.0,0.0,1
San Juan,2025,8,29.771428571428572,0.0,37.714285714285715,0.0,1
San Juan,2025,9,28.24285714285714,0.0,54.142857142857146,0.0,1
San Juan,2025,10,25.85285714285714,23.0,58.35714285714286,3.0,2
San Juan,2025,11,21.34166666666667,0.15,56.67857142857143,0.0,2
San Juan,2025,12,25.042857142857144,1.5,50.58333333333333,0.5,2
San Juan,2025,13,17.346428571428568,0.0,69.28571428571428,0.0,2
San Juan,2025,14,16.004761904761907,0.0,45.39285714285714,0.0,2
San Juan,2025,15,17.720238095238095,0.0,56.75,0.0,2
San Juan,2025,16,17.65952380952381,0.0,58.80952380952381,0.0,2
San Juan,2025,17,17.597619047619048,0.0,54.17857142857143,0.0,2
San Juan,2025,18,16.71904761904762,0.0,55.01190476190476,0.0,2
San Juan,2025,19,15.235714285714288,0.0,58.5,0.0,2
San Juan,2025,20,16.04761904761905,0.0,59.91666666666667,0.0,2
San Juan,2025,21,10.54642857142857,0.0,53.54761904761905,0.0,2
San Juan,2025,22,7.798809523809524,1.6,64.3452380952381,0.5,2
San Juan,2025,23,9.877380952380951,0.0,58.38095238095238,0.0,2
San Juan,2025,24,9.936904761904763,0.0,57.654761904761905,0.0,2
San Juan,2025,25,8.50952380952381,0.0,53.95238095238095,0.0,2
San Juan,2025,26,5.376190476190477,0.05,46.30952380952381,0.0,2
San Juan,2025,27,4.228571428571429,0.0,61.095238095238095,0.0,2
San Juan,2025,28,9.027380952380952,0.0,58.82142857142857,0.0,2
San Juan,2025,29,10.14642857142857,0.0,42.904761904761905,0.0,2
San Juan,2025,30,8.68452380952381,0.39999999999999997,62.57142857142857,0.0,2
San Juan,2025,31,11.029761904761905,0.0,50.595238095238095,0.0,2
San Juan,2025,32,9.301190476190477,0.0,52.035714285714285,0.0,2
San Juan,2025,33,12.691666666666666,0.0,46.05952380952381,0.0,2
San Juan,2025,34,12.05595238095238,2.0,43.51190476190476,0.5,2
San Juan,2025,35,13.588095238095239,25.849999999999998,39.785714285714285,1.5,2
San Juan,2025,36,10.935714285714287,0.0,59.17857142857143,0.0,2
San Juan,2025,37,17.515476190476193,0.0,39.11904761904762,0.0,2
San Juan,2025,38,19.78690476190476,0.0,44.60714285714286,0.0,2
San Juan,2025,39,17.664285714285715,0.0,39.61904761904762,0.0,2
San Juan,2025,40,22.41190476190476,0.0,33.55952380952381,0.0,2
San Juan,2025,41,19.911904761904765,0.0,26.785714285714285,0.0,2
San Juan,2025,42,22.001190476190477,0.0,34.89285714285714,0.0,2
San Juan,2025,43,22.534523809523808,0.0,36.476190476190474,0.0,2
San Juan,2025,44,16.525,0.0,45.33333333333333,0.0,2
San Juan,2025,45,21.514285714285712,6.25,40.976190476190474,0.5,2
San Juan,2025,46,24.94404761904762,0.0,39.08333333333333,0.0,2
San Juan,2025,47,25.913095238095238,0.0,27.952380952380953,0.0,2
San Juan,2025,48,28.20238095238095,0.0,37.416666666666664,0.0,2
San Juan,2025,49,24.728571428571428,34.65,54.14285714285714,3.5,2
San Juan,2025,50,25.714285714285715,0.0,43.35714285714286,0.0,2
San Juan,2025,51,27.057142857142857,0.0,34.64285714285714,0.0,2
San Juan,2025,52,27.40714285714286,5.0,41.07142857142857,1.0,2
San Luis,2018,1,24.114285714285714,10.6,49.714285714285715,0.5,2
San Luis,2018,2,25.84285714285714,11.5,54.785714285714285,2.0,2
San Luis,2018,3,22.7,75.05,61.92857142857143,3.0,2
San Luis,2018,4,22.435714285714287,11.6,62.85714285714286,2.5,2
San Luis,2018,5,26.52857142857143,0.0,56.285714285714285,0.0,2
San Luis,2018,6,24.021428571428572,7.15,54.35714285714286,1.0,2
San Luis,2018,7,24.41428571428571,11.5,54.57142857142857,1.0,2
San Luis,2018,8,20.735714285714284,36.5,66.14285714285714,3.0,2
San Luis,2018,9,22.535714285714285,9.5,63.07142857142857,1.5,2
San Luis,2018,10,21.82857142857143,0.0,54.64285714285714,0.0,2
San Luis,2018,11,19.942857142857143,0.0,46.57142857142857,0.0,2
San Luis,2018,12,17.57142857142857,0.2,46.35714285714286,0.0,2
San Luis,2018,13,19.614285714285714,37.75,55.64285714285714,1.0,2
San Luis,2018,14,17.914285714285715,5.75,70.35714285714286,1.5,2
San Luis,2018,15,18.64285714285714,0.0,64.64285714285714,0.0,2
San Luis,2018,16,20.07857142857143,38.05,69.42857142857143,1.0,2
San Luis,2018,17,18.514285714285716,1.75,76.64285714285714,0.5,2
San Luis,2018,18,15.028571428571428,6.8,89.57142857142857,1.5,2
San Luis,2018,19,15.05,34.5,84.0,3.0,2
San Luis,2018,20,12.321428571428571,0.0,64.92857142857143,0.0,2
San Luis,2018,21,11.771428571428572,0.0,68.35714285714286,0.0,2
San Luis,2018,22,8.742857142857144,17.0,80.92857142857143,2.0,2
San Luis,2018,23,8.321428571428571,0.0,64.14285714285714,0.0,2
San Luis,2018,24,4.392857142857142,4.7,69.64285714285714,1.0,2
San Luis,2018,25,9.257142857142858,0.0,57.785714285714285,0.0,2
San Luis,2018,26,10.4,1.5,66.0,0.5,2
San Luis,2018,27,5.742857142857143,3.1,83.42857142857143,1.0,2
San Luis,2018,28,8.035714285714285,0.0,65.85714285714286,0.0,2
San Luis,2018,29,6.642857142857143,1.25,66.07142857142857,0.0,2
San Luis,2018,30,5.428571428571429,2.5,62.714285714285715,0.5,2
San Luis,2018,31,8.95,0.0,55.07142857142857,0.0,2
San Luis,2018,32,10.264285714285714,2.0,53.21428571428571,1.0,2
San Luis,2018,33,10.25,0.0,49.64285714285714,0.0,2
San Luis,2018,34,9.285714285714285,0.0,39.5,0.0,2
San Luis,2018,35,11.735714285714286,0.2,49.42857142857143,0.0,2
San Luis,2018,36,16.064285714285717,0.0,47.64285714285714,0.0,2
San Luis,2018,37,16.3,5.75,69.35714285714286,1.0,2
San Luis,2018,38,19.707142857142856,4.5,46.714285714285715,0.5,2
San Luis,2018,39,16.74285714285714,9.1,66.07142857142857,1.5,2
San Luis,2018,40,17.207142857142856,0.0,40.857142857142854,0.0,2
San Luis,2018,41,17.349999999999998,0.0,40.85714285714286,0.0,2
San Luis,2018,42,20.064285714285713,3.1,56.57142857142857,1.0,2
San Luis,2018,43,17.02857142857143,23.1,75.5,1.5,2
San Luis,2018,44,20.285714285714285,24.5,64.21428571428571,2.5,2
San Luis,2018,45,22.24285714285714,14.0,66.57142857142858,2.5,2
San Luis,2018,46,18.17142857142857,9.0,60.14285714285714,2.5,2
San Luis,2018,47,23.128571428571426,26.0,46.57142857142857,1.5,2
San Luis,2018,48,18.42142857142857,51.2,70.21428571428572,3.0,2
San Luis,2018,49,21.935714285714283,0.85,53.07142857142857,0.0,2
San Luis,2018,50,24.02857142857143,30.55,57.0,1.5,2
San Luis,2018,51,21.95,9.0,59.07142857142857,1.5,2
San Luis,2018,52,26.385714285714286,26.5,55.0,2.0,2
San Luis,2019,1,24.778571428571432,21.0,59.714285714285715,2.0,2
San Luis,2019,2,20.392857142857146,3.0,67.57142857142857,0.5,2
San Luis,2019,3,20.42142857142857,38.25,68.5,2.5,2
San Luis,2019,4,27.114285714285714,2.5,69.64285714285714,0.5,2
San Luis,2019,5,25.35,12.3,65.85714285714286,1.5,2
San Luis,2019,6,24.728571428571428,9.5,65.21428571428572,1.0,2
San Luis,2019,7,20.814285714285713,0.0,62.71428571428571,0.0,2
San Luis,2019,8,25.657142857142855,1.1,61.42857142857143,0.5,2
San Luis,2019,9,22.12857142857143,18.0,57.285714285714285,1.0,2
San Luis,2019,10,19.385714285714286,32.1,77.14285714285714,2.0,2
San Luis,2019,11,18.17142857142857,44.0,77.14285714285714,3.5,2
San Luis,2019,12,16.628571428571426,2.7,66.07142857142857,1.0,2
San Luis,2019,13,17.35,21.5,76.78571428571429,3.0,2
San Luis,2019,14,19.128571428571426,0.0,60.71428571428572,0.0,2
San Luis,2019,15,18.84285714285714,27.5,57.14285714285714,1.0,2
San Luis,2019,16,17.414285714285715,14.5,73.5,1.5,2
San Luis,2019,17,13.964285714285714,13.0,86.78571428571428,1.5,2
San Luis,2019,18,15.985714285714288,3.15,74.0,0.5,2
San Luis,2019,19,14.850000000000001,10.15,75.35714285714286,1.5,2
San Luis,2019,20,13.37142857142857,0.0,66.92857142857143,0.0,2
San Luis,2019,21,9.042857142857143,10.65,74.21428571428571,1.5,2
San Luis,2019,22,9.5,0.0,81.0,0.0,2
San Luis,2019,23,11.407142857142858,0.0,65.57142857142857,0.0,2
San Luis,2019,24,9.035714285714285,13.5,85.14285714285714,2.0,2
San Luis,2019,25,9.95,0.0,67.71428571428572,0.0,2
San Luis,2019,26,7.728571428571428,1.5,60.78571428571429,0.5,2
San Luis,2019,27,5.814285714285714,0.0,63.07142857142857,0.0,2
San Luis,2019,28,9.607142857142858,0.0,71.0,0.0,2
San Luis,2019,29,10.957142857142856,0.0,61.35714285714286,0.0,2
San Luis,2019,30,7.457142857142857,0.0,56.42857142857143,0.0,2
San Luis,2019,31,9.728571428571428,0.0,48.28571428571429,0.0,2
San Luis,2019,32,9.785714285714285,0.0,40.285714285714285,0.0,2
San Luis,2019,33,9.178571428571429,0.0,52.78571428571429,0.0,2
San Luis,2019,34,11.778571428571428,0.0,58.42857142857143,0.0,2
San Luis,2019,35,14.97857142857143,0.0,51.785714285714285,0.0,2
San Luis,2019,36,9.507142857142858,0.5,46.42857142857143,0.0,2
San Luis,2019,37,11.957142857142856,14.5,65.0,2.5,2
San Luis,2019,38,13.514285714285714,0.0,32.0,0.0,2
San Luis,2019,39,22.285714285714285,0.0,33.14285714285714,0.0,2
San Luis,2019,40,13.885714285714283,0.25,41.07142857142857,0.0,2
San Luis,2019,41,21.492857142857144,2.0,46.07142857142857,0.5,2
San Luis,2019,42,14.214285714285715,2.6500000000000004,64.14285714285714,1.0,2
San Luis,2019,43,20.34285714285714,17.55,52.214285714285715,2.5,2
San Luis,2019,44,20.700000000000003,0.05,46.0,0.0,2
San Luis,2019,45,22.564285714285717,15.5,48.57142857142857,1.5,2
San Luis,2019,46,24.883333333333333,37.0,56.17857142857143,3.0,2
San Luis,2019,47,23.95714285714286,55.15,63.5,3.5,2
San Luis,2019,48,21.192857142857143,0.0,52.214285714285715,0.0,2
San Luis,2019,49,21.82857142857143,4.75,46.92857142857143,1.0,2
San Luis,2019,50,25.207142857142856,0.2,36.0,0.0,2
San Luis,2019,51,24.585714285714282,44.5,45.14285714285714,1.0,2
San Luis,2019,52,25.685714285714287,0.0,54.64285714285714,0.0,2
San Luis,2020,1,26.65714285714286,4.55,54.07142857142857,1.0,2
San Luis,2020,2,24.614285714285714,10.0,53.92857142857143,1.5,2
San Luis,2020,3,25.32857142857143,20.5,56.285714285714285,2.0,2
San Luis,2020,4,27.12142857142857,12.0,56.21428571428571,1.0,2
San Luis,2020,5,25.37142857142857,20.5,53.07142857142857,1.0,2
San Luis,2020,6,24.07142857142857,42.5,73.42857142857143,3.0,2
San Luis,2020,7,24.05,7.0,66.14285714285714,0.5,2
San Luis,2020,8,20.321428571428573,0.35,57.785714285714285,0.0,2
San Luis,2020,9,24.121428571428574,0.0,46.214285714285715,0.0,2
San Luis,2020,10,26.92857142857143,0.25,50.57142857142857,0.0,2
San Luis,2020,11,22.59285714285714,23.05,69.07142857142857,1.0,2
San Luis,2020,12,21.985714285714288,6.85,63.28571428571429,1.0,2
San Luis,2020,13,21.97142857142857,44.5,70.64285714285714,2.0,2
San Luis,2020,14,18.99285714285714,15.0,72.14285714285714,2.5,2
San Luis,2020,15,17.05,10.5,57.28571428571429,1.0,2
San Luis,2020,16,17.871428571428574,0.0,60.214285714285715,0.0,2
San Luis,2020,17,18.764285714285712,6.6,71.07142857142858,1.0,2
San Luis,2020,18,16.192857142857143,1.0,66.57142857142857,0.5,2
San Luis,2020,19,13.32857142857143,0.0,59.42857142857143,0.0,2
San Luis,2020,20,14.42142857142857,0.0,48.714285714285715,0.0,2
San Luis,2020,21,12.200000000000001,0.0,58.35714285714286,0.0,2
San Luis,2020,22,11.25,0.0,56.285714285714285,0.0,2
San Luis,2020,23,9.071428571428571,0.35,62.35714285714286,0.0,2
San Luis,2020,24,11.100000000000001,0.0,60.35714285714286,0.0,2
San Luis,2020,25,11.335714285714285,0.0,49.92857142857143,0.0,2
San Luis,2020,26,6.885714285714286,3.6,67.07142857142857,0.5,2
San Luis,2020,27,6.885714285714286,0.6,68.57142857142857,0.0,2
San Luis,2020,28,7.142857142857142,0.0,59.64285714285714,0.0,2
San Luis,2020,29,8.964285714285714,0.0,65.07142857142857,0.0,2
San Luis,2020,30,6.75,6.0,76.0,1.5,2
San Luis,2020,31,9.692857142857143,0.0,48.57142857142857,0.0,2
San Luis,2020,32,14.057142857142857,0.0,53.35714285714286,0.0,2
San Luis,2020,33,9.357142857142858,0.0,33.42857142857143,0.0,2
San Luis,2020,34,9.585714285714285,0.0,34.654761904761905,0.0,2
San Luis,2020,35,12.935714285714283,0.15,48.42857142857143,0.0,2
San Luis,2020,36,10.678571428571427,0.0,56.64285714285714,0.0,2
San Luis,2020,37,15.621428571428572,0.0,42.5,0.0,2
San Luis,2020,38,15.557142857142857,0.0,29.857142857142854,0.0,2
San Luis,2020,39,18.164285714285715,6.95,47.214285714285715,0.5,2
San Luis,2020,40,15.55,0.0,41.714285714285715,0.0,2
San Luis,2020,41,18.157142857142855,0.0,34.214285714285715,0.0,2
San Luis,2020,42,25.164285714285718,0.0,35.35714285714286,0.0,2
San Luis,2020,43,18.057142857142857,10.2,68.42857142857143,1.0,2
San Luis,2020,44,19.67142857142857,0.0,38.35714285714286,0.0,2
San Luis,2020,45,24.242857142857144,0.35,38.57142857142857,0.0,2
San Luis,2020,46,20.67142857142857,100.0,66.5,4.0,2
San Luis,2020,47,21.6,16.5,54.214285714285715,1.0,2
San Luis,2020,48,23.685714285714287,16.65,52.28571428571429,1.5,2
San Luis,2020,49,21.264285714285716,14.0,47.64285714285714,1.0,2
San Luis,2020,50,25.628571428571426,5.5,38.285714285714285,1.0,2
San Luis,2020,51,22.621428571428574,22.0,42.57142857142857,1.5,2
San Luis,2020,52,26.957142857142856,33.849999999999994,44.14285714285714,1.0,2
San Luis,2020,53,23.32857142857143,37.75,60.71428571428571,1.5,2
San Luis,2021,1,20.864285714285714,44.25,68.71428571428572,3.5,2
San Luis,2021,2,21.857142857142858,32.75,61.92857142857143,1.5,2
San Luis,2021,3,25.892857142857142,0.0,48.64285714285714,0.0,2
San Luis,2021,4,22.271428571428572,76.25,70.85714285714286,4.0,2
San Luis,2021,5,20.42857142857143,4.55,67.0,1.0,2
San Luis,2021,6,19.742857142857144,17.85,76.78571428571428,2.0,2
San Luis,2021,7,20.950000000000003,24.0,68.85714285714286,2.0,2
San Luis,2021,8,23.835714285714285,25.85,64.35714285714286,1.5,2
San Luis,2021,9,24.25,1.15,69.42857142857143,0.5,2
San Luis,2021,10,22.435714285714287,37.5,69.35714285714286,3.0,2
San Luis,2021,11,16.67857142857143,45.85,77.85714285714286,3.5,2
San Luis,2021,12,16.82857142857143,12.35,71.35714285714286,1.0,2
San Luis,2021,13,18.542857142857144,0.0,67.07142857142857,0.0,2
San Luis,2021,14,18.9,10.0,78.57142857142858,2.0,2
San Luis,2021,15,18.992857142857144,0.0,67.92857142857143,0.0,2
San Luis,2021,16,17.392857142857142,24.0,73.71428571428572,2.5,2
San Luis,2021,17,15.92142857142857,0.0,65.28571428571428,0.0,2
San Luis,2021,18,11.385714285714286,0.0,66.42857142857143,0.0,2
San Luis,2021,19,11.899999999999999,0.0,65.35714285714286,0.0,2
San Luis,2021,20,12.071428571428573,7.65,74.14285714285714,1.5,2
San Luis,2021,21,11.12857142857143,0.0,57.0,0.0,2
San Luis,2021,22,12.55,0.0,61.642857142857146,0.0,2
San Luis,2021,23,11.285714285714285,0.0,70.07142857142857,0.0,2
San Luis,2021,24,4.628571428571428,15.8,81.5,2.0,2
San Luis,2021,25,7.4,2.4,71.35714285714286,0.5,2
San Luis,2021,26,6.435714285714285,0.0,52.714285714285715,0.0,2
San Luis,2021,27,11.899999999999999,1.25,62.78571428571429,0.5,2
San Luis,2021,28,8.792857142857143,0.5,50.64285714285714,0.0,2
San Luis,2021,29,9.714285714285715,0.0,52.5,0.0,2
San Luis,2021,30,6.542857142857143,0.0,47.85714285714286,0.0,2
San Luis,2021,31,11.878571428571426,0.0,48.07142857142857,0.0,2
San Luis,2021,32,7.892857142857143,0.0,49.71428571428571,0.0,2
San Luis,2021,33,14.307142857142857,0.0,48.64285714285714,0.0,2
San Luis,2021,34,11.528571428571428,0.0,37.5,0.0,2
San Luis,2021,35,16.90714285714286,20.5,69.0,1.5,2
San Luis,2021,36,13.535714285714285,34.0,66.14285714285714,2.5,2
San Luis,2021,37,14.735714285714286,6.3,44.0,0.5,2
San Luis,2021,38,16.064285714285717,0.0,51.85714285714286,0.0,2
San Luis,2021,39,15.192857142857143,0.2,48.785714285714285,0.0,2
San Luis,2021,40,15.335714285714285,18.3,46.07142857142857,1.5,2
San Luis,2021,41,16.314285714285713,11.05,53.285714285714285,1.0,2
San Luis,2021,42,19.82142857142857,0.4,40.92857142857143,0.0,2
San Luis,2021,43,24.857142857142854,15.050000000000002,40.07142857142857,1.0,2
San Luis,2021,44,16.02857142857143,4.199999999999999,66.21428571428572,1.5,2
San Luis,2021,45,21.15714285714286,34.5,56.142857142857146,1.5,2
San Luis,2021,46,21.450000000000003,2.05,40.714285714285715,0.5,2
San Luis,2021,47,23.47142857142857,20.05,49.0,1.0,2
San Luis,2021,48,20.82142857142857,20.3,66.78571428571429,3.0,2
San Luis,2021,49,21.85,39.25,72.64285714285714,4.0,2
San Luis,2021,50,24.09285714285714,15.0,55.64285714285714,1.5,2
San Luis,2021,51,26.642857142857146,12.5,50.07142857142857,1.0,2
San Luis,2021,52,25.978571428571428,20.5,49.57142857142857,2.5,2
San Luis,2022,1,26.34285714285714,1.0,45.42857142857143,0.5,2
San Luis,2022,2,30.971428571428575,0.05,35.14285714285714,0.0,2
San Luis,2022,3,21.40714285714286,95.5,76.78571428571428,2.0,2
San Luis,2022,4,24.128571428571426,24.6,65.64285714285714,2.0,2
San Luis,2022,5,21.485714285714284,20.15,65.14285714285714,1.5,2
San Luis,2022,6,21.142857142857142,17.5,59.714285714285715,1.5,2
San Luis,2022,7,23.57857142857143,9.25,57.285714285714285,0.5,2
San Luis,2022,8,21.16428571428571,12.100000000000001,75.35714285714286,2.0,2
San Luis,2022,9,22.728571428571428,15.0,65.5,2.5,2
San Luis,2022,10,20.035714285714285,1.75,62.92857142857143,0.5,2
San Luis,2022,11,20.27857142857143,4.0,54.785714285714285,1.0,2
San Luis,2022,12,17.7,5.5,56.714285714285715,1.0,2
San Luis,2022,13,15.82857142857143,0.0,44.714285714285715,0.0,2
San Luis,2022,14,20.378571428571426,7.0,60.142857142857146,0.5,2
San Luis,2022,15,15.278571428571428,0.0,58.35714285714286,0.0,2
San Luis,2022,16,16.714285714285715,2.0,62.07142857142857,0.5,2
San Luis,2022,17,14.271428571428572,0.0,50.5,0.0,2
San Luis,2022,18,14.428571428571429,0.0,54.14285714285714,0.0,2
San Luis,2022,19,14.107142857142858,2.05,66.0,0.5,2
San Luis,2022,20,8.899999999999999,0.0,53.214285714285715,0.0,2
San Luis,2022,21,9.492857142857144,0.0,68.5,0.0,2
San Luis,2022,22,7.342857142857142,0.0,56.214285714285715,0.0,2
San Luis,2022,23,9.514285714285714,0.0,59.35714285714286,0.0,2
San Luis,2022,24,8.664285714285715,0.0,49.35714285714286,0.0,2
San Luis,2022,25,5.814285714285715,0.7,70.92857142857143,0.0,2
San Luis,2022,26,10.207142857142857,0.0,52.21428571428571,0.0,2
San Luis,2022,27,9.221428571428572,0.0,47.0,0.0,2
San Luis,2022,28,5.714285714285714,2.2,64.57142857142857,1.0,2
San Luis,2022,29,11.164285714285715,0.45000000000000007,62.214285714285715,0.0,2
San Luis,2022,30,11.042857142857143,4.0,72.35714285714286,1.0,2
San Luis,2022,31,10.099999999999998,16.5,67.42857142857143,1.0,2
San Luis,2022,32,10.757142857142856,3.0,65.35714285714286,0.5,2
San Luis,2022,33,9.978571428571428,0.0,41.21428571428571,0.0,2
San Luis,2022,34,13.614285714285714,0.0,41.0,0.0,2
San Luis,2022,35,13.357142857142858,0.0,31.214285714285715,0.0,2
San Luis,2022,36,14.214285714285715,0.0,28.714285714285715,0.0,2
San Luis,2022,37,16.114285714285714,0.6,36.92857142857143,0.0,2
San Luis,2022,38,11.485714285714286,6.6,57.285714285714285,2.0,2
San Luis,2022,39,16.314285714285717,4.25,55.92857142857143,1.0,2
San Luis,2022,40,16.835714285714285,9.05,43.57142857142857,1.5,2
San Luis,2022,41,16.857142857142858,0.0,30.14285714285714,0.0,2
San Luis,2022,42,17.15714285714286,9.5,58.785714285714285,2.0,2
San Luis,2022,43,22.364285714285714,4.5,40.64285714285714,1.0,2
San Luis,2022,44,20.178571428571427,0.0,24.214285714285715,0.0,2
San Luis,2022,45,22.164285714285715,34.349999999999994,51.85714285714286,3.0,2
San Luis,2022,46,24.40714285714286,28.05,48.14285714285714,2.0,2
San Luis,2022,47,26.357142857142858,0.0,36.285714285714285,0.0,2
San Luis,2022,48,25.614285714285714,19.4,45.85714285714286,1.5,2
San Luis,2022,49,29.385714285714286,8.0,43.785714285714285,1.0,2
San Luis,2022,50,24.707142857142856,1.05,37.42857142857143,0.5,2
San Luis,2022,51,24.585714285714285,39.5,44.07142857142857,2.0,2
San Luis,2022,52,24.349999999999998,42.5,45.357142857142854,1.0,2
San Luis,2023,1,25.957142857142856,6.25,44.0,1.0,2
San Luis,2023,2,24.87142857142857,31.9,52.0,2.5,2
San Luis,2023,3,24.535714285714285,18.45,64.5,1.5,2
San Luis,2023,4,24.621428571428574,49.0,68.0,3.0,2
San Luis,2023,5,23.357142857142858,39.0,69.57142857142857,1.5,2
San Luis,2023,6,27.1,21.5,53.42857142857143,1.0,2
San Luis,2023,7,18.728571428571428,15.5,55.42857142857143,1.0,2
San Luis,2023,8,22.72142857142857,8.0,54.42857142857143,1.0,2
San Luis,2023,9,26.185714285714287,0.0,49.14285714285714,0.0,2
San Luis,2023,10,24.614285714285714,47.5,65.07142857142857,2.0,2
San Luis,2023,11,23.85,28.5,72.64285714285714,1.5,2
San Luis,2023,12,19.614285714285714,57.5,86.71428571428572,3.5,2
San Luis,2023,13,19.47142857142857,0.0,62.78571428571429,0.0,2
San Luis,2023,14,20.135714285714286,11.0,72.14285714285714,1.0,2
San Luis,2023,15,15.2,10.7,81.57142857142857,1.5,2
San Luis,2023,16,14.87857142857143,10.25,63.21428571428571,0.5,2
San Luis,2023,17,18.064285714285713,0.0,64.35714285714286,0.0,2
San Luis,2023,18,12.978571428571428,0.0,55.85714285714286,0.0,2
San Luis,2023,19,16.07142857142857,0.0,63.285714285714285,0.0,2
San Luis,2023,20,15.707142857142857,2.1,69.92857142857143,1.0,2
San Luis,2023,21,13.571428571428571,0.39999999999999997,76.5,0.0,2
San Luis,2023,22,13.014285714285714,0.0,70.0,0.0,2
San Luis,2023,23,12.192857142857143,0.0,64.64285714285714,0.0,2
San Luis,2023,24,5.449999999999999,0.0,58.42857142857143,0.0,2
San Luis,2023,25,9.807142857142857,2.75,79.21428571428572,1.0,2
San Luis,2023,26,11.371428571428572,0.0,59.0,0.0,2
San Luis,2023,27,12.278571428571428,1.0,74.5,0.5,2
San Luis,2023,28,5.942857142857143,11.7,82.92857142857142,2.5,2
San Luis,2023,29,9.892857142857142,0.0,57.71428571428571,0.0,2
San Luis,2023,30,11.0,0.0,54.28571428571429,0.0,2
San Luis,2023,31,14.085714285714285,0.0,56.07142857142857,0.0,2
San Luis,2023,32,11.107142857142858,0.0,41.5,0.0,2
San Luis,2023,33,13.042857142857143,0.25,55.42857142857143,0.0,2
San Luis,2023,34,10.442857142857143,0.7000000000000001,67.14285714285714,0.0,2
San Luis,2023,35,13.92142857142857,0.0,43.85714285714286,0.0,2
San Luis,2023,36,12.935714285714285,0.75,58.14285714285714,0.0,2
San Luis,2023,37,15.392857142857142,0.0,36.357142857142854,0.0,2
San Luis,2023,38,15.935714285714285,0.0,57.35714285714286,0.0,2
San Luis,2023,39,15.57142857142857,0.0,39.57142857142857,0.0,2
San Luis,2023,40,17.1,2.55,41.0,0.5,2
San Luis,2023,41,19.014285714285712,0.0,31.285714285714285,0.0,2
San Luis,2023,42,19.378571428571426,48.25,50.5,2.0,2
San Luis,2023,43,18.45,12.85,65.28571428571428,2.0,2
San Luis,2023,44,14.814285714285713,16.85,55.785714285714285,1.5,2
San Luis,2023,45,22.414285714285715,8.5,36.57142857142857,1.0,2
San Luis,2023,46,20.62142857142857,14.75,38.42857142857143,1.0,2
San Luis,2023,47,24.721428571428575,1.05,40.5,0.0,2
San Luis,2023,48,23.02857142857143,10.35,55.92857142857143,1.5,2
San Luis,2023,49,22.699999999999996,17.950000000000003,50.785714285714285,1.5,2
San Luis,2023,50,26.614285714285714,18.549999999999997,56.92857142857143,2.5,2
San Luis,2023,51,20.114285714285714,41.15,73.92857142857142,3.5,2
San Luis,2023,52,25.464285714285715,1.0,49.357142857142854,0.0,2
San Luis,2024,1,24.74285714285714,72.5,64.28571428571429,2.5,2
San Luis,2024,2,23.021428571428572,97.80000000000001,73.85714285714286,4.0,2
San Luis,2024,3,23.792857142857144,6.25,59.642857142857146,0.5,2
San Luis,2024,4,26.892857142857142,0.0,44.92857142857143,0.0,2
San Luis,2024,5,28.064285714285717,22.0,50.64285714285714,2.0,2
San Luis,2024,6,26.42857142857143,56.8,68.71428571428571,2.5,2
San Luis,2024,7,22.885714285714286,2.5,66.85714285714286,0.5,2
San Luis,2024,8,22.935714285714283,2.25,67.21428571428572,0.5,2
San Luis,2024,9,23.692857142857143,20.65,71.07142857142857,1.0,2
San Luis,2024,10,23.064285714285713,8.0,70.85714285714286,1.0,2
San Luis,2024,11,23.228571428571428,6.9,79.07142857142857,2.0,2
San Luis,2024,12,21.942857142857143,2.0,61.214285714285715,0.5,2
San Luis,2024,13,23.014285714285716,3.75,62.35714285714286,1.0,2
San Luis,2024,14,19.92142857142857,0.0,60.71428571428571,0.0,2
San Luis,2024,15,14.028571428571428,33.2,82.92857142857142,4.0,2
San Luis,2024,16,16.728571428571428,8.25,71.14285714285714,1.0,2
San Luis,2024,17,14.964285714285715,0.1,72.35714285714286,0.0,2
San Luis,2024,18,12.785714285714285,0.0,66.0,0.0,2
San Luis,2024,19,10.242857142857144,21.5,68.57142857142857,1.0,2
San Luis,2024,20,7.371428571428572,0.0,65.5,0.0,2
San Luis,2024,21,6.957142857142857,2.95,78.42857142857143,1.0,2
San Luis,2024,22,8.471428571428572,0.0,64.78571428571428,0.0,2
San Luis,2024,23,11.95,0.0,66.64285714285714,0.0,2
San Luis,2024,24,14.042857142857143,0.0,63.64285714285714,0.0,2
San Luis,2024,25,11.307142857142857,0.4,71.57142857142857,0.0,2
San Luis,2024,26,7.271428571428571,0.5,54.285714285714285,0.0,2
San Luis,2024,27,6.621428571428572,0.0,49.42857142857143,0.0,2
San Luis,2024,28,3.8928571428571432,0.0,57.0,0.0,2
San Luis,2024,29,8.014285714285714,0.5,62.35714285714286,0.0,2
San Luis,2024,30,10.271428571428572,0.0,54.35714285714286,0.0,2
San Luis,2024,31,11.82142857142857,4.0,53.92857142857143,1.0,2
San Luis,2024,32,8.221428571428572,1.75,52.42857142857143,0.5,2
San Luis,2024,33,9.985714285714286,0.5,55.785714285714285,0.0,2
San Luis,2024,34,5.6000000000000005,6.4,79.14285714285714,1.5,2
San Luis,2024,35,11.714285714285715,8.35,57.14285714285714,1.0,2
San Luis,2024,36,14.564285714285713,0.0,38.07142857142857,0.0,2
San Luis,2024,37,16.05,0.0,39.35714285714286,0.0,2
San Luis,2024,38,20.5,0.0,31.07142857142857,0.0,2
San Luis,2024,39,17.75,0.0,35.5,0.0,2
San Luis,2024,40,19.957142857142856,7.5,29.928571428571427,1.0,2
San Luis,2024,41,16.7,30.9,74.0,4.0,2
San Luis,2024,42,21.864285714285714,11.0,64.5,1.0,2
San Luis,2024,43,17.59285714285714,50.35,62.42857142857143,1.5,2
San Luis,2024,44,24.599999999999998,4.1,43.5,0.5,2
San Luis,2024,45,22.25,0.0,52.0,0.0,2
San Luis,2024,46,22.014285714285716,4.5,40.57142857142857,0.5,2
San Luis,2024,47,23.3,29.1,58.57142857142857,1.5,2
San Luis,2024,48,21.035714285714285,38.65,69.92857142857143,2.5,2
San Luis,2024,49,21.014285714285712,1.5,43.285714285714285,0.5,2
San Luis,2024,50,24.59285714285714,13.5,43.57142857142857,0.5,2
San Luis,2024,51,23.964285714285715,32.050000000000004,52.5,1.5,2
San Luis,2024,52,26.371428571428574,14.85,42.0,1.0,2
San Luis,2025,1,26.821428571428573,33.85,52.714285714285715,2.0,2
San Luis,2025,2,26.62142857142857,20.5,55.35714285714286,2.0,2
San Luis,2025,3,26.92857142857143,20.5,53.07142857142857,2.5,2
San Luis,2025,4,26.285714285714285,3.4,55.57142857142857,0.5,2
San Luis,2025,5,28.235714285714288,5.7,52.0,0.5,2
San Luis,2025,6,28.17857142857143,36.75,57.80952380952381,1.5,2
San Luis,2025,7,25.778571428571432,40.0,59.92857142857143,3.5,2
San Luis,2025,8,27.9,1.4,50.642857142857146,0.5,2
San Luis,2025,9,24.05,68.85,78.85714285714286,2.5,2
San Luis,2025,10,23.235714285714284,46.65,71.0,2.5,2
San Luis,2025,11,17.84285714285714,2.15,76.5,0.5,2
San Luis,2025,12,21.778571428571432,25.5,66.92857142857143,2.0,2
San Luis,2025,13,17.5,28.1,87.78571428571428,2.5,2
San Luis,2025,14,13.1,1.0,61.85714285714286,0.5,2
San Luis,2025,15,15.557142857142857,12.0,72.5,1.0,2
San Luis,2025,16,16.17142857142857,1.0,76.57142857142857,0.0,2
San Luis,2025,17,15.964285714285715,7.0,69.64285714285714,0.5,2
San Luis,2025,18,16.92142857142857,0.0,66.57142857142857,0.0,2
San Luis,2025,19,16.021428571428572,0.5,75.28571428571428,0.0,2
San Luis,2025,20,17.4,0.0,66.85714285714286,0.0,2
San Luis,2025,21,12.821428571428573,0.0,66.14285714285714,0.0,2
San Luis,2025,22,8.221428571428572,7.5,62.85714285714286,1.0,2
San Luis,2025,23,10.642857142857142,8.4,69.28571428571428,1.5,2
San Luis,2025,24,10.314285714285713,0.0,65.0,0.0,2
San Luis,2025,25,8.692857142857143,0.5,58.85714285714286,0.0,2
San Luis,2025,26,5.285714285714286,0.0,48.07142857142857,0.0,2
San Luis,2025,27,5.257142857142857,0.0,61.35714285714286,0.0,2
San Luis,2025,28,10.007142857142856,13.350000000000001,81.35714285714286,1.0,2
San Luis,2025,29,10.864285714285714,3.0,57.07142857142857,0.5,2
San Luis,2025,30,7.992857142857143,3.5,80.14285714285714,1.0,2
San Luis,2025,31,10.335714285714285,0.0,72.85714285714286,0.0,2
San Luis,2025,32,9.492857142857142,0.0,51.78571428571429,0.0,2
San Luis,2025,33,11.592857142857142,1.0,58.92857142857143,0.5,2
San Luis,2025,34,10.807142857142857,0.1,53.92857142857143,0.0,2
San Luis,2025,35,13.957142857142857,50.5,52.0,2.0,2
San Luis,2025,36,10.171428571428573,0.0,57.0,0.0,2
San Luis,2025,37,17.107142857142858,0.0,42.64285714285714,0.0,2
San Luis,2025,38,18.9,2.25,67.64285714285714,0.5,2
San Luis,2025,39,16.378571428571426,35.05,49.5,1.0,2
San Luis,2025,40,19.207142857142856,0.0,48.57142857142857,0.0,2
San Luis,2025,41,17.65,0.0,35.642857142857146,0.0,2
San Luis,2025,42,20.25,9.25,45.85714285714286,1.0,2
San Luis,2025,43,20.857142857142858,14.0,49.07142857142857,1.0,2
San Luis,2025,44,14.707142857142857,26.6,66.07142857142857,2.0,2
San Luis,2025,45,18.435714285714283,59.24999999999999,64.14285714285714,3.0,2
San Luis,2025,46,21.52857142857143,4.6,53.285714285714285,1.0,2
San Luis,2025,47,23.042857142857144,0.0,36.57142857142857,0.0,2
San Luis,2025,48,24.985714285714288,29.849999999999998,55.07142857142857,3.0,2
San Luis,2025,49,24.057142857142857,6.5,52.714285714285715,1.0,2
San Luis,2025,50,23.107142857142858,11.5,50.14285714285714,2.0,2
San Luis,2025,51,24.185714285714287,23.5,47.42857142857143,1.0,2
San Luis,2025,52,24.964285714285715,15.15,47.214285714285715,2.0,2
Santa Cruz,2018,1,13.786507936507936,5.3,51.59920634920635,1.0,6
Santa Cruz,2018,2,18.637698412698413,0.3666666666666667,40.32936507936508,0.16666666666666666,6
Santa Cruz,2018,3,17.386666666666667,1.1666666666666667,43.74761904761905,0.16666666666666666,6
Santa Cruz,2018,4,16.37857142857143,2.0,41.32857142857143,0.16666666666666666,6
Santa Cruz,2018,5,19.28238095238095,11.516666666666666,42.547619047619044,1.5,6
Santa Cruz,2018,6,13.69047619047619,1.5,48.86190476190476,0.3333333333333333,6
Santa Cruz,2018,7,17.74952380952381,1.2666666666666666,48.76190476190476,0.3333333333333333,6
Santa Cruz,2018,8,16.28095238095238,0.16666666666666666,42.87142857142857,0.0,6
Santa Cruz,2018,9,15.946428571428571,1.8333333333333333,44.65873015873016,0.3333333333333333,6
Santa Cruz,2018,10,14.448809523809524,2.6833333333333336,49.41269841269841,0.3333333333333333,6
Santa Cruz,2018,11,11.476984126984128,3.6833333333333336,49.083333333333336,0.8333333333333334,6
Santa Cruz,2018,12,9.88888888888889,1.25,51.36507936507937,0.3333333333333333,6
Santa Cruz,2018,13,11.40952380952381,0.6166666666666667,49.63095238095238,0.16666666666666666,6
Santa Cruz,2018,14,9.552777777777777,15.800000000000002,61.17460317460317,1.1666666666666667,6
Santa Cruz,2018,15,10.33968253968254,5.383333333333333,53.019841269841265,0.5,6
Santa Cruz,2018,16,10.623412698412698,5.133333333333334,59.464285714285715,0.8333333333333334,6
Santa Cruz,2018,17,6.7484126984126975,4.033333333333333,66.56746031746032,0.6666666666666666,6
Santa Cruz,2018,18,5.546825396825397,0.2333333333333333,64.21825396825398,0.16666666666666666,6
Santa Cruz,2018,19,8.571428571428571,20.466666666666665,70.28968253968254,1.5,6
Santa Cruz,2018,20,3.4956349206349207,2.6666666666666665,82.22222222222221,0.6666666666666666,6
Santa Cruz,2018,21,7.534523809523809,2.783333333333333,68.96031746031746,0.5,6
Santa Cruz,2018,22,1.578968253968254,0.03333333333333333,72.30952380952381,0.0,6
Santa Cruz,2018,23,1.347619047619048,11.583333333333334,79.13492063492065,1.8333333333333333,6
Santa Cruz,2018,24,1.8051587301587302,0.21666666666666667,77.34523809523809,0.0,6
Santa Cruz,2018,25,2.74563492063492,2.1333333333333333,65.24603174603175,0.3333333333333333,6
Santa Cruz,2018,26,2.2293650793650794,2.5500000000000003,68.52380952380952,0.6666666666666666,6
Santa Cruz,2018,27,-1.367063492063492,0.05000000000000001,81.41984126984127,0.0,6
Santa Cruz,2018,28,2.478968253968254,1.3499999999999999,74.90079365079364,0.5,6
Santa Cruz,2018,29,-0.5813492063492064,1.8666666666666665,78.65476190476191,0.5,6
Santa Cruz,2018,30,4.895238095238095,0.3833333333333333,64.22619047619048,0.0,6
Santa Cruz,2018,31,4.555952380952381,0.75,62.61904761904761,0.16666666666666666,6
Santa Cruz,2018,32,3.5686507936507934,0.11666666666666665,70.86111111111111,0.0,6
Santa Cruz,2018,33,6.97579365079365,0.43333333333333335,56.72222222222223,0.0,6
Santa Cruz,2018,34,7.39047619047619,1.3666666666666665,55.56746031746032,0.6666666666666666,6
Santa Cruz,2018,35,4.953968253968253,1.5666666666666667,55.31349206349207,0.5,6
Santa Cruz,2018,36,5.8956349206349214,4.3999999999999995,61.9484126984127,0.6666666666666666,6
Santa Cruz,2018,37,9.023015873015874,1.7333333333333334,49.81746031746032,0.3333333333333333,6
Santa Cruz,2018,38,4.383730158730159,15.883333333333333,78.40079365079366,2.8333333333333335,6
Santa Cruz,2018,39,5.238888888888889,5.6000000000000005,67.07936507936508,1.0,6
Santa Cruz,2018,40,8.300396825396826,1.8999999999999997,50.74603174603175,0.16666666666666666,6
Santa Cruz,2018,41,8.71468253968254,0.9166666666666666,47.888888888888886,0.3333333333333333,6
Santa Cruz,2018,42,7.580555555555556,9.483333333333333,58.9484126984127,0.6666666666666666,6
Santa Cruz,2018,43,10.877380952380953,0.9500000000000001,60.214285714285715,0.16666666666666666,6
Santa Cruz,2018,44,11.670238095238096,0.20000000000000004,42.07539682539683,0.0,6
Santa Cruz,2018,45,11.67063492063492,3.1666666666666665,45.29365079365079,0.3333333333333333,6
Santa Cruz,2018,46,13.46904761904762,0.5,41.714285714285715,0.16666666666666666,6
Santa Cruz,2018,47,13.417063492063491,1.15,41.87301587301587,0.16666666666666666,6
Santa Cruz,2018,48,14.54761904761905,3.9166666666666665,47.9404761904762,0.8333333333333334,6
Santa Cruz,2018,49,17.16468253968254,0.43333333333333335,41.32539682539683,0.16666666666666666,6
Santa Cruz,2018,50,15.244841269841272,0.8833333333333334,41.45634920634921,0.3333333333333333,6
Santa Cruz,2018,51,16.959920634920636,1.6500000000000001,44.07142857142858,0.3333333333333333,6
Santa Cruz,2018,52,15.55357142857143,0.5166666666666666,42.75,0.16666666666666666,6
Santa Cruz,2019,1,13.750793650793652,2.4499999999999997,43.30952380952382,0.5,6
Santa Cruz,2019,2,13.463095238095237,3.35,46.142857142857146,0.5,6
Santa Cruz,2019,3,16.998015873015873,9.883333333333335,44.17857142857142,1.0,6
Santa Cruz,2019,4,14.775396825396825,0.4166666666666667,40.76587301587302,0.0,6
Santa Cruz,2019,5,15.523809523809524,1.3999999999999997,45.96825396825397,0.3333333333333333,6
Santa Cruz,2019,6,17.040079365079364,0.06666666666666667,40.92857142857143,0.0,6
Santa Cruz,2019,7,18.644444444444442,11.9,43.583333333333336,1.1666666666666667,6
Santa Cruz,2019,8,9.821031746031744,7.533333333333334,51.67063492063492,1.3333333333333333,6
Santa Cruz,2019,9,13.393253968253967,4.883333333333334,58.97222222222223,1.8333333333333333,6
Santa Cruz,2019,10,12.782539682539683,4.633333333333334,52.87698412698413,0.8333333333333334,6
Santa Cruz,2019,11,14.024206349206347,13.049999999999999,64.88492063492063,1.3333333333333333,6
Santa Cruz,2019,12,11.216666666666667,4.433333333333334,65.65476190476191,0.6666666666666666,6
Santa Cruz,2019,13,13.391666666666666,0.5,53.57539682539683,0.16666666666666666,6
Santa Cruz,2019,14,12.194444444444443,12.633333333333333,55.82539682539683,1.6666666666666667,6
Santa Cruz,2019,15,9.132539682539683,4.933333333333333,69.70238095238095,0.5,6
Santa Cruz,2019,16,10.385714285714286,2.6333333333333333,58.3968253968254,0.6666666666666666,6
Santa Cruz,2019,17,8.253174603174603,5.616666666666667,70.22619047619048,0.8333333333333334,6
Santa Cruz,2019,18,4.858730158730158,1.2,68.77380952380953,0.16666666666666666,6
Santa Cruz,2019,19,8.221428571428572,5.016666666666667,66.91269841269842,0.8333333333333334,6
Santa Cruz,2019,20,7.357936507936508,0.5166666666666667,64.21428571428571,0.0,6
Santa Cruz,2019,21,7.723015873015872,3.5,61.86904761904762,0.3333333333333333,6
Santa Cruz,2019,22,1.7519841269841272,10.5,82.34920634920634,2.0,6
Santa Cruz,2019,23,6.2289682539682545,1.0999999999999999,69.39285714285714,0.0,6
Santa Cruz,2019,24,2.966666666666667,3.1166666666666667,78.16666666666667,0.6666666666666666,6
Santa Cruz,2019,25,4.876587301587302,0.39999999999999997,72.32936507936508,0.16666666666666666,6
Santa Cruz,2019,26,0.4880952380952381,1.2666666666666668,70.9904761904762,0.3333333333333333,6
Santa Cruz,2019,27,2.3035714285714284,2.9999999999999996,78.26190476190476,0.5,6
Santa Cruz,2019,28,2.7380952380952386,4.283333333333334,89.48809523809524,0.8333333333333334,6
Santa Cruz,2019,29,3.188095238095238,5.216666666666667,69.01984126984127,0.5,6
Santa Cruz,2019,30,5.648015873015873,0.35000000000000003,58.01587301587301,0.0,6
Santa Cruz,2019,31,5.163095238095238,15.950000000000001,77.65873015873017,2.3333333333333335,6
Santa Cruz,2019,32,3.6142857142857143,0.6833333333333332,63.62698412698413,0.16666666666666666,6
Santa Cruz,2019,33,-0.44880952380952377,0.3333333333333333,75.1031746031746,0.0,6
Santa Cruz,2019,34,4.303968253968255,3.733333333333333,70.47222222222221,0.8333333333333334,6
Santa Cruz,2019,35,4.861111111111112,1.3333333333333333,57.17460317460317,0.5,6
Santa Cruz,2019,36,2.528174603174603,1.4666666666666668,66.23015873015873,0.3333333333333333,6
Santa Cruz,2019,37,4.970238095238095,4.183333333333334,61.8531746031746,0.6666666666666666,6
Santa Cruz,2019,38,6.8503968253968255,4.8999999999999995,55.62698412698413,0.5,6
Santa Cruz,2019,39,11.043650793650793,2.0,47.138888888888886,0.6666666666666666,6
Santa Cruz,2019,40,6.7865079365079355,1.0666666666666667,53.861111111111114,0.3333333333333333,6
Santa Cruz,2019,41,7.6873015873015875,1.0166666666666666,43.90873015873016,0.3333333333333333,6
Santa Cruz,2019,42,11.857142857142856,1.2333333333333334,44.32539682539683,0.3333333333333333,6
Santa Cruz,2019,43,11.01468253968254,0.049999999999999996,47.48412698412699,0.0,6
Santa Cruz,2019,44,11.000396825396825,2.85,45.686507936507944,0.5,6
Santa Cruz,2019,45,10.040476190476191,1.5,47.285714285714285,0.5,6
Santa Cruz,2019,46,14.273809523809526,5.783333333333334,52.84126984126984,0.8333333333333334,6
Santa Cruz,2019,47,13.861111111111112,8.016666666666667,45.61904761904762,1.5,6
Santa Cruz,2019,48,11.008333333333333,4.733333333333333,54.33730158730159,0.5,6
Santa Cruz,2019,49,14.627380952380953,5.216666666666666,49.37698412698413,0.8333333333333334,6
Santa Cruz,2019,50,13.898015873015872,8.049999999999999,48.73809523809524,1.8333333333333333,6
Santa Cruz,2019,51,16.184920634920633,1.2500000000000002,42.861111111111114,0.16666666666666666,6
Santa Cruz,2019,52,15.635714285714286,0.6,39.507936507936506,0.16666666666666666,6
Santa Cruz,2020,1,16.75238095238095,6.316666666666666,47.46031746031746,1.1666666666666667,6
Santa Cruz,2020,2,14.341269841269842,6.25,48.25396825396825,1.0,6
Santa Cruz,2020,3,16.078968253968252,8.083333333333334,46.36507936507937,1.0,6
Santa Cruz,2020,4,16.748412698412697,1.8500000000000003,48.56349206349207,0.3333333333333333,6
Santa Cruz,2020,5,15.367857142857142,6.266666666666667,47.694444444444436,0.8333333333333334,6
Santa Cruz,2020,6,14.511904761904761,4.133333333333334,53.43253968253968,0.6666666666666666,6
Santa Cruz,2020,7,15.25595238095238,5.8500000000000005,48.892857142857146,1.0,6
Santa Cruz,2020,8,14.872619047619047,0.8833333333333333,43.98412698412699,0.3333333333333333,6
Santa Cruz,2020,9,16.782142857142855,0.2833333333333334,46.94047619047618,0.0,6
Santa Cruz,2020,10,16.526587301587302,0.2833333333333333,52.230158730158735,0.0,6
Santa Cruz,2020,11,13.989682539682539,3.1333333333333333,60.48809523809524,0.5,6
Santa Cruz,2020,12,15.064285714285715,1.1500000000000001,49.86904761904762,0.3333333333333333,6
Santa Cruz,2020,13,12.744841269841269,4.716666666666667,60.3531746031746,1.0,6
Santa Cruz,2020,14,10.886111111111111,0.48333333333333334,56.095238095238095,0.16666666666666666,6
Santa Cruz,2020,15,12.877777777777778,1.05,51.67460317460317,0.3333333333333333,6
Santa Cruz,2020,16,11.489285714285714,0.13333333333333333,57.388888888888886,0.0,6
Santa Cruz,2020,17,7.574999999999999,1.5666666666666667,66.13492063492063,0.16666666666666666,6
Santa Cruz,2020,18,7.558333333333334,3.9000000000000004,76.57539682539682,0.8333333333333334,6
Santa Cruz,2020,19,6.844047619047619,4.733333333333333,80.1031746031746,1.0,6
Santa Cruz,2020,20,6.328571428571429,8.866666666666667,70.2936507936508,1.5,6
Santa Cruz,2020,21,7.182936507936508,6.733333333333333,68.88095238095238,1.0,6
Santa Cruz,2020,22,4.813095238095238,1.05,72.04365079365078,0.16666666666666666,6
Santa Cruz,2020,23,7.579365079365079,0.8999999999999999,59.031746031746025,0.16666666666666666,6
Santa Cruz,2020,24,2.5865079365079366,6.8999999999999995,70.3690476190476,1.1666666666666667,6
Santa Cruz,2020,25,2.611904761904762,0.6,79.78968253968254,0.0,6
Santa Cruz,2020,26,-1.2996031746031744,13.15,85.61714285714285,2.5,6
Santa Cruz,2020,27,-1.7825396825396824,11.333333333333334,89.52857142857142,2.0,6
Santa Cruz,2020,28,-0.6805555555555557,0.4166666666666667,77.32539682539682,0.16666666666666666,6
Santa Cruz,2020,29,-0.6774603174603175,26.200000000000003,85.56190476190477,2.5,6
Santa Cruz,2020,30,-1.4992063492063492,4.433333333333334,84.67539682539683,1.0,6
Santa Cruz,2020,31,1.4587301587301589,0.15,76.38888888888889,0.0,6
Santa Cruz,2020,32,4.157936507936508,0.7166666666666667,65.60714285714285,0.3333333333333333,6
Santa Cruz,2020,33,2.8162698412698415,1.7333333333333334,67.73015873015873,0.3333333333333333,6
Santa Cruz,2020,34,5.73968253968254,4.1499999999999995,61.23412698412699,1.0,6
Santa Cruz,2020,35,2.5154761904761904,0.65,67.20238095238095,0.16666666666666666,6
Santa Cruz,2020,36,4.950793650793651,0.8166666666666668,64.30952380952381,0.16666666666666666,6
Santa Cruz,2020,37,7.48968253968254,1.1666666666666667,53.98412698412699,0.16666666666666666,6
Santa Cruz,2020,38,6.871031746031746,0.09999999999999999,51.37301587301587,0.0,6
Santa Cruz,2020,39,10.803174603174604,0.3333333333333333,43.42460317460317,0.16666666666666666,6
Santa Cruz,2020,40,5.519047619047619,1.5999999999999999,53.06746031746032,0.3333333333333333,6
Santa Cruz,2020,41,10.671825396825398,0.08333333333333333,45.757936507936506,0.0,6
Santa Cruz,2020,42,12.926190476190477,1.6666666666666667,45.05952380952382,0.5,6
Santa Cruz,2020,43,10.385714285714286,3.3166666666666664,54.1031746031746,0.8333333333333334,6
Santa Cruz,2020,44,13.107936507936508,0.5,41.68650793650794,0.16666666666666666,6
Santa Cruz,2020,45,13.313095238095238,14.75,56.63095238095239,1.3333333333333333,6
Santa Cruz,2020,46,14.510714285714286,0.6833333333333332,48.142857142857146,0.16666666666666666,6
Santa Cruz,2020,47,18.048412698412697,0.11666666666666665,41.70634920634921,0.0,6
Santa Cruz,2020,48,12.794444444444444,0.4666666666666666,41.06746031746032,0.16666666666666666,6
Santa Cruz,2020,49,14.717460317460317,0.4166666666666667,41.57936507936508,0.16666666666666666,6
Santa Cruz,2020,50,14.532936507936506,8.716666666666667,51.78968253968254,1.1666666666666667,6
Santa Cruz,2020,51,13.854761904761906,2.533333333333333,45.78968253968254,0.6666666666666666,6
Santa Cruz,2020,52,17.43690476190476,0.0,36.3015873015873,0.0,6
Santa Cruz,2020,53,16.047619047619047,3.783333333333333,49.535714285714285,0.8333333333333334,6
Santa Cruz,2021,1,15.408333333333333,2.783333333333333,44.007936507936506,0.6666666666666666,6
Santa Cruz,2021,2,15.299999999999999,3.65,50.35317460317461,0.5,6
Santa Cruz,2021,3,17.71428571428571,2.783333333333333,46.13492063492063,0.5,6
Santa Cruz,2021,4,13.116666666666667,0.8000000000000002,44.67460317460317,0.16666666666666666,6
Santa Cruz,2021,5,18.617460317460317,1.45,46.345238095238095,0.3333333333333333,6
Santa Cruz,2021,6,18.526587301587302,0.016666666666666666,45.88095238095238,0.0,6
Santa Cruz,2021,7,14.836904761904762,8.516666666666667,48.54365079365079,0.8333333333333334,6
Santa Cruz,2021,8,17.74404761904762,1.6333333333333335,50.32539682539683,0.3333333333333333,6
Santa Cruz,2021,9,14.197619047619048,4.8999999999999995,55.83730158730159,0.6666666666666666,6
Santa Cruz,2021,10,15.61190476190476,0.18333333333333335,43.15079365079365,0.0,6
Santa Cruz,2021,11,13.025396825396825,1.0999999999999999,44.71031746031746,0.3333333333333333,6
Santa Cruz,2021,12,13.219444444444443,0.31666666666666665,48.71031746031746,0.0,6
Santa Cruz,2021,13,11.467460317460317,5.316666666666667,68.01984126984127,1.1666666666666667,6
Santa Cruz,2021,14,10.503571428571428,3.0333333333333337,62.55952380952382,0.16666666666666666,6
Santa Cruz,2021,15,12.457936507936509,0.5666666666666667,50.59126984126984,0.16666666666666666,6
Santa Cruz,2021,16,9.013492063492064,6.783333333333334,66.16666666666667,0.8333333333333334,6
Santa Cruz,2021,17,10.282142857142857,5.6499999999999995,63.11111111111111,1.1666666666666667,6
Santa Cruz,2021,18,5.089285714285714,0.9666666666666667,70.3968253968254,0.16666666666666666,6
Santa Cruz,2021,19,7.833730158730159,3.766666666666666,67.74603174603175,1.0,6
Santa Cruz,2021,20,7.011111111111112,6.066666666666666,87.6468253968254,1.0,6
Santa Cruz,2021,21,2.375793650793651,7.366666666666667,70.48412698412697,0.8333333333333334,6
Santa Cruz,2021,22,1.492063492063492,11.183333333333332,84.05952380952381,1.6666666666666667,6
Santa Cruz,2021,23,5.844444444444444,2.9,68.4920634920635,0.5,6
Santa Cruz,2021,24,0.863095238095238,0.08333333333333333,75.80555555555556,0.0,6
Santa Cruz,2021,25,2.961904761904762,2.6666666666666665,71.15873015873017,0.8333333333333334,6
Santa Cruz,2021,26,5.704761904761905,5.6000000000000005,63.78174603174603,0.5,6
Santa Cruz,2021,27,5.441666666666666,3.316666666666667,64.62698412698413,0.5,6
Santa Cruz,2021,28,3.509920634920635,2.9333333333333336,71.14682539682539,0.8333333333333334,6
Santa Cruz,2021,29,5.363333333333333,1.05,62.20952380952381,0.3333333333333333,6
Santa Cruz,2021,30,5.492857142857143,1.7833333333333332,62.68650793650793,0.5,6
Santa Cruz,2021,31,6.944444444444444,0.016666666666666666,49.55555555555555,0.0,6
Santa Cruz,2021,32,7.374603174603174,0.016666666666666666,56.6031746031746,0.0,6
Santa Cruz,2021,33,3.2908730158730157,11.566666666666668,75.2063492063492,1.8333333333333333,6
Santa Cruz,2021,34,3.1345238095238095,4.166666666666666,74.02380952380953,0.8333333333333334,6
Santa Cruz,2021,35,5.005158730158731,0.2833333333333334,70.21428571428571,0.0,6
Santa Cruz,2021,36,7.558730158730159,2.9,60.53968253968254,0.3333333333333333,6
Santa Cruz,2021,37,7.24484126984127,0.8833333333333333,59.214285714285715,0.16666666666666666,6
Santa Cruz,2021,38,10.665476190476191,0.5499999999999999,52.32142857142858,0.16666666666666666,6
Santa Cruz,2021,39,7.9793650793650786,1.3333333333333333,49.166666666666664,0.3333333333333333,6
Santa Cruz,2021,40,9.836904761904762,0.7166666666666668,48.416666666666664,0.16666666666666666,6
Santa Cruz,2021,41,10.338095238095237,1.5,42.805555555555564,0.3333333333333333,6
Santa Cruz,2021,42,11.849206349206348,2.6833333333333336,46.333333333333336,0.6666666666666666,6
Santa Cruz,2021,43,12.255158730158731,2.4833333333333334,44.56746031746032,0.3333333333333333,6
Santa Cruz,2021,44,13.82420634920635,3.383333333333333,44.242063492063494,0.5,6
Santa Cruz,2021,45,13.940079365079365,0.3666666666666667,41.8531746031746,0.16666666666666666,6
Santa Cruz,2021,46,12.707936507936509,2.3666666666666667,41.86507936507937,0.6666666666666666,6
Santa Cruz,2021,47,12.865873015873015,1.1500000000000001,43.54365079365079,0.3333333333333333,6
Santa Cruz,2021,48,15.28095238095238,1.0666666666666667,41.33730158730159,0.3333333333333333,6
Santa Cruz,2021,49,15.66388888888889,12.983333333333333,50.797619047619044,1.5,6
Santa Cruz,2021,50,16.162698412698415,3.1666666666666665,48.230158730158735,0.6666666666666666,6
Santa Cruz,2021,51,19.360714285714284,0.85,37.55952380952381,0.16666666666666666,6
Santa Cruz,2021,52,15.04642857142857,0.21666666666666667,38.44047619047619,0.0,6
Santa Cruz,2022,1,16.0515873015873,1.9166666666666667,43.69444444444445,0.3333333333333333,6
Santa Cruz,2022,2,14.587698412698414,6.1499999999999995,44.48412698412699,1.0,6
Santa Cruz,2022,3,15.555555555555555,7.316666666666666,52.06746031746032,1.0,6
Santa Cruz,2022,4,16.25357142857143,2.3000000000000003,43.81349206349207,0.5,6
Santa Cruz,2022,5,15.634920634920634,0.48333333333333334,48.563492063492056,0.0,6
Santa Cruz,2022,6,17.007142857142856,0.06666666666666667,38.23809523809524,0.0,6
Santa Cruz,2022,7,14.467460317460317,11.516666666666666,53.92857142857142,1.5,6
Santa Cruz,2022,8,15.459523809523809,3.9333333333333336,51.55555555555555,0.8333333333333334,6
Santa Cruz,2022,9,12.357936507936508,1.7333333333333334,50.76190476190476,0.5,6
Santa Cruz,2022,10,12.238888888888889,8.483333333333333,60.45634920634921,1.1666666666666667,6
Santa Cruz,2022,11,11.902380952380952,2.5500000000000003,52.46031746031746,0.6666666666666666,6
Santa Cruz,2022,12,12.238888888888889,5.133333333333333,56.47222222222222,0.8333333333333334,6
Santa Cruz,2022,13,9.65873015873016,7.333333333333333,58.33730158730159,1.3333333333333333,6
Santa Cruz,2022,14,7.001190476190476,12.65,74.20238095238095,1.0,6
Santa Cruz,2022,15,11.37063492063492,0.8666666666666666,59.27777777777777,0.3333333333333333,6
Santa Cruz,2022,16,7.792063492063492,10.266666666666667,68.67460317460318,1.6666666666666667,6
Santa Cruz,2022,17,3.494047619047619,7.566666666666666,75.34523809523809,1.0,6
Santa Cruz,2022,18,9.549206349206349,4.733333333333333,58.90873015873016,1.0,6
Santa Cruz,2022,19,5.700396825396825,3.25,74.5079365079365,0.5,6
Santa Cruz,2022,20,4.1496031746031745,0.7000000000000001,76.53174603174604,0.16666666666666666,6
Santa Cruz,2022,21,3.081746031746032,2.75,63.845238095238095,0.6666666666666666,6
Santa Cruz,2022,22,2.08968253968254,0.5,74.11904761904762,0.16666666666666666,6
Santa Cruz,2022,23,5.1376984126984135,1.0833333333333333,58.40873015873016,0.3333333333333333,6
Santa Cruz,2022,24,3.195238095238095,2.033333333333333,72.24603174603175,0.3333333333333333,6
Santa Cruz,2022,25,0.0793650793650793,2.033333333333333,75.3952380952381,0.6666666666666666,6
Santa Cruz,2022,26,1.7552380952380953,2.5500000000000003,71.70238095238095,0.5,6
Santa Cruz,2022,27,-0.477777777777778,1.3833333333333335,79.71428571428571,0.5,6
Santa Cruz,2022,28,-1.642857142857143,2.9,84.06349206349206,0.8333333333333334,6
Santa Cruz,2022,29,0.8352380952380952,0.7166666666666668,68.72857142857143,0.3333333333333333,6
Santa Cruz,2022,30,2.7428571428571424,1.5499999999999998,63.047619047619044,0.16666666666666666,6
Santa Cruz,2022,31,2.6825396825396823,6.966666666666666,78.57142857142857,1.1666666666666667,6
Santa Cruz,2022,32,4.1571428571428575,1.3499999999999999,68.41666666666667,0.16666666666666666,6
Santa Cruz,2022,33,4.8880952380952385,1.95,62.507936507936506,0.5,6
Santa Cruz,2022,34,5.5095238095238095,2.2833333333333337,56.79365079365079,0.5,6
Santa Cruz,2022,35,8.721428571428572,0.9333333333333332,51.75396825396825,0.16666666666666666,6
Santa Cruz,2022,36,6.3880952380952385,1.4333333333333333,55.92857142857142,0.3333333333333333,6
Santa Cruz,2022,37,5.631746031746032,1.5,60.66269841269841,0.5,6
Santa Cruz,2022,38,6.909920634920635,2.5,57.09920634920635,0.6666666666666666,6
Santa Cruz,2022,39,9.903174603174604,0.5,47.34126984126984,0.16666666666666666,6
Santa Cruz,2022,40,9.57936507936508,1.4166666666666667,49.654761904761905,0.5,6
Santa Cruz,2022,41,10.07420634920635,1.2833333333333332,46.58730158730159,0.16666666666666666,6
Santa Cruz,2022,42,12.753174603174601,0.0,37.80952380952381,0.0,6
Santa Cruz,2022,43,10.15079365079365,1.4333333333333333,45.34920634920635,0.5,6
Santa Cruz,2022,44,15.942063492063491,0.0,44.13095238095238,0.0,6
Santa Cruz,2022,45,13.29404761904762,4.666666666666667,56.583333333333336,1.1666666666666667,6
Santa Cruz,2022,46,14.95357142857143,0.26666666666666666,38.8968253968254,0.16666666666666666,6
Santa Cruz,2022,47,15.117460317460319,0.049999999999999996,40.19444444444445,0.0,6
Santa Cruz,2022,48,15.19047619047619,0.7333333333333334,38.845238095238095,0.16666666666666666,6
Santa Cruz,2022,49,12.681746031746032,9.516666666666667,53.507936507936506,2.1666666666666665,6
Santa Cruz,2022,50,15.83174603174603,0.0,40.892857142857146,0.0,6
Santa Cruz,2022,51,17.573015873015873,4.116666666666666,43.87301587301587,0.6666666666666666,6
Santa Cruz,2022,52,15.052777777777779,3.266666666666667,41.1468253968254,0.5,6
Santa Cruz,2023,1,19.63095238095238,0.2333333333333333,40.84285714285714,0.0,6
Santa Cruz,2023,2,15.758571428571429,11.450000000000001,47.785714285714285,1.0,6
Santa Cruz,2023,3,18.808333333333334,1.55,48.23809523809524,0.3333333333333333,6
Santa Cruz,2023,4,17.225396825396825,1.0333333333333334,38.1031746031746,0.3333333333333333,6
Santa Cruz,2023,5,18.46746031746032,0.5166666666666667,41.492063492063494,0.16666666666666666,6
Santa Cruz,2023,6,17.26388888888889,2.4499999999999997,43.535714285714285,0.5,6
Santa Cruz,2023,7,10.890079365079366,4.816666666666667,49.361111111111114,1.1666666666666667,6
Santa Cruz,2023,8,15.326984126984128,0.26666666666666666,41.257936507936506,0.16666666666666666,6
Santa Cruz,2023,9,13.547222222222222,2.0,48.34920634920635,0.5,6
Santa Cruz,2023,10,13.826190476190476,0.5,48.404761904761905,0.16666666666666666,6
Santa Cruz,2023,11,11.512698412698413,0.0,47.61507936507937,0.0,6
Santa Cruz,2023,12,12.352380952380953,0.5499999999999999,47.33730158730159,0.16666666666666666,6
Santa Cruz,2023,13,8.089285714285714,1.6166666666666665,57.22222222222222,0.3333333333333333,6
Santa Cruz,2023,14,11.294444444444444,1.9000000000000001,49.654761904761905,0.5,6
Santa Cruz,2023,15,5.314682539682539,1.0333333333333334,60.51190476190476,0.16666666666666666,6
Santa Cruz,2023,16,11.096031746031747,2.9166666666666665,54.90873015873016,0.8333333333333334,6
Santa Cruz,2023,17,8.50436507936508,10.916666666666666,62.62698412698413,1.3333333333333333,6
Santa Cruz,2023,18,9.9515873015873,0.4166666666666667,56.23412698412699,0.16666666666666666,6
Santa Cruz,2023,19,7.438492063492063,2.35,65.72222222222221,0.6666666666666666,6
Santa Cruz,2023,20,7.715079365079365,3.4333333333333336,58.357142857142854,0.5,6
Santa Cruz,2023,21,3.738888888888889,0.8333333333333334,61.42460317460317,0.3333333333333333,6
Santa Cruz,2023,22,7.785714285714286,0.5,61.37698412698413,0.16666666666666666,6
Santa Cruz,2023,23,4.288888888888889,13.433333333333335,67.91666666666667,2.1666666666666665,6
Santa Cruz,2023,24,3.1658730158730157,0.6666666666666666,64.42857142857143,0.16666666666666666,6
Santa Cruz,2023,25,2.5595238095238098,5.75,78.25238095238096,1.3333333333333333,6
Santa Cruz,2023,26,2.5238095238095237,5.466666666666666,83.87301587301587,0.6666666666666666,6
Santa Cruz,2023,27,0.8916666666666666,1.9833333333333334,76.46031746031746,0.3333333333333333,6
Santa Cruz,2023,28,-1.615079365079365,0.9333333333333332,83.16190476190475,0.16666666666666666,6
Santa Cruz,2023,29,-0.5206349206349207,10.133333333333333,80.13571428571429,1.6666666666666667,6
Santa Cruz,2023,30,-0.25158730158730164,3.216666666666667,80.04761904761905,1.0,6
Santa Cruz,2023,31,4.329365079365079,3.233333333333333,62.86507936507936,0.6666666666666666,6
Santa Cruz,2023,32,3.623809523809524,3.233333333333333,72.07936507936508,0.8333333333333334,6
Santa Cruz,2023,33,1.3932539682539682,14.566666666666668,83.69444444444444,2.3333333333333335,6
Santa Cruz,2023,34,4.171428571428572,1.383333333333333,66.82142857142857,0.16666666666666666,6
Santa Cruz,2023,35,4.66984126984127,1.5333333333333332,62.769841269841265,0.5,6
Santa Cruz,2023,36,3.5833333333333335,10.183333333333332,80.02380952380952,1.6666666666666667,6
Santa Cruz,2023,37,4.804761904761905,9.183333333333334,66.58730158730158,1.6666666666666667,6
Santa Cruz,2023,38,3.99484126984127,1.3,64.16666666666667,0.16666666666666666,6
Santa Cruz,2023,39,7.943253968253967,1.2833333333333334,55.18253968253968,0.5,6
Santa Cruz,2023,40,8.843253968253968,1.8333333333333333,51.166666666666664,0.16666666666666666,6
Santa Cruz,2023,41,8.96984126984127,0.0,50.32936507936508,0.0,6
Santa Cruz,2023,42,11.789285714285716,0.016666666666666666,45.18650793650793,0.0,6
Santa Cruz,2023,43,10.601190476190476,2.0833333333333335,50.3968253968254,0.5,6
Santa Cruz,2023,44,9.859126984126984,0.45,48.31746031746032,0.16666666666666666,6
Santa Cruz,2023,45,11.443253968253968,4.5,47.62698412698413,0.6666666666666666,6
Santa Cruz,2023,46,8.624603174603175,4.216666666666667,53.1904761904762,0.8333333333333334,6
Santa Cruz,2023,47,12.905555555555557,2.4499999999999997,46.35714285714286,0.5,6
Santa Cruz,2023,48,11.535714285714285,0.7999999999999999,45.32936507936508,0.3333333333333333,6
Santa Cruz,2023,49,15.500793650793652,9.583333333333334,50.21825396825397,1.1666666666666667,6
Santa Cruz,2023,50,13.325396825396824,0.15000000000000002,46.87698412698413,0.0,6
Santa Cruz,2023,51,16.432936507936507,0.75,44.42063492063492,0.16666666666666666,6
Santa Cruz,2023,52,16.251984126984127,0.21666666666666667,41.92063492063492,0.0,6
Santa Cruz,2024,1,17.669047619047618,2.2499999999999996,46.06349206349207,0.3333333333333333,6
Santa Cruz,2024,2,14.247619047619049,4.716666666666667,48.62301587301587,0.6666666666666666,6
Santa Cruz,2024,3,16.920238095238094,0.8999999999999999,43.9404761904762,0.16666666666666666,6
Santa Cruz,2024,4,19.242857142857144,0.0,41.09126984126984,0.0,6
Santa Cruz,2024,5,17.63611111111111,3.4,47.111111111111114,0.6666666666666666,6
Santa Cruz,2024,6,17.19126984126984,9.549999999999999,43.93650793650793,0.8333333333333334,6
Santa Cruz,2024,7,17.462301587301585,3.8305555555555557,50.892857142857146,0.5,6
Santa Cruz,2024,8,14.651190476190477,3.3333333333333335,56.79365079365079,0.6666666666666666,6
Santa Cruz,2024,9,14.201984126984128,4.2,58.638888888888886,0.8333333333333334,6
Santa Cruz,2024,10,12.954761904761904,13.033333333333333,57.5,1.1666666666666667,6
Santa Cruz,2024,11,10.696428571428571,3.9000000000000004,55.333333333333336,0.6666666666666666,6
Santa Cruz,2024,12,9.641666666666667,4.983333333333333,67.43650793650794,1.1666666666666667,6
Santa Cruz,2024,13,12.683333333333332,0.5333333333333333,55.07539682539683,0.16666666666666666,6
Santa Cruz,2024,14,10.028968253968253,1.9333333333333333,55.67063492063492,0.5,6
Santa Cruz,2024,15,7.483730158730158,0.9666666666666667,60.035714285714285,0.16666666666666666,6
Santa Cruz,2024,16,9.271825396825397,5.6000000000000005,59.66269841269841,0.6666666666666666,6
Santa Cruz,2024,17,6.130952380952382,0.2833333333333333,59.02380952380952,0.0,6
Santa Cruz,2024,18,3.350396825396825,15.799999999999999,77.4563492063492,1.6666666666666667,6
Santa Cruz,2024,19,0.8567460317460318,11.516666666666666,84.72619047619048,1.8333333333333333,6
Santa Cruz,2024,20,3.1968253968253966,0.3666666666666667,77.28968253968254,0.0,6
Santa Cruz,2024,21,1.0888888888888888,0.19999999999999998,75.24285714285715,0.0,6
Santa Cruz,2024,22,2.7642857142857142,13.233333333333334,78.55555555555556,1.5,6
Santa Cruz,2024,23,1.9107142857142856,25.63333333333333,91.26190476190476,3.0,6
Santa Cruz,2024,24,2.303968253968254,7.133333333333333,85.83730158730158,1.3333333333333333,6
Santa Cruz,2024,25,-1.6119047619047617,28.96,90.81333333333333,3.0,5
Santa Cruz,2024,26,-1.5047619047619047,4.966666666666666,87.7936507936508,1.1666666666666667,6
Santa Cruz,2024,27,-0.878968253968254,5.3,83.84523809523809,1.1666666666666667,6
Santa Cruz,2024,28,2.294047619047619,0.016666666666666666,80.83333333333333,0.0,6
Santa Cruz,2024,29,4.921825396825397,5.3,72.46825396825396,0.8333333333333334,6
Santa Cruz,2024,30,5.841666666666668,2.766666666666667,63.14285714285714,0.3333333333333333,6
Santa Cruz,2024,31,4.0134920634920634,22.266666666666666,83.17460317460318,3.0,6
Santa Cruz,2024,32,3.1777777777777776,4.916666666666667,79.87301587301587,0.6666666666666666,6
Santa Cruz,2024,33,4.0321428571428575,0.6833333333333332,72.63095238095238,0.0,6
Santa Cruz,2024,34,3.103968253968254,1.3999999999999997,75.62698412698413,0.16666666666666666,6
Santa Cruz,2024,35,7.804761904761905,0.7999999999999999,50.297619047619044,0.16666666666666666,6
Santa Cruz,2024,36,8.27142857142857,0.15,49.96031746031746,0.0,6
Santa Cruz,2024,37,6.673412698412698,1.0999999999999999,51.31746031746032,0.16666666666666666,6
Santa Cruz,2024,38,5.541269841269841,3.141666666666666,61.38095238095238,0.861111111111111,6
Santa Cruz,2024,39,6.300396825396825,0.85,48.76190476190476,0.16666666666666666,6
Santa Cruz,2024,40,7.00873015873016,1.0833333333333333,50.36507936507937,0.5,6
Santa Cruz,2024,41,11.593650793650793,0.0,42.01587301587302,0.0,6
Santa Cruz,2024,42,12.332539682539682,0.30000000000000004,48.833333333333336,0.0,6
Santa Cruz,2024,43,13.137301587301588,2.3333333333333335,42.285714285714285,0.16666666666666666,6
Santa Cruz,2024,44,14.641666666666666,3.1166666666666667,40.99603174603175,0.3333333333333333,6
Santa Cruz,2024,45,11.440079365079365,2.8333333333333335,44.214285714285715,0.6666666666666666,6
Santa Cruz,2024,46,12.778968253968253,1.6666666666666667,44.97222222222222,0.3333333333333333,6
Santa Cruz,2024,47,14.63373015873016,0.0,41.476190476190474,0.0,6
Santa Cruz,2024,48,13.203174603174602,5.283333333333333,52.392857142857146,0.6666666666666666,6
Santa Cruz,2024,49,10.972222222222221,6.833333333333333,51.5,0.8333333333333334,6
Santa Cruz,2024,50,15.903174603174604,0.25,44.63095238095238,0.0,6
Santa Cruz,2024,51,15.522619047619047,2.3833333333333333,40.52777777777778,0.5,6
Santa Cruz,2024,52,18.559920634920633,0.35000000000000003,43.12698412698413,0.16666666666666666,6
Santa Cruz,2025,1,16.510952380952382,15.833333333333334,61.804761904761904,1.5,5
Santa Cruz,2025,2,17.491666666666667,2.75,47.61904761904762,0.3333333333333333,6
Santa Cruz,2025,3,16.39920634920635,0.2833333333333334,40.511904761904766,0.0,6
Santa Cruz,2025,4,16.689285714285713,4.583333333333333,54.48809523809524,0.6666666666666666,6
Santa Cruz,2025,5,17.553968253968254,2.4166666666666665,41.48412698412699,0.3333333333333333,6
Santa Cruz,2025,6,13.008333333333333,12.233333333333333,52.230158730158735,1.5,6
Santa Cruz,2025,7,13.637301587301588,2.65,50.138888888888886,0.8333333333333334,6
Santa Cruz,2025,8,16.764285714285716,1.8666666666666665,46.6468253968254,0.5,6
Santa Cruz,2025,9,13.316666666666668,0.6666666666666666,50.1468253968254,0.16666666666666666,6
Santa Cruz,2025,10,12.148015873015872,9.983333333333333,56.54365079365079,2.0,6
Santa Cruz,2025,11,13.09642857142857,0.16666666666666666,52.46031746031746,0.0,6
Santa Cruz,2025,12,13.032142857142858,1.0166666666666668,49.43253968253968,0.5,6
Santa Cruz,2025,13,12.909920634920637,9.066666666666666,59.82539682539683,0.8333333333333334,6
Santa Cruz,2025,14,7.992063492063491,5.366666666666667,63.92063492063492,1.0,6
Santa Cruz,2025,15,10.709126984126984,4.283333333333333,63.88492063492064,1.0,6
Santa Cruz,2025,16,8.493253968253969,1.55,74.27777777777779,0.6666666666666666,6
Santa Cruz,2025,17,8.33015873015873,14.549999999999999,64.32539682539682,2.0,6
Santa Cruz,2025,18,7.9190476190476184,1.5333333333333332,71.0436507936508,0.16666666666666666,6
Santa Cruz,2025,19,6.556746031746033,2.4,71.80952380952381,0.6666666666666666,6
Santa Cruz,2025,20,6.274206349206349,9.9,64.7936507936508,1.5,6
Santa Cruz,2025,21,2.8515873015873012,9.049999999999999,76.13492063492065,1.1666666666666667,6
Santa Cruz,2025,22,4.32063492063492,3.35,76.42460317460318,0.8333333333333334,6
Santa Cruz,2025,23,5.528968253968254,0.13333333333333333,70.03968253968254,0.0,6
Santa Cruz,2025,24,5.015873015873016,8.816666666666668,83.52777777777779,1.5,6
Santa Cruz,2025,25,3.627380952380952,1.3833333333333335,75.1031746031746,0.3333333333333333,6
Santa Cruz,2025,26,-0.02619047619047621,2.9333333333333336,77.24365079365079,0.8333333333333334,6
Santa Cruz,2025,27,-0.21388888888888893,0.45,83.22857142857143,0.16666666666666666,6
Santa Cruz,2025,28,5.5285714285714285,2.783333333333333,68.30555555555556,0.3333333333333333,6
Santa Cruz,2025,29,5.662698412698412,5.133333333333334,67.48015873015872,0.8333333333333334,6
Santa Cruz,2025,30,-0.22698412698412707,2.183333333333333,74.12857142857143,0.5,6
Santa Cruz,2025,31,1.926984126984127,19.483333333333334,92.25,3.0,6
Santa Cruz,2025,32,2.9984126984126984,0.35000000000000003,76.10714285714285,0.16666666666666666,6
Santa Cruz,2025,33,3.1468253968253967,0.5833333333333334,80.93253968253968,0.0,6
Santa Cruz,2025,34,5.477777777777778,2.25,65.4920634920635,0.6666666666666666,6
Santa Cruz,2025,35,6.6269841269841265,0.13333333333333333,64.01984126984127,0.0,6
Santa Cruz,2025,36,5.719444444444444,0.7000000000000001,58.269841269841265,0.16666666666666666,6
Santa Cruz,2025,37,8.478968253968254,1.3499999999999999,61.72619047619048,0.3333333333333333,6
Santa Cruz,2025,38,6.536111111111111,4.266666666666667,63.46825396825397,1.0,6
Santa Cruz,2025,39,8.868650793650794,0.18333333333333335,51.98412698412699,0.0,6
Santa Cruz,2025,40,8.53095238095238,4.883333333333334,53.5,0.8333333333333334,6
Santa Cruz,2025,41,10.911904761904763,1.7666666666666666,43.857142857142854,0.16666666666666666,6
Santa Cruz,2025,42,11.34047619047619,0.3666666666666667,44.23809523809524,0.16666666666666666,6
Santa Cruz,2025,43,9.420238095238096,2.983333333333333,48.6984126984127,0.8333333333333334,6
Santa Cruz,2025,44,12.311904761904762,0.5166666666666667,42.595238095238095,0.16666666666666666,6
Santa Cruz,2025,45,13.688095238095238,0.0,41.69047619047619,0.0,6
Santa Cruz,2025,46,14.16904761904762,4.866666666666667,42.0,0.6666666666666666,6
Santa Cruz,2025,47,12.754761904761905,1.2666666666666666,46.69047619047618,0.3333333333333333,6
Santa Cruz,2025,48,15.373809523809525,0.09999999999999999,41.57142857142858,0.0,6
Santa Cruz,2025,49,15.773809523809524,0.5666666666666667,42.095238095238095,0.16666666666666666,6
Santa Cruz,2025,50,14.904761904761905,1.0333333333333334,42.357142857142854,0.16666666666666666,6
Santa Cruz,2025,51,14.157142857142858,0.8500000000000001,41.42857142857143,0.16666666666666666,6
Santa Cruz,2025,52,15.338095238095237,1.6833333333333336,40.023809523809526,0.3333333333333333,6
Santa Fe,2018,1,25.076190476190476,7.666666666666667,60.523809523809526,0.8333333333333334,6
Santa Fe,2018,2,26.923809523809524,25.683333333333334,65.07142857142857,1.5,6
Santa Fe,2018,3,25.045238095238094,9.75,67.38095238095238,1.1666666666666667,6
Santa Fe,2018,4,25.733333333333334,25.383333333333336,66.14285714285715,1.5,6
Santa Fe,2018,5,27.72142857142857,0.0,57.5,0.0,6
Santa Fe,2018,6,26.733333333333334,9.816666666666668,61.76190476190476,1.3333333333333333,6
Santa Fe,2018,7,25.2,0.0,57.595238095238095,0.0,6
Santa Fe,2018,8,24.038095238095238,3.4499999999999997,61.02380952380952,0.5,6
Santa Fe,2018,9,26.02857142857143,13.15,67.16666666666667,1.0,6
Santa Fe,2018,10,22.976190476190478,5.2,59.833333333333336,0.5,6
Santa Fe,2018,11,22.704761904761906,9.166666666666666,59.57142857142858,0.6666666666666666,6
Santa Fe,2018,12,19.73095238095238,27.150000000000002,60.73809523809524,0.5,6
Santa Fe,2018,13,21.802380952380954,16.75,66.42857142857143,0.6666666666666666,6
Santa Fe,2018,14,21.566666666666666,55.86666666666667,79.66666666666667,2.8333333333333335,6
Santa Fe,2018,15,21.826190476190476,9.483333333333333,70.23809523809524,0.8333333333333334,6
Santa Fe,2018,16,24.21666666666667,61.833333333333336,76.30952380952381,1.8333333333333333,6
Santa Fe,2018,17,23.480952380952377,4.666666666666667,82.33333333333333,0.8333333333333334,6
Santa Fe,2018,18,19.645238095238096,52.56666666666666,92.09523809523809,4.833333333333333,6
Santa Fe,2018,19,18.14761904761905,93.26666666666667,86.5,3.6666666666666665,6
Santa Fe,2018,20,14.352380952380953,1.4666666666666668,77.40476190476191,0.3333333333333333,6
Santa Fe,2018,21,13.03095238095238,0.0,75.52380952380952,0.0,6
Santa Fe,2018,22,13.921428571428573,7.533333333333334,76.30952380952381,1.0,6
Santa Fe,2018,23,10.964285714285715,0.5,75.38095238095238,0.16666666666666666,6
Santa Fe,2018,24,7.478571428571429,10.25,78.38095238095238,0.8333333333333334,6
Santa Fe,2018,25,12.519047619047619,0.13333333333333333,65.04761904761905,0.0,6
Santa Fe,2018,26,13.10952380952381,0.85,77.30952380952381,0.16666666666666666,6
Santa Fe,2018,27,9.96904761904762,0.6166666666666666,80.88095238095238,0.0,6
Santa Fe,2018,28,11.607142857142856,0.0,74.45238095238095,0.0,6
Santa Fe,2018,29,10.247619047619047,14.416666666666666,78.57142857142857,1.1666666666666667,6
Santa Fe,2018,30,8.947619047619048,3.783333333333333,81.0,1.0,6
Santa Fe,2018,31,8.711904761904762,0.0,69.61904761904762,0.0,6
Santa Fe,2018,32,11.569047619047618,5.733333333333333,70.90476190476191,1.0,6
Santa Fe,2018,33,13.9,9.983333333333333,66.64285714285714,1.0,6
Santa Fe,2018,34,9.938095238095238,0.0,62.404761904761905,0.0,6
Santa Fe,2018,35,14.128571428571428,10.833333333333334,70.59523809523809,1.5,6
Santa Fe,2018,36,17.91190476190476,0.0,65.19047619047619,0.0,6
Santa Fe,2018,37,17.254761904761907,2.933333333333333,77.09523809523809,0.6666666666666666,6
Santa Fe,2018,38,21.638095238095236,15.916666666666666,63.357142857142854,1.1666666666666667,6
Santa Fe,2018,39,21.138095238095236,14.983333333333334,74.33333333333333,1.1666666666666667,6
Santa Fe,2018,40,17.16190476190476,0.3333333333333333,54.38095238095238,0.16666666666666666,6
Santa Fe,2018,41,18.049206349206347,27.366666666666664,66.87698412698413,2.5,6
Santa Fe,2018,42,21.652380952380952,6.666666666666667,64.78571428571428,1.1666666666666667,6
Santa Fe,2018,43,18.537142857142857,31.060000000000002,76.31428571428572,2.4,5
Santa Fe,2018,44,21.517142857142858,30.02,69.91428571428571,1.4,5
Santa Fe,2018,45,24.437142857142856,104.84,69.11428571428571,2.8,5
Santa Fe,2018,46,22.102857142857143,61.13333333333333,69.14285714285714,1.3333333333333333,5
Santa Fe,2018,47,22.18095238095238,44.06666666666666,66.80952380952381,1.5,6
Santa Fe,2018,48,20.18095238095238,22.350000000000005,71.30952380952381,1.8333333333333333,6
Santa Fe,2018,49,21.87857142857143,0.0,57.42857142857142,0.0,6
Santa Fe,2018,50,25.60857142857143,66.52000000000001,72.02857142857142,2.4,5
Santa Fe,2018,51,23.870634920634924,52.73333333333333,73.63888888888889,2.1666666666666665,6
Santa Fe,2018,52,26.81904761904762,36.21666666666667,70.45238095238095,2.1666666666666665,6
Santa Fe,2019,1,25.915873015873018,75.53333333333333,74.1984126984127,2.8333333333333335,6
Santa Fe,2019,2,23.32936507936508,56.68333333333334,80.28174603174602,2.8333333333333335,6
Santa Fe,2019,3,22.576190476190476,43.666666666666664,78.6190476190476,2.6666666666666665,6
Santa Fe,2019,4,26.659523809523808,61.13333333333333,80.54761904761905,2.1666666666666665,6
Santa Fe,2019,5,26.214682539682542,17.377777777777776,77.03174603174602,1.8888888888888886,6
Santa Fe,2019,6,25.183333333333334,15.666666666666666,71.28571428571429,1.0,6
Santa Fe,2019,7,22.0952380952381,4.833333333333333,71.54761904761905,0.5,6
Santa Fe,2019,8,27.71666666666667,56.5,72.30952380952381,2.1666666666666665,6
Santa Fe,2019,9,22.202380952380953,59.0,66.95238095238095,1.0,6
Santa Fe,2019,10,21.902380952380952,36.4,79.47619047619048,1.6666666666666667,6
Santa Fe,2019,11,20.93095238095238,2.5833333333333335,80.0,0.8333333333333334,6
Santa Fe,2019,12,19.14761904761905,4.516666666666667,71.11904761904762,0.6666666666666666,6
Santa Fe,2019,13,20.602380952380955,21.75,74.73809523809523,0.8333333333333334,6
Santa Fe,2019,14,20.93809523809524,5.5,74.40476190476191,0.6666666666666666,6
Santa Fe,2019,15,19.835714285714285,7.166666666666667,71.33333333333333,0.5,6
Santa Fe,2019,16,19.552380952380954,27.633333333333336,78.40476190476191,1.3333333333333333,6
Santa Fe,2019,17,16.82142857142857,59.550000000000004,86.33333333333333,3.0,6
Santa Fe,2019,18,19.045238095238094,31.816666666666666,79.66666666666667,1.3333333333333333,6
Santa Fe,2019,19,16.485714285714284,18.900000000000002,81.78571428571429,1.5,6
Santa Fe,2019,20,16.214285714285715,0.2833333333333334,81.73809523809524,0.0,6
Santa Fe,2019,21,13.385714285714286,10.816666666666668,83.30952380952381,1.1666666666666667,6
Santa Fe,2019,22,13.60952380952381,3.8333333333333335,88.35714285714285,1.0,6
Santa Fe,2019,23,14.621428571428572,1.0999999999999999,77.83333333333333,0.16666666666666666,6
Santa Fe,2019,24,15.997619047619049,21.066666666666666,91.42857142857143,2.5,6
Santa Fe,2019,25,13.959523809523809,7.266666666666667,80.21428571428572,0.6666666666666666,6
Santa Fe,2019,26,11.785714285714286,0.5,75.19047619047619,0.16666666666666666,6
Santa Fe,2019,27,6.876190476190477,0.0,70.07142857142857,0.0,6
Santa Fe,2019,28,13.214285714285715,0.0,76.57142857142857,0.0,6
Santa Fe,2019,29,14.44047619047619,0.06666666666666667,73.73809523809524,0.0,6
Santa Fe,2019,30,9.971428571428572,36.449999999999996,79.1190476190476,2.6666666666666665,6
Santa Fe,2019,31,11.385714285714286,0.016666666666666666,69.66666666666667,0.0,6
Santa Fe,2019,32,11.995238095238095,3.8666666666666667,69.19047619047619,0.8333333333333334,6
Santa Fe,2019,33,11.380952380952381,0.0,68.61904761904762,0.0,6
Santa Fe,2019,34,12.066666666666668,2.8333333333333335,68.76190476190476,0.3333333333333333,6
Santa Fe,2019,35,17.540476190476188,0.11666666666666665,65.11904761904762,0.0,6
Santa Fe,2019,36,11.77857142857143,23.833333333333332,63.357142857142854,1.0,6
Santa Fe,2019,37,15.057142857142857,4.7,77.3809523809524,0.8333333333333334,6
Santa Fe,2019,38,15.157142857142858,0.0,49.833333333333336,0.0,6
Santa Fe,2019,39,20.592857142857145,0.0,52.642857142857146,0.0,6
Santa Fe,2019,40,16.707142857142856,18.75,67.19047619047619,2.1666666666666665,6
Santa Fe,2019,41,23.728571428571428,24.166666666666668,63.095238095238095,1.6666666666666667,6
Santa Fe,2019,42,15.240476190476192,19.599999999999998,79.52380952380952,4.0,6
Santa Fe,2019,43,20.43095238095238,13.433333333333332,66.85714285714285,1.5,6
Santa Fe,2019,44,21.590476190476192,18.666666666666668,73.78571428571429,1.8333333333333333,6
Santa Fe,2019,45,22.916666666666668,14.4,70.57142857142857,0.8333333333333334,6
Santa Fe,2019,46,24.578571428571433,15.516666666666666,63.214285714285715,1.8333333333333333,6
Santa Fe,2019,47,24.516666666666666,16.366666666666667,65.15873015873017,1.6666666666666667,6
Santa Fe,2019,48,22.202380952380953,38.75,64.80952380952381,2.0,6
Santa Fe,2019,49,21.794444444444448,8.816666666666668,57.26190476190476,1.3333333333333333,6
Santa Fe,2019,50,25.123809523809523,94.75,57.404761904761905,2.0,6
Santa Fe,2019,51,23.47142857142857,21.0,62.547619047619044,1.3333333333333333,6
Santa Fe,2019,52,25.961904761904762,42.166666666666664,67.95238095238095,1.6666666666666667,6
Santa Fe,2020,1,25.076190476190476,22.349999999999998,71.35714285714286,1.5,6
Santa Fe,2020,2,25.126190476190477,22.833333333333332,67.45238095238095,1.5,6
Santa Fe,2020,3,25.59285714285714,45.9,67.71428571428571,2.1666666666666665,6
Santa Fe,2020,4,26.49761904761905,16.016666666666666,74.09523809523809,1.1666666666666667,6
Santa Fe,2020,5,23.730952380952385,13.216666666666667,64.59523809523809,0.6666666666666666,6
Santa Fe,2020,6,26.171428571428567,42.050000000000004,74.71428571428571,1.8333333333333333,6
Santa Fe,2020,7,25.107142857142858,17.2,69.33333333333333,1.5,6
Santa Fe,2020,8,20.99047619047619,48.25,67.02380952380952,1.0,6
Santa Fe,2020,9,23.519047619047623,0.3666666666666667,62.595238095238095,0.16666666666666666,6
Santa Fe,2020,10,25.833333333333332,0.0,59.452380952380956,0.0,6
Santa Fe,2020,11,25.895238095238096,26.349999999999998,71.59523809523809,2.5,6
Santa Fe,2020,12,21.790476190476188,34.699999999999996,72.73809523809524,0.8333333333333334,6
Santa Fe,2020,13,23.6547619047619,31.683333333333334,76.14285714285715,1.6666666666666667,6
Santa Fe,2020,14,21.247619047619047,24.349999999999998,74.42857142857143,1.1666666666666667,6
Santa Fe,2020,15,16.74761904761905,3.6333333333333333,64.35714285714286,0.5,6
Santa Fe,2020,16,17.064285714285713,3.8333333333333335,69.16666666666667,0.8333333333333334,6
Santa Fe,2020,17,21.96428571428571,14.166666666666666,70.66666666666667,1.3333333333333333,6
Santa Fe,2020,18,17.914285714285715,38.85,73.92857142857143,1.3333333333333333,6
Santa Fe,2020,19,14.67142857142857,3.8333333333333335,70.80952380952381,0.3333333333333333,6
Santa Fe,2020,20,15.84047619047619,0.0,61.52380952380952,0.0,6
Santa Fe,2020,21,14.88809523809524,11.833333333333334,71.35714285714286,0.8333333333333334,6
Santa Fe,2020,22,13.535714285714286,0.049999999999999996,67.95238095238095,0.0,6
Santa Fe,2020,23,10.802380952380952,11.883333333333333,77.80952380952381,0.8333333333333334,6
Santa Fe,2020,24,12.180952380952382,0.016666666666666666,71.78571428571429,0.0,6
Santa Fe,2020,25,15.988095238095239,4.75,75.07142857142857,0.5,6
Santa Fe,2020,26,10.916666666666666,0.7999999999999999,74.0,0.0,6
Santa Fe,2020,27,9.711904761904762,0.15,75.92857142857143,0.0,6
Santa Fe,2020,28,8.74047619047619,0.9666666666666667,70.83333333333333,0.16666666666666666,6
Santa Fe,2020,29,11.397619047619047,0.03333333333333333,70.59523809523809,0.0,6
Santa Fe,2020,30,11.461904761904762,1.4833333333333334,75.11904761904762,0.3333333333333333,6
Santa Fe,2020,31,11.502380952380951,0.0,59.785714285714285,0.0,6
Santa Fe,2020,32,18.942857142857143,1.3833333333333335,64.14285714285715,0.16666666666666666,6
Santa Fe,2020,33,11.142460317460317,0.0,49.23412698412699,0.0,6
Santa Fe,2020,34,10.819047619047618,0.0,45.142857142857146,0.0,6
Santa Fe,2020,35,17.576190476190476,6.0,65.85714285714285,1.0,6
Santa Fe,2020,36,11.29047619047619,30.05,77.02380952380952,2.1666666666666665,6
Santa Fe,2020,37,16.54285714285714,2.8499999999999996,66.69047619047619,0.16666666666666666,6
Santa Fe,2020,38,15.011904761904761,0.08333333333333333,47.11904761904762,0.0,6
Santa Fe,2020,39,19.44047619047619,11.833333333333334,54.642857142857146,0.6666666666666666,6
Santa Fe,2020,40,17.764285714285716,2.216666666666667,54.23809523809524,0.3333333333333333,6
Santa Fe,2020,41,18.823809523809526,0.09999999999999999,50.952380952380956,0.0,6
Santa Fe,2020,42,23.21666666666667,3.6,54.11904761904762,0.5,6
Santa Fe,2020,43,21.523809523809522,74.86666666666666,75.90476190476191,3.6666666666666665,6
Santa Fe,2020,44,17.928571428571427,0.75,57.57142857142858,0.16666666666666666,6
Santa Fe,2020,45,22.0952380952381,2.3833333333333333,53.0,0.5,6
Santa Fe,2020,46,22.890476190476193,22.5,63.3095238095238,1.5,6
Santa Fe,2020,47,23.40714285714286,0.6166666666666667,51.11904761904762,0.16666666666666666,6
Santa Fe,2020,48,25.745238095238093,52.38333333333333,59.047619047619044,2.6666666666666665,6
Santa Fe,2020,49,21.119047619047617,43.38333333333333,64.11904761904762,1.6666666666666667,6
Santa Fe,2020,50,24.150000000000002,32.449999999999996,57.07142857142858,1.6666666666666667,6
Santa Fe,2020,51,23.685714285714287,28.099999999999998,58.35714285714286,1.1666666666666667,6
Santa Fe,2020,52,25.834285714285716,0.6,56.62857142857143,0.2,5
Santa Fe,2020,53,25.316666666666666,10.833333333333334,56.69047619047618,1.3333333333333333,6
Santa Fe,2021,1,25.63095238095238,29.666666666666668,57.23809523809524,1.8333333333333333,6
Santa Fe,2021,2,22.68095238095238,66.33333333333333,73.26190476190476,3.3333333333333335,6
Santa Fe,2021,3,26.245238095238093,0.0,62.97619047619048,0.0,6
Santa Fe,2021,4,24.080952380952382,100.51666666666667,78.42857142857143,4.833333333333333,6
Santa Fe,2021,5,22.607142857142858,24.95,75.0,1.1666666666666667,6
Santa Fe,2021,6,22.954761904761906,18.116666666666664,77.59523809523809,1.5,6
Santa Fe,2021,7,23.269047619047623,5.166666666666667,67.16666666666667,0.6666666666666666,6
Santa Fe,2021,8,25.547619047619047,6.416666666666667,65.73809523809524,0.5,6
Santa Fe,2021,9,24.545238095238094,3.783333333333333,72.90476190476191,0.5,6
Santa Fe,2021,10,23.995238095238097,5.816666666666666,67.83333333333333,0.5,6
Santa Fe,2021,11,19.571428571428573,57.85,77.85714285714286,2.8333333333333335,6
Santa Fe,2021,12,20.17142857142857,54.13333333333333,84.09523809523809,2.1666666666666665,6
Santa Fe,2021,13,20.05952380952381,5.5,72.97619047619048,0.16666666666666666,6
Santa Fe,2021,14,21.72380952380952,104.31666666666666,82.64285714285715,2.5,6
Santa Fe,2021,15,20.364285714285714,0.3333333333333333,78.07142857142857,0.16666666666666666,6
Santa Fe,2021,16,19.70714285714286,29.666666666666668,78.97619047619048,1.6666666666666667,6
Santa Fe,2021,17,17.347619047619048,0.0,73.85714285714285,0.0,6
Santa Fe,2021,18,14.069047619047618,12.083333333333334,72.85714285714285,0.8333333333333334,6
Santa Fe,2021,19,12.521428571428572,0.0,72.04761904761905,0.0,6
Santa Fe,2021,20,13.854761904761906,36.21666666666667,80.30952380952381,2.6666666666666665,6
Santa Fe,2021,21,13.178571428571429,0.5,68.88095238095238,0.16666666666666666,6
Santa Fe,2021,22,15.226190476190476,10.583333333333334,69.83333333333333,0.5,6
Santa Fe,2021,23,14.354761904761906,0.08333333333333333,79.78571428571428,0.0,6
Santa Fe,2021,24,9.162857142857144,0.02,76.31428571428572,0.0,5
Santa Fe,2021,25,10.476587301587303,12.483333333333333,83.6468253968254,0.16666666666666666,6
Santa Fe,2021,26,7.665873015873015,0.0,71.58333333333333,0.0,6
Santa Fe,2021,27,15.188095238095238,1.3333333333333333,69.59523809523809,0.3333333333333333,6
Santa Fe,2021,28,11.15,16.400000000000002,76.30952380952381,1.3333333333333333,6
Santa Fe,2021,29,12.85,0.16666666666666666,64.80952380952381,0.0,6
Santa Fe,2021,30,8.142857142857142,0.0,60.11904761904762,0.0,6
Santa Fe,2021,31,13.792857142857143,6.333333333333333,69.45238095238095,0.6666666666666666,6
Santa Fe,2021,32,9.038095238095238,0.6333333333333333,70.64285714285715,0.16666666666666666,6
Santa Fe,2021,33,17.476190476190478,0.0,64.85714285714285,0.0,6
Santa Fe,2021,34,13.742857142857142,0.0,53.47619047619048,0.0,6
Santa Fe,2021,35,19.20952380952381,27.933333333333334,76.5,1.8333333333333333,6
Santa Fe,2021,36,16.340476190476192,4.016666666666667,75.97619047619048,0.8333333333333334,6
Santa Fe,2021,37,17.283333333333335,0.0,62.80952380952382,0.0,6
Santa Fe,2021,38,17.073809523809523,0.3333333333333333,65.69047619047619,0.0,6
Santa Fe,2021,39,17.980952380952385,4.3500000000000005,68.64285714285715,1.0,6
Santa Fe,2021,40,16.896428571428572,2.183333333333333,57.257936507936506,0.6666666666666666,6
Santa Fe,2021,41,17.60952380952381,28.416666666666668,66.47619047619048,1.8333333333333333,6
Santa Fe,2021,42,20.54285714285714,15.666666666666666,54.73809523809524,1.0,6
Santa Fe,2021,43,26.735714285714284,6.5,47.76190476190476,0.5,6
Santa Fe,2021,44,19.666666666666668,62.833333333333336,77.26190476190476,3.0,6
Santa Fe,2021,45,23.364285714285714,47.26666666666667,61.85714285714286,1.1666666666666667,6
Santa Fe,2021,46,22.426190476190474,7.333333333333333,56.80952380952382,0.6666666666666666,6
Santa Fe,2021,47,24.57142857142857,60.166666666666664,59.61904761904762,2.1666666666666665,6
Santa Fe,2021,48,23.671428571428574,2.1166666666666667,60.42857142857142,0.3333333333333333,6
Santa Fe,2021,49,24.91190476190476,22.116666666666664,63.19047619047618,1.8333333333333333,6
Santa Fe,2021,50,25.209523809523812,3.85,63.476190476190474,0.5,6
Santa Fe,2021,51,28.269047619047615,5.833333333333333,51.333333333333336,0.5,6
Santa Fe,2021,52,29.038095238095238,14.083333333333334,48.404761904761905,1.5,6
Santa Fe,2022,1,26.59285714285714,6.95,54.0,0.3333333333333333,6
Santa Fe,2022,2,32.39761904761905,31.0,44.226190476190474,1.0,6
Santa Fe,2022,3,26.973809523809525,43.416666666666664,74.38095238095238,3.1666666666666665,6
Santa Fe,2022,4,24.564285714285717,27.933333333333334,71.35714285714285,1.6666666666666667,6
Santa Fe,2022,5,24.62857142857143,16.016666666666666,66.80952380952381,1.6666666666666667,6
Santa Fe,2022,6,22.47285714285714,3.283333333333333,61.3095238095238,0.6666666666666666,6
Santa Fe,2022,7,25.414285714285715,2.5,59.4,0.6666666666666666,5
Santa Fe,2022,8,25.8,52.98,68.82857142857142,2.6,5
Santa Fe,2022,9,24.005714285714284,80.66,77.57142857142858,3.4,5
Santa Fe,2022,10,20.651904761904763,52.65,78.02857142857144,1.7888888888888888,5
Santa Fe,2022,11,20.514285714285712,8.48,70.22857142857143,0.8,5
Santa Fe,2022,12,19.61142857142857,29.2,76.5142857142857,2.0,5
Santa Fe,2022,13,17.24857142857143,4.6,66.28571428571429,0.6,5
Santa Fe,2022,14,20.6,43.86666666666667,77.91428571428571,1.5666666666666667,5
Santa Fe,2022,15,16.548571428571428,0.2,72.65714285714286,0.0,5
Santa Fe,2022,16,17.84857142857143,13.783333333333333,76.51428571428572,1.9666666666666668,5
Santa Fe,2022,17,17.365714285714283,11.15,71.57142857142857,1.0666666666666667,5
Santa Fe,2022,18,15.017142857142858,0.0,76.37142857142858,0.0,5
Santa Fe,2022,19,14.459999999999999,1.8333333333333333,77.05714285714285,0.5,5
Santa Fe,2022,20,11.268571428571429,0.0,74.17142857142858,0.0,5
Santa Fe,2022,21,13.6,4.5200000000000005,79.6,1.0,5
Santa Fe,2022,22,8.665714285714285,0.02,71.4,0.0,5
Santa Fe,2022,23,9.302857142857144,0.02,77.57142857142858,0.0,5
Santa Fe,2022,24,11.274285714285714,0.02,67.4,0.0,5
Santa Fe,2022,25,9.19142857142857,0.12,76.22857142857143,0.0,5
Santa Fe,2022,26,11.542857142857143,3.12,73.45714285714286,0.8,5
Santa Fe,2022,27,14.105714285714285,0.16666666666666666,71.45714285714286,0.0,5
Santa Fe,2022,28,10.1,5.916666666666667,74.34285714285714,0.5,5
Santa Fe,2022,29,14.877142857142857,0.6,78.65714285714286,0.2,5
Santa Fe,2022,30,15.674285714285713,2.38,71.42857142857142,0.6,5
Santa Fe,2022,31,12.51142857142857,18.56,75.74285714285715,1.2,5
Santa Fe,2022,32,13.674285714285713,5.4399999999999995,74.57142857142858,0.4,5
Santa Fe,2022,33,11.031428571428572,0.03333333333333333,55.48571428571429,0.0,5
Santa Fe,2022,34,17.057142857142857,0.6,63.171428571428564,0.16666666666666666,5
Santa Fe,2022,35,13.86,5.383333333333333,60.28571428571429,0.6666666666666666,5
Santa Fe,2022,36,14.637142857142857,0.0,54.71428571428571,0.0,5
Santa Fe,2022,37,17.157142857142855,10.24,56.4,1.0,5
Santa Fe,2022,38,14.545714285714286,5.55,66.6,0.8333333333333334,5
Santa Fe,2022,39,18.105714285714285,0.0,57.028571428571425,0.0,5
Santa Fe,2022,40,17.98,9.1,52.37142857142857,0.8,5
Santa Fe,2022,41,16.665714285714284,5.14,52.94285714285714,0.4,5
Santa Fe,2022,42,18.894285714285715,12.716666666666667,70.28571428571429,0.8333333333333334,5
Santa Fe,2022,43,23.417142857142856,23.350000000000005,55.31428571428571,1.4000000000000001,5
Santa Fe,2022,44,19.14,0.0,48.28571428571429,0.0,5
Santa Fe,2022,45,22.32857142857143,20.380000000000003,60.4,1.4,5
Santa Fe,2022,46,26.12285714285714,7.040000000000001,48.4,1.4,5
Santa Fe,2022,47,25.702857142857148,0.6599999999999999,52.37142857142858,0.2,5
Santa Fe,2022,48,26.674285714285713,3.8333333333333335,54.68571428571429,0.3333333333333333,5
Santa Fe,2022,49,29.937142857142856,36.06,53.82857142857142,2.0,5
Santa Fe,2022,50,25.202857142857145,0.4166666666666667,47.971428571428575,0.16666666666666666,5
Santa Fe,2022,51,25.839999999999996,3.3400000000000007,56.28571428571429,0.6,5
Santa Fe,2022,52,26.274285714285714,14.1,50.857142857142854,1.9000000000000001,5
Santa Fe,2023,1,27.754285714285714,0.0,42.628571428571426,0.0,5
Santa Fe,2023,2,27.037142857142857,7.866666666666667,51.4,1.5666666666666667,5
Santa Fe,2023,3,28.67714285714286,40.699999999999996,59.0,2.066666666666667,5
Santa Fe,2023,4,27.142857142857146,33.9,66.08571428571429,1.8,5
Santa Fe,2023,5,25.68571428571429,4.5,64.57142857142858,0.4000000000000001,5
Santa Fe,2023,6,29.074285714285715,2.016666666666667,54.28571428571429,0.16666666666666666,5
Santa Fe,2023,7,21.877142857142857,21.7,59.34285714285714,1.6,5
Santa Fe,2023,8,24.585714285714285,9.66,64.02857142857144,1.4,5
Santa Fe,2023,9,27.40571428571429,14.933333333333332,65.22857142857143,0.8333333333333334,5
Santa Fe,2023,10,28.60857142857143,0.0,58.68571428571429,0.0,5
Santa Fe,2023,11,28.31428571428571,12.8,68.74285714285715,1.4,5
Santa Fe,2023,12,23.6,66.88,80.65714285714286,3.0,5
Santa Fe,2023,13,22.371428571428574,6.150000000000001,67.08571428571429,0.5666666666666668,5
Santa Fe,2023,14,21.47714285714286,24.04,75.8,1.0,5
Santa Fe,2023,15,19.114285714285714,6.8500000000000005,72.28571428571429,0.9,5
Santa Fe,2023,16,16.385714285714286,5.073333333333333,70.11428571428571,0.7333333333333334,5
Santa Fe,2023,17,20.062857142857144,4.86,75.5142857142857,1.0,5
Santa Fe,2023,18,16.04285714285714,17.153333333333332,74.42857142857142,1.1666666666666667,5
Santa Fe,2023,19,16.465714285714284,0.0,75.4857142857143,0.0,5
Santa Fe,2023,20,18.085714285714285,24.25,78.65714285714286,2.8000000000000003,5
Santa Fe,2023,21,18.58857142857143,54.36,81.37142857142858,1.6,5
Santa Fe,2023,22,17.467619047619046,15.11,79.51904761904763,0.2,5
Santa Fe,2023,23,16.805714285714284,0.3,75.74285714285715,0.0,5
Santa Fe,2023,24,8.285714285714286,0.0,76.34285714285714,0.0,5
Santa Fe,2023,25,12.731428571428571,1.24,87.2,0.2,5
Santa Fe,2023,26,14.814285714285713,1.7799999999999998,76.08571428571429,0.2,5
Santa Fe,2023,27,17.742857142857144,4.74,79.71428571428571,0.8,5
Santa Fe,2023,28,10.131428571428572,13.133333333333333,83.77142857142857,1.5666666666666667,5
Santa Fe,2023,29,12.731428571428571,0.86,71.25714285714285,0.2,5
Santa Fe,2023,30,12.042857142857143,0.0,75.11428571428571,0.0,5
Santa Fe,2023,31,18.88285714285714,0.0,67.14285714285714,0.0,5
Santa Fe,2023,32,12.391428571428571,2.9,66.68571428571428,0.2,5
Santa Fe,2023,33,16.585714285714285,4.16,66.17142857142858,0.2,5
Santa Fe,2023,34,13.977142857142857,0.04,64.37142857142857,0.0,5
Santa Fe,2023,35,15.668571428571429,25.0,63.828571428571436,1.6,5
Santa Fe,2023,36,13.90285714285714,7.9799999999999995,72.31428571428572,0.2,5
Santa Fe,2023,37,17.928571428571427,4.84,55.2,0.4,5
Santa Fe,2023,38,17.737142857142857,2.56,76.34285714285713,0.2,5
Santa Fe,2023,39,16.542857142857144,1.08,59.4,0.2,5
Santa Fe,2023,40,18.380000000000003,2.92,51.65714285714286,0.6,5
Santa Fe,2023,41,18.534761904761904,4.0,50.766666666666666,0.6,5
Santa Fe,2023,42,21.67142857142857,43.5,65.91428571428571,2.6,5
Santa Fe,2023,43,21.322857142857142,16.94,73.54285714285714,2.0,5
Santa Fe,2023,44,15.948571428571427,41.12,74.25714285714285,2.2,5
Santa Fe,2023,45,23.465714285714284,21.78,65.82857142857142,1.4,5
Santa Fe,2023,46,21.599047619047617,31.8,65.33809523809524,2.033333333333333,5
Santa Fe,2023,47,24.435238095238095,45.66,63.95238095238095,0.8,5
Santa Fe,2023,48,24.87714285714286,58.54,74.0,2.6,5
Santa Fe,2023,49,21.97714285714286,6.56,69.5142857142857,1.0,5
Santa Fe,2023,50,26.257142857142856,133.74,76.42857142857142,4.0,5
Santa Fe,2023,51,23.60571428571428,20.18,78.4857142857143,1.6,5
Santa Fe,2023,52,24.69142857142857,22.0,63.971428571428575,1.4,5
Santa Fe,2024,1,25.722857142857144,47.74,72.02857142857144,1.8,5
Santa Fe,2024,2,25.205714285714286,98.5,76.68571428571428,3.4,5
Santa Fe,2024,3,24.925714285714285,35.04,73.37142857142858,1.8,5
Santa Fe,2024,4,24.98,0.0,63.171428571428564,0.0,5
Santa Fe,2024,5,28.80857142857143,0.0,61.171428571428564,0.0,5
Santa Fe,2024,6,29.571428571428573,52.98,69.85714285714286,2.4,5
Santa Fe,2024,7,23.465714285714288,11.72,72.6,1.0,5
Santa Fe,2024,8,25.442857142857143,47.36,74.97142857142858,2.8,5
Santa Fe,2024,9,25.248571428571427,55.379999999999995,83.17142857142856,2.0,5
Santa Fe,2024,10,23.885714285714286,35.42,73.34285714285714,1.0,5
Santa Fe,2024,11,26.822857142857146,74.2,81.6,2.8,5
Santa Fe,2024,12,23.337142857142858,9.98,76.45714285714286,1.0,5
Santa Fe,2024,13,24.08857142857143,22.56,72.77142857142857,1.4,5
Santa Fe,2024,14,19.52,24.2,83.08571428571429,2.2,5
Santa Fe,2024,15,18.848571428571425,78.9,85.4857142857143,3.0,5
Santa Fe,2024,16,20.174285714285713,26.1,76.42857142857142,1.6,5
Santa Fe,2024,17,18.22,10.559999999999999,80.77142857142857,1.4,5
Santa Fe,2024,18,16.871428571428574,2.92,81.85714285714286,1.0,5
Santa Fe,2024,19,14.965714285714288,2.98,79.62857142857143,0.6,5
Santa Fe,2024,20,9.554285714285715,0.0,75.71428571428571,0.0,5
Santa Fe,2024,21,10.494285714285715,1.7399999999999998,79.5142857142857,0.8,5
Santa Fe,2024,22,11.977142857142857,0.0,78.05714285714285,0.0,5
Santa Fe,2024,23,16.98,0.0,76.62857142857142,0.0,5
Santa Fe,2024,24,18.705714285714286,4.64,74.14285714285714,0.2,5
Santa Fe,2024,25,16.380000000000003,0.27999999999999997,86.22857142857143,0.0,5
Santa Fe,2024,26,9.037142857142857,0.0,67.0,0.0,5
Santa Fe,2024,27,8.942857142857143,0.0,60.68571428571429,0.0,5
Santa Fe,2024,28,4.237142857142857,0.0,70.25714285714285,0.0,5
Santa Fe,2024,29,12.848571428571429,0.86,79.4,0.2,5
Santa Fe,2024,30,14.16,0.0,72.56666666666666,0.0,5
Santa Fe,2024,31,16.46,3.5200000000000005,63.857142857142854,0.4,5
Santa Fe,2024,32,10.442857142857141,1.3199999999999998,66.4857142857143,0.4,5
Santa Fe,2024,33,13.219999999999999,0.0,62.48571428571429,0.0,5
Santa Fe,2024,34,9.965714285714284,3.6799999999999997,81.28571428571429,1.2,5
Santa Fe,2024,35,12.954285714285714,8.780000000000001,70.31428571428572,0.6,5
Santa Fe,2024,36,16.81142857142857,0.06,55.0,0.0,5
Santa Fe,2024,37,16.30857142857143,0.2,65.08571428571429,0.0,5
Santa Fe,2024,38,22.357142857142854,0.24,53.25714285714285,0.2,5
Santa Fe,2024,39,19.54,5.659999999999999,59.34285714285714,0.4,5
Santa Fe,2024,40,21.16857142857143,0.8,48.885714285714286,0.2,5
Santa Fe,2024,41,19.708571428571428,31.580000000000002,72.88571428571429,2.4,5
Santa Fe,2024,42,21.908571428571427,11.040000000000001,72.28571428571429,1.4,5
Santa Fe,2024,43,22.36857142857143,61.6,68.85714285714286,1.6,5
Santa Fe,2024,44,23.994285714285716,4.0200000000000005,65.2,0.6,5
Santa Fe,2024,45,22.871428571428574,21.18,65.45714285714286,2.2,5
Santa Fe,2024,46,23.13142857142857,12.64,55.885714285714286,1.6,5
Santa Fe,2024,47,22.934285714285714,24.46,69.77142857142857,1.8,5
Santa Fe,2024,48,23.90571428571429,33.5,78.02857142857144,3.0,5
Santa Fe,2024,49,21.754285714285714,26.28,56.71428571428571,1.0,5
Santa Fe,2024,50,24.14,23.04,61.68571428571429,1.2,5
Santa Fe,2024,51,22.905714285714286,24.06,67.6,2.0,5
Santa Fe,2024,52,23.32,9.8,61.028571428571425,1.2,5
Santa Fe,2025,1,26.445714285714285,2.84,54.57142857142858,0.4,5
Santa Fe,2025,2,27.065714285714286,0.54,50.31428571428572,0.2,5
Santa Fe,2025,3,27.625714285714288,25.0,56.771428571428565,2.0,5
Santa Fe,2025,4,26.528571428571432,17.3,67.2,1.6,5
Santa Fe,2025,5,27.142857142857146,15.959999999999999,63.97142857142857,1.4,5
Santa Fe,2025,6,28.657142857142855,40.86,63.114285714285714,1.2,5
Santa Fe,2025,7,26.922857142857147,46.220000000000006,71.17142857142858,3.2,5
Santa Fe,2025,8,27.2,3.94,67.11428571428571,0.2,5
Santa Fe,2025,9,26.18,110.08,82.0,4.2,5
Santa Fe,2025,10,26.997142857142858,32.64,71.11428571428571,1.8,5
Santa Fe,2025,11,19.874285714285712,11.08,71.42857142857143,1.0,5
Santa Fe,2025,12,24.091428571428573,11.34,70.2,1.0,5
Santa Fe,2025,13,22.78857142857143,45.96,83.14285714285714,3.0,5
Santa Fe,2025,14,15.902857142857144,27.5,72.22857142857143,1.4,5
Santa Fe,2025,15,18.665714285714287,10.959999999999999,83.57142857142858,1.0,5
Santa Fe,2025,16,18.15142857142857,4.0200000000000005,71.68571428571428,0.8,5
Santa Fe,2025,17,18.89714285714286,7.18,72.97142857142858,1.0,5
Santa Fe,2025,18,18.662857142857142,11.74,70.71428571428571,1.0,5
Santa Fe,2025,19,19.725714285714286,15.940000000000001,84.74285714285715,1.2,5
Santa Fe,2025,20,20.385714285714283,43.98,76.14285714285714,1.4,5
Santa Fe,2025,21,14.717142857142857,12.379999999999999,80.11428571428571,1.8,5
Santa Fe,2025,22,11.008571428571429,12.28,77.4857142857143,1.0,5
Santa Fe,2025,23,12.197142857142858,0.38,83.08571428571429,0.0,5
Santa Fe,2025,24,10.957142857142857,11.6,80.45714285714286,1.2,5
Santa Fe,2025,25,10.882857142857143,2.0,83.4,0.4,5
Santa Fe,2025,26,7.434285714285714,0.0,62.94285714285714,0.0,5
Santa Fe,2025,27,8.048571428571428,0.02,69.37142857142857,0.0,5
Santa Fe,2025,28,14.571428571428573,6.9799999999999995,80.05714285714285,1.2,5
Santa Fe,2025,29,13.4,13.459999999999999,70.11428571428571,1.4,5
Santa Fe,2025,30,12.268571428571429,28.78,85.2,3.4,5
Santa Fe,2025,31,14.417142857142858,6.8,73.2,0.8,5
Santa Fe,2025,32,11.137142857142857,0.0,65.37142857142858,0.0,5
Santa Fe,2025,33,11.922857142857143,0.0,70.31428571428572,0.0,5
Santa Fe,2025,34,13.854285714285714,66.24,71.37142857142857,2.2,5
Santa Fe,2025,35,16.628571428571426,71.28,69.37142857142858,1.6,5
Santa Fe,2025,36,11.557142857142857,2.0,70.71428571428571,0.4,5
Santa Fe,2025,37,17.17142857142857,4.86,63.857142857142854,0.4,5
Santa Fe,2025,38,20.517142857142858,46.78,77.91428571428571,1.8,5
Santa Fe,2025,39,17.13142857142857,8.86,63.28571428571429,0.6,5
Santa Fe,2025,40,21.142857142857146,12.879999999999999,68.74285714285715,0.4,5
Santa Fe,2025,41,18.919999999999998,0.44000000000000006,54.74285714285715,0.2,5
Santa Fe,2025,42,20.982857142857142,2.0200000000000005,57.74285714285715,0.4,5
Santa Fe,2025,43,22.142857142857142,61.36,62.0,1.6,5
Santa Fe,2025,44,17.937142857142856,2.54,66.31428571428572,1.0,5
Santa Fe,2025,45,19.22,34.32,71.14285714285714,2.8,5
Santa Fe,2025,46,22.52857142857143,46.72,66.08571428571429,2.8,5
Santa Fe,2025,47,21.68,8.5,60.31428571428571,1.0,5
Santa Fe,2025,48,24.46,35.46,65.88571428571429,2.0,5
Santa Fe,2025,49,25.034285714285716,26.48,63.6,0.6,5
Santa Fe,2025,50,24.294285714285714,45.18,68.62857142857142,2.4,5
Santa Fe,2025,51,24.119999999999997,43.1,66.25714285714285,2.0,5
Santa Fe,2025,52,26.582857142857144,14.220000000000002,71.31428571428572,1.6,5
Santiago del Estero,2018,1,26.085714285714285,3.0,59.142857142857146,1.0,1
Santiago del Estero,2018,2,27.985714285714288,37.6,59.42857142857143,3.0,1
Santiago del Estero,2018,3,25.385714285714283,27.2,67.0,2.0,1
Santiago del Estero,2018,4,26.428571428571427,29.3,73.71428571428571,3.0,1
Santiago del Estero,2018,5,27.814285714285713,0.0,64.42857142857143,0.0,1
Santiago del Estero,2018,6,28.114285714285717,18.0,58.57142857142857,3.0,1
Santiago del Estero,2018,7,24.614285714285717,11.0,65.14285714285714,1.0,1
Santiago del Estero,2018,8,25.785714285714285,10.0,59.42857142857143,1.0,1
Santiago del Estero,2018,9,27.17142857142857,12.0,59.42857142857143,2.0,1
Santiago del Estero,2018,10,25.542857142857144,0.0,61.142857142857146,0.0,1
Santiago del Estero,2018,11,24.014285714285712,0.0,58.42857142857143,0.0,1
Santiago del Estero,2018,12,22.214285714285715,0.0,53.714285714285715,0.0,1
Santiago del Estero,2018,13,22.557142857142857,2.0,56.142857142857146,1.0,1
Santiago del Estero,2018,14,22.400000000000002,31.200000000000003,74.71428571428571,1.0,1
Santiago del Estero,2018,15,21.414285714285715,5.2,70.14285714285714,1.0,1
Santiago del Estero,2018,16,25.642857142857142,0.0,63.857142857142854,0.0,1
Santiago del Estero,2018,17,24.24285714285714,23.1,79.0,1.0,1
Santiago del Estero,2018,18,21.17142857142857,6.2,88.28571428571429,1.0,1
Santiago del Estero,2018,19,19.385714285714283,3.0,76.57142857142857,1.0,1
Santiago del Estero,2018,20,15.342857142857143,4.3,78.71428571428571,1.0,1
Santiago del Estero,2018,21,14.142857142857142,0.0,71.14285714285714,0.0,1
Santiago del Estero,2018,22,14.857142857142858,0.0,68.42857142857143,0.0,1
Santiago del Estero,2018,23,11.042857142857143,0.0,67.28571428571429,0.0,1
Santiago del Estero,2018,24,7.8428571428571425,0.0,64.28571428571429,0.0,1
Santiago del Estero,2018,25,13.87142857142857,0.0,53.857142857142854,0.0,1
Santiago del Estero,2018,26,12.942857142857141,0.0,73.0,0.0,1
Santiago del Estero,2018,27,10.485714285714286,4.4,82.42857142857143,2.0,1
Santiago del Estero,2018,28,10.357142857142858,0.0,68.42857142857143,0.0,1
Santiago del Estero,2018,29,11.700000000000001,1.8000000000000003,59.714285714285715,0.0,1
Santiago del Estero,2018,30,7.014285714285714,0.0,55.0,0.0,1
Santiago del Estero,2018,31,11.414285714285715,0.0,53.285714285714285,0.0,1
Santiago del Estero,2018,32,14.971428571428572,0.0,45.57142857142857,0.0,1
Santiago del Estero,2018,33,16.485714285714288,1.0,43.57142857142857,0.0,1
Santiago del Estero,2018,34,11.771428571428572,0.0,40.0,0.0,1
Santiago del Estero,2018,35,15.614285714285716,1.0,49.57142857142857,0.0,1
Santiago del Estero,2018,36,20.37142857142857,0.0,41.0,0.0,1
Santiago del Estero,2018,37,20.62857142857143,13.1,61.0,3.0,1
Santiago del Estero,2018,38,24.214285714285715,0.0,52.42857142857143,0.0,1
Santiago del Estero,2018,39,25.285714285714285,0.0,63.714285714285715,0.0,1
Santiago del Estero,2018,40,20.97142857142857,0.0,41.142857142857146,0.0,1
Santiago del Estero,2018,41,19.428571428571427,3.0,66.14285714285714,1.0,1
Santiago del Estero,2018,42,24.857142857142858,165.0,65.71428571428571,4.0,1
Santiago del Estero,2018,43,19.014285714285712,46.0,86.71428571428571,4.0,1
Santiago del Estero,2018,44,25.142857142857142,10.0,65.14285714285714,1.0,1
Santiago del Estero,2018,45,26.571428571428573,63.0,67.57142857142857,3.0,1
Santiago del Estero,2018,46,24.557142857142857,7.0,57.42857142857143,1.0,1
Santiago del Estero,2018,47,24.099999999999998,23.0,66.42857142857143,1.0,1
Santiago del Estero,2018,48,21.957142857142856,19.0,72.57142857142857,3.0,1
Santiago del Estero,2018,49,23.114285714285717,39.0,65.14285714285714,3.0,1
Santiago del Estero,2018,50,27.8,1.0,69.28571428571429,0.0,1
Santiago del Estero,2018,51,25.157142857142855,19.0,69.71428571428571,2.0,1
Santiago del Estero,2018,52,29.814285714285713,4.0,58.0,1.0,1
Santiago del Estero,2019,1,26.557142857142857,96.0,72.28571428571429,3.0,1
Santiago del Estero,2019,2,23.514285714285712,156.0,79.71428571428571,3.0,1
Santiago del Estero,2019,3,22.585714285714285,34.2,80.28571428571429,3.0,1
Santiago del Estero,2019,4,29.88571428571429,0.0,65.0,0.0,1
Santiago del Estero,2019,5,27.7,110.0,72.14285714285714,3.0,1
Santiago del Estero,2019,6,26.357142857142858,0.0,68.85714285714286,0.0,1
Santiago del Estero,2019,7,23.071428571428573,6.0,74.71428571428571,1.0,1
Santiago del Estero,2019,8,29.757142857142856,0.0,58.0,0.0,1
Santiago del Estero,2019,9,24.52857142857143,2.2,69.14285714285714,1.0,1
Santiago del Estero,2019,10,22.857142857142858,51.0,80.14285714285714,4.0,1
Santiago del Estero,2019,11,22.457142857142856,2.8,78.85714285714286,0.0,1
Santiago del Estero,2019,12,21.085714285714285,1.0,75.28571428571429,0.0,1
Santiago del Estero,2019,13,20.214285714285715,23.0,85.57142857142857,3.0,1
Santiago del Estero,2019,14,21.071428571428573,29.5,80.28571428571429,1.0,1
Santiago del Estero,2019,15,21.2,0.0,71.42857142857143,0.0,1
Santiago del Estero,2019,16,20.957142857142856,11.9,90.14285714285714,3.0,1
Santiago del Estero,2019,17,16.742857142857144,33.0,88.14285714285714,3.0,1
Santiago del Estero,2019,18,19.385714285714283,9.7,85.28571428571429,1.0,1
Santiago del Estero,2019,19,18.085714285714285,2.3,83.71428571428571,1.0,1
Santiago del Estero,2019,20,16.1,0.0,73.42857142857143,0.0,1
Santiago del Estero,2019,21,12.1,6.0,79.85714285714286,1.0,1
Santiago del Estero,2019,22,14.328571428571427,0.0,82.85714285714286,0.0,1
Santiago del Estero,2019,23,14.742857142857144,0.0,73.85714285714286,0.0,1
Santiago del Estero,2019,24,15.928571428571429,3.1,83.57142857142857,1.0,1
Santiago del Estero,2019,25,12.87142857142857,0.0,74.57142857142857,0.0,1
Santiago del Estero,2019,26,11.157142857142857,0.0,75.57142857142857,0.0,1
Santiago del Estero,2019,27,8.371428571428572,0.0,69.14285714285714,0.0,1
Santiago del Estero,2019,28,14.771428571428572,0.0,69.28571428571429,0.0,1
Santiago del Estero,2019,29,15.485714285714286,0.0,72.71428571428571,0.0,1
Santiago del Estero,2019,30,10.4,1.1,58.714285714285715,0.0,1
Santiago del Estero,2019,31,13.0,0.0,57.42857142857143,0.0,1
Santiago del Estero,2019,32,13.357142857142858,0.0,43.285714285714285,0.0,1
Santiago del Estero,2019,33,13.185714285714285,0.0,52.42857142857143,0.0,1
Santiago del Estero,2019,34,14.957142857142857,0.0,53.57142857142857,0.0,1
Santiago del Estero,2019,35,19.685714285714287,0.0,51.57142857142857,0.0,1
Santiago del Estero,2019,36,14.042857142857143,0.0,50.857142857142854,0.0,1
Santiago del Estero,2019,37,17.62857142857143,0.0,58.857142857142854,0.0,1
Santiago del Estero,2019,38,17.17142857142857,0.0,39.57142857142857,0.0,1
Santiago del Estero,2019,39,23.8,0.0,37.42857142857143,0.0,1
Santiago del Estero,2019,40,19.957142857142856,2.0,51.142857142857146,1.0,1
Santiago del Estero,2019,41,27.428571428571427,12.0,44.142857142857146,1.0,1
Santiago del Estero,2019,42,16.8,3.0,70.57142857142857,1.0,1
Santiago del Estero,2019,43,25.314285714285713,0.0,48.57142857142857,0.0,1
Santiago del Estero,2019,44,24.814285714285713,11.7,64.0,1.0,1
Santiago del Estero,2019,45,25.428571428571427,3.0,64.71428571428571,1.0,1
Santiago del Estero,2019,46,28.071428571428573,3.0,53.857142857142854,1.0,1
Santiago del Estero,2019,47,29.12857142857143,8.0,54.42857142857143,1.0,1
Santiago del Estero,2019,48,26.96666666666667,65.0,57.333333333333336,1.0,1
Santiago del Estero,2019,49,23.385714285714283,19.3,66.0,2.0,1
Santiago del Estero,2019,50,27.457142857142856,18.0,65.85714285714286,2.0,1
Santiago del Estero,2019,51,26.642857142857142,0.0,62.714285714285715,0.0,1
Santiago del Estero,2019,52,29.157142857142855,16.3,62.714285714285715,1.0,1
Santiago del Estero,2020,1,28.685714285714287,4.0,64.85714285714286,1.0,1
Santiago del Estero,2020,2,28.5,31.5,70.42857142857143,2.0,1
Santiago del Estero,2020,3,27.814285714285713,10.0,70.57142857142857,1.0,1
Santiago del Estero,2020,4,28.8,34.0,64.14285714285714,1.0,1
Santiago del Estero,2020,5,27.585714285714285,0.0,58.857142857142854,0.0,1
Santiago del Estero,2020,6,27.614285714285717,116.00000000000001,74.42857142857143,5.0,1
Santiago del Estero,2020,7,25.67142857142857,8.2,78.57142857142857,1.0,1
Santiago del Estero,2020,8,23.900000000000002,27.0,63.57142857142857,1.0,1
Santiago del Estero,2020,9,25.057142857142857,0.0,60.0,0.0,1
Santiago del Estero,2020,10,27.928571428571427,0.0,55.857142857142854,0.0,1
Santiago del Estero,2020,11,27.74285714285714,40.0,70.71428571428571,5.0,1
Santiago del Estero,2020,12,23.057142857142857,12.0,76.71428571428571,2.0,1
Santiago del Estero,2020,13,24.32857142857143,26.7,76.28571428571429,1.0,1
Santiago del Estero,2020,14,22.342857142857145,19.0,80.14285714285714,3.0,1
Santiago del Estero,2020,15,19.485714285714288,0.0,63.142857142857146,0.0,1
Santiago del Estero,2020,16,18.914285714285715,0.5,66.42857142857143,0.0,1
Santiago del Estero,2020,17,23.74285714285714,9.9,64.85714285714286,1.0,1
Santiago del Estero,2020,18,19.942857142857143,8.0,82.71428571428571,2.0,1
Santiago del Estero,2020,19,15.700000000000001,0.0,70.0,0.0,1
Santiago del Estero,2020,20,16.47142857142857,0.0,60.857142857142854,0.0,1
Santiago del Estero,2020,21,15.185714285714285,0.0,60.285714285714285,0.0,1
Santiago del Estero,2020,22,13.928571428571429,0.0,60.42857142857143,0.0,1
Santiago del Estero,2020,23,11.314285714285715,1.2,67.14285714285714,0.0,1
Santiago del Estero,2020,24,16.057142857142857,0.0,66.57142857142857,0.0,1
Santiago del Estero,2020,25,15.357142857142858,0.0,63.857142857142854,0.0,1
Santiago del Estero,2020,26,11.614285714285714,0.4,72.0,0.0,1
Santiago del Estero,2020,27,9.728571428571428,0.0,64.14285714285714,0.0,1
Santiago del Estero,2020,28,9.657142857142857,0.0,64.85714285714286,0.0,1
Santiago del Estero,2020,29,13.6,0.0,61.142857142857146,0.0,1
Santiago del Estero,2020,30,12.342857142857142,0.0,57.57142857142857,0.0,1
Santiago del Estero,2020,31,11.242857142857144,0.0,49.714285714285715,0.0,1
Santiago del Estero,2020,32,19.885714285714283,0.0,50.714285714285715,0.0,1
Santiago del Estero,2020,33,12.942857142857141,0.0,40.42857142857143,0.0,1
Santiago del Estero,2020,34,12.12857142857143,0.0,38.0,0.0,1
Santiago del Estero,2020,35,18.97142857142857,0.0,47.57142857142857,0.0,1
Santiago del Estero,2020,36,14.799999999999999,0.0,57.714285714285715,0.0,1
Santiago del Estero,2020,37,20.24285714285714,0.0,50.714285714285715,0.0,1
Santiago del Estero,2020,38,20.557142857142857,0.0,30.571428571428573,0.0,1
Santiago del Estero,2020,39,23.585714285714285,0.0,37.857142857142854,0.0,1
Santiago del Estero,2020,40,21.014285714285712,0.0,40.857142857142854,0.0,1
Santiago del Estero,2020,41,22.457142857142856,0.0,42.285714285714285,0.0,1
Santiago del Estero,2020,42,25.8,2.0,44.142857142857146,1.0,1
Santiago del Estero,2020,43,25.37142857142857,7.0,64.85714285714286,1.0,1
Santiago del Estero,2020,44,22.599999999999998,0.0,37.714285714285715,0.0,1
Santiago del Estero,2020,45,25.842857142857145,2.0,38.42857142857143,1.0,1
Santiago del Estero,2020,46,25.3,65.0,65.71428571428571,1.0,1
Santiago del Estero,2020,47,25.485714285714288,3.0,53.285714285714285,1.0,1
Santiago del Estero,2020,48,29.357142857142858,21.0,55.57142857142857,1.0,1
Santiago del Estero,2020,49,23.514285714285712,18.0,64.57142857142857,2.0,1
Santiago del Estero,2020,50,29.62857142857143,0.0,42.0,0.0,1
Santiago del Estero,2020,51,28.557142857142857,0.0,47.42857142857143,0.0,1
Santiago del Estero,2020,52,28.7,35.0,52.57142857142857,2.0,1
Santiago del Estero,2020,53,27.099999999999998,32.0,60.0,3.0,1
Santiago del Estero,2021,1,25.542857142857144,39.0,75.71428571428571,3.0,1
Santiago del Estero,2021,2,25.400000000000002,25.0,77.42857142857143,2.0,1
Santiago del Estero,2021,3,27.657142857142855,2.0,56.57142857142857,1.0,1
Santiago del Estero,2021,4,28.17142857142857,4.3,64.28571428571429,2.0,1
Santiago del Estero,2021,5,24.24285714285714,13.0,68.42857142857143,2.0,1
Santiago del Estero,2021,6,24.61428571428571,115.6,76.71428571428571,4.0,1
Santiago del Estero,2021,7,24.885714285714283,25.0,73.57142857142857,2.0,1
Santiago del Estero,2021,8,27.957142857142856,2.0,67.14285714285714,1.0,1
Santiago del Estero,2021,9,26.142857142857142,142.6,74.28571428571429,2.0,1
Santiago del Estero,2021,10,25.900000000000002,11.0,68.85714285714286,2.0,1
Santiago del Estero,2021,11,21.785714285714285,12.0,82.14285714285714,1.0,1
Santiago del Estero,2021,12,22.457142857142856,31.0,77.28571428571429,2.0,1
Santiago del Estero,2021,13,22.357142857142858,0.0,68.71428571428571,0.0,1
Santiago del Estero,2021,14,23.52857142857143,0.4,77.57142857142857,0.0,1
Santiago del Estero,2021,15,22.62857142857143,0.0,73.14285714285714,0.0,1
Santiago del Estero,2021,16,22.685714285714287,36.0,74.57142857142857,2.0,1
Santiago del Estero,2021,17,17.97142857142857,0.0,71.71428571428571,0.0,1
Santiago del Estero,2021,18,14.757142857142856,5.0,77.0,1.0,1
Santiago del Estero,2021,19,15.057142857142859,0.0,72.57142857142857,0.0,1
Santiago del Estero,2021,20,17.571428571428573,0.0,70.42857142857143,0.0,1
Santiago del Estero,2021,21,13.014285714285714,0.0,67.28571428571429,0.0,1
Santiago del Estero,2021,22,15.742857142857144,0.0,71.85714285714286,0.0,1
Santiago del Estero,2021,23,15.142857142857142,0.0,78.85714285714286,0.0,1
Santiago del Estero,2021,24,9.128571428571428,1.5,77.0,0.0,1
Santiago del Estero,2021,25,9.028571428571428,0.0,77.28571428571429,0.0,1
Santiago del Estero,2021,26,7.928571428571429,0.0,55.0,0.0,1
Santiago del Estero,2021,27,16.485714285714288,0.0,61.0,0.0,1
Santiago del Estero,2021,28,12.714285714285714,0.0,61.285714285714285,0.0,1
Santiago del Estero,2021,29,12.342857142857143,0.0,53.714285714285715,0.0,1
Santiago del Estero,2021,30,9.700000000000001,0.0,51.0,0.0,1
Santiago del Estero,2021,31,14.4,0.0,51.714285714285715,0.0,1
Santiago del Estero,2021,32,10.357142857142858,0.0,51.285714285714285,0.0,1
Santiago del Estero,2021,33,18.757142857142856,0.0,48.0,0.0,1
Santiago del Estero,2021,34,15.714285714285714,0.0,38.142857142857146,0.0,1
Santiago del Estero,2021,35,23.042857142857144,5.0,61.142857142857146,1.0,1
Santiago del Estero,2021,36,19.928571428571427,0.0,46.285714285714285,0.0,1
Santiago del Estero,2021,37,20.728571428571428,0.0,42.42857142857143,0.0,1
Santiago del Estero,2021,38,20.75714285714286,0.4,48.57142857142857,0.0,1
Santiago del Estero,2021,39,21.557142857142857,5.0,54.0,1.0,1
Santiago del Estero,2021,40,20.87142857142857,0.0,45.42857142857143,0.0,1
Santiago del Estero,2021,41,23.085714285714285,0.0,47.142857142857146,0.0,1
Santiago del Estero,2021,42,24.257142857142856,0.0,40.285714285714285,0.0,1
Santiago del Estero,2021,43,29.24285714285714,20.0,38.714285714285715,2.0,1
Santiago del Estero,2021,44,19.014285714285712,22.0,78.57142857142857,3.0,1
Santiago del Estero,2021,45,25.114285714285717,18.0,64.28571428571429,2.0,1
Santiago del Estero,2021,46,23.571428571428573,10.0,56.714285714285715,2.0,1
Santiago del Estero,2021,47,26.585714285714285,18.1,61.142857142857146,2.0,1
Santiago del Estero,2021,48,27.185714285714287,19.0,51.142857142857146,2.0,1
Santiago del Estero,2021,49,28.657142857142855,32.0,53.0,1.0,1
Santiago del Estero,2021,50,27.285714285714285,13.0,65.71428571428571,2.0,1
Santiago del Estero,2021,51,29.442857142857143,0.0,55.42857142857143,0.0,1
Santiago del Estero,2021,52,32.27142857142857,0.7,40.857142857142854,0.0,1
Santiago del Estero,2022,1,29.814285714285717,4.0,45.57142857142857,2.0,1
Santiago del Estero,2022,2,33.92857142857143,0.0,34.57142857142857,0.0,1
Santiago del Estero,2022,3,27.485714285714288,39.8,71.14285714285714,3.0,1
Santiago del Estero,2022,4,25.8,23.7,72.0,2.0,1
Santiago del Estero,2022,5,27.042857142857144,6.1,59.0,2.0,1
Santiago del Estero,2022,6,25.314285714285713,5.0,53.857142857142854,1.0,1
Santiago del Estero,2022,7,27.52857142857143,16.4,61.57142857142857,2.0,1
Santiago del Estero,2022,8,27.042857142857144,27.4,67.85714285714286,2.0,1
Santiago del Estero,2022,9,26.214285714285715,59.0,78.14285714285714,2.0,1
Santiago del Estero,2022,10,21.428571428571427,121.0,85.0,4.0,1
Santiago del Estero,2022,11,22.642857142857142,0.0,67.85714285714286,0.0,1
Santiago del Estero,2022,12,21.514285714285712,0.0,65.14285714285714,0.0,1
Santiago del Estero,2022,13,19.428571428571427,1.0,60.285714285714285,0.0,1
Santiago del Estero,2022,14,22.614285714285717,0.1,77.0,0.0,1
Santiago del Estero,2022,15,18.557142857142857,14.8,77.71428571428571,2.0,1
Santiago del Estero,2022,16,19.928571428571427,0.0,72.28571428571429,0.0,1
Santiago del Estero,2022,17,19.585714285714285,0.0,62.714285714285715,0.0,1
Santiago del Estero,2022,18,16.142857142857142,0.5,64.42857142857143,0.0,1
Santiago del Estero,2022,19,18.67142857142857,0.0,71.0,0.0,1
Santiago del Estero,2022,20,11.014285714285714,0.0,67.85714285714286,0.0,1
Santiago del Estero,2022,21,15.271428571428572,0.0,74.28571428571429,0.0,1
Santiago del Estero,2022,22,10.885714285714286,0.0,63.57142857142857,0.0,1
Santiago del Estero,2022,23,12.585714285714285,0.0,71.71428571428571,0.0,1
Santiago del Estero,2022,24,12.700000000000001,0.0,47.142857142857146,0.0,1
Santiago del Estero,2022,25,10.342857142857143,8.7,72.28571428571429,1.0,1
Santiago del Estero,2022,26,11.528571428571428,0.0,77.14285714285714,0.0,1
Santiago del Estero,2022,27,14.742857142857144,0.0,65.42857142857143,0.0,1
Santiago del Estero,2022,28,11.257142857142856,0.5,57.285714285714285,0.0,1
Santiago del Estero,2022,29,14.814285714285715,0.0,71.14285714285714,0.0,1
Santiago del Estero,2022,30,16.74285714285714,0.0,65.0,0.0,1
Santiago del Estero,2022,31,14.799999999999999,2.7,59.57142857142857,1.0,1
Santiago del Estero,2022,32,13.814285714285715,0.0,59.42857142857143,0.0,1
Santiago del Estero,2022,33,13.0,0.0,41.57142857142857,0.0,1
Santiago del Estero,2022,34,19.014285714285712,0.0,48.0,0.0,1
Santiago del Estero,2022,35,15.985714285714286,0.0,40.142857142857146,0.0,1
Santiago del Estero,2022,36,16.9,0.0,33.857142857142854,0.0,1
Santiago del Estero,2022,37,20.32857142857143,0.0,34.285714285714285,0.0,1
Santiago del Estero,2022,38,16.785714285714285,0.3,51.42857142857143,0.0,1
Santiago del Estero,2022,39,19.442857142857143,8.0,58.142857142857146,1.0,1
Santiago del Estero,2022,40,22.17142857142857,0.1,38.0,0.0,1
Santiago del Estero,2022,41,19.142857142857142,2.0,42.285714285714285,1.0,1
Santiago del Estero,2022,42,20.985714285714288,3.0,63.57142857142857,1.0,1
Santiago del Estero,2022,43,28.071428571428573,0.0,41.285714285714285,0.0,1
Santiago del Estero,2022,44,21.2,0.0,31.714285714285715,0.0,1
Santiago del Estero,2022,45,25.957142857142856,47.0,52.142857142857146,3.0,1
Santiago del Estero,2022,46,28.571428571428573,55.0,45.142857142857146,2.0,1
Santiago del Estero,2022,47,25.74285714285714,0.7,54.42857142857143,0.0,1
Santiago del Estero,2022,48,26.885714285714283,4.0,54.42857142857143,1.0,1
Santiago del Estero,2022,49,32.128571428571426,4.0,48.57142857142857,1.0,1
Santiago del Estero,2022,50,28.0,16.0,50.42857142857143,1.0,1
Santiago del Estero,2022,51,28.02857142857143,0.0,52.285714285714285,0.0,1
Santiago del Estero,2022,52,28.928571428571427,9.0,49.42857142857143,2.0,1
Santiago del Estero,2023,1,30.37142857142857,0.0,38.857142857142854,0.0,1
Santiago del Estero,2023,2,28.557142857142857,24.0,51.42857142857143,1.0,1
Santiago del Estero,2023,3,31.714285714285715,0.1,49.0,0.0,1
Santiago del Estero,2023,4,29.3,63.0,65.0,3.0,1
Santiago del Estero,2023,5,26.75714285714286,34.5,73.0,2.0,1
Santiago del Estero,2023,6,30.400000000000002,0.0,55.57142857142857,0.0,1
Santiago del Estero,2023,7,23.514285714285712,54.0,70.0,4.0,1
Santiago del Estero,2023,8,26.214285714285715,0.0,65.42857142857143,0.0,1
Santiago del Estero,2023,9,27.271428571428572,37.0,69.57142857142857,1.0,1
Santiago del Estero,2023,10,28.985714285714288,12.0,65.42857142857143,1.0,1
Santiago del Estero,2023,11,29.400000000000002,0.0,63.714285714285715,0.0,1
Santiago del Estero,2023,12,28.071428571428573,98.0,70.42857142857143,2.0,1
Santiago del Estero,2023,13,23.02857142857143,10.0,78.42857142857143,1.0,1
Santiago del Estero,2023,14,22.342857142857145,38.0,85.71428571428571,2.0,1
Santiago del Estero,2023,15,19.885714285714283,16.7,81.14285714285714,3.0,1
Santiago del Estero,2023,16,18.542857142857144,60.0,78.85714285714286,1.0,1
Santiago del Estero,2023,17,19.885714285714283,0.0,83.28571428571429,0.0,1
Santiago del Estero,2023,18,16.071428571428573,3.2,74.28571428571429,1.0,1
Santiago del Estero,2023,19,17.785714285714285,0.0,76.42857142857143,0.0,1
Santiago del Estero,2023,20,19.74285714285714,0.0,77.28571428571429,0.0,1
Santiago del Estero,2023,21,19.400000000000002,13.0,86.85714285714286,2.0,1
Santiago del Estero,2023,22,18.228571428571428,0.0,85.42857142857143,0.0,1
Santiago del Estero,2023,23,17.928571428571427,0.0,71.57142857142857,0.0,1
Santiago del Estero,2023,24,8.17142857142857,0.0,71.28571428571429,0.0,1
Santiago del Estero,2023,25,14.928571428571429,0.0,78.0,0.0,1
Santiago del Estero,2023,26,16.857142857142858,2.0,77.42857142857143,1.0,1
Santiago del Estero,2023,27,18.74285714285714,0.2,79.0,0.0,1
Santiago del Estero,2023,28,12.357142857142858,0.2,77.14285714285714,0.0,1
Santiago del Estero,2023,29,13.771428571428572,0.0,63.42857142857143,0.0,1
Santiago del Estero,2023,30,13.014285714285714,0.0,65.71428571428571,0.0,1
Santiago del Estero,2023,31,19.485714285714288,0.0,60.714285714285715,0.0,1
Santiago del Estero,2023,32,14.928571428571429,0.0,53.42857142857143,0.0,1
Santiago del Estero,2023,33,18.385714285714283,0.0,57.0,0.0,1
Santiago del Estero,2023,34,16.95714285714286,0.0,51.0,0.0,1
Santiago del Estero,2023,35,17.442857142857143,3.5,54.142857142857146,1.0,1
Santiago del Estero,2023,36,16.8,0.0,69.14285714285714,0.0,1
Santiago del Estero,2023,37,21.32857142857143,0.0,37.714285714285715,0.0,1
Santiago del Estero,2023,38,22.342857142857145,0.0,55.142857142857146,0.0,1
Santiago del Estero,2023,39,21.428571428571427,0.0,48.857142857142854,0.0,1
Santiago del Estero,2023,40,23.12857142857143,0.0,40.57142857142857,0.0,1
Santiago del Estero,2023,41,23.37142857142857,0.0,37.42857142857143,0.0,1
Santiago del Estero,2023,42,24.885714285714283,14.0,61.0,3.0,1
Santiago del Estero,2023,43,23.314285714285713,13.9,79.14285714285714,2.0,1
Santiago del Estero,2023,44,19.657142857142855,4.0,62.142857142857146,2.0,1
Santiago del Estero,2023,45,27.957142857142856,37.7,57.285714285714285,1.0,1
Santiago del Estero,2023,46,26.87142857142857,1.1,57.142857142857146,0.0,1
Santiago del Estero,2023,47,26.614285714285717,31.0,63.0,4.0,1
Santiago del Estero,2023,48,26.685714285714287,42.0,75.14285714285714,3.0,1
Santiago del Estero,2023,49,23.5,13.0,73.0,3.0,1
Santiago del Estero,2023,50,31.142857142857142,35.0,60.142857142857146,2.0,1
Santiago del Estero,2023,51,24.542857142857144,23.1,80.14285714285714,1.0,1
Santiago del Estero,2023,52,27.785714285714285,22.0,68.28571428571429,2.0,1
Santiago del Estero,2024,1,29.685714285714287,6.0,60.142857142857146,1.0,1
Santiago del Estero,2024,2,27.8,35.0,73.14285714285714,1.0,1
Santiago del Estero,2024,3,28.099999999999998,17.3,64.85714285714286,1.0,1
Santiago del Estero,2024,4,28.014285714285712,0.0,55.142857142857146,0.0,1
Santiago del Estero,2024,5,32.47142857142857,0.0,47.0,0.0,1
Santiago del Estero,2024,6,30.385714285714283,20.0,67.14285714285714,3.0,1
Santiago del Estero,2024,7,26.685714285714287,38.2,66.0,1.0,1
Santiago del Estero,2024,8,26.542857142857144,19.0,70.85714285714286,3.0,1
Santiago del Estero,2024,9,27.214285714285715,78.5,81.85714285714286,3.0,1
Santiago del Estero,2024,10,26.071428571428573,8.0,83.14285714285714,1.0,1
Santiago del Estero,2024,11,29.814285714285713,10.8,74.0,1.0,1
Santiago del Estero,2024,12,24.914285714285715,0.0,74.0,0.0,1
Santiago del Estero,2024,13,27.8,0.0,64.0,0.0,1
Santiago del Estero,2024,14,21.357142857142858,6.5,84.42857142857143,1.0,1
Santiago del Estero,2024,15,18.185714285714287,32.9,91.42857142857143,4.0,1
Santiago del Estero,2024,16,21.3,0.0,67.42857142857143,0.0,1
Santiago del Estero,2024,17,17.95714285714286,27.7,91.42857142857143,3.0,1
Santiago del Estero,2024,18,17.757142857142856,0.0,84.0,0.0,1
Santiago del Estero,2024,19,15.742857142857144,2.0,78.57142857142857,1.0,1
Santiago del Estero,2024,20,10.357142857142858,0.0,72.42857142857143,0.0,1
Santiago del Estero,2024,21,12.542857142857143,0.0,72.14285714285714,0.0,1
Santiago del Estero,2024,22,11.028571428571428,0.0,71.28571428571429,0.0,1
Santiago del Estero,2024,23,17.12857142857143,0.0,67.85714285714286,0.0,1
Santiago del Estero,2024,24,19.085714285714285,0.0,69.14285714285714,0.0,1
Santiago del Estero,2024,25,17.2,0.0,85.14285714285714,0.0,1
Santiago del Estero,2024,26,9.571428571428571,0.0,62.714285714285715,0.0,1
Santiago del Estero,2024,27,11.542857142857143,0.0,53.285714285714285,0.0,1
Santiago del Estero,2024,28,5.971428571428572,0.0,65.42857142857143,0.0,1
Santiago del Estero,2024,29,11.242857142857144,2.1,70.42857142857143,1.0,1
Santiago del Estero,2024,30,14.228571428571428,0.0,66.85714285714286,0.0,1
Santiago del Estero,2024,31,16.814285714285713,0.0,59.57142857142857,0.0,1
Santiago del Estero,2024,32,12.614285714285714,0.0,54.0,0.0,1
Santiago del Estero,2024,33,14.685714285714285,0.0,50.57142857142857,0.0,1
Santiago del Estero,2024,34,12.485714285714286,0.0,71.0,0.0,1
Santiago del Estero,2024,35,15.885714285714286,0.0,52.0,0.0,1
Santiago del Estero,2024,36,19.957142857142856,0.0,42.42857142857143,0.0,1
Santiago del Estero,2024,37,19.842857142857145,0.0,50.57142857142857,0.0,1
Santiago del Estero,2024,38,26.5,0.0,42.57142857142857,0.0,1
Santiago del Estero,2024,39,23.47142857142857,0.5,47.285714285714285,0.0,1
Santiago del Estero,2024,40,25.585714285714285,0.0,40.142857142857146,0.0,1
Santiago del Estero,2024,41,22.057142857142857,64.6,77.42857142857143,4.0,1
Santiago del Estero,2024,42,25.928571428571427,1.0,66.71428571428571,0.0,1
Santiago del Estero,2024,43,25.67142857142857,0.0,50.57142857142857,0.0,1
Santiago del Estero,2024,44,26.728571428571428,28.0,59.142857142857146,2.0,1
Santiago del Estero,2024,45,24.657142857142855,20.0,72.28571428571429,3.0,1
Santiago del Estero,2024,46,25.12857142857143,11.3,53.0,1.0,1
Santiago del Estero,2024,47,23.557142857142857,21.0,82.0,2.0,1
Santiago del Estero,2024,48,26.642857142857142,89.0,81.28571428571429,4.0,1
Santiago del Estero,2024,49,24.32857142857143,0.6,63.42857142857143,0.0,1
Santiago del Estero,2024,50,26.585714285714285,15.0,62.57142857142857,1.0,1
Santiago del Estero,2024,51,27.942857142857143,0.5,54.57142857142857,0.0,1
Santiago del Estero,2024,52,28.228571428571428,12.0,54.714285714285715,1.0,1
Santiago del Estero,2025,1,29.599999999999998,1.2,53.142857142857146,0.0,1
Santiago del Estero,2025,2,28.671428571428574,17.1,60.714285714285715,3.0,1
Santiago del Estero,2025,3,30.099999999999998,16.0,51.285714285714285,2.0,1
Santiago del Estero,2025,4,27.642857142857142,96.0,68.28571428571429,4.0,1
Santiago del Estero,2025,5,27.74285714285714,35.0,72.14285714285714,2.0,1
Santiago del Estero,2025,6,32.74285714285714,0.0,53.857142857142854,0.0,1
Santiago del Estero,2025,7,30.74285714285714,29.6,61.42857142857143,2.0,1
Santiago del Estero,2025,8,28.7,4.0,71.57142857142857,1.0,1
Santiago del Estero,2025,9,30.071428571428573,22.0,67.85714285714286,1.0,1
Santiago del Estero,2025,10,28.785714285714285,14.600000000000001,61.42857142857143,2.0,1
Santiago del Estero,2025,11,21.37142857142857,0.0,77.28571428571429,0.0,1
Santiago del Estero,2025,12,25.400000000000002,32.6,71.85714285714286,2.0,1
Santiago del Estero,2025,13,20.8,34.8,91.28571428571429,5.0,1
Santiago del Estero,2025,14,17.114285714285714,0.8,71.0,0.0,1
Santiago del Estero,2025,15,20.014285714285712,0.0,74.71428571428571,0.0,1
Santiago del Estero,2025,16,21.842857142857145,1.2,70.28571428571429,1.0,1
Santiago del Estero,2025,17,19.87142857142857,3.8,80.28571428571429,1.0,1
Santiago del Estero,2025,18,20.485714285714288,0.0,72.57142857142857,0.0,1
Santiago del Estero,2025,19,21.82857142857143,5.6,82.28571428571429,1.0,1
Santiago del Estero,2025,20,21.957142857142856,1.0,70.42857142857143,0.0,1
Santiago del Estero,2025,21,16.157142857142855,11.9,87.85714285714286,2.0,1
Santiago del Estero,2025,22,10.828571428571427,2.7,77.28571428571429,1.0,1
Santiago del Estero,2025,23,14.114285714285714,0.0,78.57142857142857,0.0,1
Santiago del Estero,2025,24,12.514285714285714,0.0,74.14285714285714,0.0,1
Santiago del Estero,2025,25,11.228571428571428,0.0,73.28571428571429,0.0,1
Santiago del Estero,2025,26,8.971428571428572,0.0,61.42857142857143,0.0,1
Santiago del Estero,2025,27,9.828571428571431,0.0,64.14285714285714,0.0,1
Santiago del Estero,2025,28,17.142857142857142,1.2,77.71428571428571,1.0,1
Santiago del Estero,2025,29,13.87142857142857,0.0,63.57142857142857,0.0,1
Santiago del Estero,2025,30,13.185714285714285,5.7,83.42857142857143,2.0,1
Santiago del Estero,2025,31,14.842857142857143,0.0,73.14285714285714,0.0,1
Santiago del Estero,2025,32,13.971428571428572,0.0,58.42857142857143,0.0,1
Santiago del Estero,2025,33,16.057142857142857,0.0,54.142857142857146,0.0,1
Santiago del Estero,2025,34,16.571428571428573,0.0,51.285714285714285,0.0,1
Santiago del Estero,2025,35,17.885714285714283,0.0,47.714285714285715,0.0,1
Santiago del Estero,2025,36,14.857142857142858,0.0,50.857142857142854,0.0,1
Santiago del Estero,2025,37,22.085714285714285,0.0,46.142857142857146,0.0,1
Santiago del Estero,2025,38,26.042857142857144,0.0,62.142857142857146,0.0,1
Santiago del Estero,2025,39,22.614285714285717,0.0,41.42857142857143,0.0,1
Santiago del Estero,2025,40,25.571428571428573,0.0,53.0,0.0,1
Santiago del Estero,2025,41,22.557142857142857,0.0,36.857142857142854,0.0,1
Santiago del Estero,2025,42,24.571428571428573,19.0,54.142857142857146,1.0,1
Santiago del Estero,2025,43,26.385714285714283,5.0,49.857142857142854,1.0,1
Santiago del Estero,2025,44,19.82857142857143,7.0,63.714285714285715,1.0,1
Santiago del Estero,2025,45,24.085714285714285,3.0,54.857142857142854,1.0,1
Santiago del Estero,2025,46,23.728571428571428,13.2,68.14285714285714,2.0,1
Santiago del Estero,2025,47,26.657142857142855,6.0,47.285714285714285,1.0,1
Santiago del Estero,2025,48,30.642857142857142,0.2,47.57142857142857,0.0,1
Santiago del Estero,2025,49,28.25714285714286,9.700000000000001,58.714285714285715,1.0,1
Santiago del Estero,2025,50,27.542857142857144,32.7,56.285714285714285,2.0,1
Santiago del Estero,2025,51,26.614285714285717,8.7,61.714285714285715,2.0,1
Santiago del Estero,2025,52,26.52857142857143,96.3,76.71428571428571,3.0,1
Tierra del Fuego,2018,1,8.464285714285715,14.05,77.21428571428572,2.0,2
Tierra del Fuego,2018,2,12.728571428571428,3.15,70.92857142857143,0.5,2
Tierra del Fuego,2018,3,11.042857142857141,2.6,68.28571428571428,0.5,2
Tierra del Fuego,2018,4,10.985714285714286,1.0,69.21428571428572,0.0,2
Tierra del Fuego,2018,5,12.399999999999999,3.1,70.85714285714286,1.0,2
Tierra del Fuego,2018,6,9.2,2.65,67.0,1.0,2
Tierra del Fuego,2018,7,10.614285714285714,7.0,75.85714285714286,1.0,2
Tierra del Fuego,2018,8,11.992857142857144,0.4,68.0,0.0,2
Tierra del Fuego,2018,9,9.928571428571429,1.25,68.5,0.5,2
Tierra del Fuego,2018,10,9.257142857142856,3.75,71.14285714285714,1.0,2
Tierra del Fuego,2018,11,6.75,17.9,75.28571428571428,3.5,2
Tierra del Fuego,2018,12,7.814285714285714,1.1500000000000001,70.21428571428572,0.0,2
Tierra del Fuego,2018,13,7.864285714285714,3.5,71.28571428571428,1.5,2
Tierra del Fuego,2018,14,4.4714285714285715,7.95,79.78571428571428,1.5,2
Tierra del Fuego,2018,15,7.342857142857143,1.6,74.28571428571428,0.5,2
Tierra del Fuego,2018,16,5.314285714285715,6.35,80.64285714285714,1.0,2
Tierra del Fuego,2018,17,4.1571428571428575,7.2,75.85714285714286,1.0,2
Tierra del Fuego,2018,18,5.178571428571429,0.4,77.35714285714286,0.0,2
Tierra del Fuego,2018,19,4.75,1.1,78.92857142857143,0.5,2
Tierra del Fuego,2018,20,2.6571428571428575,2.45,83.21428571428572,1.0,2
Tierra del Fuego,2018,21,3.3642857142857143,22.15,85.28571428571428,2.5,2
Tierra del Fuego,2018,22,3.435714285714285,0.3,73.64285714285714,0.0,2
Tierra del Fuego,2018,23,2.1571428571428575,0.9,84.92857142857143,0.0,2
Tierra del Fuego,2018,24,1.8714285714285714,1.25,79.71428571428572,0.0,2
Tierra del Fuego,2018,25,-0.06428571428571422,34.25,85.78571428571429,4.0,2
Tierra del Fuego,2018,26,-0.22857142857142854,14.25,84.92857142857143,1.5,2
Tierra del Fuego,2018,27,-0.7000000000000001,1.0,87.14285714285714,0.5,2
Tierra del Fuego,2018,28,1.5357142857142856,0.4,80.42857142857143,0.0,2
Tierra del Fuego,2018,29,-0.7857142857142856,1.0,80.71428571428572,0.5,2
Tierra del Fuego,2018,30,3.9428571428571426,1.35,71.92857142857143,0.5,2
Tierra del Fuego,2018,31,2.414285714285714,5.1,80.07142857142857,1.5,2
Tierra del Fuego,2018,32,2.635714285714286,7.4,83.71428571428572,1.5,2
Tierra del Fuego,2018,33,3.864285714285714,4.55,77.28571428571428,1.0,2
Tierra del Fuego,2018,34,4.65,8.75,77.28571428571428,2.5,2
Tierra del Fuego,2018,35,2.4785714285714286,19.0,77.28571428571428,1.0,2
Tierra del Fuego,2018,36,4.157142857142857,4.85,77.42857142857143,1.0,2
Tierra del Fuego,2018,37,4.921428571428571,5.95,75.21428571428572,1.5,2
Tierra del Fuego,2018,38,1.4785714285714286,4.15,79.5,1.0,2
Tierra del Fuego,2018,39,2.5357142857142856,8.7,75.85714285714286,1.5,2
Tierra del Fuego,2018,40,4.214285714285714,5.3999999999999995,74.92857142857143,1.0,2
Tierra del Fuego,2018,41,5.357142857142858,12.55,69.35714285714286,1.5,2
Tierra del Fuego,2018,42,4.178571428571429,14.5,74.42857142857142,1.5,2
Tierra del Fuego,2018,43,7.25,0.95,71.07142857142857,0.0,2
Tierra del Fuego,2018,44,8.17142857142857,0.8999999999999999,64.42857142857143,0.0,2
Tierra del Fuego,2018,45,6.992857142857142,4.0,66.35714285714286,1.0,2
Tierra del Fuego,2018,46,8.564285714285715,3.6,61.857142857142854,1.0,2
Tierra del Fuego,2018,47,8.407142857142857,7.55,62.71428571428571,1.5,2
Tierra del Fuego,2018,48,10.557142857142857,3.3,62.714285714285715,1.0,2
Tierra del Fuego,2018,49,10.257142857142858,2.25,60.85714285714286,0.5,2
Tierra del Fuego,2018,50,10.6,8.7,65.92857142857143,1.5,2
Tierra del Fuego,2018,51,10.885714285714286,3.75,62.42857142857143,1.0,2
Tierra del Fuego,2018,52,9.821428571428571,3.4,65.14285714285714,1.0,2
Tierra del Fuego,2019,1,8.728571428571428,2.45,65.07142857142857,0.5,2
Tierra del Fuego,2019,2,9.4,9.1,64.42857142857143,0.5,2
Tierra del Fuego,2019,3,11.178571428571429,2.05,64.21428571428572,0.5,2
Tierra del Fuego,2019,4,10.592857142857142,4.35,60.14285714285714,1.0,2
Tierra del Fuego,2019,5,10.242857142857144,8.55,68.64285714285714,1.0,2
Tierra del Fuego,2019,6,11.649999999999999,2.5,62.92857142857143,1.0,2
Tierra del Fuego,2019,7,10.357142857142858,5.5,65.71428571428572,0.5,2
Tierra del Fuego,2019,8,6.014285714285714,11.0,73.85714285714286,1.5,2
Tierra del Fuego,2019,9,8.635714285714286,8.55,80.0,2.5,2
Tierra del Fuego,2019,10,8.192857142857143,2.45,72.78571428571428,0.5,2
Tierra del Fuego,2019,11,8.985714285714286,24.55,80.35714285714286,2.0,2
Tierra del Fuego,2019,12,8.942857142857143,10.6,79.92857142857142,2.0,2
Tierra del Fuego,2019,13,9.635714285714286,4.1499999999999995,73.64285714285714,0.5,2
Tierra del Fuego,2019,14,6.364285714285714,26.65,79.57142857142857,3.5,2
Tierra del Fuego,2019,15,5.478571428571429,14.4,79.28571428571428,2.0,2
Tierra del Fuego,2019,16,5.178571428571429,15.85,79.64285714285714,1.5,2
Tierra del Fuego,2019,17,6.014285714285714,7.250000000000001,80.35714285714286,0.5,2
Tierra del Fuego,2019,18,2.2928571428571427,0.25,78.92857142857143,0.0,2
Tierra del Fuego,2019,19,6.057142857142857,4.8,71.14285714285714,0.5,2
Tierra del Fuego,2019,20,5.407142857142857,1.8499999999999999,81.5,0.0,2
Tierra del Fuego,2019,21,4.235714285714286,25.5,83.71428571428572,2.0,2
Tierra del Fuego,2019,22,1.7214285714285715,6.65,81.28571428571429,1.5,2
Tierra del Fuego,2019,23,3.492857142857143,5.25,86.64285714285714,1.0,2
Tierra del Fuego,2019,24,0.9428571428571428,2.75,86.14285714285714,1.0,2
Tierra del Fuego,2019,25,3.1642857142857146,13.299999999999999,84.92857142857143,2.0,2
Tierra del Fuego,2019,26,-1.7857142857142858,12.850000000000001,88.21428571428572,2.5,2
Tierra del Fuego,2019,27,-0.6142857142857143,4.85,89.28571428571428,1.0,2
Tierra del Fuego,2019,28,3.3,17.599999999999998,92.92857142857143,2.5,2
Tierra del Fuego,2019,29,2.05,4.2,82.28571428571429,1.0,2
Tierra del Fuego,2019,30,2.657142857142857,8.55,83.35714285714286,2.0,2
Tierra del Fuego,2019,31,3.0285714285714285,12.5,79.92857142857143,1.5,2
Tierra del Fuego,2019,32,0.41428571428571426,29.199999999999996,83.21428571428572,2.0,2
Tierra del Fuego,2019,33,0.3142857142857144,0.1,79.07142857142857,0.0,2
Tierra del Fuego,2019,34,3.4428571428571426,3.9000000000000004,81.14285714285714,1.0,2
Tierra del Fuego,2019,35,2.9071428571428575,14.95,78.14285714285714,1.5,2
Tierra del Fuego,2019,36,2.5214285714285714,2.95,78.57142857142857,0.5,2
Tierra del Fuego,2019,37,3.442857142857143,8.05,75.21428571428571,2.0,2
Tierra del Fuego,2019,38,3.05,11.4,82.0,2.0,2
Tierra del Fuego,2019,39,7.1,8.25,73.28571428571428,2.5,2
Tierra del Fuego,2019,40,4.392857142857142,6.7,71.71428571428572,1.5,2
Tierra del Fuego,2019,41,2.6285714285714286,18.25,74.85714285714286,3.0,2
Tierra del Fuego,2019,42,8.05,1.55,67.57142857142857,0.5,2
Tierra del Fuego,2019,43,8.307142857142857,0.8999999999999999,66.21428571428572,0.0,2
Tierra del Fuego,2019,44,6.521428571428571,4.0,68.07142857142857,1.5,2
Tierra del Fuego,2019,45,4.978571428571428,6.1,71.71428571428572,1.0,2
Tierra del Fuego,2019,46,9.907142857142855,8.8,74.07142857142857,2.0,2
Tierra del Fuego,2019,47,9.428571428571429,7.550000000000001,68.28571428571428,1.5,2
Tierra del Fuego,2019,48,8.185714285714285,9.45,69.92857142857142,1.0,2
Tierra del Fuego,2019,49,9.742857142857144,11.55,69.21428571428572,2.0,2
Tierra del Fuego,2019,50,8.785714285714285,12.1,73.78571428571429,2.0,2
Tierra del Fuego,2019,51,10.085714285714285,18.55,71.0,3.0,2
Tierra del Fuego,2019,52,11.414285714285715,6.050000000000001,60.92857142857143,1.5,2
Tierra del Fuego,2020,1,11.942857142857143,2.45,62.07142857142857,0.5,2
Tierra del Fuego,2020,2,10.149999999999999,41.15,76.14285714285714,3.5,2
Tierra del Fuego,2020,3,9.985714285714286,33.1,79.42857142857143,4.0,2
Tierra del Fuego,2020,4,10.357142857142858,5.0,70.57142857142857,1.5,2
Tierra del Fuego,2020,5,10.385714285714286,10.9,72.21428571428572,2.0,2
Tierra del Fuego,2020,6,11.228571428571428,5.05,75.21428571428572,0.5,2
Tierra del Fuego,2020,7,10.707142857142856,5.25,73.0,1.0,2
Tierra del Fuego,2020,8,11.42142857142857,10.95,71.5,2.5,2
Tierra del Fuego,2020,9,10.707142857142856,10.3,71.71428571428572,2.0,2
Tierra del Fuego,2020,10,11.535714285714285,11.65,73.64285714285714,1.0,2
Tierra del Fuego,2020,11,10.364285714285714,8.0,77.35714285714286,2.0,2
Tierra del Fuego,2020,12,8.257142857142856,10.35,72.28571428571428,2.0,2
Tierra del Fuego,2020,13,8.32857142857143,2.4499999999999997,73.64285714285714,0.5,2
Tierra del Fuego,2020,14,8.164285714285715,2.1,72.71428571428572,1.0,2
Tierra del Fuego,2020,15,9.3,1.1,70.92857142857143,0.5,2
Tierra del Fuego,2020,16,8.364285714285714,0.45,75.85714285714286,0.0,2
Tierra del Fuego,2020,17,4.171428571428571,4.5,76.21428571428572,1.0,2
Tierra del Fuego,2020,18,6.071428571428571,2.35,83.64285714285714,0.5,2
Tierra del Fuego,2020,19,4.4,6.1,84.64285714285714,1.0,2
Tierra del Fuego,2020,20,4.307142857142857,8.5,82.57142857142857,1.5,2
Tierra del Fuego,2020,21,4.5,31.25,84.5,3.0,2
Tierra del Fuego,2020,22,5.314285714285714,7.55,81.64285714285714,1.0,2
Tierra del Fuego,2020,23,5.157142857142857,4.75,76.14285714285714,1.0,2
Tierra del Fuego,2020,24,0.41428571428571426,5.75,83.78571428571428,1.5,2
Tierra del Fuego,2020,25,1.4071428571428573,5.3999999999999995,88.78571428571428,1.5,2
Tierra del Fuego,2020,26,-1.2428571428571427,6.65,85.98809523809524,1.0,2
Tierra del Fuego,2020,27,-3.1357142857142857,0.0,86.85714285714286,0.0,2
Tierra del Fuego,2020,28,0.050000000000000155,10.25,84.0,1.5,2
Tierra del Fuego,2020,29,-3.2214285714285715,5.35,90.71428571428572,1.0,2
Tierra del Fuego,2020,30,-1.2928571428571427,4.0,86.26190476190476,1.5,2
Tierra del Fuego,2020,31,2.1999999999999997,4.75,83.85714285714286,1.5,2
Tierra del Fuego,2020,32,3.442857142857143,0.6,76.85714285714286,0.0,2
Tierra del Fuego,2020,33,-0.06428571428571433,9.75,84.0,2.5,2
Tierra del Fuego,2020,34,2.6857142857142855,6.3,81.85714285714286,1.0,2
Tierra del Fuego,2020,35,0.5142857142857143,12.15,79.64285714285714,2.0,2
Tierra del Fuego,2020,36,2.6428571428571432,3.9,84.21428571428572,1.0,2
Tierra del Fuego,2020,37,4.792857142857143,2.05,76.85714285714286,0.5,2
Tierra del Fuego,2020,38,3.1928571428571426,12.6,74.85714285714286,2.0,2
Tierra del Fuego,2020,39,6.2142857142857135,1.9,73.14285714285714,0.5,2
Tierra del Fuego,2020,40,2.6999999999999997,12.899999999999999,77.57142857142857,1.5,2
Tierra del Fuego,2020,41,6.757142857142858,1.2,67.71428571428572,0.5,2
Tierra del Fuego,2020,42,6.757142857142858,14.3,74.07142857142858,3.5,2
Tierra del Fuego,2020,43,6.457142857142857,2.7,75.28571428571429,0.5,2
Tierra del Fuego,2020,44,8.5,3.8,74.0,1.0,2
Tierra del Fuego,2020,45,9.914285714285715,0.45,69.64285714285714,0.0,2
Tierra del Fuego,2020,46,9.157142857142857,0.7999999999999999,67.71428571428571,0.0,2
Tierra del Fuego,2020,47,11.385714285714286,1.4,72.57142857142858,0.0,2
Tierra del Fuego,2020,48,7.678571428571427,5.699999999999999,72.5,1.0,2
Tierra del Fuego,2020,49,9.564285714285713,2.5,71.21428571428571,0.5,2
Tierra del Fuego,2020,50,9.814285714285713,9.25,79.14285714285714,1.5,2
Tierra del Fuego,2020,51,8.32857142857143,9.85,75.0,1.5,2
Tierra del Fuego,2020,52,11.428571428571427,0.9500000000000001,61.14285714285714,0.0,2
Tierra del Fuego,2020,53,11.907142857142858,5.3999999999999995,67.28571428571428,1.5,2
Tierra del Fuego,2021,1,11.457142857142859,14.55,65.35714285714286,2.0,2
Tierra del Fuego,2021,2,10.221428571428572,3.9000000000000004,74.0,0.5,2
Tierra del Fuego,2021,3,12.042857142857143,6.15,62.64285714285714,1.5,2
Tierra del Fuego,2021,4,7.928571428571429,3.55,69.5,1.0,2
Tierra del Fuego,2021,5,11.757142857142856,0.9000000000000001,68.92857142857143,0.0,2
Tierra del Fuego,2021,6,12.564285714285715,6.5,73.07142857142857,1.0,2
Tierra del Fuego,2021,7,10.464285714285715,5.0,72.71428571428572,1.0,2
Tierra del Fuego,2021,8,10.221428571428572,3.95,70.07142857142857,0.5,2
Tierra del Fuego,2021,9,10.1,3.25,67.5,1.0,2
Tierra del Fuego,2021,10,9.542857142857143,6.3,66.28571428571428,1.5,2
Tierra del Fuego,2021,11,8.778571428571428,4.85,72.5,1.0,2
Tierra del Fuego,2021,12,8.485714285714286,13.05,74.28571428571428,2.0,2
Tierra del Fuego,2021,13,6.799999999999999,3.35,79.64285714285714,0.5,2
Tierra del Fuego,2021,14,7.3428571428571425,7.1499999999999995,75.71428571428572,1.0,2
Tierra del Fuego,2021,15,8.285714285714286,5.4,70.14285714285714,1.5,2
Tierra del Fuego,2021,16,6.5928571428571425,4.6,82.78571428571428,0.5,2
Tierra del Fuego,2021,17,4.378571428571428,5.9,87.28571428571428,1.5,2
Tierra del Fuego,2021,18,4.621428571428572,0.25,82.64285714285714,0.0,2
Tierra del Fuego,2021,19,7.235714285714286,1.3,74.0,0.5,2
Tierra del Fuego,2021,20,6.328571428571427,20.7,91.35714285714286,3.0,2
Tierra del Fuego,2021,21,-1.1785714285714286,12.05,88.28571428571428,3.5,2
Tierra del Fuego,2021,22,-1.0357142857142856,8.25,88.78571428571428,1.5,2
Tierra del Fuego,2021,23,3.878571428571428,1.9,84.14285714285714,0.5,2
Tierra del Fuego,2021,24,2.142857142857143,0.5,86.07142857142857,0.0,2
Tierra del Fuego,2021,25,3.5285714285714285,4.85,82.28571428571428,1.0,2
Tierra del Fuego,2021,26,4.071428571428571,2.75,81.64285714285714,0.5,2
Tierra del Fuego,2021,27,3.0214285714285714,7.05,82.92857142857142,1.5,2
Tierra del Fuego,2021,28,0.35714285714285704,18.25,88.64285714285714,3.0,2
Tierra del Fuego,2021,29,2.407142857142857,5.15,83.78571428571428,1.0,2
Tierra del Fuego,2021,30,3.7214285714285715,6.800000000000001,80.42857142857143,2.0,2
Tierra del Fuego,2021,31,4.057142857142857,7.3500000000000005,75.78571428571428,1.5,2
Tierra del Fuego,2021,32,4.835714285714286,8.05,78.64285714285714,2.0,2
Tierra del Fuego,2021,33,1.2571428571428571,7.800000000000001,85.28571428571428,2.0,2
Tierra del Fuego,2021,34,2.2071428571428573,5.4,78.14285714285714,1.0,2
Tierra del Fuego,2021,35,4.55,0.4,75.42857142857143,0.0,2
Tierra del Fuego,2021,36,6.035714285714286,0.65,71.71428571428572,0.0,2
Tierra del Fuego,2021,37,3.2285714285714286,11.75,77.5,2.5,2
Tierra del Fuego,2021,38,6.4,3.0500000000000003,74.78571428571428,0.5,2
Tierra del Fuego,2021,39,5.692857142857143,0.85,66.64285714285714,0.5,2
Tierra del Fuego,2021,40,6.2785714285714285,2.0,66.0,0.0,2
Tierra del Fuego,2021,41,6.692857142857143,4.5,66.42857142857142,1.5,2
Tierra del Fuego,2021,42,6.728571428571429,8.05,69.5,2.0,2
Tierra del Fuego,2021,43,7.671428571428572,3.6999999999999997,63.92857142857143,1.0,2
Tierra del Fuego,2021,44,9.335714285714285,7.2,71.14285714285714,2.0,2
Tierra del Fuego,2021,45,9.664285714285715,9.55,65.92857142857143,1.5,2
Tierra del Fuego,2021,46,6.75,7.250000000000001,67.64285714285714,1.5,2
Tierra del Fuego,2021,47,7.564285714285715,3.5500000000000003,67.57142857142858,0.5,2
Tierra del Fuego,2021,48,10.135714285714286,2.0,61.42857142857143,0.5,2
Tierra del Fuego,2021,49,10.15,2.5,66.92857142857143,1.0,2
Tierra del Fuego,2021,50,10.257142857142856,2.25,67.71428571428572,0.5,2
Tierra del Fuego,2021,51,13.314285714285713,5.8,55.285714285714285,0.5,2
Tierra del Fuego,2021,52,9.485714285714284,4.5,63.85714285714286,1.5,2
Tierra del Fuego,2022,1,9.407142857142857,4.65,61.785714285714285,1.5,2
Tierra del Fuego,2022,2,8.307142857142857,18.35,64.5,1.5,2
Tierra del Fuego,2022,3,10.792857142857144,2.4,74.71428571428572,0.5,2
Tierra del Fuego,2022,4,10.128571428571428,13.95,73.07142857142857,1.0,2
Tierra del Fuego,2022,5,9.007142857142856,6.1,68.21428571428572,1.5,2
Tierra del Fuego,2022,6,10.95,17.05,65.42857142857143,2.5,2
Tierra del Fuego,2022,7,8.842857142857142,1.0,67.92857142857143,0.0,2
Tierra del Fuego,2022,8,11.214285714285715,0.1,73.21428571428572,0.0,2
Tierra del Fuego,2022,9,8.085714285714285,17.0,74.57142857142858,3.0,2
Tierra del Fuego,2022,10,8.614285714285714,21.5,75.14285714285714,2.0,2
Tierra del Fuego,2022,11,5.857142857142858,10.95,78.64285714285714,2.0,2
Tierra del Fuego,2022,12,9.07857142857143,6.3,73.28571428571428,1.5,2
Tierra del Fuego,2022,13,6.242857142857143,6.45,76.28571428571429,1.5,2
Tierra del Fuego,2022,14,3.864285714285714,5.25,78.78571428571428,1.5,2
Tierra del Fuego,2022,15,7.121428571428572,5.1,76.57142857142857,1.0,2
Tierra del Fuego,2022,16,6.2857142857142865,0.4,79.5,0.0,2
Tierra del Fuego,2022,17,3.064285714285714,0.35,82.64285714285714,0.0,2
Tierra del Fuego,2022,18,5.5,4.85,76.21428571428572,1.0,2
Tierra del Fuego,2022,19,5.707142857142857,0.35,81.78571428571428,0.0,2
Tierra del Fuego,2022,20,5.15,8.25,83.85714285714286,2.5,2
Tierra del Fuego,2022,21,1.6214285714285714,6.85,80.35714285714286,1.0,2
Tierra del Fuego,2022,22,3.121428571428572,0.95,75.21428571428572,0.0,2
Tierra del Fuego,2022,23,4.3,7.5,78.5,2.0,2
Tierra del Fuego,2022,24,1.4071428571428573,5.05,84.85714285714286,1.5,2
Tierra del Fuego,2022,25,2.007142857142857,2.9499999999999997,82.85714285714286,1.0,2
Tierra del Fuego,2022,26,1.4285714285714286,1.5,78.35714285714286,0.5,2
Tierra del Fuego,2022,27,-1.9499999999999997,1.05,86.5,0.5,2
Tierra del Fuego,2022,28,0.9,2.8499999999999996,81.64285714285714,1.0,2
Tierra del Fuego,2022,29,0.9999999999999999,4.8500000000000005,81.92857142857143,1.5,2
Tierra del Fuego,2022,30,3.057142857142857,3.8000000000000003,76.07142857142857,1.0,2
Tierra del Fuego,2022,31,2.8285714285714283,3.4,85.78571428571429,1.0,2
Tierra del Fuego,2022,32,2.35,6.699999999999999,83.85714285714286,2.5,2
Tierra del Fuego,2022,33,2.9214285714285717,5.6,81.28571428571428,1.5,2
Tierra del Fuego,2022,34,3.4714285714285715,2.0,72.14285714285714,0.5,2
Tierra del Fuego,2022,35,4.185714285714286,8.6,82.5,2.5,2
Tierra del Fuego,2022,36,3.878571428571429,2.65,73.42857142857143,1.5,2
Tierra del Fuego,2022,37,4.114285714285714,0.55,70.28571428571428,0.0,2
Tierra del Fuego,2022,38,5.85,2.1500000000000004,69.57142857142857,1.0,2
Tierra del Fuego,2022,39,6.7214285714285715,1.15,66.57142857142857,0.0,2
Tierra del Fuego,2022,40,6.5285714285714285,0.6,72.85714285714286,0.0,2
Tierra del Fuego,2022,41,7.135714285714286,3.05,62.07142857142857,1.0,2
Tierra del Fuego,2022,42,7.45,3.0,66.28571428571428,1.0,2
Tierra del Fuego,2022,43,6.4714285714285715,5.0,64.92857142857143,1.5,2
Tierra del Fuego,2022,44,9.735714285714286,0.65,71.28571428571428,0.0,2
Tierra del Fuego,2022,45,9.442857142857143,1.45,65.21428571428572,0.5,2
Tierra del Fuego,2022,46,10.67142857142857,2.2,59.85714285714286,1.0,2
Tierra del Fuego,2022,47,9.771428571428572,4.05,60.07142857142857,1.0,2
Tierra del Fuego,2022,48,9.621428571428572,1.5,62.57142857142857,0.0,2
Tierra del Fuego,2022,49,7.607142857142858,0.3,61.14285714285714,0.0,2
Tierra del Fuego,2022,50,10.792857142857143,3.1,61.21428571428571,1.0,2
Tierra del Fuego,2022,51,12.121428571428572,5.3,66.71428571428572,1.0,2
Tierra del Fuego,2022,52,8.571428571428571,18.700000000000003,69.21428571428572,3.5,2
Tierra del Fuego,2023,1,11.207142857142857,8.350000000000001,65.57142857142857,2.0,2
Tierra del Fuego,2023,2,11.892857142857142,0.0,65.14285714285714,0.0,2
Tierra del Fuego,2023,3,12.25,1.1,64.85714285714286,0.5,2
Tierra del Fuego,2023,4,11.107142857142858,3.8,62.0,1.0,2
Tierra del Fuego,2023,5,12.028571428571428,5.2,62.5,1.5,2
Tierra del Fuego,2023,6,11.207142857142857,14.549999999999999,66.92857142857143,2.5,2
Tierra del Fuego,2023,7,7.357142857142858,14.549999999999999,72.57142857142857,1.5,2
Tierra del Fuego,2023,8,9.457142857142857,5.3,69.92857142857143,1.0,2
Tierra del Fuego,2023,9,6.957142857142857,10.15,75.21428571428572,2.0,2
Tierra del Fuego,2023,10,8.392857142857142,2.4,71.0,0.5,2
Tierra del Fuego,2023,11,6.807142857142857,14.85,73.21428571428571,2.0,2
Tierra del Fuego,2023,12,8.27142857142857,6.6,69.07142857142857,2.0,2
Tierra del Fuego,2023,13,4.492857142857143,13.2,76.21428571428572,1.5,2
Tierra del Fuego,2023,14,7.257142857142856,3.6500000000000004,70.85714285714286,1.5,2
Tierra del Fuego,2023,15,4.214285714285714,1.7999999999999998,76.5,0.5,2
Tierra del Fuego,2023,16,5.742857142857143,2.95,75.28571428571428,0.5,2
Tierra del Fuego,2023,17,4.214285714285714,7.75,79.07142857142857,2.5,2
Tierra del Fuego,2023,18,6.671428571428572,4.15,77.28571428571428,1.0,2
Tierra del Fuego,2023,19,4.75,4.15,79.42857142857143,0.5,2
Tierra del Fuego,2023,20,4.9,8.55,78.85714285714286,0.5,2
Tierra del Fuego,2023,21,3.6500000000000004,4.0,82.35714285714286,1.0,2
Tierra del Fuego,2023,22,5.921428571428571,4.2,82.78571428571428,1.5,2
Tierra del Fuego,2023,23,2.0142857142857142,7.6,85.07142857142858,1.0,2
Tierra del Fuego,2023,24,3.0285714285714285,1.4000000000000001,81.14285714285714,0.0,2
Tierra del Fuego,2023,25,0.95,3.4,85.5,1.5,2
Tierra del Fuego,2023,26,1.592857142857143,6.7,85.14285714285714,1.5,2
Tierra del Fuego,2023,27,1.0285714285714287,0.0,83.07142857142857,0.0,2
Tierra del Fuego,2023,28,0.7785714285714286,1.05,84.71428571428572,0.0,2
Tierra del Fuego,2023,29,-0.09285714285714286,2.0,82.64285714285714,1.0,2
Tierra del Fuego,2023,30,-0.16428571428571426,2.8,81.78571428571429,1.0,2
Tierra del Fuego,2023,31,1.0214285714285714,16.45,83.5,2.0,2
Tierra del Fuego,2023,32,2.0,3.25,82.5,1.0,2
Tierra del Fuego,2023,33,1.8071428571428574,6.8999999999999995,82.07142857142857,1.5,2
Tierra del Fuego,2023,34,2.192857142857143,4.65,82.85714285714286,1.0,2
Tierra del Fuego,2023,35,2.535714285714286,0.0,78.92857142857143,0.0,2
Tierra del Fuego,2023,36,2.8499999999999996,4.95,81.0,1.0,2
Tierra del Fuego,2023,37,2.6642857142857137,1.9500000000000002,78.57142857142857,0.5,2
Tierra del Fuego,2023,38,3.3357142857142854,3.75,72.71428571428572,1.0,2
Tierra del Fuego,2023,39,5.8428571428571425,1.2,64.5,0.5,2
Tierra del Fuego,2023,40,6.064285714285714,2.8,68.64285714285714,0.5,2
Tierra del Fuego,2023,41,6.0285714285714285,2.3,68.21428571428571,0.5,2
Tierra del Fuego,2023,42,8.67142857142857,0.1,62.142857142857146,0.0,2
Tierra del Fuego,2023,43,6.064285714285715,8.75,66.64285714285714,1.5,2
Tierra del Fuego,2023,44,6.292857142857143,6.55,63.57142857142857,1.0,2
Tierra del Fuego,2023,45,7.642857142857142,5.1,63.78571428571429,1.0,2
Tierra del Fuego,2023,46,5.071428571428571,11.100000000000001,70.5,2.5,2
Tierra del Fuego,2023,47,7.564285714285715,4.45,70.14285714285714,1.0,2
Tierra del Fuego,2023,48,7.457142857142857,5.4,66.28571428571428,1.5,2
Tierra del Fuego,2023,49,9.557142857142857,1.0,67.92857142857143,0.5,2
Tierra del Fuego,2023,50,8.792857142857144,7.15,62.71428571428571,1.5,2
Tierra del Fuego,2023,51,11.57857142857143,0.2,62.285714285714285,0.0,2
Tierra del Fuego,2023,52,9.714285714285714,6.0,61.214285714285715,2.0,2
Tierra del Fuego,2024,1,11.657142857142858,6.6,65.0,2.0,2
Tierra del Fuego,2024,2,8.435714285714287,3.1,61.285714285714285,1.0,2
Tierra del Fuego,2024,3,10.564285714285713,19.299999999999997,67.07142857142857,2.5,2
Tierra del Fuego,2024,4,12.707142857142856,0.8,60.285714285714285,0.0,2
Tierra del Fuego,2024,5,10.721428571428572,19.6,69.0,2.5,2
Tierra del Fuego,2024,6,12.092857142857143,4.4,66.14285714285714,0.5,2
Tierra del Fuego,2024,7,11.264285714285714,10.1,69.07142857142857,2.0,2
Tierra del Fuego,2024,8,9.42142857142857,14.3,75.28571428571428,2.0,2
Tierra del Fuego,2024,9,10.67857142857143,6.15,77.0,1.5,2
Tierra del Fuego,2024,10,9.592857142857142,22.65,81.42857142857143,4.0,2
Tierra del Fuego,2024,11,6.457142857142857,5.05,72.64285714285714,0.5,2
Tierra del Fuego,2024,12,5.771428571428571,1.85,75.71428571428572,0.5,2
Tierra del Fuego,2024,13,7.921428571428571,7.9,72.85714285714286,2.0,2
Tierra del Fuego,2024,14,6.157142857142857,6.2,68.21428571428572,1.5,2
Tierra del Fuego,2024,15,6.457142857142857,2.35,74.85714285714286,0.5,2
Tierra del Fuego,2024,16,6.7857142857142865,15.6,80.85714285714286,1.5,2
Tierra del Fuego,2024,17,4.3428571428571425,17.1,84.35714285714286,3.0,2
Tierra del Fuego,2024,18,2.1785714285714284,19.65,84.07142857142858,3.0,2
Tierra del Fuego,2024,19,1.8571428571428572,7.15,82.35714285714286,1.5,2
Tierra del Fuego,2024,20,5.071428571428571,12.85,79.64285714285714,1.0,2
Tierra del Fuego,2024,21,2.3857142857142857,2.8,85.07142857142857,1.0,2
Tierra del Fuego,2024,22,0.7785714285714287,5.2,84.07142857142857,1.5,2
Tierra del Fuego,2024,23,-0.5571428571428572,5.45,85.85714285714286,1.0,2
Tierra del Fuego,2024,24,-1.4,2.65,86.42857142857143,0.5,2
Tierra del Fuego,2024,25,-3.842857142857143,0.8999999999999999,86.77380952380952,0.5,2
Tierra del Fuego,2024,26,-2.435714285714286,5.6499999999999995,87.96428571428572,2.0,2
Tierra del Fuego,2024,27,-0.8071428571428572,7.950000000000001,88.78571428571429,2.0,2
Tierra del Fuego,2024,28,3.35,6.3500000000000005,81.42857142857143,1.0,2
Tierra del Fuego,2024,29,3.9214285714285713,11.1,82.21428571428572,3.0,2
Tierra del Fuego,2024,30,1.7,7.5,79.35714285714286,2.0,2
Tierra del Fuego,2024,31,1.3071428571428572,9.95,83.5,2.0,2
Tierra del Fuego,2024,32,0.4571428571428572,4.65,87.92857142857143,1.0,2
Tierra del Fuego,2024,33,3.178571428571429,6.05,87.28571428571428,1.5,2
Tierra del Fuego,2024,34,4.5,0.15,80.78571428571428,0.0,2
Tierra del Fuego,2024,35,5.357142857142858,3.6,76.0,1.0,2
Tierra del Fuego,2024,36,5.821428571428571,1.9,68.57142857142857,1.0,2
Tierra del Fuego,2024,37,3.507142857142857,6.4,72.85714285714286,1.5,2
Tierra del Fuego,2024,38,2.9000000000000004,4.2,66.78571428571428,1.0,2
Tierra del Fuego,2024,39,1.7000000000000002,3.8500000000000005,73.0,1.0,2
Tierra del Fuego,2024,40,3.4714285714285715,3.9,71.07142857142857,1.0,2
Tierra del Fuego,2024,41,7.935714285714285,2.85,71.35714285714286,1.0,2
Tierra del Fuego,2024,42,8.82857142857143,2.5,64.78571428571429,0.5,2
Tierra del Fuego,2024,43,7.442857142857143,5.6499999999999995,69.14285714285714,1.0,2
Tierra del Fuego,2024,44,9.02142857142857,12.0,66.5,1.5,2
Tierra del Fuego,2024,45,6.485714285714286,10.8,76.28571428571428,3.0,2
Tierra del Fuego,2024,46,8.207142857142857,4.8,69.78571428571428,0.5,2
Tierra del Fuego,2024,47,10.478571428571428,7.7,62.42857142857143,1.5,2
Tierra del Fuego,2024,48,8.821428571428571,0.4,67.07142857142857,0.0,2
Tierra del Fuego,2024,49,7.071428571428571,7.05,70.21428571428572,2.0,2
Tierra del Fuego,2024,50,10.935714285714285,0.3,61.35714285714286,0.0,2
Tierra del Fuego,2024,51,9.7,3.35,66.07142857142857,1.0,2
Tierra del Fuego,2024,52,13.228571428571428,8.2,68.14285714285714,2.0,2
Tierra del Fuego,2025,1,12.107142857142858,9.75,75.64285714285714,2.0,2
Tierra del Fuego,2025,2,11.957142857142857,15.65,66.21428571428572,3.0,2
Tierra del Fuego,2025,3,10.692857142857143,2.3,63.0,0.5,2
Tierra del Fuego,2025,4,11.921428571428573,24.35,72.35714285714286,3.0,2
Tierra del Fuego,2025,5,11.735714285714284,5.75,67.57142857142858,1.5,2
Tierra del Fuego,2025,6,9.242857142857144,1.3,68.07142857142857,0.5,2
Tierra del Fuego,2025,7,8.392857142857142,13.5,73.5,3.0,2
Tierra del Fuego,2025,8,10.900000000000002,7.6,64.07142857142857,1.5,2
Tierra del Fuego,2025,9,7.985714285714286,15.350000000000001,77.0,3.0,2
Tierra del Fuego,2025,10,8.092857142857142,26.95,78.64285714285714,3.5,2
Tierra del Fuego,2025,11,9.028571428571428,4.800000000000001,71.78571428571429,1.0,2
Tierra del Fuego,2025,12,9.149999999999999,6.15,66.14285714285714,1.0,2
Tierra del Fuego,2025,13,8.042857142857143,7.4,72.71428571428572,1.5,2
Tierra del Fuego,2025,14,5.15,7.65,78.42857142857142,1.5,2
Tierra del Fuego,2025,15,7.664285714285715,0.4,73.71428571428572,0.0,2
Tierra del Fuego,2025,16,7.128571428571428,4.4,84.78571428571428,1.5,2
Tierra del Fuego,2025,17,6.335714285714285,10.35,79.0,2.0,2
Tierra del Fuego,2025,18,6.242857142857142,1.2000000000000002,81.92857142857142,0.5,2
Tierra del Fuego,2025,19,4.635714285714286,4.550000000000001,79.0,1.0,2
Tierra del Fuego,2025,20,4.15,2.9,75.07142857142857,0.5,2
Tierra del Fuego,2025,21,1.9642857142857144,3.0,81.42857142857143,1.5,2
Tierra del Fuego,2025,22,2.65,16.9,86.71428571428572,3.0,2
Tierra del Fuego,2025,23,2.528571428571429,6.15,88.57142857142858,1.0,2
Tierra del Fuego,2025,24,4.585714285714285,1.0,88.0,0.0,2
Tierra del Fuego,2025,25,1.8142857142857143,6.9,83.28571428571429,1.5,2
Tierra del Fuego,2025,26,-0.5214285714285715,3.8000000000000007,84.57142857142858,0.5,2
Tierra del Fuego,2025,27,1.95,1.05,86.07142857142857,0.0,2
Tierra del Fuego,2025,28,3.357142857142857,4.15,79.21428571428572,1.0,2
Tierra del Fuego,2025,29,2.6142857142857143,4.4,81.57142857142858,1.0,2
Tierra del Fuego,2025,30,1.4928571428571429,1.7,80.57142857142857,0.5,2
Tierra del Fuego,2025,31,2.0214285714285714,2.45,88.0,1.0,2
Tierra del Fuego,2025,32,3.7214285714285715,0.0,78.35714285714286,0.0,2
Tierra del Fuego,2025,33,3.2214285714285715,1.0,82.57142857142857,0.0,2
Tierra del Fuego,2025,34,3.5785714285714283,4.3,79.71428571428572,1.0,2
Tierra del Fuego,2025,35,4.442857142857143,2.55,70.92857142857143,0.5,2
Tierra del Fuego,2025,36,4.385714285714286,4.0,73.28571428571428,0.5,2
Tierra del Fuego,2025,37,6.007142857142856,5.15,78.07142857142857,1.0,2
Tierra del Fuego,2025,38,4.9071428571428575,1.9500000000000002,71.14285714285714,0.5,2
Tierra del Fuego,2025,39,5.328571428571429,3.1,75.42857142857143,0.5,2
Tierra del Fuego,2025,40,5.021428571428571,2.95,67.85714285714286,0.5,2
Tierra del Fuego,2025,41,6.921428571428571,9.0,66.64285714285714,1.0,2
Tierra del Fuego,2025,42,7.442857142857143,2.8499999999999996,71.5,0.5,2
Tierra del Fuego,2025,43,5.642857142857142,5.0,68.57142857142858,1.0,2
Tierra del Fuego,2025,44,8.2,13.9,66.0,1.0,2
Tierra del Fuego,2025,45,8.128571428571428,9.75,69.28571428571429,1.0,2
Tierra del Fuego,2025,46,9.157142857142857,11.55,68.57142857142857,2.0,2
Tierra del Fuego,2025,47,7.807142857142857,11.35,74.35714285714286,2.0,2
Tierra del Fuego,2025,48,9.085714285714285,3.05,66.28571428571428,0.5,2
Tierra del Fuego,2025,49,9.885714285714286,1.75,61.78571428571428,0.0,2
Tierra del Fuego,2025,50,9.271428571428572,7.85,67.92857142857142,1.5,2
Tierra del Fuego,2025,51,8.157142857142857,5.1,66.21428571428572,1.0,2
Tierra del Fuego,2025,52,8.12142857142857,10.700000000000001,68.35714285714286,2.0,2
Tucumán,2018,1,24.8,8.0,68.71428571428571,2.0,1
Tucumán,2018,2,25.714285714285715,32.0,71.57142857142857,3.0,1
Tucumán,2018,3,24.442857142857143,38.8,72.71428571428571,2.0,1
Tucumán,2018,4,24.114285714285717,278.2,83.28571428571429,5.0,1
Tucumán,2018,5,26.12857142857143,62.0,73.57142857142857,2.0,1
Tucumán,2018,6,26.357142857142858,14.2,69.85714285714286,1.0,1
Tucumán,2018,7,22.571428571428573,15.0,77.57142857142857,1.0,1
Tucumán,2018,8,23.8,61.3,75.85714285714286,2.0,1
Tucumán,2018,9,24.7,71.0,74.28571428571429,3.0,1
Tucumán,2018,10,22.942857142857143,6.0,82.28571428571429,2.0,1
Tucumán,2018,11,22.571428571428573,0.0,76.71428571428571,0.0,1
Tucumán,2018,12,20.014285714285712,5.0,73.14285714285714,1.0,1
Tucumán,2018,13,21.957142857142856,20.0,69.28571428571429,1.0,1
Tucumán,2018,14,21.885714285714283,2.7,81.14285714285714,1.0,1
Tucumán,2018,15,19.32857142857143,2.0,84.71428571428571,1.0,1
Tucumán,2018,16,23.82857142857143,0.0,73.85714285714286,0.0,1
Tucumán,2018,17,23.285714285714285,2.2,84.71428571428571,1.0,1
Tucumán,2018,18,20.814285714285713,17.9,91.0,1.0,1
Tucumán,2018,19,19.542857142857144,1.1,82.85714285714286,0.0,1
Tucumán,2018,20,15.328571428571427,7.4,81.0,1.0,1
Tucumán,2018,21,15.357142857142858,0.0,74.71428571428571,0.0,1
Tucumán,2018,22,13.085714285714285,9.0,84.14285714285714,3.0,1
Tucumán,2018,23,10.928571428571429,0.0,71.14285714285714,0.0,1
Tucumán,2018,24,9.700000000000001,0.0,68.0,0.0,1
Tucumán,2018,25,13.171428571428573,0.0,66.14285714285714,0.0,1
Tucumán,2018,26,13.485714285714284,0.0,71.28571428571429,0.0,1
Tucumán,2018,27,9.700000000000001,9.6,88.14285714285714,3.0,1
Tucumán,2018,28,11.071428571428571,0.0,70.42857142857143,0.0,1
Tucumán,2018,29,11.428571428571429,1.3,70.28571428571429,0.0,1
Tucumán,2018,30,8.328571428571427,0.0,55.142857142857146,0.0,1
Tucumán,2018,31,11.471428571428572,0.0,64.28571428571429,0.0,1
Tucumán,2018,32,14.385714285714286,0.0,53.714285714285715,0.0,1
Tucumán,2018,33,16.428571428571427,0.0,49.285714285714285,0.0,1
Tucumán,2018,34,12.028571428571428,0.0,47.42857142857143,0.0,1
Tucumán,2018,35,16.271428571428572,1.3,52.714285714285715,0.0,1
Tucumán,2018,36,20.414285714285715,0.0,42.142857142857146,0.0,1
Tucumán,2018,37,19.885714285714283,9.0,63.0,2.0,1
Tucumán,2018,38,23.585714285714285,2.0,50.42857142857143,1.0,1
Tucumán,2018,39,24.514285714285712,1.0,69.42857142857143,0.0,1
Tucumán,2018,40,19.67142857142857,0.0,55.714285714285715,0.0,1
Tucumán,2018,41,18.099999999999998,9.1,72.0,2.0,1
Tucumán,2018,42,24.428571428571427,39.6,66.42857142857143,2.0,1
Tucumán,2018,43,18.542857142857144,18.1,90.42857142857143,3.0,1
Tucumán,2018,44,24.12857142857143,1.2,69.85714285714286,0.0,1
Tucumán,2018,45,25.75714285714286,33.0,71.28571428571429,3.0,1
Tucumán,2018,46,23.557142857142857,40.0,65.28571428571429,2.0,1
Tucumán,2018,47,23.914285714285715,0.0,69.57142857142857,0.0,1
Tucumán,2018,48,20.271428571428572,29.3,84.71428571428571,3.0,1
Tucumán,2018,49,21.928571428571427,55.4,69.28571428571429,1.0,1
Tucumán,2018,50,26.12857142857143,15.0,77.14285714285714,3.0,1
Tucumán,2018,51,23.857142857142858,96.0,74.85714285714286,3.0,1
Tucumán,2018,52,27.599999999999998,32.0,73.42857142857143,2.0,1
Tucumán,2019,1,24.785714285714285,46.1,81.85714285714286,3.0,1
Tucumán,2019,2,22.914285714285715,62.0,80.28571428571429,4.0,1
Tucumán,2019,3,21.814285714285713,9.5,83.71428571428571,2.0,1
Tucumán,2019,4,28.099999999999998,3.0,75.28571428571429,1.0,1
Tucumán,2019,5,25.728571428571428,121.0,80.0,4.0,1
Tucumán,2019,6,25.357142857142858,0.0,75.0,0.0,1
Tucumán,2019,7,22.014285714285712,16.0,77.57142857142857,1.0,1
Tucumán,2019,8,28.771428571428572,0.1,66.71428571428571,0.0,1
Tucumán,2019,9,23.2,6.0,79.57142857142857,2.0,1
Tucumán,2019,10,20.771428571428572,83.0,88.85714285714286,4.0,1
Tucumán,2019,11,20.514285714285712,74.0,84.28571428571429,3.0,1
Tucumán,2019,12,19.857142857142858,30.099999999999998,80.57142857142857,2.0,1
Tucumán,2019,13,18.814285714285713,14.0,86.42857142857143,2.0,1
Tucumán,2019,14,21.342857142857145,38.0,76.57142857142857,2.0,1
Tucumán,2019,15,20.657142857142855,0.0,77.57142857142857,0.0,1
Tucumán,2019,16,20.571428571428573,61.39999999999999,88.71428571428571,4.0,1
Tucumán,2019,17,16.428571428571427,11.1,87.42857142857143,3.0,1
Tucumán,2019,18,18.785714285714285,27.0,85.28571428571429,2.0,1
Tucumán,2019,19,17.928571428571427,6.9,84.57142857142857,1.0,1
Tucumán,2019,20,16.614285714285714,7.0,75.28571428571429,2.0,1
Tucumán,2019,21,12.4,16.9,79.28571428571429,1.0,1
Tucumán,2019,22,14.214285714285714,2.2,84.0,1.0,1
Tucumán,2019,23,14.114285714285714,0.0,78.14285714285714,0.0,1
Tucumán,2019,24,15.042857142857143,7.0,84.85714285714286,2.0,1
Tucumán,2019,25,12.471428571428572,2.0,77.14285714285714,1.0,1
Tucumán,2019,26,11.4,5.0,79.28571428571429,1.0,1
Tucumán,2019,27,10.5,0.0,75.0,0.0,1
Tucumán,2019,28,14.357142857142858,0.0,74.0,0.0,1
Tucumán,2019,29,15.142857142857142,0.2,77.71428571428571,0.0,1
Tucumán,2019,30,10.785714285714286,0.0,64.85714285714286,0.0,1
Tucumán,2019,31,13.72857142857143,0.0,60.57142857142857,0.0,1
Tucumán,2019,32,12.885714285714286,0.0,53.142857142857146,0.0,1
Tucumán,2019,33,13.085714285714285,0.0,60.714285714285715,0.0,1
Tucumán,2019,34,13.942857142857141,0.0,63.42857142857143,0.0,1
Tucumán,2019,35,19.67142857142857,0.0,55.142857142857146,0.0,1
Tucumán,2019,36,13.757142857142856,0.0,60.857142857142854,0.0,1
Tucumán,2019,37,16.257142857142856,3.5,67.85714285714286,1.0,1
Tucumán,2019,38,16.414285714285715,0.5,51.42857142857143,0.0,1
Tucumán,2019,39,23.557142857142857,0.0,43.0,0.0,1
Tucumán,2019,40,19.5,0.0,54.714285714285715,0.0,1
Tucumán,2019,41,26.67142857142857,4.0,48.57142857142857,1.0,1
Tucumán,2019,42,15.742857142857142,11.0,76.42857142857143,1.0,1
Tucumán,2019,43,24.885714285714283,0.0,49.714285714285715,0.0,1
Tucumán,2019,44,23.071428571428573,37.1,71.57142857142857,1.0,1
Tucumán,2019,45,23.642857142857142,5.7,75.57142857142857,1.0,1
Tucumán,2019,46,26.428571428571427,25.0,61.714285714285715,2.0,1
Tucumán,2019,47,26.099999999999998,60.099999999999994,72.28571428571429,2.0,1
Tucumán,2019,48,23.014285714285712,31.0,79.42857142857143,4.0,1
Tucumán,2019,49,22.028571428571432,28.0,76.14285714285714,3.0,1
Tucumán,2019,50,25.8,5.0,64.0,1.0,1
Tucumán,2019,51,25.82857142857143,6.0,61.57142857142857,1.0,1
Tucumán,2019,52,28.414285714285715,5.0,57.857142857142854,1.0,1
Tucumán,2020,1,26.97142857142857,20.5,69.85714285714286,2.0,1
Tucumán,2020,2,26.9,144.0,71.14285714285714,2.0,1
Tucumán,2020,3,25.214285714285715,92.2,78.85714285714286,1.0,1
Tucumán,2020,4,27.342857142857145,38.3,71.85714285714286,2.0,1
Tucumán,2020,5,25.17142857142857,2.0,72.57142857142857,1.0,1
Tucumán,2020,6,26.014285714285712,157.7,79.57142857142857,4.0,1
Tucumán,2020,7,24.285714285714285,0.6000000000000001,83.71428571428571,0.0,1
Tucumán,2020,8,21.32857142857143,50.0,79.14285714285714,2.0,1
Tucumán,2020,9,24.585714285714285,1.0,70.57142857142857,0.0,1
Tucumán,2020,10,26.25714285714286,0.0,71.57142857142857,0.0,1
Tucumán,2020,11,26.514285714285712,21.3,75.42857142857143,2.0,1
Tucumán,2020,12,22.857142857142858,2.0,78.57142857142857,1.0,1
Tucumán,2020,13,23.485714285714288,29.200000000000003,77.57142857142857,1.0,1
Tucumán,2020,14,21.657142857142855,54.0,84.14285714285714,3.0,1
Tucumán,2020,15,18.75714285714286,6.0,79.0,1.0,1
Tucumán,2020,16,19.52857142857143,0.0,72.28571428571429,0.0,1
Tucumán,2020,17,23.057142857142857,1.1,75.0,0.0,1
Tucumán,2020,18,18.47142857142857,0.7,82.28571428571429,0.0,1
Tucumán,2020,19,15.957142857142857,0.0,74.0,0.0,1
Tucumán,2020,20,16.228571428571428,0.0,68.14285714285714,0.0,1
Tucumán,2020,21,15.428571428571429,0.0,67.28571428571429,0.0,1
Tucumán,2020,22,15.071428571428571,0.0,66.0,0.0,1
Tucumán,2020,23,11.971428571428572,0.8,68.28571428571429,0.0,1
Tucumán,2020,24,15.714285714285714,0.0,69.14285714285714,0.0,1
Tucumán,2020,25,14.685714285714285,0.0,67.42857142857143,0.0,1
Tucumán,2020,26,12.299999999999999,3.0,75.14285714285714,1.0,1
Tucumán,2020,27,10.514285714285714,0.0,65.42857142857143,0.0,1
Tucumán,2020,28,9.87142857142857,0.0,67.85714285714286,0.0,1
Tucumán,2020,29,13.742857142857144,0.0,65.71428571428571,0.0,1
Tucumán,2020,30,12.171428571428573,0.0,67.71428571428571,0.0,1
Tucumán,2020,31,12.428571428571429,0.0,51.57142857142857,0.0,1
Tucumán,2020,32,18.728571428571428,0.0,55.285714285714285,0.0,1
Tucumán,2020,33,13.285714285714286,0.0,47.285714285714285,0.0,1
Tucumán,2020,34,12.514285714285714,0.0,45.857142857142854,0.0,1
Tucumán,2020,35,17.142857142857142,0.2,54.0,0.0,1
Tucumán,2020,36,13.771428571428572,0.0,61.142857142857146,0.0,1
Tucumán,2020,37,20.057142857142857,0.0,53.714285714285715,0.0,1
Tucumán,2020,38,19.642857142857142,0.0,39.0,0.0,1
Tucumán,2020,39,23.485714285714288,0.0,39.57142857142857,0.0,1
Tucumán,2020,40,20.885714285714283,0.0,42.57142857142857,0.0,1
Tucumán,2020,41,22.085714285714285,0.0,45.142857142857146,0.0,1
Tucumán,2020,42,25.271428571428572,0.0,44.42857142857143,0.0,1
Tucumán,2020,43,24.0,4.5,72.14285714285714,2.0,1
Tucumán,2020,44,22.157142857142855,6.0,43.857142857142854,1.0,1
Tucumán,2020,45,25.25714285714286,0.0,37.0,0.0,1
Tucumán,2020,46,24.02857142857143,61.79999999999999,72.42857142857143,2.0,1
Tucumán,2020,47,23.82857142857143,39.5,60.285714285714285,1.0,1
Tucumán,2020,48,27.62857142857143,40.0,62.42857142857143,2.0,1
Tucumán,2020,49,21.985714285714288,18.0,74.0,3.0,1
Tucumán,2020,50,27.142857142857142,0.0,58.285714285714285,0.0,1
Tucumán,2020,51,26.057142857142857,2.3,55.285714285714285,1.0,1
Tucumán,2020,52,26.714285714285715,37.0,59.42857142857143,3.0,1
Tucumán,2020,53,25.38571428571429,136.1,72.0,1.0,1
Tucumán,2021,1,24.085714285714285,69.3,78.0,2.0,1
Tucumán,2021,2,23.728571428571428,72.0,85.33333333333333,4.0,1
Tucumán,2021,3,25.157142857142855,0.0,64.42857142857143,0.0,1
Tucumán,2021,4,25.900000000000002,45.0,70.42857142857143,2.0,1
Tucumán,2021,5,22.414285714285715,10.0,78.85714285714286,2.0,1
Tucumán,2021,6,22.62857142857143,100.1,77.14285714285714,2.0,1
Tucumán,2021,7,23.285714285714285,10.5,82.42857142857143,1.0,1
Tucumán,2021,8,25.057142857142857,53.7,83.0,2.0,1
Tucumán,2021,9,24.52857142857143,43.0,78.42857142857143,3.0,1
Tucumán,2021,10,24.12857142857143,19.0,81.85714285714286,3.0,1
Tucumán,2021,11,20.057142857142857,14.1,87.42857142857143,2.0,1
Tucumán,2021,12,20.599999999999998,17.0,84.85714285714286,3.0,1
Tucumán,2021,13,20.928571428571427,0.0,81.57142857142857,0.0,1
Tucumán,2021,14,21.928571428571427,3.0,87.57142857142857,1.0,1
Tucumán,2021,15,21.0,1.0,79.0,0.0,1
Tucumán,2021,16,21.357142857142858,17.4,82.28571428571429,3.0,1
Tucumán,2021,17,18.314285714285713,0.0,76.57142857142857,0.0,1
Tucumán,2021,18,14.657142857142857,23.0,79.57142857142857,2.0,1
Tucumán,2021,19,15.442857142857141,1.6,79.28571428571429,0.0,1
Tucumán,2021,20,16.97142857142857,0.0,79.71428571428571,0.0,1
Tucumán,2021,21,14.528571428571428,0.0,71.14285714285714,0.0,1
Tucumán,2021,22,16.157142857142855,0.0,71.85714285714286,0.0,1
Tucumán,2021,23,15.114285714285714,0.0,77.85714285714286,0.0,1
Tucumán,2021,24,8.842857142857143,6.3,82.71428571428571,2.0,1
Tucumán,2021,25,9.700000000000001,3.0,80.14285714285714,1.0,1
Tucumán,2021,26,9.342857142857143,0.0,65.0,0.0,1
Tucumán,2021,27,15.785714285714286,0.0,64.0,0.0,1
Tucumán,2021,28,13.0,0.0,66.14285714285714,0.0,1
Tucumán,2021,29,13.528571428571428,0.0,58.285714285714285,0.0,1
Tucumán,2021,30,10.528571428571428,0.0,56.57142857142857,0.0,1
Tucumán,2021,31,15.12857142857143,0.0,54.714285714285715,0.0,1
Tucumán,2021,32,11.342857142857143,0.0,51.142857142857146,0.0,1
Tucumán,2021,33,19.2,0.0,48.57142857142857,0.0,1
Tucumán,2021,34,15.27142857142857,0.0,43.857142857142854,0.0,1
Tucumán,2021,35,21.114285714285717,1.6,68.85714285714286,0.0,1
Tucumán,2021,36,17.785714285714285,0.0,54.285714285714285,0.0,1
Tucumán,2021,37,19.25714285714286,0.0,44.42857142857143,0.0,1
Tucumán,2021,38,19.2,1.0,59.57142857142857,0.0,1
Tucumán,2021,39,20.842857142857145,5.0,57.57142857142857,1.0,1
Tucumán,2021,40,19.12857142857143,0.0,50.42857142857143,0.0,1
Tucumán,2021,41,21.542857142857144,3.0,55.0,1.0,1
Tucumán,2021,42,23.52857142857143,0.0,42.857142857142854,0.0,1
Tucumán,2021,43,28.414285714285715,18.0,36.142857142857146,1.0,1
Tucumán,2021,44,18.485714285714288,84.4,81.57142857142857,2.0,1
Tucumán,2021,45,23.442857142857143,52.0,73.0,3.0,1
Tucumán,2021,46,22.52857142857143,9.2,60.857142857142854,1.0,1
Tucumán,2021,47,25.25714285714286,9.0,64.28571428571429,2.0,1
Tucumán,2021,48,25.285714285714285,24.0,60.142857142857146,2.0,1
Tucumán,2021,49,24.928571428571427,45.0,74.71428571428571,2.0,1
Tucumán,2021,50,24.7,14.0,77.57142857142857,2.0,1
Tucumán,2021,51,26.314285714285713,19.0,72.42857142857143,1.0,1
Tucumán,2021,52,28.02857142857143,8.0,62.42857142857143,2.0,1
Tucumán,2022,1,26.82857142857143,22.0,66.0,2.0,1
Tucumán,2022,2,31.614285714285717,21.0,40.285714285714285,1.0,1
Tucumán,2022,3,25.214285714285715,57.7,79.42857142857143,3.0,1
Tucumán,2022,4,23.957142857142856,40.5,80.85714285714286,3.0,1
Tucumán,2022,5,24.385714285714283,34.0,71.57142857142857,3.0,1
Tucumán,2022,6,23.12857142857143,11.0,72.14285714285714,1.0,1
Tucumán,2022,7,25.17142857142857,25.0,71.71428571428571,3.0,1
Tucumán,2022,8,23.271428571428572,50.9,85.14285714285714,1.0,1
Tucumán,2022,9,24.285714285714285,106.0,83.14285714285714,2.0,1
Tucumán,2022,10,20.75714285714286,52.0,88.57142857142857,4.0,1
Tucumán,2022,11,20.857142857142858,5.0,78.57142857142857,1.0,1
Tucumán,2022,12,19.74285714285714,6.0,72.28571428571429,1.0,1
Tucumán,2022,13,18.02857142857143,0.0,62.857142857142854,0.0,1
Tucumán,2022,14,21.442857142857143,0.0,79.71428571428571,0.0,1
Tucumán,2022,15,18.62857142857143,116.00000000000001,82.57142857142857,3.0,1
Tucumán,2022,16,18.557142857142857,0.0,81.0,0.0,1
Tucumán,2022,17,17.857142857142858,1.0,77.85714285714286,0.0,1
Tucumán,2022,18,16.271428571428572,0.0,71.14285714285714,0.0,1
Tucumán,2022,19,17.614285714285714,0.3,80.14285714285714,0.0,1
Tucumán,2022,20,12.6,0.0,73.42857142857143,0.0,1
Tucumán,2022,21,14.057142857142859,0.6,82.85714285714286,0.0,1
Tucumán,2022,22,9.685714285714285,0.0,79.28571428571429,0.0,1
Tucumán,2022,23,13.642857142857142,1.3,77.42857142857143,1.0,1
Tucumán,2022,24,11.700000000000001,0.0,64.57142857142857,0.0,1
Tucumán,2022,25,9.785714285714286,0.6,77.85714285714286,0.0,1
Tucumán,2022,26,11.671428571428573,0.3,72.85714285714286,0.0,1
Tucumán,2022,27,14.428571428571429,0.0,63.857142857142854,0.0,1
Tucumán,2022,28,10.257142857142856,2.0,62.285714285714285,1.0,1
Tucumán,2022,29,14.385714285714286,0.0,68.14285714285714,0.0,1
Tucumán,2022,30,16.771428571428572,6.5,72.71428571428571,1.0,1
Tucumán,2022,31,14.828571428571427,3.0,65.14285714285714,1.0,1
Tucumán,2022,32,13.557142857142859,0.0,64.0,0.0,1
Tucumán,2022,33,13.685714285714285,0.0,44.857142857142854,0.0,1
Tucumán,2022,34,18.157142857142855,0.0,44.285714285714285,0.0,1
Tucumán,2022,35,15.228571428571428,0.0,45.42857142857143,0.0,1
Tucumán,2022,36,16.814285714285713,0.0,35.285714285714285,0.0,1
Tucumán,2022,37,19.2,0.0,34.142857142857146,0.0,1
Tucumán,2022,38,15.9,1.2,56.57142857142857,0.0,1
Tucumán,2022,39,18.099999999999998,26.0,61.714285714285715,2.0,1
Tucumán,2022,40,21.62857142857143,0.0,39.285714285714285,0.0,1
Tucumán,2022,41,18.414285714285715,4.0,42.142857142857146,1.0,1
Tucumán,2022,42,18.357142857142858,9.3,73.42857142857143,2.0,1
Tucumán,2022,43,26.82857142857143,0.0,39.57142857142857,0.0,1
Tucumán,2022,44,20.32857142857143,0.0,27.571428571428573,0.0,1
Tucumán,2022,45,24.814285714285713,29.000000000000004,51.857142857142854,3.0,1
Tucumán,2022,46,27.728571428571428,63.3,47.42857142857143,2.0,1
Tucumán,2022,47,25.857142857142858,0.0,48.0,0.0,1
Tucumán,2022,48,25.857142857142858,4.0,52.57142857142857,1.0,1
Tucumán,2022,49,30.400000000000002,14.0,49.142857142857146,2.0,1
Tucumán,2022,50,24.571428571428573,45.5,66.14285714285714,3.0,1
Tucumán,2022,51,24.914285714285715,39.5,65.57142857142857,1.0,1
Tucumán,2022,52,25.771428571428572,26.0,61.57142857142857,3.0,1
Tucumán,2023,1,25.985714285714288,0.2,55.57142857142857,0.0,1
Tucumán,2023,2,26.3,42.0,56.857142857142854,1.0,1
Tucumán,2023,3,27.885714285714283,11.0,63.42857142857143,1.0,1
Tucumán,2023,4,26.87142857142857,107.6,71.14285714285714,2.0,1
Tucumán,2023,5,25.214285714285715,49.300000000000004,75.14285714285714,3.0,1
Tucumán,2023,6,27.957142857142856,0.0,66.28571428571429,0.0,1
Tucumán,2023,7,22.32857142857143,7.200000000000001,73.0,2.0,1
Tucumán,2023,8,24.514285714285712,51.7,69.14285714285714,2.0,1
Tucumán,2023,9,26.814285714285713,0.0,65.14285714285714,0.0,1
Tucumán,2023,10,28.185714285714287,17.0,66.28571428571429,1.0,1
Tucumán,2023,11,27.25714285714286,12.6,66.28571428571429,1.0,1
Tucumán,2023,12,26.428571428571427,89.0,73.57142857142857,2.0,1
Tucumán,2023,13,21.585714285714285,10.5,84.28571428571429,1.0,1
Tucumán,2023,14,21.385714285714283,24.0,84.42857142857143,2.0,1
Tucumán,2023,15,19.071428571428573,83.9,85.14285714285714,3.0,1
Tucumán,2023,16,18.657142857142855,23.0,79.0,2.0,1
Tucumán,2023,17,19.542857142857144,0.0,80.57142857142857,0.0,1
Tucumán,2023,18,14.9,0.0,72.28571428571429,0.0,1
Tucumán,2023,19,18.485714285714288,0.0,74.42857142857143,0.0,1
Tucumán,2023,20,18.428571428571427,11.0,84.28571428571429,2.0,1
Tucumán,2023,21,18.014285714285712,11.0,84.85714285714286,2.0,1
Tucumán,2023,22,15.642857142857142,1.2,85.85714285714286,1.0,1
Tucumán,2023,23,16.7,0.0,79.42857142857143,0.0,1
Tucumán,2023,24,9.385714285714286,0.0,68.0,0.0,1
Tucumán,2023,25,13.171428571428573,1.4,85.71428571428571,0.0,1
Tucumán,2023,26,14.942857142857141,0.7,82.57142857142857,0.0,1
Tucumán,2023,27,17.5,4.0,84.85714285714286,1.0,1
Tucumán,2023,28,11.771428571428572,8.3,85.57142857142857,1.0,1
Tucumán,2023,29,12.028571428571428,3.2,81.0,1.0,1
Tucumán,2023,30,13.028571428571428,0.0,68.85714285714286,0.0,1
Tucumán,2023,31,19.071428571428573,0.0,66.57142857142857,0.0,1
Tucumán,2023,32,14.485714285714286,2.5,60.57142857142857,1.0,1
Tucumán,2023,33,17.82857142857143,0.0,58.714285714285715,0.0,1
Tucumán,2023,34,17.014285714285712,0.0,55.0,0.0,1
Tucumán,2023,35,17.1,3.8,57.42857142857143,1.0,1
Tucumán,2023,36,14.557142857142859,2.0,83.42857142857143,0.0,1
Tucumán,2023,37,20.02857142857143,0.0,42.0,0.0,1
Tucumán,2023,38,20.042857142857144,1.8000000000000003,61.285714285714285,0.0,1
Tucumán,2023,39,18.814285714285713,0.3,64.0,0.0,1
Tucumán,2023,40,21.37142857142857,0.0,45.42857142857143,0.0,1
Tucumán,2023,41,21.428571428571427,0.0,40.57142857142857,0.0,1
Tucumán,2023,42,22.271428571428572,17.0,66.85714285714286,2.0,1
Tucumán,2023,43,21.62857142857143,34.9,82.0,2.0,1
Tucumán,2023,44,18.67142857142857,1.1,64.57142857142857,0.0,1
Tucumán,2023,45,26.24285714285714,0.0,55.714285714285715,0.0,1
Tucumán,2023,46,24.599999999999998,0.1,61.0,0.0,1
Tucumán,2023,47,24.642857142857142,29.000000000000004,70.85714285714286,3.0,1
Tucumán,2023,48,24.957142857142856,53.3,79.57142857142857,4.0,1
Tucumán,2023,49,21.642857142857142,7.200000000000001,79.14285714285714,1.0,1
Tucumán,2023,50,28.400000000000002,11.0,73.0,3.0,1
Tucumán,2023,51,23.17142857142857,55.2,87.0,4.0,1
Tucumán,2023,52,25.085714285714285,87.0,78.42857142857143,2.0,1
Tucumán,2024,1,26.599999999999998,17.0,74.57142857142857,1.0,1
Tucumán,2024,2,24.557142857142857,68.9,85.14285714285714,3.0,1
Tucumán,2024,3,24.74285714285714,21.2,81.57142857142857,2.0,1
Tucumán,2024,4,25.457142857142856,0.0,65.71428571428571,0.0,1
Tucumán,2024,5,29.12857142857143,0.0,60.285714285714285,0.0,1
Tucumán,2024,6,27.428571428571427,45.8,73.0,2.0,1
Tucumán,2024,7,24.685714285714287,40.7,79.57142857142857,2.0,1
Tucumán,2024,8,24.3,36.0,81.14285714285714,4.0,1
Tucumán,2024,9,25.057142857142857,41.8,89.0,2.0,1
Tucumán,2024,10,23.714285714285715,66.7,88.85714285714286,3.0,1
Tucumán,2024,11,27.928571428571427,76.19999999999999,83.14285714285714,2.0,1
Tucumán,2024,12,23.542857142857144,12.4,82.71428571428571,2.0,1
Tucumán,2024,13,25.47142857142857,0.0,78.85714285714286,0.0,1
Tucumán,2024,14,20.357142857142858,8.3,91.42857142857143,2.0,1
Tucumán,2024,15,17.571428571428573,37.5,92.85714285714286,4.0,1
Tucumán,2024,16,20.400000000000002,0.0,73.85714285714286,0.0,1
Tucumán,2024,17,17.985714285714288,6.2,93.85714285714286,2.0,1
Tucumán,2024,18,16.185714285714287,3.1,88.85714285714286,1.0,1
Tucumán,2024,19,14.642857142857142,4.1,84.85714285714286,1.0,1
Tucumán,2024,20,10.314285714285715,0.8,81.0,0.0,1
Tucumán,2024,21,10.928571428571429,5.800000000000001,84.57142857142857,2.0,1
Tucumán,2024,22,11.857142857142858,0.0,76.57142857142857,0.0,1
Tucumán,2024,23,15.342857142857143,0.0,74.85714285714286,0.0,1
Tucumán,2024,24,17.04285714285714,0.0,80.85714285714286,0.0,1
Tucumán,2024,25,14.657142857142857,6.4,85.14285714285714,1.0,1
Tucumán,2024,26,9.742857142857144,0.3,72.71428571428571,0.0,1
Tucumán,2024,27,11.228571428571428,0.0,64.14285714285714,0.0,1
Tucumán,2024,28,6.7,0.0,67.28571428571429,0.0,1
Tucumán,2024,29,11.057142857142859,0.0,67.71428571428571,0.0,1
Tucumán,2024,30,14.700000000000001,0.0,65.14285714285714,0.0,1
Tucumán,2024,31,15.62857142857143,0.0,59.285714285714285,0.0,1
Tucumán,2024,32,12.928571428571429,2.9,58.142857142857146,1.0,1
Tucumán,2024,33,15.042857142857143,0.0,52.57142857142857,0.0,1
Tucumán,2024,34,11.0,4.8,85.0,1.0,1
Tucumán,2024,35,14.771428571428572,0.0,57.42857142857143,0.0,1
Tucumán,2024,36,18.67142857142857,0.0,49.57142857142857,0.0,1
Tucumán,2024,37,18.75714285714286,0.0,56.857142857142854,0.0,1
Tucumán,2024,38,24.414285714285715,0.0,41.0,0.0,1
Tucumán,2024,39,21.314285714285717,11.1,55.714285714285715,1.0,1
Tucumán,2024,40,23.942857142857143,0.0,44.857142857142854,0.0,1
Tucumán,2024,41,20.914285714285715,89.8,78.42857142857143,4.0,1
Tucumán,2024,42,23.585714285714285,6.0,77.42857142857143,1.0,1
Tucumán,2024,43,23.071428571428573,3.0,64.0,1.0,1
Tucumán,2024,44,24.8,38.0,67.0,2.0,1
Tucumán,2024,45,21.9,19.8,85.14285714285714,2.0,1
Tucumán,2024,46,23.8,4.0,58.57142857142857,1.0,1
Tucumán,2024,47,22.342857142857145,7.300000000000001,83.28571428571429,1.0,1
Tucumán,2024,48,24.514285714285712,66.7,87.42857142857143,5.0,1
Tucumán,2024,49,22.228571428571428,16.0,69.85714285714286,3.0,1
Tucumán,2024,50,24.599999999999998,25.1,71.71428571428571,1.0,1
Tucumán,2024,51,25.985714285714288,6.8,62.42857142857143,1.0,1
Tucumán,2024,52,25.900000000000002,2.0,61.857142857142854,0.0,1
Tucumán,2025,1,25.785714285714285,26.0,67.42857142857143,1.0,1
Tucumán,2025,2,26.071428571428573,13.4,69.71428571428571,2.0,1
Tucumán,2025,3,27.47142857142857,14.0,54.142857142857146,2.0,1
Tucumán,2025,4,25.75714285714286,44.0,74.85714285714286,3.0,1
Tucumán,2025,5,26.442857142857143,37.0,74.28571428571429,1.0,1
Tucumán,2025,6,30.314285714285713,1.3,61.0,1.0,1
Tucumán,2025,7,27.928571428571427,18.0,68.71428571428571,3.0,1
Tucumán,2025,8,26.67142857142857,28.699999999999996,73.42857142857143,1.0,1
Tucumán,2025,9,27.942857142857143,4.7,70.71428571428571,3.0,1
Tucumán,2025,10,26.74285714285714,134.0,68.85714285714286,2.0,1
Tucumán,2025,11,19.271428571428572,5.8,89.14285714285714,2.0,1
Tucumán,2025,12,23.985714285714288,19.4,76.71428571428571,2.0,1
Tucumán,2025,13,20.342857142857145,28.0,92.28571428571429,3.0,1
Tucumán,2025,14,16.04285714285714,4.0,78.57142857142857,1.0,1
Tucumán,2025,15,18.75714285714286,0.0,80.28571428571429,0.0,1
Tucumán,2025,16,19.32857142857143,63.3,84.85714285714286,2.0,1
Tucumán,2025,17,18.32857142857143,9.1,88.85714285714286,1.0,1
Tucumán,2025,18,19.62857142857143,0.0,79.14285714285714,0.0,1
Tucumán,2025,19,20.74285714285714,14.1,85.14285714285714,3.0,1
Tucumán,2025,20,19.842857142857145,0.0,79.57142857142857,0.0,1
Tucumán,2025,21,15.428571428571429,0.0,86.85714285714286,0.0,1
Tucumán,2025,22,11.342857142857143,9.0,78.28571428571429,1.0,1
Tucumán,2025,23,14.228571428571428,0.0,82.0,0.0,1
Tucumán,2025,24,13.014285714285714,0.6,79.57142857142857,0.0,1
Tucumán,2025,25,10.942857142857141,0.0,73.85714285714286,0.0,1
Tucumán,2025,26,9.657142857142857,3.0,64.42857142857143,1.0,1
Tucumán,2025,27,8.87142857142857,0.0,72.42857142857143,0.0,1
Tucumán,2025,28,15.657142857142857,17.7,82.57142857142857,2.0,1
Tucumán,2025,29,14.0,0.0,68.85714285714286,0.0,1
Tucumán,2025,30,12.714285714285714,2.1,84.14285714285714,0.0,1
Tucumán,2025,31,13.071428571428571,0.0,77.42857142857143,0.0,1
Tucumán,2025,32,12.9,2.8,69.57142857142857,1.0,1
Tucumán,2025,33,14.328571428571427,0.0,67.14285714285714,0.0,1
Tucumán,2025,34,14.614285714285714,0.0,56.285714285714285,0.0,1
Tucumán,2025,35,16.814285714285713,0.0,44.57142857142857,0.0,1
Tucumán,2025,36,13.414285714285715,0.0,62.285714285714285,0.0,1
Tucumán,2025,37,20.214285714285715,0.0,50.57142857142857,0.0,1
Tucumán,2025,38,24.17142857142857,0.0,65.0,0.0,1
Tucumán,2025,39,20.885714285714283,0.0,42.57142857142857,0.0,1
Tucumán,2025,40,23.02857142857143,1.6,54.57142857142857,1.0,1
Tucumán,2025,41,22.157142857142855,0.0,29.714285714285715,0.0,1
Tucumán,2025,42,22.82857142857143,60.99999999999999,55.57142857142857,2.0,1
Tucumán,2025,43,23.657142857142855,6.0,67.0,1.0,1
Tucumán,2025,44,17.257142857142856,14.0,75.28571428571429,2.0,1
Tucumán,2025,45,21.842857142857145,10.4,64.85714285714286,1.0,1
Tucumán,2025,46,21.271428571428572,11.6,76.14285714285714,2.0,1
Tucumán,2025,47,24.285714285714285,3.0,51.714285714285715,1.0,1
Tucumán,2025,48,27.857142857142858,1.2,54.42857142857143,0.0,1
Tucumán,2025,49,24.342857142857145,42.5,79.57142857142857,2.0,1
Tucumán,2025,50,25.771428571428572,28.2,63.142857142857146,2.0,1
Tucumán,2025,51,25.571428571428573,18.7,60.42857142857143,2.0,1
Tucumán,2025,52,24.557142857142857,55.5,80.85714285714286,3.0,1
