año,SE,provincia,SE_inicio,id_prov,cant_habitantes,cant_casos,incidencia_100k,temp_media,precip_sem,hum_rel,dias_lluvia_sem
2018,1,Buenos Aires,2018-01-01,6,20689665,0,0.0,23.637662337662334,15.03181818181818,48.20779220779221,1.0
2018,2,Buenos Aires,2018-01-08,6,20689665,0,0.0,25.556493506493503,32.95454545454545,59.88311688311688,1.5
2018,3,Buenos Aires,2018-01-15,6,20689665,0,0.0,24.37532467532468,4.654545454545454,61.8896103896104,0.6363636363636364
2018,4,Buenos Aires,2018-01-22,6,20689665,0,0.0,22.872077922077924,10.763636363636364,61.65584415584415,0.7727272727272727
2018,5,Buenos Aires,2018-01-29,6,20689665,0,0.0,25.11558441558441,5.559090909090909,59.01948051948052,0.4090909090909091
2018,6,Buenos Aires,2018-02-05,6,20689665,2,0.009666662075002181,24.703896103896103,14.659090909090908,56.96103896103896,1.1363636363636365
2018,7,Buenos Aires,2018-02-12,6,20689665,2,0.009666662075002181,23.97012987012987,21.14090909090909,55.324675324675326,0.9545454545454546
2018,8,Buenos Aires,2018-02-19,6,20689665,4,0.019333324150004362,21.3,1.8136363636363635,65.96103896103897,0.3181818181818182
2018,9,Buenos Aires,2018-02-26,6,20689665,11,0.053166641412512,24.122727272727275,7.245454545454546,65.6948051948052,0.5454545454545454
2018,10,Buenos Aires,2018-03-05,6,20689665,15,0.07249996556251635,21.025974025974023,7.686363636363636,56.94155844155844,0.6363636363636364
2018,11,Buenos Aires,2018-03-12,6,20689665,20,0.09666662075002182,19.133766233766234,38.98636363636364,58.87662337662337,2.136363636363636
2018,12,Buenos Aires,2018-03-19,6,20689665,19,0.09183328971252072,16.57922077922078,10.986363636363636,65.0909090909091,1.318181818181818
2018,13,Buenos Aires,2018-03-26,6,20689665,20,0.09666662075002182,19.455194805194807,10.686363636363636,69.98701298701299,0.3181818181818182
2018,14,Buenos Aires,2018-04-02,6,20689665,33,0.15949992423753598,18.148701298701297,30.44545454545454,77.1948051948052,1.7727272727272727
2018,15,Buenos Aires,2018-04-09,6,20689665,29,0.14016660008753162,18.46103896103896,20.654545454545453,70.03246753246754,1.2727272727272727
2018,16,Buenos Aires,2018-04-16,6,20689665,30,0.1449999311250327,20.850649350649352,33.49090909090909,81.87662337662337,2.090909090909091
2018,17,Buenos Aires,2018-04-23,6,20689665,23,0.11116661386252508,18.387012987012987,55.7090909090909,84.85714285714286,2.272727272727273
2018,18,Buenos Aires,2018-04-30,6,20689665,33,0.15949992423753598,15.27012987012987,18.540909090909093,85.53896103896103,2.1818181818181817
2018,19,Buenos Aires,2018-05-07,6,20689665,12,0.05799997245001308,16.53181818181818,50.97727272727273,86.8961038961039,2.272727272727273
2018,20,Buenos Aires,2018-05-14,6,20689665,3,0.01449999311250327,11.474025974025976,7.172727272727273,79.81168831168831,1.4545454545454546
2018,21,Buenos Aires,2018-05-21,6,20689665,6,0.02899998622500654,11.263636363636364,0.8727272727272727,75.15584415584416,0.1818181818181818
2018,22,Buenos Aires,2018-05-28,6,20689665,0,0.0,11.16948051948052,42.43636363636364,81.28571428571428,1.9545454545454544
2018,23,Buenos Aires,2018-06-04,6,20689665,0,0.0,8.856493506493507,1.981818181818182,78.13636363636364,0.4090909090909091
2018,24,Buenos Aires,2018-06-11,6,20689665,1,0.0048333310375010905,6.915584415584416,11.627272727272729,82.04545454545455,1.2727272727272727
2018,25,Buenos Aires,2018-06-18,6,20689665,0,0.0,8.483116883116883,0.5409090909090909,66.56493506493507,0.0909090909090909
2018,26,Buenos Aires,2018-06-25,6,20689665,0,0.0,10.115584415584417,4.75,75.01948051948051,0.6363636363636364
2018,27,Buenos Aires,2018-07-02,6,20689665,0,0.0,7.231818181818181,15.418181818181818,82.36363636363636,1.9090909090909087
2019,1,Buenos Aires,2018-12-31,6,20689665,0,0.0,22.997278911564624,43.94545454545455,66.578231292517,2.4545454545454546
2019,2,Buenos Aires,2019-01-07,6,20689665,0,0.0,21.59455782312925,37.89090909090909,69.02721088435375,1.7727272727272727
2019,3,Buenos Aires,2019-01-14,6,20689665,1,0.0048333310375010905,21.33214285714286,10.377272727272729,68.80627705627705,1.0909090909090908
2019,4,Buenos Aires,2019-01-21,6,20689665,0,0.0,24.51363636363636,30.922727272727272,73.27272727272727,1.5
2019,5,Buenos Aires,2019-01-28,6,20689665,0,0.0,24.27467532467533,21.01363636363636,67.33766233766234,0.6818181818181818
2019,6,Buenos Aires,2019-02-04,6,20689665,1,0.0048333310375010905,23.91818181818182,14.227272727272728,66.74025974025973,0.9545454545454546
2019,7,Buenos Aires,2019-02-11,6,20689665,5,0.024166655187505454,20.82467532467533,2.786363636363636,64.96103896103897,0.6363636363636364
2019,8,Buenos Aires,2019-02-18,6,20689665,1,0.0048333310375010905,24.36937229437229,38.2,68.90259740259741,1.9545454545454544
2019,9,Buenos Aires,2019-02-25,6,20689665,8,0.038666648300008724,18.37077922077922,34.372727272727275,61.96103896103896,1.5
2019,10,Buenos Aires,2019-03-04,6,20689665,0,0.0,19.97402597402597,14.786363636363635,71.42207792207792,0.8181818181818182
2019,11,Buenos Aires,2019-03-11,6,20689665,4,0.019333324150004362,19.88971861471861,34.64545454545455,80.88852813852814,2.272727272727273
2019,12,Buenos Aires,2019-03-18,6,20689665,7,0.033833317262507635,16.344805194805193,7.295454545454546,70.86363636363636,0.8636363636363636
2019,13,Buenos Aires,2019-03-25,6,20689665,10,0.04833331037501091,18.214935064935062,1.8090909090909089,74.48701298701299,0.3181818181818182
2019,14,Buenos Aires,2019-04-01,6,20689665,8,0.038666648300008724,18.40909090909091,14.404545454545454,72.13636363636364,1.4090909090909092
2019,15,Buenos Aires,2019-04-08,6,20689665,9,0.04349997933750982,17.455194805194807,11.14090909090909,71.37012987012987,1.0454545454545454
2019,16,Buenos Aires,2019-04-15,6,20689665,9,0.04349997933750982,16.50194805194805,0.5909090909090909,72.05844155844156,0.0454545454545454
2019,17,Buenos Aires,2019-04-22,6,20689665,6,0.02899998622500654,15.175324675324676,16.686363636363637,80.27922077922078,1.181818181818182
2019,18,Buenos Aires,2019-04-29,6,20689665,4,0.019333324150004362,15.114285714285716,8.35,71.74025974025973,0.6818181818181818
2019,19,Buenos Aires,2019-05-06,6,20689665,4,0.019333324150004362,13.686363636363636,26.322727272727278,80.04545454545455,1.4090909090909092
2019,20,Buenos Aires,2019-05-13,6,20689665,0,0.0,13.611688311688312,12.436363636363636,78.26623376623377,1.2272727272727273
2019,21,Buenos Aires,2019-05-20,6,20689665,2,0.009666662075002181,10.913636363636364,7.568181818181818,76.84415584415585,0.5
2019,22,Buenos Aires,2019-05-27,6,20689665,0,0.0,10.1487012987013,1.5454545454545454,82.52597402597404,0.3636363636363636
2019,23,Buenos Aires,2019-06-03,6,20689665,1,0.0048333310375010905,12.268181818181818,1.2454545454545454,72.56493506493506,0.2272727272727272
2019,24,Buenos Aires,2019-06-10,6,20689665,0,0.0,12.453246753246754,57.65,88.35064935064935,3.5
2019,25,Buenos Aires,2019-06-17,6,20689665,0,0.0,11.63051948051948,44.36363636363637,84.65584415584416,1.5
2019,26,Buenos Aires,2019-06-24,6,20689665,1,0.0048333310375010905,8.746103896103897,8.263636363636364,76.97402597402596,1.0909090909090908
2019,27,Buenos Aires,2019-07-01,6,20689665,0,0.0,5.3603896103896105,1.8454545454545452,70.16233766233766,0.2272727272727272
2019,28,Buenos Aires,2019-07-08,6,20689665,0,0.0,8.87922077922078,15.27727272727273,80.05194805194805,0.3636363636363636
2019,29,Buenos Aires,2019-07-15,6,20689665,0,0.0,10.93961038961039,8.031818181818181,75.23376623376623,0.4545454545454545
2019,30,Buenos Aires,2019-07-22,6,20689665,0,0.0,7.961688311688311,7.077272727272727,74.5,0.6363636363636364
2019,31,Buenos Aires,2019-07-29,6,20689665,0,0.0,10.132792207792209,0.1227272727272727,66.76515151515152,0.0
2019,32,Buenos Aires,2019-08-05,6,20689665,0,0.0,9.548051948051947,3.727272727272727,64.16233766233766,0.5909090909090909
2019,33,Buenos Aires,2019-08-12,6,20689665,0,0.0,7.633116883116883,7.69090909090909,71.09740259740259,0.7727272727272727
2019,34,Buenos Aires,2019-08-19,6,20689665,0,0.0,9.137012987012987,0.5136363636363637,71.32467532467533,0.1818181818181818
2019,35,Buenos Aires,2019-08-26,6,20689665,0,0.0,13.5974025974026,4.1000000000000005,67.83116883116882,0.5454545454545454
2019,36,Buenos Aires,2019-09-02,6,20689665,0,0.0,8.594805194805195,1.1,69.74025974025973,0.2272727272727272
2019,37,Buenos Aires,2019-09-09,6,20689665,0,0.0,11.8512987012987,11.418181818181818,76.96103896103897,1.0909090909090908
2019,38,Buenos Aires,2019-09-16,6,20689665,0,0.0,12.702597402597403,0.0,47.4025974025974,0.0
2019,39,Buenos Aires,2019-09-23,6,20689665,0,0.0,17.65714285714286,3.3227272727272723,56.675324675324674,0.3181818181818182
2019,40,Buenos Aires,2019-09-30,6,20689665,0,0.0,13.236363636363636,17.33636363636364,64.42207792207792,1.7272727272727273
2019,41,Buenos Aires,2019-10-07,6,20689665,0,0.0,17.612337662337662,50.49545454545455,60.41558441558441,2.0
2019,42,Buenos Aires,2019-10-14,6,20689665,0,0.0,13.84935064935065,28.60909090909091,73.37012987012987,2.5
2019,43,Buenos Aires,2019-10-21,6,20689665,0,0.0,17.411688311688312,20.85,64.27922077922078,2.0
2019,44,Buenos Aires,2019-10-28,6,20689665,0,0.0,17.544805194805193,9.013636363636364,69.16233766233766,1.1363636363636365
2019,45,Buenos Aires,2019-11-04,6,20689665,0,0.0,19.06038961038961,12.52727272727273,60.688311688311686,0.8636363636363636
2019,46,Buenos Aires,2019-11-11,6,20689665,0,0.0,22.383766233766234,11.068181818181818,64.6038961038961,1.3636363636363635
2019,47,Buenos Aires,2019-11-18,6,20689665,0,0.0,21.51103896103896,24.65909090909091,59.74675324675325,1.8636363636363635
2019,48,Buenos Aires,2019-11-25,6,20689665,0,0.0,19.96168831168831,8.245454545454546,53.43506493506493,1.0909090909090908
2019,49,Buenos Aires,2019-12-02,6,20689665,1,0.0048333310375010905,20.265584415584417,5.309090909090909,52.25324675324675,1.0
2019,50,Buenos Aires,2019-12-09,6,20689665,0,0.0,23.18246753246753,7.795454545454546,49.21428571428572,1.2727272727272727
2019,51,Buenos Aires,2019-12-16,6,20689665,1,0.0048333310375010905,21.63025974025974,13.204545454545457,56.39350649350649,1.4545454545454546
2019,52,Buenos Aires,2019-12-23,6,20689665,0,0.0,23.687662337662346,35.91818181818182,65.47943722943722,2.5454545454545454
2020,1,Buenos Aires,2019-12-30,6,20689665,1,0.0048333310375010905,22.745454545454542,52.654545454545456,73.92207792207792,1.9090909090909087
2020,2,Buenos Aires,2020-01-06,6,20689665,2,0.009666662075002181,22.929220779220778,6.159090909090909,54.16233766233767,0.6363636363636364
2020,3,Buenos Aires,2020-01-13,6,20689665,8,0.038666648300008724,22.484415584415583,29.731818181818184,60.35714285714286,1.4090909090909092
2020,4,Buenos Aires,2020-01-20,6,20689665,16,0.07733329660001745,25.679870129870128,10.290909090909093,65.59740259740259,1.0454545454545454
2020,5,Buenos Aires,2020-01-27,6,20689665,34,0.1643332552750371,22.30064935064935,7.295454545454546,57.0,0.7272727272727273
2020,6,Buenos Aires,2020-02-03,6,20689665,54,0.2609998760250589,24.057792207792208,37.02272727272727,71.88961038961038,2.0454545454545454
2020,7,Buenos Aires,2020-02-10,6,20689665,147,0.7104996625126603,22.843506493506496,17.64090909090909,66.13636363636364,1.2727272727272727
2020,8,Buenos Aires,2020-02-17,6,20689665,314,1.5176659457753425,19.18896103896104,23.06363636363637,64.94155844155844,1.0454545454545454
2020,9,Buenos Aires,2020-02-24,6,20689665,505,2.4408321739380505,22.673376623376623,0.4818181818181818,60.04545454545455,0.1363636363636363
2020,10,Buenos Aires,2020-03-02,6,20689665,999,4.8284977064635894,25.21103896103896,1.2181818181818185,62.24025974025974,0.2727272727272727
2020,11,Buenos Aires,2020-03-09,6,20689665,1811,8.753162508914475,20.904545454545453,73.19090909090909,74.24675324675324,3.0
2020,12,Buenos Aires,2020-03-16,6,20689665,1235,5.969163831313846,19.834415584415584,23.481818181818184,74.16883116883118,1.7727272727272727
2020,13,Buenos Aires,2020-03-23,6,20689665,1095,5.292497486063694,22.404545454545453,23.84090909090909,76.40259740259741,1.4090909090909092
2020,14,Buenos Aires,2020-03-30,6,20689665,1760,8.50666262600192,17.960389610389612,42.0,78.85064935064935,2.3181818181818183
2020,15,Buenos Aires,2020-04-06,6,20689665,1480,7.153329935501614,14.395454545454545,10.822727272727272,72.27272727272727,0.6818181818181818
2020,16,Buenos Aires,2020-04-13,6,20689665,1109,5.36016412058871,15.61948051948052,7.3136363636363635,72.14935064935065,0.5909090909090909
2020,17,Buenos Aires,2020-04-20,6,20689665,811,3.919831471413384,16.856493506493507,25.031818181818185,78.54545454545455,2.227272727272727
2020,18,Buenos Aires,2020-04-27,6,20689665,741,3.581498298788308,14.794805194805194,60.04545454545455,82.36363636363636,2.3181818181818183
2020,19,Buenos Aires,2020-05-04,6,20689665,429,2.0734990150879677,13.04025974025974,6.131818181818182,74.66233766233766,0.8636363636363636
2020,20,Buenos Aires,2020-05-11,6,20689665,273,1.3194993732377978,13.011688311688312,0.5,67.02597402597402,0.0909090909090909
2020,21,Buenos Aires,2020-05-18,6,20689665,138,0.6669996831751505,12.946103896103894,7.44090909090909,76.22727272727273,0.8181818181818182
2020,22,Buenos Aires,2020-05-25,6,20689665,75,0.3624998278125818,11.366233766233766,1.2090909090909092,79.92857142857143,0.3181818181818182
2020,23,Buenos Aires,2020-06-01,6,20689665,17,0.08216662763751854,10.231818181818182,1.6863636363636365,84.74675324675324,0.3636363636363636
2020,24,Buenos Aires,2020-06-08,6,20689665,18,0.08699995867501964,9.805844155844156,0.6454545454545454,73.13636363636364,0.0909090909090909
2020,25,Buenos Aires,2020-06-15,6,20689665,1,0.0048333310375010905,12.376623376623376,30.422727272727272,77.83116883116882,1.5454545454545454
2020,26,Buenos Aires,2020-06-22,6,20689665,1,0.0048333310375010905,7.788961038961039,6.245454545454546,79.66883116883118,1.0
2020,27,Buenos Aires,2020-06-29,6,20689665,1,0.0048333310375010905,8.011688311688312,25.645454545454548,83.37662337662337,2.0454545454545454
2020,28,Buenos Aires,2020-07-06,6,20689665,0,0.0,6.561688311688312,1.7954545454545454,73.66883116883118,0.4545454545454545
2020,29,Buenos Aires,2020-07-13,6,20689665,3,0.01449999311250327,8.614285714285714,0.5045454545454545,73.27272727272727,0.0909090909090909
2020,30,Buenos Aires,2020-07-20,6,20689665,1,0.0048333310375010905,9.63961038961039,21.081818181818186,82.94805194805195,2.0
2020,31,Buenos Aires,2020-07-27,6,20689665,0,0.0,8.37987012987013,0.1636363636363636,69.28571428571428,0.0454545454545454
2020,32,Buenos Aires,2020-08-03,6,20689665,1,0.0048333310375010905,13.173376623376624,4.122727272727273,79.01948051948051,0.7272727272727273
2020,33,Buenos Aires,2020-08-10,6,20689665,0,0.0,8.95974025974026,0.0045454545454545,52.30519480519481,0.0
2020,34,Buenos Aires,2020-08-17,6,20689665,0,0.0,9.153246753246751,0.3,53.18181818181818,0.0454545454545454
2020,35,Buenos Aires,2020-08-24,6,20689665,0,0.0,12.365584415584417,16.45909090909091,74.51948051948052,1.681818181818182
2020,36,Buenos Aires,2020-08-31,6,20689665,1,0.0048333310375010905,8.996103896103897,20.522727272727277,74.73376623376623,1.4090909090909092
2020,37,Buenos Aires,2020-09-07,6,20689665,0,0.0,12.484415584415585,5.109090909090909,67.9935064935065,0.9545454545454546
2020,38,Buenos Aires,2020-09-14,6,20689665,1,0.0048333310375010905,12.3,0.0136363636363636,52.80519480519481,0.0
2020,39,Buenos Aires,2020-09-21,6,20689665,2,0.009666662075002181,14.009090909090908,44.67272727272727,71.35714285714286,2.272727272727273
2020,40,Buenos Aires,2020-09-28,6,20689665,1,0.0048333310375010905,12.655194805194805,4.1863636363636365,62.95454545454545,0.5454545454545454
2020,41,Buenos Aires,2020-10-05,6,20689665,0,0.0,14.175324675324674,5.863636363636363,63.40909090909091,0.6363636363636364
2020,42,Buenos Aires,2020-10-12,6,20689665,1,0.0048333310375010905,18.87662337662337,22.736363636363635,67.73376623376623,1.0454545454545454
2020,43,Buenos Aires,2020-10-19,6,20689665,0,0.0,16.02077922077922,65.45,79.65584415584415,3.636363636363636
2020,44,Buenos Aires,2020-10-26,6,20689665,1,0.0048333310375010905,15.504545454545456,2.1545454545454543,62.44155844155844,0.3636363636363636
2020,45,Buenos Aires,2020-11-02,6,20689665,1,0.0048333310375010905,19.633116883116884,1.0272727272727271,63.75974025974026,0.1818181818181818
2020,46,Buenos Aires,2020-11-09,6,20689665,0,0.0,20.13571428571429,14.077272727272726,69.35714285714286,1.1363636363636365
2020,47,Buenos Aires,2020-11-16,6,20689665,2,0.009666662075002181,20.506493506493506,5.818181818181818,59.324675324675326,0.5909090909090909
2020,48,Buenos Aires,2020-11-23,6,20689665,5,0.024166655187505454,21.796103896103897,35.75,61.77922077922078,2.363636363636364
2020,49,Buenos Aires,2020-11-30,6,20689665,0,0.0,19.077272727272728,6.881818181818182,54.27922077922078,0.4545454545454545
2020,50,Buenos Aires,2020-12-07,6,20689665,0,0.0,22.953896103896103,14.013636363636364,51.370129870129865,1.6363636363636365
2020,51,Buenos Aires,2020-12-14,6,20689665,1,0.0048333310375010905,21.31883116883117,15.295454545454543,52.51298701298701,1.3636363636363635
2020,52,Buenos Aires,2020-12-21,6,20689665,1,0.0048333310375010905,25.387012987012987,0.7863636363636364,53.57142857142858,0.0909090909090909
2020,53,Buenos Aires,2020-12-28,6,20689665,1,0.0048333310375010905,24.496103896103897,15.9,55.188311688311686,1.5
2021,1,Buenos Aires,2021-01-04,6,20689665,0,0.0,22.357792207792208,81.70454545454545,69.74025974025973,2.863636363636364
2021,2,Buenos Aires,2021-01-11,6,20689665,0,0.0,21.01233766233766,16.990909090909092,62.20779220779221,1.5454545454545454
2021,3,Buenos Aires,2021-01-18,6,20689665,0,0.0,26.494805194805192,0.0,56.2987012987013,0.0
2021,4,Buenos Aires,2021-01-25,6,20689665,0,0.0,23.007142857142856,34.54090909090909,62.69480519480519,2.363636363636364
2021,5,Buenos Aires,2021-02-01,6,20689665,0,0.0,21.588311688311688,14.44090909090909,68.44805194805195,1.0909090909090908
2021,6,Buenos Aires,2021-02-08,6,20689665,0,0.0,21.242857142857144,28.60909090909091,76.57792207792208,2.727272727272727
2021,7,Buenos Aires,2021-02-15,6,20689665,0,0.0,21.43116883116883,21.63181818181818,59.56493506493506,1.2727272727272727
2021,8,Buenos Aires,2021-02-22,6,20689665,0,0.0,23.78961038961039,6.077272727272727,62.44805194805195,0.4090909090909091
2021,9,Buenos Aires,2021-03-01,6,20689665,0,0.0,22.98701298701299,6.618181818181818,71.05844155844156,0.8636363636363636
2021,10,Buenos Aires,2021-03-08,6,20689665,3,0.01449999311250327,21.492207792207797,5.245454545454545,64.36363636363636,0.5909090909090909
2021,11,Buenos Aires,2021-03-15,6,20689665,1,0.0048333310375010905,17.605194805194802,34.38636363636363,75.07792207792208,2.5454545454545454
2021,12,Buenos Aires,2021-03-22,6,20689665,2,0.009666662075002181,18.80194805194805,55.20454545454545,81.66883116883118,2.636363636363636
2021,13,Buenos Aires,2021-03-29,6,20689665,2,0.009666662075002181,18.526623376623377,0.1363636363636363,74.15584415584416,0.0454545454545454
2021,14,Buenos Aires,2021-04-05,6,20689665,2,0.009666662075002181,20.212337662337664,64.08181818181818,82.20779220779221,2.772727272727273
2021,15,Buenos Aires,2021-04-12,6,20689665,3,0.01449999311250327,18.406493506493508,1.9318181818181817,77.12987012987013,0.1363636363636363
2021,16,Buenos Aires,2021-04-19,6,20689665,0,0.0,18.30454545454545,24.84090909090909,79.0909090909091,1.5454545454545454
2021,17,Buenos Aires,2021-04-26,6,20689665,1,0.0048333310375010905,16.16038961038961,4.227272727272728,75.6948051948052,0.4090909090909091
2021,18,Buenos Aires,2021-05-03,6,20689665,0,0.0,11.20974025974026,9.931818181818182,75.16233766233766,0.7272727272727273
2021,19,Buenos Aires,2021-05-10,6,20689665,0,0.0,10.93051948051948,0.0909090909090909,70.87662337662337,0.0454545454545454
2021,20,Buenos Aires,2021-05-17,6,20689665,0,0.0,11.381818181818184,60.27727272727272,84.76623376623377,3.0
2021,21,Buenos Aires,2021-05-24,6,20689665,0,0.0,11.072077922077922,0.2863636363636364,67.1038961038961,0.1363636363636363
2021,22,Buenos Aires,2021-05-31,6,20689665,0,0.0,11.516233766233766,1.9636363636363636,72.75974025974027,0.3181818181818182
2021,23,Buenos Aires,2021-06-07,6,20689665,0,0.0,12.268831168831168,0.5,78.31818181818181,0.0909090909090909
2021,24,Buenos Aires,2021-06-14,6,20689665,0,0.0,5.87987012987013,0.7136363636363637,77.61038961038962,0.2727272727272727
2021,25,Buenos Aires,2021-06-21,6,20689665,0,0.0,9.185714285714283,9.377272727272729,83.05194805194805,1.3636363636363635
2021,26,Buenos Aires,2021-06-28,6,20689665,0,0.0,7.398701298701298,0.7363636363636363,73.37662337662337,0.1363636363636363
2021,27,Buenos Aires,2021-07-05,6,20689665,0,0.0,11.093506493506494,11.263636363636364,78.20779220779221,1.5
2021,28,Buenos Aires,2021-07-12,6,20689665,0,0.0,8.202597402597403,2.786363636363636,73.9935064935065,0.3636363636363636
2021,29,Buenos Aires,2021-07-19,6,20689665,0,0.0,10.168831168831169,8.64090909090909,71.48701298701299,0.6818181818181818
2021,30,Buenos Aires,2021-07-26,6,20689665,0,0.0,6.988311688311688,1.25,66.18831168831169,0.1363636363636363
2022,1,Buenos Aires,2022-01-03,6,20689665,0,0.0,24.731818181818184,0.4136363636363636,51.798701298701296,0.0909090909090909
2022,2,Buenos Aires,2022-01-10,6,20689665,0,0.0,28.98051948051948,21.83636363636364,50.00649350649351,1.318181818181818
2022,3,Buenos Aires,2022-01-17,6,20689665,0,0.0,21.784415584415584,92.6818181818182,82.22077922077922,4.136363636363637
2022,4,Buenos Aires,2022-01-24,6,20689665,2,0.009666662075002181,23.18896103896104,10.745454545454544,64.88311688311688,0.9545454545454546
2022,5,Buenos Aires,2022-01-31,6,20689665,0,0.0,21.213636363636365,27.39090909090909,68.07142857142857,2.863636363636364
2022,6,Buenos Aires,2022-02-07,6,20689665,0,0.0,19.985714285714288,8.427272727272728,65.27922077922078,0.9545454545454546
2022,7,Buenos Aires,2022-02-14,6,20689665,5,0.024166655187505454,22.375974025974024,12.886363636363637,64.77272727272727,1.0909090909090908
2022,8,Buenos Aires,2022-02-21,6,20689665,7,0.033833317262507635,21.268181818181816,46.63181818181818,76.06493506493507,2.727272727272727
2022,9,Buenos Aires,2022-02-28,6,20689665,9,0.04349997933750982,21.246103896103897,36.15,67.81168831168831,1.5454545454545454
2022,10,Buenos Aires,2022-03-07,6,20689665,11,0.053166641412512,18.843506493506496,5.836363636363637,68.13636363636364,0.7272727272727273
2022,11,Buenos Aires,2022-03-14,6,20689665,8,0.038666648300008724,18.9512987012987,7.118181818181818,67.64285714285714,0.8636363636363636
2022,12,Buenos Aires,2022-03-21,6,20689665,10,0.04833331037501091,17.544805194805193,60.12272727272728,80.3896103896104,2.8181818181818183
2022,13,Buenos Aires,2022-03-28,6,20689665,14,0.06766663452501527,15.203896103896104,4.45,65.73376623376623,0.7272727272727273
2022,14,Buenos Aires,2022-04-04,6,20689665,23,0.11116661386252508,17.945454545454545,33.70909090909091,73.46753246753246,1.5
2022,15,Buenos Aires,2022-04-11,6,20689665,18,0.08699995867501964,14.466233766233769,1.2636363636363637,73.81818181818181,0.2727272727272727
2022,16,Buenos Aires,2022-04-18,6,20689665,15,0.07249996556251635,15.981168831168832,22.981818181818184,73.28571428571428,1.3636363636363635
2022,17,Buenos Aires,2022-04-25,6,20689665,16,0.07733329660001745,12.39155844155844,21.295454545454547,67.12337662337663,0.8636363636363636
2022,18,Buenos Aires,2022-05-02,6,20689665,7,0.033833317262507635,13.546753246753246,0.0,74.94155844155844,0.0
2022,19,Buenos Aires,2022-05-09,6,20689665,4,0.019333324150004362,12.085064935064937,3.5681818181818183,75.41558441558442,0.3181818181818182
2022,20,Buenos Aires,2022-05-16,6,20689665,4,0.019333324150004362,10.266233766233766,0.7818181818181817,75.16883116883118,0.1363636363636363
2022,21,Buenos Aires,2022-05-23,6,20689665,0,0.0,8.82857142857143,16.054545454545455,77.96753246753246,1.2727272727272727
2022,22,Buenos Aires,2022-05-30,6,20689665,0,0.0,5.744805194805195,0.1454545454545454,75.51298701298701,0.0454545454545454
2022,23,Buenos Aires,2022-06-06,6,20689665,0,0.0,8.083766233766234,0.3045454545454545,73.62987012987013,0.0454545454545454
2022,24,Buenos Aires,2022-06-13,6,20689665,0,0.0,8.208441558441558,0.2727272727272727,71.81818181818181,0.0454545454545454
2022,25,Buenos Aires,2022-06-20,6,20689665,0,0.0,5.566883116883117,0.1181818181818181,76.63636363636364,0.0454545454545454
2022,26,Buenos Aires,2022-06-27,6,20689665,0,0.0,8.327272727272728,1.6590909090909092,71.23376623376623,0.5
2022,27,Buenos Aires,2022-07-04,6,20689665,0,0.0,9.317532467532468,1.4772727272727273,73.0909090909091,0.2727272727272727
2022,28,Buenos Aires,2022-07-11,6,20689665,0,0.0,8.107142857142858,0.740909090909091,75.31818181818181,0.0909090909090909
2022,29,Buenos Aires,2022-07-18,6,20689665,0,0.0,9.976623376623376,4.136363636363637,75.53246753246754,0.2727272727272727
2022,30,Buenos Aires,2022-07-25,6,20689665,0,0.0,11.846753246753249,39.96363636363637,81.68831168831169,2.4545454545454546
2022,31,Buenos Aires,2022-08-01,6,20689665,0,0.0,9.202597402597403,1.009090909090909,80.1948051948052,0.2272727272727272
2022,32,Buenos Aires,2022-08-08,6,20689665,1,0.0048333310375010905,11.05909090909091,9.204545454545457,76.08441558441558,0.7272727272727273
2022,33,Buenos Aires,2022-08-15,6,20689665,0,0.0,9.574675324675324,2.6045454545454545,60.25974025974026,0.5
2022,34,Buenos Aires,2022-08-22,6,20689665,0,0.0,12.2,8.540909090909091,68.17532467532467,0.7272727272727273
2022,35,Buenos Aires,2022-08-29,6,20689665,0,0.0,12.055194805194803,1.3409090909090908,62.032467532467535,0.2272727272727272
2022,36,Buenos Aires,2022-09-05,6,20689665,0,0.0,12.656493506493506,3.904545454545455,61.44155844155844,0.5
2022,37,Buenos Aires,2022-09-12,6,20689665,0,0.0,15.124675324675325,8.159090909090908,67.06493506493506,0.5909090909090909
2022,38,Buenos Aires,2022-09-19,6,20689665,0,0.0,12.971428571428572,2.0500000000000003,67.64935064935065,0.5
2022,39,Buenos Aires,2022-09-26,6,20689665,0,0.0,14.96038961038961,0.8363636363636363,60.35064935064936,0.1363636363636363
2022,40,Buenos Aires,2022-10-03,6,20689665,1,0.0048333310375010905,14.454545454545457,6.195454545454546,62.65584415584415,1.2272727272727273
2022,41,Buenos Aires,2022-10-10,6,20689665,0,0.0,14.326623376623376,1.781818181818182,55.30519480519481,0.2727272727272727
2022,42,Buenos Aires,2022-10-17,6,20689665,0,0.0,15.852597402597404,7.686363636363636,70.95454545454545,1.181818181818182
2022,43,Buenos Aires,2022-10-24,6,20689665,0,0.0,18.28831168831169,35.60909090909091,65.96103896103897,2.727272727272727
2022,44,Buenos Aires,2022-10-31,6,20689665,0,0.0,17.602597402597404,0.05,55.35714285714286,0.0
2022,45,Buenos Aires,2022-11-07,6,20689665,0,0.0,20.42077922077922,30.83636363636364,67.31818181818181,2.0
2022,46,Buenos Aires,2022-11-14,6,20689665,0,0.0,22.14610389610389,19.65,64.61147186147186,2.1818181818181817
2022,47,Buenos Aires,2022-11-21,6,20689665,0,0.0,21.62857142857143,2.85,59.75324675324676,0.5909090909090909
2022,48,Buenos Aires,2022-11-28,6,20689665,3,0.01449999311250327,23.235714285714288,25.422727272727272,62.33116883116883,1.2272727272727273
2022,49,Buenos Aires,2022-12-05,6,20689665,1,0.0048333310375010905,26.786363636363635,20.486363636363635,52.8961038961039,2.227272727272727
2022,50,Buenos Aires,2022-12-12,6,20689665,0,0.0,22.142207792207792,4.190909090909091,50.35064935064936,0.8181818181818182
2023,1,Buenos Aires,2023-01-02,6,20689665,7,0.033833317262507635,25.532467532467532,0.0,50.24675324675325,0.0
2023,2,Buenos Aires,2023-01-09,6,20689665,7,0.033833317262507635,24.545454545454547,9.340909090909092,55.175324675324674,0.6363636363636364
2023,3,Buenos Aires,2023-01-16,6,20689665,6,0.02899998622500654,25.596103896103894,29.80454545454546,64.98701298701299,1.9090909090909087
2023,4,Buenos Aires,2023-01-23,6,20689665,8,0.038666648300008724,25.042207792207797,16.186363636363637,63.42207792207792,1.5454545454545454
2023,5,Buenos Aires,2023-01-30,6,20689665,22,0.106333282825024,23.465584415584416,13.85,68.73376623376623,1.181818181818182
2023,6,Buenos Aires,2023-02-06,6,20689665,25,0.12083327593752727,27.827922077922075,21.5,57.58441558441559,1.4545454545454546
2023,7,Buenos Aires,2023-02-13,6,20689665,44,0.212666565650048,18.742857142857144,8.0,57.92207792207792,1.0909090909090908
2023,8,Buenos Aires,2023-02-20,6,20689665,94,0.4543331175251025,23.43831168831169,4.1863636363636365,59.46103896103896,0.2727272727272727
2023,9,Buenos Aires,2023-02-27,6,20689665,265,1.280832724937789,26.36038961038961,2.4,57.09090909090909,0.4545454545454545
2023,10,Buenos Aires,2023-03-06,6,20689665,620,2.996665243250676,26.44935064935065,20.604545454545452,66.28571428571428,0.9545454545454546
2023,11,Buenos Aires,2023-03-13,6,20689665,1477,7.13882994238911,24.7525974025974,49.84090909090909,76.37662337662337,2.4545454545454546
2023,12,Buenos Aires,2023-03-20,6,20689665,3331,16.099825685916134,20.23961038961039,8.377272727272727,71.56493506493506,0.6818181818181818
2023,13,Buenos Aires,2023-03-27,6,20689665,4504,21.76932299290491,17.801298701298702,19.75454545454545,65.20779220779221,1.2272727272727273
2023,14,Buenos Aires,2023-04-03,6,20689665,3539,17.10515854171636,19.242207792207797,1.7545454545454546,74.1038961038961,0.1363636363636363
2023,15,Buenos Aires,2023-04-10,6,20689665,3728,18.018658107804065,14.931168831168833,7.004545454545454,72.68181818181819,0.8181818181818182
2023,16,Buenos Aires,2023-04-17,6,20689665,2430,11.74499442112765,14.163636363636364,8.30909090909091,73.84415584415584,1.0454545454545454
2023,17,Buenos Aires,2023-04-24,6,20689665,1120,5.413330762001221,18.07337662337662,6.55,76.44805194805195,0.8181818181818182
2023,18,Buenos Aires,2023-05-01,6,20689665,958,4.6303311339260445,12.921428571428573,19.53181818181818,71.71428571428572,1.1363636363636365
2023,19,Buenos Aires,2023-05-08,6,20689665,566,2.735665367225617,13.485714285714288,0.0,75.27922077922078,0.0
2023,20,Buenos Aires,2023-05-15,6,20689665,318,1.536999269925347,14.39935064935065,27.45,79.35714285714286,1.7727272727272727
2023,21,Buenos Aires,2023-05-22,6,20689665,157,0.7588329728876713,13.946103896103894,54.95,82.84415584415584,2.3181818181818183
2023,22,Buenos Aires,2023-05-29,6,20689665,135,0.6524996900626472,13.109523809523813,7.580952380952381,77.95238095238095,0.6190476190476191
2023,23,Buenos Aires,2023-06-05,6,20689665,64,0.3093331864000698,11.46530612244898,0.261904761904762,71.421768707483,0.0476190476190476
2023,24,Buenos Aires,2023-06-12,6,20689665,27,0.13049993801252946,6.222448979591837,0.4047619047619047,72.21088435374149,0.0952380952380952
2023,25,Buenos Aires,2023-06-19,6,20689665,9,0.04349997933750982,10.148299319727892,5.152380952380953,87.95238095238095,0.8095238095238095
2023,26,Buenos Aires,2023-06-26,6,20689665,4,0.019333324150004362,9.938095238095238,8.914285714285715,77.37414965986395,0.4761904761904761
2023,27,Buenos Aires,2023-07-03,6,20689665,8,0.038666648300008724,12.00952380952381,22.0,81.00680272108843,1.761904761904762
2023,28,Buenos Aires,2023-07-10,6,20689665,9,0.04349997933750982,6.858503401360545,12.8,79.08843537414967,1.0952380952380951
2023,29,Buenos Aires,2023-07-17,6,20689665,1,0.0048333310375010905,9.291836734693875,4.119047619047619,74.12925170068027,0.2857142857142857
2023,30,Buenos Aires,2023-07-24,6,20689665,8,0.038666648300008724,9.55578231292517,4.247619047619048,78.8843537414966,0.5714285714285714
2023,31,Buenos Aires,2023-07-31,6,20689665,7,0.033833317262507635,12.28299319727891,0.0,67.51700680272108,0.0
2023,32,Buenos Aires,2023-08-07,6,20689665,3,0.01449999311250327,9.17278911564626,2.961904761904762,66.82312925170068,0.5714285714285714
2023,33,Buenos Aires,2023-08-14,6,20689665,0,0.0,11.985714285714286,43.333333333333336,69.59863945578232,1.7142857142857142
2023,34,Buenos Aires,2023-08-21,6,20689665,2,0.009666662075002181,9.372789115646258,8.042857142857143,64.70748299319727,0.6666666666666666
2023,35,Buenos Aires,2023-08-28,6,20689665,1,0.0048333310375010905,11.618367346938774,18.604761904761904,63.60544217687075,1.238095238095238
2023,36,Buenos Aires,2023-09-04,6,20689665,0,0.0,11.036734693877552,11.319047619047618,71.6734693877551,1.619047619047619
2023,37,Buenos Aires,2023-09-11,6,20689665,0,0.0,13.865986394557824,9.419047619047618,60.25170068027211,0.7619047619047619
2023,38,Buenos Aires,2023-09-18,6,20689665,3,0.01449999311250327,12.648979591836737,1.4952380952380953,76.3469387755102,0.2857142857142857
2023,39,Buenos Aires,2023-09-25,6,20689665,4,0.019333324150004362,12.591156462585031,2.5761904761904764,65.99319727891157,0.5714285714285714
2023,40,Buenos Aires,2023-10-02,6,20689665,4,0.019333324150004362,15.306802721088436,5.095238095238095,58.14965986394558,0.8095238095238095
2023,41,Buenos Aires,2023-10-09,6,20689665,3,0.01449999311250327,15.640136054421768,7.276190476190477,55.08843537414966,1.2857142857142858
2023,42,Buenos Aires,2023-10-16,6,20689665,7,0.033833317262507635,16.65034013605442,14.185714285714283,69.93877551020408,1.2857142857142858
2023,43,Buenos Aires,2023-10-23,6,20689665,0,0.0,17.778231292517006,22.404761904761905,67.87755102040816,2.4761904761904763
2023,44,Buenos Aires,2023-10-30,6,20689665,13,0.06283330348751417,13.93265306122449,30.490476190476187,66.77551020408163,1.5714285714285714
2023,45,Buenos Aires,2023-11-06,6,20689665,4,0.019333324150004362,18.99795918367347,39.41904761904762,60.94557823129252,1.5714285714285714
2023,46,Buenos Aires,2023-11-13,6,20689665,9,0.04349997933750982,18.312925170068027,8.1,53.18367346938776,0.9523809523809524
2023,47,Buenos Aires,2023-11-20,6,20689665,9,0.04349997933750982,21.53333333333333,1.9523809523809523,50.04761904761905,0.5238095238095238
2023,48,Buenos Aires,2023-11-27,6,20689665,15,0.07249996556251635,22.149659863945576,63.42857142857143,66.89795918367346,2.857142857142857
2023,49,Buenos Aires,2023-12-04,6,20689665,13,0.06283330348751417,19.410204081632653,20.52857142857143,70.46938775510205,1.619047619047619
2023,50,Buenos Aires,2023-12-11,6,20689665,33,0.15949992423753598,24.32857142857143,78.08571428571429,71.49659863945578,3.0
2023,51,Buenos Aires,2023-12-18,6,20689665,42,0.2029999035750458,20.29523809523809,36.285714285714285,72.03401360544218,2.619047619047619
2023,52,Buenos Aires,2023-12-25,6,20689665,72,0.34799983470007856,21.64625850340136,14.885714285714286,59.01360544217687,1.1428571428571428
2024,1,Buenos Aires,2024-01-01,6,20689665,211,1.01983284891273,23.69931972789116,24.23809523809524,70.53061224489795,1.9047619047619049
2024,2,Buenos Aires,2024-01-08,6,20689665,411,1.986499056412948,22.96734693877551,10.952380952380953,63.71428571428572,1.2857142857142858
2024,3,Buenos Aires,2024-01-15,6,20689665,412,1.9913323874504494,23.534013605442176,6.590476190476191,61.693877551020414,0.8095238095238095
2024,4,Buenos Aires,2024-01-22,6,20689665,550,2.6583320706255997,25.165986394557823,0.0,57.04081632653062,0.0
2024,5,Buenos Aires,2024-01-29,6,20689665,930,4.494997864876014,27.342857142857145,8.352380952380953,56.5578231292517,0.8571428571428571
2024,6,Buenos Aires,2024-02-05,6,20689665,2163,10.454495034114858,25.02517006802721,99.62857142857142,80.03401360544218,4.047619047619048
2024,7,Buenos Aires,2024-02-12,6,20689665,4954,23.944321959780403,21.685714285714283,6.880952380952381,70.05442176870748,0.5714285714285714
2024,8,Buenos Aires,2024-02-19,6,20689665,8834,42.697646385284635,23.034013605442176,11.7,71.95238095238095,0.8095238095238095
2024,9,Buenos Aires,2024-02-26,6,20689665,11820,57.129972863262886,22.655102040816328,14.49047619047619,70.91156462585033,1.3333333333333333
2024,10,Buenos Aires,2024-03-04,6,20689665,15179,73.36513181822905,20.60204081632653,31.72380952380952,66.9047619047619,2.2857142857142856
2024,11,Buenos Aires,2024-03-11,6,20689665,17680,85.45329274301929,21.400680272108843,102.82380952380952,81.37414965986395,2.619047619047619
2024,12,Buenos Aires,2024-03-18,6,20689665,19195,92.77578926483343,19.47358276643991,60.161904761904765,75.10430839002268,2.142857142857143
2024,13,Buenos Aires,2024-03-25,6,20689665,15647,75.62713074377956,20.45374149659864,5.847619047619047,74.74829931972789,0.8095238095238095
2024,14,Buenos Aires,2024-04-01,6,20689665,13768,66.54530172431501,17.867346938775512,13.304761904761907,70.57142857142857,0.8571428571428571
2024,15,Buenos Aires,2024-04-08,6,20689665,8170,39.48831457638391,16.0,61.51428571428571,79.87755102040816,3.095238095238096
2024,16,Buenos Aires,2024-04-15,6,20689665,5674,27.424320306781187,17.562585034013605,52.5,76.73469387755101,2.095238095238096
2024,17,Buenos Aires,2024-04-22,6,20689665,4022,19.439657432829385,13.740816326530611,23.861904761904764,74.47619047619048,2.380952380952381
2024,18,Buenos Aires,2024-04-29,6,20689665,2271,10.976494786164977,13.110204081632652,5.557142857142857,73.42857142857143,1.380952380952381
2024,19,Buenos Aires,2024-05-06,6,20689665,1078,5.210330858426175,11.672108843537416,3.161904761904762,78.27891156462586,0.9047619047619048
2024,20,Buenos Aires,2024-05-13,6,20689665,576,2.7839986776006285,8.027210884353742,0.980952380952381,77.08843537414967,0.2857142857142857
2024,21,Buenos Aires,2024-05-20,6,20689665,219,1.0584994972127388,8.391836734693877,0.5047619047619047,77.0204081632653,0.1428571428571428
2024,22,Buenos Aires,2024-05-27,6,20689665,75,0.3624998278125818,10.208843537414968,1.2476190476190476,80.74829931972789,0.238095238095238
2024,23,Buenos Aires,2024-06-03,6,20689665,29,0.14016660008753162,12.73061224489796,5.652380952380953,81.82312925170068,1.0
2024,24,Buenos Aires,2024-06-10,6,20689665,23,0.11116661386252508,14.110884353741495,0.1619047619047619,77.87074829931973,0.0
2024,25,Buenos Aires,2024-06-17,6,20689665,11,0.053166641412512,11.396598639455782,20.728571428571428,82.28571428571429,2.1904761904761907
2024,26,Buenos Aires,2024-06-24,6,20689665,7,0.033833317262507635,6.910884353741497,2.261904761904762,73.25850340136054,0.4285714285714285
2024,27,Buenos Aires,2024-07-01,6,20689665,0,0.0,5.6959183673469385,0.1333333333333333,66.96598639455782,0.0
2024,28,Buenos Aires,2024-07-08,6,20689665,1,0.0048333310375010905,3.1442176870748297,0.0,72.12925170068027,0.0
2024,29,Buenos Aires,2024-07-15,6,20689665,0,0.0,9.108163265306125,1.8380952380952384,79.45578231292517,0.5238095238095238
2024,30,Buenos Aires,2024-07-22,6,20689665,0,0.0,10.540136054421769,1.7047619047619047,70.03401360544218,0.2857142857142857
2024,31,Buenos Aires,2024-07-29,6,20689665,0,0.0,12.702721088435377,14.795238095238094,67.06122448979592,1.0952380952380951
2024,32,Buenos Aires,2024-08-05,6,20689665,0,0.0,9.421768707482991,18.19047619047619,76.31292517006803,2.095238095238096
2024,33,Buenos Aires,2024-08-12,6,20689665,0,0.0,10.174149659863945,0.1333333333333333,73.91836734693877,0.0476190476190476
2024,34,Buenos Aires,2024-08-19,6,20689665,1,0.0048333310375010905,7.5421768707483,15.061904761904762,80.6734693877551,1.761904761904762
2024,35,Buenos Aires,2024-08-26,6,20689665,0,0.0,10.214965986394557,41.1,76.843537414966,1.4761904761904765
2024,36,Buenos Aires,2024-09-02,6,20689665,1,0.0048333310375010905,12.97687074829932,0.0952380952380952,61.993197278911566,0.0476190476190476
2024,37,Buenos Aires,2024-09-09,6,20689665,0,0.0,12.84013605442177,2.523809523809524,70.02721088435375,0.5238095238095238
2024,38,Buenos Aires,2024-09-16,6,20689665,0,0.0,17.110884353741497,16.428571428571427,65.46938775510205,1.2857142857142858
2024,39,Buenos Aires,2024-09-23,6,20689665,0,0.0,15.695238095238096,2.071428571428572,63.21768707482994,0.3809523809523809
2024,40,Buenos Aires,2024-09-30,6,20689665,0,0.0,15.491836734693877,1.5761904761904764,64.04081632653062,0.1428571428571428
2024,41,Buenos Aires,2024-10-07,6,20689665,1,0.0048333310375010905,16.45578231292517,2.8285714285714283,71.82993197278913,0.6190476190476191
2024,42,Buenos Aires,2024-10-14,6,20689665,3,0.01449999311250327,19.86326530612245,10.485714285714286,70.61904761904762,1.1428571428571428
2024,43,Buenos Aires,2024-10-21,6,20689665,2,0.009666662075002181,18.597278911564626,33.80952380952381,69.3061224489796,2.1904761904761907
2024,44,Buenos Aires,2024-10-28,6,20689665,1,0.0048333310375010905,22.60204081632653,46.62857142857143,63.97278911564625,1.7142857142857142
2024,45,Buenos Aires,2024-11-04,6,20689665,2,0.009666662075002181,19.01292517006803,29.77142857142857,66.76190476190476,2.333333333333333
2024,46,Buenos Aires,2024-11-11,6,20689665,0,0.0,19.798639455782315,31.323809523809523,61.02721088435375,1.7142857142857142
2024,47,Buenos Aires,2024-11-18,6,20689665,1,0.0048333310375010905,20.737414965986392,16.538095238095238,67.9047619047619,1.0952380952380951
2024,48,Buenos Aires,2024-11-25,6,20689665,1,0.0048333310375010905,20.641496598639456,63.36666666666667,72.75510204081633,4.523809523809524
2024,49,Buenos Aires,2024-12-02,6,20689665,4,0.019333324150004362,18.024489795918367,7.8047619047619055,58.22448979591837,1.0
2024,50,Buenos Aires,2024-12-09,6,20689665,2,0.009666662075002181,22.34557823129252,10.247619047619049,61.91156462585034,1.0952380952380951
2024,51,Buenos Aires,2024-12-16,6,20689665,1,0.0048333310375010905,21.762585034013608,2.761904761904762,58.61224489795919,0.4285714285714285
2024,52,Buenos Aires,2024-12-23,6,20689665,0,0.0,21.017006802721088,10.428571428571429,64.36054421768708,1.0
2025,1,Buenos Aires,2024-12-30,6,20689665,0,0.0,22.654421768707483,10.2,61.4421768707483,0.8571428571428571
2025,2,Buenos Aires,2025-01-06,6,20689665,4,0.019333324150004362,24.708843537414964,2.5666666666666664,60.23809523809524,0.1904761904761904
2025,3,Buenos Aires,2025-01-13,6,20689665,2,0.009666662075002181,25.59047619047619,12.257142857142856,58.82993197278912,0.7619047619047619
2025,4,Buenos Aires,2025-01-20,6,20689665,2,0.009666662075002181,25.6578231292517,11.028571428571428,55.43537414965986,1.0476190476190477
2025,5,Buenos Aires,2025-01-27,6,20689665,4,0.019333324150004362,25.6578231292517,7.480952380952381,60.72108843537415,0.9047619047619048
2025,6,Buenos Aires,2025-02-03,6,20689665,10,0.04833331037501091,24.77551020408163,46.29047619047619,66.97052154195012,2.0476190476190474
2025,7,Buenos Aires,2025-02-10,6,20689665,16,0.07733329660001745,23.23469387755102,22.9,65.91836734693877,2.0476190476190474
2025,8,Buenos Aires,2025-02-17,6,20689665,20,0.09666662075002182,24.1,43.72380952380953,65.08843537414967,1.5714285714285714
2025,9,Buenos Aires,2025-02-24,6,20689665,18,0.08699995867501964,23.246938775510205,80.75238095238095,81.38775510204081,2.8095238095238093
2025,10,Buenos Aires,2025-03-03,6,20689665,34,0.1643332552750371,22.43061224489796,110.3190476190476,81.02607709750566,3.761904761904762
2025,11,Buenos Aires,2025-03-10,6,20689665,78,0.37699982092508505,17.3312925170068,2.261904761904762,72.02721088435375,0.5238095238095238
2025,12,Buenos Aires,2025-03-17,6,20689665,62,0.29966652432506763,22.242857142857144,23.80952380952381,76.54421768707483,1.809523809523809
2025,13,Buenos Aires,2025-03-24,6,20689665,77,0.37216648988758394,19.589795918367347,36.25238095238095,79.5986394557823,2.142857142857143
2025,14,Buenos Aires,2025-03-31,6,20689665,90,0.4349997933750982,14.05442176870748,0.7142857142857143,71.96598639455782,0.1428571428571428
2025,15,Buenos Aires,2025-04-07,6,20689665,61,0.2948331932875665,17.921768707482993,22.561904761904763,81.04761904761905,1.4285714285714286
2025,16,Buenos Aires,2025-04-14,6,20689665,60,0.2899998622500654,13.549659863945578,29.080952380952382,81.48299319727892,2.142857142857143
2025,17,Buenos Aires,2025-04-21,6,20689665,43,0.20783323461254688,16.163945578231292,17.052380952380954,73.89115646258503,0.9523809523809524
2025,18,Buenos Aires,2025-04-28,6,20689665,42,0.2029999035750458,15.943537414965984,20.1,74.36734693877551,0.5238095238095238
2025,19,Buenos Aires,2025-05-05,6,20689665,25,0.12083327593752727,15.25578231292517,15.795238095238094,79.94557823129252,1.5714285714285714
2025,20,Buenos Aires,2025-05-12,6,20689665,14,0.06766663452501527,16.447619047619046,85.07142857142857,81.2312925170068,2.333333333333333
2025,21,Buenos Aires,2025-05-19,6,20689665,12,0.05799997245001308,10.955102040816326,3.3285714285714287,79.8639455782313,0.9523809523809524
2025,22,Buenos Aires,2025-05-26,6,20689665,1,0.0048333310375010905,9.606122448979592,31.452380952380956,77.52380952380952,1.380952380952381
2025,23,Buenos Aires,2025-06-02,6,20689665,2,0.009666662075002181,9.983673469387757,0.0,79.19727891156462,0.0
2025,24,Buenos Aires,2025-06-09,6,20689665,2,0.009666662075002181,8.993197278911564,11.342857142857142,81.78911564625851,1.1904761904761905
2025,25,Buenos Aires,2025-06-16,6,20689665,0,0.0,8.843537414965986,4.157142857142857,79.87074829931973,0.5714285714285714
2025,26,Buenos Aires,2025-06-23,6,20689665,1,0.0048333310375010905,5.771428571428571,2.6,67.60544217687075,0.3809523809523809
2025,27,Buenos Aires,2025-06-30,6,20689665,1,0.0048333310375010905,5.390136054421769,5.857142857142857,77.11904761904762,0.6190476190476191
2025,28,Buenos Aires,2025-07-07,6,20689665,1,0.0048333310375010905,10.66190476190476,14.857142857142858,89.91156462585033,1.0
2025,29,Buenos Aires,2025-07-14,6,20689665,0,0.0,10.77482993197279,28.52857142857143,80.78231292517007,1.4761904761904765
2025,30,Buenos Aires,2025-07-21,6,20689665,0,0.0,8.548979591836735,4.133333333333333,81.156462585034,0.8095238095238095
2025,31,Buenos Aires,2025-07-28,6,20689665,1,0.0048333310375010905,11.731972789115646,18.395238095238096,75.68027210884354,1.6666666666666667
2025,32,Buenos Aires,2025-08-04,6,20689665,1,0.0048333310375010905,8.22312925170068,0.5809523809523809,75.5986394557823,0.0952380952380952
2025,33,Buenos Aires,2025-08-11,6,20689665,0,0.0,9.705442176870749,0.1666666666666666,75.39455782312925,0.0
2025,34,Buenos Aires,2025-08-18,6,20689665,0,0.0,12.142857142857142,58.219047619047615,74.00680272108843,2.619047619047619
2025,35,Buenos Aires,2025-08-25,6,20689665,1,0.0048333310375010905,14.45714285714286,39.52857142857143,78.36054421768708,1.380952380952381
2025,36,Buenos Aires,2025-09-01,6,20689665,0,0.0,9.559863945578233,4.609523809523809,72.421768707483,0.9047619047619048
2025,37,Buenos Aires,2025-09-08,6,20689665,0,0.0,14.514965986394555,2.4095238095238094,68.08163265306123,0.3809523809523809
2025,38,Buenos Aires,2025-09-15,6,20689665,0,0.0,15.808843537414964,54.01428571428571,84.27891156462586,2.8095238095238093
2025,39,Buenos Aires,2025-09-22,6,20689665,0,0.0,13.260544217687077,26.58571428571429,73.46938775510205,1.619047619047619
2025,40,Buenos Aires,2025-09-29,6,20689665,0,0.0,17.937414965986395,26.34761904761905,72.73469387755102,1.2857142857142858
2025,41,Buenos Aires,2025-10-06,6,20689665,0,0.0,16.861904761904764,22.614285714285717,67.3265306122449,1.5714285714285714
2025,42,Buenos Aires,2025-10-13,6,20689665,0,0.0,17.552380952380954,2.8904761904761904,65.87074829931973,0.5714285714285714
2018,1,Catamarca,2018-01-01,10,429556,0,0.0,27.47142857142857,12.5,50.92857142857143,1.5
2018,2,Catamarca,2018-01-08,10,429556,0,0.0,26.435714285714283,25.0,56.42857142857143,2.5
2018,3,Catamarca,2018-01-15,10,429556,0,0.0,26.892857142857142,1.5,49.14285714285714,0.5
2018,4,Catamarca,2018-01-22,10,429556,0,0.0,26.507142857142856,54.5,61.57142857142857,2.0
2018,5,Catamarca,2018-01-29,10,429556,0,0.0,27.17142857142857,10.5,60.35714285714285,1.5
2018,6,Catamarca,2018-02-05,10,429556,0,0.0,28.52857142857143,0.45,49.5,0.0
2018,7,Catamarca,2018-02-12,10,429556,0,0.0,25.192857142857143,33.0,57.92857142857143,1.5
2018,8,Catamarca,2018-02-19,10,429556,0,0.0,25.34285714285714,1.0,59.21428571428571,0.0
2018,9,Catamarca,2018-02-26,10,429556,0,0.0,25.228571428571428,16.15,55.21428571428572,1.5
2018,10,Catamarca,2018-03-05,10,429556,0,0.0,25.285714285714285,2.75,50.39285714285714,0.5
2018,11,Catamarca,2018-03-12,10,429556,0,0.0,25.35714285714285,0.0,38.57142857142857,0.0
2018,12,Catamarca,2018-03-19,10,429556,0,0.0,23.32857142857143,0.25,34.857142857142854,0.0
2018,13,Catamarca,2018-03-26,10,429556,0,0.0,23.40714285714286,0.8,48.35714285714286,0.0
2018,14,Catamarca,2018-04-02,10,429556,0,0.0,22.84285714285714,0.5,53.21428571428572,0.0
2018,15,Catamarca,2018-04-09,10,429556,0,0.0,20.99285714285714,0.5,61.42857142857143,0.0
2018,16,Catamarca,2018-04-16,10,429556,0,0.0,24.67142857142857,0.0,55.85714285714286,0.0
2018,17,Catamarca,2018-04-23,10,429556,0,0.0,23.842857142857145,0.0,60.57142857142857,0.0
2018,18,Catamarca,2018-04-30,10,429556,0,0.0,20.428571428571427,5.2,72.35714285714286,0.5
2018,19,Catamarca,2018-05-07,10,429556,0,0.0,18.664285714285715,6.0,67.57142857142858,1.0
2018,20,Catamarca,2018-05-14,10,429556,0,0.0,14.892857142857142,1.05,68.85714285714286,0.5
2018,21,Catamarca,2018-05-21,10,429556,0,0.0,14.2,0.0,59.0,0.0
2018,22,Catamarca,2018-05-28,10,429556,0,0.0,11.0,4.25,72.0,1.5
2018,23,Catamarca,2018-06-04,10,429556,0,0.0,10.792857142857144,0.0,57.64285714285714,0.0
2018,24,Catamarca,2018-06-11,10,429556,0,0.0,8.407142857142858,0.0,52.5,0.0
2018,25,Catamarca,2018-06-18,10,429556,0,0.0,11.6,0.0,49.85714285714286,0.0
2018,26,Catamarca,2018-06-25,10,429556,0,0.0,11.764285714285714,0.0,53.5,0.0
2018,27,Catamarca,2018-07-02,10,429556,0,0.0,8.042857142857143,2.9,77.5,1.0
2019,1,Catamarca,2018-12-31,10,429556,0,0.0,27.75714285714286,25.5,55.64285714285714,1.5
2019,2,Catamarca,2019-01-07,10,429556,0,0.0,25.450000000000003,7.25,55.07142857142857,1.5
2019,3,Catamarca,2019-01-14,10,429556,0,0.0,23.38571428571429,13.0,66.14285714285714,1.5
2019,4,Catamarca,2019-01-21,10,429556,0,0.0,30.72142857142857,26.85,51.57142857142857,1.5
2019,5,Catamarca,2019-01-28,10,429556,0,0.0,26.292857142857144,80.2,68.28571428571428,3.0
2019,6,Catamarca,2019-02-04,10,429556,0,0.0,27.685714285714283,7.8,53.285714285714285,0.5
2019,7,Catamarca,2019-02-11,10,429556,0,0.0,23.614285714285717,12.5,57.57142857142857,1.0
2019,8,Catamarca,2019-02-18,10,429556,0,0.0,30.85,1.25,47.785714285714285,0.5
2019,9,Catamarca,2019-02-25,10,429556,0,0.0,25.37142857142857,7.0,55.07142857142857,0.5
2019,10,Catamarca,2019-03-04,10,429556,0,0.0,22.764285714285712,40.4,67.07142857142857,2.0
2019,11,Catamarca,2019-03-11,10,429556,0,0.0,21.857142857142858,11.5,64.71428571428571,1.0
2019,12,Catamarca,2019-03-18,10,429556,0,0.0,20.8,8.5,61.14285714285714,0.5
2019,13,Catamarca,2019-03-25,10,429556,0,0.0,20.92857142857143,2.0,66.92857142857143,0.5
2019,14,Catamarca,2019-04-01,10,429556,0,0.0,22.01428571428572,46.5,65.71428571428572,2.0
2019,15,Catamarca,2019-04-08,10,429556,0,0.0,22.02857142857143,0.0,57.64285714285714,0.0
2019,16,Catamarca,2019-04-15,10,429556,0,0.0,21.935714285714283,6.5,66.35714285714286,0.5
2019,17,Catamarca,2019-04-22,10,429556,0,0.0,16.75,2.0,75.64285714285714,0.5
2019,18,Catamarca,2019-04-29,10,429556,0,0.0,18.57142857142857,0.0,71.14285714285714,0.0
2019,19,Catamarca,2019-05-06,10,429556,0,0.0,18.05,0.55,69.78571428571428,0.0
2019,20,Catamarca,2019-05-13,10,429556,0,0.0,16.835714285714285,0.0,59.85714285714286,0.0
2019,21,Catamarca,2019-05-20,10,429556,0,0.0,10.407142857142858,3.4,66.28571428571428,0.5
2019,22,Catamarca,2019-05-27,10,429556,0,0.0,12.271428571428572,0.1,68.35714285714286,0.0
2019,23,Catamarca,2019-06-03,10,429556,0,0.0,13.55,0.25,63.35714285714286,0.0
2019,24,Catamarca,2019-06-10,10,429556,0,0.0,12.321428571428571,0.3,67.5,0.0
2019,25,Catamarca,2019-06-17,10,429556,0,0.0,10.04285714285714,0.0,58.64285714285714,0.0
2019,26,Catamarca,2019-06-24,10,429556,0,0.0,11.492857142857144,0.0,52.35714285714285,0.0
2019,27,Catamarca,2019-07-01,10,429556,0,0.0,10.835714285714284,0.0,57.5,0.0
2019,28,Catamarca,2019-07-08,10,429556,0,0.0,12.085714285714284,0.0,63.71428571428572,0.0
2019,29,Catamarca,2019-07-15,10,429556,0,0.0,14.635714285714286,0.0,55.21428571428572,0.0
2019,30,Catamarca,2019-07-22,10,429556,0,0.0,10.935714285714289,1.15,50.142857142857146,0.5
2019,31,Catamarca,2019-07-29,10,429556,0,0.0,12.79285714285714,0.0,45.5,0.0
2019,32,Catamarca,2019-08-05,10,429556,0,0.0,12.435714285714289,0.0,34.14285714285714,0.0
2019,33,Catamarca,2019-08-12,10,429556,0,0.0,13.9,0.0,42.5,0.0
2019,34,Catamarca,2019-08-19,10,429556,0,0.0,15.807142857142855,0.0,46.35714285714285,0.0
2019,35,Catamarca,2019-08-26,10,429556,0,0.0,20.77142857142857,0.0,38.92857142857143,0.0
2019,36,Catamarca,2019-09-02,10,429556,0,0.0,14.285714285714285,0.0,44.642857142857146,0.0
2019,37,Catamarca,2019-09-09,10,429556,0,0.0,17.038095238095238,6.5,49.57142857142857,1.0
2019,38,Catamarca,2019-09-16,10,429556,0,0.0,17.728571428571428,0.0,35.14285714285714,0.0
2019,39,Catamarca,2019-09-23,10,429556,0,0.0,25.114285714285717,0.0,28.785714285714285,0.0
2019,40,Catamarca,2019-09-30,10,429556,0,0.0,20.13571428571429,0.0,39.285714285714285,0.0
2019,41,Catamarca,2019-10-07,10,429556,0,0.0,27.17857142857143,6.5,35.14285714285714,1.0
2019,42,Catamarca,2019-10-14,10,429556,0,0.0,16.32857142857143,5.25,66.14285714285714,1.5
2019,43,Catamarca,2019-10-21,10,429556,0,0.0,26.464285714285715,0.0,35.214285714285715,0.0
2019,44,Catamarca,2019-10-28,10,429556,0,0.0,26.557142857142857,9.0,48.85714285714286,0.5
2019,45,Catamarca,2019-11-04,10,429556,0,0.0,26.9,0.0,46.5,0.0
2019,46,Catamarca,2019-11-11,10,429556,0,0.0,29.25714285714286,2.55,44.57142857142857,0.5
2019,47,Catamarca,2019-11-18,10,429556,0,0.0,29.442857142857143,0.5,46.5,0.0
2019,48,Catamarca,2019-11-25,10,429556,0,0.0,26.792857142857144,2.75,46.78571428571429,0.5
2019,49,Catamarca,2019-12-02,10,429556,0,0.0,25.114285714285717,12.6,48.5,1.0
2019,50,Catamarca,2019-12-09,10,429556,0,0.0,28.99285714285714,0.0,38.14285714285714,0.0
2019,51,Catamarca,2019-12-16,10,429556,0,0.0,28.200000000000003,0.0,39.35714285714286,0.0
2019,52,Catamarca,2019-12-23,10,429556,0,0.0,30.15,25.5,41.71428571428572,1.0
2020,1,Catamarca,2019-12-30,10,429556,0,0.0,29.6,8.25,49.42857142857143,1.0
2020,2,Catamarca,2020-01-06,10,429556,0,0.0,29.40714285714286,9.5,48.85714285714286,1.5
2020,3,Catamarca,2020-01-13,10,429556,0,0.0,28.38571428571429,53.0,56.92857142857143,1.0
2020,4,Catamarca,2020-01-20,10,429556,0,0.0,29.57142857142857,15.5,52.28571428571429,1.5
2020,5,Catamarca,2020-01-27,10,429556,0,0.0,27.442857142857143,5.05,48.28571428571429,1.0
2020,6,Catamarca,2020-02-03,10,429556,0,0.0,27.478571428571428,21.5,61.28571428571428,2.5
2020,7,Catamarca,2020-02-10,10,429556,1,0.23279851753904032,26.364285714285717,0.5,60.71428571428572,0.0
2020,8,Catamarca,2020-02-17,10,429556,5,1.1639925876952015,23.3,10.0,65.21428571428571,1.5
2020,9,Catamarca,2020-02-24,10,429556,11,2.5607836929294434,27.142857142857142,0.0,51.92857142857143,0.0
2020,10,Catamarca,2020-03-02,10,429556,11,2.5607836929294434,29.978571428571428,0.0,41.71428571428571,0.0
2020,11,Catamarca,2020-03-09,10,429556,43,10.010336254178734,28.978571428571428,18.0,54.92857142857143,2.0
2020,12,Catamarca,2020-03-16,10,429556,70,16.295896227732822,25.88571428571429,2.5,58.35714285714286,0.5
2020,13,Catamarca,2020-03-23,10,429556,50,11.639925876952015,24.57857142857143,22.5,57.0,0.5
2020,14,Catamarca,2020-03-30,10,429556,30,6.983955526171209,22.31428571428572,14.1,69.14285714285714,1.0
2020,15,Catamarca,2020-04-06,10,429556,12,2.7935822104684838,20.392857142857142,0.5,57.5,0.0
2020,16,Catamarca,2020-04-13,10,429556,15,3.4919777630856044,21.15714285714286,0.0,48.92857142857143,0.0
2020,17,Catamarca,2020-04-20,10,429556,30,6.983955526171209,23.65714285714286,0.0,55.42857142857143,0.0
2020,18,Catamarca,2020-04-27,10,429556,25,5.819962938476007,19.87857142857143,0.45,64.14285714285714,0.0
2020,19,Catamarca,2020-05-04,10,429556,7,1.629589622773282,16.75,0.0,57.07142857142857,0.0
2020,20,Catamarca,2020-05-11,10,429556,9,2.0951866578513627,16.607142857142858,0.0,48.64285714285714,0.0
2020,21,Catamarca,2020-05-18,10,429556,5,1.1639925876952015,14.142857142857142,0.5,56.35714285714286,0.0
2020,22,Catamarca,2020-05-25,10,429556,2,0.46559703507808065,13.878571428571428,0.0,50.71428571428572,0.0
2020,23,Catamarca,2020-06-01,10,429556,0,0.0,10.842857142857142,0.4,56.21428571428572,0.0
2020,24,Catamarca,2020-06-08,10,429556,0,0.0,14.321428571428571,0.0,53.57142857142857,0.0
2020,25,Catamarca,2020-06-15,10,429556,0,0.0,13.685714285714289,0.0,46.20238095238095,0.0
2020,26,Catamarca,2020-06-22,10,429556,0,0.0,11.414285714285716,0.8,58.285714285714285,0.5
2020,27,Catamarca,2020-06-29,10,429556,0,0.0,11.07857142857143,0.0,48.71428571428571,0.0
2020,28,Catamarca,2020-07-06,10,429556,0,0.0,9.928571428571429,0.0,51.285714285714285,0.0
2020,29,Catamarca,2020-07-13,10,429556,0,0.0,11.635714285714286,0.0,52.57142857142857,0.0
2020,30,Catamarca,2020-07-20,10,429556,0,0.0,10.007142857142856,2.75,57.42857142857143,1.0
2020,31,Catamarca,2020-07-27,10,429556,0,0.0,11.951190476190476,0.0,38.30952380952381,0.0
2020,32,Catamarca,2020-08-03,10,429556,0,0.0,16.807142857142857,0.0,45.35714285714286,0.0
2020,33,Catamarca,2020-08-10,10,429556,0,0.0,13.85,0.0,32.92857142857143,0.0
2020,34,Catamarca,2020-08-17,10,429556,0,0.0,12.835714285714284,0.0,33.285714285714285,0.0
2020,35,Catamarca,2020-08-24,10,429556,0,0.0,17.7,0.0,38.0,0.0
2020,36,Catamarca,2020-08-31,10,429556,0,0.0,14.378571428571428,0.0,44.64285714285714,0.0
2020,37,Catamarca,2020-09-07,10,429556,0,0.0,20.392857142857142,0.0,42.14285714285714,0.0
2020,38,Catamarca,2020-09-14,10,429556,0,0.0,20.614285714285717,0.0,25.714285714285715,0.0
2020,39,Catamarca,2020-09-21,10,429556,0,0.0,22.87142857142857,0.0,31.07142857142857,0.0
2020,40,Catamarca,2020-09-28,10,429556,0,0.0,22.621428571428574,0.0,29.0,0.0
2020,41,Catamarca,2020-10-05,10,429556,0,0.0,23.62142857142857,0.0,33.57142857142857,0.0
2020,42,Catamarca,2020-10-12,10,429556,0,0.0,25.75714285714286,1.65,35.5,0.5
2020,43,Catamarca,2020-10-19,10,429556,0,0.0,25.81428571428572,24.0,52.28571428571429,1.0
2020,44,Catamarca,2020-10-26,10,429556,0,0.0,23.714285714285715,0.0,32.42857142857143,0.0
2020,45,Catamarca,2020-11-02,10,429556,0,0.0,27.56428571428572,0.0,30.35714285714285,0.0
2020,46,Catamarca,2020-11-09,10,429556,0,0.0,25.692857142857143,5.5,50.5,1.0
2020,47,Catamarca,2020-11-16,10,429556,0,0.0,24.778571428571425,17.0,48.85714285714286,1.0
2020,48,Catamarca,2020-11-23,10,429556,0,0.0,29.957142857142856,21.9,43.92857142857143,1.0
2020,49,Catamarca,2020-11-30,10,429556,0,0.0,24.42142857142857,14.0,51.5,1.5
2020,50,Catamarca,2020-12-07,10,429556,0,0.0,30.52857142857143,0.0,38.71428571428572,0.0
2020,51,Catamarca,2020-12-14,10,429556,0,0.0,29.3,0.0,39.42857142857143,0.0
2020,52,Catamarca,2020-12-21,10,429556,0,0.0,30.08690476190476,3.5,43.0,1.0
2020,53,Catamarca,2020-12-28,10,429556,0,0.0,29.35,1.7,49.71428571428572,0.5
2021,1,Catamarca,2021-01-04,10,429556,0,0.0,26.664285714285715,14.349999999999998,55.85714285714286,1.0
2021,2,Catamarca,2021-01-11,10,429556,0,0.0,27.085714285714285,28.05,58.35714285714286,1.5
2021,3,Catamarca,2021-01-18,10,429556,0,0.0,29.192857142857143,5.0,42.0,0.5
2021,4,Catamarca,2021-01-25,10,429556,0,0.0,28.228571428571428,0.2,52.78571428571429,0.0
2021,5,Catamarca,2021-02-01,10,429556,0,0.0,24.735714285714284,8.25,60.57142857142857,1.0
2021,6,Catamarca,2021-02-08,10,429556,0,0.0,23.464285714285715,43.75,64.5,2.0
2021,7,Catamarca,2021-02-15,10,429556,0,0.0,26.40714285714286,0.5,57.07142857142857,0.0
2021,8,Catamarca,2021-02-22,10,429556,0,0.0,28.292857142857144,4.6,59.0,1.0
2021,9,Catamarca,2021-03-01,10,429556,0,0.0,25.807142857142857,39.0,63.71428571428572,1.5
2021,10,Catamarca,2021-03-08,10,429556,0,0.0,25.835714285714285,19.5,64.85714285714286,2.0
2021,11,Catamarca,2021-03-15,10,429556,0,0.0,20.485714285714284,3.75,76.0,1.0
2021,12,Catamarca,2021-03-22,10,429556,0,0.0,20.90714285714286,2.85,67.85714285714286,1.0
2021,13,Catamarca,2021-03-29,10,429556,0,0.0,22.978571428571428,0.0,56.0,0.0
2021,14,Catamarca,2021-04-05,10,429556,0,0.0,22.692857142857143,9.9,67.85714285714286,0.5
2021,15,Catamarca,2021-04-12,10,429556,0,0.0,22.82857142857143,0.0,58.85714285714286,0.0
2021,16,Catamarca,2021-04-19,10,429556,0,0.0,22.728571428571428,11.0,58.71428571428572,0.5
2021,17,Catamarca,2021-04-26,10,429556,1,0.23279851753904032,20.335714285714285,0.0,57.0,0.0
2021,18,Catamarca,2021-05-03,10,429556,1,0.23279851753904032,14.514285714285714,7.0,74.14285714285714,1.0
2021,19,Catamarca,2021-05-10,10,429556,1,0.23279851753904032,15.792857142857144,0.15,67.85714285714286,0.0
2021,20,Catamarca,2021-05-17,10,429556,0,0.0,15.6,0.0,63.07142857142857,0.0
2021,21,Catamarca,2021-05-24,10,429556,0,0.0,15.42142857142857,0.0,51.07142857142857,0.0
2021,22,Catamarca,2021-05-31,10,429556,0,0.0,16.192857142857143,0.0,58.14285714285714,0.0
2021,23,Catamarca,2021-06-07,10,429556,0,0.0,14.264285714285714,0.0,60.14285714285714,0.0
2021,24,Catamarca,2021-06-14,10,429556,0,0.0,7.835714285714285,3.0,70.42857142857143,1.0
2021,25,Catamarca,2021-06-21,10,429556,0,0.0,9.642857142857144,2.5,63.21428571428572,0.5
2021,26,Catamarca,2021-06-28,10,429556,0,0.0,8.671428571428573,0.0,48.71428571428572,0.0
2021,27,Catamarca,2021-07-05,10,429556,0,0.0,14.735714285714288,0.0,48.64285714285714,0.0
2021,28,Catamarca,2021-07-12,10,429556,0,0.0,12.257142857142858,0.0,54.142857142857146,0.0
2021,29,Catamarca,2021-07-19,10,429556,0,0.0,13.185714285714283,0.0,43.07142857142857,0.0
2021,30,Catamarca,2021-07-26,10,429556,0,0.0,10.192857142857145,0.0,44.92857142857143,0.0
2022,1,Catamarca,2022-01-03,10,429556,0,0.0,30.007142857142856,8.65,44.785714285714285,1.0
2022,2,Catamarca,2022-01-10,10,429556,0,0.0,33.94285714285714,0.0,32.642857142857146,0.0
2022,3,Catamarca,2022-01-17,10,429556,0,0.0,27.064285714285717,57.25,63.14285714285714,2.5
2022,4,Catamarca,2022-01-24,10,429556,1,0.23279851753904032,25.714285714285715,38.25,63.785714285714285,3.0
2022,5,Catamarca,2022-01-31,10,429556,0,0.0,25.628571428571423,1.0,55.57142857142857,0.0
2022,6,Catamarca,2022-02-07,10,429556,0,0.0,24.47142857142857,28.75,57.64285714285714,1.0
2022,7,Catamarca,2022-02-14,10,429556,0,0.0,27.4,5.5,54.35714285714286,1.0
2022,8,Catamarca,2022-02-21,10,429556,0,0.0,26.57142857142857,3.0,60.78571428571429,1.0
2022,9,Catamarca,2022-02-28,10,429556,0,0.0,26.692857142857143,16.5,61.78571428571428,1.0
2022,10,Catamarca,2022-03-07,10,429556,0,0.0,23.07142857142857,22.0,67.57142857142857,2.5
2022,11,Catamarca,2022-03-14,10,429556,0,0.0,23.185714285714283,0.5,57.42857142857143,0.0
2022,12,Catamarca,2022-03-21,10,429556,1,0.23279851753904032,21.700000000000003,0.0,51.35714285714286,0.0
2022,13,Catamarca,2022-03-28,10,429556,0,0.0,20.15714285714286,0.0,55.35714285714286,0.0
2022,14,Catamarca,2022-04-04,10,429556,0,0.0,23.24285714285714,0.0,61.285714285714285,0.0
2022,15,Catamarca,2022-04-11,10,429556,0,0.0,19.84285714285714,15.55,58.71428571428572,0.5
2022,16,Catamarca,2022-04-18,10,429556,0,0.0,20.864285714285717,0.0,53.21428571428572,0.0
2022,17,Catamarca,2022-04-25,10,429556,0,0.0,19.714285714285715,0.0,50.142857142857146,0.0
2022,18,Catamarca,2022-05-02,10,429556,0,0.0,16.607142857142858,0.0,52.142857142857146,0.0
2022,19,Catamarca,2022-05-09,10,429556,0,0.0,16.950000000000003,3.5,64.5,1.0
2022,20,Catamarca,2022-05-16,10,429556,0,0.0,12.55,0.25,61.21428571428572,0.0
2022,21,Catamarca,2022-05-23,10,429556,0,0.0,12.808333333333334,0.0,62.73809523809524,0.0
2022,22,Catamarca,2022-05-30,10,429556,0,0.0,9.057142857142855,0.0,62.57142857142857,0.0
2022,23,Catamarca,2022-06-06,10,429556,0,0.0,12.764285714285716,0.0,55.35714285714286,0.0
2022,24,Catamarca,2022-06-13,10,429556,0,0.0,10.628571428571428,0.0,49.21428571428572,0.0
2022,25,Catamarca,2022-06-20,10,429556,0,0.0,8.1,0.0,61.85714285714286,0.0
2022,26,Catamarca,2022-06-27,10,429556,0,0.0,10.778571428571428,0.0,58.07142857142857,0.0
2022,27,Catamarca,2022-07-04,10,429556,0,0.0,14.685714285714283,0.0,42.42857142857143,0.0
2022,28,Catamarca,2022-07-11,10,429556,0,0.0,9.278571428571428,3.5,48.5,0.5
2022,29,Catamarca,2022-07-18,10,429556,0,0.0,13.178571428571429,0.0,53.35714285714286,0.0
2022,30,Catamarca,2022-07-25,10,429556,0,0.0,15.278571428571428,0.0,59.42857142857143,0.0
2022,31,Catamarca,2022-08-01,10,429556,0,0.0,13.607142857142856,0.1,53.85714285714286,0.0
2022,32,Catamarca,2022-08-08,10,429556,0,0.0,13.521428571428572,0.0,50.0,0.0
2022,33,Catamarca,2022-08-15,10,429556,0,0.0,14.357142857142858,0.0,32.857142857142854,0.0
2022,34,Catamarca,2022-08-22,10,429556,0,0.0,17.771428571428572,0.0,35.07142857142857,0.0
2022,35,Catamarca,2022-08-29,10,429556,0,0.0,15.614285714285714,0.0,33.642857142857146,0.0
2022,36,Catamarca,2022-09-05,10,429556,0,0.0,18.27142857142857,0.0,27.5,0.0
2022,37,Catamarca,2022-09-12,10,429556,0,0.0,20.107142857142858,0.0,30.714285714285715,0.0
2022,38,Catamarca,2022-09-19,10,429556,0,0.0,16.628571428571426,0.0,42.71428571428571,0.0
2022,39,Catamarca,2022-09-26,10,429556,0,0.0,18.15,30.0,56.42857142857143,2.0
2022,40,Catamarca,2022-10-03,10,429556,0,0.0,21.37142857142857,0.7,34.85714285714286,0.5
2022,41,Catamarca,2022-10-10,10,429556,0,0.0,20.25,0.0,31.85714285714285,0.0
2022,42,Catamarca,2022-10-17,10,429556,0,0.0,21.378571428571423,2.1,46.57142857142857,0.5
2022,43,Catamarca,2022-10-24,10,429556,0,0.0,27.52142857142857,0.0,29.785714285714285,0.0
2022,44,Catamarca,2022-10-31,10,429556,0,0.0,22.164285714285715,0.0,26.857142857142858,0.0
2022,45,Catamarca,2022-11-07,10,429556,0,0.0,27.02142857142857,3.5,38.57142857142857,0.5
2022,46,Catamarca,2022-11-14,10,429556,0,0.0,29.59285714285714,8.0,34.5,1.0
2022,47,Catamarca,2022-11-21,10,429556,0,0.0,28.607142857142858,0.0,34.35714285714286,0.0
2022,48,Catamarca,2022-11-28,10,429556,0,0.0,27.121428571428574,23.25,45.42857142857143,1.0
2022,49,Catamarca,2022-12-05,10,429556,0,0.0,32.285714285714285,11.5,38.28571428571429,1.0
2022,50,Catamarca,2022-12-12,10,429556,0,0.0,27.871428571428574,25.1,44.07142857142857,0.5
2023,1,Catamarca,2023-01-02,10,429556,0,0.0,28.51428571428572,9.5,37.21428571428571,1.0
2023,2,Catamarca,2023-01-09,10,429556,0,0.0,27.77857142857143,21.5,43.642857142857146,1.0
2023,3,Catamarca,2023-01-16,10,429556,0,0.0,29.72142857142857,9.0,48.0,1.5
2023,4,Catamarca,2023-01-23,10,429556,0,0.0,28.757142857142856,31.200000000000003,56.285714285714285,2.5
2023,5,Catamarca,2023-01-30,10,429556,0,0.0,26.35,50.15,62.57142857142857,2.0
2023,6,Catamarca,2023-02-06,10,429556,0,0.0,30.06428571428572,1.5,46.21428571428572,0.5
2023,7,Catamarca,2023-02-13,10,429556,0,0.0,24.9,24.7,53.285714285714285,1.5
2023,8,Catamarca,2023-02-20,10,429556,0,0.0,26.714285714285715,5.6,49.14285714285714,1.5
2023,9,Catamarca,2023-02-27,10,429556,5,1.1639925876952015,28.707142857142856,0.45,45.21428571428572,0.0
2023,10,Catamarca,2023-03-06,10,429556,28,6.518358491093128,29.95714285714286,9.35,48.57142857142857,0.5
2023,11,Catamarca,2023-03-13,10,429556,34,7.915149596327371,28.621428571428574,1.5,52.71428571428571,0.5
2023,12,Catamarca,2023-03-20,10,429556,57,13.2695154997253,26.38571428571429,33.0,62.21428571428572,2.0
2023,13,Catamarca,2023-03-27,10,429556,157,36.54936725362933,24.47142857142857,0.0,59.71428571428572,0.0
2023,14,Catamarca,2023-04-03,10,429556,157,36.54936725362933,23.47142857142857,16.75,60.35714285714286,1.0
2023,15,Catamarca,2023-04-10,10,429556,145,33.75578504316084,20.66428571428571,10.75,66.42857142857143,2.0
2023,16,Catamarca,2023-04-17,10,429556,133,30.962202832692363,18.57857142857143,10.5,61.85714285714285,0.5
2023,17,Catamarca,2023-04-24,10,429556,111,25.840635446833478,20.057142857142857,0.0,62.42857142857143,0.0
2023,18,Catamarca,2023-05-01,10,429556,100,23.27985175390403,15.907142857142858,0.25,56.35714285714286,0.0
2023,19,Catamarca,2023-05-08,10,429556,39,9.079142184022572,18.785714285714285,0.0,59.5,0.0
2023,20,Catamarca,2023-05-15,10,429556,35,8.147948113866411,19.285714285714285,0.25,62.71428571428572,0.0
2023,21,Catamarca,2023-05-22,10,429556,35,8.147948113866411,16.542857142857144,4.4,70.71428571428572,1.0
2023,22,Catamarca,2023-05-29,10,429556,18,4.190373315702725,14.599999999999998,0.0,71.21428571428572,0.0
2023,23,Catamarca,2023-06-05,10,429556,11,2.5607836929294434,15.5,0.0,60.35714285714286,0.0
2023,24,Catamarca,2023-06-12,10,429556,4,0.9311940701561613,8.428571428571429,0.15,56.42857142857143,0.0
2023,25,Catamarca,2023-06-19,10,429556,0,0.0,12.285714285714285,0.0,63.0,0.0
2023,26,Catamarca,2023-06-26,10,429556,0,0.0,14.142857142857142,0.0,58.142857142857146,0.0
2023,27,Catamarca,2023-07-03,10,429556,0,0.0,14.842857142857142,0.0,62.85714285714286,0.0
2023,28,Catamarca,2023-07-10,10,429556,1,0.23279851753904032,10.0,2.8,73.21428571428572,0.5
2023,29,Catamarca,2023-07-17,10,429556,0,0.0,13.414285714285716,0.0,54.142857142857146,0.0
2023,30,Catamarca,2023-07-24,10,429556,0,0.0,13.764285714285714,0.0,53.21428571428572,0.0
2023,31,Catamarca,2023-07-31,10,429556,0,0.0,18.614285714285717,0.0,52.21428571428571,0.0
2023,32,Catamarca,2023-08-07,10,429556,0,0.0,15.8,0.0,42.21428571428571,0.0
2023,33,Catamarca,2023-08-14,10,429556,0,0.0,18.307142857142857,0.0,42.85714285714286,0.0
2023,34,Catamarca,2023-08-21,10,429556,0,0.0,19.142857142857142,0.0,39.35714285714286,0.0
2023,35,Catamarca,2023-08-28,10,429556,0,0.0,18.228571428571428,0.0,40.285714285714285,0.0
2023,36,Catamarca,2023-09-04,10,429556,0,0.0,17.4,0.0,55.0,0.0
2023,37,Catamarca,2023-09-11,10,429556,1,0.23279851753904032,22.31428571428571,0.0,28.0,0.0
2023,38,Catamarca,2023-09-18,10,429556,0,0.0,22.200000000000003,0.0,40.5,0.0
2023,39,Catamarca,2023-09-25,10,429556,0,0.0,20.6,1.0,43.35714285714286,0.5
2023,40,Catamarca,2023-10-02,10,429556,0,0.0,22.192857142857143,1.0,35.0,0.5
2023,41,Catamarca,2023-10-09,10,429556,0,0.0,23.62142857142857,0.0,30.714285714285715,0.0
2023,42,Catamarca,2023-10-16,10,429556,0,0.0,25.664285714285715,3.5,42.21428571428572,0.5
2023,43,Catamarca,2023-10-23,10,429556,0,0.0,24.59285714285714,4.8,54.42857142857143,0.5
2023,44,Catamarca,2023-10-30,10,429556,1,0.23279851753904032,21.84285714285714,6.0,44.5,1.0
2023,45,Catamarca,2023-11-06,10,429556,0,0.0,30.485714285714288,0.0,30.142857142857142,0.0
2023,46,Catamarca,2023-11-13,10,429556,0,0.0,27.507142857142856,0.0,33.714285714285715,0.0
2023,47,Catamarca,2023-11-20,10,429556,0,0.0,27.892857142857142,5.75,43.71428571428571,0.5
2023,48,Catamarca,2023-11-27,10,429556,0,0.0,28.34285714285714,18.7,52.642857142857146,1.5
2023,49,Catamarca,2023-12-04,10,429556,0,0.0,25.867857142857144,0.0,51.17857142857143,0.0
2023,50,Catamarca,2023-12-11,10,429556,0,0.0,33.09285714285714,1.5,40.5,0.5
2023,51,Catamarca,2023-12-18,10,429556,0,0.0,26.514285714285712,59.0,60.785714285714285,1.5
2023,52,Catamarca,2023-12-25,10,429556,1,0.23279851753904032,29.307142857142857,18.0,47.57142857142857,1.0
2024,1,Catamarca,2024-01-01,10,429556,2,0.46559703507808065,29.92857142857143,3.05,50.5,0.5
2024,2,Catamarca,2024-01-08,10,429556,6,1.3967911052342419,29.02142857142857,7.500000000000001,56.28571428571429,0.5
2024,3,Catamarca,2024-01-15,10,429556,32,7.44955256124929,29.27142857142857,2.0,48.142857142857146,0.5
2024,4,Catamarca,2024-01-22,10,429556,124,28.867016174841,29.607142857142858,0.0,41.07142857142857,0.0
2024,5,Catamarca,2024-01-29,10,429556,321,74.72832413003194,33.099999999999994,0.0,36.42857142857143,0.0
2024,6,Catamarca,2024-02-05,10,429556,659,153.41422305822755,30.442857142857143,6.85,53.285714285714285,1.5
2024,7,Catamarca,2024-02-12,10,429556,1001,233.03131605657933,27.67857142857143,5.0,55.785714285714285,1.0
2024,8,Catamarca,2024-02-19,10,429556,1026,238.85127899505534,26.65714285714285,6.0,59.42857142857143,1.5
2024,9,Catamarca,2024-02-26,10,429556,886,206.25948653958974,28.24285714285714,22.75,61.07142857142857,1.0
2024,10,Catamarca,2024-03-04,10,429556,1094,254.68157818771007,27.142857142857142,0.0,62.85714285714286,0.0
2024,11,Catamarca,2024-03-11,10,429556,916,213.24344206576095,31.042857142857144,1.15,56.785714285714285,0.5
2024,12,Catamarca,2024-03-18,10,429556,962,223.95217387255676,26.864285714285717,0.0,55.642857142857146,0.0
2024,13,Catamarca,2024-03-25,10,429556,702,163.4245593124063,27.742857142857144,1.95,55.28571428571429,0.5
2024,14,Catamarca,2024-04-01,10,429556,1046,243.5072493458362,24.364285714285717,0.0,60.57142857142857,0.0
2024,15,Catamarca,2024-04-08,10,429556,893,207.88907616236298,17.92142857142857,15.05,71.92857142857143,1.5
2024,16,Catamarca,2024-04-15,10,429556,501,116.63205728705918,20.371428571428574,0.0,55.0,0.0
2024,17,Catamarca,2024-04-22,10,429556,301,70.07235377925113,19.442857142857143,2.05,71.42857142857143,0.5
2024,18,Catamarca,2024-04-29,10,429556,213,49.586084235815584,18.178571428571427,4.05,58.71428571428571,0.5
2024,19,Catamarca,2024-05-06,10,429556,125,29.099814692380036,14.45714285714286,0.5,59.5,0.0
2024,20,Catamarca,2024-05-13,10,429556,37,8.61354514894449,10.657142857142858,1.35,65.14285714285714,0.5
2024,21,Catamarca,2024-05-20,10,429556,6,1.3967911052342419,10.471428571428572,1.25,64.0,0.5
2024,22,Catamarca,2024-05-27,10,429556,4,0.9311940701561613,11.264285714285716,0.0,58.14285714285714,0.0
2024,23,Catamarca,2024-06-03,10,429556,3,0.6983955526171209,14.05,0.0,54.57142857142857,0.0
2024,24,Catamarca,2024-06-10,10,429556,1,0.23279851753904032,18.08571428571428,0.0,52.07142857142857,0.0
2024,25,Catamarca,2024-06-17,10,429556,0,0.0,15.57857142857143,2.25,60.14285714285714,0.5
2024,26,Catamarca,2024-06-24,10,429556,0,0.0,9.157142857142858,0.0,60.07142857142857,0.0
2024,27,Catamarca,2024-07-01,10,429556,0,0.0,9.692857142857145,0.0,51.0,0.0
2024,28,Catamarca,2024-07-08,10,429556,0,0.0,5.442857142857143,0.0,55.21428571428572,0.0
2024,29,Catamarca,2024-07-15,10,429556,0,0.0,10.021428571428572,0.35,49.0,0.0
2024,30,Catamarca,2024-07-22,10,429556,0,0.0,13.17142857142857,0.0,48.78571428571429,0.0
2024,31,Catamarca,2024-07-29,10,429556,0,0.0,16.142857142857142,0.0,39.78571428571429,0.0
2024,32,Catamarca,2024-08-05,10,429556,0,0.0,12.528571428571428,0.0,43.5,0.0
2024,33,Catamarca,2024-08-12,10,429556,0,0.0,14.628571428571428,0.0,37.57142857142857,0.0
2024,34,Catamarca,2024-08-19,10,429556,0,0.0,11.264285714285714,0.5,59.07142857142857,0.0
2024,35,Catamarca,2024-08-26,10,429556,0,0.0,15.05,0.0,46.35714285714286,0.0
2024,36,Catamarca,2024-09-02,10,429556,0,0.0,20.450000000000003,0.0,34.64285714285714,0.0
2024,37,Catamarca,2024-09-09,10,429556,0,0.0,20.75714285714286,0.0,38.0,0.0
2024,38,Catamarca,2024-09-16,10,429556,0,0.0,25.6,0.0,26.57142857142857,0.0
2024,39,Catamarca,2024-09-23,10,429556,0,0.0,23.07142857142857,0.65,36.85714285714286,0.5
2024,40,Catamarca,2024-09-30,10,429556,0,0.0,25.38571428571429,0.0,30.0,0.0
2024,41,Catamarca,2024-10-07,10,429556,0,0.0,22.16428571428571,21.9,64.42857142857143,2.5
2024,42,Catamarca,2024-10-14,10,429556,0,0.0,26.97142857142857,4.25,53.785714285714285,0.5
2024,43,Catamarca,2024-10-21,10,429556,0,0.0,23.16428571428571,18.6,53.42857142857143,1.0
2024,44,Catamarca,2024-10-28,10,429556,0,0.0,28.07857142857143,2.2,45.35714285714285,0.5
2024,45,Catamarca,2024-11-04,10,429556,0,0.0,27.114285714285717,1.0,48.71428571428572,0.5
2024,46,Catamarca,2024-11-11,10,429556,0,0.0,27.464285714285715,0.35,35.92857142857143,0.0
2024,47,Catamarca,2024-11-18,10,429556,0,0.0,26.807142857142857,0.0,51.785714285714285,0.0
2024,48,Catamarca,2024-11-25,10,429556,0,0.0,28.45,4.9,56.92857142857143,0.5
2024,49,Catamarca,2024-12-02,10,429556,0,0.0,26.12142857142857,0.25,44.42857142857143,0.0
2024,50,Catamarca,2024-12-09,10,429556,0,0.0,28.45,3.5,39.92857142857143,0.5
2024,51,Catamarca,2024-12-16,10,429556,0,0.0,28.97142857142857,1.25,43.14285714285714,0.5
2024,52,Catamarca,2024-12-23,10,429556,0,0.0,27.92142857142857,14.5,42.785714285714285,1.5
2025,1,Catamarca,2024-12-30,10,429556,0,0.0,30.007142857142856,8.5,43.785714285714285,1.5
2025,2,Catamarca,2025-01-06,10,429556,0,0.0,27.628571428571423,19.25,51.57142857142857,1.5
2025,3,Catamarca,2025-01-13,10,429556,2,0.46559703507808065,28.978571428571428,15.85,43.0,0.5
2025,4,Catamarca,2025-01-20,10,429556,0,0.0,28.97142857142857,41.0,50.35714285714286,2.0
2025,5,Catamarca,2025-01-27,10,429556,1,0.23279851753904032,29.92142857142857,0.5,51.0,0.0
2025,6,Catamarca,2025-02-03,10,429556,0,0.0,33.31428571428571,0.0,40.78571428571429,0.0
2025,7,Catamarca,2025-02-10,10,429556,0,0.0,30.57142857142857,22.05,48.57142857142857,1.5
2025,8,Catamarca,2025-02-17,10,429556,0,0.0,29.0,32.0,54.35714285714286,1.5
2025,9,Catamarca,2025-02-24,10,429556,1,0.23279851753904032,29.88571428571429,31.4,56.85714285714286,2.0
2025,10,Catamarca,2025-03-03,10,429556,2,0.46559703507808065,27.84285714285714,19.5,59.785714285714285,2.5
2025,11,Catamarca,2025-03-10,10,429556,3,0.6983955526171209,22.114285714285717,2.5,64.92857142857143,1.0
2025,12,Catamarca,2025-03-17,10,429556,1,0.23279851753904032,26.214285714285715,3.25,55.35714285714286,0.5
2025,13,Catamarca,2025-03-24,10,429556,0,0.0,21.114285714285717,8.6,68.92857142857143,1.5
2025,14,Catamarca,2025-03-31,10,429556,3,0.6983955526171209,17.814285714285713,0.5,56.5,0.0
2025,15,Catamarca,2025-04-07,10,429556,1,0.23279851753904032,19.757142857142853,0.0,61.5,0.0
2025,16,Catamarca,2025-04-14,10,429556,0,0.0,20.814285714285717,5.25,63.71428571428572,1.0
2025,17,Catamarca,2025-04-21,10,429556,0,0.0,20.085714285714285,1.5,68.28571428571428,0.5
2025,18,Catamarca,2025-04-28,10,429556,0,0.0,20.414285714285715,0.1,59.0,0.0
2025,19,Catamarca,2025-05-05,10,429556,0,0.0,20.057142857142857,0.4,65.21428571428571,0.0
2025,20,Catamarca,2025-05-12,10,429556,1,0.23279851753904032,19.878571428571423,0.0,62.28571428571429,0.0
2025,21,Catamarca,2025-05-19,10,429556,1,0.23279851753904032,15.021428571428572,0.0,61.57142857142857,0.0
2025,22,Catamarca,2025-05-26,10,429556,0,0.0,10.085714285714284,4.8,66.21428571428572,0.5
2025,23,Catamarca,2025-06-02,10,429556,0,0.0,12.85,0.0,63.35714285714286,0.0
2025,24,Catamarca,2025-06-09,10,429556,0,0.0,13.54285714285714,0.0,57.07142857142857,0.0
2025,25,Catamarca,2025-06-16,10,429556,1,0.23279851753904032,11.442857142857145,0.0,56.785714285714285,0.0
2025,26,Catamarca,2025-06-23,10,429556,0,0.0,8.042857142857143,0.25,47.14285714285714,0.0
2025,27,Catamarca,2025-06-30,10,429556,0,0.0,6.864285714285715,0.0,62.28571428571428,0.0
2025,28,Catamarca,2025-07-07,10,429556,0,0.0,13.82857142857143,0.1,64.5,0.0
2025,29,Catamarca,2025-07-14,10,429556,0,0.0,12.778571428571428,0.25,50.07142857142857,0.0
2025,30,Catamarca,2025-07-21,10,429556,0,0.0,11.814285714285717,3.2,64.71428571428571,1.0
2025,31,Catamarca,2025-07-28,10,429556,0,0.0,15.164285714285716,0.0,53.21428571428571,0.0
2025,32,Catamarca,2025-08-04,10,429556,0,0.0,13.32857142857143,2.55,53.71428571428572,0.5
2025,33,Catamarca,2025-08-11,10,429556,0,0.0,15.428571428571429,0.0,47.21428571428572,0.0
2025,34,Catamarca,2025-08-18,10,429556,0,0.0,15.635714285714286,0.0,43.21428571428571,0.0
2025,35,Catamarca,2025-08-25,10,429556,0,0.0,18.02142857142857,2.55,34.07142857142857,0.5
2025,36,Catamarca,2025-09-01,10,429556,0,0.0,14.464285714285715,0.4,49.85714285714286,0.0
2025,37,Catamarca,2025-09-08,10,429556,0,0.0,22.128571428571423,0.0,35.42857142857143,0.0
2025,38,Catamarca,2025-09-15,10,429556,0,0.0,25.15,0.0,44.285714285714285,0.0
2025,39,Catamarca,2025-09-22,10,429556,0,0.0,22.392857142857142,0.0,33.07142857142857,0.0
2025,40,Catamarca,2025-09-29,10,429556,0,0.0,24.835714285714285,0.0,39.5,0.0
2025,41,Catamarca,2025-10-06,10,429556,0,0.0,23.128571428571423,0.0,30.214285714285715,0.0
2025,42,Catamarca,2025-10-13,10,429556,0,0.0,24.92857142857143,5.5,40.07142857142857,0.5
2018,1,Chaco,2018-01-01,22,1142963,0,0.0,26.392857142857142,5.0,61.0,1.0
2018,2,Chaco,2018-01-08,22,1142963,0,0.0,27.485714285714288,63.7,69.07142857142858,1.5
2018,3,Chaco,2018-01-15,22,1142963,0,0.0,25.814285714285717,231.45,78.14285714285714,4.0
2018,4,Chaco,2018-01-22,22,1142963,1,0.08749189606312716,26.31428571428572,100.0,86.0,5.0
2018,5,Chaco,2018-01-29,22,1142963,0,0.0,27.90714285714286,0.0,73.5,0.0
2018,6,Chaco,2018-02-05,22,1142963,0,0.0,28.13571428571429,4.0,71.64285714285714,1.0
2018,7,Chaco,2018-02-12,22,1142963,0,0.0,25.057142857142857,8.0,68.85714285714286,1.0
2018,8,Chaco,2018-02-19,22,1142963,0,0.0,24.792857142857144,0.3,70.07142857142858,0.0
2018,9,Chaco,2018-02-26,22,1142963,0,0.0,25.857142857142858,12.05,78.71428571428572,1.5
2018,10,Chaco,2018-03-05,22,1142963,1,0.08749189606312716,24.728571428571428,13.15,72.64285714285714,0.5
2018,11,Chaco,2018-03-12,22,1142963,1,0.08749189606312716,26.285714285714285,89.15,75.42857142857143,4.0
2018,12,Chaco,2018-03-19,22,1142963,7,0.6124432724418901,21.8,18.8,77.64285714285714,1.5
2018,13,Chaco,2018-03-26,22,1142963,14,1.2248865448837802,21.67857142857143,4.5,82.64285714285714,0.5
2018,14,Chaco,2018-04-02,22,1142963,17,1.4873622330731617,24.74285714285714,3.0,74.14285714285714,0.5
2018,15,Chaco,2018-04-09,22,1142963,13,1.137394648820653,24.13571428571429,0.3,75.21428571428572,0.0
2018,16,Chaco,2018-04-16,22,1142963,56,4.899546179535121,25.57857142857143,0.0,73.78571428571428,0.0
2018,17,Chaco,2018-04-23,22,1142963,76,6.649384100797664,24.85714285714286,26.5,80.57142857142857,1.0
2018,18,Chaco,2018-04-30,22,1142963,84,7.349319269302681,24.82857142857143,98.4,80.07142857142858,1.5
2018,19,Chaco,2018-05-07,22,1142963,139,12.161373552774675,20.99285714285714,42.35,84.5,1.0
2018,20,Chaco,2018-05-14,22,1142963,105,9.186649086628352,17.521428571428572,70.9,85.35714285714286,3.0
2018,21,Chaco,2018-05-21,22,1142963,35,3.0622163622094503,14.65,0.0,82.21428571428572,0.0
2018,22,Chaco,2018-05-28,22,1142963,16,1.3998703370100345,16.58571428571429,6.5,80.5,1.5
2018,23,Chaco,2018-06-04,22,1142963,15,1.3123784409469073,13.214285714285715,0.0,82.5,0.0
2018,24,Chaco,2018-06-11,22,1142963,0,0.0,9.37857142857143,0.0,83.07142857142857,0.0
2018,25,Chaco,2018-06-18,22,1142963,0,0.0,17.58571428571429,13.0,75.64285714285714,0.5
2018,26,Chaco,2018-06-25,22,1142963,0,0.0,16.792857142857144,4.5,82.14285714285714,0.5
2018,27,Chaco,2018-07-02,22,1142963,1,0.08749189606312716,13.535714285714286,0.25,87.07142857142858,0.0
2019,1,Chaco,2018-12-31,22,1142963,0,0.0,27.31428571428572,75.15,84.5,4.0
2019,2,Chaco,2019-01-07,22,1142963,1,0.08749189606312716,24.52142857142857,237.5,89.64285714285714,5.5
2019,3,Chaco,2019-01-14,22,1142963,0,0.0,25.028571428571425,109.5,85.71428571428572,4.5
2019,4,Chaco,2019-01-21,22,1142963,0,0.0,29.82142857142857,1.75,75.0,0.5
2019,5,Chaco,2019-01-28,22,1142963,0,0.0,28.17857142857143,53.0,76.21428571428571,2.5
2019,6,Chaco,2019-02-04,22,1142963,0,0.0,25.714285714285715,26.0,75.07142857142857,1.0
2019,7,Chaco,2019-02-11,22,1142963,0,0.0,23.985714285714284,36.0,78.85714285714286,1.5
2019,8,Chaco,2019-02-18,22,1142963,1,0.08749189606312716,29.12142857142857,2.5,68.85714285714286,0.5
2019,9,Chaco,2019-02-25,22,1142963,0,0.0,23.82857142857143,37.5,72.92857142857143,1.0
2019,10,Chaco,2019-03-04,22,1142963,1,0.08749189606312716,23.52142857142857,126.6,83.21428571428572,4.0
2019,11,Chaco,2019-03-11,22,1142963,2,0.1749837921262543,22.928571428571427,25.3,84.85714285714286,1.5
2019,12,Chaco,2019-03-18,22,1142963,3,0.26247568818938144,21.728571428571428,0.3,77.0,0.0
2019,13,Chaco,2019-03-25,22,1142963,2,0.1749837921262543,23.042857142857144,65.5,78.14285714285714,1.5
2019,14,Chaco,2019-04-01,22,1142963,4,0.3499675842525086,21.5,11.5,86.42857142857142,1.0
2019,15,Chaco,2019-04-08,22,1142963,7,0.6124432724418901,21.292857142857144,0.0,79.57142857142857,0.0
2019,16,Chaco,2019-04-15,22,1142963,2,0.1749837921262543,22.478571428571428,225.35,87.35714285714286,3.5
2019,17,Chaco,2019-04-22,22,1142963,3,0.26247568818938144,20.314285714285717,15.9,91.35714285714286,2.0
2019,18,Chaco,2019-04-29,22,1142963,8,0.6999351685050172,21.84285714285714,40.95,89.07142857142858,2.5
2019,19,Chaco,2019-05-06,22,1142963,23,2.0123136094519247,20.7,82.80000000000001,92.64285714285714,3.5
2019,20,Chaco,2019-05-13,22,1142963,33,2.8872325700831962,18.24285714285714,20.45,87.85714285714286,1.5
2019,21,Chaco,2019-05-20,22,1142963,16,1.3998703370100345,16.257142857142856,59.2,92.71428571428572,3.5
2019,22,Chaco,2019-05-27,22,1142963,6,0.5249513763787629,17.014285714285716,0.85,91.78571428571428,0.0
2019,23,Chaco,2019-06-03,22,1142963,0,0.0,17.114285714285714,2.0,86.0,0.5
2019,24,Chaco,2019-06-10,22,1142963,2,0.1749837921262543,21.55,1.75,83.0,0.5
2019,25,Chaco,2019-06-17,22,1142963,1,0.08749189606312716,16.357142857142858,0.0,83.42857142857143,0.0
2019,26,Chaco,2019-06-24,22,1142963,2,0.1749837921262543,15.900000000000002,0.45,81.64285714285714,0.0
2019,27,Chaco,2019-07-01,22,1142963,1,0.08749189606312716,9.442857142857145,0.0,79.64285714285714,0.0
2019,28,Chaco,2019-07-08,22,1142963,0,0.0,18.40714285714286,0.0,75.0,0.0
2019,29,Chaco,2019-07-15,22,1142963,0,0.0,17.65,1.5,75.21428571428572,0.5
2019,30,Chaco,2019-07-22,22,1142963,0,0.0,11.15,37.1,89.57142857142857,1.5
2019,31,Chaco,2019-07-29,22,1142963,0,0.0,13.407142857142858,0.0,77.57142857142857,0.0
2019,32,Chaco,2019-08-05,22,1142963,0,0.0,14.314285714285711,1.5,78.78571428571428,0.5
2019,33,Chaco,2019-08-12,22,1142963,0,0.0,15.67142857142857,0.0,69.28571428571428,0.0
2019,34,Chaco,2019-08-19,22,1142963,0,0.0,15.371428571428574,28.5,65.78571428571428,0.5
2019,35,Chaco,2019-08-26,22,1142963,0,0.0,21.050000000000004,17.0,68.64285714285714,1.5
2019,36,Chaco,2019-09-02,22,1142963,1,0.08749189606312716,16.20714285714286,0.0,68.92857142857143,0.0
2019,37,Chaco,2019-09-09,22,1142963,0,0.0,18.700000000000003,11.25,77.28571428571428,1.5
2019,38,Chaco,2019-09-16,22,1142963,0,0.0,18.57857142857143,0.05,55.07142857142857,0.0
2019,39,Chaco,2019-09-23,22,1142963,0,0.0,22.728571428571428,0.0,53.64285714285714,0.0
2019,40,Chaco,2019-09-30,22,1142963,0,0.0,20.1,26.25,82.14285714285714,3.0
2019,41,Chaco,2019-10-07,22,1142963,0,0.0,26.5,31.5,60.07142857142857,1.0
2019,42,Chaco,2019-10-14,22,1142963,0,0.0,16.55,18.95,89.78571428571428,3.0
2019,43,Chaco,2019-10-21,22,1142963,0,0.0,22.642857142857142,0.0,64.5,0.0
2019,44,Chaco,2019-10-28,22,1142963,0,0.0,27.607142857142858,36.5,70.71428571428571,3.0
2019,45,Chaco,2019-11-04,22,1142963,0,0.0,24.942857142857143,32.5,79.21428571428572,1.0
2019,46,Chaco,2019-11-11,22,1142963,0,0.0,25.25,53.5,72.42857142857142,2.0
2019,47,Chaco,2019-11-18,22,1142963,0,0.0,27.464285714285715,6.0,68.5,1.0
2019,48,Chaco,2019-11-25,22,1142963,1,0.08749189606312716,24.87857142857143,77.0,73.42857142857143,3.5
2019,49,Chaco,2019-12-02,22,1142963,0,0.0,23.207142857142856,0.0,62.14285714285714,0.0
2019,50,Chaco,2019-12-09,22,1142963,0,0.0,26.65714285714286,14.0,67.42857142857143,2.0
2019,51,Chaco,2019-12-16,22,1142963,0,0.0,25.057142857142857,18.0,67.92857142857143,1.0
2019,52,Chaco,2019-12-23,22,1142963,0,0.0,27.2,26.5,69.28571428571428,3.0
2020,1,Chaco,2019-12-30,22,1142963,0,0.0,26.58571428571429,28.0,72.35714285714286,2.0
2020,2,Chaco,2020-01-06,22,1142963,0,0.0,27.85,12.0,70.92857142857143,2.5
2020,3,Chaco,2020-01-13,22,1142963,2,0.1749837921262543,27.42142857142857,53.65,76.85714285714286,2.5
2020,4,Chaco,2020-01-20,22,1142963,4,0.3499675842525086,26.50714285714286,74.25,78.92857142857143,2.0
2020,5,Chaco,2020-01-27,22,1142963,7,0.6124432724418901,25.807142857142857,31.9,76.28571428571429,1.0
2020,6,Chaco,2020-02-03,22,1142963,15,1.3123784409469073,28.878571428571423,24.5,74.71428571428571,1.0
2020,7,Chaco,2020-02-10,22,1142963,22,1.9248217133887973,26.85,158.4,74.35714285714286,2.5
2020,8,Chaco,2020-02-17,22,1142963,55,4.812054283471993,23.621428571428574,10.45,73.5,1.0
2020,9,Chaco,2020-02-24,22,1142963,95,8.31173012599708,23.792857142857144,0.0,69.07142857142858,0.0
2020,10,Chaco,2020-03-02,22,1142963,151,13.2112763055322,26.27857142857143,0.0,62.92857142857143,0.0
2020,11,Chaco,2020-03-09,22,1142963,215,18.810757653572338,29.8,21.5,60.14285714285714,1.5
2020,12,Chaco,2020-03-16,22,1142963,187,16.360984563804777,23.92857142857143,41.0,78.21428571428572,2.0
2020,13,Chaco,2020-03-23,22,1142963,209,18.285806277193576,24.871428571428574,38.05,75.57142857142858,1.5
2020,14,Chaco,2020-03-30,22,1142963,238,20.823071263024264,22.42857142857143,44.2,82.35714285714286,2.5
2020,15,Chaco,2020-04-06,22,1142963,224,19.598184718140484,18.15714285714286,0.0,70.0,0.0
2020,16,Chaco,2020-04-13,22,1142963,371,32.45949343942018,16.857142857142854,0.0,75.5,0.0
2020,17,Chaco,2020-04-20,22,1142963,279,24.410239001612474,23.235714285714284,30.5,70.35714285714286,1.0
2020,18,Chaco,2020-04-27,22,1142963,263,23.010368664602442,21.964285714285715,27.0,72.21428571428572,1.5
2020,19,Chaco,2020-05-04,22,1142963,448,39.19636943628097,16.478571428571428,7.5,74.42857142857142,0.5
2020,20,Chaco,2020-05-11,22,1142963,282,24.672714689801857,17.378571428571426,0.0,74.14285714285714,0.0
2020,21,Chaco,2020-05-18,22,1142963,146,12.773816825216564,16.82857142857143,16.75,76.14285714285714,1.5
2020,22,Chaco,2020-05-25,22,1142963,72,6.299416516545155,15.12142857142857,0.0,72.14285714285714,0.0
2020,23,Chaco,2020-06-01,22,1142963,33,2.8872325700831962,12.17142857142857,5.9,79.78571428571428,1.5
2020,24,Chaco,2020-06-08,22,1142963,23,2.0123136094519247,18.17142857142857,0.1,76.5,0.0
2020,25,Chaco,2020-06-15,22,1142963,14,1.2248865448837802,23.285714285714285,0.0,66.57142857142857,0.0
2020,26,Chaco,2020-06-22,22,1142963,13,1.137394648820653,15.814285714285717,16.0,74.5,1.5
2020,27,Chaco,2020-06-29,22,1142963,10,0.8749189606312715,12.985714285714284,6.6,77.57142857142857,0.5
2020,28,Chaco,2020-07-06,22,1142963,0,0.0,12.614285714285714,9.75,83.64285714285714,1.5
2020,29,Chaco,2020-07-13,22,1142963,0,0.0,16.714285714285715,0.3,66.07142857142857,0.0
2020,30,Chaco,2020-07-20,22,1142963,0,0.0,15.528571428571428,7.0,73.5,1.0
2020,31,Chaco,2020-07-27,22,1142963,1,0.08749189606312716,15.185714285714289,0.0,59.285714285714285,0.0
2020,32,Chaco,2020-08-03,22,1142963,0,0.0,22.88571428571429,0.0,50.5,0.0
2020,33,Chaco,2020-08-10,22,1142963,4,0.3499675842525086,14.607142857142858,0.1,60.57142857142857,0.0
2020,34,Chaco,2020-08-17,22,1142963,0,0.0,12.257142857142858,0.0,50.35714285714286,0.0
2020,35,Chaco,2020-08-24,22,1142963,0,0.0,23.38571428571429,0.4,59.85714285714286,0.0
2020,36,Chaco,2020-08-31,22,1142963,1,0.08749189606312716,14.321428571428571,0.4,70.0,0.0
2020,37,Chaco,2020-09-07,22,1142963,1,0.08749189606312716,21.942857142857143,0.25,68.35714285714286,0.0
2020,38,Chaco,2020-09-14,22,1142963,0,0.0,18.25,1.0,54.07142857142857,0.5
2020,39,Chaco,2020-09-21,22,1142963,0,0.0,24.535714285714285,3.0,43.5,0.5
2020,40,Chaco,2020-09-28,22,1142963,1,0.08749189606312716,23.45,0.0,54.35714285714286,0.0
2020,41,Chaco,2020-10-05,22,1142963,0,0.0,22.164285714285715,0.0,52.142857142857146,0.0
2020,42,Chaco,2020-10-12,22,1142963,0,0.0,25.185714285714283,6.1,56.21428571428571,1.0
2020,43,Chaco,2020-10-19,22,1142963,14,1.2248865448837802,29.17857142857143,56.0,57.42857142857143,2.0
2020,44,Chaco,2020-10-26,22,1142963,0,0.0,21.82857142857143,0.0,58.07142857142857,0.0
2020,45,Chaco,2020-11-02,22,1142963,0,0.0,23.85,3.5,47.5,1.5
2020,46,Chaco,2020-11-09,22,1142963,0,0.0,24.392857142857142,30.5,70.71428571428572,2.0
2020,47,Chaco,2020-11-16,22,1142963,0,0.0,25.02142857142857,0.1,50.0,0.0
2020,48,Chaco,2020-11-23,22,1142963,0,0.0,28.235714285714284,94.75,60.85714285714286,3.0
2020,49,Chaco,2020-11-30,22,1142963,1,0.08749189606312716,23.58571428571428,11.5,76.35714285714286,1.5
2020,50,Chaco,2020-12-07,22,1142963,0,0.0,26.828571428571426,32.5,59.07142857142857,1.0
2020,51,Chaco,2020-12-14,22,1142963,0,0.0,25.9,21.9,70.64285714285714,1.5
2020,52,Chaco,2020-12-21,22,1142963,0,0.0,26.742857142857144,1.5,59.42857142857143,0.5
2020,53,Chaco,2020-12-28,22,1142963,0,0.0,28.107142857142858,8.0,56.07142857142857,1.0
2021,1,Chaco,2021-01-04,22,1142963,0,0.0,28.52857142857143,4.0,61.57142857142857,1.5
2021,2,Chaco,2021-01-11,22,1142963,0,0.0,27.15,57.5,72.64285714285714,4.0
2021,3,Chaco,2021-01-18,22,1142963,0,0.0,25.92142857142857,2.4,69.35714285714286,0.5
2021,4,Chaco,2021-01-25,22,1142963,0,0.0,26.535714285714285,74.0,78.42857142857142,3.0
2021,5,Chaco,2021-02-01,22,1142963,0,0.0,24.042857142857144,15.95,77.28571428571429,1.0
2021,6,Chaco,2021-02-08,22,1142963,0,0.0,24.035714285714285,17.0,76.71428571428572,2.5
2021,7,Chaco,2021-02-15,22,1142963,0,0.0,25.942857142857143,2.0,64.92857142857143,0.5
2021,8,Chaco,2021-02-22,22,1142963,0,0.0,28.285714285714285,0.1,60.35714285714286,0.0
2021,9,Chaco,2021-03-01,22,1142963,0,0.0,26.450000000000003,3.5,67.71428571428572,0.5
2021,10,Chaco,2021-03-08,22,1142963,0,0.0,26.214285714285715,2.5,54.42857142857143,1.0
2021,11,Chaco,2021-03-15,22,1142963,0,0.0,24.235714285714288,75.5,72.85714285714286,2.0
2021,12,Chaco,2021-03-22,22,1142963,0,0.0,23.40714285714286,64.25,83.92857142857143,2.5
2021,13,Chaco,2021-03-29,22,1142963,0,0.0,20.857142857142858,0.1,77.07142857142857,0.0
2021,14,Chaco,2021-04-05,22,1142963,1,0.08749189606312716,24.60714285714285,63.0,80.42857142857143,2.0
2021,15,Chaco,2021-04-12,22,1142963,0,0.0,21.728571428571428,23.5,82.78571428571428,1.5
2021,16,Chaco,2021-04-19,22,1142963,0,0.0,21.72142857142857,58.5,81.42857142857143,4.0
2021,17,Chaco,2021-04-26,22,1142963,0,0.0,17.364285714285714,0.0,78.85714285714286,0.0
2021,18,Chaco,2021-05-03,22,1142963,1,0.08749189606312716,16.564285714285713,17.55,82.71428571428572,2.0
2021,19,Chaco,2021-05-10,22,1142963,0,0.0,15.007142857142858,4.5,85.0,1.0
2021,20,Chaco,2021-05-17,22,1142963,0,0.0,16.92857142857143,1.0,76.92857142857143,0.5
2021,21,Chaco,2021-05-24,22,1142963,0,0.0,15.378571428571428,0.0,75.14285714285714,0.0
2021,22,Chaco,2021-05-31,22,1142963,0,0.0,18.607142857142858,12.4,76.21428571428572,1.0
2021,23,Chaco,2021-06-07,22,1142963,0,0.0,16.45714285714286,0.0,84.92857142857143,0.0
2021,24,Chaco,2021-06-14,22,1142963,0,0.0,11.928571428571429,0.7000000000000001,79.35714285714286,0.0
2021,25,Chaco,2021-06-21,22,1142963,0,0.0,13.485714285714288,60.5,87.5,3.0
2021,26,Chaco,2021-06-28,22,1142963,0,0.0,9.42142857142857,0.0,73.85714285714286,0.0
2021,27,Chaco,2021-07-05,22,1142963,0,0.0,19.42857142857143,0.0,68.78571428571428,0.0
2021,28,Chaco,2021-07-12,22,1142963,0,0.0,14.792857142857144,0.0,75.5,0.0
2021,29,Chaco,2021-07-19,22,1142963,0,0.0,15.62857142857143,0.0,62.28571428571429,0.0
2021,30,Chaco,2021-07-26,22,1142963,0,0.0,9.3,0.0,64.0,0.0
2022,1,Chaco,2022-01-03,22,1142963,0,0.0,26.85,0.5,63.42857142857143,0.0
2022,2,Chaco,2022-01-10,22,1142963,0,0.0,31.35,0.0,46.78571428571429,0.0
2022,3,Chaco,2022-01-17,22,1142963,0,0.0,32.535714285714285,4.0,53.64285714285714,0.5
2022,4,Chaco,2022-01-24,22,1142963,0,0.0,28.214285714285715,4.4,60.285714285714285,1.0
2022,5,Chaco,2022-01-31,22,1142963,0,0.0,27.35,42.75,57.78571428571429,2.0
2022,6,Chaco,2022-02-07,22,1142963,0,0.0,24.33571428571429,8.75,59.0,1.5
2022,7,Chaco,2022-02-14,22,1142963,0,0.0,27.728571428571428,1.0,53.57142857142857,0.5
2022,8,Chaco,2022-02-21,22,1142963,0,0.0,29.88571428571429,2.3,61.14285714285714,0.5
2022,9,Chaco,2022-02-28,22,1142963,0,0.0,28.38571428571429,32.75,71.78571428571429,2.0
2022,10,Chaco,2022-03-07,22,1142963,0,0.0,23.35714285714285,108.15,79.57142857142857,3.5
2022,11,Chaco,2022-03-14,22,1142963,0,0.0,21.65,0.0,69.0,0.0
2022,12,Chaco,2022-03-21,22,1142963,0,0.0,21.45,128.39999999999998,79.21428571428572,2.5
2022,13,Chaco,2022-03-28,22,1142963,0,0.0,19.1,38.85,77.28571428571428,2.0
2022,14,Chaco,2022-04-04,22,1142963,0,0.0,21.76428571428572,133.0,92.14285714285714,5.0
2022,15,Chaco,2022-04-11,22,1142963,0,0.0,18.32857142857143,8.3,82.57142857142858,0.5
2022,16,Chaco,2022-04-18,22,1142963,0,0.0,20.26428571428572,7.05,83.85714285714286,1.0
2022,17,Chaco,2022-04-25,22,1142963,0,0.0,22.057142857142857,16.95,81.14285714285714,1.5
2022,18,Chaco,2022-05-02,22,1142963,0,0.0,16.12857142857143,6.0,86.64285714285714,1.0
2022,19,Chaco,2022-05-09,22,1142963,0,0.0,16.057142857142857,7.5,87.14285714285714,1.0
2022,20,Chaco,2022-05-16,22,1142963,0,0.0,11.221428571428572,0.0,80.21428571428572,0.0
2022,21,Chaco,2022-05-23,22,1142963,0,0.0,17.700000000000003,13.1,87.5,2.0
2022,22,Chaco,2022-05-30,22,1142963,0,0.0,11.85,30.5,78.85714285714286,1.0
2022,23,Chaco,2022-06-06,22,1142963,0,0.0,12.357142857142858,10.05,88.35714285714286,1.0
2022,24,Chaco,2022-06-13,22,1142963,0,0.0,12.67142857142857,0.0,78.21428571428572,0.0
2022,25,Chaco,2022-06-20,22,1142963,0,0.0,12.728571428571428,1.8,87.92857142857143,0.5
2022,26,Chaco,2022-06-27,22,1142963,0,0.0,14.671428571428573,3.2,86.85714285714286,0.5
2022,27,Chaco,2022-07-04,22,1142963,0,0.0,20.02142857142857,0.0,79.35714285714286,0.0
2022,28,Chaco,2022-07-11,22,1142963,0,0.0,13.15,3.9,83.07142857142857,0.5
2022,29,Chaco,2022-07-18,22,1142963,0,0.0,19.85,0.0,76.07142857142857,0.0
2022,30,Chaco,2022-07-25,22,1142963,0,0.0,18.207142857142856,0.0,68.07142857142857,0.0
2022,31,Chaco,2022-08-01,22,1142963,0,0.0,16.4,11.2,77.42857142857143,1.0
2022,32,Chaco,2022-08-08,22,1142963,0,0.0,15.735714285714288,0.0,77.07142857142857,0.0
2022,33,Chaco,2022-08-15,22,1142963,0,0.0,14.178571428571429,0.0,61.5,0.0
2022,34,Chaco,2022-08-22,22,1142963,0,0.0,21.700000000000003,5.0,59.642857142857146,1.5
2022,35,Chaco,2022-08-29,22,1142963,0,0.0,16.164285714285715,2.5,62.0,0.5
2022,36,Chaco,2022-09-05,22,1142963,0,0.0,16.464285714285715,0.0,56.21428571428571,0.0
2022,37,Chaco,2022-09-12,22,1142963,0,0.0,18.27857142857143,7.25,54.21428571428571,0.5
2022,38,Chaco,2022-09-19,22,1142963,0,0.0,17.57142857142857,0.35,66.35714285714286,0.0
2022,39,Chaco,2022-09-26,22,1142963,0,0.0,20.40714285714286,0.0,56.92857142857143,0.0
2022,40,Chaco,2022-10-03,22,1142963,0,0.0,19.607142857142858,34.3,57.64285714285714,1.5
2022,41,Chaco,2022-10-10,22,1142963,0,0.0,19.892857142857142,0.0,62.85714285714285,0.0
2022,42,Chaco,2022-10-17,22,1142963,0,0.0,21.707142857142856,18.25,72.57142857142857,1.0
2022,43,Chaco,2022-10-24,22,1142963,0,0.0,26.15714285714286,21.0,57.21428571428572,1.5
2022,44,Chaco,2022-10-31,22,1142963,0,0.0,18.70714285714286,0.0,52.0,0.0
2022,45,Chaco,2022-11-07,22,1142963,0,0.0,23.35,48.85,62.71428571428571,3.0
2022,46,Chaco,2022-11-14,22,1142963,0,0.0,25.035714285714285,19.5,57.5,1.5
2022,47,Chaco,2022-11-21,22,1142963,0,0.0,24.25714285714286,0.6,60.35714285714286,0.0
2022,48,Chaco,2022-11-28,22,1142963,0,0.0,26.892857142857142,36.5,62.71428571428572,2.0
2022,49,Chaco,2022-12-05,22,1142963,0,0.0,29.99285714285714,10.0,62.642857142857146,1.0
2022,50,Chaco,2022-12-12,22,1142963,0,0.0,26.2,4.05,54.42857142857143,0.5
2023,1,Chaco,2023-01-02,22,1142963,17,1.4873622330731617,26.52142857142857,0.1,53.85714285714285,0.0
2023,2,Chaco,2023-01-09,22,1142963,7,0.6124432724418901,27.07857142857143,57.49999999999999,60.21428571428572,1.0
2023,3,Chaco,2023-01-16,22,1142963,2,0.1749837921262543,30.06428571428572,0.0,57.21428571428572,0.0
2023,4,Chaco,2023-01-23,22,1142963,2,0.1749837921262543,29.457142857142856,14.0,62.92857142857143,1.0
2023,5,Chaco,2023-01-30,22,1142963,6,0.5249513763787629,26.75714285714286,5.0,65.71428571428571,0.5
2023,6,Chaco,2023-02-06,22,1142963,5,0.43745948031563575,30.02142857142857,13.5,55.142857142857146,1.0
2023,7,Chaco,2023-02-13,22,1142963,2,0.1749837921262543,24.40714285714286,24.0,59.64285714285714,1.5
2023,8,Chaco,2023-02-20,22,1142963,5,0.43745948031563575,25.09285714285714,28.5,69.78571428571428,2.5
2023,9,Chaco,2023-02-27,22,1142963,5,0.43745948031563575,25.77142857142857,43.25,78.64285714285714,2.0
2023,10,Chaco,2023-03-06,22,1142963,7,0.6124432724418901,27.00714285714286,2.5,74.21428571428572,0.5
2023,11,Chaco,2023-03-13,22,1142963,17,1.4873622330731617,27.37142857142857,17.65,78.21428571428572,2.0
2023,12,Chaco,2023-03-20,22,1142963,62,5.4244975559138835,27.1,13.25,76.14285714285714,1.0
2023,13,Chaco,2023-03-27,22,1142963,227,19.860660406329863,25.457142857142856,13.3,67.64285714285714,1.0
2023,14,Chaco,2023-04-03,22,1142963,316,27.64743915594818,22.42142857142857,27.5,79.28571428571429,1.5
2023,15,Chaco,2023-04-10,22,1142963,791,69.20608978593359,22.392857142857142,41.0,80.21428571428572,1.5
2023,16,Chaco,2023-04-17,22,1142963,821,71.83084666782739,18.57857142857143,1.5,76.14285714285714,0.5
2023,17,Chaco,2023-04-24,22,1142963,844,73.84316027727931,20.285714285714285,8.0,81.85714285714286,2.0
2023,18,Chaco,2023-05-01,22,1142963,774,67.71872755286041,16.74285714285714,51.65,93.5,4.0
2023,19,Chaco,2023-05-08,22,1142963,765,66.93130048829227,15.892857142857142,0.0,80.14285714285714,0.0
2023,20,Chaco,2023-05-15,22,1142963,946,82.76733367571829,19.7,23.9,80.21428571428571,2.0
2023,21,Chaco,2023-05-22,22,1142963,806,70.51846822688049,21.47142857142857,0.1,79.92857142857143,0.0
2023,22,Chaco,2023-05-29,22,1142963,1308,114.43940005057031,19.478571428571428,12.65,81.42857142857143,0.5
2023,23,Chaco,2023-06-05,22,1142963,1045,91.42903138596787,21.257142857142856,1.0,75.21428571428572,0.5
2023,24,Chaco,2023-06-12,22,1142963,719,62.90667326938843,10.407142857142857,0.0,77.92857142857143,0.0
2023,25,Chaco,2023-06-19,22,1142963,296,25.897601234685634,18.15714285714286,3.15,84.21428571428572,0.5
2023,26,Chaco,2023-06-26,22,1142963,356,31.147114998473267,20.200000000000003,0.0,73.42857142857143,0.0
2023,27,Chaco,2023-07-03,22,1142963,504,44.09591561581608,21.3,1.8,77.07142857142858,0.5
2023,28,Chaco,2023-07-10,22,1142963,515,45.05832647251049,14.264285714285716,8.3,81.35714285714286,1.5
2023,29,Chaco,2023-07-17,22,1142963,208,18.198314381130448,17.442857142857143,0.0,65.64285714285714,0.0
2023,30,Chaco,2023-07-24,22,1142963,130,11.37394648820653,13.992857142857142,2.3000000000000003,77.42857142857143,0.5
2023,31,Chaco,2023-07-31,22,1142963,144,12.59883303309031,24.642857142857142,0.5,61.21428571428572,0.0
2023,32,Chaco,2023-08-07,22,1142963,216,18.898249549635462,17.75,0.05,65.35714285714286,0.0
2023,33,Chaco,2023-08-14,22,1142963,183,16.011016979552267,20.878571428571423,18.9,64.42857142857143,1.0
2023,34,Chaco,2023-08-21,22,1142963,117,10.236551839385877,18.88571428571429,0.0,56.285714285714285,0.0
2023,35,Chaco,2023-08-28,22,1142963,103,9.011665294502096,20.41428571428572,68.9,64.78571428571428,2.5
2023,36,Chaco,2023-09-04,22,1142963,91,7.96176254174457,17.34285714285714,7.650000000000001,83.14285714285714,1.5
2023,37,Chaco,2023-09-11,22,1142963,91,7.96176254174457,21.057142857142857,9.0,62.0,1.5
2023,38,Chaco,2023-09-18,22,1142963,102,8.92417339843897,24.292857142857144,0.1,70.71428571428572,0.0
2023,39,Chaco,2023-09-25,22,1142963,108,9.449124774817731,19.292857142857144,0.0,64.57142857142857,0.0
2023,40,Chaco,2023-10-02,22,1142963,88,7.699286853555189,22.77857142857143,2.5,48.92857142857143,0.5
2023,41,Chaco,2023-10-09,22,1142963,103,9.011665294502096,22.185714285714283,0.3,49.5,0.0
2023,42,Chaco,2023-10-16,22,1142963,143,12.511341137027182,25.97142857142857,20.35,70.64285714285714,2.0
2023,43,Chaco,2023-10-23,22,1142963,117,10.236551839385877,24.27142857142857,60.25,73.92857142857142,3.5
2023,44,Chaco,2023-10-30,22,1142963,142,12.423849240964055,20.12142857142857,3.45,76.35714285714286,1.0
2023,45,Chaco,2023-11-06,22,1142963,200,17.49837921262543,30.257142857142856,7.75,57.5,1.0
2023,46,Chaco,2023-11-13,22,1142963,215,18.810757653572338,24.464285714285715,84.0,80.64285714285714,3.0
2023,47,Chaco,2023-11-20,22,1142963,377,32.98444481579894,26.7,15.6,65.64285714285714,1.0
2023,48,Chaco,2023-11-27,22,1142963,529,46.28321301739426,27.20714285714286,22.3,77.5,3.0
2023,49,Chaco,2023-12-04,22,1142963,562,49.17044558747746,24.892857142857142,19.55,74.71428571428572,1.5
2023,50,Chaco,2023-12-11,22,1142963,882,77.16785232767815,30.12857142857143,35.900000000000006,65.64285714285714,1.5
2023,51,Chaco,2023-12-18,22,1142963,1062,92.91639361904103,26.27142857142857,75.6,80.28571428571428,3.5
2023,52,Chaco,2023-12-25,22,1142963,1286,112.51457833718152,26.07857142857143,38.05,73.07142857142858,2.0
2024,1,Chaco,2024-01-01,22,1142963,1845,161.4225482364696,27.971428571428568,0.0,65.28571428571429,0.0
2024,2,Chaco,2024-01-08,22,1142963,2248,196.68178234990984,27.685714285714287,60.4,73.64285714285714,1.0
2024,3,Chaco,2024-01-15,22,1142963,2266,198.2566364790461,27.55,5.25,75.35714285714286,1.0
2024,4,Chaco,2024-01-22,22,1142963,2612,228.52883251688814,26.442857142857143,0.0,60.57142857142857,0.0
2024,5,Chaco,2024-01-29,22,1142963,1973,172.62151093254985,30.52142857142857,2.0,52.64285714285714,0.5
2024,6,Chaco,2024-02-05,22,1142963,1815,158.7977913545758,30.83571428571429,16.549999999999997,63.78571428571428,2.0
2024,7,Chaco,2024-02-12,22,1142963,990,86.61697710249588,25.25,61.5,74.92857142857143,2.0
2024,8,Chaco,2024-02-19,22,1142963,978,85.56707434973836,28.25,21.5,69.07142857142857,2.0
2024,9,Chaco,2024-02-26,22,1142963,668,58.444586570168944,27.064285714285717,175.85,83.78571428571429,5.0
2024,10,Chaco,2024-03-04,22,1142963,497,43.483472343374196,26.82142857142857,16.65,75.57142857142858,0.5
2024,11,Chaco,2024-03-11,22,1142963,621,54.33246745520196,31.13571428571429,23.75,67.21428571428572,1.0
2024,12,Chaco,2024-03-18,22,1142963,774,67.71872755286041,26.542857142857144,35.25,74.0,1.5
2024,13,Chaco,2024-03-25,22,1142963,464,40.596239773290996,26.392857142857142,0.5,72.42857142857143,0.0
2024,14,Chaco,2024-04-01,22,1142963,442,38.6714180599022,25.40714285714286,70.94999999999999,84.07142857142858,3.5
2024,15,Chaco,2024-04-08,22,1142963,469,41.033699253606635,21.935714285714283,138.05,92.0,4.5
2024,16,Chaco,2024-04-15,22,1142963,481,42.08360200636416,20.50714285714286,20.65,79.57142857142857,0.5
2024,17,Chaco,2024-04-22,22,1142963,519,45.40829405676299,24.31428571428572,25.65,87.5,2.0
2024,18,Chaco,2024-04-29,22,1142963,475,41.5586506299854,22.0,23.5,89.0,2.5
2024,19,Chaco,2024-05-06,22,1142963,432,37.796499099270925,20.685714285714283,8.200000000000001,78.92857142857143,1.5
2024,20,Chaco,2024-05-13,22,1142963,334,29.222293285084472,12.635714285714286,0.0,78.35714285714286,0.0
2024,21,Chaco,2024-05-20,22,1142963,132,11.548930280332785,12.95,5.55,82.42857142857143,1.0
2024,22,Chaco,2024-05-27,22,1142963,92,8.049254437807699,13.278571428571428,0.0,78.64285714285714,0.0
2024,23,Chaco,2024-06-03,22,1142963,60,5.249513763787629,19.82857142857143,0.0,72.42857142857142,0.0
2024,24,Chaco,2024-06-10,22,1142963,98,8.574205814186461,23.807142857142857,0.55,68.42857142857143,0.5
2024,25,Chaco,2024-06-17,22,1142963,70,6.1244327244189005,21.285714285714285,0.1,85.64285714285714,0.0
2024,26,Chaco,2024-06-24,22,1142963,66,5.7744651401663925,10.714285714285714,0.0,72.42857142857143,0.0
2024,27,Chaco,2024-07-01,22,1142963,2,0.1749837921262543,13.907142857142858,0.0,62.57142857142857,0.0
2024,28,Chaco,2024-07-08,22,1142963,0,0.0,7.228571428571429,0.0,67.5,0.0
2024,29,Chaco,2024-07-15,22,1142963,0,0.0,15.79285714285714,0.0,75.35714285714286,0.0
2024,30,Chaco,2024-07-22,22,1142963,0,0.0,19.057142857142857,4.5,73.35714285714286,0.5
2024,31,Chaco,2024-07-29,22,1142963,0,0.0,20.628571428571423,0.0,60.285714285714285,0.0
2024,32,Chaco,2024-08-05,22,1142963,1,0.08749189606312716,14.178571428571429,48.05,68.64285714285714,1.5
2024,33,Chaco,2024-08-12,22,1142963,0,0.0,16.714285714285715,0.0,64.07142857142857,0.0
2024,34,Chaco,2024-08-19,22,1142963,0,0.0,13.07857142857143,49.35,81.5,2.0
2024,35,Chaco,2024-08-26,22,1142963,0,0.0,14.87857142857143,0.0,70.64285714285714,0.0
2024,36,Chaco,2024-09-02,22,1142963,0,0.0,18.107142857142858,0.0,67.21428571428572,0.0
2024,37,Chaco,2024-09-09,22,1142963,0,0.0,19.114285714285717,1.05,73.28571428571428,0.5
2024,38,Chaco,2024-09-16,22,1142963,0,0.0,24.057142857142857,15.5,62.21428571428571,1.0
2024,39,Chaco,2024-09-23,22,1142963,0,0.0,21.728571428571428,25.0,75.07142857142857,1.5
2024,40,Chaco,2024-09-30,22,1142963,0,0.0,23.964285714285715,3.75,58.85714285714286,1.0
2024,41,Chaco,2024-10-07,22,1142963,0,0.0,21.442857142857143,26.2,77.71428571428572,2.0
2024,42,Chaco,2024-10-14,22,1142963,0,0.0,23.335714285714285,44.2,76.57142857142858,1.5
2024,43,Chaco,2024-10-21,22,1142963,0,0.0,24.792857142857144,3.4,63.85714285714286,0.5
2024,44,Chaco,2024-10-28,22,1142963,0,0.0,25.292857142857144,19.3,69.0,1.0
2024,45,Chaco,2024-11-04,22,1142963,0,0.0,24.72142857142857,161.25,75.07142857142857,3.0
2024,46,Chaco,2024-11-11,22,1142963,0,0.0,24.15,56.1,62.285714285714285,1.0
2024,47,Chaco,2024-11-18,22,1142963,0,0.0,25.292857142857144,11.5,77.42857142857143,1.5
2024,48,Chaco,2024-11-25,22,1142963,0,0.0,27.17142857142857,103.0,77.35714285714286,5.0
2024,49,Chaco,2024-12-02,22,1142963,0,0.0,23.942857142857143,46.400000000000006,69.71428571428572,2.5
2024,50,Chaco,2024-12-09,22,1142963,0,0.0,23.85,56.85,74.78571428571428,3.0
2024,51,Chaco,2024-12-16,22,1142963,0,0.0,25.31428571428572,24.5,70.0,1.0
2024,52,Chaco,2024-12-23,22,1142963,0,0.0,23.51428571428572,18.75,66.92857142857143,1.5
2025,1,Chaco,2024-12-30,22,1142963,0,0.0,27.27857142857143,1.9,59.64285714285714,0.5
2025,2,Chaco,2025-01-06,22,1142963,0,0.0,27.692857142857143,0.0,50.35714285714286,0.0
2025,3,Chaco,2025-01-13,22,1142963,0,0.0,29.042857142857144,0.15,54.71428571428572,0.0
2025,4,Chaco,2025-01-20,22,1142963,0,0.0,27.557142857142857,8.7,66.07142857142857,2.0
2025,5,Chaco,2025-01-27,22,1142963,0,0.0,27.77142857142857,32.95,66.07142857142857,1.5
2025,6,Chaco,2025-02-03,22,1142963,0,0.0,32.67142857142858,1.0,51.85714285714286,0.5
2025,7,Chaco,2025-02-10,22,1142963,1,0.08749189606312716,31.50714285714286,8.5,56.5,0.5
2025,8,Chaco,2025-02-17,22,1142963,1,0.08749189606312716,29.057142857142857,4.5,66.28571428571429,1.0
2025,9,Chaco,2025-02-24,22,1142963,0,0.0,31.9,0.15,55.35714285714286,0.0
2025,10,Chaco,2025-03-03,22,1142963,0,0.0,31.05,0.65,51.57142857142857,0.0
2025,11,Chaco,2025-03-10,22,1142963,1,0.08749189606312716,24.77857142857143,0.25,51.92857142857143,0.0
2025,12,Chaco,2025-03-17,22,1142963,1,0.08749189606312716,24.76428571428572,53.400000000000006,65.85714285714286,2.0
2025,13,Chaco,2025-03-24,22,1142963,0,0.0,24.664285714285715,114.6,86.57142857142857,4.0
2025,14,Chaco,2025-03-31,22,1142963,2,0.1749837921262543,18.32857142857143,15.8,80.14285714285714,2.5
2025,15,Chaco,2025-04-07,22,1142963,0,0.0,19.35,3.9,81.85714285714286,1.0
2025,16,Chaco,2025-04-14,22,1142963,0,0.0,21.564285714285717,0.0,68.78571428571428,0.0
2025,17,Chaco,2025-04-21,22,1142963,0,0.0,20.90714285714285,4.05,78.57142857142858,1.0
2025,18,Chaco,2025-04-28,22,1142963,0,0.0,18.685714285714287,22.2,74.5,1.5
2025,19,Chaco,2025-05-05,22,1142963,1,0.08749189606312716,21.84285714285714,188.4,87.78571428571428,4.5
2025,20,Chaco,2025-05-12,22,1142963,4,0.3499675842525086,22.02857142857143,25.3,79.85714285714286,1.5
2025,21,Chaco,2025-05-19,22,1142963,3,0.26247568818938144,19.285714285714285,17.450000000000003,88.42857142857143,4.0
2025,22,Chaco,2025-05-26,22,1142963,0,0.0,12.65,9.75,81.5,1.0
2025,23,Chaco,2025-06-02,22,1142963,0,0.0,15.357142857142858,0.75,85.42857142857143,0.5
2025,24,Chaco,2025-06-09,22,1142963,0,0.0,13.142857142857142,47.900000000000006,81.07142857142858,1.5
2025,25,Chaco,2025-06-16,22,1142963,0,0.0,14.35,28.5,93.42857142857144,2.5
2025,26,Chaco,2025-06-23,22,1142963,0,0.0,9.564285714285711,0.0,76.28571428571428,0.0
2025,27,Chaco,2025-06-30,22,1142963,0,0.0,9.721428571428572,0.0,72.92857142857143,0.0
2025,28,Chaco,2025-07-07,22,1142963,0,0.0,18.02142857142857,0.0,76.64285714285714,0.0
2025,29,Chaco,2025-07-14,22,1142963,0,0.0,14.85,0.15,71.0,0.0
2025,30,Chaco,2025-07-21,22,1142963,0,0.0,17.707142857142856,22.35,84.14285714285714,2.0
2025,31,Chaco,2025-07-28,22,1142963,0,0.0,17.892857142857146,0.0,71.85714285714286,0.0
2025,32,Chaco,2025-08-04,22,1142963,0,0.0,13.55,1.75,74.07142857142857,0.5
2025,33,Chaco,2025-08-11,22,1142963,0,0.0,14.342857142857142,0.05,72.35714285714286,0.0
2025,34,Chaco,2025-08-18,22,1142963,0,0.0,17.0,47.3,74.21428571428572,3.5
2025,35,Chaco,2025-08-25,22,1142963,0,0.0,17.49285714285714,3.8,67.64285714285714,1.0
2025,36,Chaco,2025-09-01,22,1142963,0,0.0,14.492857142857144,8.1,74.5,1.0
2025,37,Chaco,2025-09-08,22,1142963,0,0.0,19.58571428571428,28.75,73.28571428571428,2.0
2025,38,Chaco,2025-09-15,22,1142963,0,0.0,24.27142857142857,36.0,75.64285714285714,2.0
2025,39,Chaco,2025-09-22,22,1142963,0,0.0,19.3,22.5,65.64285714285714,1.0
2025,40,Chaco,2025-09-29,22,1142963,0,0.0,23.335714285714285,52.2,79.92857142857143,2.5
2025,41,Chaco,2025-10-06,22,1142963,0,0.0,19.8,18.5,66.64285714285714,1.0
2025,42,Chaco,2025-10-13,22,1142963,0,0.0,21.34285714285714,65.0,70.07142857142857,2.0
2018,1,Chubut,2018-01-01,26,603120,0,0.0,17.428571428571427,2.766666666666667,44.095238095238095,0.6666666666666666
2018,2,Chubut,2018-01-08,26,603120,0,0.0,21.91904761904762,0.1333333333333333,40.71428571428572,0.0
2018,3,Chubut,2018-01-15,26,603120,0,0.0,21.566666666666663,0.0,43.8095238095238,0.0
2018,4,Chubut,2018-01-22,26,603120,0,0.0,19.42857142857143,0.1999999999999999,39.90476190476191,0.0
2018,5,Chubut,2018-01-29,26,603120,0,0.0,22.176190476190477,1.6666666666666667,39.76190476190476,0.3333333333333333
2018,6,Chubut,2018-02-05,26,603120,0,0.0,17.004761904761907,5.533333333333334,48.66666666666666,1.3333333333333333
2018,7,Chubut,2018-02-12,26,603120,0,0.0,22.609523809523807,0.0,42.42857142857142,0.0
2018,8,Chubut,2018-02-19,26,603120,0,0.0,18.77142857142857,0.0,45.76190476190476,0.0
2018,9,Chubut,2018-02-26,26,603120,0,0.0,19.242857142857144,1.0,48.80952380952382,0.3333333333333333
2018,10,Chubut,2018-03-05,26,603120,0,0.0,17.652380952380952,4.0,49.23809523809524,1.3333333333333333
2018,11,Chubut,2018-03-12,26,603120,0,0.0,13.847619047619048,1.8333333333333333,47.04761904761904,0.3333333333333333
2018,12,Chubut,2018-03-19,26,603120,0,0.0,12.133333333333333,6.133333333333333,53.61904761904762,1.0
2018,13,Chubut,2018-03-26,26,603120,0,0.0,14.78095238095238,0.0333333333333333,52.95238095238096,0.0
2018,14,Chubut,2018-04-02,26,603120,0,0.0,13.152380952380952,11.7,54.95238095238096,1.3333333333333333
2018,15,Chubut,2018-04-09,26,603120,0,0.0,12.752380952380951,6.333333333333333,53.19047619047618,0.6666666666666666
2018,16,Chubut,2018-04-16,26,603120,0,0.0,15.09047619047619,3.4,47.285714285714285,0.6666666666666666
2018,17,Chubut,2018-04-23,26,603120,0,0.0,9.428571428571429,2.0,57.95238095238096,0.6666666666666666
2018,18,Chubut,2018-04-30,26,603120,0,0.0,8.49047619047619,2.0,61.14285714285714,0.6666666666666666
2018,19,Chubut,2018-05-07,26,603120,0,0.0,11.19047619047619,3.333333333333333,67.85714285714285,0.6666666666666666
2018,20,Chubut,2018-05-14,26,603120,0,0.0,6.504761904761904,17.099999999999998,79.09523809523809,2.0
2018,21,Chubut,2018-05-21,26,603120,0,0.0,9.447619047619048,2.6666666666666665,60.523809523809526,0.3333333333333333
2018,22,Chubut,2018-05-28,26,603120,0,0.0,3.647619047619048,0.0,70.47619047619048,0.0
2018,23,Chubut,2018-06-04,26,603120,0,0.0,4.161904761904762,11.733333333333334,69.52380952380952,1.6666666666666667
2018,24,Chubut,2018-06-11,26,603120,0,0.0,3.952380952380953,3.4,73.61904761904762,0.6666666666666666
2018,25,Chubut,2018-06-18,26,603120,0,0.0,5.961904761904762,3.8666666666666663,58.47619047619048,0.3333333333333333
2018,26,Chubut,2018-06-25,26,603120,0,0.0,5.371428571428571,7.466666666666666,59.142857142857146,1.0
2018,27,Chubut,2018-07-02,26,603120,0,0.0,0.8095238095238094,1.1,79.24761904761904,0.3333333333333333
2019,1,Chubut,2018-12-31,26,603120,0,0.0,17.333333333333332,0.3333333333333333,40.85714285714286,0.0
2019,2,Chubut,2019-01-07,26,603120,0,0.0,15.714285714285715,3.0,41.42857142857142,1.0
2019,3,Chubut,2019-01-14,26,603120,0,0.0,21.633333333333336,0.0,33.333333333333336,0.0
2019,4,Chubut,2019-01-21,26,603120,0,0.0,18.64761904761905,0.0,37.80952380952381,0.0
2019,5,Chubut,2019-01-28,26,603120,0,0.0,18.904761904761905,0.2666666666666666,40.095238095238095,0.0
2019,6,Chubut,2019-02-04,26,603120,0,0.0,20.019047619047623,0.1333333333333333,40.66666666666666,0.0
2019,7,Chubut,2019-02-11,26,603120,0,0.0,22.347619047619048,0.0,38.19047619047619,0.0
2019,8,Chubut,2019-02-18,26,603120,0,0.0,14.71904761904762,2.6,45.76190476190476,0.6666666666666666
2019,9,Chubut,2019-02-25,26,603120,0,0.0,15.17142857142857,4.4,55.1904761904762,1.0
2019,10,Chubut,2019-03-04,26,603120,0,0.0,16.69047619047619,8.9,45.61904761904762,1.0
2019,11,Chubut,2019-03-11,26,603120,0,0.0,16.31904761904762,24.8,64.61904761904762,1.6666666666666667
2019,12,Chubut,2019-03-18,26,603120,0,0.0,13.009523809523811,3.333333333333333,59.04761904761904,0.6666666666666666
2019,13,Chubut,2019-03-25,26,603120,0,0.0,16.61904761904762,0.0,52.76190476190476,0.0
2019,14,Chubut,2019-04-01,26,603120,0,0.0,16.08095238095238,0.0,48.285714285714285,0.0
2019,15,Chubut,2019-04-08,26,603120,0,0.0,13.05714285714286,3.733333333333333,57.61904761904762,0.3333333333333333
2019,16,Chubut,2019-04-15,26,603120,0,0.0,12.1,2.6666666666666665,55.85714285714286,0.3333333333333333
2019,17,Chubut,2019-04-22,26,603120,0,0.0,11.60952380952381,4.933333333333334,66.90476190476191,0.6666666666666666
2019,18,Chubut,2019-04-29,26,603120,0,0.0,8.614285714285714,20.466666666666665,64.57142857142857,2.333333333333333
2019,19,Chubut,2019-05-06,26,603120,0,0.0,10.885714285714286,0.0,66.76190476190476,0.0
2019,20,Chubut,2019-05-13,26,603120,0,0.0,10.39047619047619,0.0,56.95238095238096,0.0
2019,21,Chubut,2019-05-20,26,603120,0,0.0,7.447619047619047,0.0,59.14285714285714,0.0
2019,22,Chubut,2019-05-27,26,603120,0,0.0,4.771428571428571,4.4,75.6190476190476,1.0
2019,23,Chubut,2019-06-03,26,603120,0,0.0,10.038095238095238,19.43333333333333,56.28571428571428,1.3333333333333333
2019,24,Chubut,2019-06-10,26,603120,0,0.0,4.876190476190477,26.066666666666663,77.76190476190476,2.333333333333333
2019,25,Chubut,2019-06-17,26,603120,0,0.0,8.299999999999999,16.0,71.61904761904762,1.3333333333333333
2019,26,Chubut,2019-06-24,26,603120,0,0.0,2.857142857142857,7.3,71.14285714285714,1.3333333333333333
2019,27,Chubut,2019-07-01,26,603120,0,0.0,3.8095238095238098,4.0,73.85714285714285,0.6666666666666666
2019,28,Chubut,2019-07-08,26,603120,0,0.0,6.366666666666667,0.2666666666666666,74.66666666666667,0.0
2019,29,Chubut,2019-07-15,26,603120,0,0.0,5.976190476190475,25.933333333333334,68.04761904761905,2.333333333333333
2019,30,Chubut,2019-07-22,26,603120,0,0.0,5.714285714285714,1.1666666666666667,61.333333333333336,0.3333333333333333
2019,31,Chubut,2019-07-29,26,603120,0,0.0,8.176190476190476,6.8,59.85714285714285,1.0
2019,32,Chubut,2019-08-05,26,603120,0,0.0,6.552380952380951,7.966666666666666,58.71428571428572,1.6666666666666667
2019,33,Chubut,2019-08-12,26,603120,0,0.0,3.1523809523809523,2.966666666666667,74.76190476190476,1.0
2019,34,Chubut,2019-08-19,26,603120,0,0.0,7.0,4.733333333333333,69.57142857142857,1.3333333333333333
2019,35,Chubut,2019-08-26,26,603120,0,0.0,7.695238095238095,10.1,51.76190476190476,0.3333333333333333
2019,36,Chubut,2019-09-02,26,603120,0,0.0,4.309523809523809,1.7,68.47619047619048,0.3333333333333333
2019,37,Chubut,2019-09-09,26,603120,0,0.0,7.061904761904761,2.966666666666667,63.523809523809526,1.0
2019,38,Chubut,2019-09-16,26,603120,0,0.0,9.023809523809524,3.133333333333333,45.95238095238096,0.3333333333333333
2019,39,Chubut,2019-09-23,26,603120,0,0.0,14.166666666666666,0.6666666666666666,48.61904761904762,0.3333333333333333
2019,40,Chubut,2019-09-30,26,603120,0,0.0,8.314285714285715,1.1333333333333333,51.095238095238095,0.3333333333333333
2019,41,Chubut,2019-10-07,26,603120,0,0.0,10.7,1.1333333333333333,50.1904761904762,0.3333333333333333
2019,42,Chubut,2019-10-14,26,603120,0,0.0,12.876190476190477,2.0,51.8095238095238,0.6666666666666666
2019,43,Chubut,2019-10-21,26,603120,0,0.0,12.585714285714284,0.7000000000000001,52.90476190476191,0.0
2019,44,Chubut,2019-10-28,26,603120,0,0.0,13.242857142857142,3.766666666666667,48.80952380952382,1.0
2019,45,Chubut,2019-11-04,26,603120,0,0.0,13.223809523809525,0.2666666666666666,43.095238095238095,0.0
2019,46,Chubut,2019-11-11,26,603120,0,0.0,16.43809523809524,5.6000000000000005,48.095238095238095,0.6666666666666666
2019,47,Chubut,2019-11-18,26,603120,0,0.0,16.81904761904762,2.8666666666666667,41.23809523809524,1.0
2019,48,Chubut,2019-11-25,26,603120,0,0.0,14.038095238095238,1.3333333333333333,45.85714285714285,0.3333333333333333
2019,49,Chubut,2019-12-02,26,603120,0,0.0,16.400000000000002,19.5,50.76190476190476,1.0
2019,50,Chubut,2019-12-09,26,603120,0,0.0,17.147619047619045,0.0,42.523809523809526,0.0
2019,51,Chubut,2019-12-16,26,603120,0,0.0,18.44761904761905,0.4333333333333333,39.57142857142858,0.0
2019,52,Chubut,2019-12-23,26,603120,0,0.0,18.090476190476192,1.2333333333333334,42.71428571428572,0.3333333333333333
2020,1,Chubut,2019-12-30,26,603120,0,0.0,20.23333333333333,1.6,50.85714285714286,0.3333333333333333
2020,2,Chubut,2020-01-06,26,603120,0,0.0,16.447619047619046,11.133333333333333,45.23809523809524,0.6666666666666666
2020,3,Chubut,2020-01-13,26,603120,0,0.0,19.423809523809524,0.0333333333333333,41.19047619047619,0.0
2020,4,Chubut,2020-01-20,26,603120,0,0.0,21.52380952380952,0.0,41.66666666666666,0.0
2020,5,Chubut,2020-01-27,26,603120,0,0.0,18.88571428571429,1.3333333333333333,41.95238095238096,0.3333333333333333
2020,6,Chubut,2020-02-03,26,603120,0,0.0,15.633333333333333,15.666666666666666,61.90476190476191,2.333333333333333
2020,7,Chubut,2020-02-10,26,603120,0,0.0,19.11904761904762,1.5666666666666669,47.61904761904762,0.3333333333333333
2020,8,Chubut,2020-02-17,26,603120,0,0.0,16.757142857142856,1.0,44.80952380952382,0.3333333333333333
2020,9,Chubut,2020-02-24,26,603120,0,0.0,19.37619047619048,0.0666666666666666,51.52380952380952,0.0
2020,10,Chubut,2020-03-02,26,603120,0,0.0,19.91904761904762,0.3,52.76190476190476,0.0
2020,11,Chubut,2020-03-09,26,603120,0,0.0,16.56190476190476,4.666666666666667,58.71428571428572,0.3333333333333333
2020,12,Chubut,2020-03-16,26,603120,0,0.0,17.604761904761904,1.3333333333333333,54.333333333333336,0.3333333333333333
2020,13,Chubut,2020-03-23,26,603120,0,0.0,16.7,0.0,53.523809523809526,0.0
2020,14,Chubut,2020-03-30,26,603120,0,0.0,13.095238095238097,0.7666666666666666,51.19047619047618,0.0
2020,15,Chubut,2020-04-06,26,603120,0,0.0,13.276190476190475,1.5666666666666669,49.23809523809524,0.3333333333333333
2020,16,Chubut,2020-04-13,26,603120,1,0.16580448335322986,14.985714285714286,8.133333333333335,61.04761904761904,1.3333333333333333
2020,17,Chubut,2020-04-20,26,603120,0,0.0,9.714285714285714,10.066666666666666,72.04761904761905,1.6666666666666667
2020,18,Chubut,2020-04-27,26,603120,0,0.0,11.509523809523808,1.6000000000000003,73.47619047619048,0.3333333333333333
2020,19,Chubut,2020-05-04,26,603120,0,0.0,10.423809523809524,18.566666666666663,68.66666666666667,1.6666666666666667
2020,20,Chubut,2020-05-11,26,603120,0,0.0,10.814285714285717,14.166666666666666,61.95238095238096,1.6666666666666667
2020,21,Chubut,2020-05-18,26,603120,0,0.0,9.314285714285717,6.3,58.23809523809524,1.0
2020,22,Chubut,2020-05-25,26,603120,0,0.0,6.333333333333333,7.9333333333333345,70.09523809523809,0.6666666666666666
2020,23,Chubut,2020-06-01,26,603120,0,0.0,8.652380952380952,2.1,56.52380952380952,0.6666666666666666
2020,24,Chubut,2020-06-08,26,603120,0,0.0,6.880952380952382,12.733333333333334,63.095238095238095,1.6666666666666667
2020,25,Chubut,2020-06-15,26,603120,0,0.0,7.128571428571429,4.033333333333333,66.76190476190476,0.6666666666666666
2020,26,Chubut,2020-06-22,26,603120,1,0.16580448335322986,1.4904761904761905,13.166666666666666,76.95238095238095,2.333333333333333
2020,27,Chubut,2020-06-29,26,603120,0,0.0,3.376190476190476,16.400000000000002,87.42857142857143,3.0
2020,28,Chubut,2020-07-06,26,603120,0,0.0,2.638095238095238,9.0,72.19047619047619,1.0
2020,29,Chubut,2020-07-13,26,603120,0,0.0,3.29047619047619,10.266666666666666,81.33333333333333,1.3333333333333333
2020,30,Chubut,2020-07-20,26,603120,0,0.0,3.1666666666666665,20.83333333333333,79.85714285714285,3.333333333333333
2020,31,Chubut,2020-07-27,26,603120,0,0.0,5.371428571428571,0.0,64.28571428571429,0.0
2020,32,Chubut,2020-08-03,26,603120,0,0.0,7.123809523809523,5.800000000000001,58.333333333333336,0.6666666666666666
2020,33,Chubut,2020-08-10,26,603120,0,0.0,6.247619047619048,5.666666666666667,54.95238095238096,1.3333333333333333
2020,34,Chubut,2020-08-17,26,603120,0,0.0,7.619047619047618,0.3333333333333333,51.76190476190476,0.0
2020,35,Chubut,2020-08-24,26,603120,0,0.0,5.776190476190476,8.666666666666666,67.14285714285715,1.3333333333333333
2020,36,Chubut,2020-08-31,26,603120,0,0.0,7.085714285714286,0.0666666666666666,61.90476190476191,0.0
2020,37,Chubut,2020-09-07,26,603120,0,0.0,9.26190476190476,6.566666666666666,48.95238095238096,1.0
2020,38,Chubut,2020-09-14,26,603120,0,0.0,9.09047619047619,0.0666666666666666,47.333333333333336,0.0
2020,39,Chubut,2020-09-21,26,603120,0,0.0,11.6,0.0,44.0,0.0
2020,40,Chubut,2020-09-28,26,603120,0,0.0,7.5,5.766666666666667,53.333333333333336,1.0
2020,41,Chubut,2020-10-05,26,603120,0,0.0,11.795238095238096,1.5,44.57142857142858,0.3333333333333333
2020,42,Chubut,2020-10-12,26,603120,0,0.0,15.914285714285713,0.1999999999999999,37.57142857142858,0.0
2020,43,Chubut,2020-10-19,26,603120,0,0.0,12.95238095238095,0.1,48.04761904761904,0.0
2020,44,Chubut,2020-10-26,26,603120,0,0.0,14.42857142857143,0.0333333333333333,43.85714285714285,0.0
2020,45,Chubut,2020-11-02,26,603120,0,0.0,16.133333333333336,0.4666666666666666,51.42857142857142,0.0
2020,46,Chubut,2020-11-09,26,603120,0,0.0,17.06190476190476,0.1333333333333333,49.80952380952382,0.0
2020,47,Chubut,2020-11-16,26,603120,0,0.0,19.009523809523813,1.0666666666666669,45.80952380952382,0.3333333333333333
2020,48,Chubut,2020-11-23,26,603120,0,0.0,15.138095238095238,5.333333333333333,41.90476190476191,0.6666666666666666
2020,49,Chubut,2020-11-30,26,603120,0,0.0,16.695238095238096,0.0,40.57142857142858,0.0
2020,50,Chubut,2020-12-07,26,603120,0,0.0,17.21904761904762,2.6666666666666665,41.42857142857142,1.0
2020,51,Chubut,2020-12-14,26,603120,0,0.0,16.07142857142857,0.7000000000000001,44.57142857142858,0.3333333333333333
2020,52,Chubut,2020-12-21,26,603120,0,0.0,19.94761904761905,0.6666666666666666,44.71428571428572,0.3333333333333333
2020,53,Chubut,2020-12-28,26,603120,0,0.0,20.419047619047618,5.4,43.42857142857142,0.6666666666666666
2021,1,Chubut,2021-01-04,26,603120,0,0.0,18.071428571428573,0.5333333333333333,42.85714285714286,0.0
2021,2,Chubut,2021-01-11,26,603120,0,0.0,16.452380952380953,8.733333333333333,53.04761904761904,0.6666666666666666
2021,3,Chubut,2021-01-18,26,603120,0,0.0,22.80952380952381,0.0,45.66666666666666,0.0
2021,4,Chubut,2021-01-25,26,603120,0,0.0,16.10952380952381,0.1999999999999999,47.04761904761904,0.0
2021,5,Chubut,2021-02-01,26,603120,0,0.0,21.73333333333333,1.4333333333333331,47.47619047619048,0.3333333333333333
2021,6,Chubut,2021-02-08,26,603120,0,0.0,20.9,1.3333333333333333,52.61904761904762,0.3333333333333333
2021,7,Chubut,2021-02-15,26,603120,0,0.0,16.19047619047619,3.533333333333333,49.90476190476191,0.6666666666666666
2021,8,Chubut,2021-02-22,26,603120,0,0.0,19.995238095238093,1.3333333333333333,52.38095238095238,0.3333333333333333
2021,9,Chubut,2021-03-01,26,603120,0,0.0,18.65714285714286,10.6,63.71428571428572,1.6666666666666667
2021,10,Chubut,2021-03-08,26,603120,0,0.0,17.642857142857142,8.0,47.04761904761904,0.6666666666666666
2021,11,Chubut,2021-03-15,26,603120,0,0.0,14.8,5.666666666666667,55.47619047619048,0.6666666666666666
2021,12,Chubut,2021-03-22,26,603120,0,0.0,15.190476190476192,0.0,47.1904761904762,0.0
2021,13,Chubut,2021-03-29,26,603120,0,0.0,15.904761904761903,12.0,70.14285714285715,1.0
2021,14,Chubut,2021-04-05,26,603120,0,0.0,13.385714285714286,11.366666666666667,69.14285714285715,1.3333333333333333
2021,15,Chubut,2021-04-12,26,603120,0,0.0,15.552380952380952,0.0,53.80952380952382,0.0
2021,16,Chubut,2021-04-19,26,603120,0,0.0,11.71904761904762,19.133333333333333,72.6190476190476,2.0
2021,17,Chubut,2021-04-26,26,603120,0,0.0,13.233333333333334,6.666666666666667,62.142857142857146,1.3333333333333333
2021,18,Chubut,2021-05-03,26,603120,0,0.0,7.633333333333333,1.8333333333333333,64.61904761904762,0.3333333333333333
2021,19,Chubut,2021-05-10,26,603120,0,0.0,8.133333333333333,0.7000000000000001,66.38095238095238,0.3333333333333333
2021,20,Chubut,2021-05-17,26,603120,0,0.0,8.842857142857143,8.200000000000001,78.47619047619048,1.3333333333333333
2021,21,Chubut,2021-05-24,26,603120,0,0.0,7.076190476190476,17.700000000000003,64.09523809523809,1.6666666666666667
2021,22,Chubut,2021-05-31,26,603120,0,0.0,5.923809523809524,12.666666666666666,74.23809523809524,2.333333333333333
2021,23,Chubut,2021-06-07,26,603120,0,0.0,9.557142857142855,10.1,61.523809523809526,2.0
2021,24,Chubut,2021-06-14,26,603120,0,0.0,1.4190476190476191,0.0,76.33333333333333,0.0
2021,25,Chubut,2021-06-21,26,603120,0,0.0,4.90952380952381,2.3666666666666667,70.90476190476191,0.3333333333333333
2021,26,Chubut,2021-06-28,26,603120,0,0.0,7.266666666666667,1.3333333333333333,55.23809523809524,0.3333333333333333
2021,27,Chubut,2021-07-05,26,603120,0,0.0,8.042857142857144,6.333333333333333,59.142857142857146,1.0
2021,28,Chubut,2021-07-12,26,603120,0,0.0,5.614285714285714,0.1999999999999999,59.04761904761904,0.0
2021,29,Chubut,2021-07-19,26,603120,0,0.0,7.523809523809523,0.2666666666666666,57.57142857142858,0.0
2021,30,Chubut,2021-07-26,26,603120,0,0.0,6.571428571428572,0.0,54.80952380952382,0.0
2022,1,Chubut,2022-01-03,26,603120,0,0.0,21.01904761904762,0.2666666666666666,43.85714285714285,0.0
2022,2,Chubut,2022-01-10,26,603120,0,0.0,20.757142857142856,0.0333333333333333,37.04761904761904,0.0
2022,3,Chubut,2022-01-17,26,603120,0,0.0,15.766666666666666,21.9,58.23809523809524,2.0
2022,4,Chubut,2022-01-24,26,603120,0,0.0,19.766666666666666,0.3333333333333333,47.38095238095238,0.0
2022,5,Chubut,2022-01-31,26,603120,0,0.0,18.71904761904762,2.6666666666666665,52.57142857142858,0.6666666666666666
2022,6,Chubut,2022-02-07,26,603120,0,0.0,19.757142857142856,0.0,40.38095238095238,0.0
2022,7,Chubut,2022-02-14,26,603120,0,0.0,18.571428571428573,15.466666666666669,51.04761904761904,1.6666666666666667
2022,8,Chubut,2022-02-21,26,603120,0,0.0,15.676190476190476,17.366666666666664,60.23809523809524,1.3333333333333333
2022,9,Chubut,2022-02-28,26,603120,0,0.0,16.461904761904762,0.3,40.95238095238096,0.0
2022,10,Chubut,2022-03-07,26,603120,0,0.0,14.98095238095238,5.066666666666666,55.095238095238095,0.3333333333333333
2022,11,Chubut,2022-03-14,26,603120,0,0.0,14.58095238095238,4.533333333333333,50.23809523809524,1.3333333333333333
2022,12,Chubut,2022-03-21,26,603120,0,0.0,14.004761904761905,3.3666666666666667,54.095238095238095,0.6666666666666666
2022,13,Chubut,2022-03-28,26,603120,0,0.0,12.347619047619048,4.0,48.95238095238096,0.6666666666666666
2022,14,Chubut,2022-04-04,26,603120,0,0.0,12.78095238095238,33.36666666666667,72.47619047619048,2.333333333333333
2022,15,Chubut,2022-04-11,26,603120,0,0.0,12.63809523809524,0.4333333333333333,58.38095238095238,0.0
2022,16,Chubut,2022-04-18,26,603120,0,0.0,11.023809523809524,20.766666666666666,58.142857142857146,2.333333333333333
2022,17,Chubut,2022-04-25,26,603120,0,0.0,6.014285714285715,2.066666666666667,65.14285714285715,0.3333333333333333
2022,18,Chubut,2022-05-02,26,603120,0,0.0,13.60952380952381,0.5666666666666667,55.47619047619048,0.0
2022,19,Chubut,2022-05-09,26,603120,0,0.0,7.533333333333334,9.933333333333334,69.57142857142857,1.3333333333333333
2022,20,Chubut,2022-05-16,26,603120,0,0.0,7.371428571428571,18.23333333333333,66.04761904761905,1.0
2022,21,Chubut,2022-05-23,26,603120,0,0.0,2.1,4.666666666666667,68.80952380952381,0.6666666666666666
2022,22,Chubut,2022-05-30,26,603120,0,0.0,3.052380952380952,1.1,74.23809523809524,0.3333333333333333
2022,23,Chubut,2022-06-06,26,603120,0,0.0,6.1761904761904765,12.366666666666667,63.42857142857142,1.3333333333333333
2022,24,Chubut,2022-06-13,26,603120,0,0.0,5.228571428571429,7.033333333333334,69.76190476190476,1.0
2022,25,Chubut,2022-06-20,26,603120,0,0.0,0.3428571428571428,0.0,74.0952380952381,0.0
2022,26,Chubut,2022-06-27,26,603120,0,0.0,5.11904761904762,17.8,65.33333333333333,1.3333333333333333
2022,27,Chubut,2022-07-04,26,603120,0,0.0,5.29047619047619,12.966666666666669,65.23809523809524,1.3333333333333333
2022,28,Chubut,2022-07-11,26,603120,0,0.0,1.642857142857143,11.4,79.28571428571429,1.0
2022,29,Chubut,2022-07-18,26,603120,0,0.0,3.619047619047619,37.66666666666666,69.09523809523809,2.333333333333333
2022,30,Chubut,2022-07-25,26,603120,0,0.0,4.742857142857143,4.233333333333333,74.66666666666667,1.3333333333333333
2022,31,Chubut,2022-08-01,26,603120,0,0.0,3.333333333333333,11.8,75.76190476190476,1.6666666666666667
2022,32,Chubut,2022-08-08,26,603120,0,0.0,6.795238095238095,9.033333333333331,64.80952380952381,0.6666666666666666
2022,33,Chubut,2022-08-15,26,603120,0,0.0,7.242857142857143,0.3999999999999999,61.14285714285714,0.0
2022,34,Chubut,2022-08-22,26,603120,0,0.0,8.223809523809523,0.0666666666666666,51.57142857142858,0.0
2022,35,Chubut,2022-08-29,26,603120,0,0.0,10.166666666666666,0.0,49.90476190476191,0.0
2022,36,Chubut,2022-09-05,26,603120,0,0.0,8.647619047619047,9.633333333333333,62.0,1.6666666666666667
2022,37,Chubut,2022-09-12,26,603120,0,0.0,8.804761904761905,11.066666666666668,65.71428571428571,1.6666666666666667
2022,38,Chubut,2022-09-19,26,603120,0,0.0,7.171428571428571,61.3,74.0,1.6666666666666667
2022,39,Chubut,2022-09-26,26,603120,0,0.0,12.014285714285714,0.0,51.47619047619048,0.0
2022,40,Chubut,2022-10-03,26,603120,0,0.0,11.114285714285714,6.433333333333334,53.333333333333336,1.3333333333333333
2022,41,Chubut,2022-10-10,26,603120,0,0.0,11.166666666666666,0.0333333333333333,53.333333333333336,0.0
2022,42,Chubut,2022-10-17,26,603120,0,0.0,14.752380952380951,0.0,46.95238095238096,0.0
2022,43,Chubut,2022-10-24,26,603120,0,0.0,12.47142857142857,3.766666666666667,48.095238095238095,1.0
2022,44,Chubut,2022-10-31,26,603120,0,0.0,17.866666666666664,0.0,42.66666666666666,0.0
2022,45,Chubut,2022-11-07,26,603120,0,0.0,15.866666666666667,21.133333333333333,67.47619047619047,2.333333333333333
2022,46,Chubut,2022-11-14,26,603120,0,0.0,17.28571428571429,0.3333333333333333,46.61904761904762,0.0
2022,47,Chubut,2022-11-21,26,603120,0,0.0,18.485714285714288,0.0,45.95238095238096,0.0
2022,48,Chubut,2022-11-28,26,603120,0,0.0,18.228571428571428,0.0,41.85714285714285,0.0
2022,49,Chubut,2022-12-05,26,603120,0,0.0,18.019047619047612,4.466666666666667,44.04761904761904,1.0
2022,50,Chubut,2022-12-12,26,603120,0,0.0,18.52380952380952,1.0,41.90476190476191,0.3333333333333333
2023,1,Chubut,2023-01-02,26,603120,0,0.0,22.7,0.0,40.38095238095238,0.0
2023,2,Chubut,2023-01-09,26,603120,0,0.0,17.02857142857143,20.9,59.61904761904762,1.3333333333333333
2023,3,Chubut,2023-01-16,26,603120,0,0.0,21.28095238095238,3.8,57.80952380952382,1.0
2023,4,Chubut,2023-01-23,26,603120,0,0.0,19.37142857142857,1.3333333333333333,43.85714285714285,0.3333333333333333
2023,5,Chubut,2023-01-30,26,603120,0,0.0,21.704761904761902,0.0,45.523809523809526,0.0
2023,6,Chubut,2023-02-06,26,603120,0,0.0,21.114285714285717,0.0666666666666666,42.80952380952382,0.0
2023,7,Chubut,2023-02-13,26,603120,0,0.0,13.847619047619048,1.1,46.61904761904762,0.0
2023,8,Chubut,2023-02-20,26,603120,0,0.0,18.585714285714285,0.0333333333333333,41.1904761904762,0.0
2023,9,Chubut,2023-02-27,26,603120,0,0.0,19.50952380952381,0.0333333333333333,40.66666666666666,0.0
2023,10,Chubut,2023-03-06,26,603120,1,0.16580448335322986,18.82380952380953,0.7333333333333334,47.42857142857142,0.0
2023,11,Chubut,2023-03-13,26,603120,0,0.0,15.314285714285717,0.0333333333333333,52.333333333333336,0.0
2023,12,Chubut,2023-03-20,26,603120,0,0.0,14.90952380952381,0.0,52.19047619047618,0.0
2023,13,Chubut,2023-03-27,26,603120,0,0.0,12.542857142857144,5.133333333333333,47.61904761904762,1.0
2023,14,Chubut,2023-04-03,26,603120,1,0.16580448335322986,14.538095238095238,3.4333333333333336,53.66666666666666,0.3333333333333333
2023,15,Chubut,2023-04-10,26,603120,2,0.33160896670645973,8.361904761904762,2.5666666666666664,68.47619047619048,0.3333333333333333
2023,16,Chubut,2023-04-17,26,603120,2,0.33160896670645973,13.571428571428571,0.0666666666666666,55.95238095238096,0.0
2023,17,Chubut,2023-04-24,26,603120,0,0.0,12.114285714285714,12.8,62.095238095238095,1.0
2023,18,Chubut,2023-05-01,26,603120,0,0.0,10.957142857142856,1.3666666666666665,63.61904761904762,0.3333333333333333
2023,19,Chubut,2023-05-08,26,603120,0,0.0,11.852380952380951,3.266666666666667,67.42857142857143,1.0
2023,20,Chubut,2023-05-15,26,603120,0,0.0,10.104761904761904,2.7,52.19047619047618,0.6666666666666666
2023,21,Chubut,2023-05-22,26,603120,0,0.0,5.780952380952381,9.6,59.38095238095238,1.0
2023,22,Chubut,2023-05-29,26,603120,0,0.0,9.223809523809525,5.433333333333334,58.14285714285714,1.0
2023,23,Chubut,2023-06-05,26,603120,0,0.0,7.885714285714286,18.333333333333336,56.95238095238096,1.3333333333333333
2023,24,Chubut,2023-06-12,26,603120,0,0.0,3.647619047619048,0.6,69.80952380952381,0.0
2023,25,Chubut,2023-06-19,26,603120,0,0.0,6.461904761904762,19.866666666666667,73.47619047619048,3.0
2023,26,Chubut,2023-06-26,26,603120,0,0.0,5.909523809523809,10.1,72.28571428571429,1.0
2023,27,Chubut,2023-07-03,26,603120,0,0.0,4.423809523809524,16.133333333333333,71.0,2.333333333333333
2023,28,Chubut,2023-07-10,26,603120,0,0.0,1.7666666666666666,6.733333333333333,80.04761904761905,0.6666666666666666
2023,29,Chubut,2023-07-17,26,603120,0,0.0,4.352380952380952,5.400000000000001,72.14285714285714,1.0
2023,30,Chubut,2023-07-24,26,603120,0,0.0,6.195238095238095,11.933333333333335,70.71428571428571,1.0
2023,31,Chubut,2023-07-31,26,603120,1,0.16580448335322986,6.885714285714285,2.533333333333333,52.8095238095238,0.3333333333333333
2023,32,Chubut,2023-08-07,26,603120,0,0.0,8.185714285714285,2.766666666666667,58.57142857142858,0.6666666666666666
2023,33,Chubut,2023-08-14,26,603120,0,0.0,5.271428571428571,23.83333333333333,79.95238095238095,3.333333333333333
2023,34,Chubut,2023-08-21,26,603120,0,0.0,5.723809523809524,2.1333333333333333,59.333333333333336,0.3333333333333333
2023,35,Chubut,2023-08-28,26,603120,0,0.0,7.352380952380952,7.733333333333333,51.57142857142858,1.6666666666666667
2023,36,Chubut,2023-09-04,26,603120,0,0.0,6.280952380952381,13.0,73.23809523809524,2.333333333333333
2023,37,Chubut,2023-09-11,26,603120,0,0.0,8.338095238095237,19.166666666666668,60.142857142857146,2.0
2023,38,Chubut,2023-09-18,26,603120,0,0.0,5.485714285714285,2.2,70.57142857142857,0.6666666666666666
2023,39,Chubut,2023-09-25,26,603120,0,0.0,10.10952380952381,0.6666666666666666,53.47619047619048,0.3333333333333333
2023,40,Chubut,2023-10-02,26,603120,0,0.0,10.642857142857144,0.0,45.42857142857142,0.0
2023,41,Chubut,2023-10-09,26,603120,0,0.0,10.41904761904762,0.0666666666666666,52.47619047619048,0.0
2023,42,Chubut,2023-10-16,26,603120,0,0.0,13.695238095238096,0.4666666666666666,49.52380952380952,0.3333333333333333
2023,43,Chubut,2023-10-23,26,603120,0,0.0,12.161904761904765,15.866666666666667,53.23809523809524,1.3333333333333333
2023,44,Chubut,2023-10-30,26,603120,0,0.0,10.97142857142857,4.1000000000000005,57.66666666666666,1.0
2023,45,Chubut,2023-11-06,26,603120,0,0.0,13.823809523809524,0.2333333333333333,46.8095238095238,0.0
2023,46,Chubut,2023-11-13,26,603120,0,0.0,11.80952380952381,2.9,43.42857142857142,0.6666666666666666
2023,47,Chubut,2023-11-20,26,603120,0,0.0,16.409523809523808,0.0333333333333333,41.61904761904762,0.0
2023,48,Chubut,2023-11-27,26,603120,0,0.0,15.4,0.0,43.42857142857142,0.0
2023,49,Chubut,2023-12-04,26,603120,0,0.0,16.87142857142857,3.5,52.80952380952382,0.6666666666666666
2023,50,Chubut,2023-12-11,26,603120,0,0.0,16.55714285714286,9.533333333333331,48.57142857142858,1.6666666666666667
2023,51,Chubut,2023-12-18,26,603120,2,0.33160896670645973,17.204761904761906,0.6666666666666666,47.90476190476191,0.3333333333333333
2023,52,Chubut,2023-12-25,26,603120,0,0.0,19.50952380952381,0.0,45.90476190476191,0.0
2024,1,Chubut,2024-01-01,26,603120,0,0.0,20.51428571428572,0.0,48.61904761904762,0.0
2024,2,Chubut,2024-01-08,26,603120,2,0.33160896670645973,17.68095238095238,0.0,44.0,0.0
2024,3,Chubut,2024-01-15,26,603120,2,0.33160896670645973,19.81904761904762,0.0,44.095238095238095,0.0
2024,4,Chubut,2024-01-22,26,603120,3,0.4974134500596896,24.090476190476192,7.766666666666667,40.333333333333336,0.3333333333333333
2024,5,Chubut,2024-01-29,26,603120,2,0.33160896670645973,21.80952380952381,0.0,39.0,0.0
2024,6,Chubut,2024-02-05,26,603120,3,0.4974134500596896,20.923809523809524,0.0,40.95238095238096,0.0
2024,7,Chubut,2024-02-12,26,603120,3,0.4974134500596896,20.89047619047619,0.0,40.71428571428572,0.0
2024,8,Chubut,2024-02-19,26,603120,3,0.4974134500596896,18.0952380952381,16.033333333333335,53.095238095238095,1.0
2024,9,Chubut,2024-02-26,26,603120,3,0.4974134500596896,16.433333333333334,3.6666666666666665,52.52380952380952,0.6666666666666666
2024,10,Chubut,2024-03-04,26,603120,2,0.33160896670645973,15.295238095238096,1.3333333333333333,49.285714285714285,0.6666666666666666
2024,11,Chubut,2024-03-11,26,603120,9,1.4922403501790689,15.17142857142857,2.3666666666666667,42.19047619047619,0.3333333333333333
2024,12,Chubut,2024-03-18,26,603120,4,0.6632179334129195,14.223809523809525,13.1,54.1904761904762,0.6666666666666666
2024,13,Chubut,2024-03-25,26,603120,4,0.6632179334129195,15.633333333333333,0.0,48.0,0.0
2024,14,Chubut,2024-04-01,26,603120,10,1.6580448335322986,12.933333333333332,9.666666666666666,49.04761904761904,1.3333333333333333
2024,15,Chubut,2024-04-08,26,603120,3,0.4974134500596896,9.51904761904762,0.0,60.23809523809524,0.0
2024,16,Chubut,2024-04-15,26,603120,3,0.4974134500596896,11.823809523809524,21.666666666666668,56.38095238095238,1.0
2024,17,Chubut,2024-04-22,26,603120,1,0.16580448335322986,8.866666666666667,11.366666666666667,54.90476190476191,1.3333333333333333
2024,18,Chubut,2024-04-29,26,603120,0,0.0,6.052380952380953,3.233333333333333,61.66666666666666,0.3333333333333333
2024,19,Chubut,2024-05-06,26,603120,1,0.16580448335322986,4.714285714285714,26.066666666666663,76.38095238095238,2.0
2024,20,Chubut,2024-05-13,26,603120,2,0.33160896670645973,4.985714285714285,0.8333333333333334,69.80952380952381,0.3333333333333333
2024,21,Chubut,2024-05-20,26,603120,0,0.0,3.595238095238096,0.0,68.3809523809524,0.0
2024,22,Chubut,2024-05-27,26,603120,2,0.33160896670645973,6.404761904761905,1.7,64.42857142857143,0.3333333333333333
2024,23,Chubut,2024-06-03,26,603120,0,0.0,7.480952380952381,5.233333333333333,76.57142857142857,1.0
2024,24,Chubut,2024-06-10,26,603120,1,0.16580448335322986,7.138095238095239,3.333333333333333,71.95238095238095,0.3333333333333333
2024,25,Chubut,2024-06-17,26,603120,0,0.0,2.595238095238095,41.93333333333334,84.52380952380952,3.333333333333333
2024,26,Chubut,2024-06-24,26,603120,0,0.0,3.2952380952380955,4.966666666666667,72.42857142857143,1.0
2024,27,Chubut,2024-07-01,26,603120,0,0.0,2.3000000000000003,8.933333333333332,69.47619047619047,0.6666666666666666
2024,28,Chubut,2024-07-08,26,603120,0,0.0,2.6904761904761902,0.0666666666666666,73.19047619047619,0.0
2024,29,Chubut,2024-07-15,26,603120,0,0.0,5.480952380952381,0.3,62.095238095238095,0.0
2024,30,Chubut,2024-07-22,26,603120,0,0.0,8.061904761904762,3.0,51.142857142857146,0.6666666666666666
2024,31,Chubut,2024-07-29,26,603120,0,0.0,6.847619047619047,7.366666666666667,64.0,1.6666666666666667
2024,32,Chubut,2024-08-05,26,603120,0,0.0,6.0,15.1,75.61904761904762,1.6666666666666667
2024,33,Chubut,2024-08-12,26,603120,0,0.0,5.976190476190477,7.633333333333333,67.52380952380952,0.6666666666666666
2024,34,Chubut,2024-08-19,26,603120,0,0.0,4.095238095238095,3.4333333333333336,73.85714285714285,0.3333333333333333
2024,35,Chubut,2024-08-26,26,603120,0,0.0,9.40952380952381,2.2666666666666666,47.333333333333336,0.3333333333333333
2024,36,Chubut,2024-09-02,26,603120,0,0.0,9.504761904761905,0.9666666666666668,47.0,0.3333333333333333
2024,37,Chubut,2024-09-09,26,603120,0,0.0,8.814285714285715,0.3,47.61904761904762,0.0
2024,38,Chubut,2024-09-16,26,603120,0,0.0,10.061904761904762,14.5,53.38095238095238,2.333333333333333
2024,39,Chubut,2024-09-23,26,603120,0,0.0,9.10952380952381,15.933333333333332,47.333333333333336,1.6666666666666667
2024,40,Chubut,2024-09-30,26,603120,0,0.0,8.485714285714286,0.8666666666666667,58.04761904761904,0.3333333333333333
2024,41,Chubut,2024-10-07,26,603120,0,0.0,13.176190476190476,0.6666666666666666,44.66666666666666,0.3333333333333333
2024,42,Chubut,2024-10-14,26,603120,0,0.0,14.461904761904762,4.666666666666667,51.76190476190476,0.3333333333333333
2024,43,Chubut,2024-10-21,26,603120,0,0.0,15.70952380952381,0.1999999999999999,40.523809523809526,0.0
2024,44,Chubut,2024-10-28,26,603120,0,0.0,16.523809523809522,2.8666666666666667,40.85714285714285,0.3333333333333333
2024,45,Chubut,2024-11-04,26,603120,0,0.0,13.98095238095238,12.699999999999998,41.71428571428572,1.0
2024,46,Chubut,2024-11-11,26,603120,0,0.0,15.685714285714283,1.3333333333333333,41.19047619047619,0.6666666666666666
2024,47,Chubut,2024-11-18,26,603120,1,0.16580448335322986,16.657142857142855,1.0,47.23809523809524,0.3333333333333333
2024,48,Chubut,2024-11-25,26,603120,0,0.0,13.652380952380952,12.566666666666668,59.19047619047618,2.333333333333333
2024,49,Chubut,2024-12-02,26,603120,0,0.0,12.533333333333331,24.6,58.57142857142858,2.0
2024,50,Chubut,2024-12-09,26,603120,0,0.0,17.604761904761904,0.0333333333333333,48.95238095238096,0.0
2024,51,Chubut,2024-12-16,26,603120,0,0.0,17.55714285714286,2.466666666666667,46.95238095238096,1.0
2024,52,Chubut,2024-12-23,26,603120,0,0.0,19.552380952380958,1.6666666666666667,47.47619047619048,0.6666666666666666
2025,1,Chubut,2024-12-30,26,603120,0,0.0,18.03809523809524,12.933333333333332,59.80952380952382,2.0
2025,2,Chubut,2025-01-06,26,603120,0,0.0,20.93809523809524,0.6666666666666666,43.95238095238096,0.3333333333333333
2025,3,Chubut,2025-01-13,26,603120,0,0.0,18.71428571428571,0.0,39.85714285714285,0.0
2025,4,Chubut,2025-01-20,26,603120,0,0.0,19.56190476190476,0.7999999999999999,50.80952380952382,0.3333333333333333
2025,5,Chubut,2025-01-27,26,603120,0,0.0,20.29523809523809,0.0,38.38095238095238,0.0
2025,6,Chubut,2025-02-03,26,603120,0,0.0,17.309523809523807,2.1666666666666665,43.66666666666666,0.6666666666666666
2025,7,Chubut,2025-02-10,26,603120,0,0.0,16.895238095238096,1.0,46.95238095238096,0.3333333333333333
2025,8,Chubut,2025-02-17,26,603120,0,0.0,20.685714285714287,0.0,40.42857142857142,0.0
2025,9,Chubut,2025-02-24,26,603120,0,0.0,17.676190476190474,2.466666666666667,51.285714285714285,0.6666666666666666
2025,10,Chubut,2025-03-03,26,603120,0,0.0,15.947619047619048,9.266666666666667,53.85714285714285,2.333333333333333
2025,11,Chubut,2025-03-10,26,603120,0,0.0,15.466666666666669,0.0,51.38095238095238,0.0
2025,12,Chubut,2025-03-17,26,603120,1,0.16580448335322986,16.552380952380954,2.8666666666666667,49.095238095238095,0.3333333333333333
2025,13,Chubut,2025-03-24,26,603120,1,0.16580448335322986,16.02857142857143,13.766666666666666,52.23809523809524,0.6666666666666666
2025,14,Chubut,2025-03-31,26,603120,1,0.16580448335322986,10.338095238095235,2.8666666666666667,53.47619047619048,0.6666666666666666
2025,15,Chubut,2025-04-07,26,603120,1,0.16580448335322986,14.157142857142857,10.266666666666666,64.61904761904762,1.0
2025,16,Chubut,2025-04-14,26,603120,0,0.0,10.138095238095238,8.4,73.09523809523809,1.3333333333333333
2025,17,Chubut,2025-04-21,26,603120,0,0.0,11.528571428571428,2.833333333333333,62.38095238095238,1.0
2025,18,Chubut,2025-04-28,26,603120,0,0.0,9.604761904761906,8.8,66.28571428571429,1.3333333333333333
2025,19,Chubut,2025-05-05,26,603120,0,0.0,9.547619047619047,4.5,61.76190476190476,1.0
2025,20,Chubut,2025-05-12,26,603120,0,0.0,10.27142857142857,7.866666666666666,59.8095238095238,1.0
2025,21,Chubut,2025-05-19,26,603120,0,0.0,6.019047619047619,1.2333333333333334,66.0952380952381,0.3333333333333333
2025,22,Chubut,2025-05-26,26,603120,0,0.0,7.31904761904762,0.3333333333333333,57.8095238095238,0.0
2025,23,Chubut,2025-06-02,26,603120,0,0.0,7.1000000000000005,1.0333333333333334,64.90476190476191,0.3333333333333333
2025,24,Chubut,2025-06-09,26,603120,0,0.0,7.214285714285715,3.766666666666667,69.23809523809524,0.6666666666666666
2025,25,Chubut,2025-06-16,26,603120,0,0.0,6.60952380952381,3.033333333333333,60.19047619047618,0.6666666666666666
2025,26,Chubut,2025-06-23,26,603120,0,0.0,2.0761904761904764,4.166666666666667,65.05555555555556,1.0
2025,27,Chubut,2025-06-30,26,603120,0,0.0,2.942857142857143,0.2666666666666666,69.9920634920635,0.0
2025,28,Chubut,2025-07-07,26,603120,0,0.0,8.242857142857142,0.0,58.523809523809526,0.0
2025,29,Chubut,2025-07-14,26,603120,0,0.0,9.023809523809524,0.0,54.0,0.0
2025,30,Chubut,2025-07-21,26,603120,0,0.0,1.857142857142857,6.533333333333334,71.76190476190477,1.6666666666666667
2025,31,Chubut,2025-07-28,26,603120,0,0.0,7.628571428571429,7.333333333333333,75.66666666666667,1.6666666666666667
2025,32,Chubut,2025-08-04,26,603120,0,0.0,6.042857142857142,7.666666666666667,71.52380952380952,1.0
2025,33,Chubut,2025-08-11,26,603120,0,0.0,7.252380952380952,7.6,75.47619047619048,0.6666666666666666
2025,34,Chubut,2025-08-18,26,603120,0,0.0,8.619047619047619,2.533333333333333,58.14285714285714,0.6666666666666666
2025,35,Chubut,2025-08-25,26,603120,0,0.0,9.157142857142857,0.0,68.23809523809524,0.0
2025,36,Chubut,2025-09-01,26,603120,0,0.0,6.914285714285714,0.0,53.0,0.0
2025,37,Chubut,2025-09-08,26,603120,0,0.0,10.7,4.366666666666666,54.85714285714286,1.0
2025,38,Chubut,2025-09-15,26,603120,0,0.0,9.766666666666667,3.5,68.19047619047619,0.6666666666666666
2025,39,Chubut,2025-09-22,26,603120,0,0.0,11.30952380952381,2.9,49.85714285714285,0.3333333333333333
2025,40,Chubut,2025-09-29,26,603120,0,0.0,12.271428571428572,3.0,44.52380952380952,1.0
2025,41,Chubut,2025-10-06,26,603120,0,0.0,13.466666666666669,8.066666666666666,44.71428571428572,0.6666666666666666
2025,42,Chubut,2025-10-13,26,603120,0,0.0,14.285714285714285,0.7999999999999999,36.61904761904762,0.3333333333333333
2018,1,Corrientes,2018-01-01,18,1197553,0,0.0,26.161904761904765,6.833333333333333,58.61904761904762,1.6666666666666667
2018,2,Corrientes,2018-01-08,18,1197553,0,0.0,27.32380952380952,33.733333333333334,67.38095238095238,1.3333333333333333
2018,3,Corrientes,2018-01-15,18,1197553,0,0.0,25.776190476190475,90.0,72.52380952380952,3.0
2018,4,Corrientes,2018-01-22,18,1197553,0,0.0,25.99047619047619,59.0,79.85714285714286,3.333333333333333
2018,5,Corrientes,2018-01-29,18,1197553,0,0.0,27.123809523809523,0.0,65.28571428571429,0.0
2018,6,Corrientes,2018-02-05,18,1197553,0,0.0,27.161904761904765,12.433333333333332,69.38095238095238,1.0
2018,7,Corrientes,2018-02-12,18,1197553,0,0.0,24.609523809523807,11.333333333333334,64.66666666666667,0.6666666666666666
2018,8,Corrientes,2018-02-19,18,1197553,0,0.0,24.71428571428571,7.666666666666667,67.28571428571429,0.6666666666666666
2018,9,Corrientes,2018-02-26,18,1197553,0,0.0,26.32380952380953,19.3,71.95238095238095,1.3333333333333333
2018,10,Corrientes,2018-03-05,18,1197553,0,0.0,24.519047619047612,3.966666666666667,62.38095238095238,0.6666666666666666
2018,11,Corrientes,2018-03-12,18,1197553,1,0.08350361111366261,24.723809523809525,107.0,69.04761904761905,3.0
2018,12,Corrientes,2018-03-19,18,1197553,0,0.0,21.36666666666667,70.66666666666667,71.80952380952381,2.333333333333333
2018,13,Corrientes,2018-03-26,18,1197553,0,0.0,22.12857142857143,2.0,80.57142857142857,0.3333333333333333
2018,14,Corrientes,2018-04-02,18,1197553,0,0.0,23.69047619047619,3.7,75.3809523809524,0.3333333333333333
2018,15,Corrientes,2018-04-09,18,1197553,0,0.0,23.652380952380952,13.633333333333333,74.80952380952381,1.6666666666666667
2018,16,Corrientes,2018-04-16,18,1197553,1,0.08350361111366261,25.004761904761907,49.0,76.61904761904762,1.0
2018,17,Corrientes,2018-04-23,18,1197553,1,0.08350361111366261,24.35238095238095,9.666666666666666,82.80952380952381,1.3333333333333333
2018,18,Corrientes,2018-04-30,18,1197553,1,0.08350361111366261,21.914285714285715,95.13333333333333,87.19047619047619,4.0
2018,19,Corrientes,2018-05-07,18,1197553,3,0.25051083334098784,19.828571428571426,67.13333333333334,85.85714285714285,2.6666666666666665
2018,20,Corrientes,2018-05-14,18,1197553,6,0.5010216666819757,15.833333333333334,24.766666666666666,81.66666666666667,1.6666666666666667
2018,21,Corrientes,2018-05-21,18,1197553,1,0.08350361111366261,14.176190476190476,0.0,78.85714285714285,0.0
2018,22,Corrientes,2018-05-28,18,1197553,0,0.0,16.204761904761906,28.933333333333337,80.38095238095238,2.333333333333333
2018,23,Corrientes,2018-06-04,18,1197553,1,0.08350361111366261,12.542857142857144,7.333333333333333,80.38095238095238,0.3333333333333333
2018,24,Corrientes,2018-06-11,18,1197553,0,0.0,9.895238095238096,0.7999999999999999,79.85714285714285,0.3333333333333333
2018,25,Corrientes,2018-06-18,18,1197553,0,0.0,14.73809523809524,7.333333333333333,76.47619047619048,0.6666666666666666
2018,26,Corrientes,2018-06-25,18,1197553,0,0.0,14.476190476190476,22.433333333333334,87.57142857142857,2.0
2018,27,Corrientes,2018-07-02,18,1197553,0,0.0,13.04761904761905,8.700000000000001,83.6190476190476,1.0
2019,1,Corrientes,2018-12-31,18,1197553,0,0.0,26.47619047619048,127.40000000000002,81.80952380952381,4.333333333333333
2019,2,Corrientes,2019-01-07,18,1197553,0,0.0,23.79523809523809,224.9666666666667,88.23809523809524,5.666666666666667
2019,3,Corrientes,2019-01-14,18,1197553,0,0.0,23.861904761904764,144.29999999999998,85.57142857142857,3.333333333333333
2019,4,Corrientes,2019-01-21,18,1197553,0,0.0,27.614285714285717,48.333333333333336,78.90476190476191,1.6666666666666667
2019,5,Corrientes,2019-01-28,18,1197553,0,0.0,27.552380952380958,35.0,75.33333333333333,1.3333333333333333
2019,6,Corrientes,2019-02-04,18,1197553,0,0.0,25.899999999999995,15.333333333333334,70.95238095238095,0.6666666666666666
2019,7,Corrientes,2019-02-11,18,1197553,0,0.0,23.580952380952382,27.0,74.47619047619047,1.0
2019,8,Corrientes,2019-02-18,18,1197553,0,0.0,28.247619047619043,35.166666666666664,69.52380952380952,1.0
2019,9,Corrientes,2019-02-25,18,1197553,0,0.0,22.68095238095238,9.333333333333334,68.80952380952381,0.3333333333333333
2019,10,Corrientes,2019-03-04,18,1197553,0,0.0,23.32380952380952,78.13333333333333,78.85714285714285,2.6666666666666665
2019,11,Corrientes,2019-03-11,18,1197553,0,0.0,22.41428571428571,21.1,82.0,1.6666666666666667
2019,12,Corrientes,2019-03-18,18,1197553,0,0.0,21.23333333333333,1.0,71.33333333333333,0.3333333333333333
2019,13,Corrientes,2019-03-25,18,1197553,0,0.0,21.952380952380956,5.3,75.33333333333333,0.3333333333333333
2019,14,Corrientes,2019-04-01,18,1197553,0,0.0,22.40476190476191,24.5,78.61904761904762,1.0
2019,15,Corrientes,2019-04-08,18,1197553,0,0.0,21.133333333333336,0.2333333333333333,75.23809523809524,0.0
2019,16,Corrientes,2019-04-15,18,1197553,0,0.0,21.06190476190476,89.53333333333335,82.85714285714286,3.0
2019,17,Corrientes,2019-04-22,18,1197553,0,0.0,19.923809523809524,93.73333333333332,86.52380952380952,3.0
2019,18,Corrientes,2019-04-29,18,1197553,0,0.0,20.723809523809525,34.666666666666664,86.66666666666667,3.0
2019,19,Corrientes,2019-05-06,18,1197553,0,0.0,19.066666666666663,93.43333333333334,87.71428571428572,2.0
2019,20,Corrientes,2019-05-13,18,1197553,0,0.0,18.09523809523809,32.333333333333336,83.80952380952381,1.6666666666666667
2019,21,Corrientes,2019-05-20,18,1197553,0,0.0,16.585714285714285,44.76666666666667,89.47619047619048,2.0
2019,22,Corrientes,2019-05-27,18,1197553,0,0.0,16.38095238095238,5.666666666666667,89.19047619047619,0.6666666666666666
2019,23,Corrientes,2019-06-03,18,1197553,0,0.0,16.57142857142857,1.0,81.28571428571428,0.3333333333333333
2019,24,Corrientes,2019-06-10,18,1197553,0,0.0,21.52857142857143,11.766666666666666,81.85714285714285,1.0
2019,25,Corrientes,2019-06-17,18,1197553,0,0.0,16.761904761904763,0.1999999999999999,82.42857142857143,0.0
2019,26,Corrientes,2019-06-24,18,1197553,0,0.0,15.833333333333334,10.800000000000002,78.66666666666667,1.6666666666666667
2019,27,Corrientes,2019-07-01,18,1197553,0,0.0,8.485714285714286,0.0,72.23809523809524,0.0
2019,28,Corrientes,2019-07-08,18,1197553,0,0.0,16.642857142857142,2.0,74.23809523809524,0.3333333333333333
2019,29,Corrientes,2019-07-15,18,1197553,0,0.0,16.185714285714287,2.1666666666666665,72.42857142857143,0.6666666666666666
2019,30,Corrientes,2019-07-22,18,1197553,0,0.0,12.657142857142857,73.10000000000001,88.33333333333333,3.333333333333333
2019,31,Corrientes,2019-07-29,18,1197553,0,0.0,13.28095238095238,3.4,76.42857142857143,0.3333333333333333
2019,32,Corrientes,2019-08-05,18,1197553,0,0.0,14.97142857142857,8.066666666666668,79.57142857142857,0.6666666666666666
2019,33,Corrientes,2019-08-12,18,1197553,0,0.0,14.552380952380952,0.0,68.66666666666667,0.0
2019,34,Corrientes,2019-08-19,18,1197553,0,0.0,13.204761904761904,39.66666666666666,67.85714285714285,1.0
2019,35,Corrientes,2019-08-26,18,1197553,0,0.0,19.09523809523809,5.0,73.38095238095238,0.3333333333333333
2019,36,Corrientes,2019-09-02,18,1197553,0,0.0,14.73809523809524,5.633333333333334,69.04761904761905,0.6666666666666666
2019,37,Corrientes,2019-09-09,18,1197553,0,0.0,17.771428571428572,25.03333333333333,79.95238095238095,2.333333333333333
2019,38,Corrientes,2019-09-16,18,1197553,0,0.0,16.895238095238096,0.0666666666666666,59.42857142857142,0.0
2019,39,Corrientes,2019-09-23,18,1197553,0,0.0,20.49047619047619,0.0,55.42857142857142,0.0
2019,40,Corrientes,2019-09-30,18,1197553,0,0.0,20.566666666666663,45.46666666666667,76.28571428571428,2.333333333333333
2019,41,Corrientes,2019-10-07,18,1197553,0,0.0,25.12857142857143,29.0,63.14285714285714,1.0
2019,42,Corrientes,2019-10-14,18,1197553,0,0.0,17.071428571428573,49.1,83.28571428571429,4.333333333333333
2019,43,Corrientes,2019-10-21,18,1197553,0,0.0,20.642857142857142,20.0,67.33333333333333,1.3333333333333333
2019,44,Corrientes,2019-10-28,18,1197553,0,0.0,25.042857142857144,41.833333333333336,77.23809523809524,3.333333333333333
2019,45,Corrientes,2019-11-04,18,1197553,0,0.0,23.685714285714283,49.66666666666666,75.76190476190476,1.0
2019,46,Corrientes,2019-11-11,18,1197553,0,0.0,24.209523809523805,43.66666666666666,68.57142857142857,1.6666666666666667
2019,47,Corrientes,2019-11-18,18,1197553,0,0.0,26.06190476190476,15.233333333333334,64.23809523809524,1.0
2019,48,Corrientes,2019-11-25,18,1197553,0,0.0,23.366666666666664,75.5,72.19047619047619,2.6666666666666665
2019,49,Corrientes,2019-12-02,18,1197553,0,0.0,22.52380952380952,1.0333333333333334,57.90476190476191,0.3333333333333333
2019,50,Corrientes,2019-12-09,18,1197553,0,0.0,25.47619047619048,54.66666666666666,63.85714285714286,2.333333333333333
2019,51,Corrientes,2019-12-16,18,1197553,0,0.0,24.066666666666663,20.33333333333333,66.71428571428571,1.0
2019,52,Corrientes,2019-12-23,18,1197553,0,0.0,27.13809523809524,23.4,66.42857142857143,1.6666666666666667
2020,1,Corrientes,2019-12-30,18,1197553,0,0.0,26.614285714285717,10.666666666666666,67.52380952380952,1.0
2020,2,Corrientes,2020-01-06,18,1197553,0,0.0,26.614285714285717,7.733333333333334,68.71428571428571,1.0
2020,3,Corrientes,2020-01-13,18,1197553,1,0.08350361111366261,26.3,45.13333333333333,71.52380952380952,2.0
2020,4,Corrientes,2020-01-20,18,1197553,2,0.16700722222732522,25.94285714285714,67.33333333333333,75.66666666666667,2.333333333333333
2020,5,Corrientes,2020-01-27,18,1197553,10,0.8350361111366261,25.52380952380952,24.766666666666666,70.52380952380952,1.3333333333333333
2020,6,Corrientes,2020-02-03,18,1197553,10,0.8350361111366261,28.94761904761905,12.0,67.66666666666667,0.6666666666666666
2020,7,Corrientes,2020-02-10,18,1197553,19,1.5865686111595898,25.52380952380952,83.66666666666667,71.71428571428572,3.0
2020,8,Corrientes,2020-02-17,18,1197553,27,2.2545975000688903,22.200000000000003,57.0,70.90476190476191,2.0
2020,9,Corrientes,2020-02-24,18,1197553,103,8.600871944707249,23.76666666666667,0.0,63.04761904761904,0.0
2020,10,Corrientes,2020-03-02,18,1197553,144,12.024520000367415,25.442857142857147,0.0,61.47619047619048,0.0
2020,11,Corrientes,2020-03-09,18,1197553,118,9.853426111412187,28.542857142857144,21.0,63.47619047619048,1.3333333333333333
2020,12,Corrientes,2020-03-16,18,1197553,215,17.953276389437463,23.81904761904762,37.06666666666666,72.80952380952381,1.0
2020,13,Corrientes,2020-03-23,18,1197553,141,11.774009167026428,25.423809523809524,2.333333333333333,69.09523809523809,0.6666666666666666
2020,14,Corrientes,2020-03-30,18,1197553,200,16.700722222732523,22.65714285714286,35.333333333333336,73.80952380952381,2.6666666666666665
2020,15,Corrientes,2020-04-06,18,1197553,108,9.018390000275561,18.080952380952382,0.0,64.85714285714286,0.0
2020,16,Corrientes,2020-04-13,18,1197553,176,14.696635556004619,17.671428571428574,0.7333333333333334,67.0,0.3333333333333333
2020,17,Corrientes,2020-04-20,18,1197553,171,14.279117500436307,23.276190476190475,15.0,65.85714285714286,1.0
2020,18,Corrientes,2020-04-27,18,1197553,213,17.786269167210136,20.352380952380955,12.333333333333334,67.0,2.0
2020,19,Corrientes,2020-05-04,18,1197553,296,24.717068889644132,16.0,29.0,71.80952380952381,1.0
2020,20,Corrientes,2020-05-11,18,1197553,243,20.291377500620015,17.547619047619047,0.8333333333333334,69.42857142857143,0.3333333333333333
2020,21,Corrientes,2020-05-18,18,1197553,118,9.853426111412187,17.233333333333334,101.33333333333331,77.33333333333333,2.6666666666666665
2020,22,Corrientes,2020-05-25,18,1197553,71,5.928756389070045,15.533333333333331,0.6666666666666666,72.90476190476191,0.3333333333333333
2020,23,Corrientes,2020-06-01,18,1197553,36,3.006130000091854,12.55,28.0,85.5,3.0
2020,24,Corrientes,2020-06-08,18,1197553,20,1.6700722222732522,15.83809523809524,4.5,76.90476190476191,0.3333333333333333
2020,25,Corrientes,2020-06-15,18,1197553,22,1.8370794445005774,21.47619047619048,0.2333333333333333,73.71428571428571,0.0
2020,26,Corrientes,2020-06-22,18,1197553,26,2.171093888955228,16.595238095238095,11.766666666666666,68.09523809523809,1.3333333333333333
2020,27,Corrientes,2020-06-29,18,1197553,13,1.085546944477614,12.238095238095235,20.3,79.71428571428572,1.0
2020,28,Corrientes,2020-07-06,18,1197553,6,0.5010216666819757,12.414285714285716,10.666666666666666,77.66666666666667,1.6666666666666667
2020,29,Corrientes,2020-07-13,18,1197553,4,0.33401444445465045,15.30952380952381,4.9,66.71428571428571,0.6666666666666666
2020,30,Corrientes,2020-07-20,18,1197553,5,0.41751805556831306,16.761904761904763,11.166666666666666,72.52380952380953,1.3333333333333333
2020,31,Corrientes,2020-07-27,18,1197553,0,0.0,14.742857142857142,0.0666666666666666,64.85714285714285,0.0
2020,32,Corrientes,2020-08-03,18,1197553,1,0.08350361111366261,22.70952380952381,0.0,57.61904761904762,0.0
2020,33,Corrientes,2020-08-10,18,1197553,0,0.0,14.338095238095235,0.0,62.285714285714285,0.0
2020,34,Corrientes,2020-08-17,18,1197553,0,0.0,13.228571428571428,0.0,49.23809523809524,0.0
2020,35,Corrientes,2020-08-24,18,1197553,2,0.16700722222732522,22.142857142857142,7.766666666666667,63.42857142857142,1.6666666666666667
2020,36,Corrientes,2020-08-31,18,1197553,1,0.08350361111366261,13.842857142857142,20.9,74.61904761904762,1.0
2020,37,Corrientes,2020-09-07,18,1197553,0,0.0,19.4,19.066666666666663,76.3809523809524,1.3333333333333333
2020,38,Corrientes,2020-09-14,18,1197553,0,0.0,17.361904761904764,1.7,58.61904761904762,0.6666666666666666
2020,39,Corrientes,2020-09-21,18,1197553,0,0.0,22.65714285714286,17.866666666666667,54.47619047619048,0.6666666666666666
2020,40,Corrientes,2020-09-28,18,1197553,0,0.0,21.03333333333333,6.066666666666666,64.0,0.6666666666666666
2020,41,Corrientes,2020-10-05,18,1197553,0,0.0,20.73333333333333,0.0,56.57142857142858,0.0
2020,42,Corrientes,2020-10-12,18,1197553,0,0.0,23.804761904761904,3.333333333333333,56.76190476190476,0.3333333333333333
2020,43,Corrientes,2020-10-19,18,1197553,0,0.0,27.104761904761904,58.93333333333334,62.04761904761904,2.333333333333333
2020,44,Corrientes,2020-10-26,18,1197553,0,0.0,21.06190476190476,0.1666666666666666,57.90476190476191,0.0
2020,45,Corrientes,2020-11-02,18,1197553,0,0.0,23.228571428571428,0.6666666666666666,50.04761904761904,0.3333333333333333
2020,46,Corrientes,2020-11-09,18,1197553,0,0.0,24.77619047619048,11.333333333333334,62.71428571428572,1.3333333333333333
2020,47,Corrientes,2020-11-16,18,1197553,0,0.0,24.547619047619047,3.6666666666666665,46.142857142857146,0.3333333333333333
2020,48,Corrientes,2020-11-23,18,1197553,0,0.0,27.23333333333333,100.2,62.04761904761904,3.0
2020,49,Corrientes,2020-11-30,18,1197553,1,0.08350361111366261,23.995238095238097,45.0,67.28571428571429,1.0
2020,50,Corrientes,2020-12-07,18,1197553,0,0.0,26.090476190476192,27.33333333333333,62.285714285714285,1.6666666666666667
2020,51,Corrientes,2020-12-14,18,1197553,0,0.0,25.676190476190477,37.56666666666666,64.57142857142857,1.6666666666666667
2020,52,Corrientes,2020-12-21,18,1197553,1,0.08350361111366261,26.557142857142853,22.4,58.285714285714285,0.6666666666666666
2020,53,Corrientes,2020-12-28,18,1197553,0,0.0,27.21428571428571,9.0,56.80952380952382,1.0
2021,1,Corrientes,2021-01-04,18,1197553,0,0.0,27.642857142857142,3.8,60.61904761904762,0.6666666666666666
2021,2,Corrientes,2021-01-11,18,1197553,0,0.0,26.01428571428572,65.3,72.61904761904762,3.0
2021,3,Corrientes,2021-01-18,18,1197553,0,0.0,26.44761904761905,6.0,65.28571428571429,0.6666666666666666
2021,4,Corrientes,2021-01-25,18,1197553,0,0.0,25.61904761904762,84.39999999999999,81.57142857142857,4.333333333333333
2021,5,Corrientes,2021-02-01,18,1197553,0,0.0,23.647619047619045,43.6,77.0,2.0
2021,6,Corrientes,2021-02-08,18,1197553,0,0.0,24.552380952380958,15.166666666666666,74.71428571428572,1.6666666666666667
2021,7,Corrientes,2021-02-15,18,1197553,1,0.08350361111366261,25.37142857142857,0.0333333333333333,63.0,0.0
2021,8,Corrientes,2021-02-22,18,1197553,0,0.0,26.77142857142857,5.133333333333334,64.95238095238095,1.0
2021,9,Corrientes,2021-03-01,18,1197553,0,0.0,25.78095238095238,18.0,69.0,0.6666666666666666
2021,10,Corrientes,2021-03-08,18,1197553,0,0.0,25.58095238095238,0.0,58.285714285714285,0.0
2021,11,Corrientes,2021-03-15,18,1197553,1,0.08350361111366261,22.92857142857143,40.8,75.09523809523809,2.0
2021,12,Corrientes,2021-03-22,18,1197553,0,0.0,23.104761904761904,55.36666666666667,82.90476190476191,2.6666666666666665
2021,13,Corrientes,2021-03-29,18,1197553,0,0.0,21.08095238095238,0.1333333333333333,74.28571428571429,0.0
2021,14,Corrientes,2021-04-05,18,1197553,2,0.16700722222732522,24.64761904761905,29.7,76.47619047619048,1.3333333333333333
2021,15,Corrientes,2021-04-12,18,1197553,6,0.5010216666819757,21.504761904761903,6.0,79.28571428571428,0.6666666666666666
2021,16,Corrientes,2021-04-19,18,1197553,2,0.16700722222732522,21.32380952380953,27.33333333333333,76.09523809523809,1.3333333333333333
2021,17,Corrientes,2021-04-26,18,1197553,0,0.0,17.65714285714286,0.0,73.90476190476191,0.0
2021,18,Corrientes,2021-05-03,18,1197553,2,0.16700722222732522,16.142857142857142,29.866666666666664,78.42857142857143,2.0
2021,19,Corrientes,2021-05-10,18,1197553,0,0.0,14.342857142857142,0.7666666666666666,79.38095238095238,0.3333333333333333
2021,20,Corrientes,2021-05-17,18,1197553,0,0.0,15.09047619047619,62.76666666666667,79.19047619047619,2.0
2021,21,Corrientes,2021-05-24,18,1197553,0,0.0,14.323809523809524,17.333333333333332,76.23809523809524,1.0
2021,22,Corrientes,2021-05-31,18,1197553,0,0.0,17.014285714285716,31.33333333333333,76.71428571428571,1.0
2021,23,Corrientes,2021-06-07,18,1197553,0,0.0,15.823809523809524,3.633333333333333,83.19047619047619,1.0
2021,24,Corrientes,2021-06-14,18,1197553,0,0.0,11.466666666666669,0.1,79.57142857142857,0.0
2021,25,Corrientes,2021-06-21,18,1197553,0,0.0,12.785714285714286,68.0,87.14285714285715,2.0
2021,26,Corrientes,2021-06-28,18,1197553,0,0.0,9.523809523809524,0.0,76.42857142857143,0.0
2021,27,Corrientes,2021-07-05,18,1197553,0,0.0,17.60952380952381,0.0333333333333333,76.33333333333333,0.0
2021,28,Corrientes,2021-07-12,18,1197553,0,0.0,14.6,8.766666666666667,75.95238095238095,0.6666666666666666
2021,29,Corrientes,2021-07-19,18,1197553,0,0.0,15.285714285714285,10.5,66.33333333333333,0.6666666666666666
2021,30,Corrientes,2021-07-26,18,1197553,0,0.0,10.18095238095238,0.3999999999999999,66.0,0.0
2022,1,Corrientes,2022-01-03,18,1197553,0,0.0,27.071428571428573,4.866666666666666,56.285714285714285,0.6666666666666666
2022,2,Corrientes,2022-01-10,18,1197553,0,0.0,31.876190476190477,3.5,43.80952380952382,0.6666666666666666
2022,3,Corrientes,2022-01-17,18,1197553,0,0.0,31.452380952380956,18.933333333333334,59.095238095238095,1.6666666666666667
2022,4,Corrientes,2022-01-24,18,1197553,0,0.0,27.723809523809525,1.2,59.04761904761904,0.3333333333333333
2022,5,Corrientes,2022-01-31,18,1197553,0,0.0,27.676190476190477,13.966666666666669,55.85714285714285,1.0
2022,6,Corrientes,2022-02-07,18,1197553,0,0.0,24.980952380952385,6.333333333333333,53.23809523809524,0.6666666666666666
2022,7,Corrientes,2022-02-14,18,1197553,0,0.0,28.03333333333333,0.3,45.80952380952382,0.0
2022,8,Corrientes,2022-02-21,18,1197553,0,0.0,29.047619047619047,24.5,58.47619047619048,1.6666666666666667
2022,9,Corrientes,2022-02-28,18,1197553,0,0.0,26.519047619047623,39.03333333333333,72.80952380952381,2.0
2022,10,Corrientes,2022-03-07,18,1197553,0,0.0,22.661904761904765,70.0,76.09523809523809,3.333333333333333
2022,11,Corrientes,2022-03-14,18,1197553,0,0.0,21.990476190476187,0.1333333333333333,66.33333333333333,0.0
2022,12,Corrientes,2022-03-21,18,1197553,0,0.0,20.53333333333333,55.56666666666667,78.09523809523809,2.0
2022,13,Corrientes,2022-03-28,18,1197553,0,0.0,18.590476190476192,60.96666666666667,72.19047619047619,2.6666666666666665
2022,14,Corrientes,2022-04-04,18,1197553,0,0.0,21.50952380952381,52.66666666666666,87.85714285714285,2.6666666666666665
2022,15,Corrientes,2022-04-11,18,1197553,0,0.0,18.152380952380952,14.333333333333334,74.57142857142857,0.3333333333333333
2022,16,Corrientes,2022-04-18,18,1197553,0,0.0,19.57619047619048,13.766666666666666,78.23809523809524,0.6666666666666666
2022,17,Corrientes,2022-04-25,18,1197553,0,0.0,20.423809523809524,70.86666666666667,79.23809523809524,3.0
2022,18,Corrientes,2022-05-02,18,1197553,0,0.0,16.657142857142855,4.0,80.80952380952381,0.3333333333333333
2022,19,Corrientes,2022-05-09,18,1197553,0,0.0,16.623809523809523,2.833333333333333,80.28571428571428,0.3333333333333333
2022,20,Corrientes,2022-05-16,18,1197553,0,0.0,12.128571428571428,0.0,76.47619047619048,0.0
2022,21,Corrientes,2022-05-23,18,1197553,0,0.0,17.3,60.56666666666666,86.19047619047619,2.333333333333333
2022,22,Corrientes,2022-05-30,18,1197553,0,0.0,10.376190476190477,9.233333333333333,76.71428571428572,0.6666666666666666
2022,23,Corrientes,2022-06-06,18,1197553,0,0.0,12.314285714285717,3.8666666666666663,84.38095238095238,0.3333333333333333
2022,24,Corrientes,2022-06-13,18,1197553,0,0.0,12.509523809523811,4.4,77.38095238095238,0.6666666666666666
2022,25,Corrientes,2022-06-20,18,1197553,0,0.0,12.695238095238096,4.333333333333333,88.19047619047619,0.6666666666666666
2022,26,Corrientes,2022-06-27,18,1197553,0,0.0,13.852380952380951,7.833333333333333,85.47619047619048,1.0
2022,27,Corrientes,2022-07-04,18,1197553,0,0.0,19.17142857142857,1.6333333333333335,78.61904761904762,0.3333333333333333
2022,28,Corrientes,2022-07-11,18,1197553,0,0.0,13.757142857142858,47.9,84.57142857142857,3.0
2022,29,Corrientes,2022-07-18,18,1197553,0,0.0,18.53333333333333,3.4,81.57142857142857,0.6666666666666666
2022,30,Corrientes,2022-07-25,18,1197553,0,0.0,17.49047619047619,5.333333333333333,76.19047619047619,0.6666666666666666
2022,31,Corrientes,2022-08-01,18,1197553,1,0.08350361111366261,14.242857142857142,73.66666666666667,83.85714285714285,2.333333333333333
2022,32,Corrientes,2022-08-08,18,1197553,0,0.0,14.98095238095238,2.6333333333333333,79.04761904761905,0.6666666666666666
2022,33,Corrientes,2022-08-15,18,1197553,0,0.0,13.185714285714283,0.3999999999999999,69.80952380952381,0.0
2022,34,Corrientes,2022-08-22,18,1197553,0,0.0,18.942857142857147,6.866666666666667,71.04761904761905,1.0
2022,35,Corrientes,2022-08-29,18,1197553,0,0.0,14.4,20.366666666666667,71.33333333333333,1.0
2022,36,Corrientes,2022-09-05,18,1197553,0,0.0,15.71904761904762,0.0,69.76190476190476,0.0
2022,37,Corrientes,2022-09-12,18,1197553,0,0.0,16.79047619047619,7.666666666666667,66.52380952380952,1.0
2022,38,Corrientes,2022-09-19,18,1197553,0,0.0,16.295238095238094,11.2,72.6190476190476,0.6666666666666666
2022,39,Corrientes,2022-09-26,18,1197553,0,0.0,18.39047619047619,0.0,66.09523809523809,0.0
2022,40,Corrientes,2022-10-03,18,1197553,0,0.0,18.223809523809525,27.666666666666668,63.38095238095238,1.6666666666666667
2022,41,Corrientes,2022-10-10,18,1197553,0,0.0,18.44761904761905,0.0,64.52380952380952,0.0
2022,42,Corrientes,2022-10-17,18,1197553,0,0.0,20.80952380952381,35.800000000000004,74.04761904761905,2.0
2022,43,Corrientes,2022-10-24,18,1197553,0,0.0,22.76190476190476,29.5,67.14285714285714,2.0
2022,44,Corrientes,2022-10-31,18,1197553,0,0.0,18.12857142857143,0.0,55.80952380952382,0.0
2022,45,Corrientes,2022-11-07,18,1197553,0,0.0,22.480952380952377,20.33333333333333,63.285714285714285,1.6666666666666667
2022,46,Corrientes,2022-11-14,18,1197553,0,0.0,25.37142857142857,8.333333333333334,54.095238095238095,1.0
2022,47,Corrientes,2022-11-21,18,1197553,0,0.0,24.32380952380953,3.7,60.95238095238096,0.6666666666666666
2022,48,Corrientes,2022-11-28,18,1197553,0,0.0,26.842857142857145,5.8,63.66666666666666,0.3333333333333333
2022,49,Corrientes,2022-12-05,18,1197553,0,0.0,29.957142857142856,3.733333333333333,57.66666666666666,0.3333333333333333
2022,50,Corrientes,2022-12-12,18,1197553,0,0.0,26.2,0.0,48.95238095238096,0.0
2023,1,Corrientes,2023-01-02,18,1197553,0,0.0,27.4,0.0,48.04761904761904,0.0
2023,2,Corrientes,2023-01-09,18,1197553,1,0.08350361111366261,27.409523809523808,16.3,55.42857142857142,1.3333333333333333
2023,3,Corrientes,2023-01-16,18,1197553,0,0.0,30.06190476190476,2.0,56.04761904761904,0.6666666666666666
2023,4,Corrientes,2023-01-23,18,1197553,0,0.0,29.480952380952377,16.633333333333333,58.42857142857142,1.6666666666666667
2023,5,Corrientes,2023-01-30,18,1197553,0,0.0,27.73809523809524,13.0,55.333333333333336,0.6666666666666666
2023,6,Corrientes,2023-02-06,18,1197553,0,0.0,29.83809523809524,7.333333333333333,52.095238095238095,1.0
2023,7,Corrientes,2023-02-13,18,1197553,1,0.08350361111366261,24.047619047619047,13.333333333333334,57.285714285714285,1.6666666666666667
2023,8,Corrientes,2023-02-20,18,1197553,7,0.5845252777956383,26.61904761904762,18.0,60.85714285714285,1.3333333333333333
2023,9,Corrientes,2023-02-27,18,1197553,5,0.41751805556831306,26.7,25.066666666666663,69.90476190476191,2.0
2023,10,Corrientes,2023-03-06,18,1197553,11,0.9185397222502887,28.666666666666668,0.0,61.095238095238095,0.0
2023,11,Corrientes,2023-03-13,18,1197553,34,2.8391227778645285,27.38095238095238,37.3,76.28571428571428,3.0
2023,12,Corrientes,2023-03-20,18,1197553,49,4.091676944569468,25.985714285714284,50.333333333333336,77.14285714285715,2.0
2023,13,Corrientes,2023-03-27,18,1197553,71,5.928756389070045,23.19047619047619,53.2,70.66666666666667,1.6666666666666667
2023,14,Corrientes,2023-04-03,18,1197553,58,4.843209444592431,21.933333333333334,15.9,74.19047619047619,0.6666666666666666
2023,15,Corrientes,2023-04-10,18,1197553,110,9.185397222502887,21.347619047619048,26.8,75.28571428571429,1.0
2023,16,Corrientes,2023-04-17,18,1197553,118,9.853426111412187,18.13809523809524,1.0,68.0,0.3333333333333333
2023,17,Corrientes,2023-04-24,18,1197553,172,14.36262111154997,20.66190476190476,10.166666666666666,77.61904761904762,1.6666666666666667
2023,18,Corrientes,2023-05-01,18,1197553,90,7.515325000229635,17.023809523809522,69.93333333333334,91.1904761904762,5.333333333333333
2023,19,Corrientes,2023-05-08,18,1197553,86,7.181310555774985,16.2,0.0,78.09523809523809,0.0
2023,20,Corrientes,2023-05-15,18,1197553,103,8.600871944707249,19.09523809523809,19.9,80.52380952380952,1.6666666666666667
2023,21,Corrientes,2023-05-22,18,1197553,105,8.767879166934573,20.109523809523807,17.0,79.52380952380952,0.6666666666666666
2023,22,Corrientes,2023-05-29,18,1197553,127,10.604958611435151,18.32857142857143,13.666666666666666,82.23809523809524,0.6666666666666666
2023,23,Corrientes,2023-06-05,18,1197553,111,9.268900833616549,19.452380952380956,3.5,77.19047619047619,0.6666666666666666
2023,24,Corrientes,2023-06-12,18,1197553,65,5.42773472238807,11.223809523809525,0.5,77.33333333333333,0.0
2023,25,Corrientes,2023-06-19,18,1197553,25,2.0875902778415654,16.638095238095236,11.766666666666666,88.14285714285715,1.3333333333333333
2023,26,Corrientes,2023-06-26,18,1197553,19,1.5865686111595898,17.914285714285715,3.4,77.76190476190476,0.6666666666666666
2023,27,Corrientes,2023-07-03,18,1197553,60,5.0102166668197565,19.452380952380956,18.73333333333333,81.6190476190476,0.6666666666666666
2023,28,Corrientes,2023-07-10,18,1197553,56,4.676202222365107,12.833333333333334,15.0,84.19047619047619,2.0
2023,29,Corrientes,2023-07-17,18,1197553,36,3.006130000091854,15.723809523809525,1.3333333333333333,72.23809523809524,0.3333333333333333
2023,30,Corrientes,2023-07-24,18,1197553,13,1.085546944477614,13.57142857142857,7.8,81.3809523809524,1.3333333333333333
2023,31,Corrientes,2023-07-31,18,1197553,13,1.085546944477614,22.23333333333333,2.333333333333333,74.14285714285714,0.3333333333333333
2023,32,Corrientes,2023-08-07,18,1197553,17,1.4195613889322642,15.104761904761906,1.1666666666666667,72.0,0.3333333333333333
2023,33,Corrientes,2023-08-14,18,1197553,13,1.085546944477614,19.200000000000003,35.56666666666667,70.23809523809524,1.0
2023,34,Corrientes,2023-08-21,18,1197553,6,0.5010216666819757,16.547619047619047,0.0,64.66666666666667,0.0
2023,35,Corrientes,2023-08-28,18,1197553,8,0.6680288889093009,17.78095238095238,70.5,73.47619047619048,3.333333333333333
2023,36,Corrientes,2023-09-04,18,1197553,3,0.25051083334098784,16.185714285714287,35.800000000000004,85.14285714285715,2.333333333333333
2023,37,Corrientes,2023-09-11,18,1197553,11,0.9185397222502887,18.566666666666663,38.1,72.09523809523809,2.0
2023,38,Corrientes,2023-09-18,18,1197553,7,0.5845252777956383,21.852380952380955,21.5,84.42857142857143,1.6666666666666667
2023,39,Corrientes,2023-09-25,18,1197553,8,0.6680288889093009,16.909523809523808,13.166666666666666,74.28571428571429,1.3333333333333333
2023,40,Corrientes,2023-10-02,18,1197553,6,0.5010216666819757,19.042857142857144,10.533333333333331,63.04761904761904,1.0
2023,41,Corrientes,2023-10-09,18,1197553,9,0.7515325000229635,18.890476190476196,8.233333333333333,63.85714285714285,1.3333333333333333
2023,42,Corrientes,2023-10-16,18,1197553,7,0.5845252777956383,21.909523809523808,99.2,80.80952380952381,3.6666666666666665
2023,43,Corrientes,2023-10-23,18,1197553,11,0.9185397222502887,21.433333333333334,28.8,82.57142857142857,2.0
2023,44,Corrientes,2023-10-30,18,1197553,23,1.92058305561424,19.32380952380953,11.966666666666669,78.76190476190476,1.6666666666666667
2023,45,Corrientes,2023-11-06,18,1197553,29,2.4216047222962156,25.776190476190475,57.43333333333334,73.85714285714285,2.333333333333333
2023,46,Corrientes,2023-11-13,18,1197553,25,2.0875902778415654,23.14761904761905,58.96666666666667,80.52380952380952,3.0
2023,47,Corrientes,2023-11-20,18,1197553,34,2.8391227778645285,24.41428571428571,22.433333333333334,69.76190476190476,1.6666666666666667
2023,48,Corrientes,2023-11-27,18,1197553,101,8.433864722479923,25.452380952380956,92.5,81.09523809523809,3.333333333333333
2023,49,Corrientes,2023-12-04,18,1197553,96,8.01634666691161,23.547619047619047,10.1,74.52380952380952,0.6666666666666666
2023,50,Corrientes,2023-12-11,18,1197553,192,16.03269333382322,27.104761904761904,81.5,78.19047619047619,2.0
2023,51,Corrientes,2023-12-18,18,1197553,308,25.719112223008086,25.133333333333336,59.93333333333334,83.57142857142857,3.0
2023,52,Corrientes,2023-12-25,18,1197553,630,52.60727500160745,24.44761904761905,45.36666666666667,70.57142857142857,1.3333333333333333
2024,1,Corrientes,2024-01-01,18,1197553,692,57.78449889065453,25.81904761904762,15.966666666666669,73.28571428571428,0.6666666666666666
2024,2,Corrientes,2024-01-08,18,1197553,621,51.85574250158448,24.64761904761905,68.66666666666667,82.95238095238095,3.6666666666666665
2024,3,Corrientes,2024-01-15,18,1197553,725,60.540118057405394,26.176190476190477,25.9,81.0,1.6666666666666667
2024,4,Corrientes,2024-01-22,18,1197553,619,51.688735279357154,24.352380952380955,0.0,66.90476190476191,0.0
2024,5,Corrientes,2024-01-29,18,1197553,594,49.60114500151559,28.70952380952381,0.2333333333333333,60.90476190476191,0.0
2024,6,Corrientes,2024-02-05,18,1197553,636,53.10829666828942,30.585714285714285,6.966666666666666,67.28571428571429,0.6666666666666666
2024,7,Corrientes,2024-02-12,18,1197553,545,45.50946805694612,24.81904761904762,20.4,73.95238095238095,1.0
2024,8,Corrientes,2024-02-19,18,1197553,494,41.25078389014933,27.46190476190476,15.9,71.04761904761905,1.6666666666666667
2024,9,Corrientes,2024-02-26,18,1197553,562,46.929029445878385,26.56190476190476,179.96666666666667,84.66666666666667,5.0
2024,10,Corrientes,2024-03-04,18,1197553,592,49.434137779288264,24.428571428571427,44.93333333333334,77.14285714285715,1.6666666666666667
2024,11,Corrientes,2024-03-11,18,1197553,589,49.18362694594728,27.495238095238093,170.73333333333335,78.52380952380952,2.6666666666666665
2024,12,Corrientes,2024-03-18,18,1197553,634,52.94128944606209,23.90476190476191,48.86666666666667,81.14285714285714,1.3333333333333333
2024,13,Corrientes,2024-03-25,18,1197553,567,47.3465475014467,24.50952380952381,2.5,76.47619047619048,0.3333333333333333
2024,14,Corrientes,2024-04-01,18,1197553,589,49.18362694594728,23.042857142857144,113.93333333333334,85.28571428571429,2.333333333333333
2024,15,Corrientes,2024-04-08,18,1197553,602,50.26917389042489,21.57619047619048,101.73333333333332,89.04761904761905,3.333333333333333
2024,16,Corrientes,2024-04-15,18,1197553,564,47.09603666810571,20.904761904761905,36.96666666666667,80.04761904761905,1.6666666666666667
2024,17,Corrientes,2024-04-22,18,1197553,432,36.073560001102244,22.06190476190476,76.53333333333333,83.61904761904762,3.6666666666666665
2024,18,Corrientes,2024-04-29,18,1197553,251,20.959406389529313,21.047619047619047,25.4,89.90476190476191,3.0
2024,19,Corrientes,2024-05-06,18,1197553,240,20.040866667279026,19.82857142857143,14.833333333333334,82.23809523809524,3.0
2024,20,Corrientes,2024-05-13,18,1197553,135,11.272987500344453,11.914285714285716,0.0,78.19047619047619,0.0
2024,21,Corrientes,2024-05-20,18,1197553,45,3.7576625001148174,12.70952380952381,25.73333333333333,84.47619047619048,2.6666666666666665
2024,22,Corrientes,2024-05-27,18,1197553,14,1.1690505555912767,14.038095238095238,0.0333333333333333,83.76190476190476,0.0
2024,23,Corrientes,2024-06-03,18,1197553,22,1.8370794445005774,18.695238095238093,0.0,78.3809523809524,0.0
2024,24,Corrientes,2024-06-10,18,1197553,31,2.588611944523541,22.104761904761904,9.633333333333336,77.76190476190476,1.0
2024,25,Corrientes,2024-06-17,18,1197553,12,1.0020433333639513,20.22857142857143,4.9,86.85714285714285,1.0
2024,26,Corrientes,2024-06-24,18,1197553,5,0.41751805556831306,10.628571428571428,0.0,74.28571428571429,0.0
2024,27,Corrientes,2024-07-01,18,1197553,1,0.08350361111366261,11.895238095238094,0.0,68.47619047619048,0.0
2024,28,Corrientes,2024-07-08,18,1197553,0,0.0,7.133333333333333,0.3666666666666667,78.14285714285714,0.0
2024,29,Corrientes,2024-07-15,18,1197553,0,0.0,15.876190476190477,0.0,82.09523809523809,0.0
2024,30,Corrientes,2024-07-22,18,1197553,0,0.0,18.57142857142857,5.933333333333334,78.95238095238095,0.3333333333333333
2024,31,Corrientes,2024-07-29,18,1197553,0,0.0,18.323809523809523,0.4666666666666666,68.04761904761905,0.0
2024,32,Corrientes,2024-08-05,18,1197553,0,0.0,13.823809523809524,40.4,76.23809523809524,2.333333333333333
2024,33,Corrientes,2024-08-12,18,1197553,0,0.0,15.11904761904762,1.6666666666666667,69.85714285714285,0.3333333333333333
2024,34,Corrientes,2024-08-19,18,1197553,0,0.0,13.314285714285717,76.4,84.19047619047619,2.333333333333333
2024,35,Corrientes,2024-08-26,18,1197553,0,0.0,14.547619047619046,2.0,75.23809523809524,0.6666666666666666
2024,36,Corrientes,2024-09-02,18,1197553,0,0.0,16.35238095238095,12.333333333333334,75.85714285714285,1.3333333333333333
2024,37,Corrientes,2024-09-09,18,1197553,0,0.0,17.41904761904762,6.666666666666667,82.38095238095238,0.3333333333333333
2024,38,Corrientes,2024-09-16,18,1197553,0,0.0,22.28095238095238,9.5,70.6190476190476,0.6666666666666666
2024,39,Corrientes,2024-09-23,18,1197553,0,0.0,20.78571428571429,61.76666666666667,82.76190476190476,2.0
2024,40,Corrientes,2024-09-30,18,1197553,0,0.0,21.328571428571426,16.233333333333334,65.33333333333333,2.0
2024,41,Corrientes,2024-10-07,18,1197553,0,0.0,20.242857142857144,19.666666666666668,80.52380952380953,1.3333333333333333
2024,42,Corrientes,2024-10-14,18,1197553,0,0.0,22.25238095238096,21.666666666666668,76.19047619047619,2.6666666666666665
2024,43,Corrientes,2024-10-21,18,1197553,0,0.0,23.78095238095238,27.03333333333333,68.66666666666667,1.3333333333333333
2024,44,Corrientes,2024-10-28,18,1197553,0,0.0,24.21904761904762,31.83333333333333,72.95238095238095,1.3333333333333333
2024,45,Corrientes,2024-11-04,18,1197553,0,0.0,23.69047619047619,20.966666666666665,71.33333333333333,1.6666666666666667
2024,46,Corrientes,2024-11-11,18,1197553,0,0.0,23.114285714285717,26.433333333333334,64.47619047619048,1.6666666666666667
2024,47,Corrientes,2024-11-18,18,1197553,0,0.0,23.423809523809524,56.93333333333334,78.28571428571429,2.333333333333333
2024,48,Corrientes,2024-11-25,18,1197553,0,0.0,25.114285714285717,134.0,82.85714285714285,5.0
2024,49,Corrientes,2024-12-02,18,1197553,0,0.0,22.695238095238096,19.33333333333333,67.47619047619047,1.3333333333333333
2024,50,Corrientes,2024-12-09,18,1197553,0,0.0,23.671428571428567,30.0,71.57142857142857,2.333333333333333
2024,51,Corrientes,2024-12-16,18,1197553,0,0.0,24.28095238095238,6.166666666666667,68.80952380952381,0.6666666666666666
2024,52,Corrientes,2024-12-23,18,1197553,0,0.0,23.019047619047612,3.0,63.333333333333336,0.3333333333333333
2025,1,Corrientes,2024-12-30,18,1197553,0,0.0,26.71428571428571,0.0,55.71428571428572,0.0
2025,2,Corrientes,2025-01-06,18,1197553,0,0.0,26.723809523809525,0.0,51.095238095238095,0.0
2025,3,Corrientes,2025-01-13,18,1197553,0,0.0,28.585714285714285,5.766666666666667,57.04761904761904,0.6666666666666666
2025,4,Corrientes,2025-01-20,18,1197553,0,0.0,27.171428571428567,16.5,67.38095238095238,1.0
2025,5,Corrientes,2025-01-27,18,1197553,3,0.25051083334098784,26.93809523809524,29.83333333333333,67.42857142857143,2.0
2025,6,Corrientes,2025-02-03,18,1197553,0,0.0,30.614285714285717,2.033333333333333,57.095238095238095,0.6666666666666666
2025,7,Corrientes,2025-02-10,18,1197553,0,0.0,29.19047619047619,44.96666666666666,65.57142857142857,1.6666666666666667
2025,8,Corrientes,2025-02-17,18,1197553,1,0.08350361111366261,26.723809523809525,7.866666666666667,75.0,1.3333333333333333
2025,9,Corrientes,2025-02-24,18,1197553,6,0.5010216666819757,29.071428571428573,8.700000000000001,70.95238095238095,1.0
2025,10,Corrientes,2025-03-03,18,1197553,4,0.33401444445465045,29.77142857142857,10.333333333333334,62.38095238095238,1.6666666666666667
2025,11,Corrientes,2025-03-10,18,1197553,6,0.5010216666819757,22.109523809523807,0.4333333333333333,60.38095238095238,0.0
2025,12,Corrientes,2025-03-17,18,1197553,3,0.25051083334098784,25.17619047619048,18.5,61.66666666666666,2.0
2025,13,Corrientes,2025-03-24,18,1197553,1,0.08350361111366261,24.485714285714284,62.73333333333333,82.14285714285714,3.6666666666666665
2025,14,Corrientes,2025-03-31,18,1197553,5,0.41751805556831306,18.257142857142856,43.73333333333333,78.14285714285715,2.0
2025,15,Corrientes,2025-04-07,18,1197553,0,0.0,19.94761904761905,30.46666666666667,82.14285714285715,1.0
2025,16,Corrientes,2025-04-14,18,1197553,16,1.3360577778186018,19.933333333333334,1.0,69.04761904761905,0.3333333333333333
2025,17,Corrientes,2025-04-21,18,1197553,0,0.0,20.166666666666668,3.5,74.76190476190476,0.6666666666666666
2025,18,Corrientes,2025-04-28,18,1197553,5,0.41751805556831306,18.347619047619048,2.7,72.28571428571429,0.6666666666666666
2025,19,Corrientes,2025-05-05,18,1197553,0,0.0,20.97619047619048,143.70000000000002,85.85714285714285,3.6666666666666665
2025,20,Corrientes,2025-05-12,18,1197553,0,0.0,20.87142857142857,28.266666666666666,80.52380952380953,1.6666666666666667
2025,21,Corrientes,2025-05-19,18,1197553,4,0.33401444445465045,16.980952380952385,71.66666666666667,84.14285714285714,2.333333333333333
2025,22,Corrientes,2025-05-26,18,1197553,0,0.0,12.6,96.0,84.6190476190476,2.333333333333333
2025,23,Corrientes,2025-06-02,18,1197553,0,0.0,14.204761904761904,4.166666666666667,86.33333333333333,0.3333333333333333
2025,24,Corrientes,2025-06-09,18,1197553,0,0.0,12.223809523809525,45.6,83.04761904761905,2.0
2025,25,Corrientes,2025-06-16,18,1197553,0,0.0,14.376190476190478,60.70000000000001,93.04761904761904,3.333333333333333
2025,26,Corrientes,2025-06-23,18,1197553,0,0.0,9.704761904761904,0.0,72.38095238095237,0.0
2025,27,Corrientes,2025-06-30,18,1197553,0,0.0,9.33809523809524,0.0,77.14285714285715,0.0
2025,28,Corrientes,2025-07-07,18,1197553,0,0.0,14.30952380952381,1.2000000000000002,83.14285714285715,0.3333333333333333
2025,29,Corrientes,2025-07-14,18,1197553,0,0.0,14.319047619047618,8.633333333333333,81.80952380952381,0.6666666666666666
2025,30,Corrientes,2025-07-21,18,1197553,0,0.0,15.88095238095238,66.76666666666667,85.23809523809524,2.333333333333333
2025,31,Corrientes,2025-07-28,18,1197553,0,0.0,16.45714285714286,3.0,72.57142857142857,0.3333333333333333
2025,32,Corrientes,2025-08-04,18,1197553,0,0.0,12.057142857142855,2.1666666666666665,75.04761904761905,0.6666666666666666
2025,33,Corrientes,2025-08-11,18,1197553,0,0.0,13.376190476190477,1.6666666666666667,77.47619047619048,0.3333333333333333
2025,34,Corrientes,2025-08-18,18,1197553,0,0.0,16.16190476190476,42.9,77.28571428571428,3.333333333333333
2025,35,Corrientes,2025-08-25,18,1197553,0,0.0,17.87142857142857,18.166666666666668,70.95238095238095,0.6666666666666666
2025,36,Corrientes,2025-09-01,18,1197553,0,0.0,14.338095238095235,21.33333333333333,78.04761904761905,2.6666666666666665
2025,37,Corrientes,2025-09-08,18,1197553,0,0.0,17.766666666666666,24.83333333333333,76.23809523809524,2.0
2025,38,Corrientes,2025-09-15,18,1197553,0,0.0,20.96190476190476,85.06666666666666,83.76190476190476,3.333333333333333
2025,39,Corrientes,2025-09-22,18,1197553,0,0.0,17.723809523809525,24.83333333333333,69.95238095238095,1.3333333333333333
2025,40,Corrientes,2025-09-29,18,1197553,0,0.0,22.347619047619048,28.666666666666668,79.95238095238095,1.6666666666666667
2025,41,Corrientes,2025-10-06,18,1197553,0,0.0,19.361904761904764,11.0,67.90476190476191,0.3333333333333333
2025,42,Corrientes,2025-10-13,18,1197553,0,0.0,20.83809523809524,43.9,67.42857142857143,1.6666666666666667
2018,1,Córdoba,2018-01-01,14,3978984,0,0.0,24.325,0.8,57.71428571428572,0.25
2018,2,Córdoba,2018-01-08,14,3978984,0,0.0,25.241071428571427,36.4375,62.642857142857146,2.375
2018,3,Córdoba,2018-01-15,14,3978984,0,0.0,22.876785714285717,26.3,67.83928571428571,1.625
2018,4,Córdoba,2018-01-22,14,3978984,0,0.0,23.082142857142856,15.375,69.71428571428572,1.375
2018,5,Córdoba,2018-01-29,14,3978984,0,0.0,25.9125,6.2875,62.07142857142857,0.5
2018,6,Córdoba,2018-02-05,14,3978984,0,0.0,23.8,34.1125,66.07142857142857,2.125
2018,7,Córdoba,2018-02-12,14,3978984,0,0.0,23.210714285714285,1.25,62.69642857142858,0.25
2018,8,Córdoba,2018-02-19,14,3978984,0,0.0,21.59642857142857,14.975,67.80357142857143,1.625
2018,9,Córdoba,2018-02-26,14,3978984,0,0.0,23.475,7.0375,69.19642857142857,0.75
2018,10,Córdoba,2018-03-05,14,3978984,1,0.02513204375790403,21.985714285714284,1.2,60.285714285714285,0.375
2018,11,Córdoba,2018-03-12,14,3978984,0,0.0,20.867857142857144,5.625,53.73214285714285,0.125
2018,12,Córdoba,2018-03-19,14,3978984,7,0.1759243063053282,18.289285714285715,4.7125,55.285714285714285,0.625
2018,13,Córdoba,2018-03-26,14,3978984,5,0.12566021878952013,20.14642857142857,15.025,60.767857142857146,1.25
2018,14,Córdoba,2018-04-02,14,3978984,0,0.0,18.744642857142857,26.7625,79.92857142857143,2.25
2018,15,Córdoba,2018-04-09,14,3978984,1,0.02513204375790403,19.557142857142857,1.7625,70.82142857142857,0.5
2018,16,Córdoba,2018-04-16,14,3978984,2,0.05026408751580806,22.89642857142857,17.25,74.10714285714286,0.75
2018,17,Córdoba,2018-04-23,14,3978984,1,0.02513204375790403,20.96964285714286,6.7375,80.14285714285714,1.0
2018,18,Córdoba,2018-04-30,14,3978984,0,0.0,16.928571428571427,30.1,94.10714285714286,4.25
2018,19,Córdoba,2018-05-07,14,3978984,0,0.0,16.626785714285713,72.7625,84.64285714285714,3.0
2018,20,Córdoba,2018-05-14,14,3978984,0,0.0,13.085714285714284,0.0,73.19642857142857,0.0
2018,21,Córdoba,2018-05-21,14,3978984,1,0.02513204375790403,12.20357142857143,0.0,73.01785714285714,0.0
2018,22,Córdoba,2018-05-28,14,3978984,0,0.0,11.17142857142857,5.925000000000001,79.17857142857143,0.75
2018,23,Córdoba,2018-06-04,14,3978984,0,0.0,8.946428571428571,0.0,72.21428571428572,0.0
2018,24,Córdoba,2018-06-11,14,3978984,0,0.0,5.921428571428572,3.75,71.5,0.375
2018,25,Córdoba,2018-06-18,14,3978984,0,0.0,10.301785714285714,0.0,61.55357142857143,0.0
2018,26,Córdoba,2018-06-25,14,3978984,0,0.0,11.682142857142855,0.5125,72.10714285714286,0.25
2018,27,Córdoba,2018-07-02,14,3978984,0,0.0,7.466071428571428,0.6875,80.39285714285714,0.125
2019,1,Córdoba,2018-12-31,14,3978984,0,0.0,24.62142857142857,42.15,70.82142857142857,2.25
2019,2,Córdoba,2019-01-07,14,3978984,0,0.0,21.05892857142857,29.925,78.46428571428572,2.25
2019,3,Córdoba,2019-01-14,14,3978984,0,0.0,20.401785714285715,33.375,77.73214285714286,2.375
2019,4,Córdoba,2019-01-21,14,3978984,0,0.0,26.15535714285714,64.8,79.21428571428572,1.75
2019,5,Córdoba,2019-01-28,14,3978984,0,0.0,25.0125,21.9625,78.80357142857143,1.25
2019,6,Córdoba,2019-02-04,14,3978984,0,0.0,23.57142857142857,27.4125,72.32142857142857,1.125
2019,7,Córdoba,2019-02-11,14,3978984,0,0.0,20.14107142857143,3.275,74.73214285714286,0.125
2019,8,Córdoba,2019-02-18,14,3978984,0,0.0,26.20357142857143,14.5375,71.10714285714286,1.125
2019,9,Córdoba,2019-02-25,14,3978984,1,0.02513204375790403,21.53214285714286,61.375,68.41071428571429,1.25
2019,10,Córdoba,2019-03-04,14,3978984,0,0.0,20.225,9.75,81.39285714285714,1.5
2019,11,Córdoba,2019-03-11,14,3978984,0,0.0,18.892857142857142,39.775,83.89285714285714,2.375
2019,12,Córdoba,2019-03-18,14,3978984,0,0.0,17.09464285714286,0.625,75.67857142857143,0.125
2019,13,Córdoba,2019-03-25,14,3978984,0,0.0,18.37857142857143,47.6625,81.57142857142857,2.5
2019,14,Córdoba,2019-04-01,14,3978984,0,0.0,19.201785714285712,6.775,72.69642857142857,0.875
2019,15,Córdoba,2019-04-08,14,3978984,0,0.0,18.685714285714287,4.75,69.39285714285714,0.5
2019,16,Córdoba,2019-04-15,14,3978984,0,0.0,18.45357142857143,16.15,78.33928571428572,1.75
2019,17,Córdoba,2019-04-22,14,3978984,1,0.02513204375790403,14.932142857142855,46.1,88.16071428571428,3.375
2019,18,Córdoba,2019-04-29,14,3978984,0,0.0,16.916071428571428,9.6,78.26785714285714,2.0
2019,19,Córdoba,2019-05-06,14,3978984,1,0.02513204375790403,15.05892857142857,8.7625,79.94642857142857,1.625
2019,20,Córdoba,2019-05-13,14,3978984,0,0.0,13.98392857142857,0.0,75.14285714285714,0.0
2019,21,Córdoba,2019-05-20,14,3978984,0,0.0,10.789285714285716,9.7125,79.10714285714286,1.25
2019,22,Córdoba,2019-05-27,14,3978984,0,0.0,11.028571428571428,2.9,86.92857142857143,0.25
2019,23,Córdoba,2019-06-03,14,3978984,0,0.0,12.464285714285714,0.0,73.21428571428572,0.0
2019,24,Córdoba,2019-06-10,14,3978984,0,0.0,12.110714285714286,8.25,87.58928571428571,1.5
2019,25,Córdoba,2019-06-17,14,3978984,0,0.0,11.580357142857142,1.65,73.57142857142857,0.125
2019,26,Córdoba,2019-06-24,14,3978984,0,0.0,9.232142857142856,0.025,66.67857142857143,0.0
2019,27,Córdoba,2019-07-01,14,3978984,0,0.0,6.455357142857142,0.0,66.73214285714286,0.0
2019,28,Córdoba,2019-07-08,14,3978984,0,0.0,11.251785714285711,0.0,73.0,0.0
2019,29,Córdoba,2019-07-15,14,3978984,0,0.0,12.464285714285714,0.0,68.23214285714286,0.0
2019,30,Córdoba,2019-07-22,14,3978984,0,0.0,8.403571428571428,7.0625,67.07142857142857,0.5
2019,31,Córdoba,2019-07-29,14,3978984,0,0.0,10.525,0.0,59.285714285714285,0.0
2019,32,Córdoba,2019-08-05,14,3978984,0,0.0,10.978571428571428,0.0125,50.23214285714285,0.0
2019,33,Córdoba,2019-08-12,14,3978984,0,0.0,9.54642857142857,0.0,60.05357142857143,0.0
2019,34,Córdoba,2019-08-19,14,3978984,0,0.0,11.1625,0.0,66.05357142857143,0.0
2019,35,Córdoba,2019-08-26,14,3978984,0,0.0,16.119642857142857,0.0,58.660714285714285,0.0
2019,36,Córdoba,2019-09-02,14,3978984,0,0.0,10.044642857142858,2.3125,55.160714285714285,0.75
2019,37,Córdoba,2019-09-09,14,3978984,0,0.0,13.128571428571428,5.0625,70.39285714285714,1.25
2019,38,Córdoba,2019-09-16,14,3978984,0,0.0,14.419642857142858,0.0,38.83928571428572,0.0
2019,39,Córdoba,2019-09-23,14,3978984,0,0.0,20.59107142857143,0.0,45.96428571428572,0.0
2019,40,Córdoba,2019-09-30,14,3978984,0,0.0,14.892857142857142,3.4,54.82142857142857,0.625
2019,41,Córdoba,2019-10-07,14,3978984,0,0.0,22.832142857142856,22.8625,56.17857142857143,1.625
2019,42,Córdoba,2019-10-14,14,3978984,0,0.0,14.3,10.0625,75.0,1.875
2019,43,Córdoba,2019-10-21,14,3978984,0,0.0,20.44107142857143,15.375,61.410714285714285,1.125
2019,44,Córdoba,2019-10-28,14,3978984,0,0.0,20.426785714285717,1.7625,60.14285714285714,0.25
2019,45,Córdoba,2019-11-04,14,3978984,0,0.0,22.276785714285715,22.1875,61.58928571428572,2.25
2019,46,Córdoba,2019-11-11,14,3978984,0,0.0,24.72142857142857,32.825,60.96428571428572,2.125
2019,47,Córdoba,2019-11-18,14,3978984,0,0.0,23.975,37.2875,64.66071428571429,2.375
2019,48,Córdoba,2019-11-25,14,3978984,0,0.0,21.880357142857143,13.1125,56.375,1.0
2019,49,Córdoba,2019-12-02,14,3978984,0,0.0,21.76071428571429,21.7125,55.69642857142857,2.625
2019,50,Córdoba,2019-12-09,14,3978984,0,0.0,24.9125,24.0125,50.67857142857143,1.75
2019,51,Córdoba,2019-12-16,14,3978984,0,0.0,23.7,27.8625,52.85714285714285,0.75
2019,52,Córdoba,2019-12-23,14,3978984,0,0.0,25.0125,69.5,63.35714285714286,2.125
2020,1,Córdoba,2019-12-30,14,3978984,0,0.0,24.705357142857142,18.125,68.28571428571428,1.25
2020,2,Córdoba,2020-01-06,14,3978984,0,0.0,24.060714285714287,32.8375,65.60714285714286,2.375
2020,3,Córdoba,2020-01-13,14,3978984,0,0.0,24.976785714285715,23.55,64.08928571428571,1.125
2020,4,Córdoba,2020-01-20,14,3978984,2,0.05026408751580806,26.15892857142857,15.9375,68.94642857142857,1.0
2020,5,Córdoba,2020-01-27,14,3978984,10,0.25132043757904027,23.392857142857142,7.35,62.98214285714285,1.0
2020,6,Córdoba,2020-02-03,14,3978984,13,0.32671656885275235,23.82857142857143,124.7625,79.125,4.25
2020,7,Córdoba,2020-02-10,14,3978984,35,0.879621531526641,23.117857142857144,24.65,76.17857142857143,0.75
2020,8,Córdoba,2020-02-17,14,3978984,107,2.6891286820957307,19.980357142857144,13.1,67.91071428571428,0.875
2020,9,Córdoba,2020-02-24,14,3978984,77,1.93516736935861,22.160714285714285,10.0,66.01785714285714,0.625
2020,10,Córdoba,2020-03-02,14,3978984,149,3.7446745199277003,24.46607142857143,0.0,63.80357142857143,0.0
2020,11,Córdoba,2020-03-09,14,3978984,318,7.99198991501348,23.085714285714285,26.9,76.73214285714286,2.75
2020,12,Córdoba,2020-03-16,14,3978984,396,9.952289328129995,20.730357142857144,17.2875,74.48214285714286,1.5
2020,13,Córdoba,2020-03-23,14,3978984,488,12.264437353857165,21.65,53.275,79.08928571428571,2.0
2020,14,Córdoba,2020-03-30,14,3978984,490,12.314701441372973,19.85,11.2,74.64285714285714,1.375
2020,15,Córdoba,2020-04-06,14,3978984,424,10.655986553351307,16.396428571428572,10.875,61.5,1.0
2020,16,Córdoba,2020-04-13,14,3978984,323,8.117650133803,16.823214285714286,0.0,65.83928571428571,0.0
2020,17,Córdoba,2020-04-20,14,3978984,260,6.5343313770550475,20.348214285714285,19.4875,71.875,1.5
2020,18,Córdoba,2020-04-27,14,3978984,186,4.67456013897015,16.81607142857143,8.5375,71.39285714285714,0.375
2020,19,Córdoba,2020-05-04,14,3978984,143,3.593882257380276,13.830357142857142,0.0,64.53571428571428,0.0
2020,20,Córdoba,2020-05-11,14,3978984,106,2.6639966383378266,14.414285714285716,0.0,56.875,0.0
2020,21,Córdoba,2020-05-18,14,3978984,53,1.3319983191689133,13.475,0.375,61.267857142857146,0.125
2020,22,Córdoba,2020-05-25,14,3978984,18,0.4523767876422725,12.303571428571429,0.0,60.83928571428572,0.0
2020,23,Córdoba,2020-06-01,14,3978984,4,0.10052817503161612,9.076785714285714,0.875,68.58928571428571,0.125
2020,24,Córdoba,2020-06-08,14,3978984,1,0.02513204375790403,11.246428571428572,0.0,66.48214285714286,0.0
2020,25,Córdoba,2020-06-15,14,3978984,3,0.07539613127371209,12.26607142857143,0.0125,65.01785714285714,0.0
2020,26,Córdoba,2020-06-22,14,3978984,0,0.0,8.114285714285714,0.1375,66.10714285714286,0.0
2020,27,Córdoba,2020-06-29,14,3978984,1,0.02513204375790403,7.873214285714286,0.0,69.89285714285714,0.0
2020,28,Córdoba,2020-07-06,14,3978984,0,0.0,6.807142857142857,0.0,65.875,0.0
2020,29,Córdoba,2020-07-13,14,3978984,0,0.0,9.242857142857142,0.0625,68.92857142857143,0.0
2020,30,Córdoba,2020-07-20,14,3978984,0,0.0,9.142857142857142,0.275,68.01785714285714,0.0
2020,31,Córdoba,2020-07-27,14,3978984,0,0.0,10.225,0.0,50.21428571428572,0.0
2020,32,Córdoba,2020-08-03,14,3978984,0,0.0,16.541071428571428,0.125,57.57142857142857,0.0
2020,33,Córdoba,2020-08-10,14,3978984,0,0.0,9.769642857142856,0.0,38.625,0.0
2020,34,Córdoba,2020-08-17,14,3978984,0,0.0,9.573214285714284,0.0,38.142857142857146,0.0
2020,35,Córdoba,2020-08-24,14,3978984,0,0.0,14.594642857142858,0.4125,56.125,0.125
2020,36,Córdoba,2020-08-31,14,3978984,0,0.0,10.492857142857144,8.625,69.69642857142857,0.875
2020,37,Córdoba,2020-09-07,14,3978984,0,0.0,15.32857142857143,0.275,53.785714285714285,0.0
2020,38,Córdoba,2020-09-14,14,3978984,0,0.0,14.9625,0.0,36.83928571428572,0.0
2020,39,Córdoba,2020-09-21,14,3978984,0,0.0,18.694642857142856,5.275,47.25,0.25
2020,40,Córdoba,2020-09-28,14,3978984,0,0.0,16.90535714285714,0.0125,42.910714285714285,0.0
2020,41,Córdoba,2020-10-05,14,3978984,0,0.0,18.13392857142857,0.0,41.33928571428572,0.0
2020,42,Córdoba,2020-10-12,14,3978984,0,0.0,23.392857142857142,5.5,46.76785714285714,0.625
2020,43,Córdoba,2020-10-19,14,3978984,0,0.0,18.494642857142857,42.025,78.67857142857143,2.875
2020,44,Córdoba,2020-10-26,14,3978984,0,0.0,18.00357142857143,1.5,47.375,0.375
2020,45,Córdoba,2020-11-02,14,3978984,0,0.0,22.371428571428574,1.65,45.73214285714286,0.375
2020,46,Córdoba,2020-11-09,14,3978984,0,0.0,21.960714285714285,40.0625,62.08928571428572,2.75
2020,47,Córdoba,2020-11-16,14,3978984,0,0.0,22.235714285714284,4.65,53.58928571428572,0.875
2020,48,Córdoba,2020-11-23,14,3978984,0,0.0,25.001785714285717,20.45,55.35714285714286,2.125
2020,49,Córdoba,2020-11-30,14,3978984,0,0.0,20.50357142857143,28.5,58.71428571428572,2.0
2020,50,Córdoba,2020-12-07,14,3978984,0,0.0,24.882142857142856,4.375,46.267857142857146,0.75
2020,51,Córdoba,2020-12-14,14,3978984,1,0.02513204375790403,23.53392857142857,24.7125,47.17857142857143,1.375
2020,52,Córdoba,2020-12-21,14,3978984,0,0.0,26.04642857142857,15.4,51.42857142857143,1.25
2020,53,Córdoba,2020-12-28,14,3978984,0,0.0,23.23392857142857,40.0375,63.160714285714285,3.25
2021,1,Córdoba,2021-01-04,14,3978984,0,0.0,23.314285714285717,33.5625,64.14285714285714,2.125
2021,2,Córdoba,2021-01-11,14,3978984,0,0.0,21.9875,39.025,69.89285714285714,3.0
2021,3,Córdoba,2021-01-18,14,3978984,0,0.0,25.148214285714285,1.5,58.89285714285714,0.25
2021,4,Córdoba,2021-01-25,14,3978984,0,0.0,22.932142857142857,110.125,76.85714285714286,5.0
2021,5,Córdoba,2021-02-01,14,3978984,0,0.0,21.09107142857143,13.5625,73.80357142857143,1.75
2021,6,Córdoba,2021-02-08,14,3978984,0,0.0,21.235714285714288,17.75,78.25,1.375
2021,7,Córdoba,2021-02-15,14,3978984,0,0.0,22.142857142857142,16.45,71.125,1.5
2021,8,Córdoba,2021-02-22,14,3978984,0,0.0,23.541071428571428,16.825,70.67857142857143,1.75
2021,9,Córdoba,2021-03-01,14,3978984,0,0.0,24.001785714285717,6.125,76.03571428571428,0.625
2021,10,Córdoba,2021-03-08,14,3978984,0,0.0,22.63392857142857,25.5875,72.73214285714286,2.5
2021,11,Córdoba,2021-03-15,14,3978984,2,0.05026408751580806,17.957142857142856,45.4375,78.35714285714286,1.75
2021,12,Córdoba,2021-03-22,14,3978984,0,0.0,18.417857142857144,35.625,76.80357142857143,1.75
2021,13,Córdoba,2021-03-29,14,3978984,0,0.0,18.964285714285715,0.0,70.98214285714286,0.0
2021,14,Córdoba,2021-04-05,14,3978984,0,0.0,19.951785714285712,68.175,81.80357142857143,3.125
2021,15,Córdoba,2021-04-12,14,3978984,1,0.02513204375790403,19.242857142857144,0.0,74.07142857142857,0.0
2021,16,Córdoba,2021-04-19,14,3978984,1,0.02513204375790403,18.575,17.7375,76.71428571428571,1.125
2021,17,Córdoba,2021-04-26,14,3978984,1,0.02513204375790403,16.3875,0.0,68.35714285714286,0.0
2021,18,Córdoba,2021-05-03,14,3978984,4,0.10052817503161612,11.989285714285714,8.0,72.69642857142857,1.0
2021,19,Córdoba,2021-05-10,14,3978984,0,0.0,11.914285714285716,0.0,68.32142857142857,0.0
2021,20,Córdoba,2021-05-17,14,3978984,0,0.0,13.50357142857143,19.55,74.55357142857143,1.5
2021,21,Córdoba,2021-05-24,14,3978984,0,0.0,12.4375,0.0,59.660714285714285,0.0
2021,22,Córdoba,2021-05-31,14,3978984,0,0.0,13.857142857142858,0.0375,63.44047619047619,0.0
2021,23,Córdoba,2021-06-07,14,3978984,0,0.0,12.935714285714289,0.0,72.64285714285714,0.0
2021,24,Córdoba,2021-06-14,14,3978984,0,0.0,6.675,7.175000000000001,77.375,1.375
2021,25,Córdoba,2021-06-21,14,3978984,0,0.0,9.267857142857142,0.725,74.64285714285714,0.25
2021,26,Córdoba,2021-06-28,14,3978984,0,0.0,6.732142857142857,0.0,56.92857142857143,0.0
2021,27,Córdoba,2021-07-05,14,3978984,0,0.0,13.29642857142857,0.5625,64.71428571428572,0.125
2021,28,Córdoba,2021-07-12,14,3978984,0,0.0,9.801785714285714,1.6,58.08928571428572,0.5
2021,29,Córdoba,2021-07-19,14,3978984,0,0.0,11.5875,0.0,53.85714285714286,0.0
2021,30,Córdoba,2021-07-26,14,3978984,0,0.0,7.2767857142857135,0.0,49.75,0.0
2022,1,Córdoba,2022-01-03,14,3978984,0,0.0,26.035714285714285,5.625,50.21428571428572,0.75
2022,2,Córdoba,2022-01-10,14,3978984,0,0.0,31.4375,14.5,40.30357142857143,0.875
2022,3,Córdoba,2022-01-17,14,3978984,0,0.0,23.1875,87.42500000000001,78.69642857142857,2.875
2022,4,Córdoba,2022-01-24,14,3978984,0,0.0,23.476785714285715,13.5125,71.35714285714286,1.25
2022,5,Córdoba,2022-01-31,14,3978984,0,0.0,22.65535714285714,16.9,67.92857142857143,1.375
2022,6,Córdoba,2022-02-07,14,3978984,0,0.0,20.880357142857143,24.6875,65.35714285714286,1.875
2022,7,Córdoba,2022-02-14,14,3978984,0,0.0,23.25178571428572,23.5,67.89285714285714,2.0
2022,8,Córdoba,2022-02-21,14,3978984,0,0.0,22.664285714285715,21.9625,76.83928571428572,2.25
2022,9,Córdoba,2022-02-28,14,3978984,0,0.0,22.76428571428572,36.9125,74.35714285714286,2.875
2022,10,Córdoba,2022-03-07,14,3978984,0,0.0,19.728571428571428,9.5125,72.75,0.625
2022,11,Córdoba,2022-03-14,14,3978984,0,0.0,20.09642857142857,24.625,67.82142857142857,1.125
2022,12,Córdoba,2022-03-21,14,3978984,0,0.0,18.57321428571429,8.95,64.875,0.625
2022,13,Córdoba,2022-03-28,14,3978984,1,0.02513204375790403,16.564285714285713,0.0,55.01785714285714,0.0
2022,14,Córdoba,2022-04-04,14,3978984,0,0.0,20.048214285714284,10.6,68.89285714285714,0.625
2022,15,Córdoba,2022-04-11,14,3978984,0,0.0,15.371428571428572,2.95,68.26785714285714,0.5
2022,16,Córdoba,2022-04-18,14,3978984,1,0.02513204375790403,17.373214285714287,9.55,67.875,1.125
2022,17,Córdoba,2022-04-25,14,3978984,1,0.02513204375790403,14.89107142857143,3.6125,58.55357142857143,0.375
2022,18,Córdoba,2022-05-02,14,3978984,0,0.0,14.514285714285714,0.375,65.25,0.125
2022,19,Córdoba,2022-05-09,14,3978984,0,0.0,14.773214285714284,8.75,73.58928571428571,0.75
2022,20,Córdoba,2022-05-16,14,3978984,0,0.0,9.567857142857145,0.0,65.30357142857143,0.0
2022,21,Córdoba,2022-05-23,14,3978984,1,0.02513204375790403,11.507142857142856,0.0375,70.85714285714286,0.0
2022,22,Córdoba,2022-05-30,14,3978984,0,0.0,7.817857142857143,0.0,62.94642857142857,0.0
2022,23,Córdoba,2022-06-06,14,3978984,0,0.0,9.935714285714283,0.0,66.32142857142857,0.0
2022,24,Córdoba,2022-06-13,14,3978984,0,0.0,9.998214285714283,0.0,54.33928571428572,0.0
2022,25,Córdoba,2022-06-20,14,3978984,0,0.0,6.883928571428571,0.525,70.17857142857143,0.125
2022,26,Córdoba,2022-06-27,14,3978984,0,0.0,10.223214285714285,3.3125,63.0,0.5
2022,27,Córdoba,2022-07-04,14,3978984,0,0.0,10.55,0.25,54.85714285714286,0.125
2022,28,Córdoba,2022-07-11,14,3978984,0,0.0,7.985714285714286,0.3375,62.42857142857143,0.0
2022,29,Córdoba,2022-07-18,14,3978984,0,0.0,12.221428571428572,0.0625,66.875,0.0
2022,30,Córdoba,2022-07-25,14,3978984,0,0.0,13.360714285714286,0.2375,67.23214285714286,0.0
2022,31,Córdoba,2022-08-01,14,3978984,0,0.0,11.826785714285714,9.65,65.46428571428571,1.375
2022,32,Córdoba,2022-08-08,14,3978984,0,0.0,11.735714285714286,4.85,69.25,0.375
2022,33,Córdoba,2022-08-15,14,3978984,0,0.0,10.416071428571428,0.0,42.94642857142857,0.0
2022,34,Córdoba,2022-08-22,14,3978984,0,0.0,14.8,0.6625,51.89285714285714,0.125
2022,35,Córdoba,2022-08-29,14,3978984,0,0.0,12.75,0.625,41.83928571428572,0.125
2022,36,Córdoba,2022-09-05,14,3978984,0,0.0,14.314285714285711,0.0,35.767857142857146,0.0
2022,37,Córdoba,2022-09-12,14,3978984,0,0.0,16.632142857142856,4.8125,41.535714285714285,0.5
2022,38,Córdoba,2022-09-19,14,3978984,0,0.0,12.616071428571429,5.5375,60.19642857142857,1.375
2022,39,Córdoba,2022-09-26,14,3978984,0,0.0,16.269642857142856,4.3625,55.73214285714285,1.0
2022,40,Córdoba,2022-10-03,14,3978984,1,0.02513204375790403,17.101785714285715,10.1875,45.5,1.125
2022,41,Córdoba,2022-10-10,14,3978984,0,0.0,15.205357142857142,3.6875,43.85714285714285,0.25
2022,42,Córdoba,2022-10-17,14,3978984,0,0.0,17.10535714285714,10.3,64.67857142857143,1.25
2022,43,Córdoba,2022-10-24,14,3978984,0,0.0,22.801785714285717,24.0125,46.660714285714285,1.0
2022,44,Córdoba,2022-10-31,14,3978984,0,0.0,18.57857142857143,0.0,37.60714285714285,0.0
2022,45,Córdoba,2022-11-07,14,3978984,0,0.0,21.519642857142856,38.125,55.80357142857143,2.625
2022,46,Córdoba,2022-11-14,14,3978984,0,0.0,25.1375,19.0875,46.75,1.75
2022,47,Córdoba,2022-11-21,14,3978984,0,0.0,25.814285714285717,0.0,41.80357142857143,0.0
2022,48,Córdoba,2022-11-28,14,3978984,2,0.05026408751580806,25.125,8.8,49.625,0.75
2022,49,Córdoba,2022-12-05,14,3978984,0,0.0,29.398214285714285,25.2625,48.660714285714285,1.375
2022,50,Córdoba,2022-12-12,14,3978984,1,0.02513204375790403,24.5375,5.6625,42.160714285714285,0.75
2023,1,Córdoba,2023-01-02,14,3978984,2,0.05026408751580806,25.9125,1.1625,45.55357142857143,0.125
2023,2,Córdoba,2023-01-09,14,3978984,2,0.05026408751580806,24.853571428571428,23.7125,55.71428571428572,2.25
2023,3,Córdoba,2023-01-16,14,3978984,0,0.0,26.514285714285712,31.4125,62.875,2.125
2023,4,Córdoba,2023-01-23,14,3978984,2,0.05026408751580806,24.614285714285717,54.9125,73.05357142857143,2.75
2023,5,Córdoba,2023-01-30,14,3978984,3,0.07539613127371209,23.96607142857143,21.2375,71.01785714285714,1.125
2023,6,Córdoba,2023-02-06,14,3978984,0,0.0,27.34642857142857,10.8,57.94642857142857,0.75
2023,7,Córdoba,2023-02-13,14,3978984,9,0.22618839382113626,20.114285714285717,7.875,57.33928571428572,0.875
2023,8,Córdoba,2023-02-20,14,3978984,11,0.27645248133694433,22.6875,10.3625,62.94642857142857,1.0
2023,9,Córdoba,2023-02-27,14,3978984,24,0.6031690501896967,26.34285714285714,2.15,58.785714285714285,0.375
2023,10,Córdoba,2023-03-06,14,3978984,116,2.9153170759168674,26.69107142857143,11.25,60.125,0.875
2023,11,Córdoba,2023-03-13,14,3978984,305,7.6652733461607285,26.02857142857143,27.875,67.57142857142857,1.5
2023,12,Córdoba,2023-03-20,14,3978984,687,17.265714061680068,21.173214285714288,67.7125,85.30357142857143,3.625
2023,13,Córdoba,2023-03-27,14,3978984,1109,27.871436527515566,20.058928571428574,2.2,66.98214285714286,0.5
2023,14,Córdoba,2023-04-03,14,3978984,1280,32.169016010117154,20.757142857142856,5.4,75.89285714285714,0.75
2023,15,Córdoba,2023-04-10,14,3978984,1341,33.702070679349305,17.303571428571427,9.025,72.83928571428572,1.0
2023,16,Córdoba,2023-04-17,14,3978984,1083,27.21800338981006,16.00357142857143,5.525,65.76785714285714,1.0
2023,17,Córdoba,2023-04-24,14,3978984,692,17.391374280469588,18.76428571428572,0.4375,71.16071428571429,0.125
2023,18,Córdoba,2023-05-01,14,3978984,455,11.435079909846333,14.20892857142857,12.6,63.32142857142857,1.5
2023,19,Córdoba,2023-05-08,14,3978984,273,6.8610479459078,16.0625,0.0,70.91071428571428,0.0
2023,20,Córdoba,2023-05-15,14,3978984,205,5.152068970370325,16.726785714285715,7.8,74.08928571428571,1.0
2023,21,Córdoba,2023-05-22,14,3978984,128,3.216901601011716,16.105357142857144,5.15,79.42857142857143,0.75
2023,22,Córdoba,2023-05-29,14,3978984,113,2.8399209446431555,14.8875,2.4,75.71428571428571,0.125
2023,23,Córdoba,2023-06-05,14,3978984,85,2.1362237194218423,14.528571428571428,0.0,67.08928571428571,0.0
2023,24,Córdoba,2023-06-12,14,3978984,65,1.6335828442637619,6.039285714285715,0.0,64.98214285714286,0.0
2023,25,Córdoba,2023-06-19,14,3978984,2,0.05026408751580806,11.2,2.0250000000000004,82.21428571428571,0.25
2023,26,Córdoba,2023-06-26,14,3978984,6,0.15079226254742417,12.625,0.0,66.01785714285714,0.0
2023,27,Córdoba,2023-07-03,14,3978984,5,0.12566021878952013,15.189285714285711,4.225,76.41071428571429,0.875
2023,28,Córdoba,2023-07-10,14,3978984,2,0.05026408751580806,7.698214285714286,12.1625,84.89285714285714,1.875
2023,29,Córdoba,2023-07-17,14,3978984,4,0.10052817503161612,10.598214285714286,0.0,62.80357142857143,0.0
2023,30,Córdoba,2023-07-24,14,3978984,0,0.0,11.135714285714286,0.0,62.875,0.0
2023,31,Córdoba,2023-07-31,14,3978984,0,0.0,16.1,0.0,58.21428571428572,0.0
2023,32,Córdoba,2023-08-07,14,3978984,1,0.02513204375790403,11.042857142857144,0.0,51.89285714285714,0.0
2023,33,Córdoba,2023-08-14,14,3978984,0,0.0,14.667857142857144,0.55,55.83928571428572,0.25
2023,34,Córdoba,2023-08-21,14,3978984,0,0.0,12.405357142857143,0.75,59.5,0.25
2023,35,Córdoba,2023-08-28,14,3978984,1,0.02513204375790403,14.16607142857143,11.65,52.19642857142857,0.875
2023,36,Córdoba,2023-09-04,14,3978984,1,0.02513204375790403,13.123214285714283,1.0,63.0,0.375
2023,37,Córdoba,2023-09-11,14,3978984,0,0.0,17.132142857142856,0.0,38.0,0.0
2023,38,Córdoba,2023-09-18,14,3978984,1,0.02513204375790403,16.835714285714285,0.6000000000000001,61.44642857142857,0.25
2023,39,Córdoba,2023-09-25,14,3978984,5,0.12566021878952013,16.476785714285715,0.4125,43.85714285714285,0.125
2023,40,Córdoba,2023-10-02,14,3978984,0,0.0,18.185714285714287,2.825,43.48214285714285,0.375
2023,41,Córdoba,2023-10-09,14,3978984,1,0.02513204375790403,18.87857142857143,0.4375,36.57142857142857,0.125
2023,42,Córdoba,2023-10-16,14,3978984,0,0.0,20.923214285714288,22.4875,53.08928571428572,1.5
2023,43,Córdoba,2023-10-23,14,3978984,1,0.02513204375790403,20.232142857142858,20.8,70.33928571428572,2.75
2023,44,Córdoba,2023-10-30,14,3978984,3,0.07539613127371209,15.242857142857144,23.35,63.410714285714285,1.375
2023,45,Córdoba,2023-11-06,14,3978984,2,0.05026408751580806,22.864285714285717,5.375,44.67857142857143,0.625
2023,46,Córdoba,2023-11-13,14,3978984,4,0.10052817503161612,20.94107142857143,14.075,48.98214285714285,1.25
2023,47,Córdoba,2023-11-20,14,3978984,3,0.07539613127371209,24.64642857142857,7.3125,47.875,0.5
2023,48,Córdoba,2023-11-27,14,3978984,5,0.12566021878952013,23.44107142857143,42.075,66.25,2.875
2023,49,Córdoba,2023-12-04,14,3978984,3,0.07539613127371209,20.39464285714286,13.0625,65.82142857142857,1.875
2023,50,Córdoba,2023-12-11,14,3978984,3,0.07539613127371209,26.085714285714285,50.2625,68.44642857142857,2.5
2023,51,Córdoba,2023-12-18,14,3978984,16,0.4021127001264645,21.435714285714287,27.7,77.76785714285714,3.0
2023,52,Córdoba,2023-12-25,14,3978984,19,0.4775088314001765,24.95892857142857,27.5625,56.75,1.25
2024,1,Córdoba,2024-01-01,14,3978984,76,1.910035325600706,24.9125,75.0625,68.07142857142857,2.125
2024,2,Córdoba,2024-01-08,14,3978984,95,2.3875441570008826,23.70892857142857,44.375,75.0,2.25
2024,3,Córdoba,2024-01-15,14,3978984,115,2.8901850321589633,23.326785714285712,19.8125,67.92857142857143,1.0
2024,4,Córdoba,2024-01-22,14,3978984,140,3.518486126106564,24.039285714285715,0.0,58.285714285714285,0.0
2024,5,Córdoba,2024-01-29,14,3978984,177,4.4483717451490135,27.12857142857143,8.775,56.07142857142857,0.625
2024,6,Córdoba,2024-02-05,14,3978984,708,17.793486980596054,26.669642857142858,78.1375,73.625,2.375
2024,7,Córdoba,2024-02-12,14,3978984,1413,35.511577829918394,21.567857142857143,14.8625,75.10714285714286,1.0
2024,8,Córdoba,2024-02-19,14,3978984,1962,49.309069853007706,22.93392857142857,62.0125,76.89285714285714,2.75
2024,9,Córdoba,2024-02-26,14,3978984,3296,82.83521622605167,23.82321428571429,13.4125,81.92857142857143,1.375
2024,10,Córdoba,2024-03-04,14,3978984,4307,108.24371246529266,22.821428571428573,6.55,75.17857142857143,0.5
2024,11,Córdoba,2024-03-11,14,3978984,9256,232.62219702315969,24.685714285714287,20.225,84.42857142857143,2.375
2024,12,Córdoba,2024-03-18,14,3978984,18251,458.6849306255064,22.057142857142857,3.0,68.60714285714286,0.5
2024,13,Córdoba,2024-03-25,14,3978984,20134,506.0085690216397,23.32857142857143,14.0125,68.96428571428572,0.625
2024,14,Córdoba,2024-04-01,14,3978984,22364,562.0530266017657,18.63928571428572,31.375,74.78571428571429,1.375
2024,15,Córdoba,2024-04-08,14,3978984,9740,244.78610620198523,15.167857142857144,69.1375,88.53571428571428,4.875
2024,16,Córdoba,2024-04-15,14,3978984,4408,110.78204888484095,18.76607142857143,4.1625,70.78571428571429,0.625
2024,17,Córdoba,2024-04-22,14,3978984,3726,93.64199504195041,15.678571428571429,5.4625,77.16071428571428,0.875
2024,18,Córdoba,2024-04-29,14,3978984,2048,51.470425616187455,14.725,0.425,75.05357142857143,0.125
2024,19,Córdoba,2024-05-06,14,3978984,1087,27.31853156484168,11.707142857142856,4.6000000000000005,72.44642857142857,0.625
2024,20,Córdoba,2024-05-13,14,3978984,421,10.580590422077595,7.692857142857143,0.0,71.14285714285714,0.0
2024,21,Córdoba,2024-05-20,14,3978984,162,4.0713910887804525,8.417857142857143,3.625,77.125,0.5
2024,22,Córdoba,2024-05-27,14,3978984,15,0.37698065636856043,8.960714285714285,0.0,71.69642857142857,0.0
2024,23,Córdoba,2024-06-03,14,3978984,4,0.10052817503161612,13.408928571428572,0.0,74.42857142857143,0.0
2024,24,Córdoba,2024-06-10,14,3978984,4,0.10052817503161612,15.230357142857144,0.1,68.58928571428571,0.0
2024,25,Córdoba,2024-06-17,14,3978984,1,0.02513204375790403,12.7375,1.0875,80.03571428571429,0.25
2024,26,Córdoba,2024-06-24,14,3978984,1,0.02513204375790403,8.389285714285714,0.0,57.98214285714285,0.0
2024,27,Córdoba,2024-07-01,14,3978984,0,0.0,7.264285714285714,0.0,53.69642857142857,0.0
2024,28,Córdoba,2024-07-08,14,3978984,0,0.0,3.3089285714285714,0.0,63.410714285714285,0.0
2024,29,Córdoba,2024-07-15,14,3978984,0,0.0,9.128571428571428,2.4,75.17857142857143,0.5
2024,30,Córdoba,2024-07-22,14,3978984,1,0.02513204375790403,11.591071428571428,0.0,63.69642857142857,0.0
2024,31,Córdoba,2024-07-29,14,3978984,0,0.0,13.573214285714286,3.125,59.14285714285714,0.25
2024,32,Córdoba,2024-08-05,14,3978984,0,0.0,9.210714285714284,0.025,54.69642857142857,0.0
2024,33,Córdoba,2024-08-12,14,3978984,0,0.0,12.1,0.0,54.0,0.0
2024,34,Córdoba,2024-08-19,14,3978984,0,0.0,8.048214285714286,2.425,75.48214285714286,0.625
2024,35,Córdoba,2024-08-26,14,3978984,1,0.02513204375790403,11.75,1.9875,60.82142857142857,0.25
2024,36,Córdoba,2024-09-02,14,3978984,0,0.0,16.251785714285713,0.0,41.035714285714285,0.0
2024,37,Córdoba,2024-09-09,14,3978984,0,0.0,16.414285714285715,0.075,46.160714285714285,0.0
2024,38,Córdoba,2024-09-16,14,3978984,0,0.0,21.264285714285712,0.25,42.892857142857146,0.125
2024,39,Córdoba,2024-09-23,14,3978984,0,0.0,18.991071428571427,0.0625,43.96428571428572,0.0
2024,40,Córdoba,2024-09-30,14,3978984,0,0.0,20.817857142857143,2.5,35.732142857142854,0.625
2024,41,Córdoba,2024-10-07,14,3978984,2,0.05026408751580806,18.044642857142858,50.8,76.91071428571428,3.5
2024,42,Córdoba,2024-10-14,14,3978984,0,0.0,21.569642857142856,10.5375,71.33928571428571,1.125
2024,43,Córdoba,2024-10-21,14,3978984,0,0.0,19.835714285714285,67.625,64.07142857142857,1.875
2024,44,Córdoba,2024-10-28,14,3978984,2,0.05026408751580806,23.398214285714285,11.775,57.17857142857143,0.875
2024,45,Córdoba,2024-11-04,14,3978984,4,0.10052817503161612,22.544642857142858,12.2875,58.875,1.75
2024,46,Córdoba,2024-11-11,14,3978984,0,0.0,23.21964285714286,9.25,46.44642857142857,0.375
2024,47,Córdoba,2024-11-18,14,3978984,1,0.02513204375790403,22.928571428571427,39.525,64.35714285714286,2.375
2024,48,Córdoba,2024-11-25,14,3978984,0,0.0,21.72142857142857,60.7625,79.73214285714286,3.25
2024,49,Córdoba,2024-12-02,14,3978984,0,0.0,21.164285714285715,5.1625,53.910714285714285,0.5
2024,50,Córdoba,2024-12-09,14,3978984,0,0.0,24.45892857142857,18.2,53.285714285714285,0.75
2024,51,Córdoba,2024-12-16,14,3978984,2,0.05026408751580806,22.80892857142857,44.45,64.08928571428572,2.25
2024,52,Córdoba,2024-12-23,14,3978984,0,0.0,23.692857142857143,21.65,59.517857142857146,1.125
2025,1,Córdoba,2024-12-30,14,3978984,1,0.02513204375790403,25.769642857142856,20.5125,58.33928571428572,1.375
2025,2,Córdoba,2025-01-06,14,3978984,3,0.07539613127371209,26.2375,8.1875,56.892857142857146,0.875
2025,3,Córdoba,2025-01-13,14,3978984,14,0.3518486126106564,25.851785714285715,36.1625,58.32142857142857,2.25
2025,4,Córdoba,2025-01-20,14,3978984,22,0.5529049626738887,25.585714285714285,27.0,66.42857142857143,1.5
2025,5,Córdoba,2025-01-27,14,3978984,47,1.1812060566214893,26.14107142857143,12.1625,66.75,0.75
2025,6,Córdoba,2025-02-03,14,3978984,53,1.3319983191689133,27.7375,17.2875,62.660714285714285,0.75
2025,7,Córdoba,2025-02-10,14,3978984,79,1.985431456874418,25.414285714285715,36.95,71.07142857142857,3.125
2025,8,Córdoba,2025-02-17,14,3978984,175,4.398107657633205,26.625,0.0,63.69642857142857,0.0
2025,9,Córdoba,2025-02-24,14,3978984,277,6.961576120939416,24.751785714285717,87.6875,80.25,4.125
2025,10,Córdoba,2025-03-03,14,3978984,415,10.429798159530172,25.026785714285715,64.575,71.46428571428572,2.0
2025,11,Córdoba,2025-03-10,14,3978984,632,15.883451654995344,18.517857142857142,43.7625,78.07142857142857,1.75
2025,12,Córdoba,2025-03-17,14,3978984,483,12.138777135067645,22.289285714285715,20.8,74.16071428571429,2.5
2025,13,Córdoba,2025-03-24,14,3978984,513,12.892738447804765,19.9125,36.50000000000001,87.42857142857143,3.375
2025,14,Córdoba,2025-03-31,14,3978984,427,10.73138268462502,13.876785714285717,5.625,69.0,0.25
2025,15,Córdoba,2025-04-07,14,3978984,197,4.951012620307093,17.010714285714286,9.2375,79.375,1.375
2025,16,Córdoba,2025-04-14,14,3978984,103,2.5886005070641147,16.942857142857143,6.8125,75.39285714285714,1.125
2025,17,Córdoba,2025-04-21,14,3978984,121,3.0409772947063876,18.101785714285715,6.6000000000000005,69.92857142857143,0.75
2025,18,Córdoba,2025-04-28,14,3978984,85,2.1362237194218423,18.57142857142857,0.375,67.53571428571428,0.125
2025,19,Córdoba,2025-05-05,14,3978984,71,1.784375106811186,17.835714285714285,3.15,83.07142857142857,0.75
2025,20,Córdoba,2025-05-12,14,3978984,72,1.80950715056909,19.139285714285712,3.0125,72.14285714285714,0.625
2025,21,Córdoba,2025-05-19,14,3978984,52,1.3068662754110094,13.321428571428571,0.3875,74.55357142857143,0.0
2025,22,Córdoba,2025-05-26,14,3978984,20,0.5026408751580805,9.548214285714286,1.75,67.25,0.5
2025,23,Córdoba,2025-06-02,14,3978984,7,0.1759243063053282,11.289285714285716,0.2625,74.98214285714286,0.0
2025,24,Córdoba,2025-06-09,14,3978984,1,0.02513204375790403,10.444642857142856,0.6,70.55357142857143,0.125
2025,25,Córdoba,2025-06-16,14,3978984,0,0.0,9.446428571428571,0.0375,63.80357142857143,0.0
2025,26,Córdoba,2025-06-23,14,3978984,0,0.0,6.323214285714286,0.2,50.035714285714285,0.0
2025,27,Córdoba,2025-06-30,14,3978984,0,0.0,6.878571428571428,0.5,61.44642857142857,0.125
2025,28,Córdoba,2025-07-07,14,3978984,1,0.02513204375790403,12.682142857142855,18.05,82.17857142857143,1.625
2025,29,Córdoba,2025-07-14,14,3978984,1,0.02513204375790403,12.332142857142856,6.1875,63.76785714285714,0.25
2025,30,Córdoba,2025-07-21,14,3978984,0,0.0,9.357142857142858,12.7875,86.19642857142857,1.5
2025,31,Córdoba,2025-07-28,14,3978984,0,0.0,12.217857142857143,0.0,73.71428571428572,0.0
2025,32,Córdoba,2025-08-04,14,3978984,0,0.0,10.103571428571428,0.0,57.410714285714285,0.0
2025,33,Córdoba,2025-08-11,14,3978984,0,0.0,11.833928571428572,0.275,61.875,0.0
2025,34,Córdoba,2025-08-18,14,3978984,0,0.0,12.476785714285716,18.5125,57.42857142857143,1.625
2025,35,Córdoba,2025-08-25,14,3978984,0,0.0,14.971428571428572,75.55,59.375,1.875
2025,36,Córdoba,2025-09-01,14,3978984,0,0.0,10.628571428571428,0.0,62.55357142857143,0.0
2025,37,Córdoba,2025-09-08,14,3978984,0,0.0,16.70714285714286,0.025,54.39285714285714,0.0
2025,38,Córdoba,2025-09-15,14,3978984,0,0.0,19.830357142857142,3.8875,73.71428571428572,0.25
2025,39,Córdoba,2025-09-22,14,3978984,0,0.0,16.7875,21.9875,53.30357142857143,0.875
2025,40,Córdoba,2025-09-29,14,3978984,0,0.0,20.035714285714285,21.5125,57.83928571428572,0.625
2025,41,Córdoba,2025-10-06,14,3978984,0,0.0,19.110714285714288,0.0,40.267857142857146,0.0
2025,42,Córdoba,2025-10-13,14,3978984,0,0.0,20.508928571428573,5.35,49.410714285714285,0.5
2018,1,Entre Ríos,2018-01-01,30,1426426,0,0.0,24.73809523809524,2.6666666666666665,58.61904761904762,0.3333333333333333
2018,2,Entre Ríos,2018-01-08,30,1426426,0,0.0,26.7,21.566666666666663,62.52380952380952,1.3333333333333333
2018,3,Entre Ríos,2018-01-15,30,1426426,0,0.0,25.27619047619048,2.6666666666666665,65.90476190476191,0.6666666666666666
2018,4,Entre Ríos,2018-01-22,30,1426426,0,0.0,25.64761904761905,38.43333333333333,62.61904761904762,1.6666666666666667
2018,5,Entre Ríos,2018-01-29,30,1426426,0,0.0,26.847619047619048,0.0,54.90476190476191,0.0
2018,6,Entre Ríos,2018-02-05,30,1426426,0,0.0,26.442857142857147,29.5,63.71428571428572,1.6666666666666667
2018,7,Entre Ríos,2018-02-12,30,1426426,0,0.0,24.047619047619047,1.0,58.90476190476191,0.3333333333333333
2018,8,Entre Ríos,2018-02-19,30,1426426,0,0.0,23.723809523809525,10.766666666666667,65.95238095238095,0.6666666666666666
2018,9,Entre Ríos,2018-02-26,30,1426426,0,0.0,25.28571428571429,12.666666666666666,65.80952380952381,1.0
2018,10,Entre Ríos,2018-03-05,30,1426426,0,0.0,22.51428571428572,6.0,57.95238095238096,0.6666666666666666
2018,11,Entre Ríos,2018-03-12,30,1426426,0,0.0,22.4047619047619,13.933333333333332,60.95238095238096,1.0
2018,12,Entre Ríos,2018-03-19,30,1426426,0,0.0,19.94761904761905,19.0,61.76190476190476,0.6666666666666666
2018,13,Entre Ríos,2018-03-26,30,1426426,0,0.0,21.519047619047612,0.0,69.80952380952381,0.0
2018,14,Entre Ríos,2018-04-02,30,1426426,1,0.07010528411568494,21.5,28.03333333333333,79.09523809523809,2.0
2018,15,Entre Ríos,2018-04-09,30,1426426,0,0.0,21.985714285714284,9.333333333333334,70.33333333333333,0.6666666666666666
2018,16,Entre Ríos,2018-04-16,30,1426426,2,0.14021056823136988,23.552380952380958,79.66666666666667,77.42857142857143,2.333333333333333
2018,17,Entre Ríos,2018-04-23,30,1426426,0,0.0,23.071428571428573,56.0,83.95238095238095,1.0
2018,18,Entre Ríos,2018-04-30,30,1426426,0,0.0,18.909523809523808,121.0,93.14285714285715,5.333333333333333
2018,19,Entre Ríos,2018-05-07,30,1426426,0,0.0,18.395238095238096,99.66666666666669,88.80952380952381,3.6666666666666665
2018,20,Entre Ríos,2018-05-14,30,1426426,1,0.07010528411568494,13.652380952380952,5.833333333333333,80.04761904761905,0.3333333333333333
2018,21,Entre Ríos,2018-05-21,30,1426426,0,0.0,12.538095238095238,0.0,78.61904761904762,0.0
2018,22,Entre Ríos,2018-05-28,30,1426426,0,0.0,14.433333333333332,29.399999999999995,80.71428571428571,2.0
2018,23,Entre Ríos,2018-06-04,30,1426426,0,0.0,11.095238095238097,4.0,81.04761904761905,0.3333333333333333
2018,24,Entre Ríos,2018-06-11,30,1426426,0,0.0,7.852380952380952,2.333333333333333,82.23809523809524,0.3333333333333333
2018,25,Entre Ríos,2018-06-18,30,1426426,0,0.0,11.73809523809524,1.3,71.66666666666667,0.3333333333333333
2018,26,Entre Ríos,2018-06-25,30,1426426,0,0.0,12.338095238095235,14.166666666666666,83.28571428571429,1.0
2018,27,Entre Ríos,2018-07-02,30,1426426,0,0.0,10.195238095238096,3.733333333333333,83.90476190476191,0.6666666666666666
2019,1,Entre Ríos,2018-12-31,30,1426426,0,0.0,25.18095238095238,81.0,71.76190476190476,3.333333333333333
2019,2,Entre Ríos,2019-01-07,30,1426426,0,0.0,23.46666666666667,95.43333333333334,80.23809523809524,2.6666666666666665
2019,3,Entre Ríos,2019-01-14,30,1426426,0,0.0,22.114285714285717,73.3,79.33333333333333,3.0
2019,4,Entre Ríos,2019-01-21,30,1426426,0,0.0,26.21904761904762,60.66666666666666,79.23809523809524,2.6666666666666665
2019,5,Entre Ríos,2019-01-28,30,1426426,0,0.0,25.68095238095238,75.33333333333333,78.33333333333333,2.333333333333333
2019,6,Entre Ríos,2019-02-04,30,1426426,0,0.0,25.51428571428572,12.333333333333334,65.80952380952381,0.6666666666666666
2019,7,Entre Ríos,2019-02-11,30,1426426,0,0.0,22.12857142857143,5.4,70.23809523809524,0.6666666666666666
2019,8,Entre Ríos,2019-02-18,30,1426426,0,0.0,27.29523809523809,89.93333333333334,70.80952380952381,2.0
2019,9,Entre Ríos,2019-02-25,30,1426426,0,0.0,21.53333333333333,22.33333333333333,65.57142857142857,0.6666666666666666
2019,10,Entre Ríos,2019-03-04,30,1426426,0,0.0,22.25238095238095,56.2,78.85714285714285,1.6666666666666667
2019,11,Entre Ríos,2019-03-11,30,1426426,0,0.0,21.03809523809524,24.9,80.85714285714285,2.0
2019,12,Entre Ríos,2019-03-18,30,1426426,0,0.0,18.9047619047619,6.333333333333333,73.38095238095238,1.0
2019,13,Entre Ríos,2019-03-25,30,1426426,0,0.0,20.38571428571429,9.2,76.6190476190476,1.0
2019,14,Entre Ríos,2019-04-01,30,1426426,0,0.0,21.03809523809524,3.1,77.76190476190476,0.6666666666666666
2019,15,Entre Ríos,2019-04-08,30,1426426,0,0.0,19.204761904761902,0.0,72.85714285714285,0.0
2019,16,Entre Ríos,2019-04-15,30,1426426,0,0.0,18.8,19.666666666666668,77.85714285714285,1.3333333333333333
2019,17,Entre Ríos,2019-04-22,30,1426426,0,0.0,17.10952380952381,51.900000000000006,87.76190476190476,3.333333333333333
2019,18,Entre Ríos,2019-04-29,30,1426426,0,0.0,18.30952380952381,35.0,83.0,1.6666666666666667
2019,19,Entre Ríos,2019-05-06,30,1426426,0,0.0,16.47142857142857,30.7,83.0,1.3333333333333333
2019,20,Entre Ríos,2019-05-13,30,1426426,0,0.0,16.347619047619045,9.4,82.6190476190476,1.0
2019,21,Entre Ríos,2019-05-20,30,1426426,0,0.0,14.066666666666668,12.733333333333334,87.71428571428572,1.0
2019,22,Entre Ríos,2019-05-27,30,1426426,0,0.0,14.104761904761906,2.6666666666666665,87.52380952380952,0.3333333333333333
2019,23,Entre Ríos,2019-06-03,30,1426426,0,0.0,14.60952380952381,2.0,78.47619047619048,0.6666666666666666
2019,24,Entre Ríos,2019-06-10,30,1426426,0,0.0,17.89047619047619,96.33333333333331,92.76190476190476,5.333333333333333
2019,25,Entre Ríos,2019-06-17,30,1426426,0,0.0,14.88095238095238,16.7,82.85714285714286,0.6666666666666666
2019,26,Entre Ríos,2019-06-24,30,1426426,0,0.0,12.78095238095238,1.4333333333333331,78.28571428571429,0.3333333333333333
2019,27,Entre Ríos,2019-07-01,30,1426426,0,0.0,6.685714285714286,0.0,71.95238095238095,0.0
2019,28,Entre Ríos,2019-07-08,30,1426426,0,0.0,13.39047619047619,0.3333333333333333,78.19047619047619,0.0
2019,29,Entre Ríos,2019-07-15,30,1426426,0,0.0,14.323809523809524,5.1000000000000005,76.23809523809524,0.6666666666666666
2019,30,Entre Ríos,2019-07-22,30,1426426,0,0.0,11.02857142857143,46.23333333333333,84.42857142857143,3.0
2019,31,Entre Ríos,2019-07-29,30,1426426,0,0.0,11.333333333333334,3.0,74.09523809523809,0.6666666666666666
2019,32,Entre Ríos,2019-08-05,30,1426426,0,0.0,12.485714285714286,23.33333333333333,78.23809523809524,2.0
2019,33,Entre Ríos,2019-08-12,30,1426426,0,0.0,11.45238095238095,0.0,72.47619047619047,0.0
2019,34,Entre Ríos,2019-08-19,30,1426426,0,0.0,10.995238095238095,15.0,70.71428571428571,0.6666666666666666
2019,35,Entre Ríos,2019-08-26,30,1426426,0,0.0,16.942857142857143,22.33333333333333,72.95238095238095,1.0
2019,36,Entre Ríos,2019-09-02,30,1426426,0,0.0,11.385714285714286,62.73333333333333,69.38095238095238,1.3333333333333333
2019,37,Entre Ríos,2019-09-09,30,1426426,0,0.0,14.866666666666664,12.333333333333334,78.80952380952381,1.0
2019,38,Entre Ríos,2019-09-16,30,1426426,0,0.0,15.123809523809523,0.0,54.61904761904762,0.0
2019,39,Entre Ríos,2019-09-23,30,1426426,0,0.0,19.071428571428573,0.0,54.95238095238096,0.0
2019,40,Entre Ríos,2019-09-30,30,1426426,0,0.0,17.033333333333335,46.2,73.85714285714285,2.6666666666666665
2019,41,Entre Ríos,2019-10-07,30,1426426,0,0.0,22.152380952380952,32.300000000000004,70.66666666666667,2.6666666666666665
2019,42,Entre Ríos,2019-10-14,30,1426426,0,0.0,15.323809523809524,30.433333333333337,80.38095238095238,3.6666666666666665
2019,43,Entre Ríos,2019-10-21,30,1426426,0,0.0,19.766666666666666,13.633333333333333,68.95238095238095,1.0
2019,44,Entre Ríos,2019-10-28,30,1426426,0,0.0,21.53809523809524,43.833333333333336,79.23809523809524,3.6666666666666665
2019,45,Entre Ríos,2019-11-04,30,1426426,0,0.0,22.257142857142856,23.0,70.66666666666667,1.0
2019,46,Entre Ríos,2019-11-11,30,1426426,0,0.0,24.19047619047619,3.0,61.66666666666666,0.6666666666666666
2019,47,Entre Ríos,2019-11-18,30,1426426,0,0.0,24.390476190476196,25.73333333333333,61.57142857142858,0.6666666666666666
2019,48,Entre Ríos,2019-11-25,30,1426426,0,0.0,22.104761904761904,29.3,64.66666666666667,1.6666666666666667
2019,49,Entre Ríos,2019-12-02,30,1426426,0,0.0,21.552380952380958,5.433333333333334,55.8095238095238,1.3333333333333333
2019,50,Entre Ríos,2019-12-09,30,1426426,0,0.0,24.704761904761902,105.66666666666669,59.142857142857146,2.6666666666666665
2019,51,Entre Ríos,2019-12-16,30,1426426,0,0.0,22.63809523809524,29.33333333333333,62.761904761904766,1.3333333333333333
2019,52,Entre Ríos,2019-12-23,30,1426426,0,0.0,26.21904761904762,11.0,63.19047619047618,1.0
2020,1,Entre Ríos,2019-12-30,30,1426426,0,0.0,24.87619047619048,32.26666666666666,70.3809523809524,1.3333333333333333
2020,2,Entre Ríos,2020-01-06,30,1426426,1,0.07010528411568494,25.03333333333333,28.73333333333333,64.52380952380952,2.0
2020,3,Entre Ríos,2020-01-13,30,1426426,0,0.0,25.20952380952381,55.66666666666666,65.66666666666667,2.333333333333333
2020,4,Entre Ríos,2020-01-20,30,1426426,4,0.28042113646273975,26.242857142857144,20.0,72.76190476190476,1.6666666666666667
2020,5,Entre Ríos,2020-01-27,30,1426426,1,0.07010528411568494,23.890476190476196,20.0,64.09523809523809,0.6666666666666666
2020,6,Entre Ríos,2020-02-03,30,1426426,8,0.5608422729254795,27.31904761904762,1.0,67.38095238095237,0.3333333333333333
2020,7,Entre Ríos,2020-02-10,30,1426426,8,0.5608422729254795,25.071428571428573,17.0,66.90476190476191,1.6666666666666667
2020,8,Entre Ríos,2020-02-17,30,1426426,10,0.7010528411568494,20.866666666666664,41.0,65.90476190476191,1.0
2020,9,Entre Ríos,2020-02-24,30,1426426,18,1.261895114082329,23.661904761904765,0.0,60.142857142857146,0.0
2020,10,Entre Ríos,2020-03-02,30,1426426,24,1.6825268187764384,25.78571428571429,0.0,54.76190476190476,0.0
2020,11,Entre Ríos,2020-03-09,30,1426426,27,1.8928426711234931,26.11904761904762,38.0,69.76190476190476,2.0
2020,12,Entre Ríos,2020-03-16,30,1426426,46,3.2248430693215067,21.7,50.66666666666666,73.80952380952381,1.0
2020,13,Entre Ríos,2020-03-23,30,1426426,93,6.519791422758699,24.223809523809525,8.333333333333334,72.66666666666667,1.0
2020,14,Entre Ríos,2020-03-30,30,1426426,115,8.062107673303768,21.12857142857143,9.333333333333334,74.09523809523809,1.0
2020,15,Entre Ríos,2020-04-06,30,1426426,83,5.818738581601849,16.48095238095238,1.0,66.04761904761905,0.3333333333333333
2020,16,Entre Ríos,2020-04-13,30,1426426,44,3.0846325010901374,16.495238095238097,6.0,70.76190476190476,1.0
2020,17,Entre Ríos,2020-04-20,30,1426426,38,2.6640007963960275,21.790476190476188,10.333333333333334,70.61904761904762,1.3333333333333333
2020,18,Entre Ríos,2020-04-27,30,1426426,25,1.7526321028921235,17.34285714285714,89.0,77.80952380952381,2.333333333333333
2020,19,Entre Ríos,2020-05-04,30,1426426,18,1.261895114082329,14.76190476190476,15.0,73.19047619047619,1.0
2020,20,Entre Ríos,2020-05-11,30,1426426,10,0.7010528411568494,16.10952380952381,0.0,63.71428571428572,0.0
2020,21,Entre Ríos,2020-05-18,30,1426426,6,0.4206317046941096,15.733333333333334,47.5,79.0,2.333333333333333
2020,22,Entre Ríos,2020-05-25,30,1426426,0,0.0,13.595238095238097,0.0,77.33333333333333,0.0
2020,23,Entre Ríos,2020-06-01,30,1426426,1,0.07010528411568494,11.366666666666667,47.26666666666667,85.52380952380952,1.3333333333333333
2020,24,Entre Ríos,2020-06-08,30,1426426,1,0.07010528411568494,12.128571428571428,1.0,77.19047619047619,0.3333333333333333
2020,25,Entre Ríos,2020-06-15,30,1426426,0,0.0,16.133333333333333,27.0,81.76190476190476,1.0
2020,26,Entre Ríos,2020-06-22,30,1426426,0,0.0,11.614285714285714,7.3,80.52380952380952,1.3333333333333333
2020,27,Entre Ríos,2020-06-29,30,1426426,0,0.0,9.68095238095238,6.833333333333333,82.85714285714285,1.0
2020,28,Entre Ríos,2020-07-06,30,1426426,0,0.0,9.057142857142855,1.5666666666666669,74.66666666666667,0.3333333333333333
2020,29,Entre Ríos,2020-07-13,30,1426426,0,0.0,12.07142857142857,0.0,69.66666666666667,0.0
2020,30,Entre Ríos,2020-07-20,30,1426426,0,0.0,12.67142857142857,12.8,81.61904761904762,1.6666666666666667
2020,31,Entre Ríos,2020-07-27,30,1426426,0,0.0,11.638095238095238,0.0,67.38095238095238,0.0
2020,32,Entre Ríos,2020-08-03,30,1426426,0,0.0,19.49047619047619,6.1000000000000005,69.33333333333333,1.0
2020,33,Entre Ríos,2020-08-10,30,1426426,0,0.0,11.28095238095238,0.0333333333333333,58.142857142857146,0.0
2020,34,Entre Ríos,2020-08-17,30,1426426,0,0.0,10.866666666666664,0.0,52.66666666666666,0.0
2020,35,Entre Ríos,2020-08-24,30,1426426,0,0.0,17.895238095238096,14.666666666666666,70.19047619047619,1.0
2020,36,Entre Ríos,2020-08-31,30,1426426,0,0.0,11.285714285714285,58.26666666666667,80.09523809523809,2.333333333333333
2020,37,Entre Ríos,2020-09-07,30,1426426,0,0.0,15.88095238095238,5.5,74.57142857142857,0.6666666666666666
2020,38,Entre Ríos,2020-09-14,30,1426426,0,0.0,14.314285714285717,0.6666666666666666,52.47619047619048,0.3333333333333333
2020,39,Entre Ríos,2020-09-21,30,1426426,0,0.0,18.38095238095238,7.5,61.285714285714285,0.6666666666666666
2020,40,Entre Ríos,2020-09-28,30,1426426,0,0.0,16.804761904761904,4.1000000000000005,59.90476190476191,0.6666666666666666
2020,41,Entre Ríos,2020-10-05,30,1426426,0,0.0,18.071428571428573,0.1666666666666666,58.47619047619048,0.0
2020,42,Entre Ríos,2020-10-12,30,1426426,0,0.0,22.352380952380955,0.0,58.80952380952382,0.0
2020,43,Entre Ríos,2020-10-19,30,1426426,0,0.0,21.47142857142857,57.5,77.71428571428571,4.0
2020,44,Entre Ríos,2020-10-26,30,1426426,0,0.0,17.671428571428574,0.0,60.66666666666666,0.0
2020,45,Entre Ríos,2020-11-02,30,1426426,0,0.0,21.57619047619048,3.333333333333333,53.42857142857142,0.6666666666666666
2020,46,Entre Ríos,2020-11-09,30,1426426,0,0.0,22.104761904761904,6.666666666666667,66.76190476190476,1.0
2020,47,Entre Ríos,2020-11-16,30,1426426,0,0.0,23.08095238095238,4.333333333333333,50.285714285714285,0.3333333333333333
2020,48,Entre Ríos,2020-11-23,30,1426426,0,0.0,25.06190476190476,57.333333333333336,62.47619047619048,3.0
2020,49,Entre Ríos,2020-11-30,30,1426426,0,0.0,20.88571428571429,34.833333333333336,66.3809523809524,1.3333333333333333
2020,50,Entre Ríos,2020-12-07,30,1426426,0,0.0,23.242857142857144,41.66666666666666,64.90476190476191,2.333333333333333
2020,51,Entre Ríos,2020-12-14,30,1426426,0,0.0,23.338095238095235,24.666666666666668,63.85714285714285,1.0
2020,52,Entre Ríos,2020-12-21,30,1426426,0,0.0,25.81428571428572,5.666666666666667,57.8095238095238,0.3333333333333333
2020,53,Entre Ríos,2020-12-28,30,1426426,0,0.0,25.44761904761905,17.666666666666668,56.71428571428572,1.3333333333333333
2021,1,Entre Ríos,2021-01-04,30,1426426,0,0.0,26.257142857142856,12.166666666666666,56.61904761904762,1.0
2021,2,Entre Ríos,2021-01-11,30,1426426,0,0.0,22.81428571428572,52.3,72.28571428571429,2.0
2021,3,Entre Ríos,2021-01-18,30,1426426,0,0.0,27.071428571428573,0.0,56.42857142857142,0.0
2021,4,Entre Ríos,2021-01-25,30,1426426,0,0.0,24.590476190476192,83.03333333333333,78.47619047619048,3.6666666666666665
2021,5,Entre Ríos,2021-02-01,30,1426426,0,0.0,22.71904761904762,34.36666666666667,76.52380952380952,1.3333333333333333
2021,6,Entre Ríos,2021-02-08,30,1426426,0,0.0,23.6,22.166666666666668,74.42857142857143,2.0
2021,7,Entre Ríos,2021-02-15,30,1426426,0,0.0,23.980952380952377,0.0,60.23809523809524,0.0
2021,8,Entre Ríos,2021-02-22,30,1426426,0,0.0,25.957142857142856,1.3333333333333333,59.333333333333336,0.3333333333333333
2021,9,Entre Ríos,2021-03-01,30,1426426,0,0.0,24.47619047619048,19.33333333333333,72.38095238095238,2.0
2021,10,Entre Ríos,2021-03-08,30,1426426,0,0.0,24.757142857142856,1.3333333333333333,63.38095238095238,0.3333333333333333
2021,11,Entre Ríos,2021-03-15,30,1426426,0,0.0,20.290476190476188,57.333333333333336,76.76190476190476,2.6666666666666665
2021,12,Entre Ríos,2021-03-22,30,1426426,0,0.0,20.6,56.93333333333334,85.57142857142857,1.6666666666666667
2021,13,Entre Ríos,2021-03-29,30,1426426,4,0.28042113646273975,20.085714285714285,0.0,74.0,0.0
2021,14,Entre Ríos,2021-04-05,30,1426426,1,0.07010528411568494,22.080952380952382,131.86666666666667,82.57142857142857,3.0
2021,15,Entre Ríos,2021-04-12,30,1426426,3,0.2103158523470548,20.21904761904762,0.0,77.57142857142857,0.0
2021,16,Entre Ríos,2021-04-19,30,1426426,5,0.3505264205784247,20.00952380952381,22.33333333333333,75.47619047619048,1.3333333333333333
2021,17,Entre Ríos,2021-04-26,30,1426426,4,0.28042113646273975,17.242857142857144,0.0,75.0,0.0
2021,18,Entre Ríos,2021-05-03,30,1426426,0,0.0,14.490476190476192,20.666666666666668,74.23809523809524,1.0
2021,19,Entre Ríos,2021-05-10,30,1426426,0,0.0,12.757142857142858,0.0,73.42857142857143,0.0
2021,20,Entre Ríos,2021-05-17,30,1426426,0,0.0,13.08095238095238,61.96666666666667,81.42857142857143,3.333333333333333
2021,21,Entre Ríos,2021-05-24,30,1426426,0,0.0,12.771428571428572,0.0,72.85714285714285,0.0
2021,22,Entre Ríos,2021-05-31,30,1426426,0,0.0,14.80952380952381,50.5,75.0,2.0
2021,23,Entre Ríos,2021-06-07,30,1426426,0,0.0,14.18095238095238,0.0666666666666666,81.57142857142857,0.0
2021,24,Entre Ríos,2021-06-14,30,1426426,0,0.0,9.138095238095238,0.0,79.52380952380952,0.0
2021,25,Entre Ríos,2021-06-21,30,1426426,0,0.0,10.776190476190475,22.066666666666663,86.95238095238096,0.6666666666666666
2021,26,Entre Ríos,2021-06-28,30,1426426,0,0.0,7.804761904761905,0.0,77.71428571428571,0.0
2021,27,Entre Ríos,2021-07-05,30,1426426,0,0.0,14.866666666666667,3.766666666666667,73.80952380952381,0.6666666666666666
2021,28,Entre Ríos,2021-07-12,30,1426426,0,0.0,11.81825396825397,26.46666666666667,82.98412698412699,1.6666666666666667
2021,29,Entre Ríos,2021-07-19,30,1426426,0,0.0,13.071428571428571,5.333333333333333,72.28571428571429,1.0
2021,30,Entre Ríos,2021-07-26,30,1426426,0,0.0,8.571428571428571,0.0,67.47619047619048,0.0
2022,1,Entre Ríos,2022-01-03,30,1426426,0,0.0,26.02380952380952,5.0,53.0,0.6666666666666666
2022,2,Entre Ríos,2022-01-10,30,1426426,0,0.0,31.633333333333336,28.83333333333333,44.85714285714286,2.0
2022,3,Entre Ríos,2022-01-17,30,1426426,0,0.0,26.933333333333334,78.46666666666667,77.19047619047619,4.333333333333333
2022,4,Entre Ríos,2022-01-24,30,1426426,0,0.0,24.13809523809524,48.76666666666667,72.66666666666667,2.0
2022,5,Entre Ríos,2022-01-31,30,1426426,0,0.0,24.204761904761902,9.333333333333334,67.33333333333333,1.0
2022,6,Entre Ríos,2022-02-07,30,1426426,0,0.0,22.185714285714283,7.0,62.90476190476191,0.6666666666666666
2022,7,Entre Ríos,2022-02-14,30,1426426,0,0.0,25.27142857142857,0.3333333333333333,59.76190476190476,0.0
2022,8,Entre Ríos,2022-02-21,30,1426426,0,0.0,24.704761904761902,112.83333333333331,73.09523809523809,3.6666666666666665
2022,9,Entre Ríos,2022-02-28,30,1426426,0,0.0,23.34285714285714,92.33333333333331,79.57142857142857,4.0
2022,10,Entre Ríos,2022-03-07,30,1426426,0,0.0,19.89047619047619,36.0,76.66666666666667,1.6666666666666667
2022,11,Entre Ríos,2022-03-14,30,1426426,0,0.0,20.27142857142857,7.3,69.6190476190476,1.0
2022,12,Entre Ríos,2022-03-21,30,1426426,0,0.0,19.39047619047619,48.0,78.90476190476191,3.333333333333333
2022,13,Entre Ríos,2022-03-28,30,1426426,0,0.0,17.085714285714285,7.566666666666666,68.23809523809524,1.0
2022,14,Entre Ríos,2022-04-04,30,1426426,0,0.0,20.71904761904762,27.666666666666668,77.52380952380952,0.6666666666666666
2022,15,Entre Ríos,2022-04-11,30,1426426,0,0.0,16.904761904761905,0.0,69.57142857142857,0.0
2022,16,Entre Ríos,2022-04-18,30,1426426,0,0.0,17.366666666666664,50.0,79.33333333333333,3.333333333333333
2022,17,Entre Ríos,2022-04-25,30,1426426,0,0.0,16.704761904761906,32.666666666666664,76.90476190476191,2.0
2022,18,Entre Ríos,2022-05-02,30,1426426,0,0.0,15.01904761904762,0.0,79.71428571428571,0.0
2022,19,Entre Ríos,2022-05-09,30,1426426,0,0.0,14.423809523809524,2.0,79.09523809523809,0.6666666666666666
2022,20,Entre Ríos,2022-05-16,30,1426426,0,0.0,11.366666666666667,0.0,79.33333333333333,0.0
2022,21,Entre Ríos,2022-05-23,30,1426426,0,0.0,13.666666666666666,38.0,84.42857142857143,2.333333333333333
2022,22,Entre Ríos,2022-05-30,30,1426426,0,0.0,8.138095238095238,0.0,74.61904761904762,0.0
2022,23,Entre Ríos,2022-06-06,30,1426426,0,0.0,9.319047619047618,0.0,81.09523809523809,0.0
2022,24,Entre Ríos,2022-06-13,30,1426426,0,0.0,11.014285714285714,3.6666666666666665,72.66666666666667,0.3333333333333333
2022,25,Entre Ríos,2022-06-20,30,1426426,0,0.0,9.414285714285713,0.3333333333333333,81.52380952380952,0.0
2022,26,Entre Ríos,2022-06-27,30,1426426,0,0.0,10.914285714285713,13.033333333333331,81.09523809523809,1.6666666666666667
2022,27,Entre Ríos,2022-07-04,30,1426426,0,0.0,14.40952380952381,6.066666666666666,76.04761904761905,1.0
2022,28,Entre Ríos,2022-07-11,30,1426426,0,0.0,10.442857142857145,13.133333333333333,83.28571428571429,1.3333333333333333
2022,29,Entre Ríos,2022-07-18,30,1426426,0,0.0,15.152380952380952,1.7666666666666666,85.23809523809524,0.6666666666666666
2022,30,Entre Ríos,2022-07-25,30,1426426,0,0.0,15.871428571428572,9.5,77.66666666666667,1.3333333333333333
2022,31,Entre Ríos,2022-08-01,30,1426426,0,0.0,11.73809523809524,37.9,82.66666666666667,2.0
2022,32,Entre Ríos,2022-08-08,30,1426426,0,0.0,13.442857142857145,17.46666666666667,78.76190476190476,1.0
2022,33,Entre Ríos,2022-08-15,30,1426426,0,0.0,10.752380952380951,0.0,62.71428571428572,0.0
2022,34,Entre Ríos,2022-08-22,30,1426426,0,0.0,16.076190476190476,15.866666666666667,71.76190476190476,1.3333333333333333
2022,35,Entre Ríos,2022-08-29,30,1426426,0,0.0,13.214285714285714,17.933333333333334,70.0,1.6666666666666667
2022,36,Entre Ríos,2022-09-05,30,1426426,0,0.0,14.40952380952381,1.0,64.23809523809524,0.3333333333333333
2022,37,Entre Ríos,2022-09-12,30,1426426,0,0.0,16.295238095238094,9.466666666666669,65.04761904761905,1.0
2022,38,Entre Ríos,2022-09-19,30,1426426,0,0.0,14.6,11.866666666666667,73.33333333333333,1.3333333333333333
2022,39,Entre Ríos,2022-09-26,30,1426426,0,0.0,17.19047619047619,0.0,61.76190476190476,0.0
2022,40,Entre Ríos,2022-10-03,30,1426426,0,0.0,17.33809523809524,0.3333333333333333,54.285714285714285,0.0
2022,41,Entre Ríos,2022-10-10,30,1426426,0,0.0,16.11904761904762,6.266666666666667,57.42857142857142,0.6666666666666666
2022,42,Entre Ríos,2022-10-17,30,1426426,0,0.0,18.633333333333333,49.76666666666666,76.04761904761905,2.0
2022,43,Entre Ríos,2022-10-24,30,1426426,0,0.0,21.952380952380956,37.4,62.95238095238096,2.6666666666666665
2022,44,Entre Ríos,2022-10-31,30,1426426,0,0.0,18.433333333333334,0.0,53.52380952380952,0.0
2022,45,Entre Ríos,2022-11-07,30,1426426,0,0.0,21.94761904761905,23.066666666666663,62.0,1.6666666666666667
2022,46,Entre Ríos,2022-11-14,30,1426426,0,0.0,25.78095238095238,14.666666666666666,52.47619047619048,1.3333333333333333
2022,47,Entre Ríos,2022-11-21,30,1426426,0,0.0,24.547619047619047,2.6666666666666665,59.95238095238096,0.6666666666666666
2022,48,Entre Ríos,2022-11-28,30,1426426,0,0.0,26.057142857142853,4.0,55.71428571428572,0.3333333333333333
2022,49,Entre Ríos,2022-12-05,30,1426426,0,0.0,29.614285714285717,30.53333333333333,53.04761904761904,1.6666666666666667
2022,50,Entre Ríos,2022-12-12,30,1426426,0,0.0,24.37619047619048,0.1999999999999999,46.66666666666666,0.0
2023,1,Entre Ríos,2023-01-02,30,1426426,0,0.0,27.53333333333333,0.0,40.47619047619048,0.0
2023,2,Entre Ríos,2023-01-09,30,1426426,0,0.0,27.395238095238096,0.7333333333333334,44.61904761904762,0.0
2023,3,Entre Ríos,2023-01-16,30,1426426,0,0.0,29.61904761904762,21.96666666666667,51.80952380952382,1.0
2023,4,Entre Ríos,2023-01-23,30,1426426,0,0.0,27.861904761904764,21.166666666666668,59.66666666666666,1.6666666666666667
2023,5,Entre Ríos,2023-01-30,30,1426426,0,0.0,26.0,3.266666666666667,60.23809523809524,1.0
2023,6,Entre Ríos,2023-02-06,30,1426426,0,0.0,30.14761904761905,12.566666666666665,46.19047619047618,0.6666666666666666
2023,7,Entre Ríos,2023-02-13,30,1426426,0,0.0,21.58095238095238,28.666666666666668,60.38095238095238,2.333333333333333
2023,8,Entre Ríos,2023-02-20,30,1426426,2,0.14021056823136988,25.08095238095238,3.6666666666666665,60.04761904761904,1.0
2023,9,Entre Ríos,2023-02-27,30,1426426,5,0.3505264205784247,28.49047619047619,7.666666666666667,57.90476190476191,0.6666666666666666
2023,10,Entre Ríos,2023-03-06,30,1426426,5,0.3505264205784247,30.02380952380952,0.0,50.80952380952382,0.0
2023,11,Entre Ríos,2023-03-13,30,1426426,20,1.4021056823136988,28.104761904761904,18.666666666666668,70.57142857142857,2.333333333333333
2023,12,Entre Ríos,2023-03-20,30,1426426,52,3.645474774015616,23.0,137.9333333333333,82.71428571428571,3.6666666666666665
2023,13,Entre Ríos,2023-03-27,30,1426426,70,4.9073698880979455,21.6,22.33333333333333,68.47619047619048,1.6666666666666667
2023,14,Entre Ríos,2023-04-03,30,1426426,110,7.711581252725343,20.828571428571426,8.200000000000001,74.19047619047619,0.6666666666666666
2023,15,Entre Ríos,2023-04-10,30,1426426,142,9.95495034442726,18.752380952380957,6.6000000000000005,72.28571428571429,1.3333333333333333
2023,16,Entre Ríos,2023-04-17,30,1426426,84,5.888843865717535,16.099999999999998,1.0,68.57142857142857,0.3333333333333333
2023,17,Entre Ríos,2023-04-24,30,1426426,54,3.7856853422469863,19.909523809523808,17.5,78.3809523809524,2.0
2023,18,Entre Ríos,2023-05-01,30,1426426,50,3.505264205784247,16.28095238095238,25.0,78.57142857142857,1.6666666666666667
2023,19,Entre Ríos,2023-05-08,30,1426426,28,1.9629479552391782,15.533333333333331,0.0,77.33333333333333,0.0
2023,20,Entre Ríos,2023-05-15,30,1426426,26,1.822737387007808,17.914285714285715,20.8,80.80952380952381,1.6666666666666667
2023,21,Entre Ríos,2023-05-22,30,1426426,6,0.4206317046941096,17.857142857142858,105.53333333333336,82.57142857142857,2.6666666666666665
2023,22,Entre Ríos,2023-05-29,30,1426426,10,0.7010528411568494,17.16190476190476,5.466666666666666,81.76190476190476,0.3333333333333333
2023,23,Entre Ríos,2023-06-05,30,1426426,7,0.49073698880979455,16.66190476190476,0.3999999999999999,76.0,0.0
2023,24,Entre Ríos,2023-06-12,30,1426426,4,0.28042113646273975,9.166666666666666,0.0,75.09523809523809,0.0
2023,25,Entre Ríos,2023-06-19,30,1426426,1,0.07010528411568494,12.742857142857142,5.900000000000001,88.90476190476191,0.6666666666666666
2023,26,Entre Ríos,2023-06-26,30,1426426,2,0.14021056823136988,14.51904761904762,3.266666666666667,78.19047619047619,0.6666666666666666
2023,27,Entre Ríos,2023-07-03,30,1426426,1,0.07010528411568494,17.10952380952381,15.333333333333334,84.0,1.3333333333333333
2023,28,Entre Ríos,2023-07-10,30,1426426,2,0.14021056823136988,10.219047619047618,62.833333333333336,84.66666666666667,2.0
2023,29,Entre Ríos,2023-07-17,30,1426426,0,0.0,13.114285714285714,0.1999999999999999,72.66666666666667,0.0
2023,30,Entre Ríos,2023-07-24,30,1426426,0,0.0,11.933333333333332,5.066666666666666,80.3809523809524,0.3333333333333333
2023,31,Entre Ríos,2023-07-31,30,1426426,0,0.0,18.37619047619048,0.6666666666666666,73.42857142857143,0.3333333333333333
2023,32,Entre Ríos,2023-08-07,30,1426426,0,0.0,12.123809523809523,0.0,68.19047619047619,0.0
2023,33,Entre Ríos,2023-08-14,30,1426426,0,0.0,16.695238095238096,12.866666666666667,68.19047619047619,1.0
2023,34,Entre Ríos,2023-08-21,30,1426426,0,0.0,13.623809523809523,0.0,65.57142857142857,0.0
2023,35,Entre Ríos,2023-08-28,30,1426426,0,0.0,15.628571428571428,19.03333333333333,65.85714285714285,1.6666666666666667
2023,36,Entre Ríos,2023-09-04,30,1426426,0,0.0,13.580952380952382,29.666666666666668,76.42857142857143,1.3333333333333333
2023,37,Entre Ríos,2023-09-11,30,1426426,0,0.0,17.51904761904762,16.833333333333332,62.85714285714285,1.3333333333333333
2023,38,Entre Ríos,2023-09-18,30,1426426,0,0.0,17.19047619047619,3.1,82.61904761904762,0.6666666666666666
2023,39,Entre Ríos,2023-09-25,30,1426426,0,0.0,15.71904761904762,3.733333333333333,63.71428571428572,1.0
2023,40,Entre Ríos,2023-10-02,30,1426426,0,0.0,18.0,2.5,54.04761904761904,0.6666666666666666
2023,41,Entre Ríos,2023-10-09,30,1426426,0,0.0,18.07619047619048,7.666666666666667,57.0,0.6666666666666666
2023,42,Entre Ríos,2023-10-16,30,1426426,0,0.0,20.92857142857143,72.0,67.47619047619048,2.6666666666666665
2023,43,Entre Ríos,2023-10-23,30,1426426,1,0.07010528411568494,21.03333333333333,19.53333333333333,70.95238095238095,1.6666666666666667
2023,44,Entre Ríos,2023-10-30,30,1426426,0,0.0,15.39047619047619,55.56666666666666,78.85714285714285,3.0
2023,45,Entre Ríos,2023-11-06,30,1426426,0,0.0,22.742857142857144,77.16666666666667,68.0,3.6666666666666665
2023,46,Entre Ríos,2023-11-13,30,1426426,0,0.0,21.33809523809524,26.366666666666664,67.76190476190476,2.333333333333333
2023,47,Entre Ríos,2023-11-20,30,1426426,0,0.0,23.747619047619043,48.66666666666666,60.285714285714285,1.0
2023,48,Entre Ríos,2023-11-27,30,1426426,0,0.0,25.27142857142857,26.566666666666663,72.14285714285715,1.3333333333333333
2023,49,Entre Ríos,2023-12-04,30,1426426,2,0.14021056823136988,22.142857142857142,19.0,67.19047619047619,1.6666666666666667
2023,50,Entre Ríos,2023-12-11,30,1426426,0,0.0,24.75238095238096,155.79999999999998,79.57142857142857,5.0
2023,51,Entre Ríos,2023-12-18,30,1426426,2,0.14021056823136988,23.276190476190475,43.73333333333333,77.23809523809524,2.0
2023,52,Entre Ríos,2023-12-25,30,1426426,10,0.7010528411568494,24.104761904761904,20.366666666666667,60.71428571428572,0.6666666666666666
2024,1,Entre Ríos,2024-01-01,30,1426426,34,2.3835796599332877,25.47142857142857,9.666666666666666,70.42857142857143,1.0
2024,2,Entre Ríos,2024-01-08,30,1426426,55,3.8557906263626713,25.766666666666666,31.9,69.28571428571429,1.6666666666666667
2024,3,Entre Ríos,2024-01-15,30,1426426,73,5.117685740445,24.37142857142857,75.76666666666667,70.42857142857143,1.6666666666666667
2024,4,Entre Ríos,2024-01-22,30,1426426,118,8.272423525650822,24.73333333333333,0.0,57.76190476190476,0.0
2024,5,Entre Ríos,2024-01-29,30,1426426,217,15.21284665310363,28.995238095238097,2.6666666666666665,56.85714285714285,0.3333333333333333
2024,6,Entre Ríos,2024-02-05,30,1426426,220,15.423162505450685,29.87619047619048,37.66666666666666,68.33333333333333,1.0
2024,7,Entre Ríos,2024-02-12,30,1426426,379,26.56990267984459,23.33333333333333,26.866666666666664,72.09523809523809,1.0
2024,8,Entre Ríos,2024-02-19,30,1426426,579,40.590959502981576,25.433333333333334,32.96666666666667,73.61904761904762,1.6666666666666667
2024,9,Entre Ríos,2024-02-26,30,1426426,857,60.08022848714199,25.366666666666664,66.33333333333333,79.90476190476191,1.3333333333333333
2024,10,Entre Ríos,2024-03-04,30,1426426,1537,107.75182168580774,23.90476190476191,47.16666666666666,68.19047619047619,1.3333333333333333
2024,11,Entre Ríos,2024-03-11,30,1426426,2090,146.52004380178153,25.00952380952381,125.23333333333332,83.57142857142857,4.333333333333333
2024,12,Entre Ríos,2024-03-18,30,1426426,2434,170.63626153757713,22.857142857142858,45.333333333333336,76.33333333333333,1.6666666666666667
2024,13,Entre Ríos,2024-03-25,30,1426426,2064,144.69730641477372,22.899999999999995,54.86666666666667,74.04761904761905,1.3333333333333333
2024,14,Entre Ríos,2024-04-01,30,1426426,2361,165.51857579713214,18.83809523809524,47.8,82.0,2.6666666666666665
2024,15,Entre Ríos,2024-04-08,30,1426426,1985,139.1589889696346,19.33809523809524,79.8,84.57142857142857,3.0
2024,16,Entre Ríos,2024-04-15,30,1426426,1514,106.139400151147,20.46190476190476,23.53333333333333,76.28571428571429,2.0
2024,17,Entre Ríos,2024-04-22,30,1426426,1195,83.7758145182435,18.49047619047619,13.266666666666666,78.14285714285715,1.3333333333333333
2024,18,Entre Ríos,2024-04-29,30,1426426,931,65.26801951170268,16.70952380952381,27.1,84.19047619047619,3.0
2024,19,Entre Ríos,2024-05-06,30,1426426,460,32.24843069321507,15.457142857142856,55.06666666666666,85.33333333333333,3.333333333333333
2024,20,Entre Ríos,2024-05-13,30,1426426,216,15.142741368987945,9.957142857142856,0.0,76.6190476190476,0.0
2024,21,Entre Ríos,2024-05-20,30,1426426,44,3.0846325010901374,10.661904761904765,20.666666666666668,82.19047619047619,1.6666666666666667
2024,22,Entre Ríos,2024-05-27,30,1426426,9,0.6309475570411645,12.842857142857143,0.1666666666666666,82.95238095238095,0.0
2024,23,Entre Ríos,2024-06-03,30,1426426,7,0.49073698880979455,16.74761904761905,0.0,80.47619047619048,0.0
2024,24,Entre Ríos,2024-06-10,30,1426426,9,0.6309475570411645,18.63333333333333,7.399999999999999,76.57142857142857,0.6666666666666666
2024,25,Entre Ríos,2024-06-17,30,1426426,7,0.49073698880979455,16.776190476190475,2.866666666666667,86.04761904761904,1.0
2024,26,Entre Ríos,2024-06-24,30,1426426,0,0.0,9.042857142857144,0.4333333333333333,70.61904761904762,0.0
2024,27,Entre Ríos,2024-07-01,30,1426426,0,0.0,8.957142857142857,0.0,64.14285714285715,0.0
2024,28,Entre Ríos,2024-07-08,30,1426426,0,0.0,5.476190476190477,0.6333333333333333,69.42857142857143,0.3333333333333333
2024,29,Entre Ríos,2024-07-15,30,1426426,0,0.0,12.928571428571429,8.366666666666667,83.33333333333333,0.6666666666666666
2024,30,Entre Ríos,2024-07-22,30,1426426,0,0.0,15.438095238095238,2.1,75.28571428571429,0.6666666666666666
2024,31,Entre Ríos,2024-07-29,30,1426426,0,0.0,16.176190476190477,5.400000000000001,68.14285714285715,0.6666666666666666
2024,32,Entre Ríos,2024-08-05,30,1426426,0,0.0,11.30952380952381,19.9,76.57142857142857,1.3333333333333333
2024,33,Entre Ríos,2024-08-12,30,1426426,0,0.0,12.861904761904762,0.3333333333333333,69.0,0.0
2024,34,Entre Ríos,2024-08-19,30,1426426,0,0.0,10.747619047619049,16.46666666666667,84.6190476190476,2.333333333333333
2024,35,Entre Ríos,2024-08-26,30,1426426,0,0.0,12.923809523809524,7.566666666666666,76.23809523809524,1.6666666666666667
2024,36,Entre Ríos,2024-09-02,30,1426426,0,0.0,15.666666666666666,0.0,63.095238095238095,0.0
2024,37,Entre Ríos,2024-09-09,30,1426426,0,0.0,15.361904761904762,0.2666666666666666,72.76190476190476,0.0
2024,38,Entre Ríos,2024-09-16,30,1426426,0,0.0,21.13809523809524,11.6,61.52380952380952,1.0
2024,39,Entre Ríos,2024-09-23,30,1426426,0,0.0,18.52380952380952,14.5,69.66666666666667,0.6666666666666666
2024,40,Entre Ríos,2024-09-30,30,1426426,0,0.0,19.757142857142856,17.0,59.66666666666666,1.3333333333333333
2024,41,Entre Ríos,2024-10-07,30,1426426,0,0.0,19.02857142857143,32.1,74.71428571428571,2.0
2024,42,Entre Ríos,2024-10-14,30,1426426,0,0.0,21.066666666666663,16.833333333333332,72.90476190476191,2.0
2024,43,Entre Ríos,2024-10-21,30,1426426,0,0.0,22.2,49.13333333333333,72.04761904761905,2.0
2024,44,Entre Ríos,2024-10-28,30,1426426,1,0.07010528411568494,24.142857142857142,10.333333333333334,65.76190476190476,1.3333333333333333
2024,45,Entre Ríos,2024-11-04,30,1426426,0,0.0,22.41904761904762,43.0,65.38095238095238,2.6666666666666665
2024,46,Entre Ríos,2024-11-11,30,1426426,0,0.0,22.704761904761902,8.166666666666666,59.47619047619048,1.0
2024,47,Entre Ríos,2024-11-18,30,1426426,0,0.0,22.685714285714283,74.7,69.47619047619048,2.0
2024,48,Entre Ríos,2024-11-25,30,1426426,0,0.0,23.06190476190476,39.0,81.23809523809524,3.333333333333333
2024,49,Entre Ríos,2024-12-02,30,1426426,0,0.0,21.0,24.666666666666668,60.285714285714285,1.6666666666666667
2024,50,Entre Ríos,2024-12-09,30,1426426,3,0.2103158523470548,23.70952380952381,8.799999999999999,63.57142857142858,0.6666666666666666
2024,51,Entre Ríos,2024-12-16,30,1426426,0,0.0,22.695238095238096,17.566666666666666,66.33333333333333,2.0
2024,52,Entre Ríos,2024-12-23,30,1426426,1,0.07010528411568494,22.676190476190477,1.1666666666666667,59.42857142857142,0.3333333333333333
2025,1,Entre Ríos,2024-12-30,30,1426426,1,0.07010528411568494,26.142857142857142,0.0,51.52380952380952,0.0
2025,2,Entre Ríos,2025-01-06,30,1426426,2,0.14021056823136988,26.69047619047619,0.0,46.57142857142858,0.0
2025,3,Entre Ríos,2025-01-13,30,1426426,0,0.0,28.01428571428572,30.46666666666667,56.95238095238096,2.0
2025,4,Entre Ríos,2025-01-20,30,1426426,0,0.0,26.980952380952385,17.2,63.66666666666666,1.3333333333333333
2025,5,Entre Ríos,2025-01-27,30,1426426,2,0.14021056823136988,27.46190476190476,6.033333333333334,60.23809523809524,1.0
2025,6,Entre Ríos,2025-02-03,30,1426426,6,0.4206317046941096,28.44761904761905,29.46666666666667,60.47619047619048,1.0
2025,7,Entre Ríos,2025-02-10,30,1426426,5,0.3505264205784247,25.62857142857143,94.8,77.19047619047619,5.0
2025,8,Entre Ríos,2025-02-17,30,1426426,8,0.5608422729254795,26.066666666666663,34.166666666666664,70.92857142857143,1.0
2025,9,Entre Ríos,2025-02-24,30,1426426,3,0.2103158523470548,25.357142857142858,116.16666666666669,86.19047619047619,3.6666666666666665
2025,10,Entre Ríos,2025-03-03,30,1426426,10,0.7010528411568494,27.004761904761903,20.8,72.19047619047619,1.6666666666666667
2025,11,Entre Ríos,2025-03-10,30,1426426,8,0.5608422729254795,19.4,20.83333333333333,71.95238095238095,2.333333333333333
2025,12,Entre Ríos,2025-03-17,30,1426426,10,0.7010528411568494,24.042857142857144,7.3,70.95238095238095,0.6666666666666666
2025,13,Entre Ríos,2025-03-24,30,1426426,13,0.911368693503904,22.985714285714284,24.7,80.66666666666667,2.6666666666666665
2025,14,Entre Ríos,2025-03-31,30,1426426,11,0.7711581252725344,16.461904761904762,38.2,73.23809523809524,2.0
2025,15,Entre Ríos,2025-04-07,30,1426426,10,0.7010528411568494,19.176190476190477,50.03333333333333,86.04761904761904,1.3333333333333333
2025,16,Entre Ríos,2025-04-14,30,1426426,12,0.8412634093882192,17.504761904761903,0.8333333333333334,72.66666666666667,0.3333333333333333
2025,17,Entre Ríos,2025-04-21,30,1426426,6,0.4206317046941096,18.757142857142856,1.7333333333333334,73.33333333333333,0.3333333333333333
2025,18,Entre Ríos,2025-04-28,30,1426426,2,0.14021056823136988,18.3,8.166666666666666,71.0,0.3333333333333333
2025,19,Entre Ríos,2025-05-05,30,1426426,6,0.4206317046941096,19.647619047619045,11.2,84.80952380952381,1.3333333333333333
2025,20,Entre Ríos,2025-05-12,30,1426426,1,0.07010528411568494,19.60952380952381,55.56666666666666,77.66666666666667,1.0
2025,21,Entre Ríos,2025-05-19,30,1426426,3,0.2103158523470548,13.80952380952381,15.633333333333333,80.76190476190476,2.6666666666666665
2025,22,Entre Ríos,2025-05-26,30,1426426,1,0.07010528411568494,11.204761904761904,25.83333333333333,82.33333333333333,1.6666666666666667
2025,23,Entre Ríos,2025-06-02,30,1426426,1,0.07010528411568494,11.852380952380951,0.0,84.57142857142857,0.0
2025,24,Entre Ríos,2025-06-09,30,1426426,0,0.0,10.614285714285714,25.4,83.76190476190476,1.6666666666666667
2025,25,Entre Ríos,2025-06-16,30,1426426,0,0.0,11.23809523809524,4.966666666666667,83.76190476190476,0.6666666666666666
2025,26,Entre Ríos,2025-06-23,30,1426426,0,0.0,7.814285714285714,0.0,63.76190476190476,0.0
2025,27,Entre Ríos,2025-06-30,30,1426426,0,0.0,7.852380952380952,0.0,73.95238095238095,0.0
2025,28,Entre Ríos,2025-07-07,30,1426426,0,0.0,12.9,3.333333333333333,79.23809523809524,1.0
2025,29,Entre Ríos,2025-07-14,30,1426426,1,0.07010528411568494,12.666666666666666,27.5,81.95238095238095,2.0
2025,30,Entre Ríos,2025-07-21,30,1426426,0,0.0,11.88095238095238,45.833333333333336,85.90476190476191,2.333333333333333
2025,31,Entre Ríos,2025-07-28,30,1426426,0,0.0,14.685714285714283,8.666666666666666,72.28571428571429,1.0
2025,32,Entre Ríos,2025-08-04,30,1426426,0,0.0,10.428571428571429,0.1333333333333333,69.71428571428571,0.0
2025,33,Entre Ríos,2025-08-11,30,1426426,0,0.0,11.128571428571428,0.1999999999999999,76.04761904761905,0.0
2025,34,Entre Ríos,2025-08-18,30,1426426,0,0.0,14.276190476190475,81.5,74.47619047619048,2.0
2025,35,Entre Ríos,2025-08-25,30,1426426,0,0.0,17.066666666666666,57.1,71.95238095238095,1.6666666666666667
2025,36,Entre Ríos,2025-09-01,30,1426426,0,0.0,11.20952380952381,13.9,76.04761904761905,1.3333333333333333
2025,37,Entre Ríos,2025-09-08,30,1426426,0,0.0,16.890476190476193,2.833333333333333,68.14285714285715,0.6666666666666666
2025,38,Entre Ríos,2025-09-15,30,1426426,0,0.0,19.290476190476188,24.066666666666663,82.52380952380952,2.6666666666666665
2025,39,Entre Ríos,2025-09-22,30,1426426,0,0.0,16.60952380952381,5.333333333333333,63.285714285714285,1.0
2025,40,Entre Ríos,2025-09-29,30,1426426,0,0.0,20.63809523809524,16.3,70.47619047619048,1.6666666666666667
2025,41,Entre Ríos,2025-10-06,30,1426426,0,0.0,18.72857142857143,1.4333333333333331,59.57142857142858,0.6666666666666666
2025,42,Entre Ríos,2025-10-13,30,1426426,0,0.0,20.96190476190476,2.433333333333333,56.52380952380952,0.3333333333333333
2018,1,Formosa,2018-01-01,34,606041,3,0.4950160137680454,27.371428571428574,8.5,65.0,1.0
2018,2,Formosa,2018-01-08,34,606041,0,0.0,28.65714285714286,20.0,67.64285714285714,1.5
2018,3,Formosa,2018-01-15,34,606041,1,0.1650053379226818,27.01428571428572,101.25,78.07142857142857,3.5
2018,4,Formosa,2018-01-22,34,606041,0,0.0,27.564285714285717,68.0,81.64285714285714,5.5
2018,5,Formosa,2018-01-29,34,606041,0,0.0,28.82857142857143,16.8,71.14285714285714,0.5
2018,6,Formosa,2018-02-05,34,606041,0,0.0,29.692857142857143,16.5,65.78571428571429,1.5
2018,7,Formosa,2018-02-12,34,606041,2,0.3300106758453636,26.24285714285714,27.5,67.21428571428572,1.0
2018,8,Formosa,2018-02-19,34,606041,1,0.1650053379226818,26.742857142857144,2.5,65.35714285714286,0.5
2018,9,Formosa,2018-02-26,34,606041,2,0.3300106758453636,25.57857142857143,90.5,85.07142857142858,4.5
2018,10,Formosa,2018-03-05,34,606041,2,0.3300106758453636,26.357142857142858,16.200000000000003,74.28571428571428,1.0
2018,11,Formosa,2018-03-12,34,606041,4,0.6600213516907272,28.5,17.5,76.35714285714286,2.5
2018,12,Formosa,2018-03-19,34,606041,3,0.4950160137680454,23.51428571428572,35.65,75.5,1.5
2018,13,Formosa,2018-03-26,34,606041,1,0.1650053379226818,23.457142857142856,8.0,76.85714285714286,0.5
2018,14,Formosa,2018-04-02,34,606041,0,0.0,26.414285714285715,10.0,68.21428571428572,0.5
2018,15,Formosa,2018-04-09,34,606041,0,0.0,25.335714285714285,19.25,74.64285714285714,0.5
2018,16,Formosa,2018-04-16,34,606041,0,0.0,27.307142857142857,0.0,69.64285714285714,0.0
2018,17,Formosa,2018-04-23,34,606041,0,0.0,27.56428571428572,0.0,66.5,0.0
2018,18,Formosa,2018-04-30,34,606041,1,0.1650053379226818,26.81428571428572,61.85,70.85714285714286,1.5
2018,19,Formosa,2018-05-07,34,606041,1,0.1650053379226818,22.67142857142857,9.0,76.35714285714286,1.0
2018,20,Formosa,2018-05-14,34,606041,2,0.3300106758453636,19.621428571428574,31.0,82.85714285714286,2.0
2018,21,Formosa,2018-05-21,34,606041,0,0.0,17.435714285714283,0.0,72.92857142857143,0.0
2018,22,Formosa,2018-05-28,34,606041,0,0.0,18.3,27.5,74.28571428571428,1.0
2018,23,Formosa,2018-06-04,34,606041,0,0.0,15.707142857142856,0.0,75.64285714285714,0.0
2018,24,Formosa,2018-06-11,34,606041,0,0.0,12.657142857142858,0.25,71.64285714285714,0.0
2018,25,Formosa,2018-06-18,34,606041,0,0.0,20.01428571428572,2.05,67.64285714285714,0.5
2018,26,Formosa,2018-06-25,34,606041,0,0.0,19.5,3.5,76.21428571428572,0.5
2018,27,Formosa,2018-07-02,34,606041,0,0.0,15.614285714285714,0.45,84.64285714285714,0.0
2019,1,Formosa,2018-12-31,34,606041,2,0.3300106758453636,28.92142857142857,77.0,76.78571428571428,3.5
2019,2,Formosa,2019-01-07,34,606041,4,0.6600213516907272,26.65,106.5,80.78571428571428,3.5
2019,3,Formosa,2019-01-14,34,606041,7,1.1550373654587727,27.77857142857143,12.0,71.92857142857142,1.5
2019,4,Formosa,2019-01-21,34,606041,0,0.0,32.30714285714286,0.0,61.0,0.0
2019,5,Formosa,2019-01-28,34,606041,0,0.0,30.32857142857143,0.3,63.35714285714286,0.0
2019,6,Formosa,2019-02-04,34,606041,0,0.0,28.57142857142857,20.5,62.07142857142857,1.0
2019,7,Formosa,2019-02-11,34,606041,0,0.0,25.735714285714284,75.0,73.21428571428572,2.5
2019,8,Formosa,2019-02-18,34,606041,0,0.0,31.207142857142856,0.0,59.785714285714285,0.0
2019,9,Formosa,2019-02-25,34,606041,0,0.0,26.24285714285714,16.0,63.21428571428572,1.0
2019,10,Formosa,2019-03-04,34,606041,0,0.0,25.307142857142857,100.75,79.42857142857143,3.0
2019,11,Formosa,2019-03-11,34,606041,0,0.0,24.22142857142857,38.5,85.28571428571428,2.5
2019,12,Formosa,2019-03-18,34,606041,0,0.0,23.52142857142857,0.0,73.57142857142857,0.0
2019,13,Formosa,2019-03-25,34,606041,0,0.0,24.40714285714286,4.8,74.64285714285714,1.0
2019,14,Formosa,2019-04-01,34,606041,1,0.1650053379226818,22.614285714285717,51.7,82.71428571428572,3.0
2019,15,Formosa,2019-04-08,34,606041,0,0.0,23.90714285714286,0.0,73.85714285714286,0.0
2019,16,Formosa,2019-04-15,34,606041,0,0.0,25.09285714285714,92.5,80.64285714285714,2.5
2019,17,Formosa,2019-04-22,34,606041,0,0.0,21.692857142857143,59.25,90.64285714285714,2.5
2019,18,Formosa,2019-04-29,34,606041,0,0.0,23.40714285714286,80.7,85.57142857142858,3.0
2019,19,Formosa,2019-05-06,34,606041,0,0.0,22.07857142857143,66.0,88.78571428571428,3.0
2019,20,Formosa,2019-05-13,34,606041,0,0.0,19.778571428571425,9.5,80.71428571428571,1.0
2019,21,Formosa,2019-05-20,34,606041,0,0.0,17.221428571428568,67.5,89.07142857142858,3.0
2019,22,Formosa,2019-05-27,34,606041,0,0.0,18.40714285714286,3.5,88.42857142857143,0.5
2019,23,Formosa,2019-06-03,34,606041,0,0.0,18.621428571428574,0.0,80.28571428571428,0.0
2019,24,Formosa,2019-06-10,34,606041,0,0.0,23.035714285714285,0.0,75.5,0.0
2019,25,Formosa,2019-06-17,34,606041,0,0.0,18.685714285714283,1.5,78.57142857142857,0.5
2019,26,Formosa,2019-06-24,34,606041,0,0.0,18.892857142857142,0.25,72.35714285714286,0.0
2019,27,Formosa,2019-07-01,34,606041,0,0.0,12.142857142857142,0.45,72.85714285714286,0.0
2019,28,Formosa,2019-07-08,34,606041,0,0.0,20.614285714285717,4.0,67.92857142857143,1.0
2019,29,Formosa,2019-07-15,34,606041,0,0.0,20.114285714285717,0.0,69.28571428571429,0.0
2019,30,Formosa,2019-07-22,34,606041,0,0.0,12.62857142857143,85.15,82.92857142857143,3.5
2019,31,Formosa,2019-07-29,34,606041,0,0.0,16.75,2.0,69.57142857142857,0.5
2019,32,Formosa,2019-08-05,34,606041,0,0.0,17.035714285714285,0.0,69.71428571428572,0.0
2019,33,Formosa,2019-08-12,34,606041,0,0.0,18.685714285714283,0.0,61.07142857142857,0.0
2019,34,Formosa,2019-08-19,34,606041,0,0.0,17.9,8.5,61.57142857142857,0.5
2019,35,Formosa,2019-08-26,34,606041,0,0.0,22.878571428571423,12.05,64.0,1.0
2019,36,Formosa,2019-09-02,34,606041,0,0.0,19.65,0.0,60.642857142857146,0.0
2019,37,Formosa,2019-09-09,34,606041,0,0.0,22.09285714285714,2.5,65.35714285714286,0.5
2019,38,Formosa,2019-09-16,34,606041,0,0.0,20.978571428571428,0.0,54.07142857142857,0.0
2019,39,Formosa,2019-09-23,34,606041,0,0.0,25.357142857142858,0.0,48.07142857142857,0.0
2019,40,Formosa,2019-09-30,34,606041,0,0.0,22.214285714285715,47.75,73.92857142857142,2.5
2019,41,Formosa,2019-10-07,34,606041,0,0.0,28.82142857142857,11.5,53.92857142857143,0.5
2019,42,Formosa,2019-10-14,34,606041,0,0.0,19.121428571428574,7.4,82.64285714285714,1.5
2019,43,Formosa,2019-10-21,34,606041,0,0.0,25.335714285714285,0.5,55.42857142857143,0.0
2019,44,Formosa,2019-10-28,34,606041,0,0.0,31.57857142857143,3.5,55.42857142857143,1.0
2019,45,Formosa,2019-11-04,34,606041,0,0.0,27.278571428571432,101.0,75.35714285714286,4.0
2019,46,Formosa,2019-11-11,34,606041,0,0.0,26.83571428571429,20.0,67.07142857142857,1.5
2019,47,Formosa,2019-11-18,34,606041,0,0.0,29.435714285714287,4.5,61.78571428571428,0.5
2019,48,Formosa,2019-11-25,34,606041,0,0.0,27.35,56.2,68.28571428571428,1.0
2019,49,Formosa,2019-12-02,34,606041,0,0.0,25.228571428571428,0.0,56.92857142857143,0.0
2019,50,Formosa,2019-12-09,34,606041,0,0.0,29.028571428571432,5.5,63.71428571428572,1.0
2019,51,Formosa,2019-12-16,34,606041,0,0.0,26.935714285714283,54.0,62.85714285714285,1.0
2019,52,Formosa,2019-12-23,34,606041,0,0.0,29.27857142857143,1.5,62.14285714285714,0.5
2020,1,Formosa,2019-12-30,34,606041,3,0.4950160137680454,29.34285714285714,6.5,60.42857142857143,1.0
2020,2,Formosa,2020-01-06,34,606041,2,0.3300106758453636,29.714285714285715,8.6,68.78571428571428,1.0
2020,3,Formosa,2020-01-13,34,606041,4,0.6600213516907272,29.67142857142857,3.75,69.71428571428572,0.5
2020,4,Formosa,2020-01-20,34,606041,27,4.455144123912408,28.735714285714288,20.0,66.28571428571429,1.5
2020,5,Formosa,2020-01-27,34,606041,39,6.43520817898459,28.392857142857142,33.6,64.35714285714286,1.0
2020,6,Formosa,2020-02-03,34,606041,50,8.25026689613409,30.16428571428571,66.0,69.57142857142857,2.0
2020,7,Formosa,2020-02-10,34,606041,93,15.345496426809408,29.54285714285714,12.5,62.5,1.5
2020,8,Formosa,2020-02-17,34,606041,201,33.166072922459044,26.07857142857143,8.5,61.35714285714286,1.0
2020,9,Formosa,2020-02-24,34,606041,272,44.881451914969446,26.55,8.0,54.92857142857143,1.5
2020,10,Formosa,2020-03-02,34,606041,260,42.90138785989727,29.26428571428572,0.0,47.92857142857143,0.0
2020,11,Formosa,2020-03-09,34,606041,172,28.38091812270127,32.05714285714286,3.0,48.64285714285714,1.0
2020,12,Formosa,2020-03-16,34,606041,144,23.76076866086618,25.964285714285715,61.5,70.78571428571428,2.0
2020,13,Formosa,2020-03-23,34,606041,103,16.995549806036223,26.642857142857142,60.5,67.14285714285714,1.5
2020,14,Formosa,2020-03-30,34,606041,174,28.710928798546632,25.35,38.9,71.71428571428572,2.0
2020,15,Formosa,2020-04-06,34,606041,144,23.76076866086618,20.72142857142857,0.0,61.21428571428572,0.0
2020,16,Formosa,2020-04-13,34,606041,206,33.991099612072446,20.128571428571423,0.5,63.85714285714286,0.0
2020,17,Formosa,2020-04-20,34,606041,209,34.4861156258405,26.364285714285717,0.0,58.85714285714286,0.0
2020,18,Formosa,2020-04-27,34,606041,103,16.995549806036223,24.235714285714284,13.0,67.64285714285714,0.5
2020,19,Formosa,2020-05-04,34,606041,141,23.265752647098132,19.92142857142857,0.0,61.71428571428572,0.0
2020,20,Formosa,2020-05-11,34,606041,222,36.63118501883536,19.87142857142857,4.5,67.0,0.5
2020,21,Formosa,2020-05-18,34,606041,152,25.080811364247634,19.76428571428572,7.5,66.35714285714286,1.0
2020,22,Formosa,2020-05-25,34,606041,106,17.49056581980427,17.7,0.5,64.21428571428572,0.0
2020,23,Formosa,2020-06-01,34,606041,54,8.910288247824816,14.57857142857143,13.1,72.85714285714286,1.5
2020,24,Formosa,2020-06-08,34,606041,56,9.240298923670181,21.542857142857144,0.05,71.64285714285714,0.0
2020,25,Formosa,2020-06-15,34,606041,47,7.755250882366044,25.514285714285712,0.0,61.35714285714285,0.0
2020,26,Formosa,2020-06-22,34,606041,36,5.940192165216545,18.585714285714285,7.5,64.64285714285714,0.5
2020,27,Formosa,2020-06-29,34,606041,20,3.300106758453636,16.07857142857143,11.5,69.57142857142857,0.5
2020,28,Formosa,2020-07-06,34,606041,14,2.3100747309175453,15.521428571428572,14.0,79.42857142857143,1.5
2020,29,Formosa,2020-07-13,34,606041,10,1.650053379226818,20.450000000000003,0.0,59.07142857142857,0.0
2020,30,Formosa,2020-07-20,34,606041,19,3.135101420530954,18.321428571428573,3.0,65.5,1.0
2020,31,Formosa,2020-07-27,34,606041,0,0.0,18.264285714285712,1.0,55.42857142857143,0.5
2020,32,Formosa,2020-08-03,34,606041,3,0.4950160137680454,24.9,0.0,45.21428571428571,0.0
2020,33,Formosa,2020-08-10,34,606041,1,0.1650053379226818,17.478571428571428,4.5,60.07142857142857,1.0
2020,34,Formosa,2020-08-17,34,606041,1,0.1650053379226818,16.064285714285713,0.0,47.71428571428572,0.0
2020,35,Formosa,2020-08-24,34,606041,2,0.3300106758453636,26.685714285714283,0.0,49.14285714285714,0.0
2020,36,Formosa,2020-08-31,34,606041,2,0.3300106758453636,18.02142857142857,0.0,60.85714285714286,0.0
2020,37,Formosa,2020-09-07,34,606041,3,0.4950160137680454,24.692857142857143,34.0,61.35714285714286,1.5
2020,38,Formosa,2020-09-14,34,606041,0,0.0,19.807142857142857,8.0,64.0,1.5
2020,39,Formosa,2020-09-21,34,606041,2,0.3300106758453636,26.564285714285717,0.1,43.35714285714286,0.0
2020,40,Formosa,2020-09-28,34,606041,2,0.3300106758453636,26.692857142857143,0.0,48.35714285714286,0.0
2020,41,Formosa,2020-10-05,34,606041,0,0.0,25.62857142857143,0.1,47.0,0.0
2020,42,Formosa,2020-10-12,34,606041,2,0.3300106758453636,27.31428571428572,8.0,56.35714285714286,1.0
2020,43,Formosa,2020-10-19,34,606041,0,0.0,30.82857142857143,60.0,55.285714285714285,2.0
2020,44,Formosa,2020-10-26,34,606041,2,0.3300106758453636,23.764285714285712,0.2,55.14285714285714,0.0
2020,45,Formosa,2020-11-02,34,606041,3,0.4950160137680454,26.87857142857143,5.5,39.642857142857146,0.5
2020,46,Formosa,2020-11-09,34,606041,0,0.0,26.121428571428574,48.5,70.35714285714286,2.5
2020,47,Formosa,2020-11-16,34,606041,0,0.0,26.57142857142857,8.0,51.35714285714286,0.5
2020,48,Formosa,2020-11-23,34,606041,0,0.0,30.785714285714285,73.0,54.785714285714285,2.5
2020,49,Formosa,2020-11-30,34,606041,0,0.0,24.97857142857143,36.0,75.21428571428572,2.5
2020,50,Formosa,2020-12-07,34,606041,0,0.0,29.25714285714286,47.5,53.642857142857146,1.5
2020,51,Formosa,2020-12-14,34,606041,0,0.0,26.214285714285715,100.1,75.14285714285714,4.0
2020,52,Formosa,2020-12-21,34,606041,0,0.0,26.964285714285715,13.0,66.21428571428572,1.0
2020,53,Formosa,2020-12-28,34,606041,0,0.0,28.52857142857143,25.0,67.0,2.0
2021,1,Formosa,2021-01-04,34,606041,13,2.1450693929948637,27.52142857142857,29.0,75.0,2.5
2021,2,Formosa,2021-01-11,34,606041,12,1.9800640550721815,28.792857142857144,58.0,69.85714285714286,2.0
2021,3,Formosa,2021-01-18,34,606041,16,2.6400854067629087,27.200000000000003,8.0,68.28571428571428,1.5
2021,4,Formosa,2021-01-25,34,606041,20,3.300106758453636,27.892857142857142,68.0,76.14285714285714,2.5
2021,5,Formosa,2021-02-01,34,606041,51,8.415272234056772,25.3,87.5,76.0,2.5
2021,6,Formosa,2021-02-08,34,606041,73,12.04538966835577,25.564285714285717,6.35,73.92857142857143,1.5
2021,7,Formosa,2021-02-15,34,606041,42,6.930224192752636,27.978571428571428,0.0,62.71428571428572,0.0
2021,8,Formosa,2021-02-22,34,606041,53,8.745282909902135,29.957142857142856,24.5,61.14285714285714,1.0
2021,9,Formosa,2021-03-01,34,606041,13,2.1450693929948637,28.007142857142856,16.5,68.28571428571428,0.5
2021,10,Formosa,2021-03-08,34,606041,43,7.095229530675318,27.792857142857144,0.0,56.92857142857143,0.0
2021,11,Formosa,2021-03-15,34,606041,24,3.960128110144363,25.464285714285715,97.5,75.14285714285714,4.0
2021,12,Formosa,2021-03-22,34,606041,2,0.3300106758453636,24.528571428571425,113.4,82.35714285714286,2.0
2021,13,Formosa,2021-03-29,34,606041,9,1.4850480413041363,22.88571428571429,0.0,73.14285714285714,0.0
2021,14,Formosa,2021-04-05,34,606041,2,0.3300106758453636,26.10714285714285,33.5,75.64285714285714,2.5
2021,15,Formosa,2021-04-12,34,606041,4,0.6600213516907272,23.85,5.0,76.85714285714286,1.0
2021,16,Formosa,2021-04-19,34,606041,16,2.6400854067629087,22.942857142857143,51.5,76.78571428571429,3.0
2021,17,Formosa,2021-04-26,34,606041,5,0.825026689613409,19.604761904761904,0.0,72.36904761904762,0.0
2021,18,Formosa,2021-05-03,34,606041,3,0.4950160137680454,18.700000000000003,26.0,79.0,2.0
2021,19,Formosa,2021-05-10,34,606041,0,0.0,18.15,0.25,78.42857142857143,0.0
2021,20,Formosa,2021-05-17,34,606041,0,0.0,20.292857142857144,3.5,72.5,0.5
2021,21,Formosa,2021-05-24,34,606041,0,0.0,18.5,0.0,69.64285714285714,0.0
2021,22,Formosa,2021-05-31,34,606041,0,0.0,22.13571428571429,9.0,70.5,0.5
2021,23,Formosa,2021-06-07,34,606041,0,0.0,18.014285714285712,14.75,82.85714285714286,0.5
2021,24,Formosa,2021-06-14,34,606041,0,0.0,14.07857142857143,1.0,75.78571428571428,0.5
2021,25,Formosa,2021-06-21,34,606041,0,0.0,16.25,4.5,79.5,1.0
2021,26,Formosa,2021-06-28,34,606041,0,0.0,12.557142857142855,0.0,61.57142857142857,0.0
2021,27,Formosa,2021-07-05,34,606041,0,0.0,21.878571428571423,0.0,58.21428571428572,0.0
2021,28,Formosa,2021-07-12,34,606041,0,0.0,18.178571428571427,7.5,64.0,1.0
2021,29,Formosa,2021-07-19,34,606041,0,0.0,18.442857142857143,1.0,55.07142857142857,0.5
2021,30,Formosa,2021-07-26,34,606041,0,0.0,13.135714285714286,0.3,54.14285714285714,0.0
2022,1,Formosa,2022-01-03,34,606041,0,0.0,29.7,6.0,54.21428571428572,0.5
2022,2,Formosa,2022-01-10,34,606041,0,0.0,33.49285714285715,0.0,39.21428571428572,0.0
2022,3,Formosa,2022-01-17,34,606041,0,0.0,34.971428571428575,1.0,42.35714285714286,0.5
2022,4,Formosa,2022-01-24,34,606041,0,0.0,30.2,31.0,55.85714285714286,2.0
2022,5,Formosa,2022-01-31,34,606041,0,0.0,29.57857142857143,29.500000000000004,53.85714285714286,1.0
2022,6,Formosa,2022-02-07,34,606041,0,0.0,26.935714285714283,25.65,51.42857142857143,1.0
2022,7,Formosa,2022-02-14,34,606041,0,0.0,28.95,14.45,54.285714285714285,1.5
2022,8,Formosa,2022-02-21,34,606041,0,0.0,30.607142857142858,6.5,62.85714285714285,1.5
2022,9,Formosa,2022-02-28,34,606041,0,0.0,30.278571428571425,13.5,65.85714285714286,1.0
2022,10,Formosa,2022-03-07,34,606041,0,0.0,26.642857142857142,19.5,65.71428571428572,1.5
2022,11,Formosa,2022-03-14,34,606041,0,0.0,25.6,4.0,52.85714285714286,0.5
2022,12,Formosa,2022-03-21,34,606041,0,0.0,24.242857142857144,79.0,69.0,1.5
2022,13,Formosa,2022-03-28,34,606041,0,0.0,22.371428571428574,23.5,62.78571428571428,2.0
2022,14,Formosa,2022-04-04,34,606041,0,0.0,24.114285714285717,66.0,84.85714285714286,2.5
2022,15,Formosa,2022-04-11,34,606041,0,0.0,20.59285714285714,27.0,72.0,1.0
2022,16,Formosa,2022-04-18,34,606041,0,0.0,24.257142857142856,30.5,70.71428571428572,1.0
2022,17,Formosa,2022-04-25,34,606041,0,0.0,25.378571428571423,2.5,69.5,1.0
2022,18,Formosa,2022-05-02,34,606041,0,0.0,18.664285714285715,14.0,76.35714285714286,1.0
2022,19,Formosa,2022-05-09,34,606041,0,0.0,18.09285714285714,29.5,82.71428571428572,3.0
2022,20,Formosa,2022-05-16,34,606041,0,0.0,14.035714285714285,0.0,69.64285714285714,0.0
2022,21,Formosa,2022-05-23,34,606041,0,0.0,19.6,14.1,82.42857142857143,2.0
2022,22,Formosa,2022-05-30,34,606041,0,0.0,14.835714285714284,7.0,71.28571428571428,0.5
2022,23,Formosa,2022-06-06,34,606041,0,0.0,14.428571428571429,27.0,85.14285714285714,1.0
2022,24,Formosa,2022-06-13,34,606041,0,0.0,16.00714285714286,0.0,64.71428571428572,0.0
2022,25,Formosa,2022-06-20,34,606041,0,0.0,15.542857142857144,1.05,82.78571428571429,0.0
2022,26,Formosa,2022-06-27,34,606041,0,0.0,17.957142857142856,0.0,77.71428571428572,0.0
2022,27,Formosa,2022-07-04,34,606041,0,0.0,22.91428571428571,0.0,69.71428571428572,0.0
2022,28,Formosa,2022-07-11,34,606041,0,0.0,16.42857142857143,0.1,71.28571428571428,0.0
2022,29,Formosa,2022-07-18,34,606041,0,0.0,21.628571428571423,1.5,66.78571428571428,0.5
2022,30,Formosa,2022-07-25,34,606041,0,0.0,20.6,0.0,57.5,0.0
2022,31,Formosa,2022-08-01,34,606041,0,0.0,20.371428571428574,3.0,64.28571428571429,1.0
2022,32,Formosa,2022-08-08,34,606041,0,0.0,18.228571428571428,0.0,65.21428571428571,0.0
2022,33,Formosa,2022-08-15,34,606041,0,0.0,17.892857142857146,0.0,52.64285714285714,0.0
2022,34,Formosa,2022-08-22,34,606041,0,0.0,24.40714285714286,1.5,51.21428571428572,0.5
2022,35,Formosa,2022-08-29,34,606041,0,0.0,18.51904761904762,4.0,54.27380952380952,0.5
2022,36,Formosa,2022-09-05,34,606041,0,0.0,20.057142857142857,0.0,52.21428571428572,0.0
2022,37,Formosa,2022-09-12,34,606041,0,0.0,21.45,12.0,48.21428571428572,1.0
2022,38,Formosa,2022-09-19,34,606041,0,0.0,20.164285714285715,0.05,60.42857142857143,0.0
2022,39,Formosa,2022-09-26,34,606041,0,0.0,21.792857142857144,10.75,64.85714285714286,0.5
2022,40,Formosa,2022-10-03,34,606041,0,0.0,21.97857142857143,44.15,57.07142857142857,2.0
2022,41,Formosa,2022-10-10,34,606041,0,0.0,22.7,0.05,59.35714285714286,0.0
2022,42,Formosa,2022-10-17,34,606041,0,0.0,23.835714285714285,33.5,68.35714285714286,2.0
2022,43,Formosa,2022-10-24,34,606041,0,0.0,27.628571428571423,74.55,61.142857142857146,2.5
2022,44,Formosa,2022-10-31,34,606041,0,0.0,20.728571428571428,0.0,50.5,0.0
2022,45,Formosa,2022-11-07,34,606041,0,0.0,24.785714285714285,48.75,64.07142857142857,3.0
2022,46,Formosa,2022-11-14,34,606041,0,0.0,26.95714285714286,36.0,55.92857142857143,1.0
2022,47,Formosa,2022-11-21,34,606041,0,0.0,25.807142857142857,9.5,61.35714285714286,0.5
2022,48,Formosa,2022-11-28,34,606041,0,0.0,29.142857142857142,0.5,59.07142857142857,0.0
2022,49,Formosa,2022-12-05,34,606041,0,0.0,32.47857142857143,42.0,58.35714285714286,1.5
2022,50,Formosa,2022-12-12,34,606041,0,0.0,27.585714285714285,5.0,58.5,0.5
2023,1,Formosa,2023-01-02,34,606041,0,0.0,27.75714285714286,3.75,57.285714285714285,1.0
2023,2,Formosa,2023-01-09,34,606041,1,0.1650053379226818,28.985714285714284,25.0,56.07142857142857,2.0
2023,3,Formosa,2023-01-16,34,606041,4,0.6600213516907272,32.68571428571428,0.0,52.35714285714286,0.0
2023,4,Formosa,2023-01-23,34,606041,1,0.1650053379226818,30.957142857142856,9.0,60.35714285714286,1.0
2023,5,Formosa,2023-01-30,34,606041,0,0.0,28.535714285714285,10.4,62.64285714285714,0.5
2023,6,Formosa,2023-02-06,34,606041,5,0.825026689613409,31.71428571428571,4.0,54.0,0.5
2023,7,Formosa,2023-02-13,34,606041,3,0.4950160137680454,26.435714285714287,16.0,56.21428571428572,1.0
2023,8,Formosa,2023-02-20,34,606041,4,0.6600213516907272,26.735714285714288,41.5,68.5,2.5
2023,9,Formosa,2023-02-27,34,606041,6,0.9900320275360908,27.51428571428572,23.25,73.0,2.0
2023,10,Formosa,2023-03-06,34,606041,22,3.6301174342989992,28.642857142857142,33.5,68.35714285714286,0.5
2023,11,Formosa,2023-03-13,34,606041,23,3.7951227722216814,27.942857142857143,2.3,75.92857142857142,0.5
2023,12,Formosa,2023-03-20,34,606041,18,2.9700960826082725,28.40714285714286,8.65,70.85714285714286,0.5
2023,13,Formosa,2023-03-27,34,606041,46,7.590245544443363,27.228571428571428,15.500000000000002,66.28571428571428,1.0
2023,14,Formosa,2023-04-03,34,606041,57,9.405304261592862,23.84285714285714,19.3,75.21428571428572,1.0
2023,15,Formosa,2023-04-10,34,606041,54,8.910288247824816,24.114285714285717,64.0,78.57142857142857,3.5
2023,16,Formosa,2023-04-17,34,606041,54,8.910288247824816,21.15,1.0,70.92857142857143,0.5
2023,17,Formosa,2023-04-24,34,606041,52,8.580277571979455,22.06428571428572,3.0,78.57142857142858,1.0
2023,18,Formosa,2023-05-01,34,606041,42,6.930224192752636,17.728571428571428,36.9,90.64285714285714,4.0
2023,19,Formosa,2023-05-08,34,606041,45,7.42524020652068,18.428571428571427,0.0,72.71428571428571,0.0
2023,20,Formosa,2023-05-15,34,606041,8,1.3200427033814544,21.285714285714285,82.15,74.78571428571428,2.5
2023,21,Formosa,2023-05-22,34,606041,21,3.465112096376318,22.75,6.0,79.64285714285714,0.5
2023,22,Formosa,2023-05-29,34,606041,32,5.280170813525817,21.014285714285712,5.5,79.71428571428572,0.5
2023,23,Formosa,2023-06-05,34,606041,22,3.6301174342989992,22.15,1.5,73.92857142857142,0.5
2023,24,Formosa,2023-06-12,34,606041,2,0.3300106758453636,11.971428571428572,0.0,72.71428571428572,0.0
2023,25,Formosa,2023-06-19,34,606041,1,0.1650053379226818,20.214285714285715,0.15,80.35714285714286,0.0
2023,26,Formosa,2023-06-26,34,606041,7,1.1550373654587727,21.41428571428572,1.25,72.85714285714286,0.5
2023,27,Formosa,2023-07-03,34,606041,10,1.650053379226818,23.17142857142857,1.0,69.71428571428572,0.5
2023,28,Formosa,2023-07-10,34,606041,8,1.3200427033814544,16.42142857142857,4.05,80.92857142857143,0.5
2023,29,Formosa,2023-07-17,34,606041,11,1.8150587171494996,19.24285714285714,0.0,60.35714285714286,0.0
2023,30,Formosa,2023-07-24,34,606041,10,1.650053379226818,17.22142857142857,1.0,72.28571428571428,0.5
2023,31,Formosa,2023-07-31,34,606041,12,1.9800640550721815,26.742857142857144,10.25,53.0,0.5
2023,32,Formosa,2023-08-07,34,606041,10,1.650053379226818,20.05,1.0,64.92857142857143,0.5
2023,33,Formosa,2023-08-14,34,606041,12,1.9800640550721815,22.735714285714288,8.0,60.28571428571428,1.0
2023,34,Formosa,2023-08-21,34,606041,12,1.9800640550721815,21.942857142857143,0.0,52.64285714285714,0.0
2023,35,Formosa,2023-08-28,34,606041,38,6.270202841061908,23.65714285714286,58.75,61.07142857142857,2.0
2023,36,Formosa,2023-09-04,34,606041,87,14.355464399273316,20.32857142857143,23.0,78.57142857142857,1.5
2023,37,Formosa,2023-09-11,34,606041,74,12.210395006278453,23.70714285714286,2.5,55.57142857142857,1.0
2023,38,Formosa,2023-09-18,34,606041,60,9.900320275360908,29.59404761904762,0.0,54.67857142857143,0.0
2023,39,Formosa,2023-09-25,34,606041,15,2.475080068840227,22.214285714285715,0.0,59.71428571428571,0.0
2023,40,Formosa,2023-10-02,34,606041,139,22.93574197125277,24.114285714285717,14.25,57.75,1.0
2023,41,Formosa,2023-10-09,34,606041,134,22.11071528163936,25.59285714285714,2.5,51.07142857142857,0.5
2023,42,Formosa,2023-10-16,34,606041,132,21.780704605793996,29.357142857142858,7.0,61.142857142857146,1.0
2023,43,Formosa,2023-10-23,34,606041,282,46.531505294196265,25.964285714285715,21.75,73.0,2.5
2023,44,Formosa,2023-10-30,34,606041,308,50.821644080186,23.807142857142857,24.75,64.64285714285714,1.0
2023,45,Formosa,2023-11-06,34,606041,266,43.89141988743336,33.23571428571429,55.0,49.92857142857143,1.0
2023,46,Formosa,2023-11-13,34,606041,388,64.02207111400054,26.95,46.75,74.0,1.5
2023,47,Formosa,2023-11-20,34,606041,635,104.77838958090294,27.742857142857144,75.85,68.85714285714286,2.5
2023,48,Formosa,2023-11-27,34,606041,619,102.13830417414003,29.785714285714285,61.0,71.5,2.0
2023,49,Formosa,2023-12-04,34,606041,241,39.76628643936632,26.042857142857144,130.5,79.42857142857143,3.5
2023,50,Formosa,2023-12-11,34,606041,749,123.58899810408867,32.24285714285714,22.5,60.92857142857143,1.0
2023,51,Formosa,2023-12-18,34,606041,1016,167.6454233294447,27.67142857142857,115.85,78.78571428571428,4.0
2023,52,Formosa,2023-12-25,34,606041,1100,181.50587171495,27.88571428571429,14.0,68.92857142857143,1.5
2024,1,Formosa,2024-01-01,34,606041,1325,218.63207274755337,30.82857142857143,0.0,58.92857142857143,0.0
2024,2,Formosa,2024-01-08,34,606041,1266,208.89675781011516,30.70714285714286,89.5,67.07142857142857,2.0
2024,3,Formosa,2024-01-15,34,606041,1238,204.27660834828006,30.192857142857143,4.7,67.85714285714286,1.0
2024,4,Formosa,2024-01-22,34,606041,1039,171.4405461016664,27.985714285714284,0.0,57.07142857142857,0.0
2024,5,Formosa,2024-01-29,34,606041,922,152.1349215647126,32.26428571428571,0.0,50.42857142857143,0.0
2024,6,Formosa,2024-02-05,34,606041,900,148.50480413041362,31.97142857142857,16.5,61.28571428571429,1.0
2024,7,Formosa,2024-02-12,34,606041,559,92.23798389877912,27.714285714285715,49.15,69.92857142857143,1.0
2024,8,Formosa,2024-02-19,34,606041,411,67.81719388622223,29.92857142857143,9.6,63.5,1.0
2024,9,Formosa,2024-02-26,34,606041,379,62.5370230726964,30.778571428571432,9.65,67.0,1.5
2024,10,Formosa,2024-03-04,34,606041,326,53.79174016279427,29.392857142857142,20.75,69.35714285714286,1.0
2024,11,Formosa,2024-03-11,34,606041,346,57.0918469212479,33.91428571428571,2.25,56.57142857142857,1.0
2024,12,Formosa,2024-03-18,34,606041,252,41.58134515651581,28.89285714285714,18.75,65.42857142857143,1.5
2024,13,Formosa,2024-03-25,34,606041,213,35.14613697753122,29.228571428571428,0.5,62.57142857142857,0.0
2024,14,Formosa,2024-04-01,34,606041,201,33.166072922459044,28.08571428571429,103.5,79.35714285714286,3.5
2024,15,Formosa,2024-04-08,34,606041,166,27.39088609516518,23.63571428571429,80.75,92.35714285714286,4.0
2024,16,Formosa,2024-04-15,34,606041,153,25.245816702170316,22.40714285714286,4.5,74.78571428571428,0.5
2024,17,Formosa,2024-04-22,34,606041,139,22.93574197125277,26.435714285714283,44.75,82.57142857142857,2.5
2024,18,Formosa,2024-04-29,34,606041,137,22.605731295407406,24.235714285714288,38.85,83.92857142857143,1.5
2024,19,Formosa,2024-05-06,34,606041,201,33.166072922459044,22.35,4.949999999999999,78.07142857142857,1.0
2024,20,Formosa,2024-05-13,34,606041,138,22.77073663333009,14.0,0.4,79.5,0.0
2024,21,Formosa,2024-05-20,34,606041,29,4.785154799757772,15.685714285714289,1.8,76.35714285714286,0.5
2024,22,Formosa,2024-05-27,34,606041,30,4.950160137680454,15.785714285714285,0.0,69.71428571428571,0.0
2024,23,Formosa,2024-06-03,34,606041,22,3.6301174342989992,22.09285714285714,0.0,66.57142857142857,0.0
2024,24,Formosa,2024-06-10,34,606041,38,6.270202841061908,25.364285714285717,4.5,62.71428571428572,1.0
2024,25,Formosa,2024-06-17,34,606041,35,5.775186827293863,22.92857142857143,4.05,83.57142857142857,1.0
2024,26,Formosa,2024-06-24,34,606041,28,4.620149461835091,13.45,1.0,70.85714285714286,0.5
2024,27,Formosa,2024-07-01,34,606041,11,1.8150587171494996,16.035714285714285,3.95,69.14285714285714,1.0
2024,28,Formosa,2024-07-08,34,606041,7,1.1550373654587727,9.857142857142858,0.25,64.42857142857143,0.0
2024,29,Formosa,2024-07-15,34,606041,3,0.4950160137680454,17.92142857142857,0.05,69.78571428571429,0.0
2024,30,Formosa,2024-07-22,34,606041,3,0.4950160137680454,21.77142857142857,3.75,68.64285714285714,0.5
2024,31,Formosa,2024-07-29,34,606041,8,1.3200427033814544,22.607142857142858,1.5,62.0,0.5
2024,32,Formosa,2024-08-05,34,606041,7,1.1550373654587727,16.785714285714285,29.5,64.85714285714286,1.5
2024,33,Formosa,2024-08-12,34,606041,9,1.4850480413041363,20.41428571428571,0.0,57.5,0.0
2024,34,Formosa,2024-08-19,34,606041,5,0.825026689613409,15.62857142857143,16.0,75.14285714285714,1.5
2024,35,Formosa,2024-08-26,34,606041,5,0.825026689613409,18.285714285714285,0.0,60.71428571428571,0.0
2024,36,Formosa,2024-09-02,34,606041,6,0.9900320275360908,20.971428571428568,0.0,58.35714285714285,0.0
2024,37,Formosa,2024-09-09,34,606041,5,0.825026689613409,22.235714285714288,0.0,64.57142857142857,0.0
2024,38,Formosa,2024-09-16,34,606041,5,0.825026689613409,27.0,5.0,52.5,0.5
2024,39,Formosa,2024-09-23,34,606041,6,0.9900320275360908,25.392857142857142,26.0,62.85714285714285,1.5
2024,40,Formosa,2024-09-30,34,606041,6,0.9900320275360908,26.85714285714285,9.15,52.21428571428572,1.0
2024,41,Formosa,2024-10-07,34,606041,8,1.3200427033814544,24.228571428571428,53.75,72.07142857142857,3.5
2024,42,Formosa,2024-10-14,34,606041,4,0.6600213516907272,25.185714285714283,26.2,73.85714285714286,1.5
2024,43,Formosa,2024-10-21,34,606041,10,1.650053379226818,27.314285714285717,0.0,56.28571428571428,0.0
2024,44,Formosa,2024-10-28,34,606041,8,1.3200427033814544,27.27142857142857,27.9,66.0,1.5
2024,45,Formosa,2024-11-04,34,606041,12,1.9800640550721815,26.68571428571429,26.9,70.21428571428572,1.0
2024,46,Formosa,2024-11-11,34,606041,18,2.9700960826082725,27.35,7.4,51.21428571428572,0.5
2024,47,Formosa,2024-11-18,34,606041,21,3.465112096376318,27.121428571428574,36.65,75.42857142857143,1.0
2024,48,Formosa,2024-11-25,34,606041,8,1.3200427033814544,30.185714285714283,52.25,66.78571428571428,3.5
2024,49,Formosa,2024-12-02,34,606041,13,2.1450693929948637,25.142857142857142,16.0,71.71428571428571,3.0
2024,50,Formosa,2024-12-09,34,606041,12,1.9800640550721815,25.59285714285714,61.25,71.85714285714286,2.0
2024,51,Formosa,2024-12-16,34,606041,13,2.1450693929948637,27.435714285714283,64.0,67.14285714285714,1.0
2024,52,Formosa,2024-12-23,34,606041,15,2.475080068840227,25.807142857142857,11.0,62.28571428571429,1.0
2025,1,Formosa,2024-12-30,34,606041,14,2.3100747309175453,29.56428571428572,16.5,56.92857142857143,0.5
2025,2,Formosa,2025-01-06,34,606041,17,2.8050907446855904,29.357142857142858,0.0,48.35714285714286,0.0
2025,3,Formosa,2025-01-13,34,606041,17,2.8050907446855904,31.692857142857143,2.25,49.14285714285714,0.5
2025,4,Formosa,2025-01-20,34,606041,16,2.6400854067629087,29.692857142857143,31.0,60.5,2.0
2025,5,Formosa,2025-01-27,34,606041,13,2.1450693929948637,29.84285714285714,17.8,63.142857142857146,1.0
2025,6,Formosa,2025-02-03,34,606041,6,0.9900320275360908,33.114285714285714,0.0,52.14285714285714,0.0
2025,7,Formosa,2025-02-10,34,606041,2,0.3300106758453636,32.7,12.0,54.5,0.5
2025,8,Formosa,2025-02-17,34,606041,5,0.825026689613409,28.84285714285714,55.25,73.71428571428572,2.5
2025,9,Formosa,2025-02-24,34,606041,5,0.825026689613409,31.457142857142856,0.0,61.07142857142857,0.0
2025,10,Formosa,2025-03-03,34,606041,5,0.825026689613409,31.064285714285717,15.5,57.21428571428572,1.5
2025,11,Formosa,2025-03-10,34,606041,8,1.3200427033814544,24.57142857142857,7.500000000000001,69.28571428571429,1.0
2025,12,Formosa,2025-03-17,34,606041,1,0.1650053379226818,25.414285714285715,32.75,71.57142857142858,3.0
2025,13,Formosa,2025-03-24,34,606041,6,0.9900320275360908,25.02857142857143,75.25,85.5,4.0
2025,14,Formosa,2025-03-31,34,606041,4,0.6600213516907272,19.714285714285715,29.85,79.85714285714286,2.5
2025,15,Formosa,2025-04-07,34,606041,5,0.825026689613409,20.9,27.75,80.85714285714286,2.0
2025,16,Formosa,2025-04-14,34,606041,5,0.825026689613409,24.20714285714286,0.0,72.07142857142857,0.0
2025,17,Formosa,2025-04-21,34,606041,5,0.825026689613409,21.935714285714283,34.15,84.0,2.5
2025,18,Formosa,2025-04-28,34,606041,9,1.4850480413041363,21.014285714285712,14.5,73.14285714285714,1.0
2025,19,Formosa,2025-05-05,34,606041,3,0.4950160137680454,23.835714285714285,57.4,82.21428571428572,4.0
2025,20,Formosa,2025-05-12,34,606041,10,1.650053379226818,23.60714285714285,21.75,74.57142857142857,0.5
2025,21,Formosa,2025-05-19,34,606041,7,1.1550373654587727,21.31428571428572,45.650000000000006,89.92857142857143,2.5
2025,22,Formosa,2025-05-26,34,606041,5,0.825026689613409,15.407142857142858,3.0,74.21428571428571,1.0
2025,23,Formosa,2025-06-02,34,606041,9,1.4850480413041363,18.49285714285714,0.5,83.0,0.0
2025,24,Formosa,2025-06-09,34,606041,11,1.8150587171494996,15.45714285714286,15.75,75.78571428571429,1.0
2025,25,Formosa,2025-06-16,34,606041,7,1.1550373654587727,16.271428571428572,32.45,94.14285714285714,4.0
2025,26,Formosa,2025-06-23,34,606041,8,1.3200427033814544,11.728571428571428,18.05,75.5,1.0
2025,27,Formosa,2025-06-30,34,606041,5,0.825026689613409,12.35,0.0,68.64285714285714,0.0
2025,28,Formosa,2025-07-07,34,606041,4,0.6600213516907272,19.59285714285714,0.0,72.85714285714286,0.0
2025,29,Formosa,2025-07-14,34,606041,3,0.4950160137680454,17.385714285714286,0.0,66.85714285714286,0.0
2025,30,Formosa,2025-07-21,34,606041,4,0.6600213516907272,19.785714285714285,34.5,80.64285714285714,3.0
2025,31,Formosa,2025-07-28,34,606041,1,0.1650053379226818,20.04285714285714,2.0,66.64285714285714,0.5
2025,32,Formosa,2025-08-04,34,606041,1,0.1650053379226818,15.614285714285714,0.85,74.5,0.0
2025,33,Formosa,2025-08-11,34,606041,0,0.0,17.771428571428572,1.0,64.71428571428571,0.5
2025,34,Formosa,2025-08-18,34,606041,0,0.0,20.17142857142857,20.75,68.35714285714286,2.5
2025,35,Formosa,2025-08-25,34,606041,0,0.0,20.66428571428571,0.5,56.42857142857143,0.0
2025,36,Formosa,2025-09-01,34,606041,0,0.0,17.414285714285715,7.0,67.14285714285714,1.0
2025,37,Formosa,2025-09-08,34,606041,0,0.0,22.57857142857143,24.0,67.92857142857143,1.0
2025,38,Formosa,2025-09-15,34,606041,0,0.0,27.50714285714286,11.5,64.71428571428572,1.5
2025,39,Formosa,2025-09-22,34,606041,0,0.0,22.514285714285712,2.0,53.92857142857143,0.5
2025,40,Formosa,2025-09-29,34,606041,0,0.0,25.685714285714287,37.45,73.28571428571428,2.5
2025,41,Formosa,2025-10-06,34,606041,0,0.0,22.25714285714286,4.5,60.0,0.5
2025,42,Formosa,2025-10-13,34,606041,0,0.0,24.6,12.5,59.642857142857146,1.5
2018,1,Jujuy,2018-01-01,38,797955,0,0.0,19.547619047619047,16.6,69.09523809523809,2.6666666666666665
2018,2,Jujuy,2018-01-08,38,797955,0,0.0,19.3,29.866666666666664,71.90476190476191,3.0
2018,3,Jujuy,2018-01-15,38,797955,0,0.0,19.16190476190476,12.833333333333334,75.47619047619048,2.333333333333333
2018,4,Jujuy,2018-01-22,38,797955,0,0.0,19.43809523809524,62.56666666666666,81.66666666666667,4.0
2018,5,Jujuy,2018-01-29,38,797955,0,0.0,19.571428571428573,34.03333333333333,79.0,2.333333333333333
2018,6,Jujuy,2018-02-05,38,797955,0,0.0,20.14761904761905,66.66666666666667,74.04761904761905,4.333333333333333
2018,7,Jujuy,2018-02-12,38,797955,0,0.0,17.557142857142857,29.76666666666667,79.66666666666667,2.6666666666666665
2018,8,Jujuy,2018-02-19,38,797955,0,0.0,18.104761904761904,29.166666666666668,75.76190476190476,2.0
2018,9,Jujuy,2018-02-26,38,797955,0,0.0,18.228571428571428,29.633333333333336,81.09523809523809,2.0
2018,10,Jujuy,2018-03-05,38,797955,0,0.0,18.304761904761904,31.83333333333333,76.38095238095238,3.0
2018,11,Jujuy,2018-03-12,38,797955,0,0.0,19.88095238095238,14.766666666666666,75.90476190476191,1.3333333333333333
2018,12,Jujuy,2018-03-19,38,797955,0,0.0,17.295238095238094,7.466666666666666,73.66666666666667,1.0
2018,13,Jujuy,2018-03-26,38,797955,0,0.0,15.985714285714286,25.53333333333333,73.28571428571429,1.0
2018,14,Jujuy,2018-04-02,38,797955,0,0.0,17.476190476190478,57.76666666666667,75.42857142857143,1.6666666666666667
2018,15,Jujuy,2018-04-09,38,797955,0,0.0,16.89047619047619,20.7,78.57142857142857,1.0
2018,16,Jujuy,2018-04-16,38,797955,0,0.0,17.41904761904762,0.0,73.71428571428571,0.0
2018,17,Jujuy,2018-04-23,38,797955,0,0.0,18.61904761904762,25.933333333333334,78.61904761904762,2.0
2018,18,Jujuy,2018-04-30,38,797955,0,0.0,18.290476190476188,15.766666666666666,76.52380952380952,2.0
2018,19,Jujuy,2018-05-07,38,797955,0,0.0,15.276190476190472,3.6666666666666665,71.71428571428572,1.3333333333333333
2018,20,Jujuy,2018-05-14,38,797955,0,0.0,12.495238095238092,2.4,66.57142857142857,1.0
2018,21,Jujuy,2018-05-21,38,797955,0,0.0,10.657142857142858,0.0,62.71428571428572,0.0
2018,22,Jujuy,2018-05-28,38,797955,0,0.0,9.633333333333333,3.733333333333333,65.57142857142857,1.0
2018,23,Jujuy,2018-06-04,38,797955,0,0.0,8.466666666666667,0.0,63.42857142857142,0.0
2018,24,Jujuy,2018-06-11,38,797955,0,0.0,6.914285714285714,0.0,64.23809523809524,0.0
2018,25,Jujuy,2018-06-18,38,797955,0,0.0,10.104761904761904,0.3333333333333333,56.90476190476191,0.0
2018,26,Jujuy,2018-06-25,38,797955,0,0.0,9.638095238095238,0.0,55.66666666666666,0.0
2018,27,Jujuy,2018-07-02,38,797955,0,0.0,8.585714285714287,5.733333333333333,64.14285714285715,1.0
2019,1,Jujuy,2018-12-31,38,797955,0,0.0,20.766666666666666,38.3,72.28571428571428,3.0
2019,2,Jujuy,2019-01-07,38,797955,0,0.0,19.861904761904764,16.733333333333334,67.52380952380953,2.0
2019,3,Jujuy,2019-01-14,38,797955,0,0.0,18.32857142857143,33.5,75.80952380952381,4.0
2019,4,Jujuy,2019-01-21,38,797955,0,0.0,22.861904761904764,2.5,61.76190476190476,0.6666666666666666
2019,5,Jujuy,2019-01-28,38,797955,0,0.0,19.728571428571428,35.5,73.57142857142857,3.333333333333333
2019,6,Jujuy,2019-02-04,38,797955,0,0.0,19.723809523809525,12.266666666666666,67.47619047619048,1.6666666666666667
2019,7,Jujuy,2019-02-11,38,797955,2,0.2506407002901166,18.371428571428574,30.366666666666664,71.71428571428571,2.333333333333333
2019,8,Jujuy,2019-02-18,38,797955,1,0.1253203501450583,22.18253968253968,4.033333333333333,62.63492063492063,0.6666666666666666
2019,9,Jujuy,2019-02-25,38,797955,4,0.5012814005802332,18.2,9.133333333333336,72.0,2.333333333333333
2019,10,Jujuy,2019-03-04,38,797955,10,1.2532035014505831,19.03333333333333,71.66666666666667,74.6190476190476,4.333333333333333
2019,11,Jujuy,2019-03-11,38,797955,13,1.6291645518857578,17.671428571428574,13.966666666666669,71.90476190476191,2.333333333333333
2019,12,Jujuy,2019-03-18,38,797955,7,0.8772424510154081,16.085714285714285,11.333333333333334,73.66666666666667,1.6666666666666667
2019,13,Jujuy,2019-03-25,38,797955,20,2.5064070029011662,15.595238095238097,31.23333333333333,79.19047619047619,3.0
2019,14,Jujuy,2019-04-01,38,797955,33,4.135571554786924,16.304761904761904,55.46666666666667,73.42857142857143,2.6666666666666665
2019,15,Jujuy,2019-04-08,38,797955,41,5.138134355947391,15.595238095238097,1.5,66.80952380952381,0.3333333333333333
2019,16,Jujuy,2019-04-15,38,797955,37,4.636852955367157,18.12857142857143,13.6,69.42857142857143,1.3333333333333333
2019,17,Jujuy,2019-04-22,38,797955,69,8.647104160009023,14.10952380952381,10.733333333333334,73.52380952380952,3.0
2019,18,Jujuy,2019-04-29,38,797955,66,8.271143109573847,15.199999999999998,1.9333333333333331,66.76190476190476,0.3333333333333333
2019,19,Jujuy,2019-05-06,38,797955,93,11.654792563490423,14.695238095238096,0.3,68.90476190476191,0.0
2019,20,Jujuy,2019-05-13,38,797955,73,9.148385560589256,11.88095238095238,0.0,65.28571428571428,0.0
2019,21,Jujuy,2019-05-20,38,797955,48,6.015376806962799,9.614285714285716,5.333333333333333,62.095238095238095,0.6666666666666666
2019,22,Jujuy,2019-05-27,38,797955,9,1.1278831513055247,11.414285714285716,0.1,68.47619047619048,0.0
2019,23,Jujuy,2019-06-03,38,797955,16,2.0051256023209327,10.547619047619047,0.6666666666666666,64.76190476190476,0.3333333333333333
2019,24,Jujuy,2019-06-10,38,797955,7,0.8772424510154081,11.661904761904765,5.9,69.95238095238095,1.3333333333333333
2019,25,Jujuy,2019-06-17,38,797955,4,0.5012814005802332,9.404761904761903,0.0,65.04761904761905,0.0
2019,26,Jujuy,2019-06-24,38,797955,0,0.0,10.290476190476191,2.1333333333333333,63.85714285714285,0.6666666666666666
2019,27,Jujuy,2019-07-01,38,797955,0,0.0,8.366666666666665,1.6,69.14285714285715,0.3333333333333333
2019,28,Jujuy,2019-07-08,38,797955,0,0.0,11.0,0.1666666666666666,64.28571428571428,0.0
2019,29,Jujuy,2019-07-15,38,797955,1,0.1253203501450583,11.852380952380951,0.1999999999999999,59.19047619047618,0.0
2019,30,Jujuy,2019-07-22,38,797955,0,0.0,7.780952380952381,0.1333333333333333,51.04761904761904,0.0
2019,31,Jujuy,2019-07-29,38,797955,0,0.0,8.966666666666667,0.1999999999999999,48.0,0.0
2019,32,Jujuy,2019-08-05,38,797955,0,0.0,9.652380952380952,0.0,45.142857142857146,0.0
2019,33,Jujuy,2019-08-12,38,797955,0,0.0,11.80952380952381,0.0,49.80952380952382,0.0
2019,34,Jujuy,2019-08-19,38,797955,0,0.0,12.266666666666667,0.0,51.04761904761904,0.0
2019,35,Jujuy,2019-08-26,38,797955,0,0.0,16.176190476190477,0.0,46.66666666666666,0.0
2019,36,Jujuy,2019-09-02,38,797955,0,0.0,12.604761904761906,0.0,54.285714285714285,0.0
2019,37,Jujuy,2019-09-09,38,797955,0,0.0,15.095238095238097,0.5,49.52380952380952,0.0
2019,38,Jujuy,2019-09-16,38,797955,0,0.0,15.32857142857143,0.7666666666666666,44.61904761904762,0.3333333333333333
2019,39,Jujuy,2019-09-23,38,797955,0,0.0,19.39047619047619,0.0,45.80952380952382,0.0
2019,40,Jujuy,2019-09-30,38,797955,0,0.0,17.04285714285714,0.0,50.095238095238095,0.0
2019,41,Jujuy,2019-10-07,38,797955,0,0.0,20.70952380952381,9.0,49.23809523809524,0.6666666666666666
2019,42,Jujuy,2019-10-14,38,797955,0,0.0,13.833333333333334,4.466666666666667,69.33333333333333,1.0
2019,43,Jujuy,2019-10-21,38,797955,0,0.0,20.090476190476192,0.0,47.57142857142858,0.0
2019,44,Jujuy,2019-10-28,38,797955,0,0.0,22.042857142857144,4.666666666666667,59.47619047619048,1.0
2019,45,Jujuy,2019-11-04,38,797955,0,0.0,20.21428571428571,11.466666666666669,65.90476190476191,2.0
2019,46,Jujuy,2019-11-11,38,797955,0,0.0,20.59523809523809,4.233333333333333,58.38095238095238,0.6666666666666666
2019,47,Jujuy,2019-11-18,38,797955,0,0.0,21.980952380952385,16.066666666666666,57.71428571428572,1.0
2019,48,Jujuy,2019-11-25,38,797955,0,0.0,21.02857142857143,28.133333333333336,63.47619047619048,2.0
2019,49,Jujuy,2019-12-02,38,797955,0,0.0,18.82857142857143,31.83333333333333,71.85714285714286,1.3333333333333333
2019,50,Jujuy,2019-12-09,38,797955,0,0.0,20.557142857142857,9.533333333333331,67.38095238095238,1.3333333333333333
2019,51,Jujuy,2019-12-16,38,797955,0,0.0,19.79523809523809,12.0,65.04761904761905,1.3333333333333333
2019,52,Jujuy,2019-12-23,38,797955,0,0.0,21.76190476190476,4.133333333333333,63.95238095238096,1.3333333333333333
2020,1,Jujuy,2019-12-30,38,797955,0,0.0,20.65714285714285,37.3,69.09523809523809,3.333333333333333
2020,2,Jujuy,2020-01-06,38,797955,0,0.0,22.02380952380952,37.266666666666666,65.33333333333333,2.0
2020,3,Jujuy,2020-01-13,38,797955,3,0.3759610504351749,20.10952380952381,30.600000000000005,77.52380952380952,1.6666666666666667
2020,4,Jujuy,2020-01-20,38,797955,4,0.5012814005802332,21.38571428571429,47.2,68.52380952380952,2.333333333333333
2020,5,Jujuy,2020-01-27,38,797955,8,1.0025628011604664,19.347619047619048,27.066666666666663,71.52380952380952,3.333333333333333
2020,6,Jujuy,2020-02-03,38,797955,24,3.0076884034813993,21.01904761904762,88.39999999999999,73.71428571428572,3.333333333333333
2020,7,Jujuy,2020-02-10,38,797955,15,1.8798052521758748,19.090476190476192,59.70000000000001,79.0,2.6666666666666665
2020,8,Jujuy,2020-02-17,38,797955,21,2.6317273530462244,17.895238095238096,19.33333333333333,78.90476190476191,3.0
2020,9,Jujuy,2020-02-24,38,797955,39,4.887493655657274,18.79523809523809,20.866666666666667,74.47619047619048,2.0
2020,10,Jujuy,2020-03-02,38,797955,86,10.777550112475014,19.942857142857143,2.0,65.33333333333333,0.6666666666666666
2020,11,Jujuy,2020-03-09,38,797955,124,15.53972341798723,20.84285714285714,20.366666666666664,68.33333333333333,2.6666666666666665
2020,12,Jujuy,2020-03-16,38,797955,292,36.593542242357024,18.414285714285715,10.4,76.42857142857143,2.0
2020,13,Jujuy,2020-03-23,38,797955,510,63.91337857397974,19.07619047619048,26.166666666666668,73.80952380952381,2.333333333333333
2020,14,Jujuy,2020-03-30,38,797955,448,56.14351686498612,17.78095238095238,58.333333333333336,79.42857142857143,3.0
2020,15,Jujuy,2020-04-06,38,797955,279,34.96437769047127,14.9,7.866666666666667,72.61904761904762,1.6666666666666667
2020,16,Jujuy,2020-04-13,38,797955,643,80.58098514327249,14.433333333333332,0.0999999999999999,70.14285714285715,0.0
2020,17,Jujuy,2020-04-20,38,797955,676,84.71655669805942,18.290476190476188,1.1666666666666667,70.19047619047619,0.3333333333333333
2020,18,Jujuy,2020-04-27,38,797955,587,73.56304553514923,16.228571428571428,2.2333333333333334,75.3809523809524,0.6666666666666666
2020,19,Jujuy,2020-05-04,38,797955,629,78.82650024124167,13.428571428571429,0.6666666666666666,66.61904761904762,0.3333333333333333
2020,20,Jujuy,2020-05-11,38,797955,443,55.51691511426083,12.757142857142858,0.0,59.66666666666666,0.0
2020,21,Jujuy,2020-05-18,38,797955,264,33.08457243829539,11.790476190476191,2.333333333333333,59.90476190476191,0.6666666666666666
2020,22,Jujuy,2020-05-25,38,797955,93,11.654792563490423,12.052380952380952,1.0,58.0,0.3333333333333333
2020,23,Jujuy,2020-06-01,38,797955,25,3.1330087536264575,9.257142857142856,3.0,63.04761904761906,0.6666666666666666
2020,24,Jujuy,2020-06-08,38,797955,8,1.0025628011604664,11.538095238095238,0.0,69.52380952380952,0.0
2020,25,Jujuy,2020-06-15,38,797955,6,0.7519221008703498,12.795238095238096,0.0,59.90476190476191,0.0
2020,26,Jujuy,2020-06-22,38,797955,3,0.3759610504351749,9.542857142857144,1.0,63.61904761904761,0.3333333333333333
2020,27,Jujuy,2020-06-29,38,797955,0,0.0,8.495238095238095,0.0,53.04761904761904,0.0
2020,28,Jujuy,2020-07-06,38,797955,1,0.1253203501450583,7.676190476190477,0.0,55.85714285714285,0.0
2020,29,Jujuy,2020-07-13,38,797955,0,0.0,11.0,0.0,55.57142857142858,0.0
2020,30,Jujuy,2020-07-20,38,797955,0,0.0,9.23809523809524,3.466666666666667,61.23809523809524,0.6666666666666666
2020,31,Jujuy,2020-07-27,38,797955,0,0.0,9.790476190476191,0.0,46.38095238095238,0.0
2020,32,Jujuy,2020-08-03,38,797955,0,0.0,15.152380952380952,0.0,56.47619047619048,0.0
2020,33,Jujuy,2020-08-10,38,797955,0,0.0,11.223809523809525,0.0,39.333333333333336,0.0
2020,34,Jujuy,2020-08-17,38,797955,0,0.0,9.423809523809524,0.0,48.23809523809524,0.0
2020,35,Jujuy,2020-08-24,38,797955,0,0.0,16.23809523809524,1.8,48.95238095238096,0.3333333333333333
2020,36,Jujuy,2020-08-31,38,797955,0,0.0,12.623809523809522,0.8666666666666667,50.333333333333336,0.3333333333333333
2020,37,Jujuy,2020-09-07,38,797955,0,0.0,16.866666666666664,0.3333333333333333,48.80952380952382,0.0
2020,38,Jujuy,2020-09-14,38,797955,0,0.0,14.97142857142857,5.0,52.0,1.0
2020,39,Jujuy,2020-09-21,38,797955,0,0.0,18.44761904761905,0.0,39.04761904761904,0.0
2020,40,Jujuy,2020-09-28,38,797955,0,0.0,18.70952380952381,0.0,43.47619047619048,0.0
2020,41,Jujuy,2020-10-05,38,797955,0,0.0,19.71428571428571,0.2666666666666666,46.8095238095238,0.0
2020,42,Jujuy,2020-10-12,38,797955,0,0.0,19.761904761904763,6.666666666666667,51.23809523809524,0.6666666666666666
2020,43,Jujuy,2020-10-19,38,797955,0,0.0,22.31904761904762,3.5333333333333337,55.23809523809524,1.0
2020,44,Jujuy,2020-10-26,38,797955,0,0.0,17.64761904761905,12.466666666666669,52.61904761904762,0.6666666666666666
2020,45,Jujuy,2020-11-02,38,797955,0,0.0,20.504761904761903,1.2000000000000002,45.52380952380952,0.3333333333333333
2020,46,Jujuy,2020-11-09,38,797955,0,0.0,20.5,10.766666666666666,62.23809523809524,1.3333333333333333
2020,47,Jujuy,2020-11-16,38,797955,0,0.0,18.63809523809524,6.6000000000000005,56.095238095238095,1.0
2020,48,Jujuy,2020-11-23,38,797955,0,0.0,22.67142857142857,17.6,58.8095238095238,2.0
2020,49,Jujuy,2020-11-30,38,797955,0,0.0,18.2,22.23333333333333,70.66666666666667,2.6666666666666665
2020,50,Jujuy,2020-12-07,38,797955,0,0.0,21.828571428571436,9.466666666666669,54.23809523809524,1.3333333333333333
2020,51,Jujuy,2020-12-14,38,797955,0,0.0,20.909523809523808,9.166666666666666,60.90476190476191,1.0
2020,52,Jujuy,2020-12-21,38,797955,0,0.0,21.142857142857142,17.666666666666668,61.52380952380952,2.333333333333333
2020,53,Jujuy,2020-12-28,38,797955,0,0.0,20.13809523809524,38.2,72.42857142857143,3.6666666666666665
2021,1,Jujuy,2021-01-04,38,797955,0,0.0,18.542857142857144,48.333333333333336,75.85714285714285,4.0
2021,2,Jujuy,2021-01-11,38,797955,0,0.0,20.395238095238096,48.16666666666666,71.95238095238095,3.333333333333333
2021,3,Jujuy,2021-01-18,38,797955,0,0.0,18.94761904761905,28.33333333333333,67.04761904761905,2.333333333333333
2021,4,Jujuy,2021-01-25,38,797955,0,0.0,20.34285714285714,8.866666666666667,63.42857142857142,1.6666666666666667
2021,5,Jujuy,2021-02-01,38,797955,0,0.0,18.97142857142857,21.066666666666663,70.71428571428571,2.333333333333333
2021,6,Jujuy,2021-02-08,38,797955,0,0.0,17.514285714285716,35.5,73.42857142857143,2.6666666666666665
2021,7,Jujuy,2021-02-15,38,797955,1,0.1253203501450583,18.4,34.5,74.23809523809524,4.0
2021,8,Jujuy,2021-02-22,38,797955,0,0.0,20.33333333333333,41.333333333333336,73.57142857142857,3.333333333333333
2021,9,Jujuy,2021-03-01,38,797955,0,0.0,18.78095238095238,34.2,74.90476190476191,3.333333333333333
2021,10,Jujuy,2021-03-08,38,797955,3,0.3759610504351749,19.066666666666663,48.03333333333333,72.76190476190476,2.333333333333333
2021,11,Jujuy,2021-03-15,38,797955,5,0.6266017507252916,16.957142857142856,45.7,78.14285714285715,3.0
2021,12,Jujuy,2021-03-22,38,797955,9,1.1278831513055247,16.571428571428573,27.33333333333333,80.38095238095238,3.333333333333333
2021,13,Jujuy,2021-03-29,38,797955,11,1.3785238515956413,16.314285714285713,1.6000000000000003,78.38095238095238,0.3333333333333333
2021,14,Jujuy,2021-04-05,38,797955,10,1.2532035014505831,18.87619047619048,15.066666666666668,74.38095238095238,2.0
2021,15,Jujuy,2021-04-12,38,797955,13,1.6291645518857578,16.795238095238094,6.333333333333333,75.23809523809524,1.0
2021,16,Jujuy,2021-04-19,38,797955,33,4.135571554786924,16.16190476190476,9.633333333333333,72.47619047619048,1.3333333333333333
2021,17,Jujuy,2021-04-26,38,797955,36,4.511532605222099,12.871428571428572,0.0,68.95238095238095,0.0
2021,18,Jujuy,2021-05-03,38,797955,24,3.0076884034813993,11.942857142857145,2.566666666666667,67.0,0.6666666666666666
2021,19,Jujuy,2021-05-10,38,797955,13,1.6291645518857578,11.466666666666669,3.6,70.04761904761905,0.6666666666666666
2021,20,Jujuy,2021-05-17,38,797955,5,0.6266017507252916,12.742857142857142,0.6666666666666666,62.04761904761904,0.3333333333333333
2021,21,Jujuy,2021-05-24,38,797955,11,1.3785238515956413,11.7,0.0,59.142857142857146,0.0
2021,22,Jujuy,2021-05-31,38,797955,5,0.6266017507252916,11.442857142857145,0.0,61.85714285714285,0.0
2021,23,Jujuy,2021-06-07,38,797955,7,0.8772424510154081,9.857142857142856,0.0,64.71428571428571,0.0
2021,24,Jujuy,2021-06-14,38,797955,2,0.2506407002901166,6.566666666666666,5.133333333333334,72.71428571428572,1.3333333333333333
2021,25,Jujuy,2021-06-21,38,797955,1,0.1253203501450583,7.271428571428571,2.6666666666666665,66.52380952380952,0.6666666666666666
2021,26,Jujuy,2021-06-28,38,797955,0,0.0,5.980952380952381,0.0,58.61904761904762,0.0
2021,27,Jujuy,2021-07-05,38,797955,0,0.0,11.252380952380951,0.0,57.19047619047618,0.0
2021,28,Jujuy,2021-07-12,38,797955,0,0.0,11.185714285714283,0.3333333333333333,61.23809523809524,0.0
2021,29,Jujuy,2021-07-19,38,797955,0,0.0,11.042857142857144,0.0,53.90476190476191,0.0
2021,30,Jujuy,2021-07-26,38,797955,0,0.0,7.938095238095239,0.0,56.85714285714285,0.0
2022,1,Jujuy,2022-01-03,38,797955,0,0.0,20.97619047619048,10.5,66.76190476190476,1.6666666666666667
2022,2,Jujuy,2022-01-10,38,797955,0,0.0,22.776190476190475,9.333333333333334,52.57142857142858,1.3333333333333333
2022,3,Jujuy,2022-01-17,38,797955,0,0.0,20.604761904761904,99.83333333333331,75.04761904761905,4.0
2022,4,Jujuy,2022-01-24,38,797955,0,0.0,18.933333333333334,90.46666666666664,79.38095238095238,4.666666666666667
2022,5,Jujuy,2022-01-31,38,797955,0,0.0,18.33333333333333,49.26666666666667,73.66666666666667,3.333333333333333
2022,6,Jujuy,2022-02-07,38,797955,0,0.0,17.633333333333333,13.233333333333334,73.28571428571429,2.0
2022,7,Jujuy,2022-02-14,38,797955,0,0.0,19.757142857142856,4.933333333333334,69.85714285714285,1.3333333333333333
2022,8,Jujuy,2022-02-21,38,797955,0,0.0,20.23333333333333,32.6,76.14285714285715,2.333333333333333
2022,9,Jujuy,2022-02-28,38,797955,0,0.0,20.923809523809524,34.333333333333336,72.6190476190476,2.0
2022,10,Jujuy,2022-03-07,38,797955,0,0.0,17.5,86.89999999999999,79.28571428571429,3.333333333333333
2022,11,Jujuy,2022-03-14,38,797955,0,0.0,16.914285714285715,9.1,73.42857142857143,1.6666666666666667
2022,12,Jujuy,2022-03-21,38,797955,0,0.0,17.195238095238096,1.1666666666666667,68.71428571428572,0.3333333333333333
2022,13,Jujuy,2022-03-28,38,797955,0,0.0,14.966666666666669,1.3333333333333333,63.61904761904762,0.3333333333333333
2022,14,Jujuy,2022-04-04,38,797955,0,0.0,17.947619047619046,5.1000000000000005,71.80952380952381,1.3333333333333333
2022,15,Jujuy,2022-04-11,38,797955,0,0.0,14.4,21.0,70.09523809523809,1.6666666666666667
2022,16,Jujuy,2022-04-18,38,797955,0,0.0,15.580952380952382,0.0666666666666666,63.80952380952382,0.0
2022,17,Jujuy,2022-04-25,38,797955,0,0.0,15.152380952380952,2.3000000000000003,65.28571428571428,0.6666666666666666
2022,18,Jujuy,2022-05-02,38,797955,0,0.0,11.795238095238096,0.5333333333333333,64.66666666666667,0.0
2022,19,Jujuy,2022-05-09,38,797955,0,0.0,12.2,5.733333333333333,64.61904761904762,0.6666666666666666
2022,20,Jujuy,2022-05-16,38,797955,0,0.0,9.033333333333331,2.6666666666666665,69.76190476190476,0.6666666666666666
2022,21,Jujuy,2022-05-23,38,797955,0,0.0,11.633333333333333,0.2666666666666666,62.85714285714285,0.0
2022,22,Jujuy,2022-05-30,38,797955,0,0.0,8.004761904761905,0.0999999999999999,65.76190476190476,0.0
2022,23,Jujuy,2022-06-06,38,797955,0,0.0,9.333333333333334,0.0,68.09523809523809,0.0
2022,24,Jujuy,2022-06-13,38,797955,0,0.0,7.447619047619047,0.0,56.19047619047618,0.0
2022,25,Jujuy,2022-06-20,38,797955,0,0.0,7.6380952380952385,0.4000000000000001,63.85714285714285,0.0
2022,26,Jujuy,2022-06-27,38,797955,0,0.0,9.21904761904762,0.0,57.0,0.0
2022,27,Jujuy,2022-07-04,38,797955,0,0.0,11.685714285714283,0.0,60.142857142857146,0.0
2022,28,Jujuy,2022-07-11,38,797955,0,0.0,8.200000000000001,0.0,54.76190476190476,0.0
2022,29,Jujuy,2022-07-18,38,797955,0,0.0,11.61904761904762,0.0,56.61904761904761,0.0
2022,30,Jujuy,2022-07-25,38,797955,0,0.0,13.933333333333332,1.3666666666666665,61.38095238095238,0.3333333333333333
2022,31,Jujuy,2022-08-01,38,797955,0,0.0,11.938095238095238,0.0,53.71428571428572,0.0
2022,32,Jujuy,2022-08-08,38,797955,0,0.0,9.923809523809524,1.9,54.66666666666666,0.3333333333333333
2022,33,Jujuy,2022-08-15,38,797955,0,0.0,10.785714285714286,0.0,39.14285714285714,0.0
2022,34,Jujuy,2022-08-22,38,797955,0,0.0,14.252380952380951,0.0,41.47619047619048,0.0
2022,35,Jujuy,2022-08-29,38,797955,0,0.0,12.19047619047619,0.0,46.095238095238095,0.0
2022,36,Jujuy,2022-09-05,38,797955,0,0.0,13.990476190476192,0.0,35.42857142857143,0.0
2022,37,Jujuy,2022-09-12,38,797955,0,0.0,14.857142857142856,0.0,38.523809523809526,0.0
2022,38,Jujuy,2022-09-19,38,797955,0,0.0,14.357142857142856,1.0,46.23809523809524,0.3333333333333333
2022,39,Jujuy,2022-09-26,38,797955,0,0.0,14.0,7.666666666666667,52.85714285714285,1.0
2022,40,Jujuy,2022-10-03,38,797955,0,0.0,17.33809523809524,0.0,38.80952380952381,0.0
2022,41,Jujuy,2022-10-10,38,797955,0,0.0,15.252380952380951,0.0,46.95238095238096,0.0
2022,42,Jujuy,2022-10-17,38,797955,0,0.0,17.0952380952381,1.3666666666666665,59.523809523809526,0.3333333333333333
2022,43,Jujuy,2022-10-24,38,797955,0,0.0,21.96666666666667,0.0,41.0,0.0
2022,44,Jujuy,2022-10-31,38,797955,0,0.0,15.30952380952381,0.0,38.85714285714285,0.0
2022,45,Jujuy,2022-11-07,38,797955,0,0.0,20.852380952380955,0.0,41.85714285714285,0.0
2022,46,Jujuy,2022-11-14,38,797955,0,0.0,22.257142857142856,1.3333333333333333,45.38095238095238,0.6666666666666666
2022,47,Jujuy,2022-11-21,38,797955,0,0.0,20.466666666666665,2.8666666666666667,47.23809523809524,1.0
2022,48,Jujuy,2022-11-28,38,797955,0,0.0,19.276190476190475,19.03333333333333,58.04761904761904,2.6666666666666665
2022,49,Jujuy,2022-12-05,38,797955,0,0.0,23.38095238095238,21.5,53.333333333333336,2.0
2022,50,Jujuy,2022-12-12,38,797955,0,0.0,20.633333333333336,11.833333333333334,60.095238095238095,1.0
2023,1,Jujuy,2023-01-02,38,797955,0,0.0,19.552380952380958,18.7,57.23809523809524,2.333333333333333
2023,2,Jujuy,2023-01-09,38,797955,0,0.0,20.28095238095238,7.666666666666667,57.47619047619048,2.0
2023,3,Jujuy,2023-01-16,38,797955,0,0.0,23.176190476190477,27.83333333333333,50.71428571428572,1.3333333333333333
2023,4,Jujuy,2023-01-23,38,797955,2,0.2506407002901166,20.495238095238093,42.333333333333336,71.57142857142857,2.6666666666666665
2023,5,Jujuy,2023-01-30,38,797955,6,0.7519221008703498,19.17142857142857,28.566666666666663,71.80952380952381,3.0
2023,6,Jujuy,2023-02-06,38,797955,19,2.3810866527561076,20.814285714285717,14.333333333333334,64.95238095238095,2.333333333333333
2023,7,Jujuy,2023-02-13,38,797955,52,6.516658207543031,17.66190476190476,27.933333333333334,69.80952380952381,3.333333333333333
2023,8,Jujuy,2023-02-20,38,797955,63,7.895182059138674,19.29523809523809,11.833333333333334,67.85714285714285,1.0
2023,9,Jujuy,2023-02-27,38,797955,45,5.639415756527624,20.49047619047619,24.1,68.52380952380952,2.0
2023,10,Jujuy,2023-03-06,38,797955,151,18.923372871903805,21.15714285714286,1.6000000000000003,63.71428571428572,0.3333333333333333
2023,11,Jujuy,2023-03-13,38,797955,342,42.85955974960994,20.571428571428573,12.0,63.95238095238094,1.6666666666666667
2023,12,Jujuy,2023-03-20,38,797955,656,82.21014969515825,19.866666666666664,29.433333333333337,68.28571428571429,1.6666666666666667
2023,13,Jujuy,2023-03-27,38,797955,1045,130.95976590158594,19.34285714285714,17.066666666666666,74.28571428571428,2.333333333333333
2023,14,Jujuy,2023-04-03,38,797955,807,101.13352256706206,16.72380952380952,34.6,77.57142857142857,3.0
2023,15,Jujuy,2023-04-10,38,797955,800,100.25628011604664,16.023809523809522,14.066666666666668,68.33333333333333,2.0
2023,16,Jujuy,2023-04-17,38,797955,373,46.74449060410675,15.057142857142855,16.666666666666668,66.71428571428571,1.6666666666666667
2023,17,Jujuy,2023-04-24,38,797955,333,41.73167659830442,15.542857142857144,3.6666666666666665,64.42857142857143,0.6666666666666666
2023,18,Jujuy,2023-05-01,38,797955,197,24.688108978576487,13.042857142857144,0.5666666666666667,58.90476190476191,0.0
2023,19,Jujuy,2023-05-08,38,797955,129,16.166325168712522,13.29047619047619,0.0,62.095238095238095,0.0
2023,20,Jujuy,2023-05-15,38,797955,132,16.542286219147694,15.595238095238097,0.0333333333333333,60.333333333333336,0.0
2023,21,Jujuy,2023-05-22,38,797955,73,9.148385560589256,14.057142857142855,0.2666666666666666,58.38095238095239,0.0
2023,22,Jujuy,2023-05-29,38,797955,104,13.033316415086063,12.071428571428571,0.1999999999999999,60.66666666666666,0.0
2023,23,Jujuy,2023-06-05,38,797955,19,2.3810866527561076,13.142857142857144,0.6666666666666666,57.142857142857146,0.3333333333333333
2023,24,Jujuy,2023-06-12,38,797955,26,3.2583291037715156,6.123809523809524,0.0,53.8095238095238,0.0
2023,25,Jujuy,2023-06-19,38,797955,8,1.0025628011604664,11.485714285714286,0.0666666666666666,57.42857142857142,0.0
2023,26,Jujuy,2023-06-26,38,797955,9,1.1278831513055247,11.823809523809524,0.3666666666666667,60.95238095238096,0.0
2023,27,Jujuy,2023-07-03,38,797955,9,1.1278831513055247,13.228571428571428,0.0,57.04761904761904,0.0
2023,28,Jujuy,2023-07-10,38,797955,4,0.5012814005802332,10.2,2.0,58.61904761904761,0.6666666666666666
2023,29,Jujuy,2023-07-17,38,797955,1,0.1253203501450583,10.604761904761904,0.0999999999999999,57.47619047619048,0.0
2023,30,Jujuy,2023-07-24,38,797955,0,0.0,9.976190476190476,0.0,53.8095238095238,0.0
2023,31,Jujuy,2023-07-31,38,797955,2,0.2506407002901166,15.447619047619048,0.0,48.61904761904762,0.0
2023,32,Jujuy,2023-08-07,38,797955,0,0.0,13.057142857142855,1.4,50.90476190476191,0.3333333333333333
2023,33,Jujuy,2023-08-14,38,797955,0,0.0,14.638095238095238,0.0,46.76190476190476,0.0
2023,34,Jujuy,2023-08-21,38,797955,1,0.1253203501450583,14.704761904761904,0.0,35.238095238095234,0.0
2023,35,Jujuy,2023-08-28,38,797955,0,0.0,15.461904761904762,0.0666666666666666,43.19047619047618,0.0
2023,36,Jujuy,2023-09-04,38,797955,0,0.0,14.17142857142857,0.1999999999999999,53.52380952380952,0.0
2023,37,Jujuy,2023-09-11,38,797955,0,0.0,17.12857142857143,0.0,34.0,0.0
2023,38,Jujuy,2023-09-18,38,797955,0,0.0,20.20952380952381,0.0,42.23809523809524,0.0
2023,39,Jujuy,2023-09-25,38,797955,0,0.0,17.304761904761907,6.8,52.523809523809526,0.6666666666666666
2023,40,Jujuy,2023-10-02,38,797955,0,0.0,18.34285714285714,0.0,37.47619047619048,0.0
2023,41,Jujuy,2023-10-09,38,797955,0,0.0,19.6,0.0,35.95238095238096,0.0
2023,42,Jujuy,2023-10-16,38,797955,0,0.0,20.347619047619048,20.33333333333333,58.85714285714285,2.0
2023,43,Jujuy,2023-10-23,38,797955,1,0.1253203501450583,20.44285714285714,4.5,54.42857142857142,1.0
2023,44,Jujuy,2023-10-30,38,797955,0,0.0,18.52380952380952,3.333333333333333,51.95238095238096,0.6666666666666666
2023,45,Jujuy,2023-11-06,38,797955,0,0.0,23.895238095238096,13.333333333333334,47.04761904761904,1.6666666666666667
2023,46,Jujuy,2023-11-13,38,797955,0,0.0,22.504761904761903,0.3333333333333333,46.23809523809524,0.0
2023,47,Jujuy,2023-11-20,38,797955,0,0.0,20.633333333333336,16.533333333333335,64.61904761904762,2.6666666666666665
2023,48,Jujuy,2023-11-27,38,797955,0,0.0,23.03333333333333,35.26666666666667,61.142857142857146,2.6666666666666665
2023,49,Jujuy,2023-12-04,38,797955,0,0.0,19.704761904761902,16.0,67.42857142857143,2.0
2023,50,Jujuy,2023-12-11,38,797955,0,0.0,23.642857142857142,18.7,63.38095238095238,2.6666666666666665
2023,51,Jujuy,2023-12-18,38,797955,0,0.0,20.9,56.70000000000001,72.33333333333333,3.6666666666666665
2023,52,Jujuy,2023-12-25,38,797955,1,0.1253203501450583,20.4047619047619,49.0,76.66666666666667,3.6666666666666665
2024,1,Jujuy,2024-01-01,38,797955,5,0.6266017507252916,21.4,25.566666666666663,72.04761904761905,2.333333333333333
2024,2,Jujuy,2024-01-08,38,797955,3,0.3759610504351749,21.857142857142858,42.0,69.80952380952381,1.3333333333333333
2024,3,Jujuy,2024-01-15,38,797955,5,0.6266017507252916,21.590476190476192,54.333333333333336,72.0,2.6666666666666665
2024,4,Jujuy,2024-01-22,38,797955,8,1.0025628011604664,20.37142857142857,11.166666666666666,69.0,1.3333333333333333
2024,5,Jujuy,2024-01-29,38,797955,30,3.7596105043517496,22.257142857142856,18.6,61.71428571428572,1.6666666666666667
2024,6,Jujuy,2024-02-05,38,797955,26,3.2583291037715156,21.51428571428572,31.166666666666668,69.61904761904762,1.6666666666666667
2024,7,Jujuy,2024-02-12,38,797955,108,13.534597815666297,20.36190476190476,77.10000000000001,76.95238095238095,3.6666666666666665
2024,8,Jujuy,2024-02-19,38,797955,161,20.176576373354386,19.857142857142858,39.96666666666667,77.09523809523809,2.6666666666666665
2024,9,Jujuy,2024-02-26,38,797955,177,22.18170197567532,20.57619047619048,97.26666666666664,77.61904761904762,3.6666666666666665
2024,10,Jujuy,2024-03-04,38,797955,288,36.09226084177679,20.0,45.56666666666666,78.95238095238095,3.6666666666666665
2024,11,Jujuy,2024-03-11,38,797955,475,59.5271663189027,22.952380952380956,27.33333333333333,74.23809523809524,2.333333333333333
2024,12,Jujuy,2024-03-18,38,797955,1374,172.1901610993101,20.071428571428573,0.0666666666666666,72.14285714285715,0.0
2024,13,Jujuy,2024-03-25,38,797955,1704,213.54587664717934,19.75238095238095,3.8,69.19047619047619,0.6666666666666666
2024,14,Jujuy,2024-04-01,38,797955,2399,300.6435199979949,19.30952380952381,29.666666666666668,77.76190476190476,3.333333333333333
2024,15,Jujuy,2024-04-08,38,797955,2621,328.4646377301978,16.533333333333335,31.4,80.90476190476191,3.333333333333333
2024,16,Jujuy,2024-04-15,38,797955,1789,224.1981064095093,16.461904761904762,0.0,64.66666666666667,0.0
2024,17,Jujuy,2024-04-22,38,797955,1191,149.25653702276446,18.842857142857145,1.3333333333333333,69.90476190476191,0.3333333333333333
2024,18,Jujuy,2024-04-29,38,797955,861,107.9008214748952,15.51904761904762,2.4,65.04761904761904,0.3333333333333333
2024,19,Jujuy,2024-05-06,38,797955,603,75.56817113747016,14.128571428571428,3.733333333333333,68.0,0.6666666666666666
2024,20,Jujuy,2024-05-13,38,797955,211,26.4425938806073,9.038095238095238,3.4333333333333336,70.71428571428572,0.6666666666666666
2024,21,Jujuy,2024-05-20,38,797955,53,6.64197855768809,9.076190476190476,3.466666666666667,66.33333333333333,1.0
2024,22,Jujuy,2024-05-27,38,797955,26,3.2583291037715156,9.447619047619048,0.0,61.52380952380952,0.0
2024,23,Jujuy,2024-06-03,38,797955,11,1.3785238515956413,12.747619047619049,0.0,62.57142857142858,0.0
2024,24,Jujuy,2024-06-10,38,797955,0,0.0,14.466666666666669,0.0,61.76190476190476,0.0
2024,25,Jujuy,2024-06-17,38,797955,6,0.7519221008703498,12.286507936507936,0.8666666666666668,58.62698412698413,0.3333333333333333
2024,26,Jujuy,2024-06-24,38,797955,2,0.2506407002901166,8.076190476190476,2.2,64.77142857142857,0.6666666666666666
2024,27,Jujuy,2024-07-01,38,797955,0,0.0,9.038095238095238,0.0,57.0,0.0
2024,28,Jujuy,2024-07-08,38,797955,0,0.0,5.461904761904762,0.0,52.71428571428572,0.0
2024,29,Jujuy,2024-07-15,38,797955,0,0.0,8.761904761904761,0.4333333333333333,56.61904761904762,0.3333333333333333
2024,30,Jujuy,2024-07-22,38,797955,0,0.0,12.680952380952382,0.0,58.42857142857142,0.0
2024,31,Jujuy,2024-07-29,38,797955,0,0.0,12.89047619047619,0.0,52.47619047619048,0.0
2024,32,Jujuy,2024-08-05,38,797955,0,0.0,9.914285714285716,0.0,46.61904761904762,0.0
2024,33,Jujuy,2024-08-12,38,797955,0,0.0,12.290476190476191,0.0,46.85714285714285,0.0
2024,34,Jujuy,2024-08-19,38,797955,0,0.0,10.576190476190476,2.2,60.76190476190476,0.6666666666666666
2024,35,Jujuy,2024-08-26,38,797955,0,0.0,12.833333333333334,0.0,48.42857142857142,0.0
2024,36,Jujuy,2024-09-02,38,797955,0,0.0,16.295238095238094,0.0,44.38095238095238,0.0
2024,37,Jujuy,2024-09-09,38,797955,0,0.0,16.466666666666665,0.1999999999999999,52.80952380952382,0.0
2024,38,Jujuy,2024-09-16,38,797955,0,0.0,19.51904761904762,0.0,43.57142857142858,0.0
2024,39,Jujuy,2024-09-23,38,797955,0,0.0,19.114285714285717,0.7333333333333334,53.38095238095238,0.3333333333333333
2024,40,Jujuy,2024-09-30,38,797955,0,0.0,21.185714285714287,0.0,40.04761904761904,0.0
2024,41,Jujuy,2024-10-07,38,797955,0,0.0,18.17619047619048,12.9,61.42857142857142,2.333333333333333
2024,42,Jujuy,2024-10-14,38,797955,0,0.0,20.7,26.33333333333333,64.04761904761905,1.0
2024,43,Jujuy,2024-10-21,38,797955,0,0.0,20.34285714285714,3.3000000000000003,58.095238095238095,0.3333333333333333
2024,44,Jujuy,2024-10-28,38,797955,0,0.0,21.133333333333336,41.8,60.333333333333336,2.333333333333333
2024,45,Jujuy,2024-11-04,38,797955,0,0.0,19.67142857142857,12.233333333333334,72.38095238095238,2.333333333333333
2024,46,Jujuy,2024-11-11,38,797955,0,0.0,19.66190476190476,29.5,60.47619047619048,2.333333333333333
2024,47,Jujuy,2024-11-18,38,797955,0,0.0,19.066666666666663,16.166666666666668,76.14285714285715,2.6666666666666665
2024,48,Jujuy,2024-11-25,38,797955,0,0.0,22.21904761904762,76.93333333333334,74.0,2.6666666666666665
2024,49,Jujuy,2024-12-02,38,797955,0,0.0,19.504761904761903,7.366666666666666,63.04761904761904,1.0
2024,50,Jujuy,2024-12-09,38,797955,0,0.0,19.766666666666666,1.6666666666666667,66.85714285714285,0.6666666666666666
2024,51,Jujuy,2024-12-16,38,797955,0,0.0,21.02380952380952,13.066666666666668,62.76190476190476,1.6666666666666667
2024,52,Jujuy,2024-12-23,38,797955,0,0.0,19.4047619047619,3.766666666666667,65.76190476190476,1.0
2025,1,Jujuy,2024-12-30,38,797955,0,0.0,21.023015873015872,53.9,71.05555555555556,2.6666666666666665
2025,2,Jujuy,2025-01-06,38,797955,0,0.0,18.914285714285715,22.6,78.38095238095238,5.0
2025,3,Jujuy,2025-01-13,38,797955,0,0.0,20.495238095238097,5.5,62.52380952380952,1.6666666666666667
2025,4,Jujuy,2025-01-20,38,797955,0,0.0,21.242857142857144,70.10000000000001,71.09523809523809,2.6666666666666665
2025,5,Jujuy,2025-01-27,38,797955,0,0.0,21.390476190476196,15.633333333333336,71.04761904761905,1.3333333333333333
2025,6,Jujuy,2025-02-03,38,797955,0,0.0,22.26190476190476,42.73333333333333,59.95238095238096,1.6666666666666667
2025,7,Jujuy,2025-02-10,38,797955,0,0.0,21.71428571428572,32.46666666666667,68.0,2.333333333333333
2025,8,Jujuy,2025-02-17,38,797955,0,0.0,20.25238095238095,45.46666666666667,74.0,2.0
2025,9,Jujuy,2025-02-24,38,797955,0,0.0,21.590476190476192,41.23333333333333,69.23809523809524,2.333333333333333
2025,10,Jujuy,2025-03-03,38,797955,0,0.0,19.328571428571426,44.26666666666667,77.47619047619047,3.333333333333333
2025,11,Jujuy,2025-03-10,38,797955,0,0.0,16.195238095238096,57.5,83.04761904761905,3.0
2025,12,Jujuy,2025-03-17,38,797955,0,0.0,18.847619047619048,23.2,78.57142857142857,2.333333333333333
2025,13,Jujuy,2025-03-24,38,797955,0,0.0,18.33095238095238,8.333333333333334,74.65873015873017,1.0
2025,14,Jujuy,2025-03-31,38,797955,0,0.0,14.314285714285717,4.833333333333333,75.95238095238095,1.0
2025,15,Jujuy,2025-04-07,38,797955,0,0.0,15.755555555555556,0.0999999999999999,68.96825396825398,0.0
2025,16,Jujuy,2025-04-14,38,797955,0,0.0,15.976190476190476,16.8,71.80952380952381,1.6666666666666667
2025,17,Jujuy,2025-04-21,38,797955,0,0.0,15.333333333333334,7.066666666666666,78.3809523809524,1.3333333333333333
2025,18,Jujuy,2025-04-28,38,797955,0,0.0,15.300000000000002,0.0999999999999999,75.14285714285715,0.0
2025,19,Jujuy,2025-05-05,38,797955,0,0.0,15.861904761904762,0.0,68.23809523809524,0.0
2025,20,Jujuy,2025-05-12,38,797955,0,0.0,16.06190476190476,0.0,67.6190476190476,0.0
2025,21,Jujuy,2025-05-19,38,797955,0,0.0,13.514285714285714,0.2666666666666666,69.52380952380952,0.0
2025,22,Jujuy,2025-05-26,38,797955,0,0.0,9.509523809523808,1.2333333333333334,63.71428571428572,0.3333333333333333
2025,23,Jujuy,2025-06-02,38,797955,0,0.0,10.657142857142857,0.1333333333333333,67.04761904761905,0.0
2025,24,Jujuy,2025-06-09,38,797955,0,0.0,9.528571428571428,0.0,68.57142857142857,0.0
2025,25,Jujuy,2025-06-16,38,797955,0,0.0,9.704761904761904,0.8666666666666667,64.80952380952381,0.3333333333333333
2025,26,Jujuy,2025-06-23,38,797955,0,0.0,7.133333333333333,2.7,63.38095238095238,0.6666666666666666
2025,27,Jujuy,2025-06-30,38,797955,0,0.0,6.3619047619047615,0.3666666666666667,69.57142857142857,0.0
2025,28,Jujuy,2025-07-07,38,797955,0,0.0,12.095238095238097,1.5333333333333332,69.14285714285715,0.3333333333333333
2025,29,Jujuy,2025-07-14,38,797955,0,0.0,11.023809523809524,0.3999999999999999,62.52380952380952,0.3333333333333333
2025,30,Jujuy,2025-07-21,38,797955,0,0.0,11.36190476190476,0.2666666666666666,63.95238095238094,0.0
2025,31,Jujuy,2025-07-28,38,797955,0,0.0,12.071428571428571,0.1666666666666666,59.285714285714285,0.0
2025,32,Jujuy,2025-08-04,38,797955,0,0.0,10.17142857142857,3.9333333333333336,57.42857142857142,0.6666666666666666
2025,33,Jujuy,2025-08-11,38,797955,0,0.0,11.604761904761906,0.0,56.42857142857142,0.0
2025,34,Jujuy,2025-08-18,38,797955,0,0.0,13.161904761904765,0.0,45.38095238095238,0.0
2025,35,Jujuy,2025-08-25,38,797955,0,0.0,13.014285714285714,0.0,41.333333333333336,0.0
2025,36,Jujuy,2025-09-01,38,797955,0,0.0,11.904761904761903,2.066666666666667,57.38095238095239,0.6666666666666666
2025,37,Jujuy,2025-09-08,38,797955,0,0.0,17.138095238095236,0.0,47.61904761904762,0.0
2025,38,Jujuy,2025-09-15,38,797955,0,0.0,20.047619047619047,3.9,56.0,0.3333333333333333
2025,39,Jujuy,2025-09-22,38,797955,0,0.0,17.447619047619046,0.0,47.80952380952382,0.0
2025,40,Jujuy,2025-09-29,38,797955,0,0.0,19.242857142857144,4.833333333333333,52.38095238095238,0.6666666666666666
2025,41,Jujuy,2025-10-06,38,797955,0,0.0,17.076190476190476,0.0,45.1984126984127,0.0
2025,42,Jujuy,2025-10-13,38,797955,0,0.0,18.79523809523809,32.06666666666667,59.85714285714285,2.333333333333333
2018,1,La Pampa,2018-01-01,42,366022,0,0.0,24.52142857142857,6.0,40.07142857142857,0.5
2018,2,La Pampa,2018-01-08,42,366022,0,0.0,26.607142857142858,9.0,52.42857142857143,1.0
2018,3,La Pampa,2018-01-15,42,366022,0,0.0,25.58571428571429,8.55,51.42857142857143,0.5
2018,4,La Pampa,2018-01-22,42,366022,0,0.0,22.67142857142857,24.0,57.07142857142857,2.5
2018,5,La Pampa,2018-01-29,42,366022,0,0.0,26.52857142857143,0.0,57.5,0.0
2018,6,La Pampa,2018-02-05,42,366022,0,0.0,24.528571428571432,0.6000000000000001,46.5,0.0
2018,7,La Pampa,2018-02-12,42,366022,0,0.0,25.214285714285715,2.0,53.35714285714286,0.5
2018,8,La Pampa,2018-02-19,42,366022,0,0.0,21.200000000000003,10.1,65.0,1.0
2018,9,La Pampa,2018-02-26,42,366022,0,0.0,24.914285714285715,18.25,62.92857142857143,1.0
2018,10,La Pampa,2018-03-05,42,366022,0,0.0,20.72142857142857,4.5,58.57142857142857,0.5
2018,11,La Pampa,2018-03-12,42,366022,0,0.0,19.32142857142857,10.1,43.14285714285714,1.0
2018,12,La Pampa,2018-03-19,42,366022,0,0.0,16.114285714285714,1.55,56.0,0.5
2018,13,La Pampa,2018-03-26,42,366022,0,0.0,19.435714285714283,6.0,59.64285714285714,0.5
2018,14,La Pampa,2018-04-02,42,366022,0,0.0,17.85,0.7,68.28571428571428,0.0
2018,15,La Pampa,2018-04-09,42,366022,0,0.0,18.142857142857142,3.25,64.14285714285714,1.0
2018,16,La Pampa,2018-04-16,42,366022,0,0.0,20.59285714285714,11.0,74.78571428571429,1.0
2018,17,La Pampa,2018-04-23,42,366022,0,0.0,17.785714285714285,9.7,78.64285714285714,2.0
2018,18,La Pampa,2018-04-30,42,366022,0,0.0,13.67142857142857,30.85,90.35714285714286,3.0
2018,19,La Pampa,2018-05-07,42,366022,0,0.0,15.6,8.75,82.92857142857142,1.5
2018,20,La Pampa,2018-05-14,42,366022,0,0.0,11.428571428571429,3.55,73.14285714285714,1.0
2018,21,La Pampa,2018-05-21,42,366022,0,0.0,10.892857142857142,0.0,71.21428571428572,0.0
2018,22,La Pampa,2018-05-28,42,366022,0,0.0,8.42142857142857,3.4,78.92857142857142,0.5
2018,23,La Pampa,2018-06-04,42,366022,0,0.0,7.628571428571428,0.0,70.21428571428572,0.0
2018,24,La Pampa,2018-06-11,42,366022,0,0.0,4.9071428571428575,11.2,79.07142857142857,1.5
2018,25,La Pampa,2018-06-18,42,366022,0,0.0,7.942857142857143,0.0,59.64285714285714,0.0
2018,26,La Pampa,2018-06-25,42,366022,0,0.0,10.357142857142858,3.5,67.85714285714286,1.0
2018,27,La Pampa,2018-07-02,42,366022,0,0.0,5.7785714285714285,3.75,83.35714285714286,1.0
2019,1,La Pampa,2018-12-31,42,366022,0,0.0,22.942857142857143,36.4,63.785714285714285,2.5
2019,2,La Pampa,2019-01-07,42,366022,0,0.0,20.807142857142857,80.4,62.64285714285714,3.5
2019,3,La Pampa,2019-01-14,42,366022,0,0.0,21.5,3.0,64.07142857142857,0.5
2019,4,La Pampa,2019-01-21,42,366022,0,0.0,25.40714285714286,13.35,72.57142857142857,1.0
2019,5,La Pampa,2019-01-28,42,366022,0,0.0,24.950000000000003,11.0,63.35714285714286,0.5
2019,6,La Pampa,2019-02-04,42,366022,0,0.0,23.614285714285717,0.4,67.14285714285714,0.0
2019,7,La Pampa,2019-02-11,42,366022,0,0.0,20.58571428571428,5.0,63.64285714285714,0.5
2019,8,La Pampa,2019-02-18,42,366022,0,0.0,24.114285714285717,29.75,63.642857142857146,1.5
2019,9,La Pampa,2019-02-25,42,366022,0,0.0,19.192857142857143,7.0,56.0,1.0
2019,10,La Pampa,2019-03-04,42,366022,0,0.0,19.33571428571429,1.0,66.07142857142857,0.5
2019,11,La Pampa,2019-03-11,42,366022,0,0.0,18.74285714285714,24.5,79.85714285714286,2.5
2019,12,La Pampa,2019-03-18,42,366022,0,0.0,16.385714285714286,0.95,64.85714285714286,0.0
2019,13,La Pampa,2019-03-25,42,366022,0,0.0,17.75714285714286,3.0,73.07142857142857,1.0
2019,14,La Pampa,2019-04-01,42,366022,0,0.0,19.457142857142856,0.45,59.285714285714285,0.0
2019,15,La Pampa,2019-04-08,42,366022,0,0.0,18.09285714285714,0.1,61.142857142857146,0.0
2019,16,La Pampa,2019-04-15,42,366022,0,0.0,17.228571428571428,0.0,64.85714285714286,0.0
2019,17,La Pampa,2019-04-22,42,366022,0,0.0,15.164285714285716,20.0,77.14285714285714,1.5
2019,18,La Pampa,2019-04-29,42,366022,0,0.0,15.70714285714286,0.0,61.64285714285714,0.0
2019,19,La Pampa,2019-05-06,42,366022,0,0.0,13.128571428571428,35.5,76.42857142857143,3.0
2019,20,La Pampa,2019-05-13,42,366022,0,0.0,12.942857142857145,6.5,70.64285714285714,0.5
2019,21,La Pampa,2019-05-20,42,366022,0,0.0,9.42142857142857,7.0,76.71428571428572,0.5
2019,22,La Pampa,2019-05-27,42,366022,0,0.0,9.142857142857142,1.75,84.5,0.5
2019,23,La Pampa,2019-06-03,42,366022,0,0.0,11.12142857142857,0.0,73.71428571428571,0.0
2019,24,La Pampa,2019-06-10,42,366022,0,0.0,8.62857142857143,20.450000000000003,88.5,3.0
2019,25,La Pampa,2019-06-17,42,366022,0,0.0,9.785714285714285,1.75,77.64285714285714,0.5
2019,26,La Pampa,2019-06-24,42,366022,0,0.0,7.4,3.15,69.5,1.0
2019,27,La Pampa,2019-07-01,42,366022,0,0.0,5.642857142857142,0.0,68.57142857142857,0.0
2019,28,La Pampa,2019-07-08,42,366022,0,0.0,6.921428571428571,0.0,80.07142857142857,0.0
2019,29,La Pampa,2019-07-15,42,366022,0,0.0,9.764285714285712,0.0,66.21428571428572,0.0
2019,30,La Pampa,2019-07-22,42,366022,0,0.0,6.628571428571428,0.0,64.0,0.0
2019,31,La Pampa,2019-07-29,42,366022,0,0.0,10.107142857142858,0.0,55.92857142857143,0.0
2019,32,La Pampa,2019-08-05,42,366022,0,0.0,8.850000000000001,0.0,51.07142857142857,0.0
2019,33,La Pampa,2019-08-12,42,366022,0,0.0,7.057142857142857,0.0,63.35714285714286,0.0
2019,34,La Pampa,2019-08-19,42,366022,0,0.0,9.471428571428572,1.75,72.64285714285714,0.5
2019,35,La Pampa,2019-08-26,42,366022,0,0.0,13.7,1.0,57.85714285714286,0.5
2019,36,La Pampa,2019-09-02,42,366022,0,0.0,7.171428571428571,0.4,60.07142857142857,0.0
2019,37,La Pampa,2019-09-09,42,366022,0,0.0,11.678571428571429,5.75,69.71428571428572,0.5
2019,38,La Pampa,2019-09-16,42,366022,0,0.0,13.064285714285717,0.0,37.5,0.0
2019,39,La Pampa,2019-09-23,42,366022,0,0.0,20.392857142857142,2.35,47.785714285714285,1.0
2019,40,La Pampa,2019-09-30,42,366022,0,0.0,13.778571428571428,0.0,44.07142857142857,0.0
2019,41,La Pampa,2019-10-07,42,366022,0,0.0,18.864285714285717,1.25,39.5,0.5
2019,42,La Pampa,2019-10-14,42,366022,0,0.0,14.057142857142855,13.45,67.78571428571428,1.5
2019,43,La Pampa,2019-10-21,42,366022,0,0.0,18.457142857142856,3.5,51.28571428571429,0.5
2019,44,La Pampa,2019-10-28,42,366022,0,0.0,18.985714285714288,11.4,53.07142857142857,1.0
2019,45,La Pampa,2019-11-04,42,366022,0,0.0,21.12142857142857,2.5,44.35714285714286,0.5
2019,46,La Pampa,2019-11-11,42,366022,0,0.0,25.12142857142857,20.0,51.85714285714286,1.5
2019,47,La Pampa,2019-11-18,42,366022,0,0.0,22.785714285714285,49.0,53.14285714285714,2.5
2019,48,La Pampa,2019-11-25,42,366022,0,0.0,19.83571428571429,7.15,52.57142857142857,1.0
2019,49,La Pampa,2019-12-02,42,366022,0,0.0,21.892857142857142,4.5,45.28571428571429,0.5
2019,50,La Pampa,2019-12-09,42,366022,0,0.0,24.63571428571429,0.5,31.714285714285715,0.0
2019,51,La Pampa,2019-12-16,42,366022,0,0.0,23.55,51.5,48.92857142857143,2.0
2019,52,La Pampa,2019-12-23,42,366022,0,0.0,24.164285714285715,30.0,63.5,2.5
2020,1,La Pampa,2019-12-30,42,366022,0,0.0,24.014285714285712,31.0,69.71428571428571,2.0
2020,2,La Pampa,2020-01-06,42,366022,0,0.0,23.285714285714285,3.35,49.78571428571429,0.5
2020,3,La Pampa,2020-01-13,42,366022,0,0.0,22.492857142857144,56.5,63.71428571428572,1.5
2020,4,La Pampa,2020-01-20,42,366022,0,0.0,26.742857142857144,68.0,64.14285714285714,1.0
2020,5,La Pampa,2020-01-27,42,366022,0,0.0,23.457142857142856,23.75,60.92857142857143,1.5
2020,6,La Pampa,2020-02-03,42,366022,0,0.0,23.15,35.5,73.21428571428572,1.5
2020,7,La Pampa,2020-02-10,42,366022,0,0.0,22.77142857142857,32.9,66.28571428571428,3.0
2020,8,La Pampa,2020-02-17,42,366022,0,0.0,18.55,15.5,62.92857142857143,1.0
2020,9,La Pampa,2020-02-24,42,366022,2,0.5464152427996132,23.13571428571429,0.0,55.64285714285714,0.0
2020,10,La Pampa,2020-03-02,42,366022,0,0.0,25.65714285714286,2.0,58.42857142857143,0.5
2020,11,La Pampa,2020-03-09,42,366022,1,0.2732076213998066,20.22142857142857,86.9,78.21428571428572,3.5
2020,12,La Pampa,2020-03-16,42,366022,0,0.0,20.435714285714283,27.1,73.64285714285714,1.5
2020,13,La Pampa,2020-03-23,42,366022,0,0.0,21.5,36.0,78.28571428571428,1.0
2020,14,La Pampa,2020-03-30,42,366022,2,0.5464152427996132,17.57857142857143,34.15,77.78571428571428,1.5
2020,15,La Pampa,2020-04-06,42,366022,1,0.2732076213998066,15.092857142857142,14.5,64.07142857142857,1.0
2020,16,La Pampa,2020-04-13,42,366022,0,0.0,17.357142857142854,0.0,65.28571428571429,0.0
2020,17,La Pampa,2020-04-20,42,366022,0,0.0,17.1,35.15,70.78571428571428,1.0
2020,18,La Pampa,2020-04-27,42,366022,0,0.0,15.0,24.0,75.14285714285714,1.0
2020,19,La Pampa,2020-05-04,42,366022,0,0.0,12.7,1.0,68.42857142857142,0.5
2020,20,La Pampa,2020-05-11,42,366022,0,0.0,13.178571428571429,0.0,64.07142857142857,0.0
2020,21,La Pampa,2020-05-18,42,366022,0,0.0,12.135714285714286,0.0,69.64285714285714,0.0
2020,22,La Pampa,2020-05-25,42,366022,0,0.0,10.114285714285714,0.0,75.14285714285714,0.0
2020,23,La Pampa,2020-06-01,42,366022,0,0.0,9.142857142857142,0.0,76.85714285714286,0.0
2020,24,La Pampa,2020-06-08,42,366022,0,0.0,9.807142857142855,0.0,65.57142857142857,0.0
2020,25,La Pampa,2020-06-15,42,366022,0,0.0,9.35,0.1,71.14285714285714,0.0
2020,26,La Pampa,2020-06-22,42,366022,0,0.0,6.4785714285714295,5.4,79.0,1.0
2020,27,La Pampa,2020-06-29,42,366022,0,0.0,7.085714285714285,8.3,83.21428571428571,2.0
2020,28,La Pampa,2020-07-06,42,366022,0,0.0,6.207142857142857,0.4,74.0,0.0
2020,29,La Pampa,2020-07-13,42,366022,0,0.0,8.057142857142857,0.25,72.92857142857143,0.0
2020,30,La Pampa,2020-07-20,42,366022,0,0.0,7.692857142857143,16.35,80.85714285714286,2.0
2020,31,La Pampa,2020-07-27,42,366022,0,0.0,8.021428571428572,0.0,58.21428571428571,0.0
2020,32,La Pampa,2020-08-03,42,366022,0,0.0,12.021428571428572,0.0,71.85714285714286,0.0
2020,33,La Pampa,2020-08-10,42,366022,0,0.0,7.914285714285715,0.0,40.0,0.0
2020,34,La Pampa,2020-08-17,42,366022,0,0.0,8.571428571428573,0.0,44.0,0.0
2020,35,La Pampa,2020-08-24,42,366022,0,0.0,11.007142857142856,2.45,66.71428571428571,0.5
2020,36,La Pampa,2020-08-31,42,366022,0,0.0,9.114285714285714,17.0,65.78571428571428,1.0
2020,37,La Pampa,2020-09-07,42,366022,0,0.0,13.651190476190475,1.0,52.75,0.5
2020,38,La Pampa,2020-09-14,42,366022,0,0.0,14.607142857142858,0.0,38.85714285714286,0.0
2020,39,La Pampa,2020-09-21,42,366022,0,0.0,15.985714285714286,64.0,58.92857142857143,3.0
2020,40,La Pampa,2020-09-28,42,366022,0,0.0,12.67142857142857,1.2000000000000002,57.92857142857143,0.0
2020,41,La Pampa,2020-10-05,42,366022,0,0.0,15.15,0.0,49.85714285714286,0.0
2020,42,La Pampa,2020-10-12,42,366022,0,0.0,22.200000000000003,9.0,49.64285714285714,0.5
2020,43,La Pampa,2020-10-19,42,366022,0,0.0,15.914285714285716,17.0,74.0,2.0
2020,44,La Pampa,2020-10-26,42,366022,0,0.0,17.228571428571428,15.0,51.28571428571429,0.5
2020,45,La Pampa,2020-11-02,42,366022,0,0.0,20.99285714285714,6.5,55.21428571428572,1.5
2020,46,La Pampa,2020-11-09,42,366022,0,0.0,21.714285714285715,25.0,61.57142857142857,2.5
2020,47,La Pampa,2020-11-16,42,366022,0,0.0,22.757142857142856,0.25,48.35714285714286,0.0
2020,48,La Pampa,2020-11-23,42,366022,0,0.0,23.33571428571428,28.75,52.57142857142857,3.0
2020,49,La Pampa,2020-11-30,42,366022,0,0.0,21.45,0.0,41.85714285714286,0.0
2020,50,La Pampa,2020-12-07,42,366022,0,0.0,24.992857142857144,22.0,39.642857142857146,1.5
2020,51,La Pampa,2020-12-14,42,366022,0,0.0,23.15,8.0,44.07142857142857,1.0
2020,52,La Pampa,2020-12-21,42,366022,0,0.0,28.32142857142857,19.4,43.57142857142857,0.5
2020,53,La Pampa,2020-12-28,42,366022,0,0.0,25.6,7.75,49.21428571428571,1.0
2021,1,La Pampa,2021-01-04,42,366022,0,0.0,22.09285714285714,85.5,64.64285714285714,3.0
2021,2,La Pampa,2021-01-11,42,366022,0,0.0,21.592857142857145,51.5,59.92857142857143,3.0
2021,3,La Pampa,2021-01-18,42,366022,0,0.0,27.764285714285712,0.0,52.21428571428571,0.0
2021,4,La Pampa,2021-01-25,42,366022,0,0.0,22.92857142857143,12.45,57.0,2.0
2021,5,La Pampa,2021-02-01,42,366022,0,0.0,22.664285714285715,0.4,61.35714285714286,0.0
2021,6,La Pampa,2021-02-08,42,366022,0,0.0,21.67142857142857,8.5,68.78571428571428,0.5
2021,7,La Pampa,2021-02-15,42,366022,0,0.0,22.714285714285715,14.0,52.85714285714286,1.5
2021,8,La Pampa,2021-02-22,42,366022,0,0.0,24.114285714285717,13.5,54.64285714285714,0.5
2021,9,La Pampa,2021-03-01,42,366022,0,0.0,24.82142857142857,7.55,68.78571428571428,1.0
2021,10,La Pampa,2021-03-08,42,366022,1,0.2732076213998066,22.628571428571423,19.5,62.85714285714285,2.0
2021,11,La Pampa,2021-03-15,42,366022,0,0.0,16.707142857142856,21.25,76.28571428571428,2.5
2021,12,La Pampa,2021-03-22,42,366022,0,0.0,17.628571428571426,82.2,75.78571428571428,2.0
2021,13,La Pampa,2021-03-29,42,366022,0,0.0,19.0,0.0,67.85714285714286,0.0
2021,14,La Pampa,2021-04-05,42,366022,0,0.0,19.32857142857143,71.0,78.71428571428572,4.0
2021,15,La Pampa,2021-04-12,42,366022,0,0.0,19.08571428571429,40.0,71.92857142857143,1.5
2021,16,La Pampa,2021-04-19,42,366022,0,0.0,16.3,98.5,81.21428571428571,3.5
2021,17,La Pampa,2021-04-26,42,366022,0,0.0,16.764285714285712,0.0,70.92857142857142,0.0
2021,18,La Pampa,2021-05-03,42,366022,0,0.0,10.728571428571428,2.0,68.07142857142857,0.5
2021,19,La Pampa,2021-05-10,42,366022,0,0.0,11.95,0.0,64.21428571428571,0.0
2021,20,La Pampa,2021-05-17,42,366022,0,0.0,11.372619047619049,41.95,84.77380952380952,3.5
2021,21,La Pampa,2021-05-24,42,366022,0,0.0,11.985714285714286,0.0,60.5,0.0
2021,22,La Pampa,2021-05-31,42,366022,0,0.0,11.814285714285711,3.15,69.57142857142857,1.0
2021,23,La Pampa,2021-06-07,42,366022,0,0.0,11.635714285714286,0.0,74.92857142857143,0.0
2021,24,La Pampa,2021-06-14,42,366022,0,0.0,5.578571428571428,0.0,72.07142857142857,0.0
2021,25,La Pampa,2021-06-21,42,366022,0,0.0,8.242857142857144,2.0,78.64285714285714,0.5
2021,26,La Pampa,2021-06-28,42,366022,0,0.0,7.314285714285715,0.0,58.285714285714285,0.0
2021,27,La Pampa,2021-07-05,42,366022,0,0.0,9.97857142857143,0.0,71.85714285714286,0.0
2021,28,La Pampa,2021-07-12,42,366022,0,0.0,7.064285714285714,0.0,58.35714285714286,0.0
2021,29,La Pampa,2021-07-19,42,366022,0,0.0,10.014285714285716,0.0,54.78571428571429,0.0
2021,30,La Pampa,2021-07-26,42,366022,0,0.0,7.164285714285715,0.0,53.21428571428572,0.0
2022,1,La Pampa,2022-01-03,42,366022,0,0.0,24.65714285714286,7.05,50.21428571428572,0.5
2022,2,La Pampa,2022-01-10,42,366022,0,0.0,28.88571428571429,10.0,46.142857142857146,1.5
2022,3,La Pampa,2022-01-17,42,366022,0,0.0,20.207142857142856,54.25,84.28571428571428,3.0
2022,4,La Pampa,2022-01-24,42,366022,0,0.0,23.642857142857142,13.25,64.14285714285714,1.5
2022,5,La Pampa,2022-01-31,42,366022,0,0.0,21.53571428571429,14.85,64.0,1.5
2022,6,La Pampa,2022-02-07,42,366022,0,0.0,19.985714285714288,17.0,63.64285714285714,0.5
2022,7,La Pampa,2022-02-14,42,366022,0,0.0,22.31428571428571,5.65,63.64285714285714,1.0
2022,8,La Pampa,2022-02-21,42,366022,0,0.0,20.65714285714286,50.0,72.5,1.5
2022,9,La Pampa,2022-02-28,42,366022,0,0.0,21.235714285714288,31.0,59.92857142857143,2.0
2022,10,La Pampa,2022-03-07,42,366022,0,0.0,18.307142857142857,9.5,65.92857142857143,1.0
2022,11,La Pampa,2022-03-14,42,366022,0,0.0,19.40714285714286,0.3,62.285714285714285,0.0
2022,12,La Pampa,2022-03-21,42,366022,0,0.0,16.04285714285714,41.25,71.64285714285714,2.0
2022,13,La Pampa,2022-03-28,42,366022,0,0.0,14.62142857142857,0.0,53.35714285714286,0.0
2022,14,La Pampa,2022-04-04,42,366022,0,0.0,19.057142857142857,65.0,64.78571428571428,2.5
2022,15,La Pampa,2022-04-11,42,366022,0,0.0,13.585714285714284,0.0,65.0,0.0
2022,16,La Pampa,2022-04-18,42,366022,0,0.0,15.7,4.05,65.14285714285714,0.5
2022,17,La Pampa,2022-04-25,42,366022,0,0.0,11.392857142857142,0.5,57.35714285714286,0.0
2022,18,La Pampa,2022-05-02,42,366022,0,0.0,14.32857142857143,0.0,65.28571428571428,0.0
2022,19,La Pampa,2022-05-09,42,366022,0,0.0,11.464285714285715,0.0,71.42857142857143,0.0
2022,20,La Pampa,2022-05-16,42,366022,0,0.0,8.635714285714286,0.0,67.71428571428572,0.0
2022,21,La Pampa,2022-05-23,42,366022,0,0.0,7.821428571428571,0.45,70.35714285714286,0.0
2022,22,La Pampa,2022-05-30,42,366022,0,0.0,5.471428571428572,0.0,68.21428571428571,0.0
2022,23,La Pampa,2022-06-06,42,366022,0,0.0,8.685714285714287,0.0,62.92857142857143,0.0
2022,24,La Pampa,2022-06-13,42,366022,0,0.0,7.707142857142857,0.0,62.71428571428571,0.0
2022,25,La Pampa,2022-06-20,42,366022,0,0.0,5.135714285714286,0.0,73.78571428571428,0.0
2022,26,La Pampa,2022-06-27,42,366022,0,0.0,8.428571428571429,0.0,58.78571428571429,0.0
2022,27,La Pampa,2022-07-04,42,366022,0,0.0,7.921428571428573,0.0,56.42857142857143,0.0
2022,28,La Pampa,2022-07-11,42,366022,0,0.0,6.5285714285714285,0.05,69.92857142857142,0.0
2022,29,La Pampa,2022-07-18,42,366022,0,0.0,9.35,0.0,63.42857142857143,0.0
2022,30,La Pampa,2022-07-25,42,366022,0,0.0,10.257142857142858,19.7,78.78571428571428,2.0
2022,31,La Pampa,2022-08-01,42,366022,0,0.0,9.192857142857145,4.9,77.0,1.0
2022,32,La Pampa,2022-08-08,42,366022,0,0.0,10.17142857142857,0.5,72.35714285714286,0.0
2022,33,La Pampa,2022-08-15,42,366022,0,0.0,9.785714285714285,5.5,51.21428571428572,1.0
2022,34,La Pampa,2022-08-22,42,366022,0,0.0,11.95,0.0,50.42857142857143,0.0
2022,35,La Pampa,2022-08-29,42,366022,0,0.0,12.54285714285714,0.0,40.42857142857143,0.0
2022,36,La Pampa,2022-09-05,42,366022,0,0.0,12.95,0.0,42.0,0.0
2022,37,La Pampa,2022-09-12,42,366022,0,0.0,15.392857142857142,30.200000000000003,51.35714285714286,1.5
2022,38,La Pampa,2022-09-19,42,366022,0,0.0,11.32857142857143,7.6,67.0,1.0
2022,39,La Pampa,2022-09-26,42,366022,0,0.0,16.37857142857143,0.25,52.78571428571429,0.0
2022,40,La Pampa,2022-10-03,42,366022,0,0.0,15.528571428571428,20.8,54.71428571428572,1.5
2022,41,La Pampa,2022-10-10,42,366022,0,0.0,14.92142857142857,0.0,43.57142857142857,0.0
2022,42,La Pampa,2022-10-17,42,366022,0,0.0,15.407142857142858,8.5,66.71428571428572,2.0
2022,43,La Pampa,2022-10-24,42,366022,0,0.0,18.58571428571429,25.25,53.42857142857143,1.0
2022,44,La Pampa,2022-10-31,42,366022,0,0.0,19.507142857142856,0.0,36.78571428571429,0.0
2022,45,La Pampa,2022-11-07,42,366022,0,0.0,20.6,68.15,60.42857142857143,3.5
2022,46,La Pampa,2022-11-14,42,366022,0,0.0,21.007142857142856,41.75,65.71428571428572,4.0
2022,47,La Pampa,2022-11-21,42,366022,0,0.0,23.464285714285715,0.15,50.57142857142857,0.0
2022,48,La Pampa,2022-11-28,42,366022,0,0.0,24.87857142857143,8.5,50.92857142857143,1.0
2022,49,La Pampa,2022-12-05,42,366022,0,0.0,27.371428571428574,3.95,46.71428571428572,1.0
2022,50,La Pampa,2022-12-12,42,366022,0,0.0,24.17857142857143,2.5,39.35714285714286,0.5
2023,1,La Pampa,2023-01-02,42,366022,0,0.0,27.09285714285714,0.0,39.5,0.0
2023,2,La Pampa,2023-01-09,42,366022,0,0.0,25.13571428571429,11.5,48.64285714285714,1.0
2023,3,La Pampa,2023-01-16,42,366022,0,0.0,24.764285714285712,56.2,66.0,2.5
2023,4,La Pampa,2023-01-23,42,366022,0,0.0,24.957142857142856,50.3,61.0,2.5
2023,5,La Pampa,2023-01-30,42,366022,0,0.0,23.978571428571428,6.0,69.28571428571428,1.0
2023,6,La Pampa,2023-02-06,42,366022,0,0.0,28.42142857142857,4.75,54.57142857142857,0.5
2023,7,La Pampa,2023-02-13,42,366022,0,0.0,18.99285714285714,0.0,42.42857142857143,0.0
2023,8,La Pampa,2023-02-20,42,366022,0,0.0,23.857142857142858,0.0,46.285714285714285,0.0
2023,9,La Pampa,2023-02-27,42,366022,0,0.0,26.65714285714285,0.0,44.21428571428572,0.0
2023,10,La Pampa,2023-03-06,42,366022,0,0.0,24.357142857142858,31.5,69.57142857142857,3.0
2023,11,La Pampa,2023-03-13,42,366022,1,0.2732076213998066,22.47142857142857,8.5,77.85714285714286,2.0
2023,12,La Pampa,2023-03-20,42,366022,0,0.0,19.0,4.0,76.71428571428572,0.5
2023,13,La Pampa,2023-03-27,42,366022,6,1.6392457283988393,17.664285714285715,4.5,60.0,0.5
2023,14,La Pampa,2023-04-03,42,366022,3,0.8196228641994197,20.13571428571429,40.75,72.57142857142858,1.0
2023,15,La Pampa,2023-04-10,42,366022,8,2.1856609711984527,15.135714285714286,1.8000000000000005,67.71428571428572,0.5
2023,16,La Pampa,2023-04-17,42,366022,2,0.5464152427996132,15.04285714285714,0.0,64.14285714285714,0.0
2023,17,La Pampa,2023-04-24,42,366022,2,0.5464152427996132,17.785714285714285,1.2,68.92857142857143,0.0
2023,18,La Pampa,2023-05-01,42,366022,1,0.2732076213998066,12.728571428571428,3.0,60.92857142857143,0.5
2023,19,La Pampa,2023-05-08,42,366022,1,0.2732076213998066,13.97857142857143,0.0,67.42857142857142,0.0
2023,20,La Pampa,2023-05-15,42,366022,1,0.2732076213998066,13.228571428571428,19.0,76.14285714285714,1.0
2023,21,La Pampa,2023-05-22,42,366022,0,0.0,12.514285714285714,3.5,83.0,1.0
2023,22,La Pampa,2023-05-29,42,366022,0,0.0,12.15,0.0,74.28571428571428,0.0
2023,23,La Pampa,2023-06-05,42,366022,0,0.0,10.857142857142858,0.0,62.28571428571429,0.0
2023,24,La Pampa,2023-06-12,42,366022,1,0.2732076213998066,6.321428571428571,0.35,65.5,0.0
2023,25,La Pampa,2023-06-19,42,366022,0,0.0,10.157142857142858,13.0,88.07142857142857,2.5
2023,26,La Pampa,2023-06-26,42,366022,0,0.0,9.992857142857144,0.0,67.07142857142857,0.0
2023,27,La Pampa,2023-07-03,42,366022,1,0.2732076213998066,9.935714285714289,4.5,79.21428571428572,1.0
2023,28,La Pampa,2023-07-10,42,366022,0,0.0,5.357142857142858,27.6,81.78571428571428,2.5
2023,29,La Pampa,2023-07-17,42,366022,0,0.0,7.571428571428571,0.0,66.78571428571428,0.0
2023,30,La Pampa,2023-07-24,42,366022,0,0.0,8.685714285714285,0.4,72.85714285714286,0.0
2023,31,La Pampa,2023-07-31,42,366022,0,0.0,11.407142857142858,0.0,55.14285714285714,0.0
2023,32,La Pampa,2023-08-07,42,366022,0,0.0,8.907142857142857,0.0,54.785714285714285,0.0
2023,33,La Pampa,2023-08-14,42,366022,0,0.0,9.62142857142857,8.750000000000002,68.92857142857143,2.0
2023,34,La Pampa,2023-08-21,42,366022,0,0.0,8.885714285714286,2.8,66.92857142857142,1.0
2023,35,La Pampa,2023-08-28,42,366022,0,0.0,11.471428571428572,1.0,50.14285714285714,0.5
2023,36,La Pampa,2023-09-04,42,366022,0,0.0,10.842857142857142,3.15,65.42857142857143,1.0
2023,37,La Pampa,2023-09-11,42,366022,0,0.0,14.335714285714284,0.5,41.57142857142857,0.0
2023,38,La Pampa,2023-09-18,42,366022,0,0.0,12.628571428571428,0.0,67.14285714285714,0.0
2023,39,La Pampa,2023-09-25,42,366022,0,0.0,13.564285714285711,0.95,45.42857142857143,0.5
2023,40,La Pampa,2023-10-02,42,366022,0,0.0,15.971428571428572,20.8,50.0,2.0
2023,41,La Pampa,2023-10-09,42,366022,0,0.0,16.857142857142858,2.6,39.35714285714286,0.5
2023,42,La Pampa,2023-10-16,42,366022,0,0.0,16.757142857142856,26.1,65.5,1.5
2023,43,La Pampa,2023-10-23,42,366022,0,0.0,17.814285714285717,18.2,67.0,1.5
2023,44,La Pampa,2023-10-30,42,366022,0,0.0,13.842857142857142,21.45,62.57142857142857,2.0
2023,45,La Pampa,2023-11-06,42,366022,0,0.0,19.607142857142858,27.45,50.0,1.0
2023,46,La Pampa,2023-11-13,42,366022,0,0.0,18.95,0.25,39.0,0.0
2023,47,La Pampa,2023-11-20,42,366022,0,0.0,24.035714285714285,2.0,34.57142857142857,0.5
2023,48,La Pampa,2023-11-27,42,366022,0,0.0,22.685714285714287,46.150000000000006,55.21428571428572,3.0
2023,49,La Pampa,2023-12-04,42,366022,0,0.0,20.107142857142858,33.1,66.0,2.5
2023,50,La Pampa,2023-12-11,42,366022,0,0.0,24.164285714285715,68.2,67.71428571428572,2.5
2023,51,La Pampa,2023-12-18,42,366022,0,0.0,20.07857142857143,35.150000000000006,69.0,4.0
2023,52,La Pampa,2023-12-25,42,366022,1,0.2732076213998066,22.792857142857144,12.5,56.92857142857143,2.0
2024,1,La Pampa,2024-01-01,42,366022,4,1.0928304855992264,24.464285714285715,15.7,65.5,1.0
2024,2,La Pampa,2024-01-08,42,366022,3,0.8196228641994197,22.55,20.0,63.142857142857146,2.5
2024,3,La Pampa,2024-01-15,42,366022,4,1.0928304855992264,24.29285714285714,2.5,50.5,0.5
2024,4,La Pampa,2024-01-22,42,366022,2,0.5464152427996132,26.028571428571432,0.0,51.71428571428572,0.0
2024,5,La Pampa,2024-01-29,42,366022,1,0.2732076213998066,28.642857142857142,0.3,48.21428571428572,0.0
2024,6,La Pampa,2024-02-05,42,366022,7,1.9124533497986458,25.714285714285715,68.0,76.71428571428572,3.5
2024,7,La Pampa,2024-02-12,42,366022,9,2.458868592598259,22.07857142857143,0.0,67.64285714285714,0.0
2024,8,La Pampa,2024-02-19,42,366022,10,2.7320762139980657,22.82142857142857,27.25,72.28571428571428,1.0
2024,9,La Pampa,2024-02-26,42,366022,21,5.737360049395938,22.942857142857143,1.25,69.14285714285714,0.5
2024,10,La Pampa,2024-03-04,42,366022,23,6.283775292195552,21.4,25.7,65.85714285714286,1.5
2024,11,La Pampa,2024-03-11,42,366022,46,12.567550584391103,21.535714285714285,28.8,71.85714285714286,1.5
2024,12,La Pampa,2024-03-18,42,366022,82,22.40302495478414,19.1,42.25,67.35714285714286,1.5
2024,13,La Pampa,2024-03-25,42,366022,75,20.490571604985494,21.24285714285714,30.0,68.35714285714286,1.0
2024,14,La Pampa,2024-04-01,42,366022,125,34.15095267497582,18.107142857142858,3.55,64.35714285714286,0.5
2024,15,La Pampa,2024-04-08,42,366022,67,18.304910633787042,14.057142857142855,66.80000000000001,81.57142857142858,4.5
2024,16,La Pampa,2024-04-15,42,366022,32,8.74264388479381,16.135714285714286,34.9,75.07142857142858,2.0
2024,17,La Pampa,2024-04-22,42,366022,22,6.010567670795744,12.42142857142857,2.1,71.85714285714286,0.5
2024,18,La Pampa,2024-04-29,42,366022,11,3.005283835397872,11.707142857142856,2.5,68.07142857142858,1.0
2024,19,La Pampa,2024-05-06,42,366022,6,1.6392457283988393,9.628571428571428,0.4,71.5,0.0
2024,20,La Pampa,2024-05-13,42,366022,1,0.2732076213998066,7.164285714285715,0.3,76.57142857142857,0.0
2024,21,La Pampa,2024-05-20,42,366022,0,0.0,7.078571428571429,0.2,74.42857142857142,0.0
2024,22,La Pampa,2024-05-27,42,366022,0,0.0,8.085714285714285,0.0,69.85714285714286,0.0
2024,23,La Pampa,2024-06-03,42,366022,0,0.0,11.385714285714286,9.75,77.21428571428572,0.5
2024,24,La Pampa,2024-06-10,42,366022,0,0.0,12.614285714285714,0.15,73.14285714285714,0.0
2024,25,La Pampa,2024-06-17,42,366022,0,0.0,9.157142857142858,8.55,78.71428571428572,1.5
2024,26,La Pampa,2024-06-24,42,366022,1,0.2732076213998066,6.335714285714286,0.0,67.5,0.0
2024,27,La Pampa,2024-07-01,42,366022,0,0.0,4.957142857142857,0.0,57.21428571428572,0.0
2024,28,La Pampa,2024-07-08,42,366022,0,0.0,3.742857142857143,0.0,64.28571428571428,0.0
2024,29,La Pampa,2024-07-15,42,366022,0,0.0,8.128571428571428,0.0,69.5,0.0
2024,30,La Pampa,2024-07-22,42,366022,0,0.0,9.764285714285714,0.0,56.35714285714286,0.0
2024,31,La Pampa,2024-07-29,42,366022,0,0.0,11.228571428571428,0.0,58.42857142857143,0.0
2024,32,La Pampa,2024-08-05,42,366022,0,0.0,7.992857142857142,7.7,61.785714285714285,1.5
2024,33,La Pampa,2024-08-12,42,366022,0,0.0,10.071428571428571,0.0,61.785714285714285,0.0
2024,34,La Pampa,2024-08-19,42,366022,0,0.0,6.071428571428571,4.95,77.64285714285714,1.0
2024,35,La Pampa,2024-08-26,42,366022,0,0.0,10.707142857142856,3.5,64.64285714285714,0.5
2024,36,La Pampa,2024-09-02,42,366022,0,0.0,13.071428571428571,0.0,43.92857142857143,0.0
2024,37,La Pampa,2024-09-09,42,366022,0,0.0,13.257142857142856,3.1,48.71428571428571,0.5
2024,38,La Pampa,2024-09-16,42,366022,0,0.0,17.935714285714283,5.75,45.5,1.5
2024,39,La Pampa,2024-09-23,42,366022,0,0.0,15.47857142857143,0.35,50.92857142857143,0.0
2024,40,La Pampa,2024-09-30,42,366022,0,0.0,16.985714285714284,0.75,43.64285714285714,0.0
2024,41,La Pampa,2024-10-07,42,366022,0,0.0,16.735714285714288,0.7,65.0,0.0
2024,42,La Pampa,2024-10-14,42,366022,0,0.0,20.90714285714286,19.05,63.85714285714286,2.0
2024,43,La Pampa,2024-10-21,42,366022,0,0.0,18.557142857142857,47.35,58.5,2.5
2024,44,La Pampa,2024-10-28,42,366022,0,0.0,23.685714285714283,41.4,51.0,2.5
2024,45,La Pampa,2024-11-04,42,366022,0,0.0,19.27857142857143,17.35,63.07142857142857,2.5
2024,46,La Pampa,2024-11-11,42,366022,0,0.0,20.42857142857143,5.85,48.64285714285714,1.0
2024,47,La Pampa,2024-11-18,42,366022,0,0.0,21.38571428571429,4.199999999999999,60.85714285714286,1.0
2024,48,La Pampa,2024-11-25,42,366022,0,0.0,21.107142857142858,16.0,60.57142857142857,3.0
2024,49,La Pampa,2024-12-02,42,366022,0,0.0,19.60714285714285,6.5,46.0,1.0
2024,50,La Pampa,2024-12-09,42,366022,0,0.0,24.007142857142856,5.25,52.92857142857143,1.0
2024,51,La Pampa,2024-12-16,42,366022,0,0.0,23.442857142857143,24.15,52.14285714285714,1.5
2024,52,La Pampa,2024-12-23,42,366022,0,0.0,23.864285714285717,2.0,50.64285714285714,0.5
2025,1,La Pampa,2024-12-30,42,366022,1,0.2732076213998066,26.07857142857143,12.75,45.85714285714286,1.0
2025,2,La Pampa,2025-01-06,42,366022,0,0.0,26.90714285714286,4.0,56.85714285714285,1.0
2025,3,La Pampa,2025-01-13,42,366022,0,0.0,26.371428571428574,23.6,53.21428571428572,2.5
2025,4,La Pampa,2025-01-20,42,366022,1,0.2732076213998066,27.057142857142857,67.5,47.71428571428572,2.0
2025,5,La Pampa,2025-01-27,42,366022,1,0.2732076213998066,26.692857142857143,4.5,57.5,1.5
2025,6,La Pampa,2025-02-03,42,366022,6,1.6392457283988393,25.32142857142857,22.5,64.85714285714286,1.5
2025,7,La Pampa,2025-02-10,42,366022,7,1.9124533497986458,23.857142857142858,33.25,60.285714285714285,1.5
2025,8,La Pampa,2025-02-17,42,366022,6,1.6392457283988393,26.08571428571429,9.6,56.785714285714285,0.5
2025,9,La Pampa,2025-02-24,42,366022,4,1.0928304855992264,23.228571428571428,66.15,80.5,2.5
2025,10,La Pampa,2025-03-03,42,366022,28,7.649813399194583,21.764285714285712,89.35,78.42857142857143,3.5
2025,11,La Pampa,2025-03-10,42,366022,25,6.830190534995165,17.978571428571428,0.0,67.64285714285714,0.0
2025,12,La Pampa,2025-03-17,42,366022,40,10.928304855992263,22.3,32.5,72.21428571428571,2.0
2025,13,La Pampa,2025-03-24,42,366022,31,8.469436263394003,17.89285714285714,58.5,84.14285714285714,3.0
2025,14,La Pampa,2025-03-31,42,366022,38,10.38188961319265,13.157142857142857,0.0,65.0,0.0
2025,15,La Pampa,2025-04-07,42,366022,18,4.917737185196518,16.507142857142856,25.25,79.21428571428572,2.0
2025,16,La Pampa,2025-04-14,42,366022,5,1.3660381069990328,12.814285714285717,34.25,79.85714285714286,2.0
2025,17,La Pampa,2025-04-21,42,366022,0,0.0,15.278571428571428,5.5,73.14285714285714,0.5
2025,18,La Pampa,2025-04-28,42,366022,1,0.2732076213998066,16.892857142857142,0.0,64.85714285714286,0.0
2025,19,La Pampa,2025-05-05,42,366022,3,0.8196228641994197,14.664285714285716,6.9,78.28571428571428,1.0
2025,20,La Pampa,2025-05-12,42,366022,0,0.0,16.364285714285714,0.2,77.71428571428572,0.0
2025,21,La Pampa,2025-05-19,42,366022,0,0.0,12.0,0.7,70.35714285714286,0.5
2025,22,La Pampa,2025-05-26,42,366022,0,0.0,9.128571428571428,6.7,65.85714285714286,1.0
2025,23,La Pampa,2025-06-02,42,366022,0,0.0,10.8,0.15,71.57142857142857,0.0
2025,24,La Pampa,2025-06-09,42,366022,0,0.0,9.364285714285714,0.0,74.21428571428572,0.0
2025,25,La Pampa,2025-06-16,42,366022,0,0.0,9.0,0.5,61.35714285714286,0.0
2025,26,La Pampa,2025-06-23,42,366022,0,0.0,5.4,0.0,51.21428571428572,0.0
2025,27,La Pampa,2025-06-30,42,366022,0,0.0,5.421428571428571,0.0,65.78571428571428,0.0
2025,28,La Pampa,2025-07-07,42,366022,0,0.0,9.935714285714289,0.15,84.5,0.0
2025,29,La Pampa,2025-07-14,42,366022,0,0.0,11.528571428571428,1.75,61.71428571428571,0.5
2025,30,La Pampa,2025-07-21,42,366022,0,0.0,7.5,0.0,76.0,0.0
2025,31,La Pampa,2025-07-28,42,366022,0,0.0,10.62142857142857,3.0,72.71428571428572,0.5
2025,32,La Pampa,2025-08-04,42,366022,0,0.0,9.157142857142857,0.05,60.64285714285714,0.0
2025,33,La Pampa,2025-08-11,42,366022,0,0.0,10.378571428571428,0.0,64.21428571428571,0.0
2025,34,La Pampa,2025-08-18,42,366022,0,0.0,11.7,4.65,56.5,0.5
2025,35,La Pampa,2025-08-25,42,366022,0,0.0,14.728571428571428,30.75,63.78571428571428,2.0
2025,36,La Pampa,2025-09-01,42,366022,0,0.0,10.221428571428572,0.0,59.5,0.0
2025,37,La Pampa,2025-09-08,42,366022,0,0.0,15.428571428571429,0.0,53.5,0.0
2025,38,La Pampa,2025-09-15,42,366022,0,0.0,18.442857142857143,59.25,73.64285714285714,3.0
2025,39,La Pampa,2025-09-22,42,366022,0,0.0,14.657142857142858,20.3,63.21428571428572,1.0
2025,40,La Pampa,2025-09-29,42,366022,0,0.0,18.371428571428574,0.0,58.21428571428571,0.0
2025,41,La Pampa,2025-10-06,42,366022,0,0.0,18.264285714285712,3.05,51.21428571428571,1.5
2025,42,La Pampa,2025-10-13,42,366022,0,0.0,19.950000000000003,0.9000000000000001,46.57142857142857,0.5
2018,1,La Rioja,2018-01-01,46,384607,0,0.0,27.395238095238096,0.1666666666666666,55.142857142857146,0.0
2018,2,La Rioja,2018-01-08,46,384607,0,0.0,27.64285714285714,19.6,58.76190476190476,2.0
2018,3,La Rioja,2018-01-15,46,384607,0,0.0,26.56269841269841,2.033333333333333,57.05555555555557,0.3333333333333333
2018,4,La Rioja,2018-01-22,46,384607,0,0.0,25.861904761904764,37.96666666666667,67.90476190476191,2.333333333333333
2018,5,La Rioja,2018-01-29,46,384607,0,0.0,27.33333333333333,25.33333333333333,65.85714285714285,1.3333333333333333
2018,6,La Rioja,2018-02-05,46,384607,0,0.0,27.9,3.0,56.95238095238096,0.3333333333333333
2018,7,La Rioja,2018-02-12,46,384607,0,0.0,25.166666666666668,5.166666666666667,63.57142857142858,1.0
2018,8,La Rioja,2018-02-19,46,384607,0,0.0,24.923809523809524,19.466666666666665,66.47619047619048,2.0
2018,9,La Rioja,2018-02-26,46,384607,0,0.0,25.200793650793653,11.333333333333334,62.63492063492063,1.3333333333333333
2018,10,La Rioja,2018-03-05,46,384607,0,0.0,24.828571428571426,8.0,62.23809523809524,0.6666666666666666
2018,11,La Rioja,2018-03-12,46,384607,0,0.0,23.96190476190476,6.666666666666667,56.8095238095238,0.3333333333333333
2018,12,La Rioja,2018-03-19,46,384607,0,0.0,22.23809523809524,5.333333333333333,50.333333333333336,0.6666666666666666
2018,13,La Rioja,2018-03-26,46,384607,0,0.0,22.46190476190476,31.666666666666668,53.333333333333336,1.3333333333333333
2018,14,La Rioja,2018-04-02,46,384607,0,0.0,21.804761904761904,1.3666666666666665,66.19047619047619,0.3333333333333333
2018,15,La Rioja,2018-04-09,46,384607,0,0.0,19.552380952380958,0.0,70.11904761904762,0.0
2018,16,La Rioja,2018-04-16,46,384607,0,0.0,24.228571428571428,0.0,61.90476190476191,0.0
2018,17,La Rioja,2018-04-23,46,384607,0,0.0,22.75238095238096,0.0333333333333333,69.90476190476191,0.0
2018,18,La Rioja,2018-04-30,46,384607,0,0.0,20.185714285714283,2.7,72.71428571428572,0.6666666666666666
2018,19,La Rioja,2018-05-07,46,384607,0,0.0,17.37142857142857,13.6,75.23809523809524,1.3333333333333333
2018,20,La Rioja,2018-05-14,46,384607,0,0.0,14.419047619047618,0.1999999999999999,73.91269841269842,0.0
2018,21,La Rioja,2018-05-21,46,384607,0,0.0,13.747619047619049,0.0,70.71428571428571,0.0
2018,22,La Rioja,2018-05-28,46,384607,0,0.0,11.76904761904762,0.3666666666666667,74.69047619047619,0.0
2018,23,La Rioja,2018-06-04,46,384607,0,0.0,9.77142857142857,0.0,67.76190476190476,0.0
2018,24,La Rioja,2018-06-11,46,384607,0,0.0,6.795238095238095,0.0,63.61904761904762,0.0
2018,25,La Rioja,2018-06-18,46,384607,0,0.0,11.228571428571428,0.0,59.38095238095238,0.0
2018,26,La Rioja,2018-06-25,46,384607,0,0.0,12.133333333333333,0.0,66.28571428571429,0.0
2018,27,La Rioja,2018-07-02,46,384607,0,0.0,7.5,13.2,86.52380952380952,3.0
2019,1,La Rioja,2018-12-31,46,384607,0,0.0,26.87142857142857,14.5,63.47619047619048,0.6666666666666666
2019,2,La Rioja,2019-01-07,46,384607,0,0.0,24.57142857142857,18.133333333333333,63.52380952380952,1.3333333333333333
2019,3,La Rioja,2019-01-14,46,384607,0,0.0,23.042857142857144,10.233333333333333,68.80952380952381,1.3333333333333333
2019,4,La Rioja,2019-01-21,46,384607,0,0.0,30.28571428571429,54.833333333333336,60.04761904761904,1.6666666666666667
2019,5,La Rioja,2019-01-28,46,384607,0,0.0,26.700793650793653,33.666666666666664,71.22222222222223,3.333333333333333
2019,6,La Rioja,2019-02-04,46,384607,0,0.0,26.585714285714285,8.0,64.04761904761905,0.6666666666666666
2019,7,La Rioja,2019-02-11,46,384607,0,0.0,23.52380952380952,0.0666666666666666,59.23809523809524,0.0
2019,8,La Rioja,2019-02-18,46,384607,0,0.0,31.06190476190476,0.0,50.38095238095238,0.0
2019,9,La Rioja,2019-02-25,46,384607,0,0.0,24.757142857142856,0.3333333333333333,62.47619047619048,0.0
2019,10,La Rioja,2019-03-04,46,384607,0,0.0,21.790476190476188,77.0,76.23809523809524,4.0
2019,11,La Rioja,2019-03-11,46,384607,0,0.0,20.47619047619048,50.3,79.14285714285715,1.3333333333333333
2019,12,La Rioja,2019-03-18,46,384607,0,0.0,20.357142857142858,0.0,69.09523809523809,0.0
2019,13,La Rioja,2019-03-25,46,384607,0,0.0,19.047619047619047,1.9666666666666668,80.42857142857143,0.6666666666666666
2019,14,La Rioja,2019-04-01,46,384607,0,0.0,21.723809523809525,26.33333333333333,70.28571428571429,1.3333333333333333
2019,15,La Rioja,2019-04-08,46,384607,0,0.0,21.14761904761905,0.0,65.42857142857143,0.0
2019,16,La Rioja,2019-04-15,46,384607,0,0.0,20.328571428571426,9.666666666666666,77.52380952380952,1.0
2019,17,La Rioja,2019-04-22,46,384607,0,0.0,15.814285714285717,1.9666666666666668,83.33333333333333,0.6666666666666666
2019,18,La Rioja,2019-04-29,46,384607,0,0.0,18.23333333333333,12.866666666666667,78.71428571428571,1.6666666666666667
2019,19,La Rioja,2019-05-06,46,384607,0,0.0,17.03333333333333,2.1666666666666665,78.85714285714285,1.0
2019,20,La Rioja,2019-05-13,46,384607,0,0.0,15.233333333333333,0.0,71.23809523809524,0.0
2019,21,La Rioja,2019-05-20,46,384607,0,0.0,10.452380952380953,3.333333333333333,72.28571428571429,0.6666666666666666
2019,22,La Rioja,2019-05-27,46,384607,0,0.0,12.204761904761904,0.0,78.52380952380952,0.0
2019,23,La Rioja,2019-06-03,46,384607,0,0.0,12.88095238095238,0.0,73.04761904761905,0.0
2019,24,La Rioja,2019-06-10,46,384607,0,0.0,11.871428571428572,0.0,75.0,0.0
2019,25,La Rioja,2019-06-17,46,384607,0,0.0,10.076190476190476,0.0,64.09523809523809,0.0
2019,26,La Rioja,2019-06-24,46,384607,0,0.0,9.995238095238095,0.0,60.333333333333336,0.0
2019,27,La Rioja,2019-07-01,46,384607,0,0.0,8.49047619047619,0.0,66.28571428571429,0.0
2019,28,La Rioja,2019-07-08,46,384607,0,0.0,11.952380952380954,0.0,67.94444444444444,0.0
2019,29,La Rioja,2019-07-15,46,384607,0,0.0,13.723809523809525,0.6666666666666666,67.04761904761905,0.3333333333333333
2019,30,La Rioja,2019-07-22,46,384607,0,0.0,10.0,0.0,60.14285714285714,0.0
2019,31,La Rioja,2019-07-29,46,384607,0,0.0,11.904761904761903,0.0,50.80952380952382,0.0
2019,32,La Rioja,2019-08-05,46,384607,0,0.0,11.490476190476189,0.0,42.71428571428572,0.0
2019,33,La Rioja,2019-08-12,46,384607,0,0.0,12.338888888888889,0.0,47.888888888888886,0.0
2019,34,La Rioja,2019-08-19,46,384607,0,0.0,14.385714285714286,0.0,53.80952380952382,0.0
2019,35,La Rioja,2019-08-26,46,384607,0,0.0,19.51428571428572,0.0,46.61904761904762,0.0
2019,36,La Rioja,2019-09-02,46,384607,0,0.0,13.69,0.0,43.68253968253968,0.0
2019,37,La Rioja,2019-09-09,46,384607,0,0.0,16.071428571428573,5.666666666666667,57.76190476190476,0.6666666666666666
2019,38,La Rioja,2019-09-16,46,384607,0,0.0,17.14761904761905,0.0,32.80952380952381,0.0
2019,39,La Rioja,2019-09-23,46,384607,0,0.0,24.38095238095238,0.0,32.19047619047619,0.0
2019,40,La Rioja,2019-09-30,46,384607,0,0.0,19.828571428571426,0.0,40.38095238095238,0.0
2019,41,La Rioja,2019-10-07,46,384607,0,0.0,27.01428571428572,26.0,40.333333333333336,1.3333333333333333
2019,42,La Rioja,2019-10-14,46,384607,0,0.0,15.895238095238096,19.0,69.76190476190476,1.0
2019,43,La Rioja,2019-10-21,46,384607,0,0.0,25.0,0.0,44.38095238095238,0.0
2019,44,La Rioja,2019-10-28,46,384607,0,0.0,25.242857142857144,0.2666666666666666,50.95238095238096,0.0
2019,45,La Rioja,2019-11-04,46,384607,0,0.0,25.73809523809524,1.6666666666666667,53.76190476190476,0.3333333333333333
2019,46,La Rioja,2019-11-11,46,384607,0,0.0,28.97619047619048,8.733333333333333,45.47619047619048,1.0
2019,47,La Rioja,2019-11-18,46,384607,0,0.0,27.80952380952381,24.166666666666668,55.142857142857146,1.3333333333333333
2019,48,La Rioja,2019-11-25,46,384607,0,0.0,25.83333333333333,0.8333333333333334,49.85714285714285,0.3333333333333333
2019,49,La Rioja,2019-12-02,46,384607,0,0.0,24.75238095238096,12.666666666666666,50.57142857142858,2.333333333333333
2019,50,La Rioja,2019-12-09,46,384607,0,0.0,29.02380952380952,11.0,38.285714285714285,0.3333333333333333
2019,51,La Rioja,2019-12-16,46,384607,0,0.0,27.228571428571428,0.0999999999999999,45.16666666666666,0.0
2019,52,La Rioja,2019-12-23,46,384607,0,0.0,29.03333333333333,34.666666666666664,48.61904761904762,1.0
2020,1,La Rioja,2019-12-30,46,384607,0,0.0,28.81428571428572,13.5,53.90476190476191,1.6666666666666667
2020,2,La Rioja,2020-01-06,46,384607,0,0.0,28.49047619047619,2.333333333333333,51.90476190476191,0.3333333333333333
2020,3,La Rioja,2020-01-13,46,384607,0,0.0,29.07619047619048,8.333333333333334,52.61904761904762,0.3333333333333333
2020,4,La Rioja,2020-01-20,46,384607,2,0.5200113362471303,30.19047619047619,24.277777777777786,51.333333333333336,1.3888888888888886
2020,5,La Rioja,2020-01-27,46,384607,7,1.8200396768649556,27.77460317460317,3.0,49.333333333333336,0.6666666666666666
2020,6,La Rioja,2020-02-03,46,384607,5,1.3000283406178255,26.757142857142856,59.1,69.33333333333333,3.0
2020,7,La Rioja,2020-02-10,46,384607,20,5.200113362471302,25.8,0.2333333333333333,65.85714285714285,0.0
2020,8,La Rioja,2020-02-17,46,384607,18,4.680102026224172,23.52380952380952,13.866666666666667,61.285714285714285,1.0
2020,9,La Rioja,2020-02-24,46,384607,90,23.400510131120857,26.5,0.6666666666666666,47.71428571428572,0.3333333333333333
2020,10,La Rioja,2020-03-02,46,384607,131,34.06074252418703,29.090476190476192,0.0,46.04761904761904,0.0
2020,11,La Rioja,2020-03-09,46,384607,194,50.44109961597163,28.22380952380952,5.666666666666667,52.90476190476191,0.3333333333333333
2020,12,La Rioja,2020-03-16,46,384607,251,65.26142269901484,24.9047619047619,2.6666666666666665,59.90476190476191,0.6666666666666666
2020,13,La Rioja,2020-03-23,46,384607,67,17.420379764278863,23.709523809523805,9.466666666666669,67.66666666666667,1.0
2020,14,La Rioja,2020-03-30,46,384607,38,9.880215388695474,21.257142857142856,4.933333333333334,73.3809523809524,0.6666666666666666
2020,15,La Rioja,2020-04-06,46,384607,18,4.680102026224172,19.433333333333334,1.0,57.47619047619048,0.3333333333333333
2020,16,La Rioja,2020-04-13,46,384607,17,4.420096358100607,20.328571428571426,0.0,55.142857142857146,0.0
2020,17,La Rioja,2020-04-20,46,384607,28,7.280158707459822,23.361904761904764,0.6666666666666666,58.47619047619048,0.3333333333333333
2020,18,La Rioja,2020-04-27,46,384607,6,1.5600340087413904,19.195238095238096,0.0333333333333333,67.95238095238095,0.0
2020,19,La Rioja,2020-05-04,46,384607,9,2.340051013112086,16.152380952380952,0.0,62.47619047619048,0.0
2020,20,La Rioja,2020-05-11,46,384607,11,2.8600623493592163,15.966666666666669,0.0,54.523809523809526,0.0
2020,21,La Rioja,2020-05-18,46,384607,2,0.5200113362471303,14.052380952380952,1.3333333333333333,59.47619047619048,0.6666666666666666
2020,22,La Rioja,2020-05-25,46,384607,1,0.2600056681235651,13.861904761904762,0.0,55.85714285714286,0.0
2020,23,La Rioja,2020-06-01,46,384607,1,0.2600056681235651,10.936507936507937,0.1999999999999999,64.98412698412699,0.0
2020,24,La Rioja,2020-06-08,46,384607,0,0.0,13.195238095238096,0.0,64.85714285714285,0.0
2020,25,La Rioja,2020-06-15,46,384607,3,0.7800170043706952,13.061904761904762,0.0,54.42857142857142,0.0
2020,26,La Rioja,2020-06-22,46,384607,0,0.0,10.095238095238097,0.0,63.23809523809524,0.0
2020,27,La Rioja,2020-06-29,46,384607,0,0.0,8.557142857142857,0.0,62.76190476190476,0.0
2020,28,La Rioja,2020-07-06,46,384607,0,0.0,9.414285714285713,0.0,59.52380952380952,0.0
2020,29,La Rioja,2020-07-13,46,384607,0,0.0,11.385714285714286,0.0,60.52380952380952,0.0
2020,30,La Rioja,2020-07-20,46,384607,0,0.0,9.866666666666667,0.0,58.04761904761904,0.0
2020,31,La Rioja,2020-07-27,46,384607,0,0.0,11.404761904761903,0.0,44.66666666666666,0.0
2020,32,La Rioja,2020-08-03,46,384607,0,0.0,16.7,0.0,48.85714285714285,0.0
2020,33,La Rioja,2020-08-10,46,384607,0,0.0,12.604761904761906,0.0,36.23809523809524,0.0
2020,34,La Rioja,2020-08-17,46,384607,0,0.0,11.447619047619048,0.0,39.333333333333336,0.0
2020,35,La Rioja,2020-08-24,46,384607,0,0.0,16.30952380952381,0.0,43.04761904761904,0.0
2020,36,La Rioja,2020-08-31,46,384607,0,0.0,14.085714285714284,0.0,49.21428571428572,0.0
2020,37,La Rioja,2020-09-07,46,384607,0,0.0,19.95714285714286,0.0,45.80952380952382,0.0
2020,38,La Rioja,2020-09-14,46,384607,0,0.0,19.361904761904764,0.0,32.714285714285715,0.0
2020,39,La Rioja,2020-09-21,46,384607,0,0.0,22.142857142857142,0.0,37.14285714285714,0.0
2020,40,La Rioja,2020-09-28,46,384607,0,0.0,20.557142857142857,0.0,37.42857142857143,0.0
2020,41,La Rioja,2020-10-05,46,384607,0,0.0,22.57619047619048,0.0,33.666666666666664,0.0
2020,42,La Rioja,2020-10-12,46,384607,0,0.0,25.64761904761905,0.0999999999999999,37.71428571428572,0.0
2020,43,La Rioja,2020-10-19,46,384607,0,0.0,24.81428571428572,1.0333333333333334,55.8095238095238,0.3333333333333333
2020,44,La Rioja,2020-10-26,46,384607,0,0.0,23.052380952380958,0.0,32.19047619047619,0.0
2020,45,La Rioja,2020-11-02,46,384607,0,0.0,26.133333333333336,0.0,32.23809523809524,0.0
2020,46,La Rioja,2020-11-09,46,384607,0,0.0,24.71428571428571,6.400000000000001,57.66666666666666,1.0
2020,47,La Rioja,2020-11-16,46,384607,0,0.0,23.91428571428571,7.933333333333334,51.76190476190476,1.6666666666666667
2020,48,La Rioja,2020-11-23,46,384607,0,0.0,28.390476190476196,7.333333333333333,48.71428571428572,0.3333333333333333
2020,49,La Rioja,2020-11-30,46,384607,0,0.0,23.585714285714285,29.666666666666668,57.71428571428572,2.333333333333333
2020,50,La Rioja,2020-12-07,46,384607,0,0.0,29.00952380952381,0.0,39.85714285714286,0.0
2020,51,La Rioja,2020-12-14,46,384607,0,0.0,28.133333333333336,0.0,39.38095238095238,0.0
2020,52,La Rioja,2020-12-21,46,384607,0,0.0,29.047619047619047,31.166666666666668,45.90476190476191,1.3333333333333333
2020,53,La Rioja,2020-12-28,46,384607,0,0.0,27.614285714285717,13.466666666666669,52.38095238095238,0.6666666666666666
2021,1,La Rioja,2021-01-04,46,384607,1,0.2600056681235651,25.942857142857147,13.833333333333334,58.76190476190476,1.0
2021,2,La Rioja,2021-01-11,46,384607,0,0.0,25.428571428571427,18.33333333333333,64.76190476190476,1.3333333333333333
2021,3,La Rioja,2021-01-18,46,384607,2,0.5200113362471303,28.52857142857143,0.0,42.95238095238096,0.0
2021,4,La Rioja,2021-01-25,46,384607,3,0.7800170043706952,26.957142857142856,30.666666666666668,56.095238095238095,2.333333333333333
2021,5,La Rioja,2021-02-01,46,384607,1,0.2600056681235651,23.49047619047619,31.33333333333333,62.90476190476191,2.333333333333333
2021,6,La Rioja,2021-02-08,46,384607,11,2.8600623493592163,23.109523809523807,55.2,67.95238095238095,3.6666666666666665
2021,7,La Rioja,2021-02-15,46,384607,16,4.160090689977042,25.114285714285717,1.6666666666666667,59.76190476190476,0.3333333333333333
2021,8,La Rioja,2021-02-22,46,384607,15,3.900085021853476,27.204761904761902,1.7,60.142857142857146,0.3333333333333333
2021,9,La Rioja,2021-03-01,46,384607,25,6.5001417030891275,24.96190476190476,63.0,69.66666666666667,2.0
2021,10,La Rioja,2021-03-08,46,384607,54,14.040306078672515,24.82380952380953,17.433333333333334,65.85714285714286,1.3333333333333333
2021,11,La Rioja,2021-03-15,46,384607,61,15.860345755537471,19.6,13.466666666666669,76.52380952380953,1.3333333333333333
2021,12,La Rioja,2021-03-22,46,384607,69,17.94039110052599,20.723809523809525,1.3333333333333333,65.38095238095238,0.3333333333333333
2021,13,La Rioja,2021-03-29,46,384607,61,15.860345755537471,21.933333333333334,0.0,60.57142857142858,0.0
2021,14,La Rioja,2021-04-05,46,384607,91,23.660515799244425,21.694444444444443,2.9,73.65079365079366,0.6666666666666666
2021,15,La Rioja,2021-04-12,46,384607,134,34.840759528557726,21.807142857142857,0.0,67.07142857142857,0.0
2021,16,La Rioja,2021-04-19,46,384607,144,37.440816209793375,22.392857142857142,12.0,62.5,0.5
2021,17,La Rioja,2021-04-26,46,384607,129,33.5407311879399,18.433333333333334,0.0,62.57142857142858,0.0
2021,18,La Rioja,2021-05-03,46,384607,171,44.460969249129626,13.861904761904762,13.833333333333334,74.85714285714286,1.3333333333333333
2021,19,La Rioja,2021-05-10,46,384607,122,31.720691511074943,14.40952380952381,0.2666666666666666,70.0952380952381,0.0
2021,20,La Rioja,2021-05-17,46,384607,42,10.920238061189734,15.11904761904762,0.0,69.47619047619048,0.0
2021,21,La Rioja,2021-05-24,46,384607,26,6.760147371212693,13.157142857142858,0.0,59.80952380952382,0.0
2021,22,La Rioja,2021-05-31,46,384607,7,1.8200396768649556,15.3,0.0,63.0,0.0
2021,23,La Rioja,2021-06-07,46,384607,5,1.3000283406178255,13.217460317460317,0.0,74.65079365079366,0.0
2021,24,La Rioja,2021-06-14,46,384607,1,0.2600056681235651,7.528571428571428,8.200000000000001,78.14285714285715,1.0
2021,25,La Rioja,2021-06-21,46,384607,1,0.2600056681235651,9.190476190476192,0.0,70.61904761904762,0.0
2021,26,La Rioja,2021-06-28,46,384607,0,0.0,8.028571428571428,0.0,54.04761904761904,0.0
2021,27,La Rioja,2021-07-05,46,384607,0,0.0,13.675396825396826,0.0,56.333333333333336,0.0
2021,28,La Rioja,2021-07-12,46,384607,0,0.0,11.785714285714286,0.0,51.19047619047618,0.0
2021,29,La Rioja,2021-07-19,46,384607,0,0.0,12.0,0.0,48.95238095238096,0.0
2021,30,La Rioja,2021-07-26,46,384607,0,0.0,9.706349206349207,0.0,45.095238095238095,0.0
2022,1,La Rioja,2022-01-03,46,384607,0,0.0,29.585714285714285,14.433333333333332,44.04761904761904,1.0
2022,2,La Rioja,2022-01-10,46,384607,0,0.0,34.38095238095238,5.333333333333333,29.142857142857142,0.3333333333333333
2022,3,La Rioja,2022-01-17,46,384607,0,0.0,27.166666666666668,13.333333333333334,58.142857142857146,1.3333333333333333
2022,4,La Rioja,2022-01-24,46,384607,0,0.0,25.552380952380958,86.03333333333335,66.04761904761905,2.6666666666666665
2022,5,La Rioja,2022-01-31,46,384607,0,0.0,25.566666666666663,22.666666666666668,58.71428571428572,1.0
2022,6,La Rioja,2022-02-07,46,384607,0,0.0,23.985714285714284,34.833333333333336,61.333333333333336,1.6666666666666667
2022,7,La Rioja,2022-02-14,46,384607,0,0.0,26.71428571428571,9.266666666666667,58.61904761904761,1.0
2022,8,La Rioja,2022-02-21,46,384607,0,0.0,24.704761904761902,16.8,69.33333333333333,1.6666666666666667
2022,9,La Rioja,2022-02-28,46,384607,0,0.0,25.742857142857144,7.933333333333334,69.04761904761905,0.3333333333333333
2022,10,La Rioja,2022-03-07,46,384607,0,0.0,23.052380952380958,16.0,68.04761904761905,1.3333333333333333
2022,11,La Rioja,2022-03-14,46,384607,0,0.0,22.328571428571436,3.9333333333333336,61.0,0.3333333333333333
2022,12,La Rioja,2022-03-21,46,384607,0,0.0,21.13809523809524,0.0,51.42857142857142,0.0
2022,13,La Rioja,2022-03-28,46,384607,0,0.0,18.857142857142858,0.6666666666666666,49.42857142857142,0.3333333333333333
2022,14,La Rioja,2022-04-04,46,384607,0,0.0,22.257142857142856,0.0,64.71428571428571,0.0
2022,15,La Rioja,2022-04-11,46,384607,0,0.0,19.090476190476192,9.266666666666667,61.38095238095238,0.3333333333333333
2022,16,La Rioja,2022-04-18,46,384607,0,0.0,19.84285714285714,0.0,62.42857142857142,0.0
2022,17,La Rioja,2022-04-25,46,384607,0,0.0,17.847619047619048,0.0,53.19047619047618,0.0
2022,18,La Rioja,2022-05-02,46,384607,0,0.0,15.871428571428572,0.0,57.95238095238096,0.0
2022,19,La Rioja,2022-05-09,46,384607,0,0.0,17.042857142857144,1.9,68.66666666666667,0.6666666666666666
2022,20,La Rioja,2022-05-16,46,384607,0,0.0,12.03968253968254,0.0,58.92857142857142,0.0
2022,21,La Rioja,2022-05-23,46,384607,0,0.0,13.10952380952381,0.0,66.33333333333333,0.0
2022,22,La Rioja,2022-05-30,46,384607,0,0.0,9.5,0.0,61.95238095238096,0.0
2022,23,La Rioja,2022-06-06,46,384607,0,0.0,12.195238095238096,0.0333333333333333,64.80952380952381,0.0
2022,24,La Rioja,2022-06-13,46,384607,0,0.0,10.41904761904762,0.0,53.23809523809524,0.0
2022,25,La Rioja,2022-06-20,46,384607,0,0.0,8.519047619047619,0.0,66.76190476190476,0.0
2022,26,La Rioja,2022-06-27,46,384607,0,0.0,10.4,0.0,63.42857142857142,0.0
2022,27,La Rioja,2022-07-04,46,384607,0,0.0,12.766666666666666,0.0,50.285714285714285,0.0
2022,28,La Rioja,2022-07-11,46,384607,0,0.0,8.50952380952381,0.0,53.85714285714285,0.0
2022,29,La Rioja,2022-07-18,46,384607,0,0.0,13.128571428571428,0.0,62.04761904761904,0.0
2022,30,La Rioja,2022-07-25,46,384607,0,0.0,15.527777777777777,0.0,59.93650793650793,0.0
2022,31,La Rioja,2022-08-01,46,384607,0,0.0,13.166666666666666,1.0,59.23809523809524,0.3333333333333333
2022,32,La Rioja,2022-08-08,46,384607,0,0.0,12.82857142857143,0.0,55.04761904761904,0.0
2022,33,La Rioja,2022-08-15,46,384607,0,0.0,13.0,0.0,36.61904761904762,0.0
2022,34,La Rioja,2022-08-22,46,384607,0,0.0,17.480952380952377,0.0,37.95238095238096,0.0
2022,35,La Rioja,2022-08-29,46,384607,0,0.0,15.176190476190476,0.0,34.904761904761905,0.0
2022,36,La Rioja,2022-09-05,46,384607,0,0.0,16.84285714285714,0.0,28.38095238095238,0.0
2022,37,La Rioja,2022-09-12,46,384607,0,0.0,19.123809523809523,0.0,31.76190476190476,0.0
2022,38,La Rioja,2022-09-19,46,384607,0,0.0,16.39761904761905,0.0,43.53968253968254,0.0
2022,39,La Rioja,2022-09-26,46,384607,0,0.0,17.623809523809523,27.6,59.095238095238095,2.0
2022,40,La Rioja,2022-10-03,46,384607,0,0.0,21.057142857142853,0.3333333333333333,34.38095238095238,0.0
2022,41,La Rioja,2022-10-10,46,384607,0,0.0,19.395238095238096,0.0,33.476190476190474,0.0
2022,42,La Rioja,2022-10-17,46,384607,0,0.0,20.652380952380955,0.2666666666666666,50.142857142857146,0.0
2022,43,La Rioja,2022-10-24,46,384607,0,0.0,26.604761904761904,0.0,33.23809523809524,0.0
2022,44,La Rioja,2022-10-31,46,384607,0,0.0,21.495238095238097,0.0,27.761904761904763,0.0
2022,45,La Rioja,2022-11-07,46,384607,0,0.0,25.933333333333334,6.0,41.66666666666666,1.0
2022,46,La Rioja,2022-11-14,46,384607,0,0.0,29.34285714285714,0.0,33.761904761904766,0.0
2022,47,La Rioja,2022-11-21,46,384607,0,0.0,29.56190476190476,0.0,28.952380952380956,0.0
2022,48,La Rioja,2022-11-28,46,384607,0,0.0,27.86666666666667,28.83333333333333,43.42857142857142,1.6666666666666667
2022,49,La Rioja,2022-12-05,46,384607,0,0.0,32.44761904761905,2.966666666666667,39.76190476190476,0.3333333333333333
2022,50,La Rioja,2022-12-12,46,384607,0,0.0,28.02380952380953,19.5,42.61904761904762,1.6666666666666667
2023,1,La Rioja,2023-01-02,46,384607,0,0.0,29.057142857142857,3.75,39.14285714285714,1.0
2023,2,La Rioja,2023-01-09,46,384607,0,0.0,28.307142857142857,13.5,43.64285714285714,1.0
2023,3,La Rioja,2023-01-16,46,384607,0,0.0,29.992857142857144,29.25,50.71428571428572,1.5
2023,4,La Rioja,2023-01-23,46,384607,0,0.0,28.13571428571429,37.75,62.5,3.0
2023,5,La Rioja,2023-01-30,46,384607,0,0.0,27.37142857142857,28.0,63.57142857142857,1.0
2023,6,La Rioja,2023-02-06,46,384607,0,0.0,30.55,0.0,46.92857142857143,0.0
2023,7,La Rioja,2023-02-13,46,384607,0,0.0,25.0,8.0,52.14285714285714,0.5
2023,8,La Rioja,2023-02-20,46,384607,1,0.2600056681235651,26.82142857142857,17.0,52.35714285714286,2.0
2023,9,La Rioja,2023-02-27,46,384607,0,0.0,28.815238095238097,3.0,47.78095238095239,1.0
2023,10,La Rioja,2023-03-06,46,384607,0,0.0,29.728571428571428,3.333333333333333,53.23809523809524,0.6666666666666666
2023,11,La Rioja,2023-03-13,46,384607,3,0.7800170043706952,28.71111111111111,3.6666666666666665,54.18253968253968,0.6666666666666666
2023,12,La Rioja,2023-03-20,46,384607,13,3.3800736856063467,25.276190476190475,30.1,70.90476190476191,1.6666666666666667
2023,13,La Rioja,2023-03-27,46,384607,22,5.720124698718433,23.06190476190476,0.6666666666666666,65.90476190476191,0.3333333333333333
2023,14,La Rioja,2023-04-03,46,384607,30,7.800170043706952,23.34285714285714,0.0,66.42857142857143,0.0
2023,15,La Rioja,2023-04-10,46,384607,67,17.420379764278863,19.47619047619048,15.0,71.0,2.0
2023,16,La Rioja,2023-04-17,46,384607,46,11.960260733683993,18.27619047619048,15.333333333333334,64.6190476190476,1.3333333333333333
2023,17,La Rioja,2023-04-24,46,384607,43,11.180243729313299,19.347619047619048,0.0,71.04761904761905,0.0
2023,18,La Rioja,2023-05-01,46,384607,60,15.600340087413905,15.17142857142857,0.0,58.19047619047618,0.0
2023,19,La Rioja,2023-05-08,46,384607,33,8.580187048077647,18.37142857142857,0.0,65.42857142857143,0.0
2023,20,La Rioja,2023-05-15,46,384607,32,8.320181379954084,18.466666666666665,0.0,67.85714285714286,0.0
2023,21,La Rioja,2023-05-22,46,384607,22,5.720124698718433,16.18095238095238,7.5,79.28571428571429,1.6666666666666667
2023,22,La Rioja,2023-05-29,46,384607,15,3.900085021853476,15.071428571428571,0.0,77.0,0.0
2023,23,La Rioja,2023-06-05,46,384607,5,1.3000283406178255,15.714285714285715,0.0,68.04761904761905,0.0
2023,24,La Rioja,2023-06-12,46,384607,9,2.340051013112086,8.214285714285714,0.0,60.95238095238096,0.0
2023,25,La Rioja,2023-06-19,46,384607,0,0.0,12.252380952380951,0.1666666666666666,73.71428571428571,0.0
2023,26,La Rioja,2023-06-26,46,384607,0,0.0,13.54761904761905,0.0,65.71428571428571,0.0
2023,27,La Rioja,2023-07-03,46,384607,0,0.0,15.714285714285715,0.0,68.42857142857143,0.0
2023,28,La Rioja,2023-07-10,46,384607,0,0.0,9.095238095238097,5.3,81.95238095238095,1.0
2023,29,La Rioja,2023-07-17,46,384607,0,0.0,11.55,0.0,61.42857142857143,0.0
2023,30,La Rioja,2023-07-24,46,384607,0,0.0,12.814285714285717,0.0,57.142857142857146,0.0
2023,31,La Rioja,2023-07-31,46,384607,0,0.0,18.133333333333336,0.0,53.47619047619048,0.0
2023,32,La Rioja,2023-08-07,46,384607,0,0.0,13.861904761904762,0.0,47.04761904761904,0.0
2023,33,La Rioja,2023-08-14,46,384607,0,0.0,17.052380952380954,0.0,47.95238095238096,0.0
2023,34,La Rioja,2023-08-21,46,384607,0,0.0,16.49047619047619,0.0,43.095238095238095,0.0
2023,35,La Rioja,2023-08-28,46,384607,0,0.0,17.423809523809524,0.0,38.333333333333336,0.0
2023,36,La Rioja,2023-09-04,46,384607,0,0.0,16.866666666666664,0.0,53.90476190476191,0.0
2023,37,La Rioja,2023-09-11,46,384607,0,0.0,20.585714285714285,0.0,28.61904761904762,0.0
2023,38,La Rioja,2023-09-18,46,384607,0,0.0,20.914285714285715,0.0,46.90476190476191,0.0
2023,39,La Rioja,2023-09-25,46,384607,0,0.0,20.109523809523807,0.0,39.95238095238096,0.0
2023,40,La Rioja,2023-10-02,46,384607,0,0.0,21.69047619047619,0.0,36.142857142857146,0.0
2023,41,La Rioja,2023-10-09,46,384607,0,0.0,22.42857142857143,0.0,31.28571428571429,0.0
2023,42,La Rioja,2023-10-16,46,384607,0,0.0,24.623809523809523,2.766666666666667,45.47619047619048,0.6666666666666666
2023,43,La Rioja,2023-10-23,46,384607,0,0.0,23.328571428571426,4.1000000000000005,61.04761904761904,1.3333333333333333
2023,44,La Rioja,2023-10-30,46,384607,0,0.0,20.652380952380952,0.1666666666666666,45.95238095238096,0.0
2023,45,La Rioja,2023-11-06,46,384607,0,0.0,28.623809523809523,0.0,35.238095238095234,0.0
2023,46,La Rioja,2023-11-13,46,384607,0,0.0,26.542857142857144,0.0,36.38095238095238,0.0
2023,47,La Rioja,2023-11-20,46,384607,0,0.0,27.933333333333334,11.7,46.38095238095238,1.0
2023,48,La Rioja,2023-11-27,46,384607,0,0.0,27.004761904761907,17.333333333333332,57.90476190476191,1.3333333333333333
2023,49,La Rioja,2023-12-04,46,384607,0,0.0,24.980952380952385,1.6666666666666667,54.76190476190476,0.3333333333333333
2023,50,La Rioja,2023-12-11,46,384607,0,0.0,31.55714285714286,1.7333333333333334,48.04761904761904,0.3333333333333333
2023,51,La Rioja,2023-12-18,46,384607,0,0.0,25.442857142857147,11.666666666666666,63.42857142857142,1.6666666666666667
2023,52,La Rioja,2023-12-25,46,384607,0,0.0,28.87142857142857,25.46666666666667,51.523809523809526,1.3333333333333333
2024,1,La Rioja,2024-01-01,46,384607,10,2.600056681235651,29.435714285714287,4.15,54.07142857142857,1.0
2024,2,La Rioja,2024-01-08,46,384607,16,4.160090689977042,27.728571428571428,8.7,64.07142857142857,1.0
2024,3,La Rioja,2024-01-15,46,384607,15,3.900085021853476,28.9,1.0,52.85714285714286,0.5
2024,4,La Rioja,2024-01-22,46,384607,24,6.240136034965562,29.37142857142857,0.0,44.07142857142857,0.0
2024,5,La Rioja,2024-01-29,46,384607,28,7.280158707459822,33.05714285714286,0.0,40.0,0.0
2024,6,La Rioja,2024-02-05,46,384607,26,6.760147371212693,30.214285714285715,27.0,58.71428571428572,1.0
2024,7,La Rioja,2024-02-12,46,384607,30,7.800170043706952,27.035714285714285,11.0,58.71428571428571,1.0
2024,8,La Rioja,2024-02-19,46,384607,57,14.82032308304321,26.285714285714285,21.3,64.71428571428572,1.0
2024,9,La Rioja,2024-02-26,46,384607,118,30.680668838580683,27.67142857142857,13.25,69.92857142857142,1.0
2024,10,La Rioja,2024-03-04,46,384607,262,68.12148504837405,26.42857142857143,9.333333333333334,67.76190476190476,0.3333333333333333
2024,11,La Rioja,2024-03-11,46,384607,528,137.28299276924236,29.928571428571427,11.066666666666668,62.90476190476191,1.3333333333333333
2024,12,La Rioja,2024-03-18,46,384607,1227,319.0269547876144,25.57619047619048,0.0,58.8095238095238,0.0
2024,13,La Rioja,2024-03-25,46,384607,1693,440.1895961331957,26.82380952380953,0.3333333333333333,55.71428571428572,0.0
2024,14,La Rioja,2024-04-01,46,384607,1967,511.4311491990525,23.290476190476188,0.1999999999999999,62.19047619047618,0.0
2024,15,La Rioja,2024-04-08,46,384607,2181,567.0723621774954,16.376190476190477,21.666666666666668,85.19047619047619,3.0
2024,16,La Rioja,2024-04-15,46,384607,1066,277.1660422197204,19.9,0.0,62.76190476190476,0.0
2024,17,La Rioja,2024-04-22,46,384607,1237,321.62701146885,17.961904761904762,3.1333333333333333,75.47619047619048,1.0
2024,18,La Rioja,2024-04-29,46,384607,606,157.56343488288044,16.93809523809524,0.3999999999999999,66.28571428571429,0.3333333333333333
2024,19,La Rioja,2024-05-06,46,384607,378,98.2821425507076,13.847619047619048,0.0,59.52380952380952,0.0
2024,20,La Rioja,2024-05-13,46,384607,169,43.9409579128825,10.104761904761906,0.3333333333333333,66.71428571428571,0.0
2024,21,La Rioja,2024-05-20,46,384607,64,16.640362759908168,9.819047619047618,0.1999999999999999,70.33333333333333,0.0
2024,22,La Rioja,2024-05-27,46,384607,20,5.200113362471302,10.595238095238097,0.0,64.23809523809524,0.0
2024,23,La Rioja,2024-06-03,46,384607,8,2.080045344988521,13.776190476190475,0.0,59.95238095238096,0.0
2024,24,La Rioja,2024-06-10,46,384607,1,0.2600056681235651,16.07777777777778,0.0,61.55555555555555,0.0
2024,25,La Rioja,2024-06-17,46,384607,2,0.5200113362471303,13.638095238095238,0.0,76.14285714285715,0.0
2024,26,La Rioja,2024-06-24,46,384607,1,0.2600056681235651,9.128571428571428,0.0999999999999999,59.333333333333336,0.0
2024,27,La Rioja,2024-07-01,46,384607,0,0.0,9.923809523809524,0.0,49.90476190476191,0.0
2024,28,La Rioja,2024-07-08,46,384607,0,0.0,5.128571428571429,0.0,59.90476190476191,0.0
2024,29,La Rioja,2024-07-15,46,384607,0,0.0,10.085714285714284,0.0,55.90476190476191,0.0
2024,30,La Rioja,2024-07-22,46,384607,0,0.0,13.395238095238094,0.0,48.285714285714285,0.0
2024,31,La Rioja,2024-07-29,46,384607,0,0.0,14.561904761904762,0.0,46.04761904761904,0.0
2024,32,La Rioja,2024-08-05,46,384607,0,0.0,11.771428571428572,0.0,45.85714285714285,0.0
2024,33,La Rioja,2024-08-12,46,384607,0,0.0,14.066666666666668,0.0,42.285714285714285,0.0
2024,34,La Rioja,2024-08-19,46,384607,0,0.0,10.800000000000002,0.0666666666666666,58.76190476190476,0.0
2024,35,La Rioja,2024-08-26,46,384607,0,0.0,14.066666666666668,3.0666666666666664,50.23809523809524,1.0
2024,36,La Rioja,2024-09-02,46,384607,0,0.0,19.41809523809524,0.0,34.114285714285714,0.0
2024,37,La Rioja,2024-09-09,46,384607,0,0.0,20.382857142857144,0.0,35.84761904761905,0.0
2024,38,La Rioja,2024-09-16,46,384607,0,0.0,24.93571428571429,0.0,27.571428571428573,0.0
2024,39,La Rioja,2024-09-23,46,384607,0,0.0,22.292857142857144,0.0,35.142857142857146,0.0
2024,40,La Rioja,2024-09-30,46,384607,0,0.0,25.10714285714285,0.0,30.85714285714285,0.0
2024,41,La Rioja,2024-10-07,46,384607,0,0.0,20.83571428571428,77.7,72.92857142857143,2.6666666666666665
2024,42,La Rioja,2024-10-14,46,384607,0,0.0,25.87142857142857,0.6666666666666666,61.785714285714285,0.3333333333333333
2024,43,La Rioja,2024-10-21,46,384607,0,0.0,22.121428571428574,13.166666666666666,57.64285714285714,1.0
2024,44,La Rioja,2024-10-28,46,384607,0,0.0,26.685714285714283,1.8333333333333333,50.07142857142857,0.3333333333333333
2024,45,La Rioja,2024-11-04,46,384607,0,0.0,26.32857142857143,2.1666666666666665,52.71428571428572,0.3333333333333333
2024,46,La Rioja,2024-11-11,46,384607,0,0.0,27.200000000000003,0.0,35.214285714285715,0.0
2024,47,La Rioja,2024-11-18,46,384607,0,0.0,25.714285714285715,2.833333333333333,58.5,1.0
2024,48,La Rioja,2024-11-25,46,384607,0,0.0,26.292857142857144,8.833333333333334,67.35714285714286,1.6666666666666667
2024,49,La Rioja,2024-12-02,46,384607,0,0.0,25.42142857142857,3.333333333333333,43.71428571428572,0.6666666666666666
2024,50,La Rioja,2024-12-09,46,384607,0,0.0,28.542857142857144,6.333333333333333,41.07142857142857,0.6666666666666666
2024,51,La Rioja,2024-12-16,46,384607,0,0.0,27.78690476190476,0.8666666666666667,44.89285714285714,0.3333333333333333
2024,52,La Rioja,2024-12-23,46,384607,0,0.0,28.685714285714283,51.1,42.78571428571429,1.1333333333333335
2025,1,La Rioja,2024-12-30,46,384607,1,0.2600056681235651,30.457142857142856,8.45,43.0,1.0
2025,2,La Rioja,2025-01-06,46,384607,0,0.0,28.935714285714283,17.2,51.07142857142857,1.5
2025,3,La Rioja,2025-01-13,46,384607,1,0.2600056681235651,30.42857142857143,11.5,42.35714285714286,1.0
2025,4,La Rioja,2025-01-20,46,384607,1,0.2600056681235651,29.52142857142857,21.5,52.85714285714286,2.0
2025,5,La Rioja,2025-01-27,46,384607,2,0.5200113362471303,28.371428571428574,40.0,60.92857142857143,1.5
2025,6,La Rioja,2025-02-03,46,384607,0,0.0,33.41428571428571,0.0,45.0,0.0
2025,7,La Rioja,2025-02-10,46,384607,0,0.0,30.87857142857143,9.7,53.71428571428572,1.0
2025,8,La Rioja,2025-02-17,46,384607,0,0.0,29.814285714285717,21.1,58.833333333333336,1.0
2025,9,La Rioja,2025-02-24,46,384607,5,1.3000283406178255,29.007142857142856,39.5,64.78571428571429,2.5
2025,10,La Rioja,2025-03-03,46,384607,25,6.5001417030891275,27.685714285714283,26.53333333333333,62.14285714285714,2.1333333333333333
2025,11,La Rioja,2025-03-10,46,384607,11,2.8600623493592163,21.07142857142857,11.0,73.57142857142857,1.3333333333333333
2025,12,La Rioja,2025-03-17,46,384607,1,0.2600056681235651,25.10714285714285,18.5,62.35714285714286,1.3333333333333333
2025,13,La Rioja,2025-03-24,46,384607,13,3.3800736856063467,19.992857142857144,9.866666666666664,84.71428571428572,1.0
2025,14,La Rioja,2025-03-31,46,384607,12,3.120068017482781,16.42142857142857,1.4666666666666668,63.92857142857143,0.3333333333333333
2025,15,La Rioja,2025-04-07,46,384607,9,2.340051013112086,18.985714285714284,0.0,69.14285714285714,0.0
2025,16,La Rioja,2025-04-14,46,384607,5,1.3000283406178255,20.24285714285714,4.9,69.42857142857143,1.3333333333333333
2025,17,La Rioja,2025-04-21,46,384607,0,0.0,19.642857142857142,0.0,71.92857142857143,0.0
2025,18,La Rioja,2025-04-28,46,384607,3,0.7800170043706952,19.88571428571429,0.0,67.28571428571428,0.0
2025,19,La Rioja,2025-05-05,46,384607,10,2.600056681235651,20.47142857142857,0.0,73.78571428571428,0.0
2025,20,La Rioja,2025-05-12,46,384607,4,1.0400226724942605,19.685714285714287,0.0,70.35714285714286,0.0
2025,21,La Rioja,2025-05-19,46,384607,1,0.2600056681235651,14.757142857142856,0.5666666666666667,71.85714285714286,0.3333333333333333
2025,22,La Rioja,2025-05-26,46,384607,1,0.2600056681235651,10.307142857142855,4.166666666666667,67.71428571428572,0.6666666666666666
2025,23,La Rioja,2025-06-02,46,384607,0,0.0,13.064285714285711,0.0,72.07142857142857,0.0
2025,24,La Rioja,2025-06-09,46,384607,0,0.0,12.228571428571428,0.0,66.21428571428572,0.0
2025,25,La Rioja,2025-06-16,46,384607,0,0.0,10.92142857142857,0.0,63.5,0.0
2025,26,La Rioja,2025-06-23,46,384607,0,0.0,7.392857142857142,0.0,51.285714285714285,0.0
2025,27,La Rioja,2025-06-30,46,384607,0,0.0,7.4714285714285715,0.0,61.35714285714286,0.0
2025,28,La Rioja,2025-07-07,46,384607,0,0.0,14.278571428571428,0.0,68.28571428571428,0.0
2025,29,La Rioja,2025-07-14,46,384607,0,0.0,12.892857142857142,0.0,52.07142857142857,0.0
2025,30,La Rioja,2025-07-21,46,384607,0,0.0,11.657142857142858,3.7,78.07142857142857,1.3333333333333333
2025,31,La Rioja,2025-07-28,46,384607,0,0.0,12.971428571428572,0.1666666666666666,67.57142857142857,0.0
2025,32,La Rioja,2025-08-04,46,384607,0,0.0,13.107142857142858,0.3333333333333333,51.85714285714286,0.0
2025,33,La Rioja,2025-08-11,46,384607,0,0.0,14.664285714285716,0.0,48.5,0.0
2025,34,La Rioja,2025-08-18,46,384607,0,0.0,14.714285714285715,1.0,43.21428571428572,0.3333333333333333
2025,35,La Rioja,2025-08-25,46,384607,0,0.0,17.042857142857144,13.433333333333332,39.285714285714285,0.6666666666666666
2025,36,La Rioja,2025-09-01,46,384607,0,0.0,13.62142857142857,1.0,52.64285714285714,0.3333333333333333
2025,37,La Rioja,2025-09-08,46,384607,0,0.0,20.37142857142857,0.0,39.71428571428572,0.0
2025,38,La Rioja,2025-09-15,46,384607,0,0.0,23.72142857142857,0.6666666666666666,55.785714285714285,0.3333333333333333
2025,39,La Rioja,2025-09-22,46,384607,0,0.0,21.09285714285714,0.0,34.42857142857143,0.0
2025,40,La Rioja,2025-09-29,46,384607,0,0.0,23.88571428571429,0.977777777777778,42.35714285714286,0.3333333333333333
2025,41,La Rioja,2025-10-06,46,384607,0,0.0,22.457142857142856,0.0,26.07142857142857,0.0
2025,42,La Rioja,2025-10-13,46,384607,0,0.0,25.12142857142857,0.5333333333333333,38.0,0.3333333333333333
2018,1,Mendoza,2018-01-01,50,2014533,0,0.0,24.314285714285717,0.0,33.371428571428574,0.0
2018,2,Mendoza,2018-01-08,50,2014533,0,0.0,24.934285714285718,22.06,52.65714285714286,2.2
2018,3,Mendoza,2018-01-15,50,2014533,0,0.0,23.577142857142853,3.5,48.82857142857143,0.6
2018,4,Mendoza,2018-01-22,50,2014533,0,0.0,23.35714285714285,1.38,50.77142857142857,0.4
2018,5,Mendoza,2018-01-29,50,2014533,0,0.0,26.168571428571436,11.4,53.94285714285714,1.4
2018,6,Mendoza,2018-02-05,50,2014533,0,0.0,24.174285714285716,1.1,42.91428571428572,0.4
2018,7,Mendoza,2018-02-12,50,2014533,0,0.0,24.082857142857144,3.44,49.142857142857146,0.4
2018,8,Mendoza,2018-02-19,50,2014533,0,0.0,20.62,15.32,59.37142857142858,1.2
2018,9,Mendoza,2018-02-26,50,2014533,0,0.0,22.434285714285718,16.759999999999998,54.114285714285714,1.6
2018,10,Mendoza,2018-03-05,50,2014533,0,0.0,21.077142857142857,0.12,47.51428571428571,0.0
2018,11,Mendoza,2018-03-12,50,2014533,0,0.0,18.44,0.0,38.22857142857143,0.0
2018,12,Mendoza,2018-03-19,50,2014533,0,0.0,16.745714285714286,0.0,40.91428571428571,0.0
2018,13,Mendoza,2018-03-26,50,2014533,0,0.0,19.034285714285712,8.879999999999999,50.42857142857143,0.6
2018,14,Mendoza,2018-04-02,50,2014533,0,0.0,17.18857142857143,0.0,58.8,0.0
2018,15,Mendoza,2018-04-09,50,2014533,0,0.0,15.985714285714286,0.0,56.65714285714286,0.0
2018,16,Mendoza,2018-04-16,50,2014533,0,0.0,18.03428571428572,0.0,58.08571428571429,0.0
2018,17,Mendoza,2018-04-23,50,2014533,0,0.0,15.44,0.0,65.2,0.0
2018,18,Mendoza,2018-04-30,50,2014533,0,0.0,12.982857142857142,9.18,75.94285714285715,0.8
2018,19,Mendoza,2018-05-07,50,2014533,0,0.0,13.5,8.64,76.5142857142857,1.6
2018,20,Mendoza,2018-05-14,50,2014533,0,0.0,10.571428571428571,0.0,60.57142857142857,0.0
2018,21,Mendoza,2018-05-21,50,2014533,0,0.0,10.325714285714287,0.0,63.02857142857143,0.0
2018,22,Mendoza,2018-05-28,50,2014533,0,0.0,6.98,5.26,73.17142857142858,1.6
2018,23,Mendoza,2018-06-04,50,2014533,0,0.0,6.234285714285714,0.92,63.17142857142856,0.2
2018,24,Mendoza,2018-06-11,50,2014533,0,0.0,3.748571428571428,0.0,64.4,0.0
2018,25,Mendoza,2018-06-18,50,2014533,0,0.0,8.397142857142857,0.0,54.0,0.0
2018,26,Mendoza,2018-06-25,50,2014533,0,0.0,9.44285714285714,0.3,56.62857142857143,0.0
2018,27,Mendoza,2018-07-02,50,2014533,0,0.0,3.18,6.1,87.2,1.2
2019,1,Mendoza,2018-12-31,50,2014533,0,0.0,24.61714285714286,1.2,43.4,0.4
2019,2,Mendoza,2019-01-07,50,2014533,0,0.0,20.54,10.08,47.02857142857143,1.2
2019,3,Mendoza,2019-01-14,50,2014533,0,0.0,20.822857142857146,9.92,57.0,1.4
2019,4,Mendoza,2019-01-21,50,2014533,0,0.0,27.46,10.44,53.0,0.6
2019,5,Mendoza,2019-01-28,50,2014533,0,0.0,24.90571428571429,18.7,59.57142857142857,2.0
2019,6,Mendoza,2019-02-04,50,2014533,0,0.0,24.777142857142856,5.4,57.91428571428571,0.4
2019,7,Mendoza,2019-02-11,50,2014533,0,0.0,21.722857142857144,1.6,48.71428571428571,0.2
2019,8,Mendoza,2019-02-18,50,2014533,0,0.0,24.922857142857143,0.8,45.68571428571429,0.4
2019,9,Mendoza,2019-02-25,50,2014533,0,0.0,21.222857142857144,0.4,42.28571428571429,0.2
2019,10,Mendoza,2019-03-04,50,2014533,0,0.0,18.380000000000003,20.14,64.54285714285714,2.6
2019,11,Mendoza,2019-03-11,50,2014533,0,0.0,17.714285714285715,11.2,66.02857142857142,1.2
2019,12,Mendoza,2019-03-18,50,2014533,0,0.0,16.28857142857143,0.0,50.94285714285714,0.0
2019,13,Mendoza,2019-03-25,50,2014533,0,0.0,16.919999999999998,5.12,65.85714285714286,0.6
2019,14,Mendoza,2019-04-01,50,2014533,0,0.0,19.13714285714285,0.0,49.0,0.0
2019,15,Mendoza,2019-04-08,50,2014533,0,0.0,17.942857142857143,0.0,48.42857142857143,0.0
2019,16,Mendoza,2019-04-15,50,2014533,0,0.0,16.745714285714286,6.3,59.31428571428571,1.0
2019,17,Mendoza,2019-04-22,50,2014533,0,0.0,13.111428571428572,8.92,79.62857142857142,0.8
2019,18,Mendoza,2019-04-29,50,2014533,0,0.0,14.545714285714286,1.06,64.88571428571429,0.4
2019,19,Mendoza,2019-05-06,50,2014533,0,0.0,13.094285714285714,5.8,69.34285714285714,0.6
2019,20,Mendoza,2019-05-13,50,2014533,0,0.0,11.597142857142858,2.7,66.88571428571429,0.4
2019,21,Mendoza,2019-05-20,50,2014533,0,0.0,6.74,18.16,71.34285714285714,1.0
2019,22,Mendoza,2019-05-27,50,2014533,0,0.0,7.368571428571428,0.64,72.14285714285714,0.2
2019,23,Mendoza,2019-06-03,50,2014533,0,0.0,9.505714285714284,0.6,66.91428571428571,0.2
2019,24,Mendoza,2019-06-10,50,2014533,0,0.0,6.925714285714285,6.659999999999999,69.25714285714285,1.0
2019,25,Mendoza,2019-06-17,50,2014533,0,0.0,7.7142857142857135,0.0,55.91428571428571,0.0
2019,26,Mendoza,2019-06-24,50,2014533,0,0.0,6.791428571428571,0.0,53.37142857142858,0.0
2019,27,Mendoza,2019-07-01,50,2014533,0,0.0,5.077142857142857,0.0,63.142857142857146,0.0
2019,28,Mendoza,2019-07-08,50,2014533,0,0.0,8.065714285714286,0.0,65.6,0.0
2019,29,Mendoza,2019-07-15,50,2014533,0,0.0,8.365714285714287,0.04,56.28571428571429,0.0
2019,30,Mendoza,2019-07-22,50,2014533,0,0.0,6.2942857142857145,0.0,50.31428571428571,0.0
2019,31,Mendoza,2019-07-29,50,2014533,0,0.0,8.825714285714286,0.0,43.42857142857143,0.0
2019,32,Mendoza,2019-08-05,50,2014533,0,0.0,7.6971428571428575,0.0,37.2,0.0
2019,33,Mendoza,2019-08-12,50,2014533,0,0.0,7.768571428571429,1.26,53.34285714285714,0.2
2019,34,Mendoza,2019-08-19,50,2014533,0,0.0,10.02,0.0,61.91428571428571,0.0
2019,35,Mendoza,2019-08-26,50,2014533,0,0.0,13.214285714285714,0.4,46.457142857142856,0.2
2019,36,Mendoza,2019-09-02,50,2014533,0,0.0,7.982857142857142,0.0,48.74285714285715,0.0
2019,37,Mendoza,2019-09-09,50,2014533,0,0.0,10.55142857142857,5.92,58.74285714285715,1.0
2019,38,Mendoza,2019-09-16,50,2014533,0,0.0,12.32,0.0,31.77142857142857,0.0
2019,39,Mendoza,2019-09-23,50,2014533,0,0.0,19.82857142857143,0.0,34.05714285714286,0.0
2019,40,Mendoza,2019-09-30,50,2014533,0,0.0,12.805714285714284,0.1,38.48571428571429,0.0
2019,41,Mendoza,2019-10-07,50,2014533,0,0.0,19.20285714285714,0.8400000000000001,34.857142857142854,0.2
2019,42,Mendoza,2019-10-14,50,2014533,0,0.0,12.445714285714285,6.24,60.08571428571429,0.8
2019,43,Mendoza,2019-10-21,50,2014533,0,0.0,19.36,0.0,35.42857142857143,0.0
2019,44,Mendoza,2019-10-28,50,2014533,0,0.0,19.18285714285714,0.0,36.48571428571429,0.0
2019,45,Mendoza,2019-11-04,50,2014533,0,0.0,21.845714285714287,3.8,37.457142857142856,0.4
2019,46,Mendoza,2019-11-11,50,2014533,0,0.0,24.325714285714287,9.8,47.94285714285714,1.4
2019,47,Mendoza,2019-11-18,50,2014533,0,0.0,22.934285714285718,9.34,54.22857142857142,1.6
2019,48,Mendoza,2019-11-25,50,2014533,0,0.0,20.69142857142857,3.38,43.4,0.6
2019,49,Mendoza,2019-12-02,50,2014533,0,0.0,22.194285714285712,5.6,39.142857142857146,0.6
2019,50,Mendoza,2019-12-09,50,2014533,0,0.0,23.85142857142857,0.54,32.971428571428575,0.2
2019,51,Mendoza,2019-12-16,50,2014533,0,0.0,24.254285714285714,0.18,37.28571428571429,0.0
2019,52,Mendoza,2019-12-23,50,2014533,0,0.0,25.41142857142857,0.2,38.71428571428571,0.0
2020,1,Mendoza,2019-12-30,50,2014533,0,0.0,26.56571428571429,3.84,47.885714285714286,0.4
2020,2,Mendoza,2020-01-06,50,2014533,0,0.0,24.037142857142857,4.3,39.82857142857143,0.4
2020,3,Mendoza,2020-01-13,50,2014533,0,0.0,24.782857142857143,7.82,49.74285714285715,0.6
2020,4,Mendoza,2020-01-20,50,2014533,2,0.09927859211042957,27.877142857142854,5.88,45.2,0.8
2020,5,Mendoza,2020-01-27,50,2014533,0,0.0,25.348571428571425,10.2,46.68571428571429,1.2
2020,6,Mendoza,2020-02-03,50,2014533,1,0.049639296055214784,22.79142857142857,40.92,65.14285714285714,3.6
2020,7,Mendoza,2020-02-10,50,2014533,1,0.049639296055214784,22.925714285714285,0.0,56.65714285714286,0.0
2020,8,Mendoza,2020-02-17,50,2014533,0,0.0,20.76,0.0,47.142857142857146,0.0
2020,9,Mendoza,2020-02-24,50,2014533,1,0.049639296055214784,23.46857142857143,1.28,40.971428571428575,0.4
2020,10,Mendoza,2020-03-02,50,2014533,1,0.049639296055214784,26.380000000000003,0.0,47.142857142857146,0.0
2020,11,Mendoza,2020-03-09,50,2014533,1,0.049639296055214784,22.88857142857143,0.2,53.457142857142856,0.0
2020,12,Mendoza,2020-03-16,50,2014533,1,0.049639296055214784,21.35142857142857,0.2,47.94285714285714,0.0
2020,13,Mendoza,2020-03-23,50,2014533,0,0.0,20.748571428571427,19.22,57.457142857142856,1.4
2020,14,Mendoza,2020-03-30,50,2014533,1,0.049639296055214784,17.202857142857145,3.1,67.68571428571428,0.6
2020,15,Mendoza,2020-04-06,50,2014533,0,0.0,15.38857142857143,7.2,56.25714285714285,0.8
2020,16,Mendoza,2020-04-13,50,2014533,0,0.0,16.785714285714285,0.0,61.77142857142858,0.0
2020,17,Mendoza,2020-04-20,50,2014533,0,0.0,15.945714285714285,0.2799999999999999,61.885714285714286,0.0
2020,18,Mendoza,2020-04-27,50,2014533,0,0.0,13.928571428571429,2.4,65.05714285714285,0.4
2020,19,Mendoza,2020-05-04,50,2014533,1,0.049639296055214784,12.448571428571428,0.0,56.68571428571429,0.0
2020,20,Mendoza,2020-05-11,50,2014533,1,0.049639296055214784,12.542857142857144,0.0,49.22857142857143,0.0
2020,21,Mendoza,2020-05-18,50,2014533,0,0.0,10.268571428571429,4.4,63.31428571428571,0.8
2020,22,Mendoza,2020-05-25,50,2014533,0,0.0,10.12,0.4599999999999999,59.885714285714286,0.2
2020,23,Mendoza,2020-06-01,50,2014533,0,0.0,7.245714285714285,8.2,68.05714285714285,1.0
2020,24,Mendoza,2020-06-08,50,2014533,0,0.0,8.411428571428571,2.8,55.22857142857144,0.2
2020,25,Mendoza,2020-06-15,50,2014533,0,0.0,8.391428571428571,4.0600000000000005,58.142857142857146,0.2
2020,26,Mendoza,2020-06-22,50,2014533,0,0.0,4.819999999999999,0.9,70.77142857142857,0.2
2020,27,Mendoza,2020-06-29,50,2014533,0,0.0,4.822857142857143,17.52,70.82857142857142,1.8
2020,28,Mendoza,2020-07-06,50,2014533,0,0.0,6.08,1.4200000000000002,69.97142857142856,0.2
2020,29,Mendoza,2020-07-13,50,2014533,0,0.0,7.45142857142857,0.42,65.54285714285714,0.2
2020,30,Mendoza,2020-07-20,50,2014533,0,0.0,6.125714285714285,6.26,67.37142857142858,1.0
2020,31,Mendoza,2020-07-27,50,2014533,0,0.0,7.454285714285715,0.0,51.91428571428571,0.0
2020,32,Mendoza,2020-08-03,50,2014533,0,0.0,10.48,0.0,48.77142857142857,0.0
2020,33,Mendoza,2020-08-10,50,2014533,0,0.0,7.888571428571429,0.0,32.6,0.0
2020,34,Mendoza,2020-08-17,50,2014533,0,0.0,6.957142857142857,0.74,43.142857142857146,0.2
2020,35,Mendoza,2020-08-24,50,2014533,0,0.0,9.968571428571428,1.6,48.82857142857143,0.4
2020,36,Mendoza,2020-08-31,50,2014533,0,0.0,9.37142857142857,0.0,48.34285714285714,0.0
2020,37,Mendoza,2020-09-07,50,2014533,0,0.0,13.674285714285713,0.0,40.31428571428572,0.0
2020,38,Mendoza,2020-09-14,50,2014533,0,0.0,13.997142857142856,0.0,32.74285714285715,0.0
2020,39,Mendoza,2020-09-21,50,2014533,0,0.0,16.377142857142857,1.42,39.02857142857143,0.2
2020,40,Mendoza,2020-09-28,50,2014533,0,0.0,12.328571428571427,5.2,43.971428571428575,0.8
2020,41,Mendoza,2020-10-05,50,2014533,0,0.0,15.577142857142857,0.0,35.65714285714286,0.0
2020,42,Mendoza,2020-10-12,50,2014533,0,0.0,21.462857142857143,0.0,35.48571428571428,0.0
2020,43,Mendoza,2020-10-19,50,2014533,0,0.0,18.517142857142854,1.62,53.142857142857146,0.2
2020,44,Mendoza,2020-10-26,50,2014533,0,0.0,17.731428571428573,0.0,34.971428571428575,0.0
2020,45,Mendoza,2020-11-02,50,2014533,0,0.0,22.4,5.1,33.51428571428572,0.6
2020,46,Mendoza,2020-11-09,50,2014533,0,0.0,20.21142857142857,41.72,58.65714285714286,1.8
2020,47,Mendoza,2020-11-16,50,2014533,0,0.0,20.222857142857144,12.98,50.82857142857143,1.8
2020,48,Mendoza,2020-11-23,50,2014533,0,0.0,22.542857142857144,1.08,40.05714285714286,0.4
2020,49,Mendoza,2020-11-30,50,2014533,0,0.0,21.35428571428572,9.8,43.2,0.8
2020,50,Mendoza,2020-12-07,50,2014533,0,0.0,24.56,0.0,32.22857142857143,0.0
2020,51,Mendoza,2020-12-14,50,2014533,0,0.0,22.222857142857144,5.6,36.77142857142857,0.6
2020,52,Mendoza,2020-12-21,50,2014533,0,0.0,25.517142857142854,21.6,41.0,1.0
2020,53,Mendoza,2020-12-28,50,2014533,0,0.0,23.548571428571428,15.82,48.08571428571428,1.6
2021,1,Mendoza,2021-01-04,50,2014533,0,0.0,21.148571428571422,27.7,58.114285714285714,1.6
2021,2,Mendoza,2021-01-11,50,2014533,0,0.0,22.13714285714285,4.72,48.54285714285714,0.8
2021,3,Mendoza,2021-01-18,50,2014533,0,0.0,26.774285714285718,0.0,35.22857142857143,0.0
2021,4,Mendoza,2021-01-25,50,2014533,0,0.0,22.005714285714284,21.46,52.114285714285714,2.0
2021,5,Mendoza,2021-02-01,50,2014533,0,0.0,20.685714285714287,24.2,57.94285714285714,1.4
2021,6,Mendoza,2021-02-08,50,2014533,0,0.0,19.685714285714287,16.44,70.85714285714286,3.0
2021,7,Mendoza,2021-02-15,50,2014533,0,0.0,20.231428571428573,21.7,63.65714285714286,1.4
2021,8,Mendoza,2021-02-22,50,2014533,0,0.0,23.645714285714284,20.76,57.37142857142857,1.8
2021,9,Mendoza,2021-03-01,50,2014533,0,0.0,24.422857142857143,3.06,61.82857142857142,0.2
2021,10,Mendoza,2021-03-08,50,2014533,0,0.0,21.88857142857143,8.18,58.42857142857143,0.8
2021,11,Mendoza,2021-03-15,50,2014533,0,0.0,15.228571428571428,21.82,75.94285714285715,2.6
2021,12,Mendoza,2021-03-22,50,2014533,0,0.0,15.777142857142858,6.36,66.62857142857143,0.6
2021,13,Mendoza,2021-03-29,50,2014533,1,0.049639296055214784,18.49142857142857,0.08,65.77142857142857,0.0
2021,14,Mendoza,2021-04-05,50,2014533,0,0.0,16.380000000000003,5.44,74.85714285714286,1.2
2021,15,Mendoza,2021-04-12,50,2014533,0,0.0,17.60857142857143,0.1,61.82857142857144,0.0
2021,16,Mendoza,2021-04-19,50,2014533,0,0.0,15.38,22.26,74.54285714285714,0.8
2021,17,Mendoza,2021-04-26,50,2014533,0,0.0,14.602857142857143,0.0,67.02857142857142,0.0
2021,18,Mendoza,2021-05-03,50,2014533,0,0.0,10.117142857142856,2.8,72.14285714285714,0.4
2021,19,Mendoza,2021-05-10,50,2014533,0,0.0,11.080000000000002,0.0,68.62857142857142,0.0
2021,20,Mendoza,2021-05-17,50,2014533,0,0.0,10.734285714285717,14.6,71.85714285714286,1.6
2021,21,Mendoza,2021-05-24,50,2014533,0,0.0,10.48,0.0,59.51428571428571,0.0
2021,22,Mendoza,2021-05-31,50,2014533,0,0.0,11.617142857142856,0.0,62.2,0.0
2021,23,Mendoza,2021-06-07,50,2014533,0,0.0,9.677142857142858,0.0,66.22857142857143,0.0
2021,24,Mendoza,2021-06-14,50,2014533,0,0.0,3.5942857142857143,3.12,79.14285714285714,0.8
2021,25,Mendoza,2021-06-21,50,2014533,0,0.0,5.34,3.4200000000000004,68.54285714285713,0.6
2021,26,Mendoza,2021-06-28,50,2014533,0,0.0,5.265714285714286,0.0,57.08571428571429,0.0
2021,27,Mendoza,2021-07-05,50,2014533,0,0.0,8.811428571428571,0.0,53.74285714285715,0.0
2021,28,Mendoza,2021-07-12,50,2014533,0,0.0,6.44,0.0,53.25714285714285,0.0
2021,29,Mendoza,2021-07-19,50,2014533,0,0.0,8.028571428571428,0.0,50.114285714285714,0.0
2021,30,Mendoza,2021-07-26,50,2014533,0,0.0,5.8742857142857146,0.0,51.57142857142857,0.0
2022,1,Mendoza,2022-01-03,50,2014533,0,0.0,26.32285714285714,5.0,44.8,0.6
2022,2,Mendoza,2022-01-10,50,2014533,0,0.0,28.880000000000003,0.12,39.71428571428571,0.0
2022,3,Mendoza,2022-01-17,50,2014533,0,0.0,20.68285714285714,4.26,57.62857142857142,0.6
2022,4,Mendoza,2022-01-24,50,2014533,0,0.0,23.95142857142857,24.06,62.31428571428571,1.4
2022,5,Mendoza,2022-01-31,50,2014533,0,0.0,21.505714285714284,8.6,55.54285714285714,1.4
2022,6,Mendoza,2022-02-07,50,2014533,0,0.0,22.094285714285714,3.9,47.885714285714286,0.6
2022,7,Mendoza,2022-02-14,50,2014533,0,0.0,23.805714285714288,5.5,43.74285714285715,0.8
2022,8,Mendoza,2022-02-21,50,2014533,0,0.0,19.277142857142856,36.6,71.05714285714285,2.6
2022,9,Mendoza,2022-02-28,50,2014533,0,0.0,22.13714285714285,1.0,53.771428571428565,0.2
2022,10,Mendoza,2022-03-07,50,2014533,0,0.0,19.502857142857145,1.9,50.42857142857143,0.6
2022,11,Mendoza,2022-03-14,50,2014533,1,0.049639296055214784,19.97142857142857,0.0,50.2,0.0
2022,12,Mendoza,2022-03-21,50,2014533,0,0.0,17.277142857142856,0.0,48.48571428571428,0.0
2022,13,Mendoza,2022-03-28,50,2014533,0,0.0,14.974285714285712,0.0,40.371428571428574,0.0
2022,14,Mendoza,2022-04-04,50,2014533,0,0.0,17.725714285714286,0.18,54.22857142857144,0.0
2022,15,Mendoza,2022-04-11,50,2014533,0,0.0,14.602857142857143,0.0,54.8,0.0
2022,16,Mendoza,2022-04-18,50,2014533,0,0.0,15.165714285714284,4.0,59.08571428571429,0.2
2022,17,Mendoza,2022-04-25,50,2014533,0,0.0,11.657142857142857,1.8,48.71428571428571,0.2
2022,18,Mendoza,2022-05-02,50,2014533,0,0.0,13.165714285714287,0.0,53.91428571428571,0.0
2022,19,Mendoza,2022-05-09,50,2014533,0,0.0,12.662857142857144,0.0,60.4,0.0
2022,20,Mendoza,2022-05-16,50,2014533,0,0.0,8.440000000000001,0.0,54.05714285714286,0.0
2022,21,Mendoza,2022-05-23,50,2014533,0,0.0,7.185714285714286,1.34,69.02857142857144,0.6
2022,22,Mendoza,2022-05-30,50,2014533,0,0.0,4.862857142857143,0.0,60.85714285714285,0.0
2022,23,Mendoza,2022-06-06,50,2014533,0,0.0,8.448571428571428,0.0,54.8,0.0
2022,24,Mendoza,2022-06-13,50,2014533,0,0.0,7.588571428571429,0.0,49.4,0.0
2022,25,Mendoza,2022-06-20,50,2014533,0,0.0,3.502857142857143,3.58,77.4,0.8
2022,26,Mendoza,2022-06-27,50,2014533,0,0.0,6.945714285714286,2.1,56.68571428571429,0.2
2022,27,Mendoza,2022-07-04,50,2014533,0,0.0,7.242857142857143,0.12,48.62857142857143,0.0
2022,28,Mendoza,2022-07-11,50,2014533,0,0.0,4.505714285714285,8.6,64.17142857142858,1.6
2022,29,Mendoza,2022-07-18,50,2014533,0,0.0,9.037142857142856,0.1599999999999999,55.51428571428571,0.0
2022,30,Mendoza,2022-07-25,50,2014533,0,0.0,9.428571428571429,1.14,70.68571428571428,0.2
2022,31,Mendoza,2022-08-01,50,2014533,0,0.0,8.065714285714286,3.26,65.37142857142858,0.6
2022,32,Mendoza,2022-08-08,50,2014533,0,0.0,7.9314285714285715,0.4,61.48571428571429,0.2
2022,33,Mendoza,2022-08-15,50,2014533,0,0.0,9.385714285714286,1.3,44.2,0.2
2022,34,Mendoza,2022-08-22,50,2014533,0,0.0,11.94,0.0,41.2,0.0
2022,35,Mendoza,2022-08-29,50,2014533,0,0.0,11.642857142857142,0.0,35.457142857142856,0.0
2022,36,Mendoza,2022-09-05,50,2014533,0,0.0,11.96,0.0,31.628571428571423,0.0
2022,37,Mendoza,2022-09-12,50,2014533,0,0.0,14.18285714285714,1.3,36.22857142857143,0.2
2022,38,Mendoza,2022-09-19,50,2014533,0,0.0,11.202857142857145,1.6800000000000002,51.28571428571429,0.6
2022,39,Mendoza,2022-09-26,50,2014533,0,0.0,15.345714285714283,0.9,52.62857142857143,0.2
2022,40,Mendoza,2022-10-03,50,2014533,0,0.0,15.934285714285716,2.08,38.34285714285714,0.6
2022,41,Mendoza,2022-10-10,50,2014533,1,0.049639296055214784,15.117142857142856,0.0,30.257142857142856,0.0
2022,42,Mendoza,2022-10-17,50,2014533,0,0.0,14.70285714285714,27.2,61.57142857142858,2.2
2022,43,Mendoza,2022-10-24,50,2014533,0,0.0,20.32,0.38,35.25714285714285,0.0
2022,44,Mendoza,2022-10-31,50,2014533,1,0.049639296055214784,18.65714285714286,0.0,27.257142857142856,0.0
2022,45,Mendoza,2022-11-07,50,2014533,0,0.0,19.482857142857146,14.14,54.68571428571429,2.2
2022,46,Mendoza,2022-11-14,50,2014533,0,0.0,23.34857142857143,2.18,43.142857142857146,0.4
2022,47,Mendoza,2022-11-21,50,2014533,0,0.0,24.645714285714284,0.3,37.57142857142857,0.0
2022,48,Mendoza,2022-11-28,50,2014533,0,0.0,24.768571428571427,5.6,40.4,1.0
2022,49,Mendoza,2022-12-05,50,2014533,0,0.0,27.79714285714286,1.3199999999999998,32.48571428571428,0.2
2022,50,Mendoza,2022-12-12,50,2014533,0,0.0,23.974285714285717,17.68,36.74285714285715,1.2
2023,1,Mendoza,2023-01-02,50,2014533,1,0.049639296055214784,25.848571428571425,3.56,37.25714285714285,0.4
2023,2,Mendoza,2023-01-09,50,2014533,0,0.0,24.21142857142857,12.8,44.457142857142856,1.4
2023,3,Mendoza,2023-01-16,50,2014533,1,0.049639296055214784,24.79714285714286,1.82,52.02857142857143,0.4
2023,4,Mendoza,2023-01-23,50,2014533,0,0.0,25.01142857142857,10.38,50.85714285714285,1.0
2023,5,Mendoza,2023-01-30,50,2014533,0,0.0,24.49142857142857,3.5,56.91428571428571,1.0
2023,6,Mendoza,2023-02-06,50,2014533,0,0.0,27.562857142857144,0.6,42.02857142857143,0.2
2023,7,Mendoza,2023-02-13,50,2014533,0,0.0,20.22,0.0,34.34285714285714,0.0
2023,8,Mendoza,2023-02-20,50,2014533,0,0.0,23.831428571428567,0.9,39.457142857142856,0.2
2023,9,Mendoza,2023-02-27,50,2014533,0,0.0,24.871428571428574,4.0,42.0,0.6
2023,10,Mendoza,2023-03-06,50,2014533,0,0.0,24.068571428571428,11.2,58.71428571428571,0.6
2023,11,Mendoza,2023-03-13,50,2014533,0,0.0,22.428571428571427,18.4,71.34285714285714,1.2
2023,12,Mendoza,2023-03-20,50,2014533,3,0.14891788816564433,20.11142857142857,5.08,73.54285714285714,0.8
2023,13,Mendoza,2023-03-27,50,2014533,0,0.0,17.40285714285714,0.0,54.22857142857142,0.0
2023,14,Mendoza,2023-04-03,50,2014533,4,0.19855718422085913,20.30857142857143,0.0,61.05714285714286,0.0
2023,15,Mendoza,2023-04-10,50,2014533,6,0.29783577633128866,14.605714285714283,8.559999999999999,72.28571428571429,0.6
2023,16,Mendoza,2023-04-17,50,2014533,6,0.29783577633128866,14.85142857142857,0.0,54.54285714285714,0.0
2023,17,Mendoza,2023-04-24,50,2014533,5,0.2481964802760739,16.080000000000002,2.2,59.62857142857143,0.2
2023,18,Mendoza,2023-05-01,50,2014533,5,0.2481964802760739,11.422857142857143,0.0,53.71428571428571,0.0
2023,19,Mendoza,2023-05-08,50,2014533,1,0.049639296055214784,14.022857142857143,0.0,58.37142857142858,0.0
2023,20,Mendoza,2023-05-15,50,2014533,3,0.14891788816564433,12.94857142857143,5.1,64.14285714285714,0.2
2023,21,Mendoza,2023-05-22,50,2014533,0,0.0,11.557142857142855,0.4599999999999999,65.02857142857144,0.0
2023,22,Mendoza,2023-05-29,50,2014533,0,0.0,10.837142857142856,0.22,66.8,0.0
2023,23,Mendoza,2023-06-05,50,2014533,1,0.049639296055214784,10.362857142857145,2.0,57.54285714285714,0.2
2023,24,Mendoza,2023-06-12,50,2014533,0,0.0,4.668571428571428,0.0,59.42857142857142,0.0
2023,25,Mendoza,2023-06-19,50,2014533,0,0.0,8.545714285714286,4.6,73.8,0.6
2023,26,Mendoza,2023-06-26,50,2014533,0,0.0,9.265714285714283,0.0,55.37142857142857,0.0
2023,27,Mendoza,2023-07-03,50,2014533,0,0.0,9.385714285714286,0.0799999999999999,62.114285714285714,0.0
2023,28,Mendoza,2023-07-10,50,2014533,1,0.049639296055214784,5.1657142857142855,2.16,75.74285714285715,0.8
2023,29,Mendoza,2023-07-17,50,2014533,0,0.0,7.954285714285715,2.6,58.05714285714286,0.2
2023,30,Mendoza,2023-07-24,50,2014533,0,0.0,9.44,0.0,52.62857142857142,0.0
2023,31,Mendoza,2023-07-31,50,2014533,0,0.0,12.81142857142857,0.0,47.51428571428571,0.0
2023,32,Mendoza,2023-08-07,50,2014533,0,0.0,9.19142857142857,0.0,43.0,0.0
2023,33,Mendoza,2023-08-14,50,2014533,0,0.0,11.397142857142857,3.8,50.17142857142856,0.2
2023,34,Mendoza,2023-08-21,50,2014533,0,0.0,8.125714285714286,27.24,65.74285714285715,0.6
2023,35,Mendoza,2023-08-28,50,2014533,0,0.0,11.551428571428572,0.06,45.28571428571429,0.0
2023,36,Mendoza,2023-09-04,50,2014533,0,0.0,10.625714285714286,6.0,63.4,1.4
2023,37,Mendoza,2023-09-11,50,2014533,0,0.0,13.774285714285714,1.1,38.31428571428571,0.2
2023,38,Mendoza,2023-09-18,50,2014533,0,0.0,13.848571428571429,0.0,51.74285714285715,0.0
2023,39,Mendoza,2023-09-25,50,2014533,0,0.0,13.81142857142857,0.1,40.54285714285714,0.0
2023,40,Mendoza,2023-10-02,50,2014533,0,0.0,15.537142857142856,1.56,37.17142857142856,0.4
2023,41,Mendoza,2023-10-09,50,2014533,1,0.049639296055214784,16.60285714285714,0.0,32.4,0.0
2023,42,Mendoza,2023-10-16,50,2014533,0,0.0,18.24571428571429,4.779999999999999,43.54285714285714,1.4
2023,43,Mendoza,2023-10-23,50,2014533,0,0.0,18.40571428571429,2.64,51.37142857142858,0.6
2023,44,Mendoza,2023-10-30,50,2014533,0,0.0,14.234285714285717,12.1,49.17142857142857,0.6
2023,45,Mendoza,2023-11-06,50,2014533,0,0.0,20.214285714285715,0.2,33.08571428571429,0.0
2023,46,Mendoza,2023-11-13,50,2014533,0,0.0,19.285714285714285,0.0,27.571428571428573,0.0
2023,47,Mendoza,2023-11-20,50,2014533,0,0.0,23.222857142857144,2.12,36.114285714285714,0.4
2023,48,Mendoza,2023-11-27,50,2014533,0,0.0,22.82857142857143,4.48,38.6,0.8
2023,49,Mendoza,2023-12-04,50,2014533,0,0.0,22.18285714285714,8.14,42.48571428571429,0.8
2023,50,Mendoza,2023-12-11,50,2014533,2,0.09927859211042957,26.91428571428572,0.1999999999999999,37.457142857142856,0.0
2023,51,Mendoza,2023-12-18,50,2014533,2,0.09927859211042957,20.805714285714284,11.4,53.68571428571429,1.0
2023,52,Mendoza,2023-12-25,50,2014533,1,0.049639296055214784,25.465714285714288,3.0,40.71428571428571,0.4
2024,1,Mendoza,2024-01-01,50,2014533,4,0.19855718422085913,25.9,3.72,45.05714285714286,0.4
2024,2,Mendoza,2024-01-08,50,2014533,4,0.19855718422085913,23.98,8.4,51.48571428571429,1.4
2024,3,Mendoza,2024-01-15,50,2014533,3,0.14891788816564433,25.454285714285717,12.1,39.31428571428572,1.2
2024,4,Mendoza,2024-01-22,50,2014533,11,0.5460322566073625,27.728571428571428,1.86,42.57142857142857,0.2
2024,5,Mendoza,2024-01-29,50,2014533,4,0.19855718422085913,28.24571428571429,4.72,42.6,1.0
2024,6,Mendoza,2024-02-05,50,2014533,5,0.2481964802760739,26.13428571428572,18.360000000000003,58.457142857142856,1.6
2024,7,Mendoza,2024-02-12,50,2014533,8,0.39711436844171827,25.00857142857143,6.5200000000000005,48.22857142857143,0.6
2024,8,Mendoza,2024-02-19,50,2014533,14,0.694950144773007,23.77142857142857,10.96,55.68571428571429,1.2
2024,9,Mendoza,2024-02-26,50,2014533,36,1.7870146579877322,23.908571428571427,3.82,58.74285714285715,0.6
2024,10,Mendoza,2024-03-04,50,2014533,164,8.140844553055224,23.22,3.8,58.0,0.2
2024,11,Mendoza,2024-03-11,50,2014533,350,17.37375361932517,22.77142857142857,0.04,56.885714285714286,0.0
2024,12,Mendoza,2024-03-18,50,2014533,677,33.60580342938041,20.697142857142858,3.66,48.94285714285714,0.4
2024,13,Mendoza,2024-03-25,50,2014533,829,41.15097642977305,22.24857142857143,4.16,51.2,0.6
2024,14,Mendoza,2024-04-01,50,2014533,1098,54.50394706862583,18.84857142857143,0.08,51.34285714285714,0.0
2024,15,Mendoza,2024-04-08,50,2014533,861,42.739433903539926,13.133809523809523,24.12,70.73333333333333,1.8
2024,16,Mendoza,2024-04-15,50,2014533,356,17.67158939565646,15.83142857142857,0.82,64.22857142857143,0.2
2024,17,Mendoza,2024-04-22,50,2014533,198,9.828580618932527,12.911428571428573,0.1399999999999999,64.05714285714285,0.0
2024,18,Mendoza,2024-04-29,50,2014533,107,5.311404677907982,11.19142857142857,0.0,53.62857142857142,0.0
2024,19,Mendoza,2024-05-06,50,2014533,31,1.5388181777116583,8.962857142857143,5.7,60.28571428571429,0.4
2024,20,Mendoza,2024-05-13,50,2014533,12,0.5956715526625773,6.374285714285714,1.86,70.4857142857143,0.4
2024,21,Mendoza,2024-05-20,50,2014533,3,0.14891788816564433,6.171428571428571,11.24,79.77142857142857,2.2
2024,22,Mendoza,2024-05-27,50,2014533,0,0.0,7.574285714285715,0.0,70.74285714285715,0.0
2024,23,Mendoza,2024-06-03,50,2014533,0,0.0,9.46,0.0,62.25714285714285,0.0
2024,24,Mendoza,2024-06-10,50,2014533,0,0.0,11.222857142857142,1.4,59.8,0.4
2024,25,Mendoza,2024-06-17,50,2014533,0,0.0,8.494285714285713,1.6800000000000002,67.62857142857143,0.6
2024,26,Mendoza,2024-06-24,50,2014533,0,0.0,6.005714285714285,0.3399999999999999,54.65714285714286,0.2
2024,27,Mendoza,2024-07-01,50,2014533,0,0.0,5.625714285714285,0.0,46.8,0.0
2024,28,Mendoza,2024-07-08,50,2014533,1,0.049639296055214784,2.8057142857142856,0.0,56.17142857142858,0.0
2024,29,Mendoza,2024-07-15,50,2014533,0,0.0,6.68,1.26,51.6,0.2
2024,30,Mendoza,2024-07-22,50,2014533,0,0.0,9.505714285714287,0.0,43.05714285714286,0.0
2024,31,Mendoza,2024-07-29,50,2014533,0,0.0,9.617142857142856,0.0,45.54285714285714,0.0
2024,32,Mendoza,2024-08-05,50,2014533,0,0.0,7.52,2.52,52.31428571428571,0.4
2024,33,Mendoza,2024-08-12,50,2014533,0,0.0,10.077142857142857,2.48,50.4,0.4
2024,34,Mendoza,2024-08-19,50,2014533,0,0.0,5.262857142857143,5.5200000000000005,71.5142857142857,0.6
2024,35,Mendoza,2024-08-26,50,2014533,0,0.0,10.685714285714289,9.48,58.6,1.0
2024,36,Mendoza,2024-09-02,50,2014533,0,0.0,13.354285714285714,0.0,37.4,0.0
2024,37,Mendoza,2024-09-09,50,2014533,0,0.0,14.108571428571429,0.0,37.48571428571428,0.0
2024,38,Mendoza,2024-09-16,50,2014533,0,0.0,17.854285714285716,0.0,26.485714285714288,0.0
2024,39,Mendoza,2024-09-23,50,2014533,0,0.0,15.88,0.0,34.2,0.0
2024,40,Mendoza,2024-09-30,50,2014533,0,0.0,17.10857142857143,0.0,33.48571428571429,0.0
2024,41,Mendoza,2024-10-07,50,2014533,0,0.0,15.497142857142856,62.14,65.02857142857144,2.6
2024,42,Mendoza,2024-10-14,50,2014533,1,0.049639296055214784,21.051428571428573,0.0,53.457142857142856,0.0
2024,43,Mendoza,2024-10-21,50,2014533,0,0.0,17.677142857142858,20.58,52.54285714285714,2.0
2024,44,Mendoza,2024-10-28,50,2014533,3,0.14891788816564433,23.402857142857144,0.7,39.285714285714285,0.2
2024,45,Mendoza,2024-11-04,50,2014533,1,0.049639296055214784,21.005714285714287,0.4,44.457142857142856,0.2
2024,46,Mendoza,2024-11-11,50,2014533,1,0.049639296055214784,21.702857142857145,0.18,33.31428571428571,0.0
2024,47,Mendoza,2024-11-18,50,2014533,0,0.0,22.24571428571429,1.06,51.68571428571429,0.2
2024,48,Mendoza,2024-11-25,50,2014533,0,0.0,21.61142857142857,0.44,38.8,0.2
2024,49,Mendoza,2024-12-02,50,2014533,2,0.09927859211042957,20.44857142857143,0.0,33.885714285714286,0.0
2024,50,Mendoza,2024-12-09,50,2014533,1,0.049639296055214784,24.917142857142856,0.82,32.971428571428575,0.4
2024,51,Mendoza,2024-12-16,50,2014533,1,0.049639296055214784,24.38857142857143,7.4,43.54285714285714,1.0
2024,52,Mendoza,2024-12-23,50,2014533,0,0.0,25.72571428571429,2.44,34.22857142857143,0.6
2025,1,Mendoza,2024-12-30,50,2014533,0,0.0,26.63428571428572,5.4,44.74285714285715,0.8
2025,2,Mendoza,2025-01-06,50,2014533,0,0.0,25.482857142857146,20.54,51.71428571428571,1.6
2025,3,Mendoza,2025-01-13,50,2014533,1,0.049639296055214784,26.32,9.92,42.885714285714286,1.0
2025,4,Mendoza,2025-01-20,50,2014533,0,0.0,26.402857142857147,3.04,42.68571428571429,0.8
2025,5,Mendoza,2025-01-27,50,2014533,0,0.0,27.01428571428572,15.080000000000002,49.371428571428574,1.0
2025,6,Mendoza,2025-02-03,50,2014533,0,0.0,27.48857142857143,2.0,44.4,0.4
2025,7,Mendoza,2025-02-10,50,2014533,0,0.0,25.54,3.5,39.142857142857146,0.4
2025,8,Mendoza,2025-02-17,50,2014533,0,0.0,26.377142857142854,3.72,40.68571428571429,0.8
2025,9,Mendoza,2025-02-24,50,2014533,1,0.049639296055214784,24.56571428571429,5.92,61.02857142857143,0.4
2025,10,Mendoza,2025-03-03,50,2014533,2,0.09927859211042957,21.965714285714284,16.28,64.25714285714285,1.8
2025,11,Mendoza,2025-03-10,50,2014533,0,0.0,19.10857142857143,0.6799999999999999,58.114285714285714,0.2
2025,12,Mendoza,2025-03-17,50,2014533,0,0.0,21.02285714285714,6.88,56.457142857142856,1.0
2025,13,Mendoza,2025-03-24,50,2014533,0,0.0,16.085714285714285,7.0200000000000005,72.25714285714285,1.0
2025,14,Mendoza,2025-03-31,50,2014533,0,0.0,13.248571428571427,0.0,51.457142857142856,0.0
2025,15,Mendoza,2025-04-07,50,2014533,0,0.0,14.685714285714289,2.74,66.2,0.4
2025,16,Mendoza,2025-04-14,50,2014533,2,0.09927859211042957,14.86,0.54,66.25714285714285,0.2
2025,17,Mendoza,2025-04-21,50,2014533,0,0.0,14.891428571428571,0.56,62.2,0.2
2025,18,Mendoza,2025-04-28,50,2014533,0,0.0,15.368571428571428,0.0,56.971428571428575,0.0
2025,19,Mendoza,2025-05-05,50,2014533,0,0.0,13.797142857142855,0.4,58.48571428571429,0.0
2025,20,Mendoza,2025-05-12,50,2014533,0,0.0,14.668571428571427,0.08,60.02857142857143,0.0
2025,21,Mendoza,2025-05-19,50,2014533,0,0.0,10.482857142857142,0.0,57.74285714285715,0.0
2025,22,Mendoza,2025-05-26,50,2014533,0,0.0,7.691428571428571,9.96,64.77142857142857,0.8
2025,23,Mendoza,2025-06-02,50,2014533,0,0.0,10.454285714285714,0.0,57.82857142857142,0.0
2025,24,Mendoza,2025-06-09,50,2014533,0,0.0,8.474285714285715,0.0,63.51428571428571,0.0
2025,25,Mendoza,2025-06-16,50,2014533,2,0.09927859211042957,8.0,0.0,53.17142857142858,0.0
2025,26,Mendoza,2025-06-23,50,2014533,0,0.0,4.014285714285714,1.82,54.94285714285714,0.4
2025,27,Mendoza,2025-06-30,50,2014533,0,0.0,4.465714285714286,0.0,62.885714285714286,0.0
2025,28,Mendoza,2025-07-07,50,2014533,0,0.0,8.062857142857144,0.0,62.31428571428571,0.0
2025,29,Mendoza,2025-07-14,50,2014533,0,0.0,9.422857142857143,0.2799999999999999,47.91428571428571,0.2
2025,30,Mendoza,2025-07-21,50,2014533,0,0.0,6.817142857142857,1.96,69.05714285714285,0.4
2025,31,Mendoza,2025-07-28,50,2014533,0,0.0,8.484761904761905,4.54,69.06666666666666,0.4
2025,32,Mendoza,2025-08-04,50,2014533,0,0.0,8.657142857142857,3.26,61.0,0.4
2025,33,Mendoza,2025-08-11,50,2014533,0,0.0,11.288571428571428,0.52,58.4,0.2
2025,34,Mendoza,2025-08-18,50,2014533,0,0.0,10.405714285714286,7.8,51.114285714285714,0.6
2025,35,Mendoza,2025-08-25,50,2014533,0,0.0,12.46095238095238,63.42,46.51904761904761,2.2
2025,36,Mendoza,2025-09-01,50,2014533,0,0.0,9.322857142857142,0.0,60.25714285714285,0.0
2025,37,Mendoza,2025-09-08,50,2014533,0,0.0,14.991428571428573,0.0,42.51428571428571,0.0
2025,38,Mendoza,2025-09-15,50,2014533,0,0.0,17.02285714285714,0.92,48.8,0.2
2025,39,Mendoza,2025-09-22,50,2014533,0,0.0,15.065714285714284,2.14,43.42857142857143,0.2
2025,40,Mendoza,2025-09-29,50,2014533,0,0.0,18.74571428571429,0.1,42.22857142857143,0.0
2025,41,Mendoza,2025-10-06,50,2014533,0,0.0,17.34857142857143,0.0,30.97142857142857,0.0
2025,42,Mendoza,2025-10-13,50,2014533,0,0.0,19.222857142857144,0.0,36.0,0.0
2018,1,Misiones,2018-01-01,54,1280960,0,0.0,24.957142857142856,41.075,71.39285714285714,2.25
2018,2,Misiones,2018-01-08,54,1280960,1,0.07806645016237822,24.239285714285717,122.75,82.78571428571428,3.75
2018,3,Misiones,2018-01-15,54,1280960,0,0.0,24.28214285714286,114.55,86.25,4.25
2018,4,Misiones,2018-01-22,54,1280960,0,0.0,24.839285714285715,64.125,82.42857142857143,4.0
2018,5,Misiones,2018-01-29,54,1280960,0,0.0,26.339285714285715,0.75,66.25,0.25
2018,6,Misiones,2018-02-05,54,1280960,0,0.0,26.442857142857143,36.75,70.03571428571429,2.5
2018,7,Misiones,2018-02-12,54,1280960,0,0.0,23.882142857142856,18.25,73.28571428571429,1.25
2018,8,Misiones,2018-02-19,54,1280960,2,0.15613290032475644,23.61785714285714,28.95,76.07142857142857,1.75
2018,9,Misiones,2018-02-26,54,1280960,0,0.0,25.17202380952381,67.19999999999999,79.76785714285714,3.6666666666666665
2018,10,Misiones,2018-03-05,54,1280960,2,0.15613290032475644,24.78333333333333,6.625,71.92857142857143,0.5
2018,11,Misiones,2018-03-12,54,1280960,4,0.31226580064951287,25.38809523809524,72.5,77.96428571428572,2.75
2018,12,Misiones,2018-03-19,54,1280960,6,0.4683987009742693,22.79642857142857,111.175,80.1547619047619,3.25
2018,13,Misiones,2018-03-26,54,1280960,5,0.3903322508118911,21.746428571428574,97.925,86.5,3.5
2018,14,Misiones,2018-04-02,54,1280960,10,0.7806645016237822,22.78690476190476,0.0,72.45238095238095,0.0
2018,15,Misiones,2018-04-09,54,1280960,6,0.4683987009742693,24.38392857142857,1.15,73.76785714285714,0.25
2018,16,Misiones,2018-04-16,54,1280960,6,0.4683987009742693,24.07261904761905,6.125,72.55952380952381,0.5
2018,17,Misiones,2018-04-23,54,1280960,21,1.6393954534099426,24.986309523809524,0.0,71.4047619047619,0.0
2018,18,Misiones,2018-04-30,54,1280960,18,1.4051961029228077,24.35059523809524,7.0,71.82142857142857,1.5
2018,19,Misiones,2018-05-07,54,1280960,29,2.2639270547089683,21.161309523809525,17.316666666666666,75.71428571428571,1.0416666666666663
2018,20,Misiones,2018-05-14,54,1280960,19,1.4832625530851862,17.663690476190474,69.825,82.98214285714286,3.0
2018,21,Misiones,2018-05-21,54,1280960,8,0.6245316012990257,15.8375,0.0,72.69642857142857,0.0
2018,22,Misiones,2018-05-28,54,1280960,5,0.3903322508118911,17.53392857142857,29.53333333333333,76.23214285714286,2.333333333333333
2018,23,Misiones,2018-06-04,54,1280960,0,0.0,13.092857142857143,3.75,77.80952380952381,0.75
2018,24,Misiones,2018-06-11,54,1280960,0,0.0,12.13452380952381,13.375,78.375,0.7916666666666666
2018,25,Misiones,2018-06-18,54,1280960,0,0.0,18.41547619047619,10.208333333333334,74.18452380952381,1.0416666666666663
2018,26,Misiones,2018-06-25,54,1280960,3,0.23419935048713464,17.376190476190477,41.0,86.9047619047619,3.5
2018,27,Misiones,2018-07-02,54,1280960,0,0.0,18.373214285714283,3.866666666666667,82.60714285714286,0.5
2019,1,Misiones,2018-12-31,54,1280960,5,0.3903322508118911,27.34583333333333,23.20833333333333,78.58928571428571,1.7916666666666663
2019,2,Misiones,2019-01-07,54,1280960,3,0.23419935048713464,25.08571428571429,42.23333333333333,80.28571428571429,2.6666666666666665
2019,3,Misiones,2019-01-14,54,1280960,6,0.4683987009742693,25.6,42.96666666666667,79.52380952380952,3.0
2019,4,Misiones,2019-01-21,54,1280960,6,0.4683987009742693,27.919047619047618,4.166666666666667,70.33333333333333,1.0
2019,5,Misiones,2019-01-28,54,1280960,9,0.7025980514614039,27.728571428571428,25.1,68.38095238095238,1.6666666666666667
2019,6,Misiones,2019-02-04,54,1280960,21,1.6393954534099426,26.301785714285717,10.0,69.10714285714286,1.75
2019,7,Misiones,2019-02-11,54,1280960,18,1.4051961029228077,23.54047619047619,80.12083333333334,81.70833333333334,3.625
2019,8,Misiones,2019-02-18,54,1280960,25,1.9516612540594556,26.791071428571428,24.0,71.61904761904762,1.75
2019,9,Misiones,2019-02-25,54,1280960,11,0.8587309517861603,22.84523809523809,45.16666666666667,68.89880952380952,1.0416666666666663
2019,10,Misiones,2019-03-04,54,1280960,19,1.4832625530851862,23.946428571428573,191.625,82.01785714285714,3.9166666666666665
2019,11,Misiones,2019-03-11,54,1280960,40,3.122658006495129,22.76904761904762,95.825,88.22619047619048,5.0
2019,12,Misiones,2019-03-18,54,1280960,41,3.2007244566575066,22.03869047619048,8.295833333333334,79.06547619047619,0.5
2019,13,Misiones,2019-03-25,54,1280960,8,0.6245316012990257,23.623214285714283,0.0,70.48214285714286,0.0
2019,14,Misiones,2019-04-01,54,1280960,30,2.3419935048713465,22.154761904761905,78.97083333333333,87.39880952380952,2.0416666666666665
2019,15,Misiones,2019-04-08,54,1280960,43,3.3568573569822635,23.08452380952381,0.0,77.1547619047619,0.0
2019,16,Misiones,2019-04-15,54,1280960,32,2.498126405196103,22.25,76.25,81.7202380952381,2.5
2019,17,Misiones,2019-04-22,54,1280960,26,2.0297277042218336,21.93392857142857,85.575,88.83928571428572,4.0
2019,18,Misiones,2019-04-29,54,1280960,26,2.0297277042218336,21.70892857142857,35.65833333333333,86.33333333333333,2.083333333333333
2019,19,Misiones,2019-05-06,54,1280960,39,3.0445915563327506,20.073809523809523,186.875,92.53571428571428,5.458333333333334
2019,20,Misiones,2019-05-13,54,1280960,57,4.449787659255558,17.86190476190476,1.0916666666666668,82.81547619047619,0.25
2019,21,Misiones,2019-05-20,54,1280960,29,2.2639270547089683,17.34880952380952,63.25,89.68452380952381,4.0
2019,22,Misiones,2019-05-27,54,1280960,23,1.7955283537346989,18.567857142857143,64.175,91.70833333333331,3.625
2019,23,Misiones,2019-06-03,54,1280960,5,0.3903322508118911,17.425,0.025,77.70238095238095,0.0
2019,24,Misiones,2019-06-10,54,1280960,2,0.15613290032475644,22.17142857142857,0.0,72.61309523809524,0.0
2019,25,Misiones,2019-06-17,54,1280960,0,0.0,19.591666666666665,4.425,76.64880952380952,0.5416666666666666
2019,26,Misiones,2019-06-24,54,1280960,0,0.0,18.72619047619048,26.3,75.30952380952381,2.083333333333333
2019,27,Misiones,2019-07-01,54,1280960,0,0.0,10.382738095238096,9.020833333333334,77.16666666666667,1.2916666666666663
2019,28,Misiones,2019-07-08,54,1280960,0,0.0,17.922619047619047,8.583333333333332,69.01785714285714,1.2916666666666663
2019,29,Misiones,2019-07-15,54,1280960,0,0.0,15.691071428571428,13.8,75.85119047619048,1.0833333333333333
2019,30,Misiones,2019-07-22,54,1280960,0,0.0,15.12440476190476,57.0,85.30952380952381,2.625
2019,31,Misiones,2019-07-29,54,1280960,0,0.0,16.04940476190476,14.883333333333333,73.76190476190476,1.8333333333333333
2019,32,Misiones,2019-08-05,54,1280960,0,0.0,18.008333333333333,14.483333333333334,74.67857142857143,1.3333333333333333
2019,33,Misiones,2019-08-12,54,1280960,0,0.0,17.423809523809524,1.0416666666666663,64.19047619047619,0.25
2019,34,Misiones,2019-08-19,54,1280960,0,0.0,16.57142857142857,1.0,66.33333333333333,0.3333333333333333
2019,35,Misiones,2019-08-26,54,1280960,0,0.0,20.839285714285715,35.25,68.625,2.625
2019,36,Misiones,2019-09-02,54,1280960,1,0.07806645016237822,19.226785714285715,1.5,62.875,0.25
2019,37,Misiones,2019-09-09,54,1280960,0,0.0,22.35,7.458333333333333,70.96428571428572,1.0416666666666663
2019,38,Misiones,2019-09-16,54,1280960,0,0.0,20.14464285714286,22.125,71.78571428571428,1.2916666666666663
2019,39,Misiones,2019-09-23,54,1280960,1,0.07806645016237822,21.94702380952381,0.0,56.61904761904762,0.0
2019,40,Misiones,2019-09-30,54,1280960,0,0.0,23.541666666666664,51.05,71.875,3.6666666666666665
2019,41,Misiones,2019-10-07,54,1280960,1,0.07806645016237822,26.226785714285715,7.5,57.25595238095238,1.0416666666666663
2019,42,Misiones,2019-10-14,54,1280960,0,0.0,21.82202380952381,50.85,83.74404761904762,3.9166666666666665
2019,43,Misiones,2019-10-21,54,1280960,1,0.07806645016237822,22.451785714285712,25.45,65.48809523809524,1.2916666666666663
2019,44,Misiones,2019-10-28,54,1280960,3,0.23419935048713464,26.57261904761905,69.625,71.73214285714286,2.875
2019,45,Misiones,2019-11-04,54,1280960,4,0.31226580064951287,24.63452380952381,53.04166666666666,81.72619047619048,2.583333333333333
2019,46,Misiones,2019-11-11,54,1280960,6,0.4683987009742693,24.085119047619045,42.85833333333333,70.08333333333334,1.5416666666666663
2019,47,Misiones,2019-11-18,54,1280960,0,0.0,27.31666666666667,0.5,63.01190476190476,0.25
2019,48,Misiones,2019-11-25,54,1280960,9,0.7025980514614039,23.972619047619048,92.2,78.25,2.25
2019,49,Misiones,2019-12-02,54,1280960,5,0.3903322508118911,23.246428571428574,43.375,67.33333333333333,1.7916666666666663
2019,50,Misiones,2019-12-09,54,1280960,7,0.5464651511366475,25.54047619047619,53.55,75.39880952380952,3.083333333333333
2019,51,Misiones,2019-12-16,54,1280960,9,0.7025980514614039,23.352380952380955,35.79166666666667,78.05357142857143,1.5416666666666663
2019,52,Misiones,2019-12-23,54,1280960,1,0.07806645016237822,27.66964285714285,12.416666666666666,62.16666666666666,0.5416666666666666
2020,1,Misiones,2019-12-30,54,1280960,47,3.6691231576317764,26.639285714285712,22.0,72.19047619047619,1.5
2020,2,Misiones,2020-01-06,54,1280960,142,11.085435923057707,27.06857142857143,61.88333333333333,77.45714285714286,2.875
2020,3,Misiones,2020-01-13,54,1280960,124,9.680239820134899,25.75059523809524,81.70833333333333,80.33333333333333,2.875
2020,4,Misiones,2020-01-20,54,1280960,134,10.460904321758681,24.94761904761905,53.29166666666666,76.16071428571428,2.583333333333333
2020,5,Misiones,2020-01-27,54,1280960,107,8.353110167374469,25.47559523809524,92.875,75.51785714285714,2.95
2020,6,Misiones,2020-02-03,54,1280960,200,15.613290032475645,27.204761904761902,7.266666666666667,71.0,0.6666666666666666
2020,7,Misiones,2020-02-10,54,1280960,245,19.126280289782663,25.071428571428573,54.63333333333333,73.23809523809524,2.0
2020,8,Misiones,2020-02-17,54,1280960,396,30.914314264301773,23.919047619047618,23.666666666666668,70.33333333333333,1.0
2020,9,Misiones,2020-02-24,54,1280960,543,42.39008243817137,23.542857142857144,54.66666666666666,69.80952380952381,1.6666666666666667
2020,10,Misiones,2020-03-02,54,1280960,527,41.14101923557332,24.965476190476192,1.75,64.33333333333333,0.5
2020,11,Misiones,2020-03-09,54,1280960,618,48.24506620034974,28.590476190476192,0.5,58.636904761904766,0.25
2020,12,Misiones,2020-03-16,54,1280960,412,32.163377466899824,24.67797619047619,53.25,72.98809523809524,1.8333333333333333
2020,13,Misiones,2020-03-23,54,1280960,376,29.35298526105421,24.82142857142857,9.275,67.32738095238096,1.0
2020,14,Misiones,2020-03-30,54,1280960,367,28.650387209592804,23.379761904761907,49.1,74.66071428571428,2.5
2020,15,Misiones,2020-04-06,54,1280960,296,23.107669248063953,18.473214285714285,23.20833333333333,69.76190476190476,1.0416666666666663
2020,16,Misiones,2020-04-13,54,1280960,274,21.39020734449163,18.27380952380953,8.958333333333334,69.375,0.7916666666666666
2020,17,Misiones,2020-04-20,54,1280960,266,20.765675743192606,23.452380952380956,2.25,64.95833333333333,0.5
2020,18,Misiones,2020-04-27,54,1280960,118,9.21184111916063,21.916071428571428,3.270833333333333,69.77380952380952,0.5
2020,19,Misiones,2020-05-04,54,1280960,75,5.8549837621783665,16.64047619047619,39.583333333333336,74.25,1.5833333333333333
2020,20,Misiones,2020-05-11,54,1280960,54,4.215588308768424,17.770238095238096,32.32083333333333,76.35714285714286,2.0416666666666665
2020,21,Misiones,2020-05-18,54,1280960,37,2.888458656007994,18.174404761904764,92.0,80.29166666666667,3.5
2020,22,Misiones,2020-05-25,54,1280960,29,2.2639270547089683,16.05654761904762,5.25,74.48809523809524,0.75
2020,23,Misiones,2020-06-01,54,1280960,19,1.4832625530851862,13.63452380952381,70.67500000000001,87.80952380952381,3.5
2020,24,Misiones,2020-06-08,54,1280960,13,1.0148638521109168,20.269642857142856,47.96666666666667,83.14285714285714,3.375
2020,25,Misiones,2020-06-15,54,1280960,2,0.15613290032475644,21.972023809523808,0.0,73.16666666666666,0.0
2020,26,Misiones,2020-06-22,54,1280960,3,0.23419935048713464,17.145238095238096,17.25,74.35119047619048,2.0
2020,27,Misiones,2020-06-29,54,1280960,4,0.31226580064951287,12.770238095238096,47.079166666666666,83.14880952380952,2.083333333333333
2020,28,Misiones,2020-07-06,54,1280960,0,0.0,15.357738095238094,111.07916666666668,85.81547619047619,2.083333333333333
2020,29,Misiones,2020-07-13,54,1280960,0,0.0,18.04940476190476,6.75,71.93452380952381,0.7916666666666666
2020,30,Misiones,2020-07-20,54,1280960,0,0.0,18.77916666666667,8.05,67.65476190476191,0.7916666666666666
2020,31,Misiones,2020-07-27,54,1280960,0,0.0,16.275000000000002,6.058333333333334,73.22619047619048,0.7916666666666666
2020,32,Misiones,2020-08-03,54,1280960,0,0.0,21.40892857142857,0.0,59.39285714285714,0.0
2020,33,Misiones,2020-08-10,54,1280960,0,0.0,16.532738095238095,100.76666666666668,82.11309523809524,3.625
2020,34,Misiones,2020-08-17,54,1280960,0,0.0,14.215476190476192,22.09583333333333,70.75,0.75
2020,35,Misiones,2020-08-24,54,1280960,0,0.0,24.029166666666665,0.0,52.92857142857143,0.0
2020,36,Misiones,2020-08-31,54,1280960,0,0.0,19.59047619047619,2.675,73.82142857142857,0.75
2020,37,Misiones,2020-09-07,54,1280960,0,0.0,23.122619047619047,12.2,73.04761904761905,0.75
2020,38,Misiones,2020-09-14,54,1280960,0,0.0,19.18809523809524,3.491666666666667,76.83928571428572,0.7916666666666666
2020,39,Misiones,2020-09-21,54,1280960,0,0.0,24.21369047619048,4.475,53.75,0.5
2020,40,Misiones,2020-09-28,54,1280960,0,0.0,26.332142857142856,0.0,59.595238095238095,0.0
2020,41,Misiones,2020-10-05,54,1280960,0,0.0,22.291071428571428,13.041666666666668,69.57142857142857,1.8333333333333333
2020,42,Misiones,2020-10-12,54,1280960,0,0.0,24.02440476190476,17.466666666666665,62.95238095238096,1.2916666666666663
2020,43,Misiones,2020-10-19,54,1280960,0,0.0,27.92619047619048,19.0,57.20238095238095,1.5
2020,44,Misiones,2020-10-26,54,1280960,0,0.0,22.02797619047619,1.4416666666666669,65.39285714285714,0.25
2020,45,Misiones,2020-11-02,54,1280960,0,0.0,24.64404761904762,4.75,45.74404761904762,1.0
2020,46,Misiones,2020-11-09,54,1280960,0,0.0,24.88452380952381,24.125,70.28571428571428,3.0
2020,47,Misiones,2020-11-16,54,1280960,0,0.0,23.88928571428572,3.375,56.88690476190476,0.75
2020,48,Misiones,2020-11-23,54,1280960,0,0.0,27.65892857142857,50.75,58.92857142857143,2.75
2020,49,Misiones,2020-11-30,54,1280960,0,0.0,24.339285714285715,103.63333333333334,76.10714285714286,2.5416666666666665
2020,50,Misiones,2020-12-07,54,1280960,0,0.0,27.10892857142857,5.0,59.00595238095238,0.25
2020,51,Misiones,2020-12-14,54,1280960,0,0.0,25.50059523809524,50.85,74.70238095238095,2.25
2020,52,Misiones,2020-12-21,54,1280960,0,0.0,26.32619047619048,9.75,59.785714285714285,0.5
2020,53,Misiones,2020-12-28,54,1280960,0,0.0,26.603571428571428,28.916666666666668,67.5297619047619,2.375
2021,1,Misiones,2021-01-04,54,1280960,0,0.0,25.824404761904763,50.275,75.72619047619048,3.0
2021,2,Misiones,2021-01-11,54,1280960,2,0.15613290032475644,26.177380952380958,88.125,78.18452380952381,3.5
2021,3,Misiones,2021-01-18,54,1280960,0,0.0,24.180357142857144,70.5,83.79761904761905,4.25
2021,4,Misiones,2021-01-25,54,1280960,2,0.15613290032475644,23.29940476190476,191.14583333333331,90.5952380952381,6.208333333333334
2021,5,Misiones,2021-02-01,54,1280960,1,0.07806645016237822,23.06190476190476,10.725,77.19047619047619,1.6
2021,6,Misiones,2021-02-08,54,1280960,7,0.5464651511366475,24.435714285714283,6.8,72.64285714285714,1.0
2021,7,Misiones,2021-02-15,54,1280960,3,0.23419935048713464,25.13452380952381,0.4166666666666666,63.95238095238096,0.0
2021,8,Misiones,2021-02-22,54,1280960,3,0.23419935048713464,27.24345238095238,12.166666666666668,64.79761904761904,1.0416666666666663
2021,9,Misiones,2021-03-01,54,1280960,9,0.7025980514614039,24.866666666666664,23.666666666666668,75.33333333333333,2.333333333333333
2021,10,Misiones,2021-03-08,54,1280960,10,0.7806645016237822,25.142857142857142,0.0,56.333333333333336,0.0
2021,11,Misiones,2021-03-15,54,1280960,12,0.9367974019485386,25.07142857142857,53.333333333333336,73.33333333333333,3.0
2021,12,Misiones,2021-03-22,54,1280960,11,0.8587309517861603,24.77142857142857,65.16666666666667,80.90476190476191,2.333333333333333
2021,13,Misiones,2021-03-29,54,1280960,4,0.31226580064951287,21.529761904761905,1.05,72.375,0.25
2021,14,Misiones,2021-04-05,54,1280960,3,0.23419935048713464,24.70714285714286,19.916666666666668,69.10119047619048,1.2916666666666663
2021,15,Misiones,2021-04-12,54,1280960,6,0.4683987009742693,21.373809523809523,13.916666666666668,81.33333333333333,1.0416666666666663
2021,16,Misiones,2021-04-19,54,1280960,10,0.7806645016237822,21.560714285714287,6.0,74.02380952380952,1.25
2021,17,Misiones,2021-04-26,54,1280960,18,1.4051961029228077,18.52380952380952,0.0,68.33928571428572,0.0
2021,18,Misiones,2021-05-03,54,1280960,5,0.3903322508118911,18.45357142857143,40.6875,76.60119047619048,2.333333333333333
2021,19,Misiones,2021-05-10,54,1280960,7,0.5464651511366475,16.95214285714286,5.925000000000001,79.32142857142857,0.95
2021,20,Misiones,2021-05-17,54,1280960,4,0.31226580064951287,17.652380952380952,35.63333333333333,71.61904761904762,1.0
2021,21,Misiones,2021-05-24,54,1280960,1,0.07806645016237822,16.794047619047618,2.2416666666666667,73.26190476190476,0.25
2021,22,Misiones,2021-05-31,54,1280960,3,0.23419935048713464,19.417857142857144,34.233333333333334,78.08333333333333,2.333333333333333
2021,23,Misiones,2021-06-07,54,1280960,0,0.0,17.061309523809523,28.875,85.93452380952381,3.375
2021,24,Misiones,2021-06-14,54,1280960,2,0.15613290032475644,13.498214285714283,36.425,85.33333333333333,2.25
2021,25,Misiones,2021-06-21,54,1280960,0,0.0,16.19047619047619,50.75,86.96428571428572,3.5
2021,26,Misiones,2021-06-28,54,1280960,0,0.0,10.41904761904762,0.0,74.17261904761904,0.0
2021,27,Misiones,2021-07-05,54,1280960,0,0.0,18.179166666666667,0.0,70.625,0.0
2021,28,Misiones,2021-07-12,54,1280960,0,0.0,16.263690476190476,26.71666666666667,74.17857142857143,1.0416666666666663
2021,29,Misiones,2021-07-19,54,1280960,0,0.0,16.729761904761904,0.0,61.27976190476191,0.0
2021,30,Misiones,2021-07-26,54,1280960,0,0.0,11.743452380952382,22.741666666666667,65.83333333333333,1.0416666666666663
2022,1,Misiones,2022-01-03,54,1280960,0,0.0,25.45714285714286,28.666666666666668,69.52380952380952,1.3333333333333333
2022,2,Misiones,2022-01-10,54,1280960,0,0.0,28.21904761904762,15.666666666666666,58.04761904761904,0.3333333333333333
2022,3,Misiones,2022-01-17,54,1280960,0,0.0,31.042857142857144,7.666666666666667,51.66666666666666,0.3333333333333333
2022,4,Misiones,2022-01-24,54,1280960,0,0.0,26.542857142857144,56.06666666666666,70.57142857142857,2.6666666666666665
2022,5,Misiones,2022-01-31,54,1280960,0,0.0,26.209523809523805,68.35,67.57142857142857,3.3
2022,6,Misiones,2022-02-07,54,1280960,0,0.0,26.088095238095235,1.475,55.99404761904762,0.5
2022,7,Misiones,2022-02-14,54,1280960,0,0.0,27.542261904761904,11.370833333333332,51.82142857142857,0.7916666666666666
2022,8,Misiones,2022-02-21,54,1280960,0,0.0,27.48035714285714,71.95833333333333,70.625,1.875
2022,9,Misiones,2022-02-28,54,1280960,0,0.0,26.648214285714285,36.2,77.32738095238095,2.7916666666666665
2022,10,Misiones,2022-03-07,54,1280960,0,0.0,24.50142857142857,60.325,79.52142857142857,2.0416666666666665
2022,11,Misiones,2022-03-14,54,1280960,0,0.0,23.48095238095238,20.375,78.35714285714286,0.7916666666666666
2022,12,Misiones,2022-03-21,54,1280960,0,0.0,20.97797619047619,197.16666666666669,81.39880952380952,3.375
2022,13,Misiones,2022-03-28,54,1280960,0,0.0,20.36309523809524,113.83333333333331,76.02380952380952,2.875
2022,14,Misiones,2022-04-04,54,1280960,0,0.0,21.63571428571429,151.85833333333335,89.76190476190476,4.375
2022,15,Misiones,2022-04-11,54,1280960,0,0.0,18.611904761904764,40.31666666666667,80.3452380952381,1.5416666666666663
2022,16,Misiones,2022-04-18,54,1280960,0,0.0,19.84285714285714,71.375,81.38571428571429,1.95
2022,17,Misiones,2022-04-25,54,1280960,0,0.0,23.28571428571429,43.625,80.23809523809524,2.833333333333333
2022,18,Misiones,2022-05-02,54,1280960,0,0.0,17.03214285714286,55.125,87.01785714285714,2.333333333333333
2022,19,Misiones,2022-05-09,54,1280960,1,0.07806645016237822,16.85595238095238,20.625,87.0,1.5
2022,20,Misiones,2022-05-16,54,1280960,0,0.0,11.701190476190476,0.45,80.31547619047619,0.0
2022,21,Misiones,2022-05-23,54,1280960,0,0.0,18.73357142857143,132.83333333333331,82.67857142857143,4.166666666666666
2022,22,Misiones,2022-05-30,54,1280960,0,0.0,12.575595238095238,23.95,87.70833333333333,1.2916666666666663
2022,23,Misiones,2022-06-06,54,1280960,0,0.0,13.727976190476191,18.19166666666667,85.82142857142857,1.2916666666666663
2022,24,Misiones,2022-06-13,54,1280960,0,0.0,14.435119047619049,29.75,77.88690476190476,1.7916666666666663
2022,25,Misiones,2022-06-20,54,1280960,0,0.0,17.820833333333333,27.825,90.79166666666669,1.8333333333333333
2022,26,Misiones,2022-06-27,54,1280960,0,0.0,17.29714285714286,1.6166666666666667,79.35714285714286,0.25
2022,27,Misiones,2022-07-04,54,1280960,0,0.0,22.19821428571429,0.0,66.20238095238096,0.0
2022,28,Misiones,2022-07-11,54,1280960,0,0.0,16.723809523809525,47.83333333333333,78.57142857142857,4.375
2022,29,Misiones,2022-07-18,54,1280960,0,0.0,20.49107142857143,17.208333333333336,76.22619047619047,1.2916666666666663
2022,30,Misiones,2022-07-25,54,1280960,0,0.0,18.485714285714284,2.75,70.38095238095238,0.5
2022,31,Misiones,2022-08-01,54,1280960,0,0.0,17.657857142857143,74.61666666666667,80.8,2.583333333333333
2022,32,Misiones,2022-08-08,54,1280960,0,0.0,15.63452380952381,11.175,80.29166666666667,1.5416666666666663
2022,33,Misiones,2022-08-15,54,1280960,0,0.0,15.232738095238094,69.39166666666667,74.91071428571428,2.333333333333333
2022,34,Misiones,2022-08-22,54,1280960,0,0.0,20.80595238095238,4.75,68.74404761904762,0.5
2022,35,Misiones,2022-08-29,54,1280960,0,0.0,15.961904761904762,27.53333333333333,70.43452380952381,1.2916666666666663
2022,36,Misiones,2022-09-05,54,1280960,0,0.0,17.982738095238094,10.775,77.25,1.5
2022,37,Misiones,2022-09-12,54,1280960,0,0.0,18.140714285714285,24.625,68.23809523809524,1.5416666666666663
2022,38,Misiones,2022-09-19,54,1280960,0,0.0,16.395238095238096,40.825,78.48214285714286,2.2916666666666665
2022,39,Misiones,2022-09-26,54,1280960,0,0.0,18.44702380952381,40.60833333333333,82.45238095238095,2.583333333333333
2022,40,Misiones,2022-10-03,54,1280960,0,0.0,18.805714285714288,91.68333333333334,72.05714285714285,2.583333333333333
2022,41,Misiones,2022-10-10,54,1280960,0,0.0,18.811309523809527,70.20833333333333,83.85714285714286,3.0416666666666665
2022,42,Misiones,2022-10-17,54,1280960,0,0.0,21.18928571428572,83.61666666666666,79.92261904761905,2.583333333333333
2022,43,Misiones,2022-10-24,54,1280960,0,0.0,23.46607142857143,66.0,68.14880952380952,3.125
2022,44,Misiones,2022-10-31,54,1280960,0,0.0,17.3,5.666666666666667,63.58333333333333,0.7916666666666666
2022,45,Misiones,2022-11-07,54,1280960,0,0.0,22.05952380952381,43.275,65.72619047619048,1.2916666666666663
2022,46,Misiones,2022-11-14,54,1280960,0,0.0,24.339285714285715,12.041666666666666,53.51785714285714,0.25
2022,47,Misiones,2022-11-21,54,1280960,0,0.0,23.37142857142857,18.0,66.80952380952381,1.3333333333333333
2022,48,Misiones,2022-11-28,54,1280960,0,0.0,25.707738095238096,34.85,70.14285714285714,2.0
2022,49,Misiones,2022-12-05,54,1280960,0,0.0,28.651785714285715,5.5,69.67857142857143,1.0
2022,50,Misiones,2022-12-12,54,1280960,0,0.0,25.104761904761904,21.15,64.32738095238095,1.0416666666666663
2023,1,Misiones,2023-01-02,54,1280960,2,0.15613290032475644,25.10297619047619,30.1,63.76785714285714,0.75
2023,2,Misiones,2023-01-09,54,1280960,0,0.0,24.914880952380955,52.36666666666666,74.42261904761904,3.375
2023,3,Misiones,2023-01-16,54,1280960,0,0.0,27.03154761904762,22.1,71.43452380952381,1.25
2023,4,Misiones,2023-01-23,54,1280960,1,0.07806645016237822,28.44404761904762,10.4625,64.02976190476191,1.0
2023,5,Misiones,2023-01-30,54,1280960,1,0.07806645016237822,25.123809523809523,32.233333333333334,77.09523809523809,2.6666666666666665
2023,6,Misiones,2023-02-06,54,1280960,0,0.0,27.176190476190477,1.6666666666666667,61.23809523809524,0.3333333333333333
2023,7,Misiones,2023-02-13,54,1280960,0,0.0,22.57619047619048,53.73333333333333,74.47619047619048,2.6666666666666665
2023,8,Misiones,2023-02-20,54,1280960,1,0.07806645016237822,23.3,57.333333333333336,80.80952380952381,3.0
2023,9,Misiones,2023-02-27,54,1280960,6,0.4683987009742693,24.28095238095238,57.675,80.24404761904762,2.083333333333333
2023,10,Misiones,2023-03-06,54,1280960,1,0.07806645016237822,25.84345238095238,17.541666666666668,74.67857142857143,1.5416666666666663
2023,11,Misiones,2023-03-13,54,1280960,5,0.3903322508118911,25.735,33.9,81.76190476190476,3.6
2023,12,Misiones,2023-03-20,54,1280960,12,0.9367974019485386,27.05952380952381,4.375,70.31547619047619,0.75
2023,13,Misiones,2023-03-27,54,1280960,20,1.5613290032475644,23.798214285714284,33.40833333333333,72.01190476190476,1.0416666666666663
2023,14,Misiones,2023-04-03,54,1280960,14,1.092930302273295,22.242261904761904,24.916666666666664,80.54166666666667,1.8333333333333333
2023,15,Misiones,2023-04-10,54,1280960,25,1.9516612540594556,22.893452380952382,52.083333333333336,80.26785714285714,2.375
2023,16,Misiones,2023-04-17,54,1280960,29,2.2639270547089683,18.65714285714286,7.5,73.0297619047619,0.5
2023,17,Misiones,2023-04-24,54,1280960,24,1.873594803897077,20.35,53.075,79.81547619047619,2.083333333333333
2023,18,Misiones,2023-05-01,54,1280960,29,2.2639270547089683,21.077380952380956,111.81666666666666,90.86309523809524,4.416666666666666
2023,19,Misiones,2023-05-08,54,1280960,27,2.107794154384212,16.392857142857146,0.05,77.2202380952381,0.0
2023,20,Misiones,2023-05-15,54,1280960,16,1.2490632025980515,19.13154761904762,3.975,75.08333333333333,0.5
2023,21,Misiones,2023-05-22,54,1280960,9,0.7025980514614039,21.035714285714285,41.24166666666667,77.17857142857143,1.7916666666666663
2023,22,Misiones,2023-05-29,54,1280960,15,1.1709967524356732,19.047023809523807,2.333333333333333,80.68452380952381,0.2916666666666666
2023,23,Misiones,2023-06-05,54,1280960,12,0.9367974019485386,20.298809523809524,21.5,74.53571428571429,1.0
2023,24,Misiones,2023-06-12,54,1280960,6,0.4683987009742693,11.329761904761904,20.28333333333333,88.41666666666667,2.583333333333333
2023,25,Misiones,2023-06-19,54,1280960,3,0.23419935048713464,18.454761904761902,31.025,82.30357142857143,1.5833333333333333
2023,26,Misiones,2023-06-26,54,1280960,1,0.07806645016237822,19.35773809523809,0.8416666666666667,79.95238095238095,0.25
2023,27,Misiones,2023-07-03,54,1280960,2,0.15613290032475644,19.702142857142857,29.166666666666664,78.62857142857143,2.083333333333333
2023,28,Misiones,2023-07-10,54,1280960,8,0.6245316012990257,15.023809523809524,46.66666666666666,87.09523809523809,2.6666666666666665
2023,29,Misiones,2023-07-17,54,1280960,2,0.15613290032475644,17.770238095238092,0.0,75.07738095238095,0.0
2023,30,Misiones,2023-07-24,54,1280960,2,0.15613290032475644,18.23273809523809,10.416666666666668,80.22619047619048,2.0416666666666665
2023,31,Misiones,2023-07-31,54,1280960,3,0.23419935048713464,22.90119047619048,2.25,70.10119047619048,0.25
2023,32,Misiones,2023-08-07,54,1280960,5,0.3903322508118911,18.06666666666667,103.90833333333332,82.57738095238095,4.708333333333334
2023,33,Misiones,2023-08-14,54,1280960,5,0.3903322508118911,19.7125,31.95833333333333,74.97619047619048,1.5833333333333333
2023,34,Misiones,2023-08-21,54,1280960,2,0.15613290032475644,19.714880952380952,0.0,68.68452380952381,0.0
2023,35,Misiones,2023-08-28,54,1280960,1,0.07806645016237822,19.954761904761902,144.09166666666667,74.05952380952381,3.375
2023,36,Misiones,2023-09-04,54,1280960,2,0.15613290032475644,19.300714285714285,84.03333333333333,86.57142857142857,3.125
2023,37,Misiones,2023-09-11,54,1280960,2,0.15613290032475644,20.595714285714287,43.575,70.10714285714286,2.2
2023,38,Misiones,2023-09-18,54,1280960,1,0.07806645016237822,27.339285714285715,43.083333333333336,70.67857142857143,1.3333333333333333
2023,39,Misiones,2023-09-25,54,1280960,1,0.07806645016237822,21.69642857142857,4.133333333333334,73.23809523809524,0.7916666666666666
2023,40,Misiones,2023-10-02,54,1280960,5,0.3903322508118911,20.617261904761907,103.36666666666667,82.7,3.333333333333333
2023,41,Misiones,2023-10-09,54,1280960,4,0.31226580064951287,20.542857142857144,23.741666666666667,75.85119047619048,1.0416666666666663
2023,42,Misiones,2023-10-16,54,1280960,2,0.15613290032475644,23.529761904761905,146.20833333333334,81.82142857142857,3.9166666666666665
2023,43,Misiones,2023-10-23,54,1280960,6,0.4683987009742693,21.547023809523807,221.16666666666663,86.66071428571429,4.625
2023,44,Misiones,2023-10-30,54,1280960,6,0.4683987009742693,20.251785714285717,116.99166666666667,83.70238095238095,3.9166666666666665
2023,45,Misiones,2023-11-06,54,1280960,14,1.092930302273295,26.594285714285714,84.71666666666667,67.74285714285715,2.625
2023,46,Misiones,2023-11-13,54,1280960,14,1.092930302273295,23.14785714285714,165.53333333333336,85.27857142857144,4.458333333333334
2023,47,Misiones,2023-11-20,54,1280960,38,2.9665251061703724,24.20357142857143,38.29166666666666,76.83928571428572,1.8333333333333333
2023,48,Misiones,2023-11-27,54,1280960,69,5.386585061204097,25.792261904761904,81.20833333333334,81.74404761904762,3.625
2023,49,Misiones,2023-12-04,54,1280960,159,12.412565575818137,23.745,93.43333333333334,84.98571428571428,4.125
2023,50,Misiones,2023-12-11,54,1280960,429,33.49050711966026,28.27559523809524,9.75,68.88095238095238,0.5
2023,51,Misiones,2023-12-18,54,1280960,333,25.996127904071948,26.40833333333333,63.641666666666666,79.07738095238095,3.9166666666666665
2023,52,Misiones,2023-12-25,54,1280960,472,36.84736447664252,24.12857142857143,40.65,77.25595238095238,2.625
2024,1,Misiones,2024-01-01,54,1280960,704,54.95878091431426,26.790476190476188,1.6666666666666667,68.38095238095238,0.3333333333333333
2024,2,Misiones,2024-01-08,54,1280960,867,67.68361229078191,26.423809523809524,26.200000000000003,75.57142857142857,1.3333333333333333
2024,3,Misiones,2024-01-15,54,1280960,750,58.54983762178367,26.490476190476187,88.16666666666667,81.90476190476191,4.333333333333333
2024,4,Misiones,2024-01-22,54,1280960,994,77.59805146140394,23.266666666666666,13.666666666666666,69.66666666666667,1.6666666666666667
2024,5,Misiones,2024-01-29,54,1280960,1107,86.41956032975268,28.17738095238095,6.0,60.45238095238095,1.0
2024,6,Misiones,2024-02-05,54,1280960,1194,93.21134149387959,28.68869047619048,17.266666666666666,66.95833333333333,1.5833333333333333
2024,7,Misiones,2024-02-12,54,1280960,1175,91.7280789407944,25.261904761904763,64.70833333333333,81.66071428571429,3.833333333333333
2024,8,Misiones,2024-02-19,54,1280960,1544,120.53459905071198,26.17619047619048,46.275,77.6547619047619,2.083333333333333
2024,9,Misiones,2024-02-26,54,1280960,1352,105.54584061953534,26.21904761904762,65.8,81.42857142857143,4.375
2024,10,Misiones,2024-03-04,54,1280960,1074,83.8433674743942,24.820238095238096,31.758333333333333,84.46428571428572,2.875
2024,11,Misiones,2024-03-11,54,1280960,1035,80.79877591806145,28.207738095238096,38.4,71.0297619047619,1.5416666666666663
2024,12,Misiones,2024-03-18,54,1280960,1100,85.87309517861604,24.362142857142857,48.075,79.69285714285715,2.625
2024,13,Misiones,2024-03-25,54,1280960,767,59.87696727454409,25.46190476190476,0.0,71.19047619047619,0.0
2024,14,Misiones,2024-04-01,54,1280960,937,73.14826380214839,25.75,65.33333333333333,78.32857142857142,2.2916666666666665
2024,15,Misiones,2024-04-08,54,1280960,973,75.95865600799401,24.357857142857146,30.641666666666666,86.28571428571429,2.583333333333333
2024,16,Misiones,2024-04-15,54,1280960,1030,80.40844366724956,20.52857142857143,93.79166666666669,80.2,2.333333333333333
2024,17,Misiones,2024-04-22,54,1280960,717,55.97364476642518,23.205952380952382,111.81666666666666,88.69047619047619,3.625
2024,18,Misiones,2024-04-29,54,1280960,500,39.03322508118911,24.527380952380952,176.625,84.01785714285714,3.125
2024,19,Misiones,2024-05-06,54,1280960,253,19.75081189108169,22.96309523809524,33.475,80.35119047619048,2.583333333333333
2024,20,Misiones,2024-05-13,54,1280960,86,6.713714713964527,14.266666666666666,39.54166666666666,90.6904761904762,3.6666666666666665
2024,21,Misiones,2024-05-20,54,1280960,85,6.635648263802148,16.620238095238093,39.04166666666667,85.54761904761905,2.333333333333333
2024,22,Misiones,2024-05-27,54,1280960,33,2.576192855358481,14.27,1.5,80.71428571428572,0.25
2024,23,Misiones,2024-06-03,54,1280960,1,0.07806645016237822,20.772142857142857,0.0,75.87142857142857,0.0
2024,24,Misiones,2024-06-10,54,1280960,0,0.0,23.64404761904762,45.10833333333333,71.13690476190476,2.0416666666666665
2024,25,Misiones,2024-06-17,54,1280960,3,0.23419935048713464,21.53809523809524,96.975,77.42857142857143,3.6666666666666665
2024,26,Misiones,2024-06-24,54,1280960,3,0.23419935048713464,12.663095238095238,15.641666666666667,84.77380952380952,1.2916666666666663
2024,27,Misiones,2024-07-01,54,1280960,0,0.0,15.723809523809525,26.0,79.09523809523809,1.75
2024,28,Misiones,2024-07-08,54,1280960,0,0.0,8.205,38.175,90.85714285714286,2.0
2024,29,Misiones,2024-07-15,54,1280960,0,0.0,17.552380952380954,0.0,79.47619047619048,0.0
2024,30,Misiones,2024-07-22,54,1280960,0,0.0,20.383333333333333,24.4,76.57142857142857,1.5416666666666663
2024,31,Misiones,2024-07-29,54,1280960,0,0.0,19.75119047619048,12.1,79.4047619047619,0.75
2024,32,Misiones,2024-08-05,54,1280960,0,0.0,14.736904761904762,39.891666666666666,82.43452380952381,2.125
2024,33,Misiones,2024-08-12,54,1280960,0,0.0,18.44071428571429,0.0,68.43571428571428,0.0
2024,34,Misiones,2024-08-19,54,1280960,0,0.0,18.03333333333333,61.7,77.95238095238095,1.7916666666666663
2024,35,Misiones,2024-08-26,54,1280960,0,0.0,18.21845238095238,0.0,72.00595238095238,0.0
2024,36,Misiones,2024-09-02,54,1280960,0,0.0,19.785714285714285,17.666666666666668,74.30714285714285,1.0416666666666663
2024,37,Misiones,2024-09-09,54,1280960,0,0.0,22.26214285714285,17.916666666666668,75.07857142857142,2.583333333333333
2024,38,Misiones,2024-09-16,54,1280960,0,0.0,21.576785714285712,40.98333333333333,75.96428571428571,1.0416666666666663
2024,39,Misiones,2024-09-23,54,1280960,0,0.0,24.166071428571428,43.79166666666667,75.70833333333333,1.2916666666666663
2024,40,Misiones,2024-09-30,54,1280960,0,0.0,23.667857142857144,11.191666666666666,70.78571428571428,1.5833333333333333
2024,41,Misiones,2024-10-07,54,1280960,0,0.0,21.195,89.20833333333334,86.86428571428571,3.9166666666666665
2024,42,Misiones,2024-10-14,54,1280960,0,0.0,22.212857142857143,28.09166666666667,80.51428571428572,2.333333333333333
2024,43,Misiones,2024-10-21,54,1280960,0,0.0,24.04940476190476,18.125,75.83928571428572,2.083333333333333
2024,44,Misiones,2024-10-28,54,1280960,0,0.0,25.41547619047619,19.216666666666665,73.94642857142857,1.5416666666666663
2024,45,Misiones,2024-11-04,54,1280960,0,0.0,24.442857142857143,45.59166666666667,79.30952380952381,1.8333333333333333
2024,46,Misiones,2024-11-11,54,1280960,0,0.0,24.314880952380957,1.375,69.04166666666667,0.5
2024,47,Misiones,2024-11-18,54,1280960,0,0.0,24.934285714285718,20.883333333333333,82.62857142857143,2.333333333333333
2024,48,Misiones,2024-11-25,54,1280960,0,0.0,26.29702380952381,105.89166666666668,78.31547619047619,3.125
2024,49,Misiones,2024-12-02,54,1280960,1,0.07806645016237822,22.891666666666666,178.77499999999998,83.49404761904762,3.2
2024,50,Misiones,2024-12-09,54,1280960,0,0.0,23.50119047619048,16.616666666666667,80.5,2.333333333333333
2024,51,Misiones,2024-12-16,54,1280960,0,0.0,24.60952380952381,22.45833333333333,73.88095238095238,1.5833333333333333
2024,52,Misiones,2024-12-23,54,1280960,0,0.0,24.376428571428573,4.575,65.77857142857144,0.25
2025,1,Misiones,2024-12-30,54,1280960,0,0.0,27.2875,13.583333333333334,62.65476190476191,1.0416666666666663
2025,2,Misiones,2025-01-06,54,1280960,0,0.0,27.03154761904762,5.0,61.39880952380952,0.5
2025,3,Misiones,2025-01-13,54,1280960,0,0.0,27.00952380952381,24.25,70.98214285714286,1.8333333333333333
2025,4,Misiones,2025-01-20,54,1280960,1,0.07806645016237822,26.08809523809524,48.38333333333333,75.60714285714286,2.583333333333333
2025,5,Misiones,2025-01-27,54,1280960,1,0.07806645016237822,25.933333333333334,28.566666666666663,76.52380952380952,2.6666666666666665
2025,6,Misiones,2025-02-03,54,1280960,0,0.0,27.49047619047619,23.166666666666668,73.52380952380953,2.333333333333333
2025,7,Misiones,2025-02-10,54,1280960,0,0.0,27.914285714285715,35.46666666666667,73.28571428571429,2.6666666666666665
2025,8,Misiones,2025-02-17,54,1280960,0,0.0,25.642857142857142,43.9,81.04761904761905,2.6666666666666665
2025,9,Misiones,2025-02-24,54,1280960,0,0.0,28.52642857142857,13.675,72.5,1.85
2025,10,Misiones,2025-03-03,54,1280960,0,0.0,28.3625,17.958333333333336,68.18452380952381,1.2916666666666663
2025,11,Misiones,2025-03-10,54,1280960,0,0.0,22.802857142857142,21.8,76.69285714285715,0.5
2025,12,Misiones,2025-03-17,54,1280960,0,0.0,25.136309523809523,1.075,68.21428571428572,0.25
2025,13,Misiones,2025-03-24,54,1280960,0,0.0,25.401190476190475,45.45,80.13095238095238,1.7916666666666663
2025,14,Misiones,2025-03-31,54,1280960,0,0.0,21.423809523809524,30.125,82.875,2.333333333333333
2025,15,Misiones,2025-04-07,54,1280960,0,0.0,20.135,48.28333333333333,84.40714285714286,2.7916666666666665
2025,16,Misiones,2025-04-14,54,1280960,0,0.0,22.65059523809524,2.3,79.70833333333333,0.25
2025,17,Misiones,2025-04-21,54,1280960,2,0.15613290032475644,20.917857142857144,9.0,82.92261904761905,1.0
2025,18,Misiones,2025-04-28,54,1280960,0,0.0,19.018452380952382,0.125,74.89880952380952,0.0
2025,19,Misiones,2025-05-05,54,1280960,0,0.0,21.242142857142856,86.5,81.19285714285715,2.9166666666666665
2025,20,Misiones,2025-05-12,54,1280960,0,0.0,20.95119047619048,9.425,76.25595238095238,0.5
2025,21,Misiones,2025-05-19,54,1280960,0,0.0,19.901785714285715,28.19166666666667,87.64285714285714,2.833333333333333
2025,22,Misiones,2025-05-26,54,1280960,0,0.0,13.515476190476187,66.75,85.26785714285714,2.333333333333333
2025,23,Misiones,2025-06-02,54,1280960,0,0.0,17.15535714285714,65.79166666666667,92.66666666666666,2.833333333333333
2025,24,Misiones,2025-06-09,54,1280960,0,0.0,13.26,30.975,83.56428571428572,1.0
2025,25,Misiones,2025-06-16,54,1280960,0,0.0,18.044285714285717,93.76666666666668,89.65714285714286,3.625
2025,26,Misiones,2025-06-23,54,1280960,0,0.0,11.364285714285714,57.59166666666666,84.38690476190476,2.75
2025,27,Misiones,2025-06-30,54,1280960,0,0.0,10.994285714285716,0.075,79.87857142857143,0.0
2025,28,Misiones,2025-07-07,54,1280960,0,0.0,17.429761904761904,0.0,77.70833333333333,0.0
2025,29,Misiones,2025-07-14,54,1280960,0,0.0,16.423809523809524,15.766666666666667,78.125,1.0416666666666663
2025,30,Misiones,2025-07-21,54,1280960,0,0.0,18.83154761904762,61.09166666666667,84.0952380952381,3.083333333333333
2025,31,Misiones,2025-07-28,54,1280960,0,0.0,16.93452380952381,33.025,72.44642857142857,1.2916666666666663
2025,32,Misiones,2025-08-04,54,1280960,0,0.0,14.32857142857143,13.783333333333337,87.07738095238095,1.8333333333333333
2025,33,Misiones,2025-08-11,54,1280960,0,0.0,16.11642857142857,0.2,73.87142857142857,0.0
2025,34,Misiones,2025-08-18,54,1280960,0,0.0,18.011309523809523,55.16666666666667,80.25595238095238,3.875
2025,35,Misiones,2025-08-25,54,1280960,0,0.0,17.50642857142857,7.433333333333334,77.72857142857143,1.2916666666666663
2025,36,Misiones,2025-09-01,54,1280960,0,0.0,17.150714285714287,52.975,81.50714285714285,3.55
2025,37,Misiones,2025-09-08,54,1280960,0,0.0,20.23333333333333,25.33333333333333,70.71428571428572,2.0416666666666665
2025,38,Misiones,2025-09-15,54,1280960,0,0.0,22.732142857142858,80.075,73.70833333333333,2.333333333333333
2025,39,Misiones,2025-09-22,54,1280960,0,0.0,18.96547619047619,23.0,69.70238095238096,0.75
2025,40,Misiones,2025-09-29,54,1280960,0,0.0,22.27202380952381,73.725,82.01785714285714,3.625
2025,41,Misiones,2025-10-06,54,1280960,0,0.0,19.44761904761905,47.975,78.09523809523809,1.75
2025,42,Misiones,2025-10-13,54,1280960,0,0.0,20.416071428571428,102.09166666666668,75.76785714285714,2.625
2018,1,Neuquén,2018-01-01,58,726590,0,0.0,22.914285714285715,0.0,48.285714285714285,0.0
2018,2,Neuquén,2018-01-08,58,726590,0,0.0,27.142857142857142,0.0,41.57142857142857,0.0
2018,3,Neuquén,2018-01-15,58,726590,0,0.0,26.557142857142857,9.0,36.142857142857146,1.0
2018,4,Neuquén,2018-01-22,58,726590,0,0.0,23.37142857142857,0.0,42.85714285714285,0.0
2018,5,Neuquén,2018-01-29,58,726590,0,0.0,26.47142857142857,12.0,46.85714285714285,1.0
2018,6,Neuquén,2018-02-05,58,726590,0,0.0,22.557142857142857,0.0,40.42857142857143,0.0
2018,7,Neuquén,2018-02-12,58,726590,0,0.0,26.62857142857143,0.4,38.57142857142857,0.0
2018,8,Neuquén,2018-02-19,58,726590,0,0.0,20.15714285714285,7.200000000000001,57.57142857142857,1.0
2018,9,Neuquén,2018-02-26,58,726590,0,0.0,24.357142857142858,4.0,48.85714285714285,1.0
2018,10,Neuquén,2018-03-05,58,726590,0,0.0,20.27142857142857,3.0,49.85714285714285,1.0
2018,11,Neuquén,2018-03-12,58,726590,0,0.0,16.4,0.0,45.57142857142857,0.0
2018,12,Neuquén,2018-03-19,58,726590,0,0.0,15.55714285714286,0.0,46.142857142857146,0.0
2018,13,Neuquén,2018-03-26,58,726590,0,0.0,17.942857142857143,0.0,54.71428571428572,0.0
2018,14,Neuquén,2018-04-02,58,726590,0,0.0,17.057142857142857,0.0,51.42857142857143,0.0
2018,15,Neuquén,2018-04-09,58,726590,0,0.0,15.44285714285714,0.0,52.57142857142857,0.0
2018,16,Neuquén,2018-04-16,58,726590,0,0.0,14.985714285714286,0.0,60.142857142857146,0.0
2018,17,Neuquén,2018-04-23,58,726590,0,0.0,12.94285714285714,0.0,63.71428571428572,0.0
2018,18,Neuquén,2018-04-30,58,726590,0,0.0,12.585714285714284,2.0,69.0,1.0
2018,19,Neuquén,2018-05-07,58,726590,0,0.0,12.914285714285716,6.0,75.57142857142857,1.0
2018,20,Neuquén,2018-05-14,58,726590,0,0.0,10.4,8.0,67.42857142857143,1.0
2018,21,Neuquén,2018-05-21,58,726590,0,0.0,6.814285714285715,0.0,76.28571428571429,0.0
2018,22,Neuquén,2018-05-28,58,726590,0,0.0,6.628571428571428,9.0,74.0,1.0
2018,23,Neuquén,2018-06-04,58,726590,0,0.0,6.057142857142857,11.9,70.57142857142857,1.0
2018,24,Neuquén,2018-06-11,58,726590,0,0.0,3.1714285714285717,1.1,82.42857142857143,1.0
2018,25,Neuquén,2018-06-18,58,726590,0,0.0,7.628571428571428,0.0,62.42857142857143,0.0
2018,26,Neuquén,2018-06-25,58,726590,0,0.0,10.314285714285717,1.1,58.85714285714285,0.0
2018,27,Neuquén,2018-07-02,58,726590,0,0.0,5.2,11.0,80.85714285714286,3.0
2019,1,Neuquén,2018-12-31,58,726590,0,0.0,23.37142857142857,0.0,33.57142857142857,0.0
2019,2,Neuquén,2019-01-07,58,726590,0,0.0,19.542857142857144,0.0,38.142857142857146,0.0
2019,3,Neuquén,2019-01-14,58,726590,0,0.0,24.385714285714283,0.0,35.714285714285715,0.0
2019,4,Neuquén,2019-01-21,58,726590,0,0.0,25.3,0.0,35.285714285714285,0.0
2019,5,Neuquén,2019-01-28,58,726590,0,0.0,25.0,0.0,31.428571428571427,0.0
2019,6,Neuquén,2019-02-04,58,726590,0,0.0,25.15714285714285,7.0,38.71428571428572,1.0
2019,7,Neuquén,2019-02-11,58,726590,0,0.0,23.814285714285717,0.0,45.0,0.0
2019,8,Neuquén,2019-02-18,58,726590,0,0.0,23.357142857142858,0.7,40.57142857142857,0.0
2019,9,Neuquén,2019-02-25,58,726590,0,0.0,19.642857142857142,0.0,43.71428571428572,0.0
2019,10,Neuquén,2019-03-04,58,726590,0,0.0,18.842857142857145,0.0,41.85714285714285,0.0
2019,11,Neuquén,2019-03-11,58,726590,0,0.0,19.428571428571427,0.0,55.71428571428572,0.0
2019,12,Neuquén,2019-03-18,58,726590,0,0.0,16.728571428571428,0.0,46.0,0.0
2019,13,Neuquén,2019-03-25,58,726590,0,0.0,18.428571428571427,0.0,56.42857142857143,0.0
2019,14,Neuquén,2019-04-01,58,726590,0,0.0,18.8,0.0,50.285714285714285,0.0
2019,15,Neuquén,2019-04-08,58,726590,0,0.0,17.942857142857143,0.0,51.0,0.0
2019,16,Neuquén,2019-04-15,58,726590,0,0.0,13.614285714285714,0.0,66.28571428571429,0.0
2019,17,Neuquén,2019-04-22,58,726590,0,0.0,14.471428571428572,9.0,73.57142857142857,2.0
2019,18,Neuquén,2019-04-29,58,726590,0,0.0,13.55714285714286,4.2,62.57142857142857,1.0
2019,19,Neuquén,2019-05-06,58,726590,0,0.0,13.242857142857144,0.2,70.71428571428571,0.0
2019,20,Neuquén,2019-05-13,58,726590,0,0.0,10.44285714285714,1.0,67.14285714285714,0.0
2019,21,Neuquén,2019-05-20,58,726590,0,0.0,7.928571428571429,1.0,70.71428571428571,0.0
2019,22,Neuquén,2019-05-27,58,726590,0,0.0,7.214285714285714,12.0,81.14285714285714,1.0
2019,23,Neuquén,2019-06-03,58,726590,0,0.0,9.2,0.0,70.42857142857143,0.0
2019,24,Neuquén,2019-06-10,58,726590,0,0.0,6.857142857142857,8.7,74.0,1.0
2019,25,Neuquén,2019-06-17,58,726590,0,0.0,8.1,6.0,75.71428571428571,1.0
2019,26,Neuquén,2019-06-24,58,726590,0,0.0,7.785714285714286,4.0,66.14285714285714,2.0
2019,27,Neuquén,2019-07-01,58,726590,0,0.0,5.5,7.0,76.71428571428571,1.0
2019,28,Neuquén,2019-07-08,58,726590,0,0.0,6.785714285714286,0.0,74.85714285714286,0.0
2019,29,Neuquén,2019-07-15,58,726590,0,0.0,7.471428571428571,0.2,62.71428571428572,0.0
2019,30,Neuquén,2019-07-22,58,726590,0,0.0,5.6571428571428575,0.0,63.85714285714285,0.0
2019,31,Neuquén,2019-07-29,58,726590,0,0.0,10.7,0.0,49.142857142857146,0.0
2019,32,Neuquén,2019-08-05,58,726590,0,0.0,8.014285714285714,1.0,49.71428571428572,0.0
2019,33,Neuquén,2019-08-12,58,726590,0,0.0,5.457142857142856,0.7999999999999999,73.85714285714286,0.0
2019,34,Neuquén,2019-08-19,58,726590,0,0.0,8.6,5.0,71.14285714285714,1.0
2019,35,Neuquén,2019-08-26,58,726590,0,0.0,11.971428571428572,2.0,48.57142857142857,1.0
2019,36,Neuquén,2019-09-02,58,726590,0,0.0,5.9,7.0,61.285714285714285,2.0
2019,37,Neuquén,2019-09-09,58,726590,0,0.0,10.157142857142857,4.0,60.71428571428572,2.0
2019,38,Neuquén,2019-09-16,58,726590,0,0.0,12.528571428571428,0.0,36.142857142857146,0.0
2019,39,Neuquén,2019-09-23,58,726590,0,0.0,18.1,0.0,39.71428571428572,0.0
2019,40,Neuquén,2019-09-30,58,726590,0,0.0,11.228571428571428,2.0,48.0,1.0
2019,41,Neuquén,2019-10-07,58,726590,0,0.0,16.342857142857145,0.0,37.285714285714285,0.0
2019,42,Neuquén,2019-10-14,58,726590,0,0.0,14.085714285714284,10.2,56.0,1.0
2019,43,Neuquén,2019-10-21,58,726590,0,0.0,17.142857142857142,0.0,39.71428571428572,0.0
2019,44,Neuquén,2019-10-28,58,726590,0,0.0,17.7,0.0,34.42857142857143,0.0
2019,45,Neuquén,2019-11-04,58,726590,0,0.0,18.185714285714287,0.0,35.857142857142854,0.0
2019,46,Neuquén,2019-11-11,58,726590,0,0.0,21.61428571428572,19.0,46.0,1.0
2019,47,Neuquén,2019-11-18,58,726590,0,0.0,22.62857142857143,0.0,32.857142857142854,0.0
2019,48,Neuquén,2019-11-25,58,726590,0,0.0,18.785714285714285,0.0,31.285714285714285,0.0
2019,49,Neuquén,2019-12-02,58,726590,0,0.0,22.785714285714285,0.0,29.428571428571427,0.0
2019,50,Neuquén,2019-12-09,58,726590,0,0.0,22.942857142857143,0.0,27.428571428571427,0.0
2019,51,Neuquén,2019-12-16,58,726590,0,0.0,23.285714285714285,0.0,34.714285714285715,0.0
2019,52,Neuquén,2019-12-23,58,726590,0,0.0,23.8,0.0,35.42857142857143,0.0
2020,1,Neuquén,2019-12-30,58,726590,0,0.0,27.385714285714283,0.0,34.857142857142854,0.0
2020,2,Neuquén,2020-01-06,58,726590,0,0.0,22.071428571428573,0.0,34.57142857142857,0.0
2020,3,Neuquén,2020-01-13,58,726590,0,0.0,24.228571428571428,8.0,41.85714285714285,1.0
2020,4,Neuquén,2020-01-20,58,726590,0,0.0,27.457142857142856,4.0,38.42857142857143,1.0
2020,5,Neuquén,2020-01-27,58,726590,0,0.0,24.1,0.0,35.857142857142854,0.0
2020,6,Neuquén,2020-02-03,58,726590,1,0.13762919941094703,21.24285714285714,4.0,51.285714285714285,1.0
2020,7,Neuquén,2020-02-10,58,726590,0,0.0,23.685714285714287,1.0,44.142857142857146,0.0
2020,8,Neuquén,2020-02-17,58,726590,1,0.13762919941094703,21.014285714285712,0.0,36.57142857142857,0.0
2020,9,Neuquén,2020-02-24,58,726590,0,0.0,23.385714285714283,0.0,41.71428571428572,0.0
2020,10,Neuquén,2020-03-02,58,726590,1,0.13762919941094703,26.1,4.0,46.285714285714285,1.0
2020,11,Neuquén,2020-03-09,58,726590,1,0.13762919941094703,20.8,0.0,50.71428571428572,0.0
2020,12,Neuquén,2020-03-16,58,726590,0,0.0,19.74285714285714,0.0,51.57142857142857,0.0
2020,13,Neuquén,2020-03-23,58,726590,1,0.13762919941094703,20.6,0.0,50.71428571428572,0.0
2020,14,Neuquén,2020-03-30,58,726590,0,0.0,16.2,0.0,57.42857142857143,0.0
2020,15,Neuquén,2020-04-06,58,726590,0,0.0,15.842857142857143,0.0,52.57142857142857,0.0
2020,16,Neuquén,2020-04-13,58,726590,0,0.0,16.557142857142857,0.0,59.42857142857143,0.0
2020,17,Neuquén,2020-04-20,58,726590,0,0.0,14.6,1.0,65.71428571428571,0.0
2020,18,Neuquén,2020-04-27,58,726590,0,0.0,12.2,0.0,68.85714285714286,0.0
2020,19,Neuquén,2020-05-04,58,726590,0,0.0,11.428571428571429,0.0,60.0,0.0
2020,20,Neuquén,2020-05-11,58,726590,0,0.0,13.2,0.0,58.285714285714285,0.0
2020,21,Neuquén,2020-05-18,58,726590,0,0.0,10.014285714285714,3.0,71.28571428571429,1.0
2020,22,Neuquén,2020-05-25,58,726590,0,0.0,8.214285714285714,57.0,71.57142857142857,2.0
2020,23,Neuquén,2020-06-01,58,726590,0,0.0,6.1571428571428575,0.0,83.14285714285714,0.0
2020,24,Neuquén,2020-06-08,58,726590,0,0.0,7.985714285714286,0.0,56.85714285714285,0.0
2020,25,Neuquén,2020-06-15,58,726590,0,0.0,7.242857142857143,1.0,69.28571428571429,0.0
2020,26,Neuquén,2020-06-22,58,726590,0,0.0,4.442857142857143,13.9,76.14285714285714,2.0
2020,27,Neuquén,2020-06-29,58,726590,0,0.0,4.8,17.7,89.28571428571429,3.0
2020,28,Neuquén,2020-07-06,58,726590,0,0.0,6.8,1.2999999999999998,66.42857142857143,0.0
2020,29,Neuquén,2020-07-13,58,726590,0,0.0,6.014285714285714,0.3,75.14285714285714,0.0
2020,30,Neuquén,2020-07-20,58,726590,0,0.0,6.028571428571429,78.5,78.28571428571429,3.0
2020,31,Neuquén,2020-07-27,58,726590,0,0.0,6.6000000000000005,0.0,65.85714285714286,0.0
2020,32,Neuquén,2020-08-03,58,726590,0,0.0,8.828571428571427,0.0,61.85714285714285,0.0
2020,33,Neuquén,2020-08-10,58,726590,0,0.0,9.042857142857144,0.0,42.85714285714285,0.0
2020,34,Neuquén,2020-08-17,58,726590,0,0.0,8.442857142857141,0.0,56.285714285714285,0.0
2020,35,Neuquén,2020-08-24,58,726590,0,0.0,9.485714285714286,0.0,53.42857142857143,0.0
2020,36,Neuquén,2020-08-31,58,726590,0,0.0,9.785714285714286,0.0,53.71428571428572,0.0
2020,37,Neuquén,2020-09-07,58,726590,0,0.0,11.971428571428572,0.0,49.285714285714285,0.0
2020,38,Neuquén,2020-09-14,58,726590,0,0.0,12.414285714285716,3.0,46.57142857142857,1.0
2020,39,Neuquén,2020-09-21,58,726590,0,0.0,14.44285714285714,2.0,46.0,1.0
2020,40,Neuquén,2020-09-28,58,726590,0,0.0,10.657142857142857,9.0,48.42857142857143,2.0
2020,41,Neuquén,2020-10-05,58,726590,0,0.0,13.385714285714286,0.0,51.42857142857143,0.0
2020,42,Neuquén,2020-10-12,58,726590,0,0.0,20.37142857142857,0.0,40.142857142857146,0.0
2020,43,Neuquén,2020-10-19,58,726590,0,0.0,17.9,0.0,43.71428571428572,0.0
2020,44,Neuquén,2020-10-26,58,726590,0,0.0,18.52857142857143,0.0,37.71428571428572,0.0
2020,45,Neuquén,2020-11-02,58,726590,0,0.0,21.442857142857143,4.0,43.285714285714285,1.0
2020,46,Neuquén,2020-11-09,58,726590,0,0.0,20.314285714285717,9.0,52.57142857142857,1.0
2020,47,Neuquén,2020-11-16,58,726590,0,0.0,22.485714285714288,0.0,41.57142857142857,0.0
2020,48,Neuquén,2020-11-23,58,726590,0,0.0,20.65714285714285,0.0,37.57142857142857,0.0
2020,49,Neuquén,2020-11-30,58,726590,0,0.0,22.714285714285715,0.0,29.714285714285715,0.0
2020,50,Neuquén,2020-12-07,58,726590,0,0.0,21.514285714285712,2.0,38.57142857142857,1.0
2020,51,Neuquén,2020-12-14,58,726590,0,0.0,21.25714285714286,3.0,36.85714285714285,1.0
2020,52,Neuquén,2020-12-21,58,726590,0,0.0,25.885714285714283,4.7,39.85714285714285,1.0
2020,53,Neuquén,2020-12-28,58,726590,0,0.0,24.814285714285717,0.6,43.71428571428572,0.0
2021,1,Neuquén,2021-01-04,58,726590,0,0.0,23.071428571428573,0.0,42.142857142857146,0.0
2021,2,Neuquén,2021-01-11,58,726590,0,0.0,21.0,0.0,44.142857142857146,0.0
2021,3,Neuquén,2021-01-18,58,726590,0,0.0,29.385714285714283,0.0,40.142857142857146,0.0
2021,4,Neuquén,2021-01-25,58,726590,0,0.0,20.62857142857143,5.5,49.71428571428572,2.0
2021,5,Neuquén,2021-02-01,58,726590,0,0.0,22.9,0.0,50.85714285714285,0.0
2021,6,Neuquén,2021-02-08,58,726590,0,0.0,24.25714285714286,0.0,49.142857142857146,0.0
2021,7,Neuquén,2021-02-15,58,726590,0,0.0,19.842857142857145,0.0,45.0,0.0
2021,8,Neuquén,2021-02-22,58,726590,0,0.0,23.714285714285715,0.0,48.57142857142857,0.0
2021,9,Neuquén,2021-03-01,58,726590,0,0.0,22.24285714285714,0.0,66.57142857142857,0.0
2021,10,Neuquén,2021-03-08,58,726590,0,0.0,21.442857142857143,0.0,49.285714285714285,0.0
2021,11,Neuquén,2021-03-15,58,726590,0,0.0,17.857142857142858,3.0,57.71428571428572,1.0
2021,12,Neuquén,2021-03-22,58,726590,0,0.0,16.885714285714283,0.0,56.0,0.0
2021,13,Neuquén,2021-03-29,58,726590,0,0.0,20.585714285714285,0.0,59.71428571428572,0.0
2021,14,Neuquén,2021-04-05,58,726590,0,0.0,17.742857142857144,0.0,60.71428571428572,0.0
2021,15,Neuquén,2021-04-12,58,726590,0,0.0,16.857142857142858,0.0,63.0,0.0
2021,16,Neuquén,2021-04-19,58,726590,0,0.0,15.457142857142856,81.0,77.57142857142857,3.0
2021,17,Neuquén,2021-04-26,58,726590,0,0.0,13.62857142857143,3.9,80.57142857142857,1.0
2021,18,Neuquén,2021-05-03,58,726590,0,0.0,9.028571428571428,0.0,75.71428571428571,0.0
2021,19,Neuquén,2021-05-10,58,726590,0,0.0,7.399999999999999,0.0,78.28571428571429,0.0
2021,20,Neuquén,2021-05-17,58,726590,0,0.0,11.142857142857142,3.1,77.28571428571429,1.0
2021,21,Neuquén,2021-05-24,58,726590,0,0.0,12.014285714285714,0.0,56.285714285714285,0.0
2021,22,Neuquén,2021-05-31,58,726590,0,0.0,12.1,0.3,59.57142857142857,0.0
2021,23,Neuquén,2021-06-07,58,726590,0,0.0,10.814285714285717,0.0,63.142857142857146,0.0
2021,24,Neuquén,2021-06-14,58,726590,0,0.0,3.071428571428572,9.0,79.42857142857143,2.0
2021,25,Neuquén,2021-06-21,58,726590,0,0.0,6.614285714285714,0.0,74.42857142857143,0.0
2021,26,Neuquén,2021-06-28,58,726590,0,0.0,4.128571428571428,0.0,68.42857142857143,0.0
2021,27,Neuquén,2021-07-05,58,726590,0,0.0,7.6571428571428575,0.0,65.71428571428571,0.0
2021,28,Neuquén,2021-07-12,58,726590,0,0.0,4.742857142857142,0.0,64.85714285714286,0.0
2021,29,Neuquén,2021-07-19,58,726590,0,0.0,7.585714285714286,0.0,64.28571428571429,0.0
2021,30,Neuquén,2021-07-26,58,726590,0,0.0,5.528571428571429,0.0,68.0,0.0
2022,1,Neuquén,2022-01-03,58,726590,0,0.0,25.942857142857143,12.0,43.71428571428572,2.0
2022,2,Neuquén,2022-01-10,58,726590,0,0.0,27.557142857142857,0.0,31.0,0.0
2022,3,Neuquén,2022-01-17,58,726590,0,0.0,19.214285714285715,6.1,56.71428571428572,1.0
2022,4,Neuquén,2022-01-24,58,726590,0,0.0,25.37142857142857,0.0,39.142857142857146,0.0
2022,5,Neuquén,2022-01-31,58,726590,0,0.0,23.542857142857144,0.0,44.0,0.0
2022,6,Neuquén,2022-02-07,58,726590,0,0.0,24.15714285714285,0.0,34.857142857142854,0.0
2022,7,Neuquén,2022-02-14,58,726590,0,0.0,24.82857142857143,35.0,38.57142857142857,1.0
2022,8,Neuquén,2022-02-21,58,726590,0,0.0,17.67142857142857,43.0,64.14285714285714,2.0
2022,9,Neuquén,2022-02-28,58,726590,0,0.0,20.414285714285715,0.0,44.71428571428572,0.0
2022,10,Neuquén,2022-03-07,58,726590,0,0.0,19.0,0.0,49.0,0.0
2022,11,Neuquén,2022-03-14,58,726590,0,0.0,19.085714285714285,0.0,52.85714285714285,0.0
2022,12,Neuquén,2022-03-21,58,726590,0,0.0,16.04285714285714,0.0,55.42857142857143,0.0
2022,13,Neuquén,2022-03-28,58,726590,0,0.0,13.714285714285714,0.0,51.0,0.0
2022,14,Neuquén,2022-04-04,58,726590,0,0.0,16.357142857142858,0.2,62.142857142857146,0.0
2022,15,Neuquén,2022-04-11,58,726590,0,0.0,13.7,0.0,60.0,0.0
2022,16,Neuquén,2022-04-18,58,726590,0,0.0,14.357142857142858,12.5,56.85714285714285,1.0
2022,17,Neuquén,2022-04-25,58,726590,0,0.0,9.142857142857142,0.0,58.71428571428572,0.0
2022,18,Neuquén,2022-05-02,58,726590,0,0.0,11.471428571428572,0.0,67.28571428571429,0.0
2022,19,Neuquén,2022-05-09,58,726590,0,0.0,8.942857142857143,0.3,67.42857142857143,0.0
2022,20,Neuquén,2022-05-16,58,726590,0,0.0,7.228571428571429,0.5,66.0,0.0
2022,21,Neuquén,2022-05-23,58,726590,0,0.0,3.585714285714286,0.0,70.71428571428571,0.0
2022,22,Neuquén,2022-05-30,58,726590,0,0.0,2.6714285714285717,1.0,79.57142857142857,0.0
2022,23,Neuquén,2022-06-06,58,726590,0,0.0,7.185714285714285,0.0,62.71428571428572,0.0
2022,24,Neuquén,2022-06-13,58,726590,0,0.0,6.6000000000000005,0.0,66.85714285714286,0.0
2022,25,Neuquén,2022-06-20,58,726590,0,0.0,3.857142857142857,10.7,84.0,2.0
2022,26,Neuquén,2022-06-27,58,726590,0,0.0,7.828571428571428,3.0,62.85714285714285,1.0
2022,27,Neuquén,2022-07-04,58,726590,0,0.0,6.2,0.0,58.142857142857146,0.0
2022,28,Neuquén,2022-07-11,58,726590,0,0.0,4.885714285714286,6.0,76.85714285714286,1.0
2022,29,Neuquén,2022-07-18,58,726590,0,0.0,8.071428571428571,0.6,64.57142857142857,0.0
2022,30,Neuquén,2022-07-25,58,726590,0,0.0,7.628571428571428,1.0,75.85714285714286,0.0
2022,31,Neuquén,2022-08-01,58,726590,0,0.0,4.6000000000000005,25.1,79.14285714285714,3.0
2022,32,Neuquén,2022-08-08,58,726590,0,0.0,8.5,0.0,67.85714285714286,0.0
2022,33,Neuquén,2022-08-15,58,726590,0,0.0,8.985714285714286,3.3,61.0,1.0
2022,34,Neuquén,2022-08-22,58,726590,0,0.0,9.228571428571428,0.0,56.285714285714285,0.0
2022,35,Neuquén,2022-08-29,58,726590,0,0.0,11.171428571428573,0.0,47.85714285714285,0.0
2022,36,Neuquén,2022-09-05,58,726590,0,0.0,11.928571428571429,0.0,43.285714285714285,0.0
2022,37,Neuquén,2022-09-12,58,726590,0,0.0,12.742857142857144,0.0,51.285714285714285,0.0
2022,38,Neuquén,2022-09-19,58,726590,0,0.0,10.671428571428573,0.0,54.285714285714285,0.0
2022,39,Neuquén,2022-09-26,58,726590,0,0.0,16.242857142857144,0.0,43.0,0.0
2022,40,Neuquén,2022-10-03,58,726590,0,0.0,14.3,4.0,44.42857142857143,1.0
2022,41,Neuquén,2022-10-10,58,726590,0,0.0,15.171428571428567,0.0,36.285714285714285,0.0
2022,42,Neuquén,2022-10-17,58,726590,0,0.0,15.657142857142857,3.7,55.57142857142857,1.0
2022,43,Neuquén,2022-10-24,58,726590,0,0.0,17.37142857142857,0.0,37.0,0.0
2022,44,Neuquén,2022-10-31,58,726590,0,0.0,22.02857142857143,0.0,29.285714285714285,0.0
2022,45,Neuquén,2022-11-07,58,726590,0,0.0,19.857142857142858,29.000000000000004,57.85714285714285,3.0
2022,46,Neuquén,2022-11-14,58,726590,0,0.0,21.814285714285717,0.0,40.142857142857146,0.0
2022,47,Neuquén,2022-11-21,58,726590,0,0.0,25.214285714285715,0.0,33.57142857142857,0.0
2022,48,Neuquén,2022-11-28,58,726590,0,0.0,24.557142857142857,0.0,33.0,0.0
2022,49,Neuquén,2022-12-05,58,726590,0,0.0,24.714285714285715,0.0,33.0,0.0
2022,50,Neuquén,2022-12-12,58,726590,0,0.0,24.5,0.0,34.142857142857146,0.0
2023,1,Neuquén,2023-01-02,58,726590,0,0.0,27.97142857142857,0.0,33.142857142857146,0.0
2023,2,Neuquén,2023-01-09,58,726590,0,0.0,24.714285714285715,0.0,32.714285714285715,0.0
2023,3,Neuquén,2023-01-16,58,726590,0,0.0,25.985714285714288,0.0,47.285714285714285,0.0
2023,4,Neuquén,2023-01-23,58,726590,0,0.0,25.014285714285712,0.0,36.85714285714285,0.0
2023,5,Neuquén,2023-01-30,58,726590,0,0.0,26.542857142857144,0.0,43.71428571428572,0.0
2023,6,Neuquén,2023-02-06,58,726590,1,0.13762919941094703,26.957142857142856,0.0,38.142857142857146,0.0
2023,7,Neuquén,2023-02-13,58,726590,0,0.0,18.585714285714285,0.0,39.285714285714285,0.0
2023,8,Neuquén,2023-02-20,58,726590,0,0.0,23.428571428571427,0.0,40.42857142857143,0.0
2023,9,Neuquén,2023-02-27,58,726590,0,0.0,23.514285714285712,0.0,45.0,0.0
2023,10,Neuquén,2023-03-06,58,726590,1,0.13762919941094703,23.842857142857145,0.0,43.285714285714285,0.0
2023,11,Neuquén,2023-03-13,58,726590,2,0.27525839882189407,21.1,0.0,55.71428571428572,0.0
2023,12,Neuquén,2023-03-20,58,726590,0,0.0,18.74285714285714,0.0,57.85714285714285,0.0
2023,13,Neuquén,2023-03-27,58,726590,2,0.27525839882189407,16.514285714285712,0.0,49.142857142857146,0.0
2023,14,Neuquén,2023-04-03,58,726590,3,0.41288759823284105,17.342857142857145,0.0,61.71428571428572,0.0
2023,15,Neuquén,2023-04-10,58,726590,3,0.41288759823284105,11.671428571428573,1.8000000000000005,73.85714285714286,1.0
2023,16,Neuquén,2023-04-17,58,726590,7,0.9634043958766292,16.014285714285712,0.0,54.142857142857146,0.0
2023,17,Neuquén,2023-04-24,58,726590,0,0.0,15.55714285714286,0.0,59.42857142857143,0.0
2023,18,Neuquén,2023-05-01,58,726590,4,0.5505167976437881,10.6,0.0,65.0,0.0
2023,19,Neuquén,2023-05-08,58,726590,0,0.0,11.614285714285714,0.0,70.14285714285714,0.0
2023,20,Neuquén,2023-05-15,58,726590,2,0.27525839882189407,10.842857142857143,0.0,63.0,0.0
2023,21,Neuquén,2023-05-22,58,726590,1,0.13762919941094703,8.014285714285714,0.0,63.285714285714285,0.0
2023,22,Neuquén,2023-05-29,58,726590,0,0.0,10.4,0.9000000000000001,60.0,0.0
2023,23,Neuquén,2023-06-05,58,726590,0,0.0,7.828571428571428,4.3,62.42857142857143,1.0
2023,24,Neuquén,2023-06-12,58,726590,0,0.0,5.3,5.0,78.42857142857143,1.0
2023,25,Neuquén,2023-06-19,58,726590,0,0.0,8.214285714285714,44.5,89.14285714285714,3.0
2023,26,Neuquén,2023-06-26,58,726590,0,0.0,7.857142857142857,0.0,75.0,0.0
2023,27,Neuquén,2023-07-03,58,726590,0,0.0,7.5,0.8,69.0,0.0
2023,28,Neuquén,2023-07-10,58,726590,0,0.0,3.7428571428571433,8.8,80.0,2.0
2023,29,Neuquén,2023-07-17,58,726590,1,0.13762919941094703,5.857142857142857,0.6,73.14285714285714,0.0
2023,30,Neuquén,2023-07-24,58,726590,0,0.0,9.585714285714284,3.0,68.14285714285714,1.0
2023,31,Neuquén,2023-07-31,58,726590,0,0.0,9.785714285714286,0.0,50.285714285714285,0.0
2023,32,Neuquén,2023-08-07,58,726590,0,0.0,9.685714285714283,0.0,50.0,0.0
2023,33,Neuquén,2023-08-14,58,726590,0,0.0,8.028571428571428,34.7,74.85714285714286,3.0
2023,34,Neuquén,2023-08-21,58,726590,0,0.0,7.3428571428571425,0.2,65.42857142857143,0.0
2023,35,Neuquén,2023-08-28,58,726590,0,0.0,10.3,0.0,53.71428571428572,0.0
2023,36,Neuquén,2023-09-04,58,726590,0,0.0,10.285714285714286,9.2,63.57142857142857,2.0
2023,37,Neuquén,2023-09-11,58,726590,0,0.0,12.571428571428571,3.0,50.285714285714285,1.0
2023,38,Neuquén,2023-09-18,58,726590,0,0.0,10.685714285714283,0.0,58.142857142857146,0.0
2023,39,Neuquén,2023-09-25,58,726590,0,0.0,13.885714285714286,0.3,42.0,0.0
2023,40,Neuquén,2023-10-02,58,726590,0,0.0,14.457142857142856,0.0,39.71428571428572,0.0
2023,41,Neuquén,2023-10-09,58,726590,0,0.0,14.642857142857142,0.0,43.285714285714285,0.0
2023,42,Neuquén,2023-10-16,58,726590,0,0.0,17.271428571428572,3.0,49.42857142857143,1.0
2023,43,Neuquén,2023-10-23,58,726590,0,0.0,15.357142857142858,1.1,51.85714285714285,0.0
2023,44,Neuquén,2023-10-30,58,726590,0,0.0,13.5,35.5,58.42857142857143,2.0
2023,45,Neuquén,2023-11-06,58,726590,0,0.0,18.285714285714285,0.0,37.57142857142857,0.0
2023,46,Neuquén,2023-11-13,58,726590,1,0.13762919941094703,16.071428571428573,0.0,37.42857142857143,0.0
2023,47,Neuquén,2023-11-20,58,726590,2,0.27525839882189407,21.67142857142857,0.0,34.285714285714285,0.0
2023,48,Neuquén,2023-11-27,58,726590,1,0.13762919941094703,20.457142857142856,0.0,34.42857142857143,0.0
2023,49,Neuquén,2023-12-04,58,726590,0,0.0,23.071428571428573,4.5,37.142857142857146,1.0
2023,50,Neuquén,2023-12-11,58,726590,1,0.13762919941094703,23.142857142857142,0.0,30.285714285714285,0.0
2023,51,Neuquén,2023-12-18,58,726590,1,0.13762919941094703,21.485714285714288,2.0,41.57142857142857,1.0
2023,52,Neuquén,2023-12-25,58,726590,6,0.8257751964656821,26.714285714285715,0.0,35.42857142857143,0.0
2024,1,Neuquén,2024-01-01,58,726590,3,0.41288759823284105,26.27142857142857,2.0,41.85714285714285,1.0
2024,2,Neuquén,2024-01-08,58,726590,5,0.6881459970547351,23.15714285714285,3.0,34.714285714285715,1.0
2024,3,Neuquén,2024-01-15,58,726590,5,0.6881459970547351,25.61428571428572,0.0,33.857142857142854,0.0
2024,4,Neuquén,2024-01-22,58,726590,6,0.8257751964656821,30.428571428571427,0.0,33.142857142857146,0.0
2024,5,Neuquén,2024-01-29,58,726590,2,0.27525839882189407,27.02857142857143,1.0,34.0,0.0
2024,6,Neuquén,2024-02-05,58,726590,4,0.5505167976437881,24.842857142857145,42.0,51.42857142857143,2.0
2024,7,Neuquén,2024-02-12,58,726590,2,0.27525839882189407,25.38571428571429,0.0,42.42857142857143,0.0
2024,8,Neuquén,2024-02-19,58,726590,2,0.27525839882189407,23.9,3.5,45.142857142857146,1.0
2024,9,Neuquén,2024-02-26,58,726590,6,0.8257751964656821,22.414285714285715,0.0,45.285714285714285,0.0
2024,10,Neuquén,2024-03-04,58,726590,7,0.9634043958766292,19.82857142857143,0.0,46.71428571428572,0.0
2024,11,Neuquén,2024-03-11,58,726590,7,0.9634043958766292,19.285714285714285,0.0,42.85714285714285,0.0
2024,12,Neuquén,2024-03-18,58,726590,22,3.0278423870408346,18.3,0.0,45.285714285714285,0.0
2024,13,Neuquén,2024-03-25,58,726590,20,2.7525839882189405,19.457142857142856,0.0,52.57142857142857,0.0
2024,14,Neuquén,2024-04-01,58,726590,38,5.229909577615987,16.142857142857142,0.0,52.142857142857146,0.0
2024,15,Neuquén,2024-04-08,58,726590,20,2.7525839882189405,12.685714285714283,10.6,67.85714285714286,3.0
2024,16,Neuquén,2024-04-15,58,726590,13,1.7891795923423115,13.94285714285714,0.9000000000000001,63.85714285714285,0.0
2024,17,Neuquén,2024-04-22,58,726590,4,0.5505167976437881,12.042857142857144,0.0,55.142857142857146,0.0
2024,18,Neuquén,2024-04-29,58,726590,6,0.8257751964656821,8.77142857142857,0.0,56.0,0.0
2024,19,Neuquén,2024-05-06,58,726590,3,0.41288759823284105,8.557142857142857,19.5,63.0,2.0
2024,20,Neuquén,2024-05-13,58,726590,1,0.13762919941094703,5.257142857142857,3.0,79.0,1.0
2024,21,Neuquén,2024-05-20,58,726590,1,0.13762919941094703,6.442857142857143,1.2,76.0,1.0
2024,22,Neuquén,2024-05-27,58,726590,0,0.0,7.485714285714287,0.2,74.14285714285714,0.0
2024,23,Neuquén,2024-06-03,58,726590,0,0.0,9.757142857142856,1.0,74.71428571428571,0.0
2024,24,Neuquén,2024-06-10,58,726590,0,0.0,10.014285714285714,2.8,71.85714285714286,1.0
2024,25,Neuquén,2024-06-17,58,726590,0,0.0,5.957142857142857,2.9,74.0,2.0
2024,26,Neuquén,2024-06-24,58,726590,0,0.0,5.928571428571429,0.0,64.85714285714286,0.0
2024,27,Neuquén,2024-07-01,58,726590,0,0.0,4.914285714285714,0.0,61.42857142857143,0.0
2024,28,Neuquén,2024-07-08,58,726590,0,0.0,0.9571428571428572,0.0,76.14285714285714,0.0
2024,29,Neuquén,2024-07-15,58,726590,0,0.0,5.471428571428571,0.0,64.71428571428571,0.0
2024,30,Neuquén,2024-07-22,58,726590,0,0.0,8.214285714285714,0.0,52.0,0.0
2024,31,Neuquén,2024-07-29,58,726590,0,0.0,8.014285714285714,0.0,55.142857142857146,0.0
2024,32,Neuquén,2024-08-05,58,726590,0,0.0,7.557142857142857,5.0,61.0,1.0
2024,33,Neuquén,2024-08-12,58,726590,0,0.0,7.814285714285715,0.0,60.71428571428572,0.0
2024,34,Neuquén,2024-08-19,58,726590,0,0.0,5.657142857142857,11.0,71.28571428571429,2.0
2024,35,Neuquén,2024-08-26,58,726590,0,0.0,11.685714285714283,0.0,53.0,0.0
2024,36,Neuquén,2024-09-02,58,726590,0,0.0,11.857142857142858,0.0,43.57142857142857,0.0
2024,37,Neuquén,2024-09-09,58,726590,0,0.0,11.928571428571429,2.9,44.0,1.0
2024,38,Neuquén,2024-09-16,58,726590,0,0.0,14.685714285714283,0.0,36.42857142857143,0.0
2024,39,Neuquén,2024-09-23,58,726590,0,0.0,13.642857142857142,2.0,42.142857142857146,1.0
2024,40,Neuquén,2024-09-30,58,726590,0,0.0,13.742857142857144,0.0,39.85714285714285,0.0
2024,41,Neuquén,2024-10-07,58,726590,0,0.0,16.4,0.4,46.57142857142857,0.0
2024,42,Neuquén,2024-10-14,58,726590,0,0.0,20.3,0.0,42.285714285714285,0.0
2024,43,Neuquén,2024-10-21,58,726590,0,0.0,20.142857142857142,0.0,34.142857142857146,0.0
2024,44,Neuquén,2024-10-28,58,726590,0,0.0,22.314285714285717,0.0,30.714285714285715,0.0
2024,45,Neuquén,2024-11-04,58,726590,0,0.0,18.67142857142857,0.0,38.142857142857146,0.0
2024,46,Neuquén,2024-11-11,58,726590,0,0.0,20.185714285714287,0.0,31.571428571428573,0.0
2024,47,Neuquén,2024-11-18,58,726590,0,0.0,23.17142857142857,0.0,39.285714285714285,0.0
2024,48,Neuquén,2024-11-25,58,726590,0,0.0,19.985714285714288,0.0,30.0,0.0
2024,49,Neuquén,2024-12-02,58,726590,0,0.0,18.914285714285715,0.0,34.857142857142854,0.0
2024,50,Neuquén,2024-12-09,58,726590,0,0.0,24.442857142857143,0.0,35.142857142857146,0.0
2024,51,Neuquén,2024-12-16,58,726590,0,0.0,24.32857142857143,0.0,30.857142857142858,0.0
2024,52,Neuquén,2024-12-23,58,726590,0,0.0,25.342857142857145,0.8,34.0,0.0
2025,1,Neuquén,2024-12-30,58,726590,0,0.0,26.314285714285717,0.0,33.142857142857146,0.0
2025,2,Neuquén,2025-01-06,58,726590,0,0.0,28.157142857142865,0.0,36.0,0.0
2025,3,Neuquén,2025-01-13,58,726590,0,0.0,26.25714285714286,0.0,28.142857142857142,0.0
2025,4,Neuquén,2025-01-20,58,726590,0,0.0,26.885714285714283,0.0,30.285714285714285,0.0
2025,5,Neuquén,2025-01-27,58,726590,0,0.0,27.4,0.5,35.142857142857146,0.0
2025,6,Neuquén,2025-02-03,58,726590,0,0.0,25.25714285714286,0.0,36.57142857142857,0.0
2025,7,Neuquén,2025-02-10,58,726590,1,0.13762919941094703,23.885714285714283,0.0,37.142857142857146,0.0
2025,8,Neuquén,2025-02-17,58,726590,0,0.0,25.414285714285715,0.2,40.285714285714285,0.0
2025,9,Neuquén,2025-02-24,58,726590,0,0.0,23.75714285714286,6.3,51.0,1.0
2025,10,Neuquén,2025-03-03,58,726590,0,0.0,20.542857142857144,0.0,52.57142857142857,0.0
2025,11,Neuquén,2025-03-10,58,726590,0,0.0,20.714285714285715,0.0,47.71428571428572,0.0
2025,12,Neuquén,2025-03-17,58,726590,0,0.0,19.52857142857143,2.2,52.71428571428572,1.0
2025,13,Neuquén,2025-03-24,58,726590,1,0.13762919941094703,16.5,2.0,66.85714285714286,1.0
2025,14,Neuquén,2025-03-31,58,726590,1,0.13762919941094703,13.357142857142858,0.0,51.71428571428572,0.0
2025,15,Neuquén,2025-04-07,58,726590,1,0.13762919941094703,16.685714285714287,0.0,57.85714285714285,0.0
2025,16,Neuquén,2025-04-14,58,726590,0,0.0,12.814285714285717,4.6,65.71428571428571,1.0
2025,17,Neuquén,2025-04-21,58,726590,0,0.0,14.585714285714284,5.7,67.28571428571429,1.0
2025,18,Neuquén,2025-04-28,58,726590,0,0.0,11.314285714285717,3.0,65.57142857142857,1.0
2025,19,Neuquén,2025-05-05,58,726590,0,0.0,12.114285714285714,0.0,62.71428571428572,0.0
2025,20,Neuquén,2025-05-12,58,726590,0,0.0,11.242857142857144,0.0,62.71428571428572,0.0
2025,21,Neuquén,2025-05-19,58,726590,0,0.0,9.585714285714284,0.0,61.0,0.0
2025,22,Neuquén,2025-05-26,58,726590,0,0.0,7.785714285714286,0.0,58.0,0.0
2025,23,Neuquén,2025-06-02,58,726590,0,0.0,8.442857142857143,0.0,62.0,0.0
2025,24,Neuquén,2025-06-09,58,726590,0,0.0,7.542857142857143,1.0,67.14285714285714,0.0
2025,25,Neuquén,2025-06-16,58,726590,0,0.0,6.4,0.0,59.42857142857143,0.0
2025,26,Neuquén,2025-06-23,58,726590,0,0.0,6.185714285714286,1.0,51.42857142857143,0.0
2025,27,Neuquén,2025-06-30,58,726590,0,0.0,2.357142857142857,0.0,77.42857142857143,0.0
2025,28,Neuquén,2025-07-07,58,726590,0,0.0,5.857142857142857,0.0,66.0,0.0
2025,29,Neuquén,2025-07-14,58,726590,0,0.0,7.728571428571429,0.0,56.285714285714285,0.0
2025,30,Neuquén,2025-07-21,58,726590,0,0.0,4.6000000000000005,20.0,75.71428571428571,3.0
2025,31,Neuquén,2025-07-28,58,726590,0,0.0,7.371428571428572,0.0,82.14285714285714,0.0
2025,32,Neuquén,2025-08-04,58,726590,0,0.0,8.342857142857143,0.0,62.285714285714285,0.0
2025,33,Neuquén,2025-08-11,58,726590,0,0.0,12.05714285714286,0.0,56.57142857142857,0.0
2025,34,Neuquén,2025-08-18,58,726590,0,0.0,11.114285714285714,0.0,49.285714285714285,0.0
2025,35,Neuquén,2025-08-25,58,726590,0,0.0,11.514285714285714,13.0,56.71428571428572,2.0
2025,36,Neuquén,2025-09-01,58,726590,0,0.0,9.214285714285714,0.0,53.0,0.0
2025,37,Neuquén,2025-09-08,58,726590,0,0.0,14.55714285714286,0.0,42.285714285714285,0.0
2025,38,Neuquén,2025-09-15,58,726590,0,0.0,13.985714285714286,0.5,54.57142857142857,0.0
2025,39,Neuquén,2025-09-22,58,726590,0,0.0,14.62857142857143,0.2,47.42857142857143,0.0
2025,40,Neuquén,2025-09-29,58,726590,0,0.0,16.32857142857143,0.0,34.142857142857146,0.0
2025,41,Neuquén,2025-10-06,58,726590,0,0.0,17.54285714285714,0.0,38.57142857142857,0.0
2025,42,Neuquén,2025-10-13,58,726590,0,0.0,18.6,0.0,33.857142857142854,0.0
2018,1,Río Negro,2018-01-01,62,762067,0,0.0,18.14,14.4,49.4,1.0
2018,2,Río Negro,2018-01-08,62,762067,0,0.0,22.474285714285717,1.7,42.82857142857143,0.2
2018,3,Río Negro,2018-01-15,62,762067,0,0.0,22.08,1.2,45.77142857142857,0.6
2018,4,Río Negro,2018-01-22,62,762067,0,0.0,19.52285714285714,7.040000000000001,46.142857142857146,1.0
2018,5,Río Negro,2018-01-29,62,762067,0,0.0,22.81047619047619,3.24,41.73333333333333,0.6
2018,6,Río Negro,2018-02-05,62,762067,0,0.0,18.19428571428572,1.2,48.54285714285714,0.4
2018,7,Río Negro,2018-02-12,62,762067,0,0.0,23.282857142857143,1.4,44.971428571428575,0.4
2018,8,Río Negro,2018-02-19,62,762067,0,0.0,18.054285714285715,6.74,54.94285714285714,0.6
2018,9,Río Negro,2018-02-26,62,762067,0,0.0,20.437142857142856,2.4,53.114285714285714,0.6
2018,10,Río Negro,2018-03-05,62,762067,0,0.0,17.53142857142857,10.7,53.971428571428575,2.0
2018,11,Río Negro,2018-03-12,62,762067,0,0.0,13.331428571428573,20.6,55.94285714285714,2.8
2018,12,Río Negro,2018-03-19,62,762067,0,0.0,12.654285714285717,5.48,57.05714285714286,0.8
2018,13,Río Negro,2018-03-26,62,762067,0,0.0,15.277142857142858,0.0,56.85714285714285,0.0
2018,14,Río Negro,2018-04-02,62,762067,0,0.0,13.419999999999998,9.38,58.2,1.2
2018,15,Río Negro,2018-04-09,62,762067,0,0.0,11.837142857142856,22.94,61.8,1.2
2018,16,Río Negro,2018-04-16,62,762067,0,0.0,14.28,3.58,56.65714285714286,0.4
2018,17,Río Negro,2018-04-23,62,762067,0,0.0,8.98,8.36,66.17142857142858,0.8
2018,18,Río Negro,2018-04-30,62,762067,0,0.0,8.531428571428572,10.06,70.82857142857144,1.4
2018,19,Río Negro,2018-05-07,62,762067,0,0.0,11.071428571428571,14.94,76.22857142857143,1.0
2018,20,Río Negro,2018-05-14,62,762067,0,0.0,7.217142857142858,7.859999999999999,76.82857142857142,1.4
2018,21,Río Negro,2018-05-21,62,762067,0,0.0,7.022857142857143,8.6,73.11428571428571,0.8
2018,22,Río Negro,2018-05-28,62,762067,0,0.0,4.085714285714286,7.459999999999999,76.57142857142857,1.0
2018,23,Río Negro,2018-06-04,62,762067,0,0.0,3.657142857142857,18.160000000000004,77.2,2.4
2018,24,Río Negro,2018-06-11,62,762067,0,0.0,3.497142857142857,14.0,77.07142857142858,1.2
2018,25,Río Negro,2018-06-18,62,762067,0,0.0,5.685714285714286,10.46,65.82857142857142,2.0
2018,26,Río Negro,2018-06-25,62,762067,0,0.0,6.034285714285715,42.44,70.34285714285714,2.6
2018,27,Río Negro,2018-07-02,62,762067,0,0.0,1.6028571428571428,7.479999999999999,81.37619047619049,1.4
2019,1,Río Negro,2018-12-31,62,762067,0,0.0,18.285714285714285,0.0,46.457142857142856,0.0
2019,2,Río Negro,2019-01-07,62,762067,0,0.0,16.014285714285712,5.94,49.82857142857143,0.8
2019,3,Río Negro,2019-01-14,62,762067,0,0.0,21.231428571428573,0.1,40.0,0.0
2019,4,Río Negro,2019-01-21,62,762067,0,0.0,19.96,4.2,45.65714285714286,0.4
2019,5,Río Negro,2019-01-28,62,762067,0,0.0,19.917142857142856,0.0,44.02857142857143,0.0
2019,6,Río Negro,2019-02-04,62,762067,0,0.0,20.614285714285717,1.92,44.68571428571429,0.4
2019,7,Río Negro,2019-02-11,62,762067,0,0.0,21.68,0.1599999999999999,41.65714285714286,0.0
2019,8,Río Negro,2019-02-18,62,762067,0,0.0,17.61142857142857,0.2,52.62857142857142,0.0
2019,9,Río Negro,2019-02-25,62,762067,0,0.0,15.322857142857142,1.7399999999999998,53.82857142857142,0.4
2019,10,Río Negro,2019-03-04,62,762067,0,0.0,15.688571428571429,7.7,50.971428571428575,0.6
2019,11,Río Negro,2019-03-11,62,762067,0,0.0,16.142857142857142,16.64,65.05714285714285,1.4
2019,12,Río Negro,2019-03-18,62,762067,0,0.0,13.14,0.64,57.54285714285714,0.2
2019,13,Río Negro,2019-03-25,62,762067,0,0.0,15.777142857142858,0.0,55.71428571428571,0.0
2019,14,Río Negro,2019-04-01,62,762067,0,0.0,15.505714285714284,4.6,54.8,0.8
2019,15,Río Negro,2019-04-08,62,762067,0,0.0,13.26,3.4,59.885714285714286,0.6
2019,16,Río Negro,2019-04-15,62,762067,0,0.0,11.13714285714286,3.5,60.65714285714286,0.2
2019,17,Río Negro,2019-04-22,62,762067,0,0.0,11.891428571428571,3.64,68.91428571428571,0.4
2019,18,Río Negro,2019-04-29,62,762067,0,0.0,9.274285714285714,48.7,67.94285714285715,2.8
2019,19,Río Negro,2019-05-06,62,762067,0,0.0,9.991428571428573,3.3400000000000007,75.17142857142858,0.6
2019,20,Río Negro,2019-05-13,62,762067,0,0.0,8.105714285714287,2.54,69.8,0.4
2019,21,Río Negro,2019-05-20,62,762067,0,0.0,6.171428571428572,0.64,68.4857142857143,0.2
2019,22,Río Negro,2019-05-27,62,762067,0,0.0,5.477142857142857,13.2,78.25714285714287,2.2
2019,23,Río Negro,2019-06-03,62,762067,0,0.0,8.588571428571429,38.720000000000006,70.91428571428571,2.4
2019,24,Río Negro,2019-06-10,62,762067,0,0.0,4.351428571428571,13.46,79.45714285714286,1.4
2019,25,Río Negro,2019-06-17,62,762067,0,0.0,7.568571428571428,37.46,78.54285714285714,2.2
2019,26,Río Negro,2019-06-24,62,762067,0,0.0,4.385714285714285,18.26,75.34285714285714,2.0
2019,27,Río Negro,2019-07-01,62,762067,0,0.0,3.205714285714285,3.22,74.82857142857142,0.8
2019,28,Río Negro,2019-07-08,62,762067,0,0.0,5.091428571428572,5.48,77.97142857142858,1.2
2019,29,Río Negro,2019-07-15,62,762067,0,0.0,5.457142857142857,38.1,71.77142857142857,2.8
2019,30,Río Negro,2019-07-22,62,762067,0,0.0,2.505714285714286,7.8,73.0,0.6
2019,31,Río Negro,2019-07-29,62,762067,0,0.0,6.98,20.0,65.11428571428571,1.2
2019,32,Río Negro,2019-08-05,62,762067,0,0.0,5.162857142857144,7.9,64.52380952380952,1.6
2019,33,Río Negro,2019-08-12,62,762067,0,0.0,4.057142857142857,3.34,74.97142857142858,0.8
2019,34,Río Negro,2019-08-19,62,762067,0,0.0,6.16,9.6,75.8,1.8
2019,35,Río Negro,2019-08-26,62,762067,0,0.0,7.1971428571428575,26.860000000000003,64.85714285714286,1.0
2019,36,Río Negro,2019-09-02,62,762067,0,0.0,4.317142857142857,4.62,67.22857142857143,1.0
2019,37,Río Negro,2019-09-09,62,762067,0,0.0,7.417142857142856,4.38,65.4857142857143,0.6
2019,38,Río Negro,2019-09-16,62,762067,0,0.0,8.214285714285714,5.48,54.0,0.4
2019,39,Río Negro,2019-09-23,62,762067,0,0.0,13.291428571428572,2.2,54.17142857142858,0.4
2019,40,Río Negro,2019-09-30,62,762067,0,0.0,8.40857142857143,5.14,54.08571428571429,1.2
2019,41,Río Negro,2019-10-07,62,762067,0,0.0,11.997142857142858,0.1599999999999999,50.71428571428571,0.0
2019,42,Río Negro,2019-10-14,62,762067,0,0.0,11.697142857142858,5.2,58.82857142857144,1.2
2019,43,Río Negro,2019-10-21,62,762067,0,0.0,12.248571428571427,9.46,56.31428571428571,0.6
2019,44,Río Negro,2019-10-28,62,762067,0,0.0,13.508571428571427,8.42,51.62857142857142,1.6
2019,45,Río Negro,2019-11-04,62,762067,0,0.0,14.60285714285714,0.02,47.34285714285714,0.0
2019,46,Río Negro,2019-11-11,62,762067,0,0.0,17.088571428571427,4.96,52.6,0.8
2019,47,Río Negro,2019-11-18,62,762067,0,0.0,16.785714285714285,7.7,47.28571428571429,1.2
2019,48,Río Negro,2019-11-25,62,762067,0,0.0,14.865714285714285,7.3,48.4,0.6
2019,49,Río Negro,2019-12-02,62,762067,0,0.0,17.645714285714284,1.4400000000000002,45.4,0.4
2019,50,Río Negro,2019-12-09,62,762067,0,0.0,17.422857142857143,0.02,46.17142857142857,0.0
2019,51,Río Negro,2019-12-16,62,762067,0,0.0,18.628571428571423,1.2,46.17142857142857,0.4
2019,52,Río Negro,2019-12-23,62,762067,0,0.0,18.982857142857146,12.3,48.85714285714285,1.2
2020,1,Río Negro,2019-12-30,62,762067,0,0.0,21.31142857142857,10.68,52.8,0.6
2020,2,Río Negro,2020-01-06,62,762067,0,0.0,17.225714285714286,8.36,51.25714285714285,0.8
2020,3,Río Negro,2020-01-13,62,762067,0,0.0,20.142857142857142,8.2,45.0,0.6
2020,4,Río Negro,2020-01-20,62,762067,0,0.0,22.68,0.0,44.22857142857143,0.0
2020,5,Río Negro,2020-01-27,62,762067,0,0.0,19.89714285714286,2.0,46.2,0.6
2020,6,Río Negro,2020-02-03,62,762067,0,0.0,17.357142857142854,5.4,56.885714285714286,1.0
2020,7,Río Negro,2020-02-10,62,762067,0,0.0,19.897142857142857,4.8,48.371428571428574,0.6
2020,8,Río Negro,2020-02-17,62,762067,0,0.0,17.137142857142855,0.02,44.8,0.0
2020,9,Río Negro,2020-02-24,62,762067,2,0.2624441158060905,19.47142857142857,0.16,48.42857142857143,0.0
2020,10,Río Negro,2020-03-02,62,762067,2,0.2624441158060905,20.93142857142857,4.7,49.971428571428575,0.2
2020,11,Río Negro,2020-03-09,62,762067,0,0.0,17.49142857142857,1.84,53.02857142857143,0.4
2020,12,Río Negro,2020-03-16,62,762067,0,0.0,17.21142857142857,0.0,53.74285714285715,0.0
2020,13,Río Negro,2020-03-23,62,762067,0,0.0,16.474285714285717,5.720000000000001,61.771428571428565,0.6
2020,14,Río Negro,2020-03-30,62,762067,0,0.0,12.345714285714283,0.92,57.0,0.4
2020,15,Río Negro,2020-04-06,62,762067,0,0.0,11.205714285714286,0.1399999999999999,54.82857142857142,0.0
2020,16,Río Negro,2020-04-13,62,762067,0,0.0,14.651428571428571,9.56,61.457142857142856,1.4
2020,17,Río Negro,2020-04-20,62,762067,0,0.0,10.454285714285714,10.26,69.08571428571429,1.6
2020,18,Río Negro,2020-04-27,62,762067,0,0.0,10.748571428571427,13.84,73.02857142857142,1.4
2020,19,Río Negro,2020-05-04,62,762067,0,0.0,8.794285714285715,39.38,72.14285714285714,2.4
2020,20,Río Negro,2020-05-11,62,762067,0,0.0,10.594285714285714,11.28,65.37142857142858,1.2
2020,21,Río Negro,2020-05-18,62,762067,0,0.0,7.457142857142857,16.3,72.88571428571429,1.6
2020,22,Río Negro,2020-05-25,62,762067,0,0.0,5.322857142857143,23.28,75.4,1.6
2020,23,Río Negro,2020-06-01,62,762067,0,0.0,6.411428571428571,6.5,69.71428571428571,1.0
2020,24,Río Negro,2020-06-08,62,762067,0,0.0,6.551428571428572,23.6,65.88571428571429,1.8
2020,25,Río Negro,2020-06-15,62,762067,0,0.0,5.802857142857143,22.0,74.08571428571429,2.0
2020,26,Río Negro,2020-06-22,62,762067,0,0.0,2.242857142857143,21.86,78.85714285714286,2.8
2020,27,Río Negro,2020-06-29,62,762067,0,0.0,3.208571428571428,8.9,84.4857142857143,1.8
2020,28,Río Negro,2020-07-06,62,762067,0,0.0,2.2742857142857145,35.86,76.76666666666667,3.4
2020,29,Río Negro,2020-07-13,62,762067,0,0.0,3.2628571428571425,11.46,81.22857142857143,1.4
2020,30,Río Negro,2020-07-20,62,762067,0,0.0,3.962857142857143,46.14,78.85714285714286,3.4
2020,31,Río Negro,2020-07-27,62,762067,0,0.0,4.308571428571429,1.82,69.2,0.4
2020,32,Río Negro,2020-08-03,62,762067,0,0.0,5.897142857142858,14.96,71.2,1.6
2020,33,Río Negro,2020-08-10,62,762067,0,0.0,5.254285714285714,5.819999999999999,61.48571428571429,0.8
2020,34,Río Negro,2020-08-17,62,762067,0,0.0,5.5200000000000005,1.1800000000000002,58.08571428571429,0.4
2020,35,Río Negro,2020-08-24,62,762067,0,0.0,6.331428571428572,7.359999999999999,68.05714285714285,1.4
2020,36,Río Negro,2020-08-31,62,762067,0,0.0,6.482857142857142,0.04,63.94285714285714,0.0
2020,37,Río Negro,2020-09-07,62,762067,0,0.0,8.5,15.4,59.971428571428575,2.0
2020,38,Río Negro,2020-09-14,62,762067,0,0.0,9.162857142857142,0.08,51.94285714285714,0.0
2020,39,Río Negro,2020-09-21,62,762067,0,0.0,10.385714285714286,0.0,52.48571428571429,0.0
2020,40,Río Negro,2020-09-28,62,762067,0,0.0,7.405714285714285,1.64,59.34285714285714,0.6
2020,41,Río Negro,2020-10-05,62,762067,0,0.0,11.194285714285716,3.12,53.62857142857142,0.6
2020,42,Río Negro,2020-10-12,62,762067,0,0.0,16.222857142857144,1.0,43.885714285714286,0.4
2020,43,Río Negro,2020-10-19,62,762067,0,0.0,13.382857142857144,4.0,53.17142857142856,0.4
2020,44,Río Negro,2020-10-26,62,762067,0,0.0,15.042857142857144,2.4,43.68571428571429,0.6
2020,45,Río Negro,2020-11-02,62,762067,0,0.0,16.74857142857143,12.1,53.71428571428571,1.4
2020,46,Río Negro,2020-11-09,62,762067,0,0.0,16.562857142857144,6.5,57.25714285714285,0.4
2020,47,Río Negro,2020-11-16,62,762067,0,0.0,19.29142857142857,0.24,46.142857142857146,0.0
2020,48,Río Negro,2020-11-23,62,762067,0,0.0,15.82,3.46,47.142857142857146,0.6
2020,49,Río Negro,2020-11-30,62,762067,0,0.0,18.711428571428574,0.0,34.971428571428575,0.0
2020,50,Río Negro,2020-12-07,62,762067,0,0.0,17.654285714285713,7.74,45.05714285714286,1.2
2020,51,Río Negro,2020-12-14,62,762067,0,0.0,16.622857142857143,0.02,45.971428571428575,0.0
2020,52,Río Negro,2020-12-21,62,762067,0,0.0,20.374285714285715,4.0,52.77142857142858,0.8
2020,53,Río Negro,2020-12-28,62,762067,0,0.0,20.32857142857143,3.84,47.42857142857143,0.8
2021,1,Río Negro,2021-01-04,62,762067,0,0.0,18.93142857142857,1.92,46.0,0.4
2021,2,Río Negro,2021-01-11,62,762067,0,0.0,17.451428571428572,2.8,49.114285714285714,0.6
2021,3,Río Negro,2021-01-18,62,762067,0,0.0,24.11142857142857,0.0,44.71428571428571,0.0
2021,4,Río Negro,2021-01-25,62,762067,0,0.0,17.02857142857143,3.66,52.0,0.8
2021,5,Río Negro,2021-02-01,62,762067,0,0.0,22.06571428571429,0.82,45.02857142857143,0.2
2021,6,Río Negro,2021-02-08,62,762067,0,0.0,21.52857142857143,0.0,51.457142857142856,0.0
2021,7,Río Negro,2021-02-15,62,762067,0,0.0,17.722857142857144,0.02,45.57142857142857,0.0
2021,8,Río Negro,2021-02-22,62,762067,0,0.0,20.714285714285715,1.2,46.50476190476191,0.2
2021,9,Río Negro,2021-03-01,62,762067,0,0.0,20.80857142857143,7.52,60.34285714285714,0.6
2021,10,Río Negro,2021-03-08,62,762067,0,0.0,17.69142857142857,6.8,49.885714285714286,0.8
2021,11,Río Negro,2021-03-15,62,762067,0,0.0,14.757142857142856,3.3,61.34285714285714,0.6
2021,12,Río Negro,2021-03-22,62,762067,0,0.0,14.417142857142858,0.0,51.971428571428575,0.0
2021,13,Río Negro,2021-03-29,62,762067,0,0.0,16.017142857142858,3.7,63.68571428571429,0.4
2021,14,Río Negro,2021-04-05,62,762067,0,0.0,14.322857142857142,6.540000000000001,67.28571428571429,0.6
2021,15,Río Negro,2021-04-12,62,762067,0,0.0,14.01142857142857,0.2,62.6,0.0
2021,16,Río Negro,2021-04-19,62,762067,0,0.0,12.554285714285715,23.2,69.71428571428571,1.6
2021,17,Río Negro,2021-04-26,62,762067,0,0.0,12.571428571428571,14.02,67.22857142857143,1.2
2021,18,Río Negro,2021-05-03,62,762067,0,0.0,6.805714285714285,0.0,62.8,0.0
2021,19,Río Negro,2021-05-10,62,762067,0,0.0,6.591428571428571,0.0,66.11428571428571,0.0
2021,20,Río Negro,2021-05-17,62,762067,0,0.0,8.054285714285715,18.24,77.97142857142856,2.2
2021,21,Río Negro,2021-05-24,62,762067,0,0.0,8.151428571428571,18.56,65.57142857142858,1.6
2021,22,Río Negro,2021-05-31,62,762067,0,0.0,7.122857142857143,19.92,74.17142857142856,2.2
2021,23,Río Negro,2021-06-07,62,762067,0,0.0,8.931428571428572,19.24,70.34285714285714,1.8
2021,24,Río Negro,2021-06-14,62,762067,0,0.0,1.0714285714285716,0.7,74.28571428571429,0.2
2021,25,Río Negro,2021-06-21,62,762067,0,0.0,4.768571428571429,11.720000000000002,73.65714285714286,1.6
2021,26,Río Negro,2021-06-28,62,762067,0,0.0,4.5285714285714285,1.34,63.81142857142856,0.4
2021,27,Río Negro,2021-07-05,62,762067,0,0.0,6.677142857142857,15.5,68.74285714285715,0.8
2021,28,Río Negro,2021-07-12,62,762067,0,0.0,3.2457142857142856,2.3,68.6,0.4
2021,29,Río Negro,2021-07-19,62,762067,0,0.0,6.305714285714285,0.7,64.88571428571429,0.2
2021,30,Río Negro,2021-07-26,62,762067,0,0.0,3.982857142857143,3.3,63.57142857142858,0.6
2022,1,Río Negro,2022-01-03,62,762067,0,0.0,22.842857142857145,0.62,41.371428571428574,0.2
2022,2,Río Negro,2022-01-10,62,762067,0,0.0,22.19142857142857,0.0,40.82857142857144,0.0
2022,3,Río Negro,2022-01-17,62,762067,0,0.0,15.68047619047619,38.8,63.71904761904763,4.0
2022,4,Río Negro,2022-01-24,62,762067,0,0.0,21.05142857142857,0.1,44.71428571428571,0.0
2022,5,Río Negro,2022-01-31,62,762067,0,0.0,19.50857142857143,1.72,50.77142857142857,0.4
2022,6,Río Negro,2022-02-07,62,762067,0,0.0,20.437142857142856,2.12,40.25714285714285,0.4
2022,7,Río Negro,2022-02-14,62,762067,0,0.0,19.642857142857142,12.760000000000002,52.28571428571429,1.6
2022,8,Río Negro,2022-02-21,62,762067,0,0.0,15.311428571428571,38.1,65.57142857142857,2.8
2022,9,Río Negro,2022-02-28,62,762067,0,0.0,16.13142857142857,3.66,54.22857142857144,0.4
2022,10,Río Negro,2022-03-07,62,762067,0,0.0,15.505714285714284,4.7,55.971428571428575,0.4
2022,11,Río Negro,2022-03-14,62,762067,0,0.0,15.1,1.86,52.62857142857142,0.4
2022,12,Río Negro,2022-03-21,62,762067,0,0.0,13.482857142857142,4.44,59.0,1.0
2022,13,Río Negro,2022-03-28,62,762067,0,0.0,11.297142857142855,11.24,55.17142857142858,1.6
2022,14,Río Negro,2022-04-04,62,762067,0,0.0,12.934285714285716,7.8,71.08571428571429,1.6
2022,15,Río Negro,2022-04-11,62,762067,0,0.0,11.262857142857143,1.8,64.4,0.6
2022,16,Río Negro,2022-04-18,62,762067,0,0.0,10.4,34.160000000000004,66.57142857142858,3.0
2022,17,Río Negro,2022-04-25,62,762067,0,0.0,5.842857142857143,20.54,68.02857142857144,1.2
2022,18,Río Negro,2022-05-02,62,762067,0,0.0,11.557142857142855,0.0,65.37142857142858,0.0
2022,19,Río Negro,2022-05-09,62,762067,0,0.0,6.291428571428571,3.98,71.22857142857143,0.8
2022,20,Río Negro,2022-05-16,62,762067,0,0.0,6.291428571428571,19.42,67.4,1.4
2022,21,Río Negro,2022-05-23,62,762067,0,0.0,1.5085714285714285,10.6,71.3952380952381,1.0
2022,22,Río Negro,2022-05-30,62,762067,0,0.0,1.7314285714285718,11.48,73.82142857142857,1.2
2022,23,Río Negro,2022-06-06,62,762067,0,0.0,4.888571428571429,26.3,68.54285714285714,1.0
2022,24,Río Negro,2022-06-13,62,762067,0,0.0,4.605714285714286,5.92,71.71428571428571,1.2
2022,25,Río Negro,2022-06-20,62,762067,0,0.0,1.022857142857143,0.8,75.11428571428571,0.2
2022,26,Río Negro,2022-06-27,62,762067,0,0.0,5.122857142857143,37.56,68.88571428571429,2.2
2022,27,Río Negro,2022-07-04,62,762067,0,0.0,4.902857142857142,22.7,66.05714285714285,1.8
2022,28,Río Negro,2022-07-11,62,762067,0,0.0,2.854285714285714,27.7,77.2,3.0
2022,29,Río Negro,2022-07-18,62,762067,0,0.0,4.265714285714286,61.9,74.24285714285715,3.4
2022,30,Río Negro,2022-07-25,62,762067,0,0.0,4.437142857142857,8.4,80.6,1.8
2022,31,Río Negro,2022-08-01,62,762067,0,0.0,3.005714285714286,6.7,76.4857142857143,1.2
2022,32,Río Negro,2022-08-08,62,762067,0,0.0,6.191428571428572,26.84,71.31428571428572,1.4
2022,33,Río Negro,2022-08-15,62,762067,0,0.0,5.7,10.06,68.71428571428571,1.0
2022,34,Río Negro,2022-08-22,62,762067,0,0.0,6.7457142857142856,1.4,59.457142857142856,0.4
2022,35,Río Negro,2022-08-29,62,762067,0,0.0,8.454285714285714,0.0,52.885714285714286,0.0
2022,36,Río Negro,2022-09-05,62,762067,0,0.0,9.24,0.18,55.02857142857143,0.0
2022,37,Río Negro,2022-09-12,62,762067,0,0.0,9.728571428571428,31.14,67.77142857142857,2.0
2022,38,Río Negro,2022-09-19,62,762067,0,0.0,7.125714285714285,5.12,72.77142857142857,1.0
2022,39,Río Negro,2022-09-26,62,762067,0,0.0,11.822857142857142,0.0,57.71428571428571,0.0
2022,40,Río Negro,2022-10-03,62,762067,0,0.0,10.868571428571428,12.84,60.85714285714285,1.8
2022,41,Río Negro,2022-10-10,62,762067,0,0.0,11.574285714285717,0.1599999999999999,51.885714285714286,0.0
2022,42,Río Negro,2022-10-17,62,762067,0,0.0,14.208571428571428,0.32,55.0,0.0
2022,43,Río Negro,2022-10-24,62,762067,0,0.0,12.517142857142858,10.66,55.114285714285714,2.2
2022,44,Río Negro,2022-10-31,62,762067,0,0.0,18.47714285714286,0.0,40.885714285714286,0.0
2022,45,Río Negro,2022-11-07,62,762067,0,0.0,17.114285714285714,10.3,60.74285714285715,1.8
2022,46,Río Negro,2022-11-14,62,762067,0,0.0,16.89142857142857,9.3,55.91428571428571,0.4
2022,47,Río Negro,2022-11-21,62,762067,0,0.0,19.54285714285714,10.2,45.62857142857143,0.6
2022,48,Río Negro,2022-11-28,62,762067,0,0.0,19.06,2.14,49.65714285714286,0.2
2022,49,Río Negro,2022-12-05,62,762067,0,0.0,19.145714285714284,6.1,48.62857142857143,1.2
2022,50,Río Negro,2022-12-12,62,762067,0,0.0,19.457142857142856,0.32,48.114285714285714,0.0
2023,1,Río Negro,2023-01-02,62,762067,0,0.0,23.937142857142856,0.7,42.05714285714286,0.2
2023,2,Río Negro,2023-01-09,62,762067,0,0.0,19.425714285714285,1.0,50.91428571428572,0.4
2023,3,Río Negro,2023-01-16,62,762067,0,0.0,22.062857142857144,14.34,56.771428571428565,1.6
2023,4,Río Negro,2023-01-23,62,762067,0,0.0,20.374285714285712,5.8,47.0,0.6
2023,5,Río Negro,2023-01-30,62,762067,0,0.0,22.74571428571429,3.4,49.77142857142857,0.2
2023,6,Río Negro,2023-02-06,62,762067,0,0.0,21.63428571428572,2.7,51.457142857142856,0.4
2023,7,Río Negro,2023-02-13,62,762067,0,0.0,14.80857142857143,6.7,48.8,0.6
2023,8,Río Negro,2023-02-20,62,762067,0,0.0,18.554285714285715,0.32,51.142857142857146,0.2
2023,9,Río Negro,2023-02-27,62,762067,0,0.0,19.845714285714287,0.0,47.91428571428572,0.0
2023,10,Río Negro,2023-03-06,62,762067,0,0.0,19.428571428571427,6.26,58.457142857142856,1.0
2023,11,Río Negro,2023-03-13,62,762067,0,0.0,16.95714285714286,8.08,65.8,1.2
2023,12,Río Negro,2023-03-20,62,762067,0,0.0,14.862857142857145,0.0,60.457142857142856,0.0
2023,13,Río Negro,2023-03-27,62,762067,3,0.3936661737091358,12.605714285714283,4.92,55.82857142857142,0.8
2023,14,Río Negro,2023-04-03,62,762067,2,0.2624441158060905,14.074285714285711,3.5,65.4,0.4
2023,15,Río Negro,2023-04-10,62,762067,3,0.3936661737091358,9.845714285714283,8.66,70.6,1.4
2023,16,Río Negro,2023-04-17,62,762067,2,0.2624441158060905,12.285714285714286,0.62,65.62857142857143,0.2
2023,17,Río Negro,2023-04-24,62,762067,1,0.13122205790304525,11.82,15.5,69.62857142857142,1.2
2023,18,Río Negro,2023-05-01,62,762067,1,0.13122205790304525,9.148571428571428,1.84,70.88571428571429,0.4
2023,19,Río Negro,2023-05-08,62,762067,0,0.0,10.637142857142855,1.0,71.94285714285715,0.2
2023,20,Río Negro,2023-05-15,62,762067,0,0.0,8.777142857142858,8.86,66.88571428571429,1.4
2023,21,Río Negro,2023-05-22,62,762067,0,0.0,5.251428571428572,21.46,71.22857142857143,1.8
2023,22,Río Negro,2023-05-29,62,762067,0,0.0,7.702857142857143,19.4,68.8,2.0
2023,23,Río Negro,2023-06-05,62,762067,0,0.0,6.511428571428572,41.86,67.45714285714287,1.8
2023,24,Río Negro,2023-06-12,62,762067,0,0.0,3.8542857142857145,5.5600000000000005,76.77142857142857,1.0
2023,25,Río Negro,2023-06-19,62,762067,0,0.0,6.654285714285715,36.0,80.54285714285714,3.0
2023,26,Río Negro,2023-06-26,62,762067,0,0.0,5.5200000000000005,17.36,79.74285714285713,2.0
2023,27,Río Negro,2023-07-03,62,762067,0,0.0,4.848571428571429,38.66,75.85714285714286,2.6
2023,28,Río Negro,2023-07-10,62,762067,0,0.0,2.0885714285714285,5.9,81.5142857142857,0.8
2023,29,Río Negro,2023-07-17,62,762067,0,0.0,4.511428571428572,26.84,72.91428571428571,1.8
2023,30,Río Negro,2023-07-24,62,762067,0,0.0,6.534285714285714,18.22,77.62857142857143,2.2
2023,31,Río Negro,2023-07-31,62,762067,0,0.0,5.6,4.9,61.25714285714285,0.6
2023,32,Río Negro,2023-08-07,62,762067,0,0.0,6.925714285714285,8.040000000000001,64.05714285714285,1.0
2023,33,Río Negro,2023-08-14,62,762067,0,0.0,6.554285714285714,32.220000000000006,77.37142857142857,4.0
2023,34,Río Negro,2023-08-21,62,762067,0,0.0,4.054285714285714,7.040000000000001,67.94285714285715,1.0
2023,35,Río Negro,2023-08-28,62,762067,0,0.0,6.782857142857142,17.6,58.85714285714285,1.4
2023,36,Río Negro,2023-09-04,62,762067,0,0.0,6.534285714285714,15.1,73.17142857142856,3.4
2023,37,Río Negro,2023-09-11,62,762067,0,0.0,8.642857142857142,39.24,64.57142857142858,2.2
2023,38,Río Negro,2023-09-18,62,762067,0,0.0,7.0600000000000005,5.32,70.74285714285715,0.8
2023,39,Río Negro,2023-09-25,62,762067,0,0.0,9.762857142857143,1.7,56.28571428571429,0.2
2023,40,Río Negro,2023-10-02,62,762067,0,0.0,10.108571428571429,1.64,56.4,0.6
2023,41,Río Negro,2023-10-09,62,762067,0,0.0,11.134285714285712,0.6,54.68571428571429,0.2
2023,42,Río Negro,2023-10-16,62,762067,0,0.0,14.334285714285713,5.0,54.65714285714286,0.4
2023,43,Río Negro,2023-10-23,62,762067,0,0.0,12.568571428571428,27.94,58.6,1.6
2023,44,Río Negro,2023-10-30,62,762067,0,0.0,10.991428571428573,2.3200000000000003,61.4,0.2
2023,45,Río Negro,2023-11-06,62,762067,0,0.0,13.934285714285716,6.04,54.48571428571429,0.8
2023,46,Río Negro,2023-11-13,62,762067,0,0.0,12.277142857142858,11.46,54.142857142857146,1.0
2023,47,Río Negro,2023-11-20,62,762067,0,0.0,17.557142857142857,0.24,45.65714285714286,0.2
2023,48,Río Negro,2023-11-27,62,762067,0,0.0,16.065714285714286,3.0,53.82857142857144,0.6
2023,49,Río Negro,2023-12-04,62,762067,0,0.0,19.085714285714285,1.4,50.05714285714286,0.2
2023,50,Río Negro,2023-12-11,62,762067,0,0.0,17.38285714285714,9.38,55.4,1.0
2023,51,Río Negro,2023-12-18,62,762067,0,0.0,17.271428571428572,4.48,53.71428571428571,0.6
2023,52,Río Negro,2023-12-25,62,762067,0,0.0,21.72,3.2,47.02857142857143,0.2
2024,1,Río Negro,2024-01-01,62,762067,0,0.0,21.68,10.92,55.57142857142857,0.8
2024,2,Río Negro,2024-01-08,62,762067,1,0.13122205790304525,18.562857142857144,2.74,48.0,0.4
2024,3,Río Negro,2024-01-15,62,762067,5,0.6561102895152263,20.96857142857143,0.0,47.94285714285714,0.0
2024,4,Río Negro,2024-01-22,62,762067,1,0.13122205790304525,26.63428571428572,0.02,39.68571428571428,0.0
2024,5,Río Negro,2024-01-29,62,762067,0,0.0,22.18285714285714,0.7,51.34285714285714,0.2
2024,6,Río Negro,2024-02-05,62,762067,3,0.3936661737091358,21.58,1.3,55.77142857142858,0.4
2024,7,Río Negro,2024-02-12,62,762067,1,0.13122205790304525,22.005714285714287,0.0,42.51428571428571,0.0
2024,8,Río Negro,2024-02-19,62,762067,3,0.3936661737091358,19.79142857142857,4.84,52.22857142857144,0.6
2024,9,Río Negro,2024-02-26,62,762067,4,0.524888231612181,17.56,7.44,53.17142857142856,0.4
2024,10,Río Negro,2024-03-04,62,762067,0,0.0,16.657142857142855,2.84,51.48571428571429,0.4
2024,11,Río Negro,2024-03-11,62,762067,4,0.524888231612181,15.534285714285716,6.0,51.114285714285714,0.6
2024,12,Río Negro,2024-03-18,62,762067,19,2.49321910015786,13.765714285714289,15.34,59.71428571428571,1.0
2024,13,Río Negro,2024-03-25,62,762067,10,1.3122205790304526,15.1,1.0,57.25714285714285,0.4
2024,14,Río Negro,2024-04-01,62,762067,15,1.968330868545679,13.285714285714286,9.46,57.94285714285714,1.0
2024,15,Río Negro,2024-04-08,62,762067,14,1.8371088106426336,10.154285714285717,1.34,68.2,0.2
2024,16,Río Negro,2024-04-15,62,762067,7,0.9185544053213168,11.231428571428571,20.880000000000003,67.82857142857144,1.4
2024,17,Río Negro,2024-04-22,62,762067,9,1.1809985211274074,8.602857142857143,26.9,64.28571428571429,2.8
2024,18,Río Negro,2024-04-29,62,762067,0,0.0,6.157142857142857,43.9,67.34285714285714,2.2
2024,19,Río Negro,2024-05-06,62,762067,1,0.13122205790304525,5.377142857142857,10.8,73.17142857142858,1.8
2024,20,Río Negro,2024-05-13,62,762067,1,0.13122205790304525,3.494285714285714,8.34,74.65714285714286,0.8
2024,21,Río Negro,2024-05-20,62,762067,1,0.13122205790304525,3.625714285714286,1.12,77.82857142857142,0.4
2024,22,Río Negro,2024-05-27,62,762067,0,0.0,5.502857142857143,9.18,74.54285714285714,1.2
2024,23,Río Negro,2024-06-03,62,762067,0,0.0,7.582857142857142,16.68,79.8,2.0
2024,24,Río Negro,2024-06-10,62,762067,0,0.0,7.491428571428571,17.72,77.88571428571429,2.4
2024,25,Río Negro,2024-06-17,62,762067,0,0.0,3.82,19.72,81.74285714285715,2.6
2024,26,Río Negro,2024-06-24,62,762067,0,0.0,3.7,19.5,77.11428571428571,1.6
2024,27,Río Negro,2024-07-01,62,762067,0,0.0,1.8514285714285712,15.86,75.4,1.2
2024,28,Río Negro,2024-07-08,62,762067,0,0.0,1.5399999999999998,0.36,74.45714285714286,0.2
2024,29,Río Negro,2024-07-15,62,762067,0,0.0,3.5457142857142854,2.34,71.62857142857142,0.4
2024,30,Río Negro,2024-07-22,62,762067,0,0.0,5.597142857142858,5.9,64.8,0.8
2024,31,Río Negro,2024-07-29,62,762067,0,0.0,6.497142857142857,13.48,66.8,1.4
2024,32,Río Negro,2024-08-05,62,762067,0,0.0,6.042857142857143,9.12,70.85714285714286,1.8
2024,33,Río Negro,2024-08-12,62,762067,0,0.0,5.591428571428571,4.4,73.34285714285714,0.8
2024,34,Río Negro,2024-08-19,62,762067,0,0.0,3.0285714285714285,7.5,76.54285714285714,1.0
2024,35,Río Negro,2024-08-26,62,762067,0,0.0,7.58857142857143,5.42,62.74285714285715,0.4
2024,36,Río Negro,2024-09-02,62,762067,0,0.0,8.305714285714286,5.98,57.34285714285714,1.0
2024,37,Río Negro,2024-09-09,62,762067,0,0.0,7.859999999999999,2.74,58.885714285714286,0.4
2024,38,Río Negro,2024-09-16,62,762067,0,0.0,9.945714285714285,27.32,56.37142857142857,2.0
2024,39,Río Negro,2024-09-23,62,762067,0,0.0,9.657142857142857,17.0,54.457142857142856,1.0
2024,40,Río Negro,2024-09-30,62,762067,0,0.0,9.74,0.4,56.4,0.2
2024,41,Río Negro,2024-10-07,62,762067,0,0.0,12.651428571428571,0.52,56.31428571428571,0.0
2024,42,Río Negro,2024-10-14,62,762067,0,0.0,14.69142857142857,9.06,57.6,1.6
2024,43,Río Negro,2024-10-21,62,762067,0,0.0,15.568571428571428,1.5,50.42857142857143,0.4
2024,44,Río Negro,2024-10-28,62,762067,0,0.0,16.594285714285714,5.0200000000000005,46.74285714285715,0.8
2024,45,Río Negro,2024-11-04,62,762067,0,0.0,14.40857142857143,10.38,51.82857142857142,1.6
2024,46,Río Negro,2024-11-11,62,762067,0,0.0,15.12,2.3600000000000003,49.74285714285715,0.4
2024,47,Río Negro,2024-11-18,62,762067,0,0.0,17.985714285714284,4.4,51.34285714285714,0.8
2024,48,Río Negro,2024-11-25,62,762067,0,0.0,14.59142857142857,4.94,57.02857142857143,0.8
2024,49,Río Negro,2024-12-02,62,762067,0,0.0,14.022857142857143,13.3,57.68571428571429,1.8
2024,50,Río Negro,2024-12-09,62,762067,0,0.0,18.514285714285712,10.28,57.51428571428571,0.8
2024,51,Río Negro,2024-12-16,62,762067,0,0.0,18.568571428571428,10.080000000000002,50.8,1.0
2024,52,Río Negro,2024-12-23,62,762067,0,0.0,20.694285714285712,0.26,50.142857142857146,0.0
2025,1,Río Negro,2024-12-30,62,762067,0,0.0,20.40285714285714,1.86,51.22857142857142,0.4
2025,2,Río Negro,2025-01-06,62,762067,0,0.0,22.917142857142856,0.2,45.65714285714286,0.0
2025,3,Río Negro,2025-01-13,62,762067,0,0.0,19.84,2.64,46.42857142857143,0.4
2025,4,Río Negro,2025-01-20,62,762067,0,0.0,21.428571428571427,7.82,46.142857142857146,0.4
2025,5,Río Negro,2025-01-27,62,762067,0,0.0,21.705714285714286,0.0,42.51428571428571,0.0
2025,6,Río Negro,2025-02-03,62,762067,0,0.0,19.654285714285717,0.26,48.77142857142857,0.0
2025,7,Río Negro,2025-02-10,62,762067,0,0.0,18.462857142857143,3.54,49.02857142857143,0.4
2025,8,Río Negro,2025-02-17,62,762067,0,0.0,20.674285714285716,1.88,47.94285714285714,0.6
2025,9,Río Negro,2025-02-24,62,762067,0,0.0,18.61714285714286,12.06,61.91428571428571,1.4
2025,10,Río Negro,2025-03-03,62,762067,0,0.0,17.17142857142857,8.82,60.02857142857143,1.2
2025,11,Río Negro,2025-03-10,62,762067,0,0.0,16.545714285714286,2.1,49.8,0.2
2025,12,Río Negro,2025-03-17,62,762067,0,0.0,16.217142857142857,3.04,58.51428571428571,0.4
2025,13,Río Negro,2025-03-24,62,762067,0,0.0,14.86,2.66,58.771428571428565,0.6
2025,14,Río Negro,2025-03-31,62,762067,0,0.0,10.234285714285717,2.2,56.34285714285714,0.2
2025,15,Río Negro,2025-04-07,62,762067,0,0.0,13.59142857142857,17.84,70.71428571428571,2.2
2025,16,Río Negro,2025-04-14,62,762067,0,0.0,9.628571428571428,13.98,75.14285714285714,1.6
2025,17,Río Negro,2025-04-21,62,762067,0,0.0,11.377142857142855,18.86,74.6,2.6
2025,18,Río Negro,2025-04-28,62,762067,0,0.0,8.940000000000001,9.06,73.68571428571428,1.6
2025,19,Río Negro,2025-05-05,62,762067,0,0.0,9.125714285714285,11.2,70.94285714285715,1.8
2025,20,Río Negro,2025-05-12,62,762067,0,0.0,10.48,17.080000000000002,66.82857142857144,1.8
2025,21,Río Negro,2025-05-19,62,762067,0,0.0,5.654285714285715,11.82,79.94285714285715,1.6
2025,22,Río Negro,2025-05-26,62,762067,0,0.0,5.845714285714285,1.04,70.14285714285714,0.2
2025,23,Río Negro,2025-06-02,62,762067,0,0.0,5.708571428571429,3.04,72.28571428571429,0.6
2025,24,Río Negro,2025-06-09,62,762067,0,0.0,5.597142857142857,8.78,75.54285714285714,0.6
2025,25,Río Negro,2025-06-16,62,762067,0,0.0,5.308571428571429,7.220000000000001,68.77142857142857,1.2
2025,26,Río Negro,2025-06-23,62,762067,0,0.0,2.202857142857143,8.8,68.66666666666666,1.4
2025,27,Río Negro,2025-06-30,62,762067,0,0.0,2.48,0.8,75.88666666666667,0.2
2025,28,Río Negro,2025-07-07,62,762067,0,0.0,5.054285714285714,0.0,71.74285714285715,0.0
2025,29,Río Negro,2025-07-14,62,762067,0,0.0,7.159999999999999,3.18,63.34285714285714,0.6
2025,30,Río Negro,2025-07-21,62,762067,0,0.0,1.782857142857143,12.78,81.49047619047619,2.8
2025,31,Río Negro,2025-07-28,62,762067,0,0.0,6.797142857142857,27.22,80.91428571428571,2.4
2025,32,Río Negro,2025-08-04,62,762067,0,0.0,5.151428571428572,8.18,76.4,1.0
2025,33,Río Negro,2025-08-11,62,762067,0,0.0,7.971428571428571,10.2,71.45714285714286,0.4
2025,34,Río Negro,2025-08-18,62,762067,0,0.0,7.894285714285715,9.34,69.74285714285715,1.8
2025,35,Río Negro,2025-08-25,62,762067,0,0.0,9.291428571428572,2.52,69.42857142857142,0.6
2025,36,Río Negro,2025-09-01,62,762067,0,0.0,6.354285714285714,0.7,61.94285714285714,0.0
2025,37,Río Negro,2025-09-08,62,762067,0,0.0,10.065714285714284,21.56,60.45714285714287,1.0
2025,38,Río Negro,2025-09-15,62,762067,0,0.0,10.911428571428573,13.2,71.08571428571429,1.6
2025,39,Río Negro,2025-09-22,62,762067,0,0.0,10.502857142857144,6.040000000000001,61.37142857142857,0.8
2025,40,Río Negro,2025-09-29,62,762067,0,0.0,12.74,2.16,52.57142857142857,0.6
2025,41,Río Negro,2025-10-06,62,762067,0,0.0,13.077142857142857,2.44,57.6,0.4
2025,42,Río Negro,2025-10-13,62,762067,0,0.0,14.0,5.640000000000001,50.57142857142857,0.6
2018,1,Salta,2018-01-01,66,1440672,0,0.0,24.0,22.566666666666663,71.23809523809524,2.6666666666666665
2018,2,Salta,2018-01-08,66,1440672,0,0.0,25.27142857142857,66.53333333333333,69.71428571428571,2.0
2018,3,Salta,2018-01-15,66,1440672,0,0.0,23.104761904761904,25.7,79.80952380952381,2.0
2018,4,Salta,2018-01-22,66,1440672,0,0.0,24.18095238095238,99.63333333333333,83.61904761904762,4.0
2018,5,Salta,2018-01-29,66,1440672,0,0.0,24.25238095238096,85.86666666666667,79.90476190476191,2.6666666666666665
2018,6,Salta,2018-02-05,66,1440672,0,0.0,25.55714285714286,45.833333333333336,73.95238095238095,2.333333333333333
2018,7,Salta,2018-02-12,66,1440672,0,0.0,22.071428571428573,24.2,82.14285714285714,1.3333333333333333
2018,8,Salta,2018-02-19,66,1440672,0,0.0,22.73809523809524,39.1,78.19047619047619,2.333333333333333
2018,9,Salta,2018-02-26,66,1440672,0,0.0,22.352380952380955,33.800000000000004,85.57142857142857,4.333333333333333
2018,10,Salta,2018-03-05,66,1440672,0,0.0,22.661904761904765,35.666666666666664,85.42857142857143,3.333333333333333
2018,11,Salta,2018-03-12,66,1440672,0,0.0,22.742857142857144,19.53333333333333,83.66666666666667,1.6666666666666667
2018,12,Salta,2018-03-19,66,1440672,0,0.0,19.552380952380958,28.666666666666668,81.76190476190476,1.0
2018,13,Salta,2018-03-26,66,1440672,0,0.0,19.99047619047619,23.666666666666668,79.14285714285714,1.3333333333333333
2018,14,Salta,2018-04-02,66,1440672,0,0.0,22.17619047619048,29.2,83.6190476190476,1.3333333333333333
2018,15,Salta,2018-04-09,66,1440672,1,0.0694120521534395,20.69047619047619,6.333333333333333,82.52380952380952,1.0
2018,16,Salta,2018-04-16,66,1440672,0,0.0,22.27142857142857,0.0,79.42857142857143,0.0
2018,17,Salta,2018-04-23,66,1440672,0,0.0,23.242857142857144,29.33333333333333,84.14285714285714,1.6666666666666667
2018,18,Salta,2018-04-30,66,1440672,0,0.0,22.79523809523809,38.6,86.42857142857143,2.6666666666666665
2018,19,Salta,2018-05-07,66,1440672,0,0.0,20.53809523809524,0.1666666666666666,82.76190476190476,0.0
2018,20,Salta,2018-05-14,66,1440672,6,0.4164723129206371,16.590476190476192,2.966666666666667,83.19047619047619,0.6666666666666666
2018,21,Salta,2018-05-21,66,1440672,0,0.0,15.38095238095238,0.0,79.3809523809524,0.0
2018,22,Salta,2018-05-28,66,1440672,0,0.0,14.338095238095235,4.3,82.66666666666667,1.0
2018,23,Salta,2018-06-04,66,1440672,0,0.0,10.085714285714284,0.0,77.95238095238095,0.0
2018,24,Salta,2018-06-11,66,1440672,0,0.0,10.185714285714283,0.0,70.47619047619047,0.0
2018,25,Salta,2018-06-18,66,1440672,0,0.0,14.114285714285714,0.1999999999999999,73.14285714285715,0.0
2018,26,Salta,2018-06-25,66,1440672,0,0.0,13.67142857142857,0.0,79.0,0.0
2018,27,Salta,2018-07-02,66,1440672,0,0.0,11.61904761904762,7.566666666666666,88.33333333333333,2.0
2019,1,Salta,2018-12-31,66,1440672,0,0.0,25.57619047619048,19.766666666666666,80.09523809523809,1.3333333333333333
2019,2,Salta,2019-01-07,66,1440672,2,0.138824104306879,23.14761904761905,18.6,81.33333333333333,2.0
2019,3,Salta,2019-01-14,66,1440672,7,0.48588436507407656,22.114285714285717,51.06666666666666,83.66666666666667,3.333333333333333
2019,4,Salta,2019-01-21,66,1440672,13,0.9023566779947136,27.757142857142856,10.0,68.85714285714286,0.6666666666666666
2019,5,Salta,2019-01-28,66,1440672,44,3.054130294751338,24.87142857142857,63.36666666666667,78.19047619047619,3.0
2019,6,Salta,2019-02-04,66,1440672,87,6.038848537349238,24.4047619047619,5.666666666666667,76.71428571428571,0.6666666666666666
2019,7,Salta,2019-02-11,66,1440672,36,2.498833877523822,21.97142857142857,63.56666666666666,80.57142857142857,2.6666666666666665
2019,8,Salta,2019-02-18,66,1440672,17,1.1800048866084716,26.68095238095238,20.0,71.95238095238095,0.3333333333333333
2019,9,Salta,2019-02-25,66,1440672,21,1.4576530952222297,22.290476190476188,12.533333333333331,81.04761904761905,1.3333333333333333
2019,10,Salta,2019-03-04,66,1440672,60,4.1647231292063704,22.838095238095235,47.3,83.14285714285715,4.0
2019,11,Salta,2019-03-11,66,1440672,69,4.789431598587326,20.64761904761905,34.86666666666667,88.33333333333333,4.0
2019,12,Salta,2019-03-18,66,1440672,56,3.8870749205926125,18.77142857142857,25.3,88.23809523809524,2.333333333333333
2019,13,Salta,2019-03-25,66,1440672,55,3.8176628684391734,19.37619047619048,46.4,87.52380952380952,2.333333333333333
2019,14,Salta,2019-04-01,66,1440672,54,3.7482508162857333,20.466666666666665,53.23333333333333,83.52380952380952,2.6666666666666665
2019,15,Salta,2019-04-08,66,1440672,42,2.9153061904444595,19.7,4.0,81.28571428571429,1.0
2019,16,Salta,2019-04-15,66,1440672,31,2.1517736167566244,22.019047619047612,24.3,86.61904761904763,2.6666666666666665
2019,17,Salta,2019-04-22,66,1440672,48,3.3317785033650966,16.95714285714286,11.166666666666666,88.90476190476191,2.0
2019,18,Salta,2019-04-29,66,1440672,55,3.8176628684391734,19.32380952380953,9.366666666666667,86.61904761904763,1.0
2019,19,Salta,2019-05-06,66,1440672,90,6.247084693809556,18.642857142857142,9.033333333333331,85.85714285714285,2.0
2019,20,Salta,2019-05-13,66,1440672,76,5.275315963661402,15.866666666666667,0.3333333333333333,81.14285714285715,0.0
2019,21,Salta,2019-05-20,66,1440672,37,2.568245929677262,12.842857142857142,8.166666666666666,84.61904761904762,1.3333333333333333
2019,22,Salta,2019-05-27,66,1440672,10,0.6941205215343951,15.071428571428571,5.3,88.19047619047619,1.0
2019,23,Salta,2019-06-03,66,1440672,11,0.7635325736878344,14.495238095238095,0.0,82.66666666666667,0.0
2019,24,Salta,2019-06-10,66,1440672,4,0.277648208613758,16.20952380952381,4.5,85.85714285714285,0.6666666666666666
2019,25,Salta,2019-06-17,66,1440672,6,0.4164723129206371,12.357142857142856,1.2000000000000002,81.76190476190476,0.3333333333333333
2019,26,Salta,2019-06-24,66,1440672,3,0.20823615646031854,13.723809523809525,0.8333333333333334,78.90476190476191,0.0
2019,27,Salta,2019-07-01,66,1440672,4,0.277648208613758,11.033333333333331,0.3333333333333333,80.09523809523809,0.0
2019,28,Salta,2019-07-08,66,1440672,1,0.0694120521534395,14.914285714285716,0.0666666666666666,79.52380952380952,0.0
2019,29,Salta,2019-07-15,66,1440672,1,0.0694120521534395,16.757142857142856,0.0666666666666666,77.80952380952381,0.0
2019,30,Salta,2019-07-22,66,1440672,2,0.138824104306879,10.414285714285716,5.333333333333333,69.0,0.6666666666666666
2019,31,Salta,2019-07-29,66,1440672,0,0.0,12.766666666666666,0.0,65.76190476190476,0.0
2019,32,Salta,2019-08-05,66,1440672,0,0.0,12.242857142857142,0.0,60.19047619047618,0.0
2019,33,Salta,2019-08-12,66,1440672,0,0.0,14.923809523809524,0.0,58.95238095238096,0.0
2019,34,Salta,2019-08-19,66,1440672,0,0.0,15.28095238095238,0.0,60.23809523809524,0.0
2019,35,Salta,2019-08-26,66,1440672,0,0.0,20.71428571428571,0.0,55.0,0.0
2019,36,Salta,2019-09-02,66,1440672,0,0.0,15.90952380952381,0.0,56.85714285714285,0.0
2019,37,Salta,2019-09-09,66,1440672,0,0.0,18.50952380952381,0.3333333333333333,59.66666666666666,0.0
2019,38,Salta,2019-09-16,66,1440672,0,0.0,17.604761904761904,0.0666666666666666,51.47619047619048,0.0
2019,39,Salta,2019-09-23,66,1440672,0,0.0,22.83809523809524,0.0,45.1904761904762,0.0
2019,40,Salta,2019-09-30,66,1440672,0,0.0,19.93809523809524,8.333333333333334,59.42857142857142,1.0
2019,41,Salta,2019-10-07,66,1440672,0,0.0,25.519047619047612,9.2,50.66666666666666,1.0
2019,42,Salta,2019-10-14,66,1440672,0,0.0,15.919047619047618,3.233333333333334,78.80952380952381,0.6666666666666666
2019,43,Salta,2019-10-21,66,1440672,0,0.0,24.723809523809525,0.0,49.0,0.0
2019,44,Salta,2019-10-28,66,1440672,0,0.0,27.02380952380953,40.266666666666666,59.71428571428572,1.0
2019,45,Salta,2019-11-04,66,1440672,0,0.0,24.604761904761904,42.53333333333334,71.61904761904762,2.0
2019,46,Salta,2019-11-11,66,1440672,0,0.0,25.94285714285714,0.3333333333333333,59.333333333333336,0.0
2019,47,Salta,2019-11-18,66,1440672,0,0.0,27.30952380952381,24.1,58.04761904761904,1.0
2019,48,Salta,2019-11-25,66,1440672,0,0.0,24.704761904761902,21.0,70.90476190476191,2.6666666666666665
2019,49,Salta,2019-12-02,66,1440672,0,0.0,22.390476190476196,11.566666666666668,76.57142857142857,3.0
2019,50,Salta,2019-12-09,66,1440672,0,0.0,25.38571428571429,25.766666666666666,67.85714285714286,2.0
2019,51,Salta,2019-12-16,66,1440672,0,0.0,23.685714285714287,13.333333333333334,67.95238095238095,1.6666666666666667
2019,52,Salta,2019-12-23,66,1440672,2,0.138824104306879,27.366666666666664,9.2,62.04761904761904,1.3333333333333333
2020,1,Salta,2019-12-30,66,1440672,0,0.0,25.81904761904762,40.2,71.04761904761904,2.0
2020,2,Salta,2020-01-06,66,1440672,7,0.48588436507407656,27.047619047619047,73.76666666666667,68.09523809523809,2.333333333333333
2020,3,Salta,2020-01-13,66,1440672,8,0.555296417227516,24.55714285714286,41.16666666666666,82.19047619047619,1.6666666666666667
2020,4,Salta,2020-01-20,66,1440672,4,0.277648208613758,26.38095238095238,25.73333333333333,70.66666666666667,2.0
2020,5,Salta,2020-01-27,66,1440672,26,1.8047133559894273,24.547619047619047,20.866666666666667,72.96031746031747,2.333333333333333
2020,6,Salta,2020-02-03,66,1440672,41,2.84589413829102,25.861904761904764,156.6,78.38095238095238,4.0
2020,7,Salta,2020-02-10,66,1440672,80,5.552964172275161,23.41904761904762,114.43333333333334,85.47619047619048,3.0
2020,8,Salta,2020-02-17,66,1440672,134,9.301214988560893,21.15714285714286,18.96666666666667,85.47619047619048,2.0
2020,9,Salta,2020-02-24,66,1440672,175,12.147109126851914,23.109523809523807,10.633333333333333,76.38095238095238,1.0
2020,10,Salta,2020-03-02,66,1440672,393,27.27893649630173,24.88095238095238,0.0,68.90476190476191,0.0
2020,11,Salta,2020-03-09,66,1440672,450,31.235423469047777,26.61904761904762,17.666666666666668,69.90476190476191,1.3333333333333333
2020,12,Salta,2020-03-16,66,1440672,528,36.649563537016064,22.37619047619048,7.7,82.14285714285715,1.6666666666666667
2020,13,Salta,2020-03-23,66,1440672,699,48.51902445525422,23.185714285714283,25.46666666666667,79.80952380952381,2.6666666666666665
2020,14,Salta,2020-03-30,66,1440672,693,48.10255214233358,21.90476190476191,40.56666666666667,84.33333333333333,1.6666666666666667
2020,15,Salta,2020-04-06,66,1440672,753,52.26727527153995,18.952380952380956,2.0,78.57142857142857,0.3333333333333333
2020,16,Salta,2020-04-13,66,1440672,746,51.78139090646587,18.923809523809524,0.0,73.28571428571429,0.0
2020,17,Salta,2020-04-20,66,1440672,640,44.423713378201285,23.43809523809524,16.733333333333334,75.0,0.6666666666666666
2020,18,Salta,2020-04-27,66,1440672,554,38.454276893005485,19.6,17.433333333333334,85.38095238095237,1.3333333333333333
2020,19,Salta,2020-05-04,66,1440672,437,30.333066791053064,16.33809523809524,1.7333333333333334,78.33333333333333,0.3333333333333333
2020,20,Salta,2020-05-11,66,1440672,419,29.083649852291153,16.580952380952382,0.0,74.47619047619047,0.0
2020,21,Salta,2020-05-18,66,1440672,316,21.934208480486884,15.347619047619048,2.0,75.57142857142857,0.6666666666666666
2020,22,Salta,2020-05-25,66,1440672,123,8.537682414873059,15.004761904761908,0.0333333333333333,72.14285714285714,0.0
2020,23,Salta,2020-06-01,66,1440672,127,8.815330623486817,11.885714285714286,1.7666666666666666,73.61904761904762,0.3333333333333333
2020,24,Salta,2020-06-08,66,1440672,118,8.190622154105862,15.595238095238097,0.0,77.33333333333333,0.0
2020,25,Salta,2020-06-15,66,1440672,17,1.1800048866084716,16.738095238095237,0.0,70.71428571428572,0.0
2020,26,Salta,2020-06-22,66,1440672,26,1.8047133559894273,14.614285714285716,0.0,75.04761904761905,0.0
2020,27,Salta,2020-06-29,66,1440672,23,1.5964771995291087,11.871428571428572,0.0,64.57142857142857,0.0
2020,28,Salta,2020-07-06,66,1440672,7,0.48588436507407656,11.404761904761903,1.5,71.52380952380953,0.3333333333333333
2020,29,Salta,2020-07-13,66,1440672,6,0.4164723129206371,15.576190476190476,0.0,69.90476190476191,0.0
2020,30,Salta,2020-07-20,66,1440672,1,0.0694120521534395,13.0,0.7666666666666666,75.19047619047619,0.0
2020,31,Salta,2020-07-27,66,1440672,0,0.0,13.38095238095238,0.0,55.95238095238096,0.0
2020,32,Salta,2020-08-03,66,1440672,0,0.0,19.51428571428572,0.0,58.23809523809524,0.0
2020,33,Salta,2020-08-10,66,1440672,0,0.0,15.19047619047619,0.0,46.76190476190476,0.0
2020,34,Salta,2020-08-17,66,1440672,0,0.0,12.885714285714286,0.0,46.61904761904762,0.0
2020,35,Salta,2020-08-24,66,1440672,0,0.0,20.07619047619048,3.266666666666667,53.095238095238095,0.6666666666666666
2020,36,Salta,2020-08-31,66,1440672,0,0.0,14.490476190476192,0.6666666666666666,63.285714285714285,0.0
2020,37,Salta,2020-09-07,66,1440672,0,0.0,20.73809523809524,3.266666666666667,55.285714285714285,0.6666666666666666
2020,38,Salta,2020-09-14,66,1440672,0,0.0,19.123809523809523,1.8,53.85714285714286,0.6666666666666666
2020,39,Salta,2020-09-21,66,1440672,0,0.0,22.928571428571427,0.0,40.285714285714285,0.0
2020,40,Salta,2020-09-28,66,1440672,0,0.0,22.38095238095238,0.0,41.095238095238095,0.0
2020,41,Salta,2020-10-05,66,1440672,0,0.0,23.066666666666663,0.0,42.523809523809526,0.0
2020,42,Salta,2020-10-12,66,1440672,0,0.0,24.82380952380953,0.6666666666666666,47.523809523809526,0.3333333333333333
2020,43,Salta,2020-10-19,66,1440672,0,0.0,28.02380952380952,2.066666666666667,53.095238095238095,0.6666666666666666
2020,44,Salta,2020-10-26,66,1440672,0,0.0,21.99047619047619,14.333333333333334,51.80952380952382,1.3333333333333333
2020,45,Salta,2020-11-02,66,1440672,0,0.0,25.776190476190475,0.0,40.19047619047619,0.0
2020,46,Salta,2020-11-09,66,1440672,1,0.0694120521534395,24.790476190476188,17.033333333333335,67.76190476190476,2.0
2020,47,Salta,2020-11-16,66,1440672,2,0.138824104306879,22.652380952380952,19.433333333333334,65.38095238095238,1.6666666666666667
2020,48,Salta,2020-11-23,66,1440672,2,0.138824104306879,27.433333333333334,40.53333333333333,61.42857142857142,2.333333333333333
2020,49,Salta,2020-11-30,66,1440672,0,0.0,21.623809523809523,25.53333333333333,77.52380952380953,2.333333333333333
2020,50,Salta,2020-12-07,66,1440672,1,0.0694120521534395,26.80952380952381,10.3,58.61904761904762,1.0
2020,51,Salta,2020-12-14,66,1440672,2,0.138824104306879,24.909523809523808,4.666666666666667,62.76190476190476,1.0
2020,52,Salta,2020-12-21,66,1440672,2,0.138824104306879,25.919047619047618,21.33333333333333,61.71428571428572,1.6666666666666667
2020,53,Salta,2020-12-28,66,1440672,4,0.277648208613758,25.633333333333336,55.16666666666666,71.61904761904762,2.6666666666666665
2021,1,Salta,2021-01-04,66,1440672,6,0.4164723129206371,23.257142857142856,48.26666666666667,80.66666666666667,3.6666666666666665
2021,2,Salta,2021-01-11,66,1440672,10,0.6941205215343951,24.414285714285715,74.23333333333333,80.04761904761905,3.333333333333333
2021,3,Salta,2021-01-18,66,1440672,16,1.110592834455032,23.809523809523807,28.73333333333333,67.85714285714286,1.0
2021,4,Salta,2021-01-25,66,1440672,25,1.7353013038359877,25.276190476190475,48.333333333333336,73.28571428571429,1.6666666666666667
2021,5,Salta,2021-02-01,66,1440672,43,2.9847182425978986,22.22380952380952,15.0,79.19047619047619,2.6666666666666665
2021,6,Salta,2021-02-08,66,1440672,17,1.1800048866084716,22.109523809523807,38.8,79.47619047619048,3.0
2021,7,Salta,2021-02-15,66,1440672,50,3.4706026076719754,23.23333333333333,22.7,80.38095238095238,2.0
2021,8,Salta,2021-02-22,66,1440672,68,4.720019546433886,25.171428571428567,42.26666666666667,78.66666666666667,1.3333333333333333
2021,9,Salta,2021-03-01,66,1440672,73,5.067079807201084,23.81904761904762,59.20000000000001,79.85714285714285,2.6666666666666665
2021,10,Salta,2021-03-08,66,1440672,96,6.663557006730193,24.104761904761904,65.39999999999999,77.3809523809524,2.0
2021,11,Salta,2021-03-15,66,1440672,121,8.39885831056618,21.266666666666666,49.53333333333333,83.80952380952381,3.0
2021,12,Salta,2021-03-22,66,1440672,61,4.23413518135981,20.142857142857142,58.8,87.66666666666667,2.333333333333333
2021,13,Salta,2021-03-29,66,1440672,92,6.385908798116435,19.842857142857145,2.5333333333333337,85.09523809523809,0.6666666666666666
2021,14,Salta,2021-04-05,66,1440672,127,8.815330623486817,22.952380952380956,21.866666666666664,84.95238095238095,3.0
2021,15,Salta,2021-04-12,66,1440672,129,8.954154727793696,20.757142857142856,18.33333333333333,82.61904761904763,1.6666666666666667
2021,16,Salta,2021-04-19,66,1440672,178,12.355345283312234,20.942857142857143,15.066666666666668,85.66666666666667,1.6666666666666667
2021,17,Salta,2021-04-26,66,1440672,221,15.34006352591013,17.366666666666667,0.0,79.57142857142857,0.0
2021,18,Salta,2021-05-03,66,1440672,197,13.674174274227582,14.45238095238095,8.366666666666667,81.80952380952381,1.3333333333333333
2021,19,Salta,2021-05-10,66,1440672,122,8.46827036271962,14.747619047619049,9.6,84.95238095238095,1.3333333333333333
2021,20,Salta,2021-05-17,66,1440672,51,3.5400146598254145,17.485714285714288,7.733333333333333,79.52380952380952,0.6666666666666666
2021,21,Salta,2021-05-24,66,1440672,98,6.8023811110370715,14.742857142857142,0.0,76.09523809523809,0.0
2021,22,Salta,2021-05-31,66,1440672,85,5.900024433042358,16.533333333333335,0.0,77.61904761904762,0.0
2021,23,Salta,2021-06-07,66,1440672,43,2.9847182425978986,15.4,0.0,80.90476190476191,0.0
2021,24,Salta,2021-06-14,66,1440672,24,1.6658892516825483,9.71904761904762,7.3,85.42857142857143,1.3333333333333333
2021,25,Salta,2021-06-21,66,1440672,0,0.0,10.947619047619048,0.4666666666666666,77.76190476190476,0.0
2021,26,Salta,2021-06-28,66,1440672,0,0.0,8.980952380952381,0.0,68.14285714285715,0.0
2021,27,Salta,2021-07-05,66,1440672,0,0.0,16.3,0.0,70.33333333333333,0.0
2021,28,Salta,2021-07-12,66,1440672,0,0.0,15.228571428571428,0.0,68.28571428571429,0.0
2021,29,Salta,2021-07-19,66,1440672,0,0.0,14.176190476190476,0.0,62.61904761904762,0.0
2021,30,Salta,2021-07-26,66,1440672,1,0.0694120521534395,11.085714285714287,0.0666666666666666,59.47619047619048,0.0
2022,1,Salta,2022-01-03,66,1440672,0,0.0,27.02380952380952,18.0,63.80952380952382,1.6666666666666667
2022,2,Salta,2022-01-10,66,1440672,0,0.0,29.30952380952381,0.0,46.14285714285714,0.0
2022,3,Salta,2022-01-17,66,1440672,0,0.0,26.666666666666668,86.16666666666667,72.33333333333333,3.333333333333333
2022,4,Salta,2022-01-24,66,1440672,2,0.138824104306879,24.17619047619048,70.83333333333333,77.76190476190476,2.6666666666666665
2022,5,Salta,2022-01-31,66,1440672,3,0.20823615646031854,23.81904761904762,88.86666666666667,73.66666666666667,2.0
2022,6,Salta,2022-02-07,66,1440672,1,0.0694120521534395,22.419047619047618,16.833333333333332,75.23809523809524,1.3333333333333333
2022,7,Salta,2022-02-14,66,1440672,1,0.0694120521534395,23.87142857142857,31.0,77.52380952380953,2.0
2022,8,Salta,2022-02-21,66,1440672,1,0.0694120521534395,25.18095238095238,57.16666666666666,80.80952380952381,2.6666666666666665
2022,9,Salta,2022-02-28,66,1440672,1,0.0694120521534395,25.47142857142857,3.633333333333333,76.80952380952381,0.3333333333333333
2022,10,Salta,2022-03-07,66,1440672,9,0.6247084693809555,22.195238095238096,59.333333333333336,83.04761904761905,3.333333333333333
2022,11,Salta,2022-03-14,66,1440672,23,1.5964771995291087,21.399999999999995,2.1333333333333333,74.95238095238095,0.6666666666666666
2022,12,Salta,2022-03-21,66,1440672,39,2.7070700339841407,20.90476190476191,10.766666666666666,72.42857142857143,0.6666666666666666
2022,13,Salta,2022-03-28,66,1440672,37,2.568245929677262,18.047619047619047,2.6666666666666665,68.57142857142857,0.6666666666666666
2022,14,Salta,2022-04-04,66,1440672,84,5.830612380888919,21.69047619047619,37.766666666666666,83.09523809523809,2.333333333333333
2022,15,Salta,2022-04-11,66,1440672,77,5.344728015814842,19.123809523809523,33.333333333333336,82.52380952380952,2.6666666666666665
2022,16,Salta,2022-04-18,66,1440672,88,6.108260589502676,20.23809523809524,1.5,79.71428571428571,0.3333333333333333
2022,17,Salta,2022-04-25,66,1440672,86,5.969436485195797,19.414285714285715,3.1666666666666665,81.04761904761905,0.6666666666666666
2022,18,Salta,2022-05-02,66,1440672,66,4.581195442127008,15.904761904761903,2.0,75.71428571428571,0.3333333333333333
2022,19,Salta,2022-05-09,66,1440672,36,2.498833877523822,17.114285714285714,0.4000000000000001,81.85714285714286,0.0
2022,20,Salta,2022-05-16,66,1440672,16,1.110592834455032,12.228571428571428,0.0,76.47619047619048,0.0
2022,21,Salta,2022-05-23,66,1440672,18,1.249416938761911,15.923809523809524,0.1333333333333333,78.0,0.0
2022,22,Salta,2022-05-30,66,1440672,6,0.4164723129206371,11.152380952380952,0.3,78.80952380952381,0.0
2022,23,Salta,2022-06-06,66,1440672,1,0.0694120521534395,14.314285714285717,0.1333333333333333,79.80952380952381,0.0
2022,24,Salta,2022-06-13,66,1440672,0,0.0,11.504761904761905,0.0,66.90476190476191,0.0
2022,25,Salta,2022-06-20,66,1440672,0,0.0,11.48095238095238,0.0333333333333333,71.23809523809524,0.0
2022,26,Salta,2022-06-27,66,1440672,0,0.0,12.347619047619048,0.0666666666666666,71.90476190476191,0.0
2022,27,Salta,2022-07-04,66,1440672,0,0.0,15.333333333333334,0.0,71.95238095238095,0.0
2022,28,Salta,2022-07-11,66,1440672,0,0.0,12.509523809523808,0.0,59.71428571428572,0.0
2022,29,Salta,2022-07-18,66,1440672,0,0.0,15.376190476190477,0.0,66.57142857142857,0.0
2022,30,Salta,2022-07-25,66,1440672,0,0.0,18.347619047619048,2.1333333333333333,66.04761904761905,0.6666666666666666
2022,31,Salta,2022-08-01,66,1440672,0,0.0,17.095238095238095,0.0,60.95238095238096,0.0
2022,32,Salta,2022-08-08,66,1440672,0,0.0,13.90952380952381,1.3666666666666665,63.333333333333336,0.6666666666666666
2022,33,Salta,2022-08-15,66,1440672,0,0.0,14.414285714285713,0.0,43.04761904761904,0.0
2022,34,Salta,2022-08-22,66,1440672,0,0.0,19.10952380952381,0.0,42.66666666666666,0.0
2022,35,Salta,2022-08-29,66,1440672,0,0.0,16.414285714285715,0.0,42.19047619047619,0.0
2022,36,Salta,2022-09-05,66,1440672,0,0.0,17.15714285714286,0.0,36.19047619047619,0.0
2022,37,Salta,2022-09-12,66,1440672,0,0.0,18.7,0.0,37.523809523809526,0.0
2022,38,Salta,2022-09-19,66,1440672,0,0.0,18.557142857142857,0.0999999999999999,51.38095238095238,0.0
2022,39,Salta,2022-09-26,66,1440672,0,0.0,18.804761904761904,10.366666666666667,58.04761904761904,1.6666666666666667
2022,40,Salta,2022-10-03,66,1440672,0,0.0,21.96190476190476,0.0,41.04761904761904,0.0
2022,41,Salta,2022-10-10,66,1440672,0,0.0,19.96190476190476,2.333333333333333,41.38095238095238,0.6666666666666666
2022,42,Salta,2022-10-17,66,1440672,0,0.0,21.57142857142857,5.466666666666666,64.04761904761905,0.3333333333333333
2022,43,Salta,2022-10-24,66,1440672,0,0.0,28.02857142857143,2.0,40.38095238095238,0.3333333333333333
2022,44,Salta,2022-10-31,66,1440672,0,0.0,19.52857142857143,0.0,33.0,0.0
2022,45,Salta,2022-11-07,66,1440672,0,0.0,26.557142857142853,19.03333333333333,46.38095238095238,0.6666666666666666
2022,46,Salta,2022-11-14,66,1440672,0,0.0,28.042857142857144,1.3333333333333333,43.47619047619048,0.3333333333333333
2022,47,Salta,2022-11-21,66,1440672,0,0.0,25.71428571428571,3.1,47.80952380952382,0.3333333333333333
2022,48,Salta,2022-11-28,66,1440672,0,0.0,26.585714285714285,10.966666666666669,51.52380952380952,2.333333333333333
2022,49,Salta,2022-12-05,66,1440672,0,0.0,30.87142857142857,10.733333333333334,47.52380952380952,1.0
2022,50,Salta,2022-12-12,66,1440672,0,0.0,25.92857142857143,17.366666666666664,60.85714285714285,1.6666666666666667
2023,1,Salta,2023-01-02,66,1440672,0,0.0,26.55714285714286,2.533333333333333,53.14285714285714,0.3333333333333333
2023,2,Salta,2023-01-09,66,1440672,1,0.0694120521534395,26.19047619047619,30.5,59.47619047619048,2.6666666666666665
2023,3,Salta,2023-01-16,66,1440672,2,0.138824104306879,30.27619047619048,43.06666666666666,49.38095238095238,1.0
2023,4,Salta,2023-01-23,66,1440672,9,0.6247084693809555,25.790476190476195,59.06666666666666,74.57142857142857,3.6666666666666665
2023,5,Salta,2023-01-30,66,1440672,15,1.0411807823015926,25.37619047619048,18.166666666666668,71.19047619047619,1.6666666666666667
2023,6,Salta,2023-02-06,66,1440672,76,5.275315963661402,27.85238095238095,9.633333333333333,63.85714285714285,0.6666666666666666
2023,7,Salta,2023-02-13,66,1440672,130,9.023566779947135,22.761904761904763,30.03333333333333,70.61904761904762,3.0
2023,8,Salta,2023-02-20,66,1440672,230,15.964771995291086,24.3,42.03333333333333,70.76190476190476,3.333333333333333
2023,9,Salta,2023-02-27,66,1440672,347,24.08598209724351,25.552380952380958,68.33333333333333,74.52380952380953,1.3333333333333333
2023,10,Salta,2023-03-06,66,1440672,704,48.866084716021405,26.776190476190475,0.1666666666666666,71.19047619047619,0.0
2023,11,Salta,2023-03-13,66,1440672,1170,81.21210101952421,25.847619047619048,31.8,72.57142857142857,2.6666666666666665
2023,12,Salta,2023-03-20,66,1440672,1837,127.50993980586837,25.22380952380952,81.60000000000001,76.28571428571429,2.6666666666666665
2023,13,Salta,2023-03-27,66,1440672,2118,147.0147264609849,24.33333333333333,9.433333333333334,82.61904761904762,1.0
2023,14,Salta,2023-04-03,66,1440672,1502,104.25690233446615,22.109523809523807,48.4,81.66666666666667,2.0
2023,15,Salta,2023-04-10,66,1440672,1739,120.7075586948313,19.566666666666663,14.533333333333331,86.14285714285715,2.333333333333333
2023,16,Salta,2023-04-17,66,1440672,1315,91.27684858177295,19.061904761904763,21.73333333333333,83.6190476190476,1.6666666666666667
2023,17,Salta,2023-04-24,66,1440672,935,64.90026876346593,20.01428571428572,3.0666666666666664,83.19047619047619,1.0
2023,18,Salta,2023-05-01,66,1440672,894,62.054374625174916,15.40952380952381,0.2333333333333333,78.33333333333333,0.0
2023,19,Salta,2023-05-08,66,1440672,443,30.749539103973703,17.776190476190475,0.0,77.85714285714285,0.0
2023,20,Salta,2023-05-15,66,1440672,458,31.790719886275294,20.37142857142857,0.2666666666666666,79.42857142857143,0.0
2023,21,Salta,2023-05-22,66,1440672,318,22.07303258479376,19.261904761904763,3.6666666666666665,83.04761904761905,0.6666666666666666
2023,22,Salta,2023-05-29,66,1440672,388,26.93187623553453,17.485714285714284,1.8666666666666665,83.47619047619048,0.3333333333333333
2023,23,Salta,2023-06-05,66,1440672,229,15.895359943137647,18.94285714285714,0.0,76.85714285714286,0.0
2023,24,Salta,2023-06-12,66,1440672,148,10.272983718709048,10.061904761904762,0.0,64.71428571428571,0.0
2023,25,Salta,2023-06-19,66,1440672,36,2.498833877523822,16.104761904761904,0.0,74.76190476190476,0.0
2023,26,Salta,2023-06-26,66,1440672,32,2.221185668910064,17.323809523809526,0.6333333333333334,78.04761904761905,0.0
2023,27,Salta,2023-07-03,66,1440672,30,2.0823615646031852,18.97142857142857,0.0333333333333333,76.76190476190476,0.0
2023,28,Salta,2023-07-10,66,1440672,15,1.0411807823015926,14.266666666666666,0.3666666666666666,77.14285714285715,0.0
2023,29,Salta,2023-07-17,66,1440672,6,0.4164723129206371,14.623809523809522,0.0999999999999999,72.09523809523809,0.0
2023,30,Salta,2023-07-24,66,1440672,4,0.277648208613758,14.10952380952381,0.0,65.66666666666667,0.0
2023,31,Salta,2023-07-31,66,1440672,2,0.138824104306879,20.52857142857143,0.0,62.04761904761904,0.0
2023,32,Salta,2023-08-07,66,1440672,0,0.0,16.966666666666665,0.0,56.76190476190476,0.0
2023,33,Salta,2023-08-14,66,1440672,0,0.0,19.31904761904762,0.0,59.61904761904761,0.0
2023,34,Salta,2023-08-21,66,1440672,0,0.0,18.70952380952381,0.0,50.095238095238095,0.0
2023,35,Salta,2023-08-28,66,1440672,0,0.0,19.82380952380953,0.4333333333333333,54.71428571428572,0.3333333333333333
2023,36,Salta,2023-09-04,66,1440672,0,0.0,18.176190476190477,0.1333333333333333,69.42857142857143,0.0
2023,37,Salta,2023-09-11,66,1440672,1,0.0694120521534395,21.55714285714286,0.0,41.23809523809524,0.0
2023,38,Salta,2023-09-18,66,1440672,1,0.0694120521534395,25.142857142857142,0.0,47.142857142857146,0.0
2023,39,Salta,2023-09-25,66,1440672,0,0.0,21.13809523809524,3.633333333333333,56.095238095238095,0.3333333333333333
2023,40,Salta,2023-10-02,66,1440672,1,0.0694120521534395,22.652380952380952,0.0,43.95238095238096,0.0
2023,41,Salta,2023-10-09,66,1440672,0,0.0,23.2,0.0,39.47619047619048,0.0
2023,42,Salta,2023-10-16,66,1440672,1,0.0694120521534395,26.195238095238096,0.4333333333333333,52.57142857142858,0.0
2023,43,Salta,2023-10-23,66,1440672,0,0.0,24.47619047619048,9.2,69.52380952380953,2.333333333333333
2023,44,Salta,2023-10-30,66,1440672,0,0.0,22.05714285714286,3.6,58.57142857142858,1.0
2023,45,Salta,2023-11-06,66,1440672,0,0.0,30.1,15.666666666666666,45.57142857142858,1.3333333333333333
2023,46,Salta,2023-11-13,66,1440672,0,0.0,27.23809523809524,0.0,56.04761904761904,0.0
2023,47,Salta,2023-11-20,66,1440672,0,0.0,25.223809523809525,25.83333333333333,67.3809523809524,2.6666666666666665
2023,48,Salta,2023-11-27,66,1440672,1,0.0694120521534395,28.5,27.566666666666663,64.19047619047619,2.6666666666666665
2023,49,Salta,2023-12-04,66,1440672,1,0.0694120521534395,23.123809523809523,22.96666666666667,74.66666666666667,2.6666666666666665
2023,50,Salta,2023-12-11,66,1440672,0,0.0,29.276190476190475,6.233333333333333,62.66666666666666,0.6666666666666666
2023,51,Salta,2023-12-18,66,1440672,3,0.20823615646031854,24.90476190476191,85.43333333333334,79.66666666666667,3.0
2023,52,Salta,2023-12-25,66,1440672,3,0.20823615646031854,25.685714285714283,60.7,76.85714285714285,3.0
2024,1,Salta,2024-01-01,66,1440672,12,0.8329446258412742,26.914285714285715,29.666666666666668,73.90476190476191,2.333333333333333
2024,2,Salta,2024-01-08,66,1440672,12,0.8329446258412742,27.44285714285714,25.433333333333334,72.47619047619047,2.0
2024,3,Salta,2024-01-15,66,1440672,28,1.9435374602963063,27.161904761904765,64.63333333333334,71.95238095238095,3.0
2024,4,Salta,2024-01-22,66,1440672,50,3.4706026076719754,25.609523809523807,0.0,64.33333333333333,0.0
2024,5,Salta,2024-01-29,66,1440672,89,6.177672641656117,29.590476190476192,5.4,55.04761904761904,1.3333333333333333
2024,6,Salta,2024-02-05,66,1440672,219,15.201239421603251,27.31428571428572,74.03333333333333,69.76190476190476,3.0
2024,7,Salta,2024-02-12,66,1440672,409,28.38952933075676,25.28095238095238,74.73333333333333,77.38095238095238,2.6666666666666665
2024,8,Salta,2024-02-19,66,1440672,782,54.280224783989695,25.10952380952381,22.266666666666666,76.61904761904762,1.6666666666666667
2024,9,Salta,2024-02-26,66,1440672,1002,69.55087625774638,26.857142857142858,21.1,75.90476190476191,1.6666666666666667
2024,10,Salta,2024-03-04,66,1440672,1434,99.53688278803226,25.261904761904763,37.7,82.85714285714285,3.0
2024,11,Salta,2024-03-11,66,1440672,2035,141.2535261322494,28.76190476190476,22.96666666666667,74.61904761904762,1.6666666666666667
2024,12,Salta,2024-03-18,66,1440672,2891,200.6702427755936,24.804761904761904,2.966666666666667,76.09523809523809,0.3333333333333333
2024,13,Salta,2024-03-25,66,1440672,2565,178.04191377357233,26.047619047619047,8.133333333333333,69.04761904761905,1.3333333333333333
2024,14,Salta,2024-04-01,66,1440672,3243,225.10328513360434,23.090476190476192,33.96666666666666,84.85714285714285,3.0
2024,15,Salta,2024-04-08,66,1440672,3437,238.56922325137157,19.442857142857147,27.2,89.09523809523809,4.0
2024,16,Salta,2024-04-15,66,1440672,2492,172.97483396637125,20.276190476190475,1.3333333333333333,75.04761904761905,0.3333333333333333
2024,17,Salta,2024-04-22,66,1440672,1414,98.14864174496347,21.57619047619048,6.6000000000000005,85.76190476190476,2.0
2024,18,Salta,2024-04-29,66,1440672,970,67.32969058883633,18.94761904761905,6.900000000000001,84.09523809523809,1.3333333333333333
2024,19,Salta,2024-05-06,66,1440672,655,45.46489416050287,17.51904761904762,1.2,81.85714285714286,0.0
2024,20,Salta,2024-05-13,66,1440672,259,17.97772150774083,11.366666666666667,0.3333333333333333,78.47619047619048,0.0
2024,21,Salta,2024-05-20,66,1440672,68,4.720019546433886,12.295238095238096,1.6666666666666667,78.66666666666667,0.3333333333333333
2024,22,Salta,2024-05-27,66,1440672,18,1.249416938761911,12.98095238095238,0.0,73.38095238095238,0.0
2024,23,Salta,2024-06-03,66,1440672,9,0.6247084693809555,16.857142857142858,0.0,70.85714285714285,0.0
2024,24,Salta,2024-06-10,66,1440672,4,0.277648208613758,20.228571428571428,0.0,72.04761904761905,0.0
2024,25,Salta,2024-06-17,66,1440672,7,0.48588436507407656,17.704761904761906,2.333333333333333,73.6190476190476,0.3333333333333333
2024,26,Salta,2024-06-24,66,1440672,7,0.48588436507407656,10.728571428571428,3.6,73.14285714285715,0.6666666666666666
2024,27,Salta,2024-07-01,66,1440672,1,0.0694120521534395,13.21904761904762,0.0,61.523809523809526,0.0
2024,28,Salta,2024-07-08,66,1440672,0,0.0,8.214285714285714,0.0,60.142857142857146,0.0
2024,29,Salta,2024-07-15,66,1440672,0,0.0,12.623809523809522,0.0,63.0,0.0
2024,30,Salta,2024-07-22,66,1440672,0,0.0,17.066666666666666,0.0333333333333333,66.14285714285714,0.0
2024,31,Salta,2024-07-29,66,1440672,0,0.0,18.44761904761905,0.0,57.333333333333336,0.0
2024,32,Salta,2024-08-05,66,1440672,0,0.0,14.47142857142857,1.9333333333333331,56.52380952380952,0.3333333333333333
2024,33,Salta,2024-08-12,66,1440672,0,0.0,16.538095238095238,0.0,50.14285714285714,0.0
2024,34,Salta,2024-08-19,66,1440672,0,0.0,14.252380952380951,0.0666666666666666,66.38095238095238,0.0
2024,35,Salta,2024-08-26,66,1440672,0,0.0,15.947619047619048,0.0,51.38095238095238,0.0
2024,36,Salta,2024-09-02,66,1440672,0,0.0,19.73809523809524,0.0,48.47619047619048,0.0
2024,37,Salta,2024-09-09,66,1440672,0,0.0,20.88571428571429,0.0,53.095238095238095,0.0
2024,38,Salta,2024-09-16,66,1440672,0,0.0,24.46190476190476,0.0,43.19047619047618,0.0
2024,39,Salta,2024-09-23,66,1440672,0,0.0,23.51428571428572,4.533333333333334,52.57142857142858,1.0
2024,40,Salta,2024-09-30,66,1440672,0,0.0,25.552380952380958,0.0,39.61904761904762,0.0
2024,41,Salta,2024-10-07,66,1440672,0,0.0,22.100000000000005,35.46666666666667,72.95238095238095,3.333333333333333
2024,42,Salta,2024-10-14,66,1440672,0,0.0,25.2,27.8,69.57142857142857,2.333333333333333
2024,43,Salta,2024-10-21,66,1440672,0,0.0,24.94285714285714,1.0,55.19047619047618,0.3333333333333333
2024,44,Salta,2024-10-28,66,1440672,1,0.0694120521534395,25.8,83.23333333333333,63.42857142857142,2.333333333333333
2024,45,Salta,2024-11-04,66,1440672,0,0.0,23.433333333333334,72.26666666666667,80.90476190476191,3.333333333333333
2024,46,Salta,2024-11-11,66,1440672,0,0.0,23.419047619047618,33.4,61.42857142857142,1.6666666666666667
2024,47,Salta,2024-11-18,66,1440672,1,0.0694120521534395,23.01428571428572,7.066666666666666,81.0,1.6666666666666667
2024,48,Salta,2024-11-25,66,1440672,0,0.0,27.047619047619047,47.2,77.66666666666667,4.0
2024,49,Salta,2024-12-02,66,1440672,0,0.0,23.019047619047612,8.299999999999999,70.23809523809524,1.0
2024,50,Salta,2024-12-09,66,1440672,0,0.0,23.49047619047619,1.4,74.38095238095238,0.3333333333333333
2024,51,Salta,2024-12-16,66,1440672,0,0.0,26.342857142857145,22.366666666666664,62.04761904761904,1.6666666666666667
2024,52,Salta,2024-12-23,66,1440672,0,0.0,24.3,9.866666666666667,66.6190476190476,1.3333333333333333
2025,1,Salta,2024-12-30,66,1440672,1,0.0694120521534395,26.304761904761904,19.83333333333333,69.0,1.6666666666666667
2025,2,Salta,2025-01-06,66,1440672,0,0.0,25.633333333333336,45.8,69.61904761904762,3.333333333333333
2025,3,Salta,2025-01-13,66,1440672,0,0.0,27.957142857142856,12.333333333333334,55.1904761904762,1.6666666666666667
2025,4,Salta,2025-01-20,66,1440672,1,0.0694120521534395,26.96190476190476,43.63333333333333,67.28571428571429,2.333333333333333
2025,5,Salta,2025-01-27,66,1440672,0,0.0,26.985714285714284,20.33333333333333,69.85714285714286,1.6666666666666667
2025,6,Salta,2025-02-03,66,1440672,1,0.0694120521534395,29.314285714285717,11.466666666666669,55.85714285714285,1.0
2025,7,Salta,2025-02-10,66,1440672,0,0.0,28.40476190476191,24.6,62.57142857142858,1.6666666666666667
2025,8,Salta,2025-02-17,66,1440672,1,0.0694120521534395,25.28571428571429,57.66666666666666,78.3809523809524,2.6666666666666665
2025,9,Salta,2025-02-24,66,1440672,3,0.20823615646031854,27.361904761904764,30.8,69.85714285714285,1.3333333333333333
2025,10,Salta,2025-03-03,66,1440672,3,0.20823615646031854,25.604761904761904,71.33333333333333,71.90476190476191,2.333333333333333
2025,11,Salta,2025-03-10,66,1440672,6,0.4164723129206371,19.895238095238096,30.7,89.28571428571428,3.6666666666666665
2025,12,Salta,2025-03-17,66,1440672,1,0.0694120521534395,22.5,36.4,88.0,3.333333333333333
2025,13,Salta,2025-03-24,66,1440672,2,0.138824104306879,21.28095238095238,33.233333333333334,89.0,4.333333333333333
2025,14,Salta,2025-03-31,66,1440672,1,0.0694120521534395,17.176190476190477,11.466666666666669,80.23809523809524,2.0
2025,15,Salta,2025-04-07,66,1440672,1,0.0694120521534395,18.9,0.7333333333333334,80.57142857142857,0.3333333333333333
2025,16,Salta,2025-04-14,66,1440672,1,0.0694120521534395,20.7,18.066666666666663,83.28571428571429,2.0
2025,17,Salta,2025-04-21,66,1440672,0,0.0,19.519047619047623,11.366666666666664,88.85714285714285,2.0
2025,18,Salta,2025-04-28,66,1440672,1,0.0694120521534395,19.44761904761905,5.033333333333333,84.04761904761905,1.0
2025,19,Salta,2025-05-05,66,1440672,0,0.0,20.585714285714285,5.666666666666667,86.14285714285715,1.0
2025,20,Salta,2025-05-12,66,1440672,0,0.0,20.642857142857142,0.0,80.76190476190476,0.0
2025,21,Salta,2025-05-19,66,1440672,0,0.0,17.423809523809524,8.366666666666667,85.66666666666667,2.6666666666666665
2025,22,Salta,2025-05-26,66,1440672,0,0.0,12.942857142857145,1.4333333333333331,77.57142857142857,0.3333333333333333
2025,23,Salta,2025-06-02,66,1440672,0,0.0,15.4,0.2666666666666666,81.33333333333333,0.0
2025,24,Salta,2025-06-09,66,1440672,0,0.0,13.933333333333332,0.0,78.33333333333333,0.0
2025,25,Salta,2025-06-16,66,1440672,0,0.0,12.638095238095238,1.7,77.42857142857143,0.3333333333333333
2025,26,Salta,2025-06-23,66,1440672,0,0.0,9.861904761904762,2.5,72.85714285714285,0.3333333333333333
2025,27,Salta,2025-06-30,66,1440672,0,0.0,9.30952380952381,0.0666666666666666,76.85714285714285,0.0
2025,28,Salta,2025-07-07,66,1440672,0,0.0,17.014285714285716,2.2333333333333334,78.0,0.6666666666666666
2025,29,Salta,2025-07-14,66,1440672,0,0.0,15.014285714285714,0.0,72.14285714285714,0.0
2025,30,Salta,2025-07-21,66,1440672,0,0.0,15.371428571428572,0.5333333333333333,79.33333333333333,0.3333333333333333
2025,31,Salta,2025-07-28,66,1440672,0,0.0,16.571428571428573,0.0,66.09523809523809,0.0
2025,32,Salta,2025-08-04,66,1440672,0,0.0,14.19047619047619,8.033333333333333,68.42857142857143,0.6666666666666666
2025,33,Salta,2025-08-11,66,1440672,0,0.0,15.757142857142858,0.0,64.66666666666667,0.0
2025,34,Salta,2025-08-18,66,1440672,0,0.0,17.514285714285716,0.0,52.095238095238095,0.0
2025,35,Salta,2025-08-25,66,1440672,0,0.0,17.014285714285716,0.0,48.04761904761904,0.0
2025,36,Salta,2025-09-01,66,1440672,0,0.0,15.457142857142856,0.2666666666666666,55.47619047619048,0.0
2025,37,Salta,2025-09-08,66,1440672,0,0.0,21.890476190476196,0.2666666666666666,49.61904761904762,0.0
2025,38,Salta,2025-09-15,66,1440672,0,0.0,26.304761904761904,2.466666666666667,57.80952380952382,0.6666666666666666
2025,39,Salta,2025-09-22,66,1440672,0,0.0,22.28571428571429,0.0,42.523809523809526,0.0
2025,40,Salta,2025-09-29,66,1440672,0,0.0,24.566666666666663,5.166666666666667,51.76190476190476,0.6666666666666666
2025,41,Salta,2025-10-06,66,1440672,0,0.0,21.452380952380956,0.0,35.75396825396825,0.0
2025,42,Salta,2025-10-13,66,1440672,0,0.0,24.21507936507936,41.36666666666667,51.81746031746032,2.0
2018,1,San Juan,2018-01-01,70,818234,0,0.0,26.685714285714283,0.0,34.14285714285714,0.0
2018,2,San Juan,2018-01-08,70,818234,0,0.0,25.56428571428572,12.5,54.64285714285714,3.0
2018,3,San Juan,2018-01-15,70,818234,0,0.0,25.00714285714286,5.0,47.21428571428572,1.0
2018,4,San Juan,2018-01-22,70,818234,0,0.0,25.392857142857142,14.4,53.785714285714285,2.0
2018,5,San Juan,2018-01-29,70,818234,0,0.0,27.642857142857142,1.5,51.78571428571429,0.5
2018,6,San Juan,2018-02-05,70,818234,0,0.0,27.3,0.0,39.64285714285714,0.0
2018,7,San Juan,2018-02-12,70,818234,0,0.0,26.13571428571429,7.5,47.14285714285714,1.0
2018,8,San Juan,2018-02-19,70,818234,0,0.0,23.22142857142857,4.25,56.57142857142857,0.5
2018,9,San Juan,2018-02-26,70,818234,0,0.0,23.6,17.0,54.07142857142857,1.5
2018,10,San Juan,2018-03-05,70,818234,0,0.0,23.142857142857142,0.0,47.142857142857146,0.0
2018,11,San Juan,2018-03-12,70,818234,0,0.0,21.52857142857143,0.0,37.14285714285714,0.0
2018,12,San Juan,2018-03-19,70,818234,0,0.0,19.67142857142857,0.0,38.35714285714286,0.0
2018,13,San Juan,2018-03-26,70,818234,0,0.0,19.864285714285717,4.0,47.0,0.5
2018,14,San Juan,2018-04-02,70,818234,0,0.0,19.071428571428573,0.0,51.92857142857143,0.0
2018,15,San Juan,2018-04-09,70,818234,0,0.0,19.01071428571429,0.0,50.785714285714285,0.0
2018,16,San Juan,2018-04-16,70,818234,0,0.0,20.37857142857143,0.0,54.14285714285714,0.0
2018,17,San Juan,2018-04-23,70,818234,0,0.0,18.65714285714286,0.0,54.85714285714286,0.0
2018,18,San Juan,2018-04-30,70,818234,0,0.0,14.728571428571428,0.25,68.85714285714286,0.0
2018,19,San Juan,2018-05-07,70,818234,0,0.0,14.114285714285714,0.05,70.57142857142857,0.0
2018,20,San Juan,2018-05-14,70,818234,0,0.0,12.345238095238097,0.0,56.19047619047619,0.0
2018,21,San Juan,2018-05-21,70,818234,0,0.0,10.55,0.0,62.0,0.0
2018,22,San Juan,2018-05-28,70,818234,0,0.0,7.699999999999999,0.1,67.21428571428571,0.0
2018,23,San Juan,2018-06-04,70,818234,0,0.0,8.414285714285715,0.0,52.71428571428571,0.0
2018,24,San Juan,2018-06-11,70,818234,0,0.0,4.5511904761904765,0.0,58.523809523809526,0.0
2018,25,San Juan,2018-06-18,70,818234,0,0.0,7.592857142857142,0.0,60.142857142857146,0.0
2018,26,San Juan,2018-06-25,70,818234,0,0.0,9.20595238095238,0.0,55.64285714285714,0.0
2018,27,San Juan,2018-07-02,70,818234,0,0.0,4.85,4.55,81.42857142857142,1.0
2019,1,San Juan,2018-12-31,70,818234,0,0.0,27.11428571428572,14.0,44.57142857142857,1.0
2019,2,San Juan,2019-01-07,70,818234,0,0.0,23.342857142857145,5.0,45.71428571428572,1.0
2019,3,San Juan,2019-01-14,70,818234,0,0.0,22.485714285714288,3.2,58.285714285714285,1.0
2019,4,San Juan,2019-01-21,70,818234,0,0.0,30.228571428571428,3.5,45.63095238095238,1.0
2019,5,San Juan,2019-01-28,70,818234,0,0.0,27.016666666666666,14.0,55.38095238095238,2.0
2019,6,San Juan,2019-02-04,70,818234,0,0.0,27.597619047619045,1.75,50.273809523809526,0.5
2019,7,San Juan,2019-02-11,70,818234,0,0.0,23.09642857142857,0.25,43.64285714285714,0.0
2019,8,San Juan,2019-02-18,70,818234,0,0.0,28.86309523809524,0.0,43.35714285714286,0.0
2019,9,San Juan,2019-02-25,70,818234,0,0.0,23.88452380952381,0.0,39.73809523809524,0.0
2019,10,San Juan,2019-03-04,70,818234,0,0.0,22.03333333333333,5.75,55.29761904761905,1.0
2019,11,San Juan,2019-03-11,70,818234,0,0.0,20.685714285714287,4.0,57.57142857142857,1.0
2019,12,San Juan,2019-03-18,70,818234,0,0.0,19.27142857142857,0.0,45.142857142857146,0.0
2019,13,San Juan,2019-03-25,70,818234,0,0.0,19.985714285714288,0.0,56.71428571428572,0.0
2019,14,San Juan,2019-04-01,70,818234,0,0.0,21.53690476190476,0.0,46.595238095238095,0.0
2019,15,San Juan,2019-04-08,70,818234,0,0.0,20.69047619047619,0.0,42.95238095238095,0.0
2019,16,San Juan,2019-04-15,70,818234,0,0.0,20.044047619047618,0.0,52.85714285714286,0.0
2019,17,San Juan,2019-04-22,70,818234,0,0.0,14.973809523809525,0.4,72.47619047619048,0.0
2019,18,San Juan,2019-04-29,70,818234,0,0.0,15.340476190476192,1.0,64.04761904761905,0.5
2019,19,San Juan,2019-05-06,70,818234,0,0.0,15.198809523809524,0.0,61.51190476190476,0.0
2019,20,San Juan,2019-05-13,70,818234,0,0.0,13.265476190476187,3.0,61.98809523809524,1.0
2019,21,San Juan,2019-05-20,70,818234,0,0.0,8.644047619047619,1.0,61.71428571428572,0.0
2019,22,San Juan,2019-05-27,70,818234,0,0.0,9.257142857142856,0.0,60.45238095238095,0.0
2019,23,San Juan,2019-06-03,70,818234,0,0.0,10.275,0.0,62.46428571428572,0.0
2019,24,San Juan,2019-06-10,70,818234,0,0.0,6.7595238095238095,0.0,67.8452380952381,0.0
2019,25,San Juan,2019-06-17,70,818234,0,0.0,7.122619047619048,0.0,46.773809523809526,0.0
2019,26,San Juan,2019-06-24,70,818234,0,0.0,8.24047619047619,0.0,47.023809523809526,0.0
2019,27,San Juan,2019-07-01,70,818234,0,0.0,5.376190476190477,0.0,56.42857142857143,0.0
2019,28,San Juan,2019-07-08,70,818234,0,0.0,7.528571428571428,0.0,64.55952380952381,0.0
2019,29,San Juan,2019-07-15,70,818234,0,0.0,10.15952380952381,0.0,50.95238095238095,0.0
2019,30,San Juan,2019-07-22,70,818234,0,0.0,6.80952380952381,0.0,42.035714285714285,0.0
2019,31,San Juan,2019-07-29,70,818234,0,0.0,9.57857142857143,0.0,38.67857142857143,0.0
2019,32,San Juan,2019-08-05,70,818234,0,0.0,9.204761904761906,0.0,29.05952380952381,0.0
2019,33,San Juan,2019-08-12,70,818234,0,0.0,9.133333333333333,0.0,40.57142857142857,0.0
2019,34,San Juan,2019-08-19,70,818234,0,0.0,11.247619047619049,0.0,54.42857142857143,0.0
2019,35,San Juan,2019-08-26,70,818234,0,0.0,16.195238095238096,0.0,36.25,0.0
2019,36,San Juan,2019-09-02,70,818234,0,0.0,9.652380952380952,0.0,38.785714285714285,0.0
2019,37,San Juan,2019-09-09,70,818234,0,0.0,12.184523809523808,0.35,51.96428571428572,0.0
2019,38,San Juan,2019-09-16,70,818234,0,0.0,13.646428571428572,0.0,31.857142857142858,0.0
2019,39,San Juan,2019-09-23,70,818234,0,0.0,21.607142857142858,0.0,28.702380952380956,0.0
2019,40,San Juan,2019-09-30,70,818234,0,0.0,15.851190476190478,0.0,29.892857142857142,0.0
2019,41,San Juan,2019-10-07,70,818234,0,0.0,22.661904761904765,0.0,30.36904761904762,0.0
2019,42,San Juan,2019-10-14,70,818234,0,0.0,15.214285714285714,1.0,49.71428571428572,0.0
2019,43,San Juan,2019-10-21,70,818234,0,0.0,22.458333333333336,0.0,34.51190476190476,0.0
2019,44,San Juan,2019-10-28,70,818234,0,0.0,22.705952380952382,0.0,35.94047619047619,0.0
2019,45,San Juan,2019-11-04,70,818234,0,0.0,24.382142857142856,0.0,41.19047619047619,0.0
2019,46,San Juan,2019-11-11,70,818234,0,0.0,27.63214285714286,0.0,44.54761904761905,0.0
2019,47,San Juan,2019-11-18,70,818234,0,0.0,26.820238095238096,4.5,44.75,0.5
2019,48,San Juan,2019-11-25,70,818234,0,0.0,24.20952380952381,0.0,34.33333333333333,0.0
2019,49,San Juan,2019-12-02,70,818234,0,0.0,24.852380952380955,3.5,31.69047619047619,0.5
2019,50,San Juan,2019-12-09,70,818234,0,0.0,27.314285714285717,0.0,25.857142857142858,0.0
2019,51,San Juan,2019-12-16,70,818234,0,0.0,27.17142857142857,0.0,32.42857142857143,0.0
2019,52,San Juan,2019-12-23,70,818234,0,0.0,28.571428571428573,0.0,33.57142857142857,0.0
2020,1,San Juan,2019-12-30,70,818234,0,0.0,29.428571428571427,18.083333333333336,41.85714285714285,1.75
2020,2,San Juan,2020-01-06,70,818234,0,0.0,27.55952380952381,0.0,32.726190476190474,0.0
2020,3,San Juan,2020-01-13,70,818234,0,0.0,27.57142857142857,14.5,44.21428571428572,1.0
2020,4,San Juan,2020-01-20,70,818234,0,0.0,30.75595238095238,10.5,38.69047619047619,1.5
2020,5,San Juan,2020-01-27,70,818234,0,0.0,26.72142857142857,3.25,45.76190476190476,1.0
2020,6,San Juan,2020-02-03,70,818234,0,0.0,26.422619047619047,12.35,53.29761904761905,2.5
2020,7,San Juan,2020-02-10,70,818234,0,0.0,24.877380952380957,0.25,57.22619047619048,0.0
2020,8,San Juan,2020-02-17,70,818234,0,0.0,23.91785714285714,0.0,42.5,0.0
2020,9,San Juan,2020-02-24,70,818234,0,0.0,26.46309523809524,0.0,36.85714285714286,0.0
2020,10,San Juan,2020-03-02,70,818234,0,0.0,28.673809523809524,0.0,42.30952380952381,0.0
2020,11,San Juan,2020-03-09,70,818234,5,0.6110721382880692,26.223809523809525,10.0,48.595238095238095,0.5
2020,12,San Juan,2020-03-16,70,818234,5,0.6110721382880692,23.422619047619047,0.0,45.92857142857143,0.0
2020,13,San Juan,2020-03-23,70,818234,1,0.12221442765761382,21.95714285714286,15.5,59.47619047619048,1.5
2020,14,San Juan,2020-03-30,70,818234,2,0.24442885531522765,19.202380952380956,1.8000000000000005,68.79761904761905,0.5
2020,15,San Juan,2020-04-06,70,818234,2,0.24442885531522765,17.772619047619045,0.0,50.39285714285714,0.0
2020,16,San Juan,2020-04-13,70,818234,7,0.8555009936032969,18.40714285714286,0.0,52.595238095238095,0.0
2020,17,San Juan,2020-04-20,70,818234,12,1.466573131891366,18.597619047619048,0.0,54.35714285714286,0.0
2020,18,San Juan,2020-04-27,70,818234,24,2.933146263782732,16.69642857142857,0.0,58.90476190476191,0.0
2020,19,San Juan,2020-05-04,70,818234,23,2.810931836125118,13.779761904761903,0.0,52.32142857142857,0.0
2020,20,San Juan,2020-05-11,70,818234,14,1.7110019872065938,12.147619047619049,0.0,48.47619047619048,0.0
2020,21,San Juan,2020-05-18,70,818234,4,0.4888577106304553,10.347619047619048,3.15,57.97619047619048,0.5
2020,22,San Juan,2020-05-25,70,818234,1,0.12221442765761382,11.342857142857142,0.2,53.72619047619048,0.0
2020,23,San Juan,2020-06-01,70,818234,1,0.12221442765761382,7.776190476190476,4.0,60.30952380952381,0.5
2020,24,San Juan,2020-06-08,70,818234,0,0.0,11.301190476190476,0.0,48.5,0.0
2020,25,San Juan,2020-06-15,70,818234,1,0.12221442765761382,10.251190476190477,0.0,44.47619047619048,0.0
2020,26,San Juan,2020-06-22,70,818234,0,0.0,5.807142857142857,0.0,65.0,0.0
2020,27,San Juan,2020-06-29,70,818234,0,0.0,6.68095238095238,0.0,57.39285714285714,0.0
2020,28,San Juan,2020-07-06,70,818234,0,0.0,7.360714285714286,0.0,56.10714285714286,0.0
2020,29,San Juan,2020-07-13,70,818234,0,0.0,9.16190476190476,0.0,53.40476190476191,0.0
2020,30,San Juan,2020-07-20,70,818234,0,0.0,6.282142857142857,1.5,65.92857142857143,0.5
2020,31,San Juan,2020-07-27,70,818234,0,0.0,8.746428571428572,0.0,44.88095238095238,0.0
2020,32,San Juan,2020-08-03,70,818234,0,0.0,10.983333333333333,0.0,48.07142857142857,0.0
2020,33,San Juan,2020-08-10,70,818234,0,0.0,8.414285714285715,0.0,35.73809523809524,0.0
2020,34,San Juan,2020-08-17,70,818234,0,0.0,8.057142857142857,0.0,38.96428571428572,0.0
2020,35,San Juan,2020-08-24,70,818234,0,0.0,11.689285714285711,0.0,41.71428571428572,0.0
2020,36,San Juan,2020-08-31,70,818234,0,0.0,11.042857142857144,0.0,42.44285714285714,0.0
2020,37,San Juan,2020-09-07,70,818234,0,0.0,16.760714285714286,0.0,35.41666666666667,0.0
2020,38,San Juan,2020-09-14,70,818234,0,0.0,15.870238095238095,0.0,27.261904761904763,0.0
2020,39,San Juan,2020-09-21,70,818234,0,0.0,18.508333333333333,0.0,33.35714285714286,0.0
2020,40,San Juan,2020-09-28,70,818234,0,0.0,17.210714285714285,0.0,31.166666666666664,0.0
2020,41,San Juan,2020-10-05,70,818234,0,0.0,18.957142857142856,0.0,29.25,0.0
2020,42,San Juan,2020-10-12,70,818234,0,0.0,21.89404761904762,2.5,39.96428571428572,0.5
2020,43,San Juan,2020-10-19,70,818234,0,0.0,22.621428571428574,0.0,41.20238095238095,0.0
2020,44,San Juan,2020-10-26,70,818234,0,0.0,20.807142857142857,0.0,29.904761904761905,0.0
2020,45,San Juan,2020-11-02,70,818234,0,0.0,24.807142857142857,0.0,29.083333333333336,0.0
2020,46,San Juan,2020-11-09,70,818234,0,0.0,24.00357142857143,0.0,46.96428571428572,0.0
2020,47,San Juan,2020-11-16,70,818234,0,0.0,21.810714285714287,11.15,47.46428571428572,1.0
2020,48,San Juan,2020-11-23,70,818234,0,0.0,26.294047619047618,0.0,38.05952380952381,0.0
2020,49,San Juan,2020-11-30,70,818234,0,0.0,24.386904761904763,0.25,35.5,0.0
2020,50,San Juan,2020-12-07,70,818234,0,0.0,28.477380952380955,0.0,25.785714285714285,0.0
2020,51,San Juan,2020-12-14,70,818234,0,0.0,26.390476190476196,1.5,27.452380952380956,0.5
2020,52,San Juan,2020-12-21,70,818234,0,0.0,28.335714285714285,1.1,35.32142857142857,0.5
2020,53,San Juan,2020-12-28,70,818234,0,0.0,26.78809523809524,0.0,41.22619047619048,0.0
2021,1,San Juan,2021-01-04,70,818234,0,0.0,24.694047619047616,3.5,48.70238095238095,0.5
2021,2,San Juan,2021-01-11,70,818234,0,0.0,25.33690476190476,0.0,43.11904761904762,0.0
2021,3,San Juan,2021-01-18,70,818234,0,0.0,28.54642857142857,0.0,28.94047619047619,0.0
2021,4,San Juan,2021-01-25,70,818234,0,0.0,26.0,8.5,43.45238095238095,1.0
2021,5,San Juan,2021-02-01,70,818234,0,0.0,22.879761904761903,2.5,47.14285714285714,1.0
2021,6,San Juan,2021-02-08,70,818234,0,0.0,21.167857142857144,9.0,64.03571428571428,1.5
2021,7,San Juan,2021-02-15,70,818234,0,0.0,23.897619047619045,0.0,50.48809523809524,0.0
2021,8,San Juan,2021-02-22,70,818234,0,0.0,26.99404761904762,1.5,45.17857142857143,0.5
2021,9,San Juan,2021-03-01,70,818234,0,0.0,24.57261904761905,6.0,58.45238095238095,1.5
2021,10,San Juan,2021-03-08,70,818234,0,0.0,24.80833333333333,5.5,50.45238095238095,1.5
2021,11,San Juan,2021-03-15,70,818234,0,0.0,17.56547619047619,3.1,70.41666666666666,0.5
2021,12,San Juan,2021-03-22,70,818234,0,0.0,17.6,0.35,60.84523809523809,0.0
2021,13,San Juan,2021-03-29,70,818234,0,0.0,20.74047619047619,0.0,52.39285714285714,0.0
2021,14,San Juan,2021-04-05,70,818234,0,0.0,19.64642857142857,0.2,65.78571428571428,0.0
2021,15,San Juan,2021-04-12,70,818234,0,0.0,19.285714285714285,0.0,52.92857142857143,0.0
2021,16,San Juan,2021-04-19,70,818234,0,0.0,18.114285714285717,0.0,59.14285714285714,0.0
2021,17,San Juan,2021-04-26,70,818234,0,0.0,16.885714285714286,0.0,55.51190476190476,0.0
2021,18,San Juan,2021-05-03,70,818234,0,0.0,11.41904761904762,0.0,59.90476190476191,0.0
2021,19,San Juan,2021-05-10,70,818234,0,0.0,12.858333333333334,0.5,63.285714285714285,0.0
2021,20,San Juan,2021-05-17,70,818234,0,0.0,12.227380952380951,0.0,63.97619047619048,0.0
2021,21,San Juan,2021-05-24,70,818234,0,0.0,11.55,0.0,43.42857142857143,0.0
2021,22,San Juan,2021-05-31,70,818234,0,0.0,12.844047619047618,0.0,53.095238095238095,0.0
2021,23,San Juan,2021-06-07,70,818234,0,0.0,9.594047619047618,0.0,61.30952380952381,0.0
2021,24,San Juan,2021-06-14,70,818234,0,0.0,4.872619047619047,0.25,68.0,0.0
2021,25,San Juan,2021-06-21,70,818234,0,0.0,7.246428571428572,1.5,56.07142857142857,0.5
2021,26,San Juan,2021-06-28,70,818234,0,0.0,5.525,0.0,52.88095238095238,0.0
2021,27,San Juan,2021-07-05,70,818234,0,0.0,9.726190476190478,0.0,52.21428571428572,0.0
2021,28,San Juan,2021-07-12,70,818234,0,0.0,7.691666666666666,0.0,49.97619047619048,0.0
2021,29,San Juan,2021-07-19,70,818234,0,0.0,8.410714285714286,0.0,37.71428571428572,0.0
2021,30,San Juan,2021-07-26,70,818234,0,0.0,5.705952380952381,0.0,46.25,0.0
2022,1,San Juan,2022-01-03,70,818234,0,0.0,29.885714285714283,0.0,37.0,0.0
2022,2,San Juan,2022-01-10,70,818234,0,0.0,32.785714285714285,0.0,32.857142857142854,0.0
2022,3,San Juan,2022-01-17,70,818234,0,0.0,24.428571428571427,0.0,50.142857142857146,0.0
2022,4,San Juan,2022-01-24,70,818234,0,0.0,26.428571428571427,18.0,59.0,2.0
2022,5,San Juan,2022-01-31,70,818234,0,0.0,23.71666666666667,18.166666666666668,49.0,1.0833333333333333
2022,6,San Juan,2022-02-07,70,818234,0,0.0,24.014285714285712,0.0,47.0,0.0
2022,7,San Juan,2022-02-14,70,818234,0,0.0,26.90714285714286,5.5,37.64285714285714,0.5
2022,8,San Juan,2022-02-21,70,818234,0,0.0,23.042857142857144,4.0,56.5,1.0
2022,9,San Juan,2022-02-28,70,818234,0,0.0,25.835714285714285,0.0,44.35714285714286,0.0
2022,10,San Juan,2022-03-07,70,818234,0,0.0,22.91428571428572,12.0,45.35714285714286,0.5
2022,11,San Juan,2022-03-14,70,818234,0,0.0,22.07857142857143,0.0,48.57142857142857,0.0
2022,12,San Juan,2022-03-21,70,818234,0,0.0,19.7,0.0,39.785714285714285,0.0
2022,13,San Juan,2022-03-28,70,818234,0,0.0,17.25,0.0,34.214285714285715,0.0
2022,14,San Juan,2022-04-04,70,818234,0,0.0,19.878571428571423,0.0,47.71428571428571,0.0
2022,15,San Juan,2022-04-11,70,818234,0,0.0,17.114285714285714,0.0,50.42857142857143,0.0
2022,16,San Juan,2022-04-18,70,818234,0,0.0,17.75,0.0,49.14285714285714,0.0
2022,17,San Juan,2022-04-25,70,818234,0,0.0,14.75,0.0,36.35714285714286,0.0
2022,18,San Juan,2022-05-02,70,818234,0,0.0,13.578571428571427,0.0,47.92857142857143,0.0
2022,19,San Juan,2022-05-09,70,818234,0,0.0,14.064285714285711,0.0,58.28571428571429,0.0
2022,20,San Juan,2022-05-16,70,818234,0,0.0,9.9,0.0,47.42857142857143,0.0
2022,21,San Juan,2022-05-23,70,818234,0,0.0,8.521428571428572,0.0,64.21428571428572,0.0
2022,22,San Juan,2022-05-30,70,818234,0,0.0,6.985714285714286,0.0,52.14285714285714,0.0
2022,23,San Juan,2022-06-06,70,818234,0,0.0,9.085714285714284,0.0,52.21428571428571,0.0
2022,24,San Juan,2022-06-13,70,818234,0,0.0,6.414285714285715,0.0,50.71428571428572,0.0
2022,25,San Juan,2022-06-20,70,818234,0,0.0,5.199999999999999,1.5,64.57142857142857,0.5
2022,26,San Juan,2022-06-27,70,818234,0,0.0,7.471428571428571,0.0,54.285714285714285,0.0
2022,27,San Juan,2022-07-04,70,818234,0,0.0,9.94285714285714,0.0,40.57142857142857,0.0
2022,28,San Juan,2022-07-11,70,818234,0,0.0,5.707142857142857,4.0,56.85714285714286,0.5
2022,29,San Juan,2022-07-18,70,818234,0,0.0,9.37857142857143,0.0,50.5,0.0
2022,30,San Juan,2022-07-25,70,818234,0,0.0,10.721428571428572,0.05,64.85714285714286,0.0
2022,31,San Juan,2022-08-01,70,818234,0,0.0,9.214285714285715,0.15,59.14285714285714,0.0
2022,32,San Juan,2022-08-08,70,818234,0,0.0,10.55,0.0,49.21428571428572,0.0
2022,33,San Juan,2022-08-15,70,818234,0,0.0,11.992857142857144,0.0,35.92857142857143,0.0
2022,34,San Juan,2022-08-22,70,818234,0,0.0,12.714285714285715,0.0,35.21428571428571,0.0
2022,35,San Juan,2022-08-29,70,818234,0,0.0,12.65,0.0,32.92857142857143,0.0
2022,36,San Juan,2022-09-05,70,818234,0,0.0,14.264285714285714,0.0,29.07142857142857,0.0
2022,37,San Juan,2022-09-12,70,818234,0,0.0,16.6,0.0,30.357142857142858,0.0
2022,38,San Juan,2022-09-19,70,818234,0,0.0,12.792857142857144,0.0,44.92857142857143,0.0
2022,39,San Juan,2022-09-26,70,818234,0,0.0,16.335714285714285,14.25,54.42857142857143,1.5
2022,40,San Juan,2022-10-03,70,818234,0,0.0,19.121428571428574,0.0,32.214285714285715,0.0
2022,41,San Juan,2022-10-10,70,818234,0,0.0,17.435714285714287,0.0,26.785714285714285,0.0
2022,42,San Juan,2022-10-17,70,818234,0,0.0,17.90714285714286,3.25,50.21428571428571,1.0
2022,43,San Juan,2022-10-24,70,818234,0,0.0,23.17142857142857,0.0,28.714285714285715,0.0
2022,44,San Juan,2022-10-31,70,818234,0,0.0,20.342857142857145,0.0,23.5,0.0
2022,45,San Juan,2022-11-07,70,818234,0,0.0,23.378571428571423,0.15,46.5,0.0
2022,46,San Juan,2022-11-14,70,818234,0,0.0,26.621428571428574,0.25,33.35714285714286,0.0
2022,47,San Juan,2022-11-21,70,818234,0,0.0,27.642857142857142,0.0,29.214285714285715,0.0
2022,48,San Juan,2022-11-28,70,818234,0,0.0,26.705952380952382,0.95,44.11904761904762,0.0
2022,49,San Juan,2022-12-05,70,818234,0,0.0,31.28333333333333,0.25,35.94047619047619,0.0
2022,50,San Juan,2022-12-12,70,818234,0,0.0,27.254761904761903,2.0,37.88095238095238,0.5
2023,1,San Juan,2023-01-02,70,818234,0,0.0,28.160714285714285,3.25,37.45238095238096,0.5
2023,2,San Juan,2023-01-09,70,818234,0,0.0,27.27380952380953,10.9,40.69047619047619,0.5
2023,3,San Juan,2023-01-16,70,818234,0,0.0,27.64404761904762,0.0,50.22619047619048,0.0
2023,4,San Juan,2023-01-23,70,818234,0,0.0,27.65,21.0,48.90476190476191,1.0
2023,5,San Juan,2023-01-30,70,818234,0,0.0,26.728571428571428,7.9,52.85714285714285,2.0
2023,6,San Juan,2023-02-06,70,818234,0,0.0,30.4,0.0,40.42857142857143,0.0
2023,7,San Juan,2023-02-13,70,818234,0,0.0,22.942857142857143,0.0,33.714285714285715,0.0
2023,8,San Juan,2023-02-20,70,818234,0,0.0,26.61428571428572,0.0,37.142857142857146,0.0
2023,9,San Juan,2023-02-27,70,818234,0,0.0,27.985714285714288,1.0,37.57142857142857,0.5
2023,10,San Juan,2023-03-06,70,818234,0,0.0,28.20357142857143,10.8,48.82142857142857,1.5
2023,11,San Juan,2023-03-13,70,818234,0,0.0,26.21785714285714,5.0,61.16666666666667,0.5
2023,12,San Juan,2023-03-20,70,818234,0,0.0,21.247619047619047,13.55,79.39285714285714,2.0
2023,13,San Juan,2023-03-27,70,818234,0,0.0,20.86309523809524,0.0,59.30952380952381,0.0
2023,14,San Juan,2023-04-03,70,818234,1,0.12221442765761382,22.248809523809523,0.0,60.01190476190476,0.0
2023,15,San Juan,2023-04-10,70,818234,1,0.12221442765761382,17.58571428571429,0.0,63.45238095238095,0.0
2023,16,San Juan,2023-04-17,70,818234,0,0.0,16.785714285714285,4.1,53.142857142857146,1.0
2023,17,San Juan,2023-04-24,70,818234,1,0.12221442765761382,18.557142857142857,0.0,61.71428571428572,0.0
2023,18,San Juan,2023-05-01,70,818234,0,0.0,12.321428571428571,0.0,53.22619047619048,0.0
2023,19,San Juan,2023-05-08,70,818234,1,0.12221442765761382,15.37857142857143,0.0,57.785714285714285,0.0
2023,20,San Juan,2023-05-15,70,818234,0,0.0,15.45,0.05,60.14285714285714,0.0
2023,21,San Juan,2023-05-22,70,818234,0,0.0,12.235714285714286,1.55,72.07142857142858,0.5
2023,22,San Juan,2023-05-29,70,818234,0,0.0,12.364285714285714,0.0,65.1547619047619,0.0
2023,23,San Juan,2023-06-05,70,818234,1,0.12221442765761382,13.102380952380951,0.0,58.42857142857143,0.0
2023,24,San Juan,2023-06-12,70,818234,0,0.0,4.609523809523809,0.0,53.89285714285714,0.0
2023,25,San Juan,2023-06-19,70,818234,0,0.0,10.348809523809525,0.0,63.04761904761905,0.0
2023,26,San Juan,2023-06-26,70,818234,0,0.0,9.553571428571429,0.0,53.94047619047619,0.0
2023,27,San Juan,2023-07-03,70,818234,0,0.0,10.148809523809522,0.0,61.535714285714285,0.0
2023,28,San Juan,2023-07-10,70,818234,0,0.0,5.771428571428571,0.0,75.14285714285714,0.0
2023,29,San Juan,2023-07-17,70,818234,0,0.0,7.985714285714286,0.0,57.0,0.0
2023,30,San Juan,2023-07-24,70,818234,0,0.0,10.166666666666668,0.0,51.54761904761905,0.0
2023,31,San Juan,2023-07-31,70,818234,0,0.0,13.303571428571429,0.0,48.61904761904762,0.0
2023,32,San Juan,2023-08-07,70,818234,0,0.0,11.354761904761904,0.0,39.51190476190476,0.0
2023,33,San Juan,2023-08-14,70,818234,0,0.0,14.719047619047618,0.0,47.08333333333333,0.0
2023,34,San Juan,2023-08-21,70,818234,0,0.0,13.76904761904762,0.0,51.023809523809526,0.0
2023,35,San Juan,2023-08-28,70,818234,0,0.0,14.53690476190476,0.0,33.44047619047619,0.0
2023,36,San Juan,2023-09-04,70,818234,0,0.0,13.851190476190476,0.0,51.44047619047619,0.0
2023,37,San Juan,2023-09-11,70,818234,0,0.0,18.204761904761902,0.0,30.892857142857142,0.0
2023,38,San Juan,2023-09-18,70,818234,0,0.0,16.178571428571427,0.0,43.60714285714286,0.0
2023,39,San Juan,2023-09-25,70,818234,0,0.0,16.082142857142856,0.0,38.023809523809526,0.0
2023,40,San Juan,2023-10-02,70,818234,0,0.0,18.33095238095238,0.0,34.476190476190474,0.0
2023,41,San Juan,2023-10-09,70,818234,0,0.0,19.48690476190476,0.0,35.61904761904762,0.0
2023,42,San Juan,2023-10-16,70,818234,0,0.0,21.583333333333336,0.0,36.05952380952381,0.0
2023,43,San Juan,2023-10-23,70,818234,0,0.0,22.65,0.0,45.67857142857143,0.0
2023,44,San Juan,2023-10-30,70,818234,0,0.0,16.82261904761905,0.45,42.35714285714286,0.0
2023,45,San Juan,2023-11-06,70,818234,0,0.0,26.166666666666664,0.0,23.84523809523809,0.0
2023,46,San Juan,2023-11-13,70,818234,0,0.0,22.73690476190476,0.0,22.52380952380953,0.0
2023,47,San Juan,2023-11-20,70,818234,0,0.0,26.270238095238096,0.25,35.82142857142857,0.0
2023,48,San Juan,2023-11-27,70,818234,0,0.0,27.185714285714287,0.0,34.42857142857143,0.0
2023,49,San Juan,2023-12-04,70,818234,1,0.12221442765761382,25.088095238095235,0.0,37.38095238095238,0.0
2023,50,San Juan,2023-12-11,70,818234,1,0.12221442765761382,31.32261904761905,0.0,30.77380952380953,0.0
2023,51,San Juan,2023-12-18,70,818234,0,0.0,23.757142857142856,0.0,46.55952380952381,0.0
2023,52,San Juan,2023-12-25,70,818234,1,0.12221442765761382,28.866666666666667,0.0,34.82142857142857,0.0
2024,1,San Juan,2024-01-01,70,818234,2,0.24442885531522765,28.96666666666667,1.75,42.11904761904762,0.5
2024,2,San Juan,2024-01-08,70,818234,1,0.12221442765761382,27.38571428571429,0.0,50.60714285714286,0.0
2024,3,San Juan,2024-01-15,70,818234,1,0.12221442765761382,28.779761904761905,1.0,39.39285714285714,0.5
2024,4,San Juan,2024-01-22,70,818234,3,0.3666432829728415,30.45952380952381,0.0,35.19047619047619,0.0
2024,5,San Juan,2024-01-29,70,818234,5,0.6110721382880692,32.125,0.0,33.70238095238095,0.0
2024,6,San Juan,2024-02-05,70,818234,4,0.4888577106304553,28.557142857142857,22.5,57.71428571428572,2.0
2024,7,San Juan,2024-02-12,70,818234,6,0.733286565945683,28.214285714285715,0.0,46.57142857142857,0.0
2024,8,San Juan,2024-02-19,70,818234,4,0.4888577106304553,26.211428571428574,4.666666666666666,47.57142857142857,1.1666666666666663
2024,9,San Juan,2024-02-26,70,818234,30,3.666432829728415,27.79523809523809,2.0,48.91666666666667,0.5
2024,10,San Juan,2024-03-04,70,818234,44,5.3774348169350095,26.669047619047618,0.15,47.535714285714285,0.0
2024,11,San Juan,2024-03-11,70,818234,120,14.66573131891366,27.00595238095238,0.0,47.22619047619048,0.0
2024,12,San Juan,2024-03-18,70,818234,268,32.75346661224051,24.370238095238093,0.0,39.38095238095238,0.0
2024,13,San Juan,2024-03-25,70,818234,220,26.887174084675042,25.117857142857144,10.5,51.01190476190476,1.5
2024,14,San Juan,2024-04-01,70,818234,233,28.47596164422402,21.003571428571423,0.0,48.0,0.0
2024,15,San Juan,2024-04-08,70,818234,368,44.97490937800189,15.207142857142856,10.95,64.66666666666667,1.5
2024,16,San Juan,2024-04-15,70,818234,476,58.17406756502419,17.648809523809526,0.0,58.523809523809526,0.0
2024,17,San Juan,2024-04-22,70,818234,183,22.36524026134333,14.975714285714286,0.0,63.24285714285715,0.0
2024,18,San Juan,2024-04-29,70,818234,107,13.076943759364681,13.842857142857143,0.0,48.285714285714285,0.0
2024,19,San Juan,2024-05-06,70,818234,67,8.188366653060127,11.26904761904762,0.1,53.05952380952381,0.0
2024,20,San Juan,2024-05-13,70,818234,6,0.733286565945683,7.2023809523809526,0.25,64.0,0.0
2024,21,San Juan,2024-05-20,70,818234,7,0.8555009936032969,8.033333333333333,2.05,67.58333333333334,0.5
2024,22,San Juan,2024-05-27,70,818234,0,0.0,8.608333333333334,0.0,60.0952380952381,0.0
2024,23,San Juan,2024-06-03,70,818234,0,0.0,10.45,0.0,52.36904761904762,0.0
2024,24,San Juan,2024-06-10,70,818234,0,0.0,13.280952380952382,0.0,53.10714285714286,0.0
2024,25,San Juan,2024-06-17,70,818234,0,0.0,13.404761904761903,0.0,45.45238095238095,0.0
2024,26,San Juan,2024-06-24,70,818234,0,0.0,7.3047619047619055,0.0,44.035714285714285,0.0
2024,27,San Juan,2024-07-01,70,818234,0,0.0,5.408333333333333,0.0,48.32142857142857,0.0
2024,28,San Juan,2024-07-08,70,818234,0,0.0,2.5476190476190474,0.0,56.55952380952381,0.0
2024,29,San Juan,2024-07-15,70,818234,0,0.0,6.615476190476191,0.0,45.15476190476191,0.0
2024,30,San Juan,2024-07-22,70,818234,0,0.0,10.254761904761905,0.0,37.97619047619048,0.0
2024,31,San Juan,2024-07-29,70,818234,0,0.0,10.764285714285712,0.0,36.55952380952381,0.0
2024,32,San Juan,2024-08-05,70,818234,0,0.0,9.345238095238097,0.0,42.82142857142857,0.0
2024,33,San Juan,2024-08-12,70,818234,0,0.0,10.676190476190476,0.0,42.30952380952381,0.0
2024,34,San Juan,2024-08-19,70,818234,0,0.0,6.280952380952382,0.15,68.0952380952381,0.0
2024,35,San Juan,2024-08-26,70,818234,0,0.0,10.653571428571428,11.7,56.63095238095238,1.5
2024,36,San Juan,2024-09-02,70,818234,0,0.0,16.57142857142857,0.0,36.33333333333333,0.0
2024,37,San Juan,2024-09-09,70,818234,0,0.0,16.34880952380952,0.0,34.14285714285714,0.0
2024,38,San Juan,2024-09-16,70,818234,0,0.0,21.14404761904762,0.0,23.44047619047619,0.0
2024,39,San Juan,2024-09-23,70,818234,0,0.0,17.666666666666664,0.0,37.13095238095238,0.0
2024,40,San Juan,2024-09-30,70,818234,0,0.0,20.432142857142857,3.5,28.95238095238096,0.5
2024,41,San Juan,2024-10-07,70,818234,0,0.0,17.09285714285714,22.05,65.66666666666666,2.5
2024,42,San Juan,2024-10-14,70,818234,0,0.0,24.55952380952381,0.0,48.19047619047619,0.0
2024,43,San Juan,2024-10-21,70,818234,0,0.0,19.732142857142858,0.7,46.32142857142857,0.0
2024,44,San Juan,2024-10-28,70,818234,0,0.0,27.120238095238093,0.0,34.5,0.0
2024,45,San Juan,2024-11-04,70,818234,0,0.0,24.942857142857143,0.0,39.97619047619048,0.0
2024,46,San Juan,2024-11-11,70,818234,0,0.0,25.15595238095238,0.0,30.88095238095238,0.0
2024,47,San Juan,2024-11-18,70,818234,0,0.0,25.50714285714286,0.0,43.51190476190476,0.0
2024,48,San Juan,2024-11-25,70,818234,0,0.0,25.75595238095238,0.0,36.79761904761905,0.0
2024,49,San Juan,2024-12-02,70,818234,0,0.0,24.01904761904762,0.0,31.95238095238096,0.0
2024,50,San Juan,2024-12-09,70,818234,0,0.0,27.745238095238097,0.0,30.047619047619047,0.0
2024,51,San Juan,2024-12-16,70,818234,0,0.0,26.95833333333333,5.0,37.86904761904762,0.5
2024,52,San Juan,2024-12-23,70,818234,0,0.0,28.005952380952383,9.1,35.14285714285714,0.5
2025,1,San Juan,2024-12-30,70,818234,0,0.0,29.377380952380957,0.05,38.70238095238095,0.0
2025,2,San Juan,2025-01-06,70,818234,0,0.0,27.242857142857144,2.25,48.58333333333333,1.0
2025,3,San Juan,2025-01-13,70,818234,0,0.0,28.11904761904762,1.05,42.10714285714286,0.5
2025,4,San Juan,2025-01-20,70,818234,0,0.0,29.207142857142856,2.85,36.96428571428572,1.0
2025,5,San Juan,2025-01-27,70,818234,0,0.0,29.589285714285715,2.15,43.35714285714286,0.5
2025,6,San Juan,2025-02-03,70,818234,0,0.0,30.77857142857143,0.0,40.16666666666667,0.0
2025,7,San Juan,2025-02-10,70,818234,0,0.0,28.942857142857143,0.0,36.0,0.0
2025,8,San Juan,2025-02-17,70,818234,0,0.0,29.77142857142857,0.0,37.71428571428572,0.0
2025,9,San Juan,2025-02-24,70,818234,1,0.12221442765761382,28.24285714285714,0.0,54.142857142857146,0.0
2025,10,San Juan,2025-03-03,70,818234,0,0.0,25.85285714285714,23.0,58.35714285714286,3.0
2025,11,San Juan,2025-03-10,70,818234,0,0.0,21.34166666666667,0.15,56.67857142857143,0.0
2025,12,San Juan,2025-03-17,70,818234,0,0.0,25.042857142857144,1.5,50.58333333333333,0.5
2025,13,San Juan,2025-03-24,70,818234,0,0.0,17.346428571428568,0.0,69.28571428571428,0.0
2025,14,San Juan,2025-03-31,70,818234,1,0.12221442765761382,16.004761904761907,0.0,45.39285714285714,0.0
2025,15,San Juan,2025-04-07,70,818234,0,0.0,17.720238095238095,0.0,56.75,0.0
2025,16,San Juan,2025-04-14,70,818234,0,0.0,17.65952380952381,0.0,58.80952380952381,0.0
2025,17,San Juan,2025-04-21,70,818234,0,0.0,17.597619047619048,0.0,54.17857142857143,0.0
2025,18,San Juan,2025-04-28,70,818234,0,0.0,16.71904761904762,0.0,55.01190476190476,0.0
2025,19,San Juan,2025-05-05,70,818234,0,0.0,15.235714285714288,0.0,58.5,0.0
2025,20,San Juan,2025-05-12,70,818234,0,0.0,16.04761904761905,0.0,59.91666666666667,0.0
2025,21,San Juan,2025-05-19,70,818234,0,0.0,10.54642857142857,0.0,53.54761904761905,0.0
2025,22,San Juan,2025-05-26,70,818234,0,0.0,7.798809523809524,1.6,64.3452380952381,0.5
2025,23,San Juan,2025-06-02,70,818234,0,0.0,9.877380952380951,0.0,58.38095238095238,0.0
2025,24,San Juan,2025-06-09,70,818234,0,0.0,9.936904761904763,0.0,57.65476190476191,0.0
2025,25,San Juan,2025-06-16,70,818234,0,0.0,8.50952380952381,0.0,53.95238095238095,0.0
2025,26,San Juan,2025-06-23,70,818234,0,0.0,5.376190476190477,0.05,46.30952380952381,0.0
2025,27,San Juan,2025-06-30,70,818234,0,0.0,4.228571428571429,0.0,61.095238095238095,0.0
2025,28,San Juan,2025-07-07,70,818234,0,0.0,9.027380952380952,0.0,58.82142857142857,0.0
2025,29,San Juan,2025-07-14,70,818234,0,0.0,10.14642857142857,0.0,42.90476190476191,0.0
2025,30,San Juan,2025-07-21,70,818234,0,0.0,8.68452380952381,0.3999999999999999,62.57142857142857,0.0
2025,31,San Juan,2025-07-28,70,818234,0,0.0,11.029761904761903,0.0,50.595238095238095,0.0
2025,32,San Juan,2025-08-04,70,818234,0,0.0,9.301190476190476,0.0,52.035714285714285,0.0
2025,33,San Juan,2025-08-11,70,818234,0,0.0,12.691666666666666,0.0,46.05952380952381,0.0
2025,34,San Juan,2025-08-18,70,818234,0,0.0,12.05595238095238,2.0,43.51190476190476,0.5
2025,35,San Juan,2025-08-25,70,818234,0,0.0,13.58809523809524,25.85,39.785714285714285,1.5
2025,36,San Juan,2025-09-01,70,818234,0,0.0,10.935714285714289,0.0,59.17857142857143,0.0
2025,37,San Juan,2025-09-08,70,818234,0,0.0,17.515476190476193,0.0,39.11904761904762,0.0
2025,38,San Juan,2025-09-15,70,818234,0,0.0,19.78690476190476,0.0,44.60714285714286,0.0
2025,39,San Juan,2025-09-22,70,818234,0,0.0,17.664285714285715,0.0,39.61904761904762,0.0
2025,40,San Juan,2025-09-29,70,818234,0,0.0,22.41190476190476,0.0,33.55952380952381,0.0
2025,41,San Juan,2025-10-06,70,818234,0,0.0,19.911904761904765,0.0,26.785714285714285,0.0
2025,42,San Juan,2025-10-13,70,818234,0,0.0,22.00119047619048,0.0,34.89285714285714,0.0
2018,1,San Luis,2018-01-01,74,540905,0,0.0,24.114285714285717,10.6,49.71428571428572,0.5
2018,2,San Luis,2018-01-08,74,540905,0,0.0,25.84285714285714,11.5,54.785714285714285,2.0
2018,3,San Luis,2018-01-15,74,540905,0,0.0,22.7,75.05,61.92857142857143,3.0
2018,4,San Luis,2018-01-22,74,540905,0,0.0,22.435714285714287,11.6,62.85714285714286,2.5
2018,5,San Luis,2018-01-29,74,540905,0,0.0,26.52857142857143,0.0,56.285714285714285,0.0
2018,6,San Luis,2018-02-05,74,540905,0,0.0,24.02142857142857,7.15,54.35714285714286,1.0
2018,7,San Luis,2018-02-12,74,540905,0,0.0,24.41428571428571,11.5,54.57142857142857,1.0
2018,8,San Luis,2018-02-19,74,540905,0,0.0,20.735714285714284,36.5,66.14285714285714,3.0
2018,9,San Luis,2018-02-26,74,540905,0,0.0,22.535714285714285,9.5,63.07142857142857,1.5
2018,10,San Luis,2018-03-05,74,540905,0,0.0,21.82857142857143,0.0,54.64285714285714,0.0
2018,11,San Luis,2018-03-12,74,540905,0,0.0,19.942857142857143,0.0,46.57142857142857,0.0
2018,12,San Luis,2018-03-19,74,540905,0,0.0,17.57142857142857,0.2,46.35714285714286,0.0
2018,13,San Luis,2018-03-26,74,540905,0,0.0,19.614285714285717,37.75,55.64285714285714,1.0
2018,14,San Luis,2018-04-02,74,540905,0,0.0,17.914285714285715,5.75,70.35714285714286,1.5
2018,15,San Luis,2018-04-09,74,540905,0,0.0,18.64285714285714,0.0,64.64285714285714,0.0
2018,16,San Luis,2018-04-16,74,540905,0,0.0,20.07857142857143,38.05,69.42857142857143,1.0
2018,17,San Luis,2018-04-23,74,540905,0,0.0,18.51428571428572,1.75,76.64285714285714,0.5
2018,18,San Luis,2018-04-30,74,540905,0,0.0,15.028571428571428,6.8,89.57142857142857,1.5
2018,19,San Luis,2018-05-07,74,540905,0,0.0,15.05,34.5,84.0,3.0
2018,20,San Luis,2018-05-14,74,540905,0,0.0,12.321428571428571,0.0,64.92857142857143,0.0
2018,21,San Luis,2018-05-21,74,540905,0,0.0,11.771428571428572,0.0,68.35714285714286,0.0
2018,22,San Luis,2018-05-28,74,540905,0,0.0,8.742857142857144,17.0,80.92857142857143,2.0
2018,23,San Luis,2018-06-04,74,540905,0,0.0,8.321428571428571,0.0,64.14285714285714,0.0
2018,24,San Luis,2018-06-11,74,540905,0,0.0,4.392857142857142,4.7,69.64285714285714,1.0
2018,25,San Luis,2018-06-18,74,540905,0,0.0,9.257142857142858,0.0,57.785714285714285,0.0
2018,26,San Luis,2018-06-25,74,540905,0,0.0,10.4,1.5,66.0,0.5
2018,27,San Luis,2018-07-02,74,540905,0,0.0,5.742857142857143,3.1,83.42857142857143,1.0
2019,1,San Luis,2018-12-31,74,540905,0,0.0,24.778571428571432,21.0,59.71428571428572,2.0
2019,2,San Luis,2019-01-07,74,540905,0,0.0,20.392857142857142,3.0,67.57142857142857,0.5
2019,3,San Luis,2019-01-14,74,540905,0,0.0,20.42142857142857,38.25,68.5,2.5
2019,4,San Luis,2019-01-21,74,540905,0,0.0,27.114285714285717,2.5,69.64285714285714,0.5
2019,5,San Luis,2019-01-28,74,540905,0,0.0,25.35,12.3,65.85714285714286,1.5
2019,6,San Luis,2019-02-04,74,540905,0,0.0,24.728571428571428,9.5,65.21428571428572,1.0
2019,7,San Luis,2019-02-11,74,540905,0,0.0,20.814285714285717,0.0,62.71428571428571,0.0
2019,8,San Luis,2019-02-18,74,540905,0,0.0,25.65714285714285,1.1,61.42857142857143,0.5
2019,9,San Luis,2019-02-25,74,540905,0,0.0,22.12857142857143,18.0,57.285714285714285,1.0
2019,10,San Luis,2019-03-04,74,540905,0,0.0,19.38571428571429,32.1,77.14285714285714,2.0
2019,11,San Luis,2019-03-11,74,540905,0,0.0,18.17142857142857,44.0,77.14285714285714,3.5
2019,12,San Luis,2019-03-18,74,540905,0,0.0,16.628571428571426,2.7,66.07142857142857,1.0
2019,13,San Luis,2019-03-25,74,540905,0,0.0,17.35,21.5,76.78571428571429,3.0
2019,14,San Luis,2019-04-01,74,540905,0,0.0,19.128571428571423,0.0,60.71428571428572,0.0
2019,15,San Luis,2019-04-08,74,540905,0,0.0,18.84285714285714,27.5,57.14285714285714,1.0
2019,16,San Luis,2019-04-15,74,540905,0,0.0,17.414285714285715,14.5,73.5,1.5
2019,17,San Luis,2019-04-22,74,540905,0,0.0,13.964285714285714,13.0,86.78571428571428,1.5
2019,18,San Luis,2019-04-29,74,540905,0,0.0,15.985714285714288,3.15,74.0,0.5
2019,19,San Luis,2019-05-06,74,540905,0,0.0,14.85,10.15,75.35714285714286,1.5
2019,20,San Luis,2019-05-13,74,540905,0,0.0,13.37142857142857,0.0,66.92857142857143,0.0
2019,21,San Luis,2019-05-20,74,540905,0,0.0,9.042857142857144,10.65,74.21428571428571,1.5
2019,22,San Luis,2019-05-27,74,540905,0,0.0,9.5,0.0,81.0,0.0
2019,23,San Luis,2019-06-03,74,540905,0,0.0,11.407142857142858,0.0,65.57142857142857,0.0
2019,24,San Luis,2019-06-10,74,540905,0,0.0,9.035714285714285,13.5,85.14285714285714,2.0
2019,25,San Luis,2019-06-17,74,540905,0,0.0,9.95,0.0,67.71428571428572,0.0
2019,26,San Luis,2019-06-24,74,540905,0,0.0,7.728571428571428,1.5,60.78571428571429,0.5
2019,27,San Luis,2019-07-01,74,540905,0,0.0,5.814285714285714,0.0,63.07142857142857,0.0
2019,28,San Luis,2019-07-08,74,540905,0,0.0,9.607142857142858,0.0,71.0,0.0
2019,29,San Luis,2019-07-15,74,540905,0,0.0,10.957142857142856,0.0,61.35714285714286,0.0
2019,30,San Luis,2019-07-22,74,540905,0,0.0,7.457142857142857,0.0,56.42857142857143,0.0
2019,31,San Luis,2019-07-29,74,540905,0,0.0,9.728571428571428,0.0,48.28571428571429,0.0
2019,32,San Luis,2019-08-05,74,540905,0,0.0,9.785714285714285,0.0,40.285714285714285,0.0
2019,33,San Luis,2019-08-12,74,540905,0,0.0,9.178571428571429,0.0,52.78571428571429,0.0
2019,34,San Luis,2019-08-19,74,540905,0,0.0,11.778571428571428,0.0,58.42857142857143,0.0
2019,35,San Luis,2019-08-26,74,540905,0,0.0,14.97857142857143,0.0,51.785714285714285,0.0
2019,36,San Luis,2019-09-02,74,540905,0,0.0,9.507142857142858,0.5,46.42857142857143,0.0
2019,37,San Luis,2019-09-09,74,540905,0,0.0,11.957142857142856,14.5,65.0,2.5
2019,38,San Luis,2019-09-16,74,540905,0,0.0,13.514285714285714,0.0,32.0,0.0
2019,39,San Luis,2019-09-23,74,540905,0,0.0,22.285714285714285,0.0,33.14285714285714,0.0
2019,40,San Luis,2019-09-30,74,540905,0,0.0,13.885714285714284,0.25,41.07142857142857,0.0
2019,41,San Luis,2019-10-07,74,540905,0,0.0,21.492857142857144,2.0,46.07142857142857,0.5
2019,42,San Luis,2019-10-14,74,540905,0,0.0,14.214285714285715,2.6500000000000004,64.14285714285714,1.0
2019,43,San Luis,2019-10-21,74,540905,0,0.0,20.34285714285714,17.55,52.21428571428572,2.5
2019,44,San Luis,2019-10-28,74,540905,0,0.0,20.700000000000003,0.05,46.0,0.0
2019,45,San Luis,2019-11-04,74,540905,0,0.0,22.56428571428572,15.5,48.57142857142857,1.5
2019,46,San Luis,2019-11-11,74,540905,0,0.0,24.883333333333333,37.0,56.17857142857143,3.0
2019,47,San Luis,2019-11-18,74,540905,0,0.0,23.95714285714286,55.15,63.5,3.5
2019,48,San Luis,2019-11-25,74,540905,0,0.0,21.192857142857143,0.0,52.21428571428572,0.0
2019,49,San Luis,2019-12-02,74,540905,0,0.0,21.82857142857143,4.75,46.92857142857143,1.0
2019,50,San Luis,2019-12-09,74,540905,0,0.0,25.207142857142856,0.2,36.0,0.0
2019,51,San Luis,2019-12-16,74,540905,0,0.0,24.58571428571428,44.5,45.14285714285714,1.0
2019,52,San Luis,2019-12-23,74,540905,0,0.0,25.685714285714287,0.0,54.64285714285714,0.0
2020,1,San Luis,2019-12-30,74,540905,0,0.0,26.65714285714286,4.55,54.07142857142857,1.0
2020,2,San Luis,2020-01-06,74,540905,0,0.0,24.614285714285717,10.0,53.92857142857143,1.5
2020,3,San Luis,2020-01-13,74,540905,0,0.0,25.32857142857143,20.5,56.285714285714285,2.0
2020,4,San Luis,2020-01-20,74,540905,0,0.0,27.12142857142857,12.0,56.21428571428571,1.0
2020,5,San Luis,2020-01-27,74,540905,0,0.0,25.37142857142857,20.5,53.07142857142857,1.0
2020,6,San Luis,2020-02-03,74,540905,0,0.0,24.07142857142857,42.5,73.42857142857143,3.0
2020,7,San Luis,2020-02-10,74,540905,0,0.0,24.05,7.0,66.14285714285714,0.5
2020,8,San Luis,2020-02-17,74,540905,1,0.18487534779674805,20.321428571428573,0.35,57.785714285714285,0.0
2020,9,San Luis,2020-02-24,74,540905,0,0.0,24.121428571428574,0.0,46.21428571428572,0.0
2020,10,San Luis,2020-03-02,74,540905,1,0.18487534779674805,26.92857142857143,0.25,50.57142857142857,0.0
2020,11,San Luis,2020-03-09,74,540905,3,0.5546260433902441,22.59285714285714,23.05,69.07142857142857,1.0
2020,12,San Luis,2020-03-16,74,540905,3,0.5546260433902441,21.985714285714288,6.85,63.28571428571429,1.0
2020,13,San Luis,2020-03-23,74,540905,10,1.8487534779674806,21.97142857142857,44.5,70.64285714285714,2.0
2020,14,San Luis,2020-03-30,74,540905,4,0.7395013911869922,18.99285714285714,15.0,72.14285714285714,2.5
2020,15,San Luis,2020-04-06,74,540905,2,0.3697506955934961,17.05,10.5,57.28571428571429,1.0
2020,16,San Luis,2020-04-13,74,540905,3,0.5546260433902441,17.871428571428574,0.0,60.21428571428572,0.0
2020,17,San Luis,2020-04-20,74,540905,0,0.0,18.764285714285712,6.6,71.07142857142858,1.0
2020,18,San Luis,2020-04-27,74,540905,0,0.0,16.192857142857143,1.0,66.57142857142857,0.5
2020,19,San Luis,2020-05-04,74,540905,0,0.0,13.32857142857143,0.0,59.42857142857143,0.0
2020,20,San Luis,2020-05-11,74,540905,0,0.0,14.42142857142857,0.0,48.71428571428572,0.0
2020,21,San Luis,2020-05-18,74,540905,0,0.0,12.2,0.0,58.35714285714286,0.0
2020,22,San Luis,2020-05-25,74,540905,0,0.0,11.25,0.0,56.285714285714285,0.0
2020,23,San Luis,2020-06-01,74,540905,0,0.0,9.071428571428571,0.35,62.35714285714286,0.0
2020,24,San Luis,2020-06-08,74,540905,0,0.0,11.1,0.0,60.35714285714286,0.0
2020,25,San Luis,2020-06-15,74,540905,0,0.0,11.335714285714284,0.0,49.92857142857143,0.0
2020,26,San Luis,2020-06-22,74,540905,0,0.0,6.885714285714286,3.6,67.07142857142857,0.5
2020,27,San Luis,2020-06-29,74,540905,0,0.0,6.885714285714286,0.6,68.57142857142857,0.0
2020,28,San Luis,2020-07-06,74,540905,0,0.0,7.142857142857142,0.0,59.64285714285714,0.0
2020,29,San Luis,2020-07-13,74,540905,0,0.0,8.964285714285714,0.0,65.07142857142857,0.0
2020,30,San Luis,2020-07-20,74,540905,0,0.0,6.75,6.0,76.0,1.5
2020,31,San Luis,2020-07-27,74,540905,0,0.0,9.692857142857145,0.0,48.57142857142857,0.0
2020,32,San Luis,2020-08-03,74,540905,0,0.0,14.057142857142855,0.0,53.35714285714286,0.0
2020,33,San Luis,2020-08-10,74,540905,0,0.0,9.357142857142858,0.0,33.42857142857143,0.0
2020,34,San Luis,2020-08-17,74,540905,0,0.0,9.585714285714284,0.0,34.654761904761905,0.0
2020,35,San Luis,2020-08-24,74,540905,0,0.0,12.935714285714283,0.15,48.42857142857143,0.0
2020,36,San Luis,2020-08-31,74,540905,0,0.0,10.678571428571429,0.0,56.64285714285714,0.0
2020,37,San Luis,2020-09-07,74,540905,0,0.0,15.621428571428572,0.0,42.5,0.0
2020,38,San Luis,2020-09-14,74,540905,0,0.0,15.557142857142855,0.0,29.85714285714285,0.0
2020,39,San Luis,2020-09-21,74,540905,0,0.0,18.164285714285715,6.95,47.21428571428572,0.5
2020,40,San Luis,2020-09-28,74,540905,0,0.0,15.55,0.0,41.71428571428572,0.0
2020,41,San Luis,2020-10-05,74,540905,0,0.0,18.15714285714285,0.0,34.214285714285715,0.0
2020,42,San Luis,2020-10-12,74,540905,0,0.0,25.16428571428572,0.0,35.35714285714286,0.0
2020,43,San Luis,2020-10-19,74,540905,0,0.0,18.057142857142857,10.2,68.42857142857143,1.0
2020,44,San Luis,2020-10-26,74,540905,0,0.0,19.67142857142857,0.0,38.35714285714286,0.0
2020,45,San Luis,2020-11-02,74,540905,0,0.0,24.242857142857144,0.35,38.57142857142857,0.0
2020,46,San Luis,2020-11-09,74,540905,0,0.0,20.67142857142857,100.0,66.5,4.0
2020,47,San Luis,2020-11-16,74,540905,0,0.0,21.6,16.5,54.21428571428572,1.0
2020,48,San Luis,2020-11-23,74,540905,0,0.0,23.685714285714287,16.65,52.28571428571429,1.5
2020,49,San Luis,2020-11-30,74,540905,0,0.0,21.26428571428572,14.0,47.64285714285714,1.0
2020,50,San Luis,2020-12-07,74,540905,0,0.0,25.628571428571423,5.5,38.285714285714285,1.0
2020,51,San Luis,2020-12-14,74,540905,0,0.0,22.621428571428574,22.0,42.57142857142857,1.5
2020,52,San Luis,2020-12-21,74,540905,0,0.0,26.957142857142856,33.849999999999994,44.14285714285714,1.0
2020,53,San Luis,2020-12-28,74,540905,0,0.0,23.32857142857143,37.75,60.71428571428571,1.5
2021,1,San Luis,2021-01-04,74,540905,0,0.0,20.864285714285717,44.25,68.71428571428572,3.5
2021,2,San Luis,2021-01-11,74,540905,0,0.0,21.857142857142858,32.75,61.92857142857143,1.5
2021,3,San Luis,2021-01-18,74,540905,0,0.0,25.892857142857142,0.0,48.64285714285714,0.0
2021,4,San Luis,2021-01-25,74,540905,0,0.0,22.27142857142857,76.25,70.85714285714286,4.0
2021,5,San Luis,2021-02-01,74,540905,0,0.0,20.42857142857143,4.55,67.0,1.0
2021,6,San Luis,2021-02-08,74,540905,0,0.0,19.742857142857144,17.85,76.78571428571428,2.0
2021,7,San Luis,2021-02-15,74,540905,0,0.0,20.950000000000003,24.0,68.85714285714286,2.0
2021,8,San Luis,2021-02-22,74,540905,0,0.0,23.835714285714285,25.85,64.35714285714286,1.5
2021,9,San Luis,2021-03-01,74,540905,0,0.0,24.25,1.15,69.42857142857143,0.5
2021,10,San Luis,2021-03-08,74,540905,2,0.3697506955934961,22.435714285714287,37.5,69.35714285714286,3.0
2021,11,San Luis,2021-03-15,74,540905,0,0.0,16.67857142857143,45.85,77.85714285714286,3.5
2021,12,San Luis,2021-03-22,74,540905,0,0.0,16.82857142857143,12.35,71.35714285714286,1.0
2021,13,San Luis,2021-03-29,74,540905,0,0.0,18.542857142857144,0.0,67.07142857142857,0.0
2021,14,San Luis,2021-04-05,74,540905,2,0.3697506955934961,18.9,10.0,78.57142857142858,2.0
2021,15,San Luis,2021-04-12,74,540905,0,0.0,18.992857142857144,0.0,67.92857142857143,0.0
2021,16,San Luis,2021-04-19,74,540905,1,0.18487534779674805,17.392857142857142,24.0,73.71428571428572,2.5
2021,17,San Luis,2021-04-26,74,540905,1,0.18487534779674805,15.92142857142857,0.0,65.28571428571428,0.0
2021,18,San Luis,2021-05-03,74,540905,1,0.18487534779674805,11.385714285714286,0.0,66.42857142857143,0.0
2021,19,San Luis,2021-05-10,74,540905,0,0.0,11.9,0.0,65.35714285714286,0.0
2021,20,San Luis,2021-05-17,74,540905,0,0.0,12.071428571428571,7.65,74.14285714285714,1.5
2021,21,San Luis,2021-05-24,74,540905,0,0.0,11.12857142857143,0.0,57.0,0.0
2021,22,San Luis,2021-05-31,74,540905,0,0.0,12.55,0.0,61.642857142857146,0.0
2021,23,San Luis,2021-06-07,74,540905,0,0.0,11.285714285714285,0.0,70.07142857142857,0.0
2021,24,San Luis,2021-06-14,74,540905,0,0.0,4.628571428571428,15.8,81.5,2.0
2021,25,San Luis,2021-06-21,74,540905,0,0.0,7.4,2.4,71.35714285714286,0.5
2021,26,San Luis,2021-06-28,74,540905,0,0.0,6.435714285714285,0.0,52.71428571428572,0.0
2021,27,San Luis,2021-07-05,74,540905,0,0.0,11.9,1.25,62.78571428571429,0.5
2021,28,San Luis,2021-07-12,74,540905,0,0.0,8.792857142857143,0.5,50.64285714285714,0.0
2021,29,San Luis,2021-07-19,74,540905,0,0.0,9.714285714285715,0.0,52.5,0.0
2021,30,San Luis,2021-07-26,74,540905,0,0.0,6.542857142857143,0.0,47.85714285714286,0.0
2022,1,San Luis,2022-01-03,74,540905,0,0.0,26.34285714285714,1.0,45.42857142857143,0.5
2022,2,San Luis,2022-01-10,74,540905,0,0.0,30.97142857142857,0.05,35.14285714285714,0.0
2022,3,San Luis,2022-01-17,74,540905,0,0.0,21.40714285714286,95.5,76.78571428571428,2.0
2022,4,San Luis,2022-01-24,74,540905,0,0.0,24.128571428571423,24.6,65.64285714285714,2.0
2022,5,San Luis,2022-01-31,74,540905,0,0.0,21.485714285714284,20.15,65.14285714285714,1.5
2022,6,San Luis,2022-02-07,74,540905,0,0.0,21.142857142857142,17.5,59.71428571428572,1.5
2022,7,San Luis,2022-02-14,74,540905,0,0.0,23.57857142857143,9.25,57.285714285714285,0.5
2022,8,San Luis,2022-02-21,74,540905,1,0.18487534779674805,21.16428571428571,12.1,75.35714285714286,2.0
2022,9,San Luis,2022-02-28,74,540905,0,0.0,22.728571428571428,15.0,65.5,2.5
2022,10,San Luis,2022-03-07,74,540905,0,0.0,20.035714285714285,1.75,62.92857142857143,0.5
2022,11,San Luis,2022-03-14,74,540905,0,0.0,20.27857142857143,4.0,54.785714285714285,1.0
2022,12,San Luis,2022-03-21,74,540905,0,0.0,17.7,5.5,56.71428571428572,1.0
2022,13,San Luis,2022-03-28,74,540905,0,0.0,15.82857142857143,0.0,44.71428571428572,0.0
2022,14,San Luis,2022-04-04,74,540905,0,0.0,20.378571428571423,7.0,60.142857142857146,0.5
2022,15,San Luis,2022-04-11,74,540905,0,0.0,15.278571428571428,0.0,58.35714285714286,0.0
2022,16,San Luis,2022-04-18,74,540905,0,0.0,16.714285714285715,2.0,62.07142857142857,0.5
2022,17,San Luis,2022-04-25,74,540905,0,0.0,14.271428571428572,0.0,50.5,0.0
2022,18,San Luis,2022-05-02,74,540905,0,0.0,14.428571428571429,0.0,54.14285714285714,0.0
2022,19,San Luis,2022-05-09,74,540905,0,0.0,14.107142857142858,2.05,66.0,0.5
2022,20,San Luis,2022-05-16,74,540905,0,0.0,8.899999999999999,0.0,53.21428571428572,0.0
2022,21,San Luis,2022-05-23,74,540905,0,0.0,9.492857142857144,0.0,68.5,0.0
2022,22,San Luis,2022-05-30,74,540905,0,0.0,7.342857142857142,0.0,56.21428571428572,0.0
2022,23,San Luis,2022-06-06,74,540905,0,0.0,9.514285714285714,0.0,59.35714285714286,0.0
2022,24,San Luis,2022-06-13,74,540905,0,0.0,8.664285714285715,0.0,49.35714285714286,0.0
2022,25,San Luis,2022-06-20,74,540905,0,0.0,5.814285714285715,0.7,70.92857142857143,0.0
2022,26,San Luis,2022-06-27,74,540905,0,0.0,10.207142857142856,0.0,52.21428571428571,0.0
2022,27,San Luis,2022-07-04,74,540905,0,0.0,9.221428571428572,0.0,47.0,0.0
2022,28,San Luis,2022-07-11,74,540905,0,0.0,5.714285714285714,2.2,64.57142857142857,1.0
2022,29,San Luis,2022-07-18,74,540905,0,0.0,11.164285714285716,0.45,62.21428571428572,0.0
2022,30,San Luis,2022-07-25,74,540905,0,0.0,11.042857142857144,4.0,72.35714285714286,1.0
2022,31,San Luis,2022-08-01,74,540905,0,0.0,10.099999999999998,16.5,67.42857142857143,1.0
2022,32,San Luis,2022-08-08,74,540905,0,0.0,10.757142857142856,3.0,65.35714285714286,0.5
2022,33,San Luis,2022-08-15,74,540905,0,0.0,9.978571428571428,0.0,41.21428571428571,0.0
2022,34,San Luis,2022-08-22,74,540905,0,0.0,13.614285714285714,0.0,41.0,0.0
2022,35,San Luis,2022-08-29,74,540905,0,0.0,13.357142857142858,0.0,31.214285714285715,0.0
2022,36,San Luis,2022-09-05,74,540905,0,0.0,14.214285714285715,0.0,28.714285714285715,0.0
2022,37,San Luis,2022-09-12,74,540905,0,0.0,16.114285714285714,0.6,36.92857142857143,0.0
2022,38,San Luis,2022-09-19,74,540905,0,0.0,11.485714285714286,6.6,57.285714285714285,2.0
2022,39,San Luis,2022-09-26,74,540905,0,0.0,16.314285714285717,4.25,55.92857142857143,1.0
2022,40,San Luis,2022-10-03,74,540905,0,0.0,16.835714285714285,9.05,43.57142857142857,1.5
2022,41,San Luis,2022-10-10,74,540905,0,0.0,16.857142857142858,0.0,30.14285714285714,0.0
2022,42,San Luis,2022-10-17,74,540905,0,0.0,17.15714285714286,9.5,58.785714285714285,2.0
2022,43,San Luis,2022-10-24,74,540905,0,0.0,22.364285714285717,4.5,40.64285714285714,1.0
2022,44,San Luis,2022-10-31,74,540905,0,0.0,20.178571428571427,0.0,24.214285714285715,0.0
2022,45,San Luis,2022-11-07,74,540905,0,0.0,22.164285714285715,34.349999999999994,51.85714285714286,3.0
2022,46,San Luis,2022-11-14,74,540905,0,0.0,24.40714285714286,28.05,48.14285714285714,2.0
2022,47,San Luis,2022-11-21,74,540905,0,0.0,26.357142857142858,0.0,36.285714285714285,0.0
2022,48,San Luis,2022-11-28,74,540905,0,0.0,25.614285714285717,19.4,45.85714285714286,1.5
2022,49,San Luis,2022-12-05,74,540905,0,0.0,29.38571428571429,8.0,43.785714285714285,1.0
2022,50,San Luis,2022-12-12,74,540905,0,0.0,24.707142857142856,1.05,37.42857142857143,0.5
2023,1,San Luis,2023-01-02,74,540905,0,0.0,25.957142857142856,6.25,44.0,1.0
2023,2,San Luis,2023-01-09,74,540905,0,0.0,24.87142857142857,31.9,52.0,2.5
2023,3,San Luis,2023-01-16,74,540905,0,0.0,24.535714285714285,18.45,64.5,1.5
2023,4,San Luis,2023-01-23,74,540905,0,0.0,24.621428571428574,49.0,68.0,3.0
2023,5,San Luis,2023-01-30,74,540905,0,0.0,23.357142857142858,39.0,69.57142857142857,1.5
2023,6,San Luis,2023-02-06,74,540905,0,0.0,27.1,21.5,53.42857142857143,1.0
2023,7,San Luis,2023-02-13,74,540905,0,0.0,18.728571428571428,15.5,55.42857142857143,1.0
2023,8,San Luis,2023-02-20,74,540905,0,0.0,22.72142857142857,8.0,54.42857142857143,1.0
2023,9,San Luis,2023-02-27,74,540905,1,0.18487534779674805,26.185714285714287,0.0,49.14285714285714,0.0
2023,10,San Luis,2023-03-06,74,540905,1,0.18487534779674805,24.614285714285717,47.5,65.07142857142857,2.0
2023,11,San Luis,2023-03-13,74,540905,2,0.3697506955934961,23.85,28.5,72.64285714285714,1.5
2023,12,San Luis,2023-03-20,74,540905,1,0.18487534779674805,19.614285714285717,57.5,86.71428571428572,3.5
2023,13,San Luis,2023-03-27,74,540905,7,1.2941274345772362,19.47142857142857,0.0,62.78571428571429,0.0
2023,14,San Luis,2023-04-03,74,540905,7,1.2941274345772362,20.13571428571429,11.0,72.14285714285714,1.0
2023,15,San Luis,2023-04-10,74,540905,15,2.7731302169512206,15.2,10.7,81.57142857142857,1.5
2023,16,San Luis,2023-04-17,74,540905,9,1.6638781301707324,14.87857142857143,10.25,63.21428571428571,0.5
2023,17,San Luis,2023-04-24,74,540905,7,1.2941274345772362,18.064285714285717,0.0,64.35714285714286,0.0
2023,18,San Luis,2023-05-01,74,540905,3,0.5546260433902441,12.978571428571428,0.0,55.85714285714286,0.0
2023,19,San Luis,2023-05-08,74,540905,0,0.0,16.07142857142857,0.0,63.285714285714285,0.0
2023,20,San Luis,2023-05-15,74,540905,1,0.18487534779674805,15.707142857142856,2.1,69.92857142857143,1.0
2023,21,San Luis,2023-05-22,74,540905,1,0.18487534779674805,13.571428571428571,0.3999999999999999,76.5,0.0
2023,22,San Luis,2023-05-29,74,540905,2,0.3697506955934961,13.014285714285714,0.0,70.0,0.0
2023,23,San Luis,2023-06-05,74,540905,0,0.0,12.192857142857145,0.0,64.64285714285714,0.0
2023,24,San Luis,2023-06-12,74,540905,0,0.0,5.449999999999999,0.0,58.42857142857143,0.0
2023,25,San Luis,2023-06-19,74,540905,0,0.0,9.807142857142855,2.75,79.21428571428572,1.0
2023,26,San Luis,2023-06-26,74,540905,0,0.0,11.371428571428572,0.0,59.0,0.0
2023,27,San Luis,2023-07-03,74,540905,0,0.0,12.278571428571428,1.0,74.5,0.5
2023,28,San Luis,2023-07-10,74,540905,0,0.0,5.942857142857143,11.7,82.92857142857142,2.5
2023,29,San Luis,2023-07-17,74,540905,0,0.0,9.892857142857142,0.0,57.71428571428571,0.0
2023,30,San Luis,2023-07-24,74,540905,0,0.0,11.0,0.0,54.28571428571429,0.0
2023,31,San Luis,2023-07-31,74,540905,0,0.0,14.085714285714284,0.0,56.07142857142857,0.0
2023,32,San Luis,2023-08-07,74,540905,0,0.0,11.107142857142858,0.0,41.5,0.0
2023,33,San Luis,2023-08-14,74,540905,0,0.0,13.042857142857144,0.25,55.42857142857143,0.0
2023,34,San Luis,2023-08-21,74,540905,0,0.0,10.442857142857145,0.7000000000000001,67.14285714285714,0.0
2023,35,San Luis,2023-08-28,74,540905,0,0.0,13.92142857142857,0.0,43.85714285714286,0.0
2023,36,San Luis,2023-09-04,74,540905,0,0.0,12.935714285714283,0.75,58.14285714285714,0.0
2023,37,San Luis,2023-09-11,74,540905,0,0.0,15.392857142857142,0.0,36.35714285714285,0.0
2023,38,San Luis,2023-09-18,74,540905,0,0.0,15.935714285714283,0.0,57.35714285714286,0.0
2023,39,San Luis,2023-09-25,74,540905,0,0.0,15.57142857142857,0.0,39.57142857142857,0.0
2023,40,San Luis,2023-10-02,74,540905,0,0.0,17.1,2.55,41.0,0.5
2023,41,San Luis,2023-10-09,74,540905,0,0.0,19.014285714285712,0.0,31.285714285714285,0.0
2023,42,San Luis,2023-10-16,74,540905,0,0.0,19.378571428571423,48.25,50.5,2.0
2023,43,San Luis,2023-10-23,74,540905,0,0.0,18.45,12.85,65.28571428571428,2.0
2023,44,San Luis,2023-10-30,74,540905,2,0.3697506955934961,14.814285714285711,16.85,55.785714285714285,1.5
2023,45,San Luis,2023-11-06,74,540905,0,0.0,22.414285714285715,8.5,36.57142857142857,1.0
2023,46,San Luis,2023-11-13,74,540905,0,0.0,20.62142857142857,14.75,38.42857142857143,1.0
2023,47,San Luis,2023-11-20,74,540905,0,0.0,24.72142857142857,1.05,40.5,0.0
2023,48,San Luis,2023-11-27,74,540905,0,0.0,23.02857142857143,10.35,55.92857142857143,1.5
2023,49,San Luis,2023-12-04,74,540905,1,0.18487534779674805,22.7,17.950000000000003,50.785714285714285,1.5
2023,50,San Luis,2023-12-11,74,540905,1,0.18487534779674805,26.614285714285717,18.55,56.92857142857143,2.5
2023,51,San Luis,2023-12-18,74,540905,2,0.3697506955934961,20.114285714285717,41.15,73.92857142857142,3.5
2023,52,San Luis,2023-12-25,74,540905,2,0.3697506955934961,25.464285714285715,1.0,49.35714285714285,0.0
2024,1,San Luis,2024-01-01,74,540905,4,0.7395013911869922,24.74285714285714,72.5,64.28571428571429,2.5
2024,2,San Luis,2024-01-08,74,540905,3,0.5546260433902441,23.02142857142857,97.8,73.85714285714286,4.0
2024,3,San Luis,2024-01-15,74,540905,6,1.1092520867804883,23.792857142857144,6.25,59.642857142857146,0.5
2024,4,San Luis,2024-01-22,74,540905,7,1.2941274345772362,26.892857142857142,0.0,44.92857142857143,0.0
2024,5,San Luis,2024-01-29,74,540905,7,1.2941274345772362,28.06428571428572,22.0,50.64285714285714,2.0
2024,6,San Luis,2024-02-05,74,540905,5,0.9243767389837403,26.42857142857143,56.8,68.71428571428571,2.5
2024,7,San Luis,2024-02-12,74,540905,17,3.142880912544717,22.88571428571429,2.5,66.85714285714286,0.5
2024,8,San Luis,2024-02-19,74,540905,56,10.35301947661789,22.935714285714283,2.25,67.21428571428572,0.5
2024,9,San Luis,2024-02-26,74,540905,105,19.411911518658545,23.692857142857143,20.65,71.07142857142857,1.0
2024,10,San Luis,2024-03-04,74,540905,167,30.87418308205692,23.064285714285717,8.0,70.85714285714286,1.0
2024,11,San Luis,2024-03-11,74,540905,253,46.77346299257726,23.228571428571428,6.9,79.07142857142857,2.0
2024,12,San Luis,2024-03-18,74,540905,384,70.99213355395125,21.942857142857143,2.0,61.21428571428572,0.5
2024,13,San Luis,2024-03-25,74,540905,476,88.00066555125207,23.01428571428572,3.75,62.35714285714286,1.0
2024,14,San Luis,2024-04-01,74,540905,783,144.75739732485374,19.92142857142857,0.0,60.71428571428571,0.0
2024,15,San Luis,2024-04-08,74,540905,633,117.02609515534151,14.028571428571428,33.2,82.92857142857142,4.0
2024,16,San Luis,2024-04-15,74,540905,438,80.97540233497564,16.728571428571428,8.25,71.14285714285714,1.0
2024,17,San Luis,2024-04-22,74,540905,262,48.43734112274799,14.964285714285715,0.1,72.35714285714286,0.0
2024,18,San Luis,2024-04-29,74,540905,146,26.991800778325214,12.785714285714285,0.0,66.0,0.0
2024,19,San Luis,2024-05-06,74,540905,87,16.08415525831708,10.242857142857144,21.5,68.57142857142857,1.0
2024,20,San Luis,2024-05-13,74,540905,31,5.731135781699189,7.371428571428572,0.0,65.5,0.0
2024,21,San Luis,2024-05-20,74,540905,5,0.9243767389837403,6.957142857142857,2.95,78.42857142857143,1.0
2024,22,San Luis,2024-05-27,74,540905,3,0.5546260433902441,8.471428571428572,0.0,64.78571428571428,0.0
2024,23,San Luis,2024-06-03,74,540905,1,0.18487534779674805,11.95,0.0,66.64285714285714,0.0
2024,24,San Luis,2024-06-10,74,540905,1,0.18487534779674805,14.042857142857144,0.0,63.64285714285714,0.0
2024,25,San Luis,2024-06-17,74,540905,0,0.0,11.307142857142855,0.4,71.57142857142857,0.0
2024,26,San Luis,2024-06-24,74,540905,0,0.0,7.271428571428571,0.5,54.285714285714285,0.0
2024,27,San Luis,2024-07-01,74,540905,0,0.0,6.621428571428572,0.0,49.42857142857143,0.0
2024,28,San Luis,2024-07-08,74,540905,0,0.0,3.8928571428571432,0.0,57.0,0.0
2024,29,San Luis,2024-07-15,74,540905,0,0.0,8.014285714285714,0.5,62.35714285714286,0.0
2024,30,San Luis,2024-07-22,74,540905,0,0.0,10.271428571428572,0.0,54.35714285714286,0.0
2024,31,San Luis,2024-07-29,74,540905,0,0.0,11.82142857142857,4.0,53.92857142857143,1.0
2024,32,San Luis,2024-08-05,74,540905,0,0.0,8.221428571428572,1.75,52.42857142857143,0.5
2024,33,San Luis,2024-08-12,74,540905,0,0.0,9.985714285714286,0.5,55.785714285714285,0.0
2024,34,San Luis,2024-08-19,74,540905,0,0.0,5.6000000000000005,6.4,79.14285714285714,1.5
2024,35,San Luis,2024-08-26,74,540905,0,0.0,11.714285714285715,8.35,57.14285714285714,1.0
2024,36,San Luis,2024-09-02,74,540905,0,0.0,14.564285714285711,0.0,38.07142857142857,0.0
2024,37,San Luis,2024-09-09,74,540905,0,0.0,16.05,0.0,39.35714285714286,0.0
2024,38,San Luis,2024-09-16,74,540905,0,0.0,20.5,0.0,31.07142857142857,0.0
2024,39,San Luis,2024-09-23,74,540905,0,0.0,17.75,0.0,35.5,0.0
2024,40,San Luis,2024-09-30,74,540905,0,0.0,19.957142857142856,7.5,29.928571428571427,1.0
2024,41,San Luis,2024-10-07,74,540905,0,0.0,16.7,30.9,74.0,4.0
2024,42,San Luis,2024-10-14,74,540905,0,0.0,21.864285714285717,11.0,64.5,1.0
2024,43,San Luis,2024-10-21,74,540905,0,0.0,17.59285714285714,50.35,62.42857142857143,1.5
2024,44,San Luis,2024-10-28,74,540905,0,0.0,24.6,4.1,43.5,0.5
2024,45,San Luis,2024-11-04,74,540905,0,0.0,22.25,0.0,52.0,0.0
2024,46,San Luis,2024-11-11,74,540905,0,0.0,22.01428571428572,4.5,40.57142857142857,0.5
2024,47,San Luis,2024-11-18,74,540905,0,0.0,23.3,29.1,58.57142857142857,1.5
2024,48,San Luis,2024-11-25,74,540905,0,0.0,21.035714285714285,38.65,69.92857142857143,2.5
2024,49,San Luis,2024-12-02,74,540905,0,0.0,21.014285714285712,1.5,43.285714285714285,0.5
2024,50,San Luis,2024-12-09,74,540905,0,0.0,24.59285714285714,13.5,43.57142857142857,0.5
2024,51,San Luis,2024-12-16,74,540905,0,0.0,23.964285714285715,32.050000000000004,52.5,1.5
2024,52,San Luis,2024-12-23,74,540905,0,0.0,26.371428571428574,14.85,42.0,1.0
2025,1,San Luis,2024-12-30,74,540905,0,0.0,26.821428571428573,33.85,52.71428571428572,2.0
2025,2,San Luis,2025-01-06,74,540905,0,0.0,26.62142857142857,20.5,55.35714285714286,2.0
2025,3,San Luis,2025-01-13,74,540905,0,0.0,26.92857142857143,20.5,53.07142857142857,2.5
2025,4,San Luis,2025-01-20,74,540905,0,0.0,26.285714285714285,3.4,55.57142857142857,0.5
2025,5,San Luis,2025-01-27,74,540905,0,0.0,28.235714285714288,5.7,52.0,0.5
2025,6,San Luis,2025-02-03,74,540905,1,0.18487534779674805,28.17857142857143,36.75,57.80952380952381,1.5
2025,7,San Luis,2025-02-10,74,540905,0,0.0,25.778571428571432,40.0,59.92857142857143,3.5
2025,8,San Luis,2025-02-17,74,540905,2,0.3697506955934961,27.9,1.4,50.642857142857146,0.5
2025,9,San Luis,2025-02-24,74,540905,6,1.1092520867804883,24.05,68.85,78.85714285714286,2.5
2025,10,San Luis,2025-03-03,74,540905,8,1.4790027823739844,23.235714285714284,46.65,71.0,2.5
2025,11,San Luis,2025-03-10,74,540905,6,1.1092520867804883,17.84285714285714,2.15,76.5,0.5
2025,12,San Luis,2025-03-17,74,540905,5,0.9243767389837403,21.778571428571432,25.5,66.92857142857143,2.0
2025,13,San Luis,2025-03-24,74,540905,5,0.9243767389837403,17.5,28.1,87.78571428571428,2.5
2025,14,San Luis,2025-03-31,74,540905,7,1.2941274345772362,13.1,1.0,61.85714285714286,0.5
2025,15,San Luis,2025-04-07,74,540905,4,0.7395013911869922,15.557142857142855,12.0,72.5,1.0
2025,16,San Luis,2025-04-14,74,540905,4,0.7395013911869922,16.17142857142857,1.0,76.57142857142857,0.0
2025,17,San Luis,2025-04-21,74,540905,0,0.0,15.964285714285715,7.0,69.64285714285714,0.5
2025,18,San Luis,2025-04-28,74,540905,2,0.3697506955934961,16.92142857142857,0.0,66.57142857142857,0.0
2025,19,San Luis,2025-05-05,74,540905,5,0.9243767389837403,16.021428571428572,0.5,75.28571428571428,0.0
2025,20,San Luis,2025-05-12,74,540905,1,0.18487534779674805,17.4,0.0,66.85714285714286,0.0
2025,21,San Luis,2025-05-19,74,540905,1,0.18487534779674805,12.821428571428571,0.0,66.14285714285714,0.0
2025,22,San Luis,2025-05-26,74,540905,2,0.3697506955934961,8.221428571428572,7.5,62.85714285714286,1.0
2025,23,San Luis,2025-06-02,74,540905,0,0.0,10.642857142857142,8.4,69.28571428571428,1.5
2025,24,San Luis,2025-06-09,74,540905,0,0.0,10.314285714285711,0.0,65.0,0.0
2025,25,San Luis,2025-06-16,74,540905,0,0.0,8.692857142857143,0.5,58.85714285714286,0.0
2025,26,San Luis,2025-06-23,74,540905,0,0.0,5.285714285714286,0.0,48.07142857142857,0.0
2025,27,San Luis,2025-06-30,74,540905,0,0.0,5.257142857142857,0.0,61.35714285714286,0.0
2025,28,San Luis,2025-07-07,74,540905,0,0.0,10.007142857142856,13.35,81.35714285714286,1.0
2025,29,San Luis,2025-07-14,74,540905,0,0.0,10.864285714285714,3.0,57.07142857142857,0.5
2025,30,San Luis,2025-07-21,74,540905,0,0.0,7.992857142857143,3.5,80.14285714285714,1.0
2025,31,San Luis,2025-07-28,74,540905,0,0.0,10.335714285714284,0.0,72.85714285714286,0.0
2025,32,San Luis,2025-08-04,74,540905,0,0.0,9.492857142857142,0.0,51.78571428571429,0.0
2025,33,San Luis,2025-08-11,74,540905,0,0.0,11.592857142857142,1.0,58.92857142857143,0.5
2025,34,San Luis,2025-08-18,74,540905,0,0.0,10.807142857142855,0.1,53.92857142857143,0.0
2025,35,San Luis,2025-08-25,74,540905,0,0.0,13.957142857142856,50.5,52.0,2.0
2025,36,San Luis,2025-09-01,74,540905,0,0.0,10.171428571428573,0.0,57.0,0.0
2025,37,San Luis,2025-09-08,74,540905,0,0.0,17.107142857142858,0.0,42.64285714285714,0.0
2025,38,San Luis,2025-09-15,74,540905,0,0.0,18.9,2.25,67.64285714285714,0.5
2025,39,San Luis,2025-09-22,74,540905,0,0.0,16.378571428571426,35.05,49.5,1.0
2025,40,San Luis,2025-09-29,74,540905,0,0.0,19.207142857142856,0.0,48.57142857142857,0.0
2025,41,San Luis,2025-10-06,74,540905,0,0.0,17.65,0.0,35.642857142857146,0.0
2025,42,San Luis,2025-10-13,74,540905,0,0.0,20.25,9.25,45.85714285714286,1.0
2018,1,Santa Cruz,2018-01-01,78,333473,0,0.0,13.786507936507936,5.3,51.59920634920635,1.0
2018,2,Santa Cruz,2018-01-08,78,333473,0,0.0,18.637698412698413,0.3666666666666667,40.32936507936508,0.1666666666666666
2018,3,Santa Cruz,2018-01-15,78,333473,0,0.0,17.386666666666667,1.1666666666666667,43.74761904761905,0.1666666666666666
2018,4,Santa Cruz,2018-01-22,78,333473,0,0.0,16.37857142857143,2.0,41.32857142857143,0.1666666666666666
2018,5,Santa Cruz,2018-01-29,78,333473,0,0.0,19.28238095238095,11.516666666666666,42.54761904761904,1.5
2018,6,Santa Cruz,2018-02-05,78,333473,0,0.0,13.69047619047619,1.5,48.86190476190476,0.3333333333333333
2018,7,Santa Cruz,2018-02-12,78,333473,0,0.0,17.74952380952381,1.2666666666666666,48.76190476190476,0.3333333333333333
2018,8,Santa Cruz,2018-02-19,78,333473,0,0.0,16.28095238095238,0.1666666666666666,42.87142857142857,0.0
2018,9,Santa Cruz,2018-02-26,78,333473,0,0.0,15.946428571428571,1.8333333333333333,44.65873015873016,0.3333333333333333
2018,10,Santa Cruz,2018-03-05,78,333473,0,0.0,14.448809523809524,2.6833333333333336,49.41269841269841,0.3333333333333333
2018,11,Santa Cruz,2018-03-12,78,333473,0,0.0,11.476984126984128,3.6833333333333336,49.083333333333336,0.8333333333333334
2018,12,Santa Cruz,2018-03-19,78,333473,0,0.0,9.88888888888889,1.25,51.36507936507937,0.3333333333333333
2018,13,Santa Cruz,2018-03-26,78,333473,0,0.0,11.40952380952381,0.6166666666666667,49.63095238095238,0.1666666666666666
2018,14,Santa Cruz,2018-04-02,78,333473,0,0.0,9.552777777777775,15.800000000000002,61.17460317460317,1.1666666666666667
2018,15,Santa Cruz,2018-04-09,78,333473,0,0.0,10.33968253968254,5.383333333333333,53.01984126984127,0.5
2018,16,Santa Cruz,2018-04-16,78,333473,0,0.0,10.623412698412698,5.133333333333334,59.46428571428572,0.8333333333333334
2018,17,Santa Cruz,2018-04-23,78,333473,0,0.0,6.7484126984126975,4.033333333333333,66.56746031746032,0.6666666666666666
2018,18,Santa Cruz,2018-04-30,78,333473,0,0.0,5.546825396825397,0.2333333333333333,64.21825396825398,0.1666666666666666
2018,19,Santa Cruz,2018-05-07,78,333473,0,0.0,8.571428571428571,20.466666666666665,70.28968253968254,1.5
2018,20,Santa Cruz,2018-05-14,78,333473,0,0.0,3.4956349206349207,2.6666666666666665,82.22222222222221,0.6666666666666666
2018,21,Santa Cruz,2018-05-21,78,333473,0,0.0,7.534523809523809,2.783333333333333,68.96031746031746,0.5
2018,22,Santa Cruz,2018-05-28,78,333473,0,0.0,1.578968253968254,0.0333333333333333,72.30952380952381,0.0
2018,23,Santa Cruz,2018-06-04,78,333473,0,0.0,1.347619047619048,11.583333333333334,79.13492063492065,1.8333333333333333
2018,24,Santa Cruz,2018-06-11,78,333473,0,0.0,1.8051587301587304,0.2166666666666666,77.34523809523809,0.0
2018,25,Santa Cruz,2018-06-18,78,333473,0,0.0,2.74563492063492,2.1333333333333333,65.24603174603175,0.3333333333333333
2018,26,Santa Cruz,2018-06-25,78,333473,0,0.0,2.2293650793650794,2.5500000000000003,68.52380952380952,0.6666666666666666
2018,27,Santa Cruz,2018-07-02,78,333473,0,0.0,-1.367063492063492,0.05,81.41984126984127,0.0
2019,1,Santa Cruz,2018-12-31,78,333473,0,0.0,13.750793650793652,2.45,43.30952380952382,0.5
2019,2,Santa Cruz,2019-01-07,78,333473,0,0.0,13.463095238095235,3.35,46.142857142857146,0.5
2019,3,Santa Cruz,2019-01-14,78,333473,0,0.0,16.998015873015873,9.883333333333336,44.17857142857142,1.0
2019,4,Santa Cruz,2019-01-21,78,333473,0,0.0,14.775396825396824,0.4166666666666667,40.76587301587302,0.0
2019,5,Santa Cruz,2019-01-28,78,333473,0,0.0,15.523809523809524,1.3999999999999997,45.96825396825397,0.3333333333333333
2019,6,Santa Cruz,2019-02-04,78,333473,0,0.0,17.040079365079364,0.0666666666666666,40.92857142857143,0.0
2019,7,Santa Cruz,2019-02-11,78,333473,0,0.0,18.64444444444444,11.9,43.583333333333336,1.1666666666666667
2019,8,Santa Cruz,2019-02-18,78,333473,0,0.0,9.821031746031744,7.533333333333334,51.67063492063492,1.3333333333333333
2019,9,Santa Cruz,2019-02-25,78,333473,0,0.0,13.393253968253967,4.883333333333334,58.97222222222223,1.8333333333333333
2019,10,Santa Cruz,2019-03-04,78,333473,0,0.0,12.782539682539683,4.633333333333334,52.87698412698413,0.8333333333333334
2019,11,Santa Cruz,2019-03-11,78,333473,0,0.0,14.024206349206349,13.05,64.88492063492063,1.3333333333333333
2019,12,Santa Cruz,2019-03-18,78,333473,0,0.0,11.216666666666669,4.433333333333334,65.65476190476191,0.6666666666666666
2019,13,Santa Cruz,2019-03-25,78,333473,0,0.0,13.391666666666666,0.5,53.57539682539683,0.1666666666666666
2019,14,Santa Cruz,2019-04-01,78,333473,0,0.0,12.194444444444445,12.633333333333333,55.82539682539683,1.6666666666666667
2019,15,Santa Cruz,2019-04-08,78,333473,0,0.0,9.132539682539685,4.933333333333333,69.70238095238095,0.5
2019,16,Santa Cruz,2019-04-15,78,333473,0,0.0,10.385714285714286,2.6333333333333333,58.3968253968254,0.6666666666666666
2019,17,Santa Cruz,2019-04-22,78,333473,0,0.0,8.253174603174603,5.616666666666667,70.22619047619048,0.8333333333333334
2019,18,Santa Cruz,2019-04-29,78,333473,0,0.0,4.858730158730158,1.2,68.77380952380953,0.1666666666666666
2019,19,Santa Cruz,2019-05-06,78,333473,0,0.0,8.221428571428572,5.016666666666667,66.91269841269842,0.8333333333333334
2019,20,Santa Cruz,2019-05-13,78,333473,0,0.0,7.357936507936508,0.5166666666666667,64.21428571428571,0.0
2019,21,Santa Cruz,2019-05-20,78,333473,0,0.0,7.723015873015872,3.5,61.86904761904762,0.3333333333333333
2019,22,Santa Cruz,2019-05-27,78,333473,0,0.0,1.7519841269841272,10.5,82.34920634920634,2.0
2019,23,Santa Cruz,2019-06-03,78,333473,0,0.0,6.228968253968255,1.1,69.39285714285714,0.0
2019,24,Santa Cruz,2019-06-10,78,333473,0,0.0,2.966666666666667,3.1166666666666667,78.16666666666667,0.6666666666666666
2019,25,Santa Cruz,2019-06-17,78,333473,0,0.0,4.876587301587302,0.3999999999999999,72.32936507936508,0.1666666666666666
2019,26,Santa Cruz,2019-06-24,78,333473,0,0.0,0.4880952380952381,1.2666666666666668,70.9904761904762,0.3333333333333333
2019,27,Santa Cruz,2019-07-01,78,333473,0,0.0,2.3035714285714284,3.0,78.26190476190476,0.5
2019,28,Santa Cruz,2019-07-08,78,333473,0,0.0,2.7380952380952386,4.283333333333334,89.48809523809524,0.8333333333333334
2019,29,Santa Cruz,2019-07-15,78,333473,0,0.0,3.188095238095238,5.216666666666667,69.01984126984127,0.5
2019,30,Santa Cruz,2019-07-22,78,333473,0,0.0,5.648015873015873,0.35,58.01587301587301,0.0
2019,31,Santa Cruz,2019-07-29,78,333473,0,0.0,5.163095238095238,15.95,77.65873015873017,2.333333333333333
2019,32,Santa Cruz,2019-08-05,78,333473,0,0.0,3.6142857142857134,0.6833333333333332,63.62698412698413,0.1666666666666666
2019,33,Santa Cruz,2019-08-12,78,333473,0,0.0,-0.4488095238095237,0.3333333333333333,75.1031746031746,0.0
2019,34,Santa Cruz,2019-08-19,78,333473,0,0.0,4.303968253968255,3.733333333333333,70.47222222222221,0.8333333333333334
2019,35,Santa Cruz,2019-08-26,78,333473,0,0.0,4.861111111111112,1.3333333333333333,57.17460317460317,0.5
2019,36,Santa Cruz,2019-09-02,78,333473,0,0.0,2.528174603174603,1.4666666666666668,66.23015873015873,0.3333333333333333
2019,37,Santa Cruz,2019-09-09,78,333473,0,0.0,4.970238095238095,4.183333333333334,61.8531746031746,0.6666666666666666
2019,38,Santa Cruz,2019-09-16,78,333473,0,0.0,6.8503968253968255,4.9,55.62698412698413,0.5
2019,39,Santa Cruz,2019-09-23,78,333473,0,0.0,11.043650793650793,2.0,47.138888888888886,0.6666666666666666
2019,40,Santa Cruz,2019-09-30,78,333473,0,0.0,6.786507936507936,1.0666666666666669,53.86111111111112,0.3333333333333333
2019,41,Santa Cruz,2019-10-07,78,333473,0,0.0,7.6873015873015875,1.0166666666666666,43.90873015873016,0.3333333333333333
2019,42,Santa Cruz,2019-10-14,78,333473,0,0.0,11.857142857142856,1.2333333333333334,44.32539682539683,0.3333333333333333
2019,43,Santa Cruz,2019-10-21,78,333473,0,0.0,11.01468253968254,0.0499999999999999,47.48412698412699,0.0
2019,44,Santa Cruz,2019-10-28,78,333473,0,0.0,11.000396825396823,2.85,45.68650793650794,0.5
2019,45,Santa Cruz,2019-11-04,78,333473,0,0.0,10.040476190476191,1.5,47.285714285714285,0.5
2019,46,Santa Cruz,2019-11-11,78,333473,0,0.0,14.273809523809526,5.783333333333334,52.84126984126984,0.8333333333333334
2019,47,Santa Cruz,2019-11-18,78,333473,0,0.0,13.861111111111112,8.016666666666667,45.61904761904762,1.5
2019,48,Santa Cruz,2019-11-25,78,333473,0,0.0,11.008333333333333,4.733333333333333,54.33730158730159,0.5
2019,49,Santa Cruz,2019-12-02,78,333473,0,0.0,14.627380952380951,5.216666666666666,49.37698412698413,0.8333333333333334
2019,50,Santa Cruz,2019-12-09,78,333473,0,0.0,13.898015873015872,8.049999999999999,48.73809523809524,1.8333333333333333
2019,51,Santa Cruz,2019-12-16,78,333473,0,0.0,16.184920634920633,1.2500000000000002,42.86111111111112,0.1666666666666666
2019,52,Santa Cruz,2019-12-23,78,333473,0,0.0,15.635714285714286,0.6,39.507936507936506,0.1666666666666666
2020,1,Santa Cruz,2019-12-30,78,333473,0,0.0,16.75238095238095,6.316666666666666,47.46031746031746,1.1666666666666667
2020,2,Santa Cruz,2020-01-06,78,333473,0,0.0,14.341269841269842,6.25,48.25396825396825,1.0
2020,3,Santa Cruz,2020-01-13,78,333473,0,0.0,16.078968253968252,8.083333333333334,46.36507936507937,1.0
2020,4,Santa Cruz,2020-01-20,78,333473,0,0.0,16.748412698412697,1.8500000000000003,48.56349206349207,0.3333333333333333
2020,5,Santa Cruz,2020-01-27,78,333473,0,0.0,15.367857142857142,6.266666666666667,47.69444444444444,0.8333333333333334
2020,6,Santa Cruz,2020-02-03,78,333473,0,0.0,14.51190476190476,4.133333333333334,53.43253968253968,0.6666666666666666
2020,7,Santa Cruz,2020-02-10,78,333473,0,0.0,15.25595238095238,5.8500000000000005,48.892857142857146,1.0
2020,8,Santa Cruz,2020-02-17,78,333473,0,0.0,14.872619047619049,0.8833333333333333,43.98412698412699,0.3333333333333333
2020,9,Santa Cruz,2020-02-24,78,333473,0,0.0,16.782142857142855,0.2833333333333334,46.94047619047618,0.0
2020,10,Santa Cruz,2020-03-02,78,333473,0,0.0,16.526587301587302,0.2833333333333333,52.230158730158735,0.0
2020,11,Santa Cruz,2020-03-09,78,333473,1,0.29987435264624124,13.98968253968254,3.1333333333333333,60.48809523809524,0.5
2020,12,Santa Cruz,2020-03-16,78,333473,0,0.0,15.064285714285717,1.15,49.86904761904762,0.3333333333333333
2020,13,Santa Cruz,2020-03-23,78,333473,1,0.29987435264624124,12.744841269841269,4.716666666666667,60.3531746031746,1.0
2020,14,Santa Cruz,2020-03-30,78,333473,1,0.29987435264624124,10.886111111111113,0.4833333333333333,56.095238095238095,0.1666666666666666
2020,15,Santa Cruz,2020-04-06,78,333473,0,0.0,12.877777777777778,1.05,51.67460317460317,0.3333333333333333
2020,16,Santa Cruz,2020-04-13,78,333473,1,0.29987435264624124,11.489285714285714,0.1333333333333333,57.388888888888886,0.0
2020,17,Santa Cruz,2020-04-20,78,333473,1,0.29987435264624124,7.574999999999999,1.5666666666666669,66.13492063492063,0.1666666666666666
2020,18,Santa Cruz,2020-04-27,78,333473,0,0.0,7.558333333333334,3.9,76.57539682539682,0.8333333333333334
2020,19,Santa Cruz,2020-05-04,78,333473,0,0.0,6.844047619047619,4.733333333333333,80.1031746031746,1.0
2020,20,Santa Cruz,2020-05-11,78,333473,0,0.0,6.328571428571429,8.866666666666667,70.2936507936508,1.5
2020,21,Santa Cruz,2020-05-18,78,333473,0,0.0,7.182936507936508,6.733333333333333,68.88095238095238,1.0
2020,22,Santa Cruz,2020-05-25,78,333473,1,0.29987435264624124,4.813095238095238,1.05,72.04365079365078,0.1666666666666666
2020,23,Santa Cruz,2020-06-01,78,333473,0,0.0,7.579365079365079,0.8999999999999999,59.031746031746025,0.1666666666666666
2020,24,Santa Cruz,2020-06-08,78,333473,0,0.0,2.5865079365079366,6.9,70.3690476190476,1.1666666666666667
2020,25,Santa Cruz,2020-06-15,78,333473,0,0.0,2.611904761904762,0.6,79.78968253968254,0.0
2020,26,Santa Cruz,2020-06-22,78,333473,0,0.0,-1.2996031746031744,13.15,85.61714285714285,2.5
2020,27,Santa Cruz,2020-06-29,78,333473,0,0.0,-1.7825396825396824,11.333333333333334,89.52857142857142,2.0
2020,28,Santa Cruz,2020-07-06,78,333473,0,0.0,-0.6805555555555557,0.4166666666666667,77.32539682539682,0.1666666666666666
2020,29,Santa Cruz,2020-07-13,78,333473,0,0.0,-0.6774603174603175,26.200000000000003,85.56190476190477,2.5
2020,30,Santa Cruz,2020-07-20,78,333473,0,0.0,-1.4992063492063492,4.433333333333334,84.67539682539683,1.0
2020,31,Santa Cruz,2020-07-27,78,333473,0,0.0,1.4587301587301589,0.15,76.38888888888889,0.0
2020,32,Santa Cruz,2020-08-03,78,333473,0,0.0,4.157936507936508,0.7166666666666667,65.60714285714285,0.3333333333333333
2020,33,Santa Cruz,2020-08-10,78,333473,0,0.0,2.816269841269841,1.7333333333333334,67.73015873015873,0.3333333333333333
2020,34,Santa Cruz,2020-08-17,78,333473,0,0.0,5.73968253968254,4.15,61.23412698412699,1.0
2020,35,Santa Cruz,2020-08-24,78,333473,0,0.0,2.5154761904761904,0.65,67.20238095238095,0.1666666666666666
2020,36,Santa Cruz,2020-08-31,78,333473,0,0.0,4.950793650793651,0.8166666666666668,64.30952380952381,0.1666666666666666
2020,37,Santa Cruz,2020-09-07,78,333473,0,0.0,7.48968253968254,1.1666666666666667,53.98412698412699,0.1666666666666666
2020,38,Santa Cruz,2020-09-14,78,333473,0,0.0,6.871031746031746,0.0999999999999999,51.37301587301587,0.0
2020,39,Santa Cruz,2020-09-21,78,333473,0,0.0,10.803174603174604,0.3333333333333333,43.42460317460317,0.1666666666666666
2020,40,Santa Cruz,2020-09-28,78,333473,0,0.0,5.519047619047619,1.6,53.06746031746032,0.3333333333333333
2020,41,Santa Cruz,2020-10-05,78,333473,0,0.0,10.671825396825398,0.0833333333333333,45.757936507936506,0.0
2020,42,Santa Cruz,2020-10-12,78,333473,0,0.0,12.926190476190476,1.6666666666666667,45.05952380952382,0.5
2020,43,Santa Cruz,2020-10-19,78,333473,0,0.0,10.385714285714286,3.3166666666666664,54.1031746031746,0.8333333333333334
2020,44,Santa Cruz,2020-10-26,78,333473,0,0.0,13.107936507936508,0.5,41.68650793650794,0.1666666666666666
2020,45,Santa Cruz,2020-11-02,78,333473,0,0.0,13.313095238095238,14.75,56.63095238095239,1.3333333333333333
2020,46,Santa Cruz,2020-11-09,78,333473,0,0.0,14.510714285714286,0.6833333333333332,48.142857142857146,0.1666666666666666
2020,47,Santa Cruz,2020-11-16,78,333473,0,0.0,18.048412698412697,0.1166666666666666,41.70634920634921,0.0
2020,48,Santa Cruz,2020-11-23,78,333473,0,0.0,12.794444444444444,0.4666666666666666,41.06746031746032,0.1666666666666666
2020,49,Santa Cruz,2020-11-30,78,333473,0,0.0,14.717460317460317,0.4166666666666667,41.57936507936508,0.1666666666666666
2020,50,Santa Cruz,2020-12-07,78,333473,0,0.0,14.532936507936506,8.716666666666667,51.78968253968254,1.1666666666666667
2020,51,Santa Cruz,2020-12-14,78,333473,0,0.0,13.854761904761906,2.533333333333333,45.78968253968254,0.6666666666666666
2020,52,Santa Cruz,2020-12-21,78,333473,0,0.0,17.43690476190476,0.0,36.3015873015873,0.0
2020,53,Santa Cruz,2020-12-28,78,333473,0,0.0,16.047619047619047,3.783333333333333,49.535714285714285,0.8333333333333334
2021,1,Santa Cruz,2021-01-04,78,333473,0,0.0,15.408333333333331,2.783333333333333,44.007936507936506,0.6666666666666666
2021,2,Santa Cruz,2021-01-11,78,333473,0,0.0,15.3,3.65,50.35317460317461,0.5
2021,3,Santa Cruz,2021-01-18,78,333473,0,0.0,17.71428571428571,2.783333333333333,46.13492063492063,0.5
2021,4,Santa Cruz,2021-01-25,78,333473,0,0.0,13.116666666666667,0.8000000000000002,44.67460317460317,0.1666666666666666
2021,5,Santa Cruz,2021-02-01,78,333473,0,0.0,18.61746031746032,1.45,46.345238095238095,0.3333333333333333
2021,6,Santa Cruz,2021-02-08,78,333473,0,0.0,18.526587301587305,0.0166666666666666,45.88095238095238,0.0
2021,7,Santa Cruz,2021-02-15,78,333473,0,0.0,14.836904761904762,8.516666666666667,48.54365079365079,0.8333333333333334
2021,8,Santa Cruz,2021-02-22,78,333473,0,0.0,17.74404761904762,1.6333333333333335,50.32539682539683,0.3333333333333333
2021,9,Santa Cruz,2021-03-01,78,333473,0,0.0,14.197619047619048,4.9,55.83730158730159,0.6666666666666666
2021,10,Santa Cruz,2021-03-08,78,333473,0,0.0,15.61190476190476,0.1833333333333333,43.15079365079365,0.0
2021,11,Santa Cruz,2021-03-15,78,333473,0,0.0,13.025396825396824,1.1,44.71031746031746,0.3333333333333333
2021,12,Santa Cruz,2021-03-22,78,333473,0,0.0,13.219444444444443,0.3166666666666666,48.71031746031746,0.0
2021,13,Santa Cruz,2021-03-29,78,333473,0,0.0,11.467460317460317,5.316666666666667,68.01984126984127,1.1666666666666667
2021,14,Santa Cruz,2021-04-05,78,333473,0,0.0,10.503571428571428,3.0333333333333337,62.55952380952382,0.1666666666666666
2021,15,Santa Cruz,2021-04-12,78,333473,0,0.0,12.457936507936507,0.5666666666666667,50.59126984126984,0.1666666666666666
2021,16,Santa Cruz,2021-04-19,78,333473,0,0.0,9.013492063492064,6.783333333333334,66.16666666666667,0.8333333333333334
2021,17,Santa Cruz,2021-04-26,78,333473,0,0.0,10.282142857142857,5.65,63.11111111111111,1.1666666666666667
2021,18,Santa Cruz,2021-05-03,78,333473,0,0.0,5.089285714285714,0.9666666666666668,70.3968253968254,0.1666666666666666
2021,19,Santa Cruz,2021-05-10,78,333473,1,0.29987435264624124,7.833730158730159,3.766666666666666,67.74603174603175,1.0
2021,20,Santa Cruz,2021-05-17,78,333473,0,0.0,7.011111111111112,6.066666666666666,87.6468253968254,1.0
2021,21,Santa Cruz,2021-05-24,78,333473,0,0.0,2.375793650793651,7.366666666666667,70.48412698412697,0.8333333333333334
2021,22,Santa Cruz,2021-05-31,78,333473,0,0.0,1.492063492063492,11.183333333333332,84.05952380952381,1.6666666666666667
2021,23,Santa Cruz,2021-06-07,78,333473,0,0.0,5.844444444444444,2.9,68.4920634920635,0.5
2021,24,Santa Cruz,2021-06-14,78,333473,0,0.0,0.863095238095238,0.0833333333333333,75.80555555555556,0.0
2021,25,Santa Cruz,2021-06-21,78,333473,0,0.0,2.961904761904762,2.6666666666666665,71.15873015873017,0.8333333333333334
2021,26,Santa Cruz,2021-06-28,78,333473,0,0.0,5.704761904761905,5.6000000000000005,63.78174603174603,0.5
2021,27,Santa Cruz,2021-07-05,78,333473,0,0.0,5.441666666666666,3.316666666666667,64.62698412698413,0.5
2021,28,Santa Cruz,2021-07-12,78,333473,0,0.0,3.509920634920635,2.9333333333333336,71.14682539682539,0.8333333333333334
2021,29,Santa Cruz,2021-07-19,78,333473,0,0.0,5.363333333333333,1.05,62.20952380952381,0.3333333333333333
2021,30,Santa Cruz,2021-07-26,78,333473,0,0.0,5.492857142857143,1.7833333333333332,62.68650793650793,0.5
2022,1,Santa Cruz,2022-01-03,78,333473,0,0.0,16.0515873015873,1.9166666666666667,43.69444444444445,0.3333333333333333
2022,2,Santa Cruz,2022-01-10,78,333473,0,0.0,14.587698412698414,6.15,44.48412698412699,1.0
2022,3,Santa Cruz,2022-01-17,78,333473,0,0.0,15.555555555555555,7.316666666666666,52.06746031746032,1.0
2022,4,Santa Cruz,2022-01-24,78,333473,0,0.0,16.25357142857143,2.3000000000000003,43.81349206349207,0.5
2022,5,Santa Cruz,2022-01-31,78,333473,0,0.0,15.634920634920634,0.4833333333333333,48.563492063492056,0.0
2022,6,Santa Cruz,2022-02-07,78,333473,0,0.0,17.007142857142856,0.0666666666666666,38.23809523809524,0.0
2022,7,Santa Cruz,2022-02-14,78,333473,0,0.0,14.467460317460317,11.516666666666666,53.92857142857142,1.5
2022,8,Santa Cruz,2022-02-21,78,333473,0,0.0,15.459523809523809,3.9333333333333336,51.55555555555555,0.8333333333333334
2022,9,Santa Cruz,2022-02-28,78,333473,0,0.0,12.357936507936508,1.7333333333333334,50.76190476190476,0.5
2022,10,Santa Cruz,2022-03-07,78,333473,0,0.0,12.238888888888887,8.483333333333333,60.45634920634921,1.1666666666666667
2022,11,Santa Cruz,2022-03-14,78,333473,0,0.0,11.902380952380952,2.5500000000000003,52.46031746031746,0.6666666666666666
2022,12,Santa Cruz,2022-03-21,78,333473,0,0.0,12.238888888888887,5.133333333333333,56.47222222222222,0.8333333333333334
2022,13,Santa Cruz,2022-03-28,78,333473,0,0.0,9.65873015873016,7.333333333333333,58.33730158730159,1.3333333333333333
2022,14,Santa Cruz,2022-04-04,78,333473,0,0.0,7.001190476190476,12.65,74.20238095238095,1.0
2022,15,Santa Cruz,2022-04-11,78,333473,0,0.0,11.37063492063492,0.8666666666666666,59.27777777777777,0.3333333333333333
2022,16,Santa Cruz,2022-04-18,78,333473,0,0.0,7.792063492063492,10.266666666666667,68.67460317460318,1.6666666666666667
2022,17,Santa Cruz,2022-04-25,78,333473,0,0.0,3.494047619047619,7.566666666666666,75.34523809523809,1.0
2022,18,Santa Cruz,2022-05-02,78,333473,0,0.0,9.549206349206347,4.733333333333333,58.90873015873016,1.0
2022,19,Santa Cruz,2022-05-09,78,333473,0,0.0,5.700396825396825,3.25,74.5079365079365,0.5
2022,20,Santa Cruz,2022-05-16,78,333473,0,0.0,4.149603174603175,0.7000000000000001,76.53174603174604,0.1666666666666666
2022,21,Santa Cruz,2022-05-23,78,333473,0,0.0,3.081746031746032,2.75,63.845238095238095,0.6666666666666666
2022,22,Santa Cruz,2022-05-30,78,333473,0,0.0,2.08968253968254,0.5,74.11904761904762,0.1666666666666666
2022,23,Santa Cruz,2022-06-06,78,333473,0,0.0,5.1376984126984135,1.0833333333333333,58.40873015873016,0.3333333333333333
2022,24,Santa Cruz,2022-06-13,78,333473,0,0.0,3.195238095238095,2.033333333333333,72.24603174603175,0.3333333333333333
2022,25,Santa Cruz,2022-06-20,78,333473,0,0.0,0.0793650793650793,2.033333333333333,75.3952380952381,0.6666666666666666
2022,26,Santa Cruz,2022-06-27,78,333473,0,0.0,1.7552380952380953,2.5500000000000003,71.70238095238095,0.5
2022,27,Santa Cruz,2022-07-04,78,333473,0,0.0,-0.477777777777778,1.3833333333333335,79.71428571428571,0.5
2022,28,Santa Cruz,2022-07-11,78,333473,0,0.0,-1.642857142857143,2.9,84.06349206349206,0.8333333333333334
2022,29,Santa Cruz,2022-07-18,78,333473,0,0.0,0.8352380952380952,0.7166666666666668,68.72857142857143,0.3333333333333333
2022,30,Santa Cruz,2022-07-25,78,333473,0,0.0,2.7428571428571424,1.5499999999999998,63.04761904761904,0.1666666666666666
2022,31,Santa Cruz,2022-08-01,78,333473,0,0.0,2.6825396825396823,6.966666666666666,78.57142857142857,1.1666666666666667
2022,32,Santa Cruz,2022-08-08,78,333473,0,0.0,4.1571428571428575,1.35,68.41666666666667,0.1666666666666666
2022,33,Santa Cruz,2022-08-15,78,333473,0,0.0,4.888095238095239,1.95,62.507936507936506,0.5
2022,34,Santa Cruz,2022-08-22,78,333473,0,0.0,5.5095238095238095,2.2833333333333337,56.79365079365079,0.5
2022,35,Santa Cruz,2022-08-29,78,333473,0,0.0,8.721428571428572,0.9333333333333332,51.75396825396825,0.1666666666666666
2022,36,Santa Cruz,2022-09-05,78,333473,0,0.0,6.388095238095239,1.4333333333333331,55.92857142857142,0.3333333333333333
2022,37,Santa Cruz,2022-09-12,78,333473,0,0.0,5.631746031746032,1.5,60.66269841269841,0.5
2022,38,Santa Cruz,2022-09-19,78,333473,0,0.0,6.909920634920635,2.5,57.09920634920635,0.6666666666666666
2022,39,Santa Cruz,2022-09-26,78,333473,0,0.0,9.903174603174604,0.5,47.34126984126984,0.1666666666666666
2022,40,Santa Cruz,2022-10-03,78,333473,0,0.0,9.57936507936508,1.4166666666666667,49.65476190476191,0.5
2022,41,Santa Cruz,2022-10-10,78,333473,0,0.0,10.07420634920635,1.2833333333333332,46.58730158730159,0.1666666666666666
2022,42,Santa Cruz,2022-10-17,78,333473,0,0.0,12.7531746031746,0.0,37.80952380952381,0.0
2022,43,Santa Cruz,2022-10-24,78,333473,0,0.0,10.15079365079365,1.4333333333333331,45.34920634920635,0.5
2022,44,Santa Cruz,2022-10-31,78,333473,0,0.0,15.942063492063491,0.0,44.13095238095238,0.0
2022,45,Santa Cruz,2022-11-07,78,333473,0,0.0,13.29404761904762,4.666666666666667,56.583333333333336,1.1666666666666667
2022,46,Santa Cruz,2022-11-14,78,333473,0,0.0,14.95357142857143,0.2666666666666666,38.8968253968254,0.1666666666666666
2022,47,Santa Cruz,2022-11-21,78,333473,0,0.0,15.11746031746032,0.0499999999999999,40.19444444444445,0.0
2022,48,Santa Cruz,2022-11-28,78,333473,0,0.0,15.19047619047619,0.7333333333333334,38.845238095238095,0.1666666666666666
2022,49,Santa Cruz,2022-12-05,78,333473,0,0.0,12.681746031746032,9.516666666666667,53.507936507936506,2.1666666666666665
2022,50,Santa Cruz,2022-12-12,78,333473,0,0.0,15.83174603174603,0.0,40.892857142857146,0.0
2023,1,Santa Cruz,2023-01-02,78,333473,0,0.0,19.63095238095238,0.2333333333333333,40.84285714285714,0.0
2023,2,Santa Cruz,2023-01-09,78,333473,0,0.0,15.758571428571427,11.45,47.785714285714285,1.0
2023,3,Santa Cruz,2023-01-16,78,333473,0,0.0,18.808333333333334,1.55,48.23809523809524,0.3333333333333333
2023,4,Santa Cruz,2023-01-23,78,333473,0,0.0,17.225396825396825,1.0333333333333334,38.1031746031746,0.3333333333333333
2023,5,Santa Cruz,2023-01-30,78,333473,0,0.0,18.46746031746032,0.5166666666666667,41.49206349206349,0.1666666666666666
2023,6,Santa Cruz,2023-02-06,78,333473,0,0.0,17.26388888888889,2.45,43.535714285714285,0.5
2023,7,Santa Cruz,2023-02-13,78,333473,0,0.0,10.890079365079366,4.816666666666667,49.36111111111112,1.1666666666666667
2023,8,Santa Cruz,2023-02-20,78,333473,0,0.0,15.326984126984128,0.2666666666666666,41.257936507936506,0.1666666666666666
2023,9,Santa Cruz,2023-02-27,78,333473,1,0.29987435264624124,13.547222222222222,2.0,48.34920634920635,0.5
2023,10,Santa Cruz,2023-03-06,78,333473,1,0.29987435264624124,13.826190476190476,0.5,48.40476190476191,0.1666666666666666
2023,11,Santa Cruz,2023-03-13,78,333473,0,0.0,11.512698412698413,0.0,47.61507936507937,0.0
2023,12,Santa Cruz,2023-03-20,78,333473,3,0.8996230579387237,12.352380952380951,0.5499999999999999,47.33730158730159,0.1666666666666666
2023,13,Santa Cruz,2023-03-27,78,333473,1,0.29987435264624124,8.089285714285714,1.6166666666666665,57.22222222222222,0.3333333333333333
2023,14,Santa Cruz,2023-04-03,78,333473,6,1.7992461158774473,11.294444444444444,1.9,49.65476190476191,0.5
2023,15,Santa Cruz,2023-04-10,78,333473,4,1.199497410584965,5.314682539682539,1.0333333333333334,60.51190476190476,0.1666666666666666
2023,16,Santa Cruz,2023-04-17,78,333473,1,0.29987435264624124,11.096031746031748,2.9166666666666665,54.90873015873016,0.8333333333333334
2023,17,Santa Cruz,2023-04-24,78,333473,1,0.29987435264624124,8.50436507936508,10.916666666666666,62.62698412698413,1.3333333333333333
2023,18,Santa Cruz,2023-05-01,78,333473,0,0.0,9.9515873015873,0.4166666666666667,56.23412698412699,0.1666666666666666
2023,19,Santa Cruz,2023-05-08,78,333473,0,0.0,7.438492063492063,2.35,65.72222222222221,0.6666666666666666
2023,20,Santa Cruz,2023-05-15,78,333473,1,0.29987435264624124,7.715079365079365,3.4333333333333336,58.35714285714285,0.5
2023,21,Santa Cruz,2023-05-22,78,333473,0,0.0,3.738888888888889,0.8333333333333334,61.42460317460317,0.3333333333333333
2023,22,Santa Cruz,2023-05-29,78,333473,1,0.29987435264624124,7.785714285714286,0.5,61.37698412698413,0.1666666666666666
2023,23,Santa Cruz,2023-06-05,78,333473,1,0.29987435264624124,4.288888888888889,13.433333333333335,67.91666666666667,2.1666666666666665
2023,24,Santa Cruz,2023-06-12,78,333473,0,0.0,3.165873015873016,0.6666666666666666,64.42857142857143,0.1666666666666666
2023,25,Santa Cruz,2023-06-19,78,333473,0,0.0,2.5595238095238098,5.75,78.25238095238096,1.3333333333333333
2023,26,Santa Cruz,2023-06-26,78,333473,1,0.29987435264624124,2.523809523809524,5.466666666666666,83.87301587301587,0.6666666666666666
2023,27,Santa Cruz,2023-07-03,78,333473,0,0.0,0.8916666666666666,1.9833333333333332,76.46031746031746,0.3333333333333333
2023,28,Santa Cruz,2023-07-10,78,333473,0,0.0,-1.615079365079365,0.9333333333333332,83.16190476190475,0.1666666666666666
2023,29,Santa Cruz,2023-07-17,78,333473,0,0.0,-0.5206349206349207,10.133333333333333,80.13571428571429,1.6666666666666667
2023,30,Santa Cruz,2023-07-24,78,333473,0,0.0,-0.2515873015873016,3.216666666666667,80.04761904761905,1.0
2023,31,Santa Cruz,2023-07-31,78,333473,0,0.0,4.329365079365079,3.233333333333333,62.86507936507936,0.6666666666666666
2023,32,Santa Cruz,2023-08-07,78,333473,2,0.5997487052924825,3.623809523809524,3.233333333333333,72.07936507936508,0.8333333333333334
2023,33,Santa Cruz,2023-08-14,78,333473,0,0.0,1.3932539682539682,14.566666666666668,83.69444444444444,2.333333333333333
2023,34,Santa Cruz,2023-08-21,78,333473,1,0.29987435264624124,4.171428571428572,1.383333333333333,66.82142857142857,0.1666666666666666
2023,35,Santa Cruz,2023-08-28,78,333473,0,0.0,4.66984126984127,1.5333333333333332,62.76984126984127,0.5
2023,36,Santa Cruz,2023-09-04,78,333473,0,0.0,3.583333333333333,10.183333333333332,80.02380952380952,1.6666666666666667
2023,37,Santa Cruz,2023-09-11,78,333473,1,0.29987435264624124,4.804761904761905,9.183333333333334,66.58730158730158,1.6666666666666667
2023,38,Santa Cruz,2023-09-18,78,333473,0,0.0,3.99484126984127,1.3,64.16666666666667,0.1666666666666666
2023,39,Santa Cruz,2023-09-25,78,333473,0,0.0,7.943253968253967,1.2833333333333334,55.18253968253968,0.5
2023,40,Santa Cruz,2023-10-02,78,333473,1,0.29987435264624124,8.843253968253968,1.8333333333333333,51.16666666666666,0.1666666666666666
2023,41,Santa Cruz,2023-10-09,78,333473,0,0.0,8.96984126984127,0.0,50.32936507936508,0.0
2023,42,Santa Cruz,2023-10-16,78,333473,0,0.0,11.789285714285716,0.0166666666666666,45.18650793650793,0.0
2023,43,Santa Cruz,2023-10-23,78,333473,0,0.0,10.601190476190476,2.083333333333333,50.3968253968254,0.5
2023,44,Santa Cruz,2023-10-30,78,333473,1,0.29987435264624124,9.859126984126984,0.45,48.31746031746032,0.1666666666666666
2023,45,Santa Cruz,2023-11-06,78,333473,0,0.0,11.443253968253968,4.5,47.62698412698413,0.6666666666666666
2023,46,Santa Cruz,2023-11-13,78,333473,7,2.0991204685236884,8.624603174603175,4.216666666666667,53.1904761904762,0.8333333333333334
2023,47,Santa Cruz,2023-11-20,78,333473,7,2.0991204685236884,12.905555555555557,2.45,46.35714285714286,0.5
2023,48,Santa Cruz,2023-11-27,78,333473,4,1.199497410584965,11.535714285714285,0.7999999999999999,45.32936507936508,0.3333333333333333
2023,49,Santa Cruz,2023-12-04,78,333473,1,0.29987435264624124,15.500793650793652,9.583333333333334,50.21825396825397,1.1666666666666667
2023,50,Santa Cruz,2023-12-11,78,333473,6,1.7992461158774473,13.325396825396824,0.15,46.87698412698413,0.0
2023,51,Santa Cruz,2023-12-18,78,333473,13,3.8983665844011357,16.432936507936507,0.75,44.42063492063492,0.1666666666666666
2023,52,Santa Cruz,2023-12-25,78,333473,5,1.4993717632312062,16.251984126984127,0.2166666666666666,41.92063492063492,0.0
2024,1,Santa Cruz,2024-01-01,78,333473,16,4.79798964233986,17.669047619047618,2.25,46.06349206349207,0.3333333333333333
2024,2,Santa Cruz,2024-01-08,78,333473,14,4.198240937047377,14.247619047619049,4.716666666666667,48.62301587301587,0.6666666666666666
2024,3,Santa Cruz,2024-01-15,78,333473,17,5.097863994986101,16.920238095238094,0.8999999999999999,43.9404761904762,0.1666666666666666
2024,4,Santa Cruz,2024-01-22,78,333473,9,2.698869173816171,19.242857142857144,0.0,41.09126984126984,0.0
2024,5,Santa Cruz,2024-01-29,78,333473,4,1.199497410584965,17.63611111111111,3.4,47.11111111111112,0.6666666666666666
2024,6,Santa Cruz,2024-02-05,78,333473,9,2.698869173816171,17.19126984126984,9.55,43.93650793650793,0.8333333333333334
2024,7,Santa Cruz,2024-02-12,78,333473,9,2.698869173816171,17.462301587301585,3.830555555555556,50.892857142857146,0.5
2024,8,Santa Cruz,2024-02-19,78,333473,9,2.698869173816171,14.651190476190475,3.333333333333333,56.79365079365079,0.6666666666666666
2024,9,Santa Cruz,2024-02-26,78,333473,9,2.698869173816171,14.201984126984128,4.2,58.638888888888886,0.8333333333333334
2024,10,Santa Cruz,2024-03-04,78,333473,11,3.2986178791086536,12.954761904761904,13.033333333333331,57.5,1.1666666666666667
2024,11,Santa Cruz,2024-03-11,78,333473,17,5.097863994986101,10.696428571428571,3.9,55.333333333333336,0.6666666666666666
2024,12,Santa Cruz,2024-03-18,78,333473,19,5.697612700278584,9.641666666666667,4.983333333333333,67.43650793650794,1.1666666666666667
2024,13,Santa Cruz,2024-03-25,78,333473,22,6.597235758217307,12.683333333333332,0.5333333333333333,55.07539682539683,0.1666666666666666
2024,14,Santa Cruz,2024-04-01,78,333473,21,6.297361405571065,10.028968253968252,1.9333333333333331,55.67063492063492,0.5
2024,15,Santa Cruz,2024-04-08,78,333473,13,3.8983665844011357,7.483730158730158,0.9666666666666668,60.035714285714285,0.1666666666666666
2024,16,Santa Cruz,2024-04-15,78,333473,8,2.39899482116993,9.271825396825395,5.6000000000000005,59.66269841269841,0.6666666666666666
2024,17,Santa Cruz,2024-04-22,78,333473,9,2.698869173816171,6.130952380952382,0.2833333333333333,59.02380952380952,0.0
2024,18,Santa Cruz,2024-04-29,78,333473,5,1.4993717632312062,3.350396825396825,15.8,77.4563492063492,1.6666666666666667
2024,19,Santa Cruz,2024-05-06,78,333473,1,0.29987435264624124,0.8567460317460318,11.516666666666666,84.72619047619048,1.8333333333333333
2024,20,Santa Cruz,2024-05-13,78,333473,3,0.8996230579387237,3.196825396825397,0.3666666666666667,77.28968253968254,0.0
2024,21,Santa Cruz,2024-05-20,78,333473,1,0.29987435264624124,1.0888888888888888,0.1999999999999999,75.24285714285715,0.0
2024,22,Santa Cruz,2024-05-27,78,333473,0,0.0,2.7642857142857142,13.233333333333334,78.55555555555556,1.5
2024,23,Santa Cruz,2024-06-03,78,333473,0,0.0,1.9107142857142856,25.63333333333333,91.26190476190476,3.0
2024,24,Santa Cruz,2024-06-10,78,333473,0,0.0,2.303968253968254,7.133333333333333,85.83730158730158,1.3333333333333333
2024,25,Santa Cruz,2024-06-17,78,333473,0,0.0,-1.6119047619047615,28.96,90.81333333333332,3.0
2024,26,Santa Cruz,2024-06-24,78,333473,0,0.0,-1.5047619047619047,4.966666666666666,87.7936507936508,1.1666666666666667
2024,27,Santa Cruz,2024-07-01,78,333473,0,0.0,-0.878968253968254,5.3,83.84523809523809,1.1666666666666667
2024,28,Santa Cruz,2024-07-08,78,333473,0,0.0,2.294047619047619,0.0166666666666666,80.83333333333333,0.0
2024,29,Santa Cruz,2024-07-15,78,333473,0,0.0,4.921825396825397,5.3,72.46825396825396,0.8333333333333334
2024,30,Santa Cruz,2024-07-22,78,333473,0,0.0,5.841666666666668,2.766666666666667,63.14285714285714,0.3333333333333333
2024,31,Santa Cruz,2024-07-29,78,333473,0,0.0,4.013492063492064,22.266666666666666,83.17460317460318,3.0
2024,32,Santa Cruz,2024-08-05,78,333473,0,0.0,3.1777777777777776,4.916666666666667,79.87301587301587,0.6666666666666666
2024,33,Santa Cruz,2024-08-12,78,333473,0,0.0,4.0321428571428575,0.6833333333333332,72.63095238095238,0.0
2024,34,Santa Cruz,2024-08-19,78,333473,0,0.0,3.103968253968254,1.3999999999999997,75.62698412698413,0.1666666666666666
2024,35,Santa Cruz,2024-08-26,78,333473,0,0.0,7.804761904761905,0.7999999999999999,50.29761904761904,0.1666666666666666
2024,36,Santa Cruz,2024-09-02,78,333473,0,0.0,8.27142857142857,0.15,49.96031746031746,0.0
2024,37,Santa Cruz,2024-09-09,78,333473,0,0.0,6.673412698412698,1.1,51.31746031746032,0.1666666666666666
2024,38,Santa Cruz,2024-09-16,78,333473,0,0.0,5.541269841269841,3.141666666666666,61.38095238095238,0.861111111111111
2024,39,Santa Cruz,2024-09-23,78,333473,0,0.0,6.300396825396825,0.85,48.76190476190476,0.1666666666666666
2024,40,Santa Cruz,2024-09-30,78,333473,0,0.0,7.00873015873016,1.0833333333333333,50.36507936507937,0.5
2024,41,Santa Cruz,2024-10-07,78,333473,0,0.0,11.593650793650792,0.0,42.01587301587302,0.0
2024,42,Santa Cruz,2024-10-14,78,333473,0,0.0,12.332539682539682,0.3,48.833333333333336,0.0
2024,43,Santa Cruz,2024-10-21,78,333473,0,0.0,13.137301587301588,2.333333333333333,42.285714285714285,0.1666666666666666
2024,44,Santa Cruz,2024-10-28,78,333473,0,0.0,14.641666666666666,3.1166666666666667,40.99603174603175,0.3333333333333333
2024,45,Santa Cruz,2024-11-04,78,333473,0,0.0,11.440079365079365,2.833333333333333,44.21428571428572,0.6666666666666666
2024,46,Santa Cruz,2024-11-11,78,333473,0,0.0,12.778968253968252,1.6666666666666667,44.97222222222222,0.3333333333333333
2024,47,Santa Cruz,2024-11-18,78,333473,0,0.0,14.63373015873016,0.0,41.47619047619048,0.0
2024,48,Santa Cruz,2024-11-25,78,333473,0,0.0,13.203174603174602,5.283333333333333,52.392857142857146,0.6666666666666666
2024,49,Santa Cruz,2024-12-02,78,333473,0,0.0,10.97222222222222,6.833333333333333,51.5,0.8333333333333334
2024,50,Santa Cruz,2024-12-09,78,333473,0,0.0,15.903174603174604,0.25,44.63095238095238,0.0
2024,51,Santa Cruz,2024-12-16,78,333473,0,0.0,15.522619047619049,2.3833333333333333,40.52777777777778,0.5
2024,52,Santa Cruz,2024-12-23,78,333473,0,0.0,18.559920634920637,0.35,43.12698412698413,0.1666666666666666
2025,1,Santa Cruz,2024-12-30,78,333473,0,0.0,16.510952380952382,15.833333333333334,61.804761904761904,1.5
2025,2,Santa Cruz,2025-01-06,78,333473,0,0.0,17.491666666666667,2.75,47.61904761904762,0.3333333333333333
2025,3,Santa Cruz,2025-01-13,78,333473,0,0.0,16.39920634920635,0.2833333333333334,40.511904761904766,0.0
2025,4,Santa Cruz,2025-01-20,78,333473,0,0.0,16.689285714285713,4.583333333333333,54.48809523809524,0.6666666666666666
2025,5,Santa Cruz,2025-01-27,78,333473,0,0.0,17.553968253968254,2.4166666666666665,41.48412698412699,0.3333333333333333
2025,6,Santa Cruz,2025-02-03,78,333473,0,0.0,13.008333333333333,12.233333333333333,52.230158730158735,1.5
2025,7,Santa Cruz,2025-02-10,78,333473,0,0.0,13.637301587301588,2.65,50.138888888888886,0.8333333333333334
2025,8,Santa Cruz,2025-02-17,78,333473,0,0.0,16.764285714285716,1.8666666666666665,46.6468253968254,0.5
2025,9,Santa Cruz,2025-02-24,78,333473,0,0.0,13.316666666666668,0.6666666666666666,50.1468253968254,0.1666666666666666
2025,10,Santa Cruz,2025-03-03,78,333473,0,0.0,12.148015873015872,9.983333333333333,56.54365079365079,2.0
2025,11,Santa Cruz,2025-03-10,78,333473,0,0.0,13.09642857142857,0.1666666666666666,52.46031746031746,0.0
2025,12,Santa Cruz,2025-03-17,78,333473,1,0.29987435264624124,13.032142857142858,1.0166666666666668,49.43253968253968,0.5
2025,13,Santa Cruz,2025-03-24,78,333473,0,0.0,12.909920634920637,9.066666666666666,59.82539682539683,0.8333333333333334
2025,14,Santa Cruz,2025-03-31,78,333473,0,0.0,7.992063492063491,5.366666666666667,63.92063492063492,1.0
2025,15,Santa Cruz,2025-04-07,78,333473,0,0.0,10.709126984126984,4.283333333333333,63.88492063492064,1.0
2025,16,Santa Cruz,2025-04-14,78,333473,0,0.0,8.493253968253969,1.55,74.27777777777779,0.6666666666666666
2025,17,Santa Cruz,2025-04-21,78,333473,0,0.0,8.33015873015873,14.55,64.32539682539682,2.0
2025,18,Santa Cruz,2025-04-28,78,333473,0,0.0,7.919047619047618,1.5333333333333332,71.0436507936508,0.1666666666666666
2025,19,Santa Cruz,2025-05-05,78,333473,0,0.0,6.556746031746033,2.4,71.80952380952381,0.6666666666666666
2025,20,Santa Cruz,2025-05-12,78,333473,0,0.0,6.274206349206349,9.9,64.7936507936508,1.5
2025,21,Santa Cruz,2025-05-19,78,333473,0,0.0,2.851587301587301,9.05,76.13492063492065,1.1666666666666667
2025,22,Santa Cruz,2025-05-26,78,333473,0,0.0,4.32063492063492,3.35,76.42460317460318,0.8333333333333334
2025,23,Santa Cruz,2025-06-02,78,333473,0,0.0,5.528968253968254,0.1333333333333333,70.03968253968254,0.0
2025,24,Santa Cruz,2025-06-09,78,333473,0,0.0,5.015873015873016,8.816666666666668,83.52777777777779,1.5
2025,25,Santa Cruz,2025-06-16,78,333473,0,0.0,3.627380952380952,1.3833333333333335,75.1031746031746,0.3333333333333333
2025,26,Santa Cruz,2025-06-23,78,333473,0,0.0,-0.0261904761904762,2.9333333333333336,77.24365079365079,0.8333333333333334
2025,27,Santa Cruz,2025-06-30,78,333473,0,0.0,-0.2138888888888889,0.45,83.22857142857143,0.1666666666666666
2025,28,Santa Cruz,2025-07-07,78,333473,0,0.0,5.5285714285714285,2.783333333333333,68.30555555555556,0.3333333333333333
2025,29,Santa Cruz,2025-07-14,78,333473,0,0.0,5.662698412698412,5.133333333333334,67.48015873015872,0.8333333333333334
2025,30,Santa Cruz,2025-07-21,78,333473,0,0.0,-0.226984126984127,2.183333333333333,74.12857142857143,0.5
2025,31,Santa Cruz,2025-07-28,78,333473,0,0.0,1.926984126984127,19.48333333333333,92.25,3.0
2025,32,Santa Cruz,2025-08-04,78,333473,0,0.0,2.9984126984126984,0.35,76.10714285714285,0.1666666666666666
2025,33,Santa Cruz,2025-08-11,78,333473,0,0.0,3.1468253968253967,0.5833333333333334,80.93253968253968,0.0
2025,34,Santa Cruz,2025-08-18,78,333473,0,0.0,5.477777777777778,2.25,65.4920634920635,0.6666666666666666
2025,35,Santa Cruz,2025-08-25,78,333473,0,0.0,6.626984126984127,0.1333333333333333,64.01984126984127,0.0
2025,36,Santa Cruz,2025-09-01,78,333473,0,0.0,5.719444444444444,0.7000000000000001,58.26984126984127,0.1666666666666666
2025,37,Santa Cruz,2025-09-08,78,333473,0,0.0,8.478968253968254,1.35,61.72619047619048,0.3333333333333333
2025,38,Santa Cruz,2025-09-15,78,333473,0,0.0,6.536111111111111,4.266666666666667,63.46825396825397,1.0
2025,39,Santa Cruz,2025-09-22,78,333473,0,0.0,8.868650793650794,0.1833333333333333,51.98412698412699,0.0
2025,40,Santa Cruz,2025-09-29,78,333473,0,0.0,8.53095238095238,4.883333333333334,53.5,0.8333333333333334
2025,41,Santa Cruz,2025-10-06,78,333473,0,0.0,10.911904761904765,1.7666666666666666,43.85714285714285,0.1666666666666666
2025,42,Santa Cruz,2025-10-13,78,333473,0,0.0,11.34047619047619,0.3666666666666667,44.23809523809524,0.1666666666666666
2018,1,Santa Fe,2018-01-01,82,3556522,0,0.0,25.07619047619048,7.666666666666667,60.523809523809526,0.8333333333333334
2018,2,Santa Fe,2018-01-08,82,3556522,0,0.0,26.923809523809524,25.683333333333334,65.07142857142857,1.5
2018,3,Santa Fe,2018-01-15,82,3556522,0,0.0,25.04523809523809,9.75,67.38095238095238,1.1666666666666667
2018,4,Santa Fe,2018-01-22,82,3556522,0,0.0,25.73333333333333,25.383333333333336,66.14285714285715,1.5
2018,5,Santa Fe,2018-01-29,82,3556522,0,0.0,27.72142857142857,0.0,57.5,0.0
2018,6,Santa Fe,2018-02-05,82,3556522,0,0.0,26.73333333333333,9.816666666666668,61.76190476190476,1.3333333333333333
2018,7,Santa Fe,2018-02-12,82,3556522,0,0.0,25.2,0.0,57.595238095238095,0.0
2018,8,Santa Fe,2018-02-19,82,3556522,0,0.0,24.03809523809524,3.45,61.02380952380952,0.5
2018,9,Santa Fe,2018-02-26,82,3556522,0,0.0,26.02857142857143,13.15,67.16666666666667,1.0
2018,10,Santa Fe,2018-03-05,82,3556522,0,0.0,22.97619047619048,5.2,59.833333333333336,0.5
2018,11,Santa Fe,2018-03-12,82,3556522,0,0.0,22.704761904761902,9.166666666666666,59.57142857142858,0.6666666666666666
2018,12,Santa Fe,2018-03-19,82,3556522,0,0.0,19.73095238095238,27.15,60.73809523809524,0.5
2018,13,Santa Fe,2018-03-26,82,3556522,0,0.0,21.802380952380958,16.75,66.42857142857143,0.6666666666666666
2018,14,Santa Fe,2018-04-02,82,3556522,0,0.0,21.566666666666663,55.86666666666667,79.66666666666667,2.833333333333333
2018,15,Santa Fe,2018-04-09,82,3556522,1,0.028117357350805085,21.82619047619048,9.483333333333333,70.23809523809524,0.8333333333333334
2018,16,Santa Fe,2018-04-16,82,3556522,0,0.0,24.21666666666667,61.833333333333336,76.30952380952381,1.8333333333333333
2018,17,Santa Fe,2018-04-23,82,3556522,0,0.0,23.480952380952377,4.666666666666667,82.33333333333333,0.8333333333333334
2018,18,Santa Fe,2018-04-30,82,3556522,1,0.028117357350805085,19.645238095238096,52.56666666666666,92.09523809523807,4.833333333333333
2018,19,Santa Fe,2018-05-07,82,3556522,2,0.05623471470161017,18.14761904761905,93.26666666666668,86.5,3.6666666666666665
2018,20,Santa Fe,2018-05-14,82,3556522,0,0.0,14.352380952380951,1.4666666666666668,77.40476190476191,0.3333333333333333
2018,21,Santa Fe,2018-05-21,82,3556522,1,0.028117357350805085,13.03095238095238,0.0,75.52380952380952,0.0
2018,22,Santa Fe,2018-05-28,82,3556522,0,0.0,13.921428571428573,7.533333333333334,76.30952380952381,1.0
2018,23,Santa Fe,2018-06-04,82,3556522,1,0.028117357350805085,10.964285714285715,0.5,75.38095238095238,0.1666666666666666
2018,24,Santa Fe,2018-06-11,82,3556522,0,0.0,7.478571428571429,10.25,78.38095238095238,0.8333333333333334
2018,25,Santa Fe,2018-06-18,82,3556522,0,0.0,12.51904761904762,0.1333333333333333,65.04761904761905,0.0
2018,26,Santa Fe,2018-06-25,82,3556522,0,0.0,13.10952380952381,0.85,77.30952380952381,0.1666666666666666
2018,27,Santa Fe,2018-07-02,82,3556522,0,0.0,9.96904761904762,0.6166666666666666,80.88095238095238,0.0
2019,1,Santa Fe,2018-12-31,82,3556522,1,0.028117357350805085,25.915873015873014,75.53333333333333,74.1984126984127,2.833333333333333
2019,2,Santa Fe,2019-01-07,82,3556522,3,0.08435207205241525,23.32936507936508,56.68333333333334,80.28174603174602,2.833333333333333
2019,3,Santa Fe,2019-01-14,82,3556522,3,0.08435207205241525,22.57619047619048,43.66666666666666,78.6190476190476,2.6666666666666665
2019,4,Santa Fe,2019-01-21,82,3556522,11,0.3092909308588559,26.659523809523808,61.13333333333333,80.54761904761905,2.1666666666666665
2019,5,Santa Fe,2019-01-28,82,3556522,18,0.5061124323144915,26.214682539682546,17.377777777777776,77.03174603174602,1.8888888888888888
2019,6,Santa Fe,2019-02-04,82,3556522,19,0.5342297896652967,25.183333333333334,15.666666666666666,71.28571428571429,1.0
2019,7,Santa Fe,2019-02-11,82,3556522,18,0.5061124323144915,22.0952380952381,4.833333333333333,71.54761904761905,0.5
2019,8,Santa Fe,2019-02-18,82,3556522,34,0.9559901499273729,27.71666666666667,56.5,72.30952380952381,2.1666666666666665
2019,9,Santa Fe,2019-02-25,82,3556522,28,0.7872860058225424,22.202380952380956,59.0,66.95238095238095,1.0
2019,10,Santa Fe,2019-03-04,82,3556522,29,0.8154033631733475,21.902380952380952,36.4,79.47619047619048,1.6666666666666667
2019,11,Santa Fe,2019-03-11,82,3556522,32,0.8997554352257627,20.93095238095238,2.583333333333333,80.0,0.8333333333333334
2019,12,Santa Fe,2019-03-18,82,3556522,17,0.47799507496368643,19.14761904761905,4.516666666666667,71.11904761904762,0.6666666666666666
2019,13,Santa Fe,2019-03-25,82,3556522,37,1.0403422219797882,20.602380952380955,21.75,74.73809523809523,0.8333333333333334
2019,14,Santa Fe,2019-04-01,82,3556522,45,1.2652810807862287,20.93809523809524,5.5,74.40476190476191,0.6666666666666666
2019,15,Santa Fe,2019-04-08,82,3556522,49,1.3777505101894492,19.835714285714285,7.166666666666667,71.33333333333333,0.5
2019,16,Santa Fe,2019-04-15,82,3556522,48,1.349633152838644,19.552380952380958,27.633333333333336,78.40476190476191,1.3333333333333333
2019,17,Santa Fe,2019-04-22,82,3556522,31,0.8716380778749576,16.82142857142857,59.55,86.33333333333333,3.0
2019,18,Santa Fe,2019-04-29,82,3556522,18,0.5061124323144915,19.04523809523809,31.816666666666663,79.66666666666667,1.3333333333333333
2019,19,Santa Fe,2019-05-06,82,3556522,20,0.5623471470161018,16.485714285714284,18.9,81.78571428571429,1.5
2019,20,Santa Fe,2019-05-13,82,3556522,20,0.5623471470161018,16.214285714285715,0.2833333333333334,81.73809523809524,0.0
2019,21,Santa Fe,2019-05-20,82,3556522,6,0.1687041441048305,13.385714285714286,10.816666666666668,83.30952380952381,1.1666666666666667
2019,22,Santa Fe,2019-05-27,82,3556522,4,0.11246942940322034,13.60952380952381,3.8333333333333335,88.35714285714285,1.0
2019,23,Santa Fe,2019-06-03,82,3556522,2,0.05623471470161017,14.621428571428572,1.1,77.83333333333333,0.1666666666666666
2019,24,Santa Fe,2019-06-10,82,3556522,2,0.05623471470161017,15.997619047619049,21.066666666666663,91.42857142857144,2.5
2019,25,Santa Fe,2019-06-17,82,3556522,0,0.0,13.959523809523809,7.266666666666667,80.21428571428572,0.6666666666666666
2019,26,Santa Fe,2019-06-24,82,3556522,0,0.0,11.785714285714286,0.5,75.19047619047619,0.1666666666666666
2019,27,Santa Fe,2019-07-01,82,3556522,0,0.0,6.876190476190477,0.0,70.07142857142857,0.0
2019,28,Santa Fe,2019-07-08,82,3556522,0,0.0,13.214285714285715,0.0,76.57142857142857,0.0
2019,29,Santa Fe,2019-07-15,82,3556522,0,0.0,14.44047619047619,0.0666666666666666,73.73809523809524,0.0
2019,30,Santa Fe,2019-07-22,82,3556522,0,0.0,9.971428571428572,36.45,79.1190476190476,2.6666666666666665
2019,31,Santa Fe,2019-07-29,82,3556522,0,0.0,11.385714285714286,0.0166666666666666,69.66666666666667,0.0
2019,32,Santa Fe,2019-08-05,82,3556522,0,0.0,11.995238095238095,3.8666666666666663,69.19047619047619,0.8333333333333334
2019,33,Santa Fe,2019-08-12,82,3556522,0,0.0,11.38095238095238,0.0,68.61904761904762,0.0
2019,34,Santa Fe,2019-08-19,82,3556522,0,0.0,12.066666666666668,2.833333333333333,68.76190476190476,0.3333333333333333
2019,35,Santa Fe,2019-08-26,82,3556522,0,0.0,17.540476190476188,0.1166666666666666,65.11904761904762,0.0
2019,36,Santa Fe,2019-09-02,82,3556522,0,0.0,11.77857142857143,23.83333333333333,63.35714285714285,1.0
2019,37,Santa Fe,2019-09-09,82,3556522,0,0.0,15.057142857142855,4.7,77.3809523809524,0.8333333333333334
2019,38,Santa Fe,2019-09-16,82,3556522,0,0.0,15.157142857142858,0.0,49.833333333333336,0.0
2019,39,Santa Fe,2019-09-23,82,3556522,0,0.0,20.592857142857145,0.0,52.642857142857146,0.0
2019,40,Santa Fe,2019-09-30,82,3556522,0,0.0,16.707142857142856,18.75,67.19047619047619,2.1666666666666665
2019,41,Santa Fe,2019-10-07,82,3556522,0,0.0,23.728571428571428,24.166666666666668,63.095238095238095,1.6666666666666667
2019,42,Santa Fe,2019-10-14,82,3556522,0,0.0,15.240476190476192,19.6,79.52380952380952,4.0
2019,43,Santa Fe,2019-10-21,82,3556522,0,0.0,20.43095238095238,13.433333333333332,66.85714285714285,1.5
2019,44,Santa Fe,2019-10-28,82,3556522,0,0.0,21.590476190476192,18.666666666666668,73.78571428571429,1.8333333333333333
2019,45,Santa Fe,2019-11-04,82,3556522,0,0.0,22.916666666666668,14.4,70.57142857142857,0.8333333333333334
2019,46,Santa Fe,2019-11-11,82,3556522,0,0.0,24.578571428571436,15.516666666666666,63.21428571428572,1.8333333333333333
2019,47,Santa Fe,2019-11-18,82,3556522,0,0.0,24.516666666666666,16.366666666666667,65.15873015873017,1.6666666666666667
2019,48,Santa Fe,2019-11-25,82,3556522,0,0.0,22.202380952380956,38.75,64.80952380952381,2.0
2019,49,Santa Fe,2019-12-02,82,3556522,0,0.0,21.794444444444448,8.816666666666668,57.26190476190476,1.3333333333333333
2019,50,Santa Fe,2019-12-09,82,3556522,0,0.0,25.123809523809523,94.75,57.40476190476191,2.0
2019,51,Santa Fe,2019-12-16,82,3556522,0,0.0,23.47142857142857,21.0,62.54761904761904,1.3333333333333333
2019,52,Santa Fe,2019-12-23,82,3556522,0,0.0,25.96190476190476,42.16666666666666,67.95238095238095,1.6666666666666667
2020,1,Santa Fe,2019-12-30,82,3556522,0,0.0,25.07619047619048,22.35,71.35714285714286,1.5
2020,2,Santa Fe,2020-01-06,82,3556522,0,0.0,25.12619047619048,22.83333333333333,67.45238095238095,1.5
2020,3,Santa Fe,2020-01-13,82,3556522,0,0.0,25.59285714285714,45.9,67.71428571428571,2.1666666666666665
2020,4,Santa Fe,2020-01-20,82,3556522,0,0.0,26.49761904761905,16.016666666666666,74.09523809523809,1.1666666666666667
2020,5,Santa Fe,2020-01-27,82,3556522,0,0.0,23.730952380952385,13.216666666666669,64.59523809523809,0.6666666666666666
2020,6,Santa Fe,2020-02-03,82,3556522,8,0.22493885880644068,26.171428571428567,42.05,74.71428571428571,1.8333333333333333
2020,7,Santa Fe,2020-02-10,82,3556522,28,0.7872860058225424,25.107142857142858,17.2,69.33333333333333,1.5
2020,8,Santa Fe,2020-02-17,82,3556522,55,1.5464546542942796,20.99047619047619,48.25,67.02380952380952,1.0
2020,9,Santa Fe,2020-02-24,82,3556522,117,3.289730810044195,23.519047619047623,0.3666666666666667,62.595238095238095,0.1666666666666666
2020,10,Santa Fe,2020-03-02,82,3556522,157,4.414425104076399,25.83333333333333,0.0,59.45238095238096,0.0
2020,11,Santa Fe,2020-03-09,82,3556522,302,8.491441919943137,25.895238095238096,26.35,71.59523809523809,2.5
2020,12,Santa Fe,2020-03-16,82,3556522,370,10.40342221979788,21.790476190476188,34.7,72.73809523809524,0.8333333333333334
2020,13,Santa Fe,2020-03-23,82,3556522,332,9.334962640467287,23.6547619047619,31.683333333333334,76.14285714285715,1.6666666666666667
2020,14,Santa Fe,2020-03-30,82,3556522,492,13.833739816596102,21.247619047619047,24.35,74.42857142857143,1.1666666666666667
2020,15,Santa Fe,2020-04-06,82,3556522,599,16.842297053132246,16.74761904761905,3.633333333333333,64.35714285714286,0.5
2020,16,Santa Fe,2020-04-13,82,3556522,586,16.47677140757178,17.064285714285713,3.8333333333333335,69.16666666666667,0.8333333333333334
2020,17,Santa Fe,2020-04-20,82,3556522,494,13.88997453129771,21.96428571428571,14.166666666666666,70.66666666666667,1.3333333333333333
2020,18,Santa Fe,2020-04-27,82,3556522,415,11.668703300584111,17.914285714285715,38.85,73.92857142857143,1.3333333333333333
2020,19,Santa Fe,2020-05-04,82,3556522,335,9.419314712519704,14.67142857142857,3.8333333333333335,70.80952380952381,0.3333333333333333
2020,20,Santa Fe,2020-05-11,82,3556522,170,4.779950749636864,15.84047619047619,0.0,61.52380952380952,0.0
2020,21,Santa Fe,2020-05-18,82,3556522,112,3.1491440232901695,14.88809523809524,11.833333333333334,71.35714285714286,0.8333333333333334
2020,22,Santa Fe,2020-05-25,82,3556522,68,1.9119802998547457,13.535714285714286,0.0499999999999999,67.95238095238095,0.0
2020,23,Santa Fe,2020-06-01,82,3556522,15,0.42176036026207625,10.802380952380952,11.883333333333333,77.80952380952381,0.8333333333333334
2020,24,Santa Fe,2020-06-08,82,3556522,6,0.1687041441048305,12.180952380952382,0.0166666666666666,71.78571428571429,0.0
2020,25,Santa Fe,2020-06-15,82,3556522,3,0.08435207205241525,15.98809523809524,4.75,75.07142857142857,0.5
2020,26,Santa Fe,2020-06-22,82,3556522,0,0.0,10.916666666666666,0.7999999999999999,74.0,0.0
2020,27,Santa Fe,2020-06-29,82,3556522,2,0.05623471470161017,9.711904761904762,0.15,75.92857142857143,0.0
2020,28,Santa Fe,2020-07-06,82,3556522,0,0.0,8.74047619047619,0.9666666666666668,70.83333333333333,0.1666666666666666
2020,29,Santa Fe,2020-07-13,82,3556522,0,0.0,11.397619047619049,0.0333333333333333,70.59523809523809,0.0
2020,30,Santa Fe,2020-07-20,82,3556522,1,0.028117357350805085,11.461904761904762,1.4833333333333334,75.11904761904762,0.3333333333333333
2020,31,Santa Fe,2020-07-27,82,3556522,1,0.028117357350805085,11.502380952380951,0.0,59.785714285714285,0.0
2020,32,Santa Fe,2020-08-03,82,3556522,0,0.0,18.942857142857143,1.3833333333333335,64.14285714285715,0.1666666666666666
2020,33,Santa Fe,2020-08-10,82,3556522,0,0.0,11.142460317460316,0.0,49.23412698412699,0.0
2020,34,Santa Fe,2020-08-17,82,3556522,0,0.0,10.819047619047618,0.0,45.142857142857146,0.0
2020,35,Santa Fe,2020-08-24,82,3556522,0,0.0,17.576190476190476,6.0,65.85714285714285,1.0
2020,36,Santa Fe,2020-08-31,82,3556522,0,0.0,11.29047619047619,30.05,77.02380952380952,2.1666666666666665
2020,37,Santa Fe,2020-09-07,82,3556522,0,0.0,16.54285714285714,2.85,66.69047619047619,0.1666666666666666
2020,38,Santa Fe,2020-09-14,82,3556522,0,0.0,15.01190476190476,0.0833333333333333,47.11904761904762,0.0
2020,39,Santa Fe,2020-09-21,82,3556522,0,0.0,19.44047619047619,11.833333333333334,54.642857142857146,0.6666666666666666
2020,40,Santa Fe,2020-09-28,82,3556522,0,0.0,17.764285714285716,2.216666666666667,54.23809523809524,0.3333333333333333
2020,41,Santa Fe,2020-10-05,82,3556522,0,0.0,18.82380952380953,0.0999999999999999,50.95238095238096,0.0
2020,42,Santa Fe,2020-10-12,82,3556522,0,0.0,23.21666666666667,3.6,54.11904761904762,0.5
2020,43,Santa Fe,2020-10-19,82,3556522,0,0.0,21.52380952380952,74.86666666666666,75.90476190476191,3.6666666666666665
2020,44,Santa Fe,2020-10-26,82,3556522,1,0.028117357350805085,17.928571428571427,0.75,57.57142857142858,0.1666666666666666
2020,45,Santa Fe,2020-11-02,82,3556522,0,0.0,22.0952380952381,2.3833333333333333,53.0,0.5
2020,46,Santa Fe,2020-11-09,82,3556522,1,0.028117357350805085,22.890476190476196,22.5,63.3095238095238,1.5
2020,47,Santa Fe,2020-11-16,82,3556522,0,0.0,23.40714285714286,0.6166666666666667,51.11904761904762,0.1666666666666666
2020,48,Santa Fe,2020-11-23,82,3556522,0,0.0,25.745238095238093,52.38333333333333,59.04761904761904,2.6666666666666665
2020,49,Santa Fe,2020-11-30,82,3556522,0,0.0,21.119047619047617,43.38333333333333,64.11904761904762,1.6666666666666667
2020,50,Santa Fe,2020-12-07,82,3556522,0,0.0,24.15,32.45,57.07142857142858,1.6666666666666667
2020,51,Santa Fe,2020-12-14,82,3556522,0,0.0,23.685714285714287,28.1,58.35714285714286,1.1666666666666667
2020,52,Santa Fe,2020-12-21,82,3556522,0,0.0,25.83428571428572,0.6,56.62857142857143,0.2
2020,53,Santa Fe,2020-12-28,82,3556522,0,0.0,25.316666666666663,10.833333333333334,56.69047619047618,1.3333333333333333
2021,1,Santa Fe,2021-01-04,82,3556522,1,0.028117357350805085,25.63095238095238,29.666666666666668,57.23809523809524,1.8333333333333333
2021,2,Santa Fe,2021-01-11,82,3556522,0,0.0,22.68095238095238,66.33333333333333,73.26190476190476,3.333333333333333
2021,3,Santa Fe,2021-01-18,82,3556522,0,0.0,26.245238095238093,0.0,62.97619047619048,0.0
2021,4,Santa Fe,2021-01-25,82,3556522,0,0.0,24.080952380952382,100.51666666666668,78.42857142857143,4.833333333333333
2021,5,Santa Fe,2021-02-01,82,3556522,1,0.028117357350805085,22.607142857142858,24.95,75.0,1.1666666666666667
2021,6,Santa Fe,2021-02-08,82,3556522,0,0.0,22.954761904761902,18.116666666666664,77.59523809523809,1.5
2021,7,Santa Fe,2021-02-15,82,3556522,0,0.0,23.269047619047623,5.166666666666667,67.16666666666667,0.6666666666666666
2021,8,Santa Fe,2021-02-22,82,3556522,0,0.0,25.547619047619047,6.416666666666667,65.73809523809524,0.5
2021,9,Santa Fe,2021-03-01,82,3556522,0,0.0,24.54523809523809,3.783333333333333,72.90476190476191,0.5
2021,10,Santa Fe,2021-03-08,82,3556522,0,0.0,23.995238095238097,5.816666666666666,67.83333333333333,0.5
2021,11,Santa Fe,2021-03-15,82,3556522,2,0.05623471470161017,19.571428571428573,57.85,77.85714285714286,2.833333333333333
2021,12,Santa Fe,2021-03-22,82,3556522,1,0.028117357350805085,20.17142857142857,54.13333333333333,84.09523809523809,2.1666666666666665
2021,13,Santa Fe,2021-03-29,82,3556522,0,0.0,20.05952380952381,5.5,72.97619047619048,0.1666666666666666
2021,14,Santa Fe,2021-04-05,82,3556522,6,0.1687041441048305,21.72380952380952,104.31666666666666,82.64285714285715,2.5
2021,15,Santa Fe,2021-04-12,82,3556522,4,0.11246942940322034,20.364285714285717,0.3333333333333333,78.07142857142857,0.1666666666666666
2021,16,Santa Fe,2021-04-19,82,3556522,5,0.14058678675402544,19.70714285714286,29.666666666666668,78.97619047619048,1.6666666666666667
2021,17,Santa Fe,2021-04-26,82,3556522,9,0.2530562161572458,17.347619047619048,0.0,73.85714285714285,0.0
2021,18,Santa Fe,2021-05-03,82,3556522,6,0.1687041441048305,14.069047619047618,12.083333333333334,72.85714285714285,0.8333333333333334
2021,19,Santa Fe,2021-05-10,82,3556522,1,0.028117357350805085,12.521428571428572,0.0,72.04761904761905,0.0
2021,20,Santa Fe,2021-05-17,82,3556522,2,0.05623471470161017,13.854761904761906,36.21666666666667,80.30952380952381,2.6666666666666665
2021,21,Santa Fe,2021-05-24,82,3556522,1,0.028117357350805085,13.178571428571429,0.5,68.88095238095238,0.1666666666666666
2021,22,Santa Fe,2021-05-31,82,3556522,0,0.0,15.226190476190476,10.583333333333334,69.83333333333333,0.5
2021,23,Santa Fe,2021-06-07,82,3556522,1,0.028117357350805085,14.354761904761906,0.0833333333333333,79.78571428571428,0.0
2021,24,Santa Fe,2021-06-14,82,3556522,0,0.0,9.162857142857144,0.02,76.31428571428572,0.0
2021,25,Santa Fe,2021-06-21,82,3556522,0,0.0,10.476587301587305,12.483333333333333,83.6468253968254,0.1666666666666666
2021,26,Santa Fe,2021-06-28,82,3556522,0,0.0,7.665873015873015,0.0,71.58333333333333,0.0
2021,27,Santa Fe,2021-07-05,82,3556522,0,0.0,15.188095238095238,1.3333333333333333,69.59523809523809,0.3333333333333333
2021,28,Santa Fe,2021-07-12,82,3556522,0,0.0,11.15,16.400000000000002,76.30952380952381,1.3333333333333333
2021,29,Santa Fe,2021-07-19,82,3556522,0,0.0,12.85,0.1666666666666666,64.80952380952381,0.0
2021,30,Santa Fe,2021-07-26,82,3556522,0,0.0,8.142857142857142,0.0,60.11904761904762,0.0
2022,1,Santa Fe,2022-01-03,82,3556522,0,0.0,26.59285714285714,6.95,54.0,0.3333333333333333
2022,2,Santa Fe,2022-01-10,82,3556522,0,0.0,32.39761904761905,31.0,44.22619047619048,1.0
2022,3,Santa Fe,2022-01-17,82,3556522,0,0.0,26.973809523809525,43.41666666666666,74.38095238095238,3.1666666666666665
2022,4,Santa Fe,2022-01-24,82,3556522,0,0.0,24.56428571428572,27.933333333333334,71.35714285714285,1.6666666666666667
2022,5,Santa Fe,2022-01-31,82,3556522,1,0.028117357350805085,24.62857142857143,16.016666666666666,66.80952380952381,1.6666666666666667
2022,6,Santa Fe,2022-02-07,82,3556522,0,0.0,22.47285714285714,3.283333333333333,61.3095238095238,0.6666666666666666
2022,7,Santa Fe,2022-02-14,82,3556522,0,0.0,25.414285714285715,2.5,59.4,0.6666666666666666
2022,8,Santa Fe,2022-02-21,82,3556522,0,0.0,25.8,52.98,68.82857142857142,2.6
2022,9,Santa Fe,2022-02-28,82,3556522,2,0.05623471470161017,24.005714285714284,80.66,77.57142857142858,3.4
2022,10,Santa Fe,2022-03-07,82,3556522,2,0.05623471470161017,20.651904761904763,52.65,78.02857142857144,1.7888888888888888
2022,11,Santa Fe,2022-03-14,82,3556522,3,0.08435207205241525,20.514285714285712,8.48,70.22857142857143,0.8
2022,12,Santa Fe,2022-03-21,82,3556522,1,0.028117357350805085,19.61142857142857,29.2,76.5142857142857,2.0
2022,13,Santa Fe,2022-03-28,82,3556522,3,0.08435207205241525,17.24857142857143,4.6,66.28571428571429,0.6
2022,14,Santa Fe,2022-04-04,82,3556522,3,0.08435207205241525,20.6,43.86666666666667,77.91428571428571,1.5666666666666669
2022,15,Santa Fe,2022-04-11,82,3556522,2,0.05623471470161017,16.548571428571428,0.2,72.65714285714286,0.0
2022,16,Santa Fe,2022-04-18,82,3556522,0,0.0,17.84857142857143,13.783333333333331,76.51428571428572,1.9666666666666668
2022,17,Santa Fe,2022-04-25,82,3556522,1,0.028117357350805085,17.365714285714283,11.15,71.57142857142857,1.0666666666666669
2022,18,Santa Fe,2022-05-02,82,3556522,2,0.05623471470161017,15.017142857142858,0.0,76.37142857142858,0.0
2022,19,Santa Fe,2022-05-09,82,3556522,2,0.05623471470161017,14.46,1.8333333333333333,77.05714285714285,0.5
2022,20,Santa Fe,2022-05-16,82,3556522,4,0.11246942940322034,11.268571428571429,0.0,74.17142857142858,0.0
2022,21,Santa Fe,2022-05-23,82,3556522,0,0.0,13.6,4.5200000000000005,79.6,1.0
2022,22,Santa Fe,2022-05-30,82,3556522,0,0.0,8.665714285714285,0.02,71.4,0.0
2022,23,Santa Fe,2022-06-06,82,3556522,0,0.0,9.302857142857144,0.02,77.57142857142858,0.0
2022,24,Santa Fe,2022-06-13,82,3556522,0,0.0,11.274285714285714,0.02,67.4,0.0
2022,25,Santa Fe,2022-06-20,82,3556522,0,0.0,9.19142857142857,0.12,76.22857142857143,0.0
2022,26,Santa Fe,2022-06-27,82,3556522,0,0.0,11.542857142857144,3.12,73.45714285714286,0.8
2022,27,Santa Fe,2022-07-04,82,3556522,0,0.0,14.105714285714283,0.1666666666666666,71.45714285714286,0.0
2022,28,Santa Fe,2022-07-11,82,3556522,1,0.028117357350805085,10.1,5.916666666666667,74.34285714285714,0.5
2022,29,Santa Fe,2022-07-18,82,3556522,1,0.028117357350805085,14.877142857142855,0.6,78.65714285714286,0.2
2022,30,Santa Fe,2022-07-25,82,3556522,0,0.0,15.674285714285713,2.38,71.42857142857142,0.6
2022,31,Santa Fe,2022-08-01,82,3556522,0,0.0,12.51142857142857,18.56,75.74285714285715,1.2
2022,32,Santa Fe,2022-08-08,82,3556522,0,0.0,13.674285714285713,5.44,74.57142857142858,0.4
2022,33,Santa Fe,2022-08-15,82,3556522,0,0.0,11.031428571428572,0.0333333333333333,55.48571428571429,0.0
2022,34,Santa Fe,2022-08-22,82,3556522,0,0.0,17.057142857142857,0.6,63.17142857142856,0.1666666666666666
2022,35,Santa Fe,2022-08-29,82,3556522,0,0.0,13.86,5.383333333333333,60.28571428571429,0.6666666666666666
2022,36,Santa Fe,2022-09-05,82,3556522,0,0.0,14.637142857142855,0.0,54.71428571428571,0.0
2022,37,Santa Fe,2022-09-12,82,3556522,0,0.0,17.157142857142855,10.24,56.4,1.0
2022,38,Santa Fe,2022-09-19,82,3556522,0,0.0,14.545714285714286,5.55,66.6,0.8333333333333334
2022,39,Santa Fe,2022-09-26,82,3556522,0,0.0,18.105714285714285,0.0,57.02857142857143,0.0
2022,40,Santa Fe,2022-10-03,82,3556522,0,0.0,17.98,9.1,52.37142857142857,0.8
2022,41,Santa Fe,2022-10-10,82,3556522,0,0.0,16.665714285714284,5.14,52.94285714285714,0.4
2022,42,Santa Fe,2022-10-17,82,3556522,0,0.0,18.894285714285715,12.716666666666669,70.28571428571429,0.8333333333333334
2022,43,Santa Fe,2022-10-24,82,3556522,0,0.0,23.417142857142856,23.350000000000005,55.31428571428571,1.4
2022,44,Santa Fe,2022-10-31,82,3556522,0,0.0,19.14,0.0,48.28571428571429,0.0
2022,45,Santa Fe,2022-11-07,82,3556522,0,0.0,22.32857142857143,20.380000000000003,60.4,1.4
2022,46,Santa Fe,2022-11-14,82,3556522,0,0.0,26.12285714285714,7.040000000000001,48.4,1.4
2022,47,Santa Fe,2022-11-21,82,3556522,0,0.0,25.702857142857148,0.6599999999999999,52.37142857142858,0.2
2022,48,Santa Fe,2022-11-28,82,3556522,0,0.0,26.674285714285716,3.8333333333333335,54.68571428571429,0.3333333333333333
2022,49,Santa Fe,2022-12-05,82,3556522,0,0.0,29.937142857142856,36.06,53.82857142857142,2.0
2022,50,Santa Fe,2022-12-12,82,3556522,0,0.0,25.202857142857145,0.4166666666666667,47.971428571428575,0.1666666666666666
2023,1,Santa Fe,2023-01-02,82,3556522,0,0.0,27.754285714285714,0.0,42.62857142857143,0.0
2023,2,Santa Fe,2023-01-09,82,3556522,1,0.028117357350805085,27.037142857142857,7.866666666666667,51.4,1.5666666666666669
2023,3,Santa Fe,2023-01-16,82,3556522,5,0.14058678675402544,28.67714285714286,40.7,59.0,2.066666666666667
2023,4,Santa Fe,2023-01-23,82,3556522,14,0.3936430029112712,27.142857142857142,33.9,66.08571428571429,1.8
2023,5,Santa Fe,2023-01-30,82,3556522,59,1.6589240836975,25.68571428571429,4.5,64.57142857142858,0.4000000000000001
2023,6,Santa Fe,2023-02-06,82,3556522,293,8.23838570378589,29.074285714285715,2.016666666666667,54.28571428571429,0.1666666666666666
2023,7,Santa Fe,2023-02-13,82,3556522,195,5.482884683406991,21.877142857142857,21.7,59.34285714285714,1.6
2023,8,Santa Fe,2023-02-20,82,3556522,408,11.471881799128473,24.585714285714285,9.66,64.02857142857144,1.4
2023,9,Santa Fe,2023-02-27,82,3556522,516,14.508556393015423,27.40571428571429,14.933333333333332,65.22857142857143,0.8333333333333334
2023,10,Santa Fe,2023-03-06,82,3556522,876,24.630805039305258,28.60857142857143,0.0,58.68571428571429,0.0
2023,11,Santa Fe,2023-03-13,82,3556522,1725,48.502441430138774,28.31428571428571,12.8,68.74285714285715,1.4
2023,12,Santa Fe,2023-03-20,82,3556522,2130,59.88997115721483,23.6,66.88,80.65714285714286,3.0
2023,13,Santa Fe,2023-03-27,82,3556522,2943,82.74938268341937,22.371428571428574,6.150000000000001,67.08571428571429,0.5666666666666668
2023,14,Santa Fe,2023-04-03,82,3556522,2233,62.78605896434775,21.47714285714286,24.04,75.8,1.0
2023,15,Santa Fe,2023-04-10,82,3556522,3513,98.77627637337827,19.114285714285717,6.8500000000000005,72.28571428571429,0.9
2023,16,Santa Fe,2023-04-17,82,3556522,2490,70.01221980350465,16.385714285714286,5.073333333333333,70.11428571428571,0.7333333333333334
2023,17,Santa Fe,2023-04-24,82,3556522,1078,30.310511224167882,20.062857142857144,4.86,75.5142857142857,1.0
2023,18,Santa Fe,2023-05-01,82,3556522,841,23.646697532027076,16.04285714285714,17.153333333333332,74.42857142857142,1.1666666666666667
2023,19,Santa Fe,2023-05-08,82,3556522,587,16.504888764922583,16.465714285714284,0.0,75.4857142857143,0.0
2023,20,Santa Fe,2023-05-15,82,3556522,431,12.118581018196991,18.085714285714285,24.25,78.65714285714286,2.8000000000000003
2023,21,Santa Fe,2023-05-22,82,3556522,237,6.663813692140804,18.58857142857143,54.36,81.37142857142858,1.6
2023,22,Santa Fe,2023-05-29,82,3556522,256,7.198043481806102,17.467619047619046,15.11,79.51904761904763,0.2
2023,23,Santa Fe,2023-06-05,82,3556522,185,5.20171110989894,16.805714285714284,0.3,75.74285714285715,0.0
2023,24,Santa Fe,2023-06-12,82,3556522,132,3.7114911703062714,8.285714285714286,0.0,76.34285714285714,0.0
2023,25,Santa Fe,2023-06-19,82,3556522,19,0.5342297896652967,12.731428571428571,1.24,87.2,0.2
2023,26,Santa Fe,2023-06-26,82,3556522,16,0.44987771761288137,14.814285714285711,1.7799999999999998,76.08571428571429,0.2
2023,27,Santa Fe,2023-07-03,82,3556522,17,0.47799507496368643,17.742857142857144,4.74,79.71428571428571,0.8
2023,28,Santa Fe,2023-07-10,82,3556522,8,0.22493885880644068,10.131428571428572,13.133333333333333,83.77142857142857,1.5666666666666669
2023,29,Santa Fe,2023-07-17,82,3556522,12,0.337408288209661,12.731428571428571,0.86,71.25714285714285,0.2
2023,30,Santa Fe,2023-07-24,82,3556522,5,0.14058678675402544,12.042857142857144,0.0,75.11428571428571,0.0
2023,31,Santa Fe,2023-07-31,82,3556522,3,0.08435207205241525,18.88285714285714,0.0,67.14285714285714,0.0
2023,32,Santa Fe,2023-08-07,82,3556522,2,0.05623471470161017,12.391428571428571,2.9,66.68571428571428,0.2
2023,33,Santa Fe,2023-08-14,82,3556522,1,0.028117357350805085,16.585714285714285,4.16,66.17142857142858,0.2
2023,34,Santa Fe,2023-08-21,82,3556522,3,0.08435207205241525,13.977142857142857,0.04,64.37142857142857,0.0
2023,35,Santa Fe,2023-08-28,82,3556522,2,0.05623471470161017,15.668571428571427,25.0,63.82857142857144,1.6
2023,36,Santa Fe,2023-09-04,82,3556522,0,0.0,13.90285714285714,7.979999999999999,72.31428571428572,0.2
2023,37,Santa Fe,2023-09-11,82,3556522,0,0.0,17.928571428571427,4.84,55.2,0.4
2023,38,Santa Fe,2023-09-18,82,3556522,0,0.0,17.737142857142857,2.56,76.34285714285713,0.2
2023,39,Santa Fe,2023-09-25,82,3556522,2,0.05623471470161017,16.542857142857144,1.08,59.4,0.2
2023,40,Santa Fe,2023-10-02,82,3556522,0,0.0,18.380000000000003,2.92,51.65714285714286,0.6
2023,41,Santa Fe,2023-10-09,82,3556522,1,0.028117357350805085,18.534761904761904,4.0,50.766666666666666,0.6
2023,42,Santa Fe,2023-10-16,82,3556522,5,0.14058678675402544,21.67142857142857,43.5,65.91428571428571,2.6
2023,43,Santa Fe,2023-10-23,82,3556522,1,0.028117357350805085,21.322857142857146,16.94,73.54285714285714,2.0
2023,44,Santa Fe,2023-10-30,82,3556522,0,0.0,15.948571428571428,41.12,74.25714285714285,2.2
2023,45,Santa Fe,2023-11-06,82,3556522,2,0.05623471470161017,23.465714285714284,21.78,65.82857142857142,1.4
2023,46,Santa Fe,2023-11-13,82,3556522,2,0.05623471470161017,21.599047619047617,31.8,65.33809523809524,2.033333333333333
2023,47,Santa Fe,2023-11-20,82,3556522,3,0.08435207205241525,24.43523809523809,45.66,63.95238095238095,0.8
2023,48,Santa Fe,2023-11-27,82,3556522,7,0.1968215014556356,24.87714285714286,58.54,74.0,2.6
2023,49,Santa Fe,2023-12-04,82,3556522,5,0.14058678675402544,21.97714285714286,6.56,69.5142857142857,1.0
2023,50,Santa Fe,2023-12-11,82,3556522,20,0.5623471470161018,26.257142857142856,133.74,76.42857142857142,4.0
2023,51,Santa Fe,2023-12-18,82,3556522,17,0.47799507496368643,23.60571428571428,20.18,78.4857142857143,1.6
2023,52,Santa Fe,2023-12-25,82,3556522,27,0.7591686484717373,24.69142857142857,22.0,63.971428571428575,1.4
2024,1,Santa Fe,2024-01-01,82,3556522,116,3.26161345269339,25.722857142857144,47.74,72.02857142857144,1.8
2024,2,Santa Fe,2024-01-08,82,3556522,231,6.495109548035974,25.205714285714286,98.5,76.68571428571428,3.4
2024,3,Santa Fe,2024-01-15,82,3556522,482,13.55256624308805,24.925714285714285,35.04,73.37142857142858,1.8
2024,4,Santa Fe,2024-01-22,82,3556522,733,20.610022938140126,24.98,0.0,63.17142857142856,0.0
2024,5,Santa Fe,2024-01-29,82,3556522,1322,37.17114641776432,28.80857142857143,0.0,61.17142857142856,0.0
2024,6,Santa Fe,2024-02-05,82,3556522,1882,52.916866534215174,29.571428571428573,52.98,69.85714285714286,2.4
2024,7,Santa Fe,2024-02-12,82,3556522,2784,78.27872286464135,23.465714285714288,11.72,72.6,1.0
2024,8,Santa Fe,2024-02-19,82,3556522,4190,117.8117272998733,25.442857142857143,47.36,74.97142857142858,2.8
2024,9,Santa Fe,2024-02-26,82,3556522,4920,138.33739816596102,25.248571428571427,55.38,83.17142857142856,2.0
2024,10,Santa Fe,2024-03-04,82,3556522,5226,146.94130951530738,23.88571428571429,35.42,73.34285714285714,1.0
2024,11,Santa Fe,2024-03-11,82,3556522,6851,192.63201521036564,26.822857142857146,74.2,81.6,2.8
2024,12,Santa Fe,2024-03-18,82,3556522,7683,216.02565652623545,23.337142857142855,9.98,76.45714285714286,1.0
2024,13,Santa Fe,2024-03-25,82,3556522,5884,165.44253065213712,24.08857142857143,22.56,72.77142857142857,1.4
2024,14,Santa Fe,2024-04-01,82,3556522,5685,159.8471765393269,19.52,24.2,83.08571428571429,2.2
2024,15,Santa Fe,2024-04-08,82,3556522,4954,139.2933883158884,18.848571428571425,78.9,85.4857142857143,3.0
2024,16,Santa Fe,2024-04-15,82,3556522,3690,103.75304862447075,20.174285714285716,26.1,76.42857142857142,1.6
2024,17,Santa Fe,2024-04-22,82,3556522,2878,80.92175445561703,18.22,10.56,80.77142857142857,1.4
2024,18,Santa Fe,2024-04-29,82,3556522,1055,29.663812005099363,16.871428571428574,2.92,81.85714285714286,1.0
2024,19,Santa Fe,2024-05-06,82,3556522,513,14.424204320963009,14.965714285714288,2.98,79.62857142857143,0.6
2024,20,Santa Fe,2024-05-13,82,3556522,217,6.101466545124703,9.554285714285715,0.0,75.71428571428571,0.0
2024,21,Santa Fe,2024-05-20,82,3556522,61,1.7151587983991101,10.494285714285716,1.7399999999999998,79.5142857142857,0.8
2024,22,Santa Fe,2024-05-27,82,3556522,15,0.42176036026207625,11.977142857142857,0.0,78.05714285714285,0.0
2024,23,Santa Fe,2024-06-03,82,3556522,5,0.14058678675402544,16.98,0.0,76.62857142857142,0.0
2024,24,Santa Fe,2024-06-10,82,3556522,11,0.3092909308588559,18.705714285714286,4.64,74.14285714285714,0.2
2024,25,Santa Fe,2024-06-17,82,3556522,6,0.1687041441048305,16.380000000000003,0.2799999999999999,86.22857142857143,0.0
2024,26,Santa Fe,2024-06-24,82,3556522,7,0.1968215014556356,9.037142857142856,0.0,67.0,0.0
2024,27,Santa Fe,2024-07-01,82,3556522,1,0.028117357350805085,8.942857142857143,0.0,60.68571428571429,0.0
2024,28,Santa Fe,2024-07-08,82,3556522,0,0.0,4.237142857142857,0.0,70.25714285714285,0.0
2024,29,Santa Fe,2024-07-15,82,3556522,0,0.0,12.848571428571429,0.86,79.4,0.2
2024,30,Santa Fe,2024-07-22,82,3556522,0,0.0,14.16,0.0,72.56666666666666,0.0
2024,31,Santa Fe,2024-07-29,82,3556522,0,0.0,16.46,3.5200000000000005,63.85714285714285,0.4
2024,32,Santa Fe,2024-08-05,82,3556522,0,0.0,10.44285714285714,1.3199999999999998,66.4857142857143,0.4
2024,33,Santa Fe,2024-08-12,82,3556522,1,0.028117357350805085,13.22,0.0,62.48571428571429,0.0
2024,34,Santa Fe,2024-08-19,82,3556522,0,0.0,9.965714285714284,3.68,81.28571428571429,1.2
2024,35,Santa Fe,2024-08-26,82,3556522,0,0.0,12.954285714285714,8.780000000000001,70.31428571428572,0.6
2024,36,Santa Fe,2024-09-02,82,3556522,0,0.0,16.81142857142857,0.06,55.0,0.0
2024,37,Santa Fe,2024-09-09,82,3556522,0,0.0,16.30857142857143,0.2,65.08571428571429,0.0
2024,38,Santa Fe,2024-09-16,82,3556522,0,0.0,22.35714285714285,0.24,53.25714285714285,0.2
2024,39,Santa Fe,2024-09-23,82,3556522,0,0.0,19.54,5.659999999999999,59.34285714285714,0.4
2024,40,Santa Fe,2024-09-30,82,3556522,0,0.0,21.16857142857143,0.8,48.885714285714286,0.2
2024,41,Santa Fe,2024-10-07,82,3556522,0,0.0,19.708571428571428,31.58,72.88571428571429,2.4
2024,42,Santa Fe,2024-10-14,82,3556522,0,0.0,21.908571428571427,11.04,72.28571428571429,1.4
2024,43,Santa Fe,2024-10-21,82,3556522,1,0.028117357350805085,22.36857142857143,61.6,68.85714285714286,1.6
2024,44,Santa Fe,2024-10-28,82,3556522,1,0.028117357350805085,23.99428571428572,4.0200000000000005,65.2,0.6
2024,45,Santa Fe,2024-11-04,82,3556522,1,0.028117357350805085,22.871428571428574,21.18,65.45714285714286,2.2
2024,46,Santa Fe,2024-11-11,82,3556522,1,0.028117357350805085,23.13142857142857,12.64,55.885714285714286,1.6
2024,47,Santa Fe,2024-11-18,82,3556522,2,0.05623471470161017,22.934285714285718,24.46,69.77142857142857,1.8
2024,48,Santa Fe,2024-11-25,82,3556522,4,0.11246942940322034,23.90571428571429,33.5,78.02857142857144,3.0
2024,49,Santa Fe,2024-12-02,82,3556522,2,0.05623471470161017,21.754285714285714,26.28,56.71428571428571,1.0
2024,50,Santa Fe,2024-12-09,82,3556522,0,0.0,24.14,23.04,61.68571428571429,1.2
2024,51,Santa Fe,2024-12-16,82,3556522,0,0.0,22.90571428571429,24.06,67.6,2.0
2024,52,Santa Fe,2024-12-23,82,3556522,2,0.05623471470161017,23.32,9.8,61.02857142857143,1.2
2025,1,Santa Fe,2024-12-30,82,3556522,3,0.08435207205241525,26.445714285714285,2.84,54.57142857142858,0.4
2025,2,Santa Fe,2025-01-06,82,3556522,3,0.08435207205241525,27.06571428571429,0.54,50.31428571428572,0.2
2025,3,Santa Fe,2025-01-13,82,3556522,6,0.1687041441048305,27.625714285714288,25.0,56.771428571428565,2.0
2025,4,Santa Fe,2025-01-20,82,3556522,18,0.5061124323144915,26.528571428571432,17.3,67.2,1.6
2025,5,Santa Fe,2025-01-27,82,3556522,13,0.3655256455604661,27.142857142857142,15.96,63.97142857142857,1.4
2025,6,Santa Fe,2025-02-03,82,3556522,22,0.6185818617177118,28.65714285714285,40.86,63.114285714285714,1.2
2025,7,Santa Fe,2025-02-10,82,3556522,44,1.2371637234354236,26.922857142857147,46.220000000000006,71.17142857142858,3.2
2025,8,Santa Fe,2025-02-17,82,3556522,109,3.0647919512377544,27.2,3.94,67.11428571428571,0.2
2025,9,Santa Fe,2025-02-24,82,3556522,114,3.2053787379917797,26.18,110.08,82.0,4.2
2025,10,Santa Fe,2025-03-03,82,3556522,188,5.286063181951356,26.997142857142855,32.64,71.11428571428571,1.8
2025,11,Santa Fe,2025-03-10,82,3556522,280,7.872860058225424,19.874285714285712,11.08,71.42857142857143,1.0
2025,12,Santa Fe,2025-03-17,82,3556522,785,22.07212552038199,24.091428571428573,11.34,70.2,1.0
2025,13,Santa Fe,2025-03-24,82,3556522,1080,30.366745938869492,22.78857142857143,45.96,83.14285714285714,3.0
2025,14,Santa Fe,2025-03-31,82,3556522,1712,48.136915784578306,15.902857142857144,27.5,72.22857142857143,1.4
2025,15,Santa Fe,2025-04-07,82,3556522,1111,31.238384016744448,18.665714285714287,10.96,83.57142857142858,1.0
2025,16,Santa Fe,2025-04-14,82,3556522,922,25.92420347744229,18.15142857142857,4.0200000000000005,71.68571428571428,0.8
2025,17,Santa Fe,2025-04-21,82,3556522,1260,35.42787026201441,18.89714285714286,7.18,72.97142857142858,1.0
2025,18,Santa Fe,2025-04-28,82,3556522,937,26.345963837704364,18.662857142857145,11.74,70.71428571428571,1.0
2025,19,Santa Fe,2025-05-05,82,3556522,755,21.22860479985784,19.72571428571429,15.94,84.74285714285715,1.2
2025,20,Santa Fe,2025-05-12,82,3556522,486,13.66503567249127,20.385714285714283,43.98,76.14285714285714,1.4
2025,21,Santa Fe,2025-05-19,82,3556522,74,2.0806844439595764,14.717142857142855,12.38,80.11428571428571,1.8
2025,22,Santa Fe,2025-05-26,82,3556522,31,0.8716380778749576,11.008571428571427,12.28,77.4857142857143,1.0
2025,23,Santa Fe,2025-06-02,82,3556522,6,0.1687041441048305,12.197142857142858,0.38,83.08571428571429,0.0
2025,24,Santa Fe,2025-06-09,82,3556522,1,0.028117357350805085,10.957142857142856,11.6,80.45714285714286,1.2
2025,25,Santa Fe,2025-06-16,82,3556522,1,0.028117357350805085,10.882857142857144,2.0,83.4,0.4
2025,26,Santa Fe,2025-06-23,82,3556522,0,0.0,7.434285714285714,0.0,62.94285714285714,0.0
2025,27,Santa Fe,2025-06-30,82,3556522,0,0.0,8.048571428571428,0.02,69.37142857142857,0.0
2025,28,Santa Fe,2025-07-07,82,3556522,0,0.0,14.571428571428571,6.98,80.05714285714285,1.2
2025,29,Santa Fe,2025-07-14,82,3556522,0,0.0,13.4,13.46,70.11428571428571,1.4
2025,30,Santa Fe,2025-07-21,82,3556522,0,0.0,12.268571428571429,28.78,85.2,3.4
2025,31,Santa Fe,2025-07-28,82,3556522,0,0.0,14.417142857142858,6.8,73.2,0.8
2025,32,Santa Fe,2025-08-04,82,3556522,0,0.0,11.137142857142855,0.0,65.37142857142858,0.0
2025,33,Santa Fe,2025-08-11,82,3556522,0,0.0,11.922857142857143,0.0,70.31428571428572,0.0
2025,34,Santa Fe,2025-08-18,82,3556522,0,0.0,13.854285714285714,66.24,71.37142857142857,2.2
2025,35,Santa Fe,2025-08-25,82,3556522,0,0.0,16.628571428571426,71.28,69.37142857142858,1.6
2025,36,Santa Fe,2025-09-01,82,3556522,0,0.0,11.557142857142855,2.0,70.71428571428571,0.4
2025,37,Santa Fe,2025-09-08,82,3556522,0,0.0,17.17142857142857,4.86,63.85714285714285,0.4
2025,38,Santa Fe,2025-09-15,82,3556522,0,0.0,20.517142857142854,46.78,77.91428571428571,1.8
2025,39,Santa Fe,2025-09-22,82,3556522,0,0.0,17.13142857142857,8.86,63.28571428571429,0.6
2025,40,Santa Fe,2025-09-29,82,3556522,0,0.0,21.142857142857142,12.88,68.74285714285715,0.4
2025,41,Santa Fe,2025-10-06,82,3556522,0,0.0,18.92,0.44,54.74285714285715,0.2
2025,42,Santa Fe,2025-10-13,82,3556522,1,0.028117357350805085,20.982857142857146,2.0200000000000005,57.74285714285715,0.4
2018,1,Santiago del Estero,2018-01-01,86,1054028,0,0.0,26.085714285714285,3.0,59.142857142857146,1.0
2018,2,Santiago del Estero,2018-01-08,86,1054028,0,0.0,27.985714285714288,37.6,59.42857142857143,3.0
2018,3,Santiago del Estero,2018-01-15,86,1054028,0,0.0,25.385714285714283,27.2,67.0,2.0
2018,4,Santiago del Estero,2018-01-22,86,1054028,0,0.0,26.428571428571427,29.3,73.71428571428571,3.0
2018,5,Santiago del Estero,2018-01-29,86,1054028,2,0.18974827993184243,27.814285714285717,0.0,64.42857142857143,0.0
2018,6,Santiago del Estero,2018-02-05,86,1054028,0,0.0,28.11428571428572,18.0,58.57142857142857,3.0
2018,7,Santiago del Estero,2018-02-12,86,1054028,0,0.0,24.61428571428572,11.0,65.14285714285714,1.0
2018,8,Santiago del Estero,2018-02-19,86,1054028,0,0.0,25.785714285714285,10.0,59.42857142857143,1.0
2018,9,Santiago del Estero,2018-02-26,86,1054028,0,0.0,27.17142857142857,12.0,59.42857142857143,2.0
2018,10,Santiago del Estero,2018-03-05,86,1054028,0,0.0,25.542857142857144,0.0,61.142857142857146,0.0
2018,11,Santiago del Estero,2018-03-12,86,1054028,0,0.0,24.014285714285712,0.0,58.42857142857143,0.0
2018,12,Santiago del Estero,2018-03-19,86,1054028,0,0.0,22.214285714285715,0.0,53.71428571428572,0.0
2018,13,Santiago del Estero,2018-03-26,86,1054028,0,0.0,22.557142857142857,2.0,56.142857142857146,1.0
2018,14,Santiago del Estero,2018-04-02,86,1054028,1,0.09487413996592121,22.4,31.200000000000003,74.71428571428571,1.0
2018,15,Santiago del Estero,2018-04-09,86,1054028,7,0.6641189797614484,21.414285714285715,5.2,70.14285714285714,1.0
2018,16,Santiago del Estero,2018-04-16,86,1054028,35,3.3205948988072422,25.642857142857142,0.0,63.85714285714285,0.0
2018,17,Santiago del Estero,2018-04-23,86,1054028,35,3.3205948988072422,24.24285714285714,23.1,79.0,1.0
2018,18,Santiago del Estero,2018-04-30,86,1054028,20,1.897482799318424,21.17142857142857,6.2,88.28571428571429,1.0
2018,19,Santiago del Estero,2018-05-07,86,1054028,0,0.0,19.385714285714283,3.0,76.57142857142857,1.0
2018,20,Santiago del Estero,2018-05-14,86,1054028,0,0.0,15.342857142857143,4.3,78.71428571428571,1.0
2018,21,Santiago del Estero,2018-05-21,86,1054028,0,0.0,14.142857142857142,0.0,71.14285714285714,0.0
2018,22,Santiago del Estero,2018-05-28,86,1054028,0,0.0,14.857142857142858,0.0,68.42857142857143,0.0
2018,23,Santiago del Estero,2018-06-04,86,1054028,0,0.0,11.042857142857144,0.0,67.28571428571429,0.0
2018,24,Santiago del Estero,2018-06-11,86,1054028,0,0.0,7.8428571428571425,0.0,64.28571428571429,0.0
2018,25,Santiago del Estero,2018-06-18,86,1054028,0,0.0,13.87142857142857,0.0,53.85714285714285,0.0
2018,26,Santiago del Estero,2018-06-25,86,1054028,0,0.0,12.94285714285714,0.0,73.0,0.0
2018,27,Santiago del Estero,2018-07-02,86,1054028,0,0.0,10.485714285714286,4.4,82.42857142857143,2.0
2019,1,Santiago del Estero,2018-12-31,86,1054028,0,0.0,26.557142857142857,96.0,72.28571428571429,3.0
2019,2,Santiago del Estero,2019-01-07,86,1054028,0,0.0,23.514285714285712,156.0,79.71428571428571,3.0
2019,3,Santiago del Estero,2019-01-14,86,1054028,0,0.0,22.585714285714285,34.2,80.28571428571429,3.0
2019,4,Santiago del Estero,2019-01-21,86,1054028,0,0.0,29.88571428571429,0.0,65.0,0.0
2019,5,Santiago del Estero,2019-01-28,86,1054028,1,0.09487413996592121,27.7,110.0,72.14285714285714,3.0
2019,6,Santiago del Estero,2019-02-04,86,1054028,0,0.0,26.357142857142858,0.0,68.85714285714286,0.0
2019,7,Santiago del Estero,2019-02-11,86,1054028,0,0.0,23.071428571428573,6.0,74.71428571428571,1.0
2019,8,Santiago del Estero,2019-02-18,86,1054028,0,0.0,29.757142857142856,0.0,58.0,0.0
2019,9,Santiago del Estero,2019-02-25,86,1054028,0,0.0,24.52857142857143,2.2,69.14285714285714,1.0
2019,10,Santiago del Estero,2019-03-04,86,1054028,0,0.0,22.857142857142858,51.0,80.14285714285714,4.0
2019,11,Santiago del Estero,2019-03-11,86,1054028,0,0.0,22.457142857142856,2.8,78.85714285714286,0.0
2019,12,Santiago del Estero,2019-03-18,86,1054028,0,0.0,21.085714285714285,1.0,75.28571428571429,0.0
2019,13,Santiago del Estero,2019-03-25,86,1054028,0,0.0,20.214285714285715,23.0,85.57142857142857,3.0
2019,14,Santiago del Estero,2019-04-01,86,1054028,1,0.09487413996592121,21.071428571428573,29.5,80.28571428571429,1.0
2019,15,Santiago del Estero,2019-04-08,86,1054028,0,0.0,21.2,0.0,71.42857142857143,0.0
2019,16,Santiago del Estero,2019-04-15,86,1054028,0,0.0,20.957142857142856,11.9,90.14285714285714,3.0
2019,17,Santiago del Estero,2019-04-22,86,1054028,1,0.09487413996592121,16.742857142857144,33.0,88.14285714285714,3.0
2019,18,Santiago del Estero,2019-04-29,86,1054028,1,0.09487413996592121,19.385714285714283,9.7,85.28571428571429,1.0
2019,19,Santiago del Estero,2019-05-06,86,1054028,0,0.0,18.085714285714285,2.3,83.71428571428571,1.0
2019,20,Santiago del Estero,2019-05-13,86,1054028,0,0.0,16.1,0.0,73.42857142857143,0.0
2019,21,Santiago del Estero,2019-05-20,86,1054028,0,0.0,12.1,6.0,79.85714285714286,1.0
2019,22,Santiago del Estero,2019-05-27,86,1054028,0,0.0,14.328571428571427,0.0,82.85714285714286,0.0
2019,23,Santiago del Estero,2019-06-03,86,1054028,0,0.0,14.742857142857144,0.0,73.85714285714286,0.0
2019,24,Santiago del Estero,2019-06-10,86,1054028,0,0.0,15.928571428571429,3.1,83.57142857142857,1.0
2019,25,Santiago del Estero,2019-06-17,86,1054028,0,0.0,12.87142857142857,0.0,74.57142857142857,0.0
2019,26,Santiago del Estero,2019-06-24,86,1054028,0,0.0,11.157142857142857,0.0,75.57142857142857,0.0
2019,27,Santiago del Estero,2019-07-01,86,1054028,0,0.0,8.371428571428572,0.0,69.14285714285714,0.0
2019,28,Santiago del Estero,2019-07-08,86,1054028,0,0.0,14.771428571428572,0.0,69.28571428571429,0.0
2019,29,Santiago del Estero,2019-07-15,86,1054028,0,0.0,15.485714285714286,0.0,72.71428571428571,0.0
2019,30,Santiago del Estero,2019-07-22,86,1054028,0,0.0,10.4,1.1,58.71428571428572,0.0
2019,31,Santiago del Estero,2019-07-29,86,1054028,0,0.0,13.0,0.0,57.42857142857143,0.0
2019,32,Santiago del Estero,2019-08-05,86,1054028,0,0.0,13.357142857142858,0.0,43.285714285714285,0.0
2019,33,Santiago del Estero,2019-08-12,86,1054028,0,0.0,13.185714285714283,0.0,52.42857142857143,0.0
2019,34,Santiago del Estero,2019-08-19,86,1054028,0,0.0,14.957142857142856,0.0,53.57142857142857,0.0
2019,35,Santiago del Estero,2019-08-26,86,1054028,0,0.0,19.685714285714287,0.0,51.57142857142857,0.0
2019,36,Santiago del Estero,2019-09-02,86,1054028,0,0.0,14.042857142857144,0.0,50.85714285714285,0.0
2019,37,Santiago del Estero,2019-09-09,86,1054028,0,0.0,17.62857142857143,0.0,58.85714285714285,0.0
2019,38,Santiago del Estero,2019-09-16,86,1054028,0,0.0,17.17142857142857,0.0,39.57142857142857,0.0
2019,39,Santiago del Estero,2019-09-23,86,1054028,0,0.0,23.8,0.0,37.42857142857143,0.0
2019,40,Santiago del Estero,2019-09-30,86,1054028,0,0.0,19.957142857142856,2.0,51.142857142857146,1.0
2019,41,Santiago del Estero,2019-10-07,86,1054028,0,0.0,27.428571428571427,12.0,44.142857142857146,1.0
2019,42,Santiago del Estero,2019-10-14,86,1054028,0,0.0,16.8,3.0,70.57142857142857,1.0
2019,43,Santiago del Estero,2019-10-21,86,1054028,0,0.0,25.314285714285717,0.0,48.57142857142857,0.0
2019,44,Santiago del Estero,2019-10-28,86,1054028,0,0.0,24.814285714285717,11.7,64.0,1.0
2019,45,Santiago del Estero,2019-11-04,86,1054028,0,0.0,25.428571428571427,3.0,64.71428571428571,1.0
2019,46,Santiago del Estero,2019-11-11,86,1054028,0,0.0,28.071428571428573,3.0,53.85714285714285,1.0
2019,47,Santiago del Estero,2019-11-18,86,1054028,0,0.0,29.12857142857143,8.0,54.42857142857143,1.0
2019,48,Santiago del Estero,2019-11-25,86,1054028,0,0.0,26.96666666666667,65.0,57.333333333333336,1.0
2019,49,Santiago del Estero,2019-12-02,86,1054028,0,0.0,23.385714285714283,19.3,66.0,2.0
2019,50,Santiago del Estero,2019-12-09,86,1054028,0,0.0,27.457142857142856,18.0,65.85714285714286,2.0
2019,51,Santiago del Estero,2019-12-16,86,1054028,0,0.0,26.642857142857142,0.0,62.71428571428572,0.0
2019,52,Santiago del Estero,2019-12-23,86,1054028,0,0.0,29.15714285714285,16.3,62.71428571428572,1.0
2020,1,Santiago del Estero,2019-12-30,86,1054028,0,0.0,28.685714285714287,4.0,64.85714285714286,1.0
2020,2,Santiago del Estero,2020-01-06,86,1054028,0,0.0,28.5,31.5,70.42857142857143,2.0
2020,3,Santiago del Estero,2020-01-13,86,1054028,0,0.0,27.814285714285717,10.0,70.57142857142857,1.0
2020,4,Santiago del Estero,2020-01-20,86,1054028,0,0.0,28.8,34.0,64.14285714285714,1.0
2020,5,Santiago del Estero,2020-01-27,86,1054028,1,0.09487413996592121,27.585714285714285,0.0,58.85714285714285,0.0
2020,6,Santiago del Estero,2020-02-03,86,1054028,0,0.0,27.61428571428572,116.0,74.42857142857143,5.0
2020,7,Santiago del Estero,2020-02-10,86,1054028,0,0.0,25.67142857142857,8.2,78.57142857142857,1.0
2020,8,Santiago del Estero,2020-02-17,86,1054028,8,0.7589931197273697,23.9,27.0,63.57142857142857,1.0
2020,9,Santiago del Estero,2020-02-24,86,1054028,22,2.0872310792502664,25.057142857142857,0.0,60.0,0.0
2020,10,Santiago del Estero,2020-03-02,86,1054028,8,0.7589931197273697,27.928571428571427,0.0,55.85714285714285,0.0
2020,11,Santiago del Estero,2020-03-09,86,1054028,2,0.18974827993184243,27.74285714285714,40.0,70.71428571428571,5.0
2020,12,Santiago del Estero,2020-03-16,86,1054028,4,0.37949655986368486,23.057142857142857,12.0,76.71428571428571,2.0
2020,13,Santiago del Estero,2020-03-23,86,1054028,3,0.28462241989776366,24.32857142857143,26.7,76.28571428571429,1.0
2020,14,Santiago del Estero,2020-03-30,86,1054028,6,0.5692448397955273,22.342857142857145,19.0,80.14285714285714,3.0
2020,15,Santiago del Estero,2020-04-06,86,1054028,6,0.5692448397955273,19.485714285714288,0.0,63.142857142857146,0.0
2020,16,Santiago del Estero,2020-04-13,86,1054028,17,1.6128603794206604,18.914285714285715,0.5,66.42857142857143,0.0
2020,17,Santiago del Estero,2020-04-20,86,1054028,17,1.6128603794206604,23.74285714285714,9.9,64.85714285714286,1.0
2020,18,Santiago del Estero,2020-04-27,86,1054028,4,0.37949655986368486,19.942857142857143,8.0,82.71428571428571,2.0
2020,19,Santiago del Estero,2020-05-04,86,1054028,2,0.18974827993184243,15.7,0.0,70.0,0.0
2020,20,Santiago del Estero,2020-05-11,86,1054028,1,0.09487413996592121,16.47142857142857,0.0,60.85714285714285,0.0
2020,21,Santiago del Estero,2020-05-18,86,1054028,28,2.6564759190457936,15.185714285714283,0.0,60.285714285714285,0.0
2020,22,Santiago del Estero,2020-05-25,86,1054028,21,1.9923569392843454,13.928571428571429,0.0,60.42857142857143,0.0
2020,23,Santiago del Estero,2020-06-01,86,1054028,14,1.3282379595228968,11.314285714285717,1.2,67.14285714285714,0.0
2020,24,Santiago del Estero,2020-06-08,86,1054028,4,0.37949655986368486,16.057142857142857,0.0,66.57142857142857,0.0
2020,25,Santiago del Estero,2020-06-15,86,1054028,0,0.0,15.357142857142858,0.0,63.85714285714285,0.0
2020,26,Santiago del Estero,2020-06-22,86,1054028,0,0.0,11.614285714285714,0.4,72.0,0.0
2020,27,Santiago del Estero,2020-06-29,86,1054028,0,0.0,9.728571428571428,0.0,64.14285714285714,0.0
2020,28,Santiago del Estero,2020-07-06,86,1054028,0,0.0,9.657142857142857,0.0,64.85714285714286,0.0
2020,29,Santiago del Estero,2020-07-13,86,1054028,0,0.0,13.6,0.0,61.142857142857146,0.0
2020,30,Santiago del Estero,2020-07-20,86,1054028,0,0.0,12.342857142857142,0.0,57.57142857142857,0.0
2020,31,Santiago del Estero,2020-07-27,86,1054028,0,0.0,11.242857142857144,0.0,49.71428571428572,0.0
2020,32,Santiago del Estero,2020-08-03,86,1054028,0,0.0,19.885714285714283,0.0,50.71428571428572,0.0
2020,33,Santiago del Estero,2020-08-10,86,1054028,0,0.0,12.94285714285714,0.0,40.42857142857143,0.0
2020,34,Santiago del Estero,2020-08-17,86,1054028,0,0.0,12.12857142857143,0.0,38.0,0.0
2020,35,Santiago del Estero,2020-08-24,86,1054028,0,0.0,18.97142857142857,0.0,47.57142857142857,0.0
2020,36,Santiago del Estero,2020-08-31,86,1054028,0,0.0,14.8,0.0,57.71428571428572,0.0
2020,37,Santiago del Estero,2020-09-07,86,1054028,0,0.0,20.24285714285714,0.0,50.71428571428572,0.0
2020,38,Santiago del Estero,2020-09-14,86,1054028,0,0.0,20.557142857142857,0.0,30.571428571428573,0.0
2020,39,Santiago del Estero,2020-09-21,86,1054028,0,0.0,23.585714285714285,0.0,37.85714285714285,0.0
2020,40,Santiago del Estero,2020-09-28,86,1054028,0,0.0,21.014285714285712,0.0,40.85714285714285,0.0
2020,41,Santiago del Estero,2020-10-05,86,1054028,0,0.0,22.457142857142856,0.0,42.285714285714285,0.0
2020,42,Santiago del Estero,2020-10-12,86,1054028,0,0.0,25.8,2.0,44.142857142857146,1.0
2020,43,Santiago del Estero,2020-10-19,86,1054028,0,0.0,25.37142857142857,7.0,64.85714285714286,1.0
2020,44,Santiago del Estero,2020-10-26,86,1054028,0,0.0,22.6,0.0,37.71428571428572,0.0
2020,45,Santiago del Estero,2020-11-02,86,1054028,0,0.0,25.842857142857145,2.0,38.42857142857143,1.0
2020,46,Santiago del Estero,2020-11-09,86,1054028,0,0.0,25.3,65.0,65.71428571428571,1.0
2020,47,Santiago del Estero,2020-11-16,86,1054028,0,0.0,25.485714285714288,3.0,53.285714285714285,1.0
2020,48,Santiago del Estero,2020-11-23,86,1054028,0,0.0,29.357142857142858,21.0,55.57142857142857,1.0
2020,49,Santiago del Estero,2020-11-30,86,1054028,0,0.0,23.514285714285712,18.0,64.57142857142857,2.0
2020,50,Santiago del Estero,2020-12-07,86,1054028,0,0.0,29.62857142857143,0.0,42.0,0.0
2020,51,Santiago del Estero,2020-12-14,86,1054028,0,0.0,28.557142857142857,0.0,47.42857142857143,0.0
2020,52,Santiago del Estero,2020-12-21,86,1054028,0,0.0,28.7,35.0,52.57142857142857,2.0
2020,53,Santiago del Estero,2020-12-28,86,1054028,0,0.0,27.1,32.0,60.0,3.0
2021,1,Santiago del Estero,2021-01-04,86,1054028,0,0.0,25.542857142857144,39.0,75.71428571428571,3.0
2021,2,Santiago del Estero,2021-01-11,86,1054028,0,0.0,25.4,25.0,77.42857142857143,2.0
2021,3,Santiago del Estero,2021-01-18,86,1054028,0,0.0,27.65714285714285,2.0,56.57142857142857,1.0
2021,4,Santiago del Estero,2021-01-25,86,1054028,0,0.0,28.17142857142857,4.3,64.28571428571429,2.0
2021,5,Santiago del Estero,2021-02-01,86,1054028,0,0.0,24.24285714285714,13.0,68.42857142857143,2.0
2021,6,Santiago del Estero,2021-02-08,86,1054028,0,0.0,24.61428571428571,115.6,76.71428571428571,4.0
2021,7,Santiago del Estero,2021-02-15,86,1054028,0,0.0,24.885714285714283,25.0,73.57142857142857,2.0
2021,8,Santiago del Estero,2021-02-22,86,1054028,0,0.0,27.957142857142856,2.0,67.14285714285714,1.0
2021,9,Santiago del Estero,2021-03-01,86,1054028,0,0.0,26.142857142857142,142.6,74.28571428571429,2.0
2021,10,Santiago del Estero,2021-03-08,86,1054028,0,0.0,25.9,11.0,68.85714285714286,2.0
2021,11,Santiago del Estero,2021-03-15,86,1054028,0,0.0,21.785714285714285,12.0,82.14285714285714,1.0
2021,12,Santiago del Estero,2021-03-22,86,1054028,0,0.0,22.457142857142856,31.0,77.28571428571429,2.0
2021,13,Santiago del Estero,2021-03-29,86,1054028,0,0.0,22.357142857142858,0.0,68.71428571428571,0.0
2021,14,Santiago del Estero,2021-04-05,86,1054028,0,0.0,23.52857142857143,0.4,77.57142857142857,0.0
2021,15,Santiago del Estero,2021-04-12,86,1054028,0,0.0,22.62857142857143,0.0,73.14285714285714,0.0
2021,16,Santiago del Estero,2021-04-19,86,1054028,0,0.0,22.685714285714287,36.0,74.57142857142857,2.0
2021,17,Santiago del Estero,2021-04-26,86,1054028,0,0.0,17.97142857142857,0.0,71.71428571428571,0.0
2021,18,Santiago del Estero,2021-05-03,86,1054028,0,0.0,14.757142857142856,5.0,77.0,1.0
2021,19,Santiago del Estero,2021-05-10,86,1054028,0,0.0,15.05714285714286,0.0,72.57142857142857,0.0
2021,20,Santiago del Estero,2021-05-17,86,1054028,0,0.0,17.571428571428573,0.0,70.42857142857143,0.0
2021,21,Santiago del Estero,2021-05-24,86,1054028,0,0.0,13.014285714285714,0.0,67.28571428571429,0.0
2021,22,Santiago del Estero,2021-05-31,86,1054028,0,0.0,15.742857142857144,0.0,71.85714285714286,0.0
2021,23,Santiago del Estero,2021-06-07,86,1054028,0,0.0,15.142857142857142,0.0,78.85714285714286,0.0
2021,24,Santiago del Estero,2021-06-14,86,1054028,0,0.0,9.128571428571428,1.5,77.0,0.0
2021,25,Santiago del Estero,2021-06-21,86,1054028,0,0.0,9.028571428571428,0.0,77.28571428571429,0.0
2021,26,Santiago del Estero,2021-06-28,86,1054028,0,0.0,7.928571428571429,0.0,55.0,0.0
2021,27,Santiago del Estero,2021-07-05,86,1054028,0,0.0,16.485714285714288,0.0,61.0,0.0
2021,28,Santiago del Estero,2021-07-12,86,1054028,0,0.0,12.714285714285714,0.0,61.285714285714285,0.0
2021,29,Santiago del Estero,2021-07-19,86,1054028,0,0.0,12.342857142857143,0.0,53.71428571428572,0.0
2021,30,Santiago del Estero,2021-07-26,86,1054028,0,0.0,9.7,0.0,51.0,0.0
2022,1,Santiago del Estero,2022-01-03,86,1054028,0,0.0,29.81428571428572,4.0,45.57142857142857,2.0
2022,2,Santiago del Estero,2022-01-10,86,1054028,0,0.0,33.92857142857143,0.0,34.57142857142857,0.0
2022,3,Santiago del Estero,2022-01-17,86,1054028,0,0.0,27.485714285714288,39.8,71.14285714285714,3.0
2022,4,Santiago del Estero,2022-01-24,86,1054028,0,0.0,25.8,23.7,72.0,2.0
2022,5,Santiago del Estero,2022-01-31,86,1054028,0,0.0,27.042857142857144,6.1,59.0,2.0
2022,6,Santiago del Estero,2022-02-07,86,1054028,1,0.09487413996592121,25.314285714285717,5.0,53.85714285714285,1.0
2022,7,Santiago del Estero,2022-02-14,86,1054028,0,0.0,27.52857142857143,16.4,61.57142857142857,2.0
2022,8,Santiago del Estero,2022-02-21,86,1054028,0,0.0,27.042857142857144,27.4,67.85714285714286,2.0
2022,9,Santiago del Estero,2022-02-28,86,1054028,0,0.0,26.214285714285715,59.0,78.14285714285714,2.0
2022,10,Santiago del Estero,2022-03-07,86,1054028,0,0.0,21.428571428571427,121.0,85.0,4.0
2022,11,Santiago del Estero,2022-03-14,86,1054028,0,0.0,22.642857142857142,0.0,67.85714285714286,0.0
2022,12,Santiago del Estero,2022-03-21,86,1054028,0,0.0,21.514285714285712,0.0,65.14285714285714,0.0
2022,13,Santiago del Estero,2022-03-28,86,1054028,0,0.0,19.428571428571427,1.0,60.285714285714285,0.0
2022,14,Santiago del Estero,2022-04-04,86,1054028,2,0.18974827993184243,22.61428571428572,0.1,77.0,0.0
2022,15,Santiago del Estero,2022-04-11,86,1054028,0,0.0,18.557142857142857,14.8,77.71428571428571,2.0
2022,16,Santiago del Estero,2022-04-18,86,1054028,1,0.09487413996592121,19.928571428571427,0.0,72.28571428571429,0.0
2022,17,Santiago del Estero,2022-04-25,86,1054028,0,0.0,19.585714285714285,0.0,62.71428571428572,0.0
2022,18,Santiago del Estero,2022-05-02,86,1054028,0,0.0,16.142857142857142,0.5,64.42857142857143,0.0
2022,19,Santiago del Estero,2022-05-09,86,1054028,0,0.0,18.67142857142857,0.0,71.0,0.0
2022,20,Santiago del Estero,2022-05-16,86,1054028,0,0.0,11.014285714285714,0.0,67.85714285714286,0.0
2022,21,Santiago del Estero,2022-05-23,86,1054028,0,0.0,15.271428571428572,0.0,74.28571428571429,0.0
2022,22,Santiago del Estero,2022-05-30,86,1054028,0,0.0,10.885714285714286,0.0,63.57142857142857,0.0
2022,23,Santiago del Estero,2022-06-06,86,1054028,0,0.0,12.585714285714284,0.0,71.71428571428571,0.0
2022,24,Santiago del Estero,2022-06-13,86,1054028,0,0.0,12.7,0.0,47.142857142857146,0.0
2022,25,Santiago del Estero,2022-06-20,86,1054028,0,0.0,10.342857142857143,8.7,72.28571428571429,1.0
2022,26,Santiago del Estero,2022-06-27,86,1054028,0,0.0,11.528571428571428,0.0,77.14285714285714,0.0
2022,27,Santiago del Estero,2022-07-04,86,1054028,0,0.0,14.742857142857144,0.0,65.42857142857143,0.0
2022,28,Santiago del Estero,2022-07-11,86,1054028,0,0.0,11.257142857142856,0.5,57.285714285714285,0.0
2022,29,Santiago del Estero,2022-07-18,86,1054028,0,0.0,14.814285714285717,0.0,71.14285714285714,0.0
2022,30,Santiago del Estero,2022-07-25,86,1054028,0,0.0,16.74285714285714,0.0,65.0,0.0
2022,31,Santiago del Estero,2022-08-01,86,1054028,0,0.0,14.8,2.7,59.57142857142857,1.0
2022,32,Santiago del Estero,2022-08-08,86,1054028,0,0.0,13.814285714285717,0.0,59.42857142857143,0.0
2022,33,Santiago del Estero,2022-08-15,86,1054028,0,0.0,13.0,0.0,41.57142857142857,0.0
2022,34,Santiago del Estero,2022-08-22,86,1054028,0,0.0,19.014285714285712,0.0,48.0,0.0
2022,35,Santiago del Estero,2022-08-29,86,1054028,0,0.0,15.985714285714286,0.0,40.142857142857146,0.0
2022,36,Santiago del Estero,2022-09-05,86,1054028,0,0.0,16.9,0.0,33.857142857142854,0.0
2022,37,Santiago del Estero,2022-09-12,86,1054028,0,0.0,20.32857142857143,0.0,34.285714285714285,0.0
2022,38,Santiago del Estero,2022-09-19,86,1054028,0,0.0,16.785714285714285,0.3,51.42857142857143,0.0
2022,39,Santiago del Estero,2022-09-26,86,1054028,0,0.0,19.442857142857143,8.0,58.142857142857146,1.0
2022,40,Santiago del Estero,2022-10-03,86,1054028,0,0.0,22.17142857142857,0.1,38.0,0.0
2022,41,Santiago del Estero,2022-10-10,86,1054028,0,0.0,19.142857142857142,2.0,42.285714285714285,1.0
2022,42,Santiago del Estero,2022-10-17,86,1054028,0,0.0,20.985714285714288,3.0,63.57142857142857,1.0
2022,43,Santiago del Estero,2022-10-24,86,1054028,0,0.0,28.071428571428573,0.0,41.285714285714285,0.0
2022,44,Santiago del Estero,2022-10-31,86,1054028,0,0.0,21.2,0.0,31.714285714285715,0.0
2022,45,Santiago del Estero,2022-11-07,86,1054028,0,0.0,25.957142857142856,47.0,52.142857142857146,3.0
2022,46,Santiago del Estero,2022-11-14,86,1054028,0,0.0,28.571428571428573,55.0,45.142857142857146,2.0
2022,47,Santiago del Estero,2022-11-21,86,1054028,0,0.0,25.74285714285714,0.7,54.42857142857143,0.0
2022,48,Santiago del Estero,2022-11-28,86,1054028,0,0.0,26.885714285714283,4.0,54.42857142857143,1.0
2022,49,Santiago del Estero,2022-12-05,86,1054028,0,0.0,32.128571428571426,4.0,48.57142857142857,1.0
2022,50,Santiago del Estero,2022-12-12,86,1054028,0,0.0,28.0,16.0,50.42857142857143,1.0
2023,1,Santiago del Estero,2023-01-02,86,1054028,1,0.09487413996592121,30.37142857142857,0.0,38.85714285714285,0.0
2023,2,Santiago del Estero,2023-01-09,86,1054028,0,0.0,28.557142857142857,24.0,51.42857142857143,1.0
2023,3,Santiago del Estero,2023-01-16,86,1054028,2,0.18974827993184243,31.714285714285715,0.1,49.0,0.0
2023,4,Santiago del Estero,2023-01-23,86,1054028,0,0.0,29.3,63.0,65.0,3.0
2023,5,Santiago del Estero,2023-01-30,86,1054028,1,0.09487413996592121,26.75714285714286,34.5,73.0,2.0
2023,6,Santiago del Estero,2023-02-06,86,1054028,1,0.09487413996592121,30.4,0.0,55.57142857142857,0.0
2023,7,Santiago del Estero,2023-02-13,86,1054028,8,0.7589931197273697,23.514285714285712,54.0,70.0,4.0
2023,8,Santiago del Estero,2023-02-20,86,1054028,23,2.182105219216188,26.214285714285715,0.0,65.42857142857143,0.0
2023,9,Santiago del Estero,2023-02-27,86,1054028,144,13.661876155092655,27.27142857142857,37.0,69.57142857142857,1.0
2023,10,Santiago del Estero,2023-03-06,86,1054028,445,42.21899228483494,28.985714285714288,12.0,65.42857142857143,1.0
2023,11,Santiago del Estero,2023-03-13,86,1054028,449,42.59848884469862,29.4,0.0,63.71428571428572,0.0
2023,12,Santiago del Estero,2023-03-20,86,1054028,1026,97.34086760503516,28.071428571428573,98.0,70.42857142857143,2.0
2023,13,Santiago del Estero,2023-03-27,86,1054028,2263,214.7001787428797,23.02857142857143,10.0,78.42857142857143,1.0
2023,14,Santiago del Estero,2023-04-03,86,1054028,1692,160.52704482233867,22.342857142857145,38.0,85.71428571428571,2.0
2023,15,Santiago del Estero,2023-04-10,86,1054028,1866,177.03514517640897,19.885714285714283,16.7,81.14285714285714,3.0
2023,16,Santiago del Estero,2023-04-17,86,1054028,1942,184.24557981381898,18.542857142857144,60.0,78.85714285714286,1.0
2023,17,Santiago del Estero,2023-04-24,86,1054028,971,92.12278990690949,19.885714285714283,0.0,83.28571428571429,0.0
2023,18,Santiago del Estero,2023-05-01,86,1054028,965,91.55354506711397,16.071428571428573,3.2,74.28571428571429,1.0
2023,19,Santiago del Estero,2023-05-08,86,1054028,765,72.57871707392972,17.785714285714285,0.0,76.42857142857143,0.0
2023,20,Santiago del Estero,2023-05-15,86,1054028,921,87.37908290861343,19.74285714285714,0.0,77.28571428571429,0.0
2023,21,Santiago del Estero,2023-05-22,86,1054028,515,48.86018208244943,19.4,13.0,86.85714285714286,2.0
2023,22,Santiago del Estero,2023-05-29,86,1054028,614,58.25272193907562,18.228571428571428,0.0,85.42857142857143,0.0
2023,23,Santiago del Estero,2023-06-05,86,1054028,432,40.98562846527796,17.928571428571427,0.0,71.57142857142857,0.0
2023,24,Santiago del Estero,2023-06-12,86,1054028,320,30.359724789094784,8.17142857142857,0.0,71.28571428571429,0.0
2023,25,Santiago del Estero,2023-06-19,86,1054028,297,28.177619569878598,14.928571428571429,0.0,78.0,0.0
2023,26,Santiago del Estero,2023-06-26,86,1054028,58,5.50270011802343,16.857142857142858,2.0,77.42857142857143,1.0
2023,27,Santiago del Estero,2023-07-03,86,1054028,48,4.5539587183642185,18.74285714285714,0.2,79.0,0.0
2023,28,Santiago del Estero,2023-07-10,86,1054028,7,0.6641189797614484,12.357142857142858,0.2,77.14285714285714,0.0
2023,29,Santiago del Estero,2023-07-17,86,1054028,3,0.28462241989776366,13.771428571428572,0.0,63.42857142857143,0.0
2023,30,Santiago del Estero,2023-07-24,86,1054028,2,0.18974827993184243,13.014285714285714,0.0,65.71428571428571,0.0
2023,31,Santiago del Estero,2023-07-31,86,1054028,0,0.0,19.485714285714288,0.0,60.71428571428572,0.0
2023,32,Santiago del Estero,2023-08-07,86,1054028,2,0.18974827993184243,14.928571428571429,0.0,53.42857142857143,0.0
2023,33,Santiago del Estero,2023-08-14,86,1054028,1,0.09487413996592121,18.385714285714283,0.0,57.0,0.0
2023,34,Santiago del Estero,2023-08-21,86,1054028,0,0.0,16.95714285714286,0.0,51.0,0.0
2023,35,Santiago del Estero,2023-08-28,86,1054028,0,0.0,17.442857142857143,3.5,54.142857142857146,1.0
2023,36,Santiago del Estero,2023-09-04,86,1054028,0,0.0,16.8,0.0,69.14285714285714,0.0
2023,37,Santiago del Estero,2023-09-11,86,1054028,0,0.0,21.32857142857143,0.0,37.71428571428572,0.0
2023,38,Santiago del Estero,2023-09-18,86,1054028,0,0.0,22.342857142857145,0.0,55.142857142857146,0.0
2023,39,Santiago del Estero,2023-09-25,86,1054028,0,0.0,21.428571428571427,0.0,48.85714285714285,0.0
2023,40,Santiago del Estero,2023-10-02,86,1054028,0,0.0,23.12857142857143,0.0,40.57142857142857,0.0
2023,41,Santiago del Estero,2023-10-09,86,1054028,1,0.09487413996592121,23.37142857142857,0.0,37.42857142857143,0.0
2023,42,Santiago del Estero,2023-10-16,86,1054028,0,0.0,24.885714285714283,14.0,61.0,3.0
2023,43,Santiago del Estero,2023-10-23,86,1054028,0,0.0,23.314285714285717,13.9,79.14285714285714,2.0
2023,44,Santiago del Estero,2023-10-30,86,1054028,0,0.0,19.65714285714285,4.0,62.142857142857146,2.0
2023,45,Santiago del Estero,2023-11-06,86,1054028,0,0.0,27.957142857142856,37.7,57.285714285714285,1.0
2023,46,Santiago del Estero,2023-11-13,86,1054028,1,0.09487413996592121,26.87142857142857,1.1,57.142857142857146,0.0
2023,47,Santiago del Estero,2023-11-20,86,1054028,0,0.0,26.61428571428572,31.0,63.0,4.0
2023,48,Santiago del Estero,2023-11-27,86,1054028,2,0.18974827993184243,26.685714285714287,42.0,75.14285714285714,3.0
2023,49,Santiago del Estero,2023-12-04,86,1054028,4,0.37949655986368486,23.5,13.0,73.0,3.0
2023,50,Santiago del Estero,2023-12-11,86,1054028,5,0.474370699829606,31.142857142857142,35.0,60.142857142857146,2.0
2023,51,Santiago del Estero,2023-12-18,86,1054028,19,1.802608659352503,24.542857142857144,23.1,80.14285714285714,1.0
2023,52,Santiago del Estero,2023-12-25,86,1054028,27,2.5616017790798726,27.785714285714285,22.0,68.28571428571429,2.0
2024,1,Santiago del Estero,2024-01-01,86,1054028,28,2.6564759190457936,29.685714285714287,6.0,60.142857142857146,1.0
2024,2,Santiago del Estero,2024-01-08,86,1054028,77,7.3053087773759335,27.8,35.0,73.14285714285714,1.0
2024,3,Santiago del Estero,2024-01-15,86,1054028,78,7.400182917341854,28.1,17.3,64.85714285714286,1.0
2024,4,Santiago del Estero,2024-01-22,86,1054028,129,12.238764055603836,28.014285714285712,0.0,55.142857142857146,0.0
2024,5,Santiago del Estero,2024-01-29,86,1054028,152,14.420869274820024,32.47142857142857,0.0,47.0,0.0
2024,6,Santiago del Estero,2024-02-05,86,1054028,231,21.9159263321278,30.385714285714283,20.0,67.14285714285714,3.0
2024,7,Santiago del Estero,2024-02-12,86,1054028,392,37.19066286664112,26.685714285714287,38.2,66.0,1.0
2024,8,Santiago del Estero,2024-02-19,86,1054028,545,51.706406281427064,26.542857142857144,19.0,70.85714285714286,3.0
2024,9,Santiago del Estero,2024-02-26,86,1054028,656,62.23743581764431,27.214285714285715,78.5,81.85714285714286,3.0
2024,10,Santiago del Estero,2024-03-04,86,1054028,1100,104.36155396251333,26.071428571428573,8.0,83.14285714285714,1.0
2024,11,Santiago del Estero,2024-03-11,86,1054028,1761,167.07336047998726,29.814285714285717,10.8,74.0,1.0
2024,12,Santiago del Estero,2024-03-18,86,1054028,2400,227.6979359182109,24.914285714285715,0.0,74.0,0.0
2024,13,Santiago del Estero,2024-03-25,86,1054028,2482,235.47761539541642,27.8,0.0,64.0,0.0
2024,14,Santiago del Estero,2024-04-01,86,1054028,2649,251.32159676972526,21.357142857142858,6.5,84.42857142857143,1.0
2024,15,Santiago del Estero,2024-04-08,86,1054028,2022,191.8355110110927,18.185714285714287,32.9,91.42857142857144,4.0
2024,16,Santiago del Estero,2024-04-15,86,1054028,1679,159.2936810027817,21.3,0.0,67.42857142857143,0.0
2024,17,Santiago del Estero,2024-04-22,86,1054028,989,93.83052442629607,17.95714285714286,27.7,91.42857142857144,3.0
2024,18,Santiago del Estero,2024-04-29,86,1054028,713,67.64526179570183,17.757142857142856,0.0,84.0,0.0
2024,19,Santiago del Estero,2024-05-06,86,1054028,388,36.81116630677743,15.742857142857144,2.0,78.57142857142857,1.0
2024,20,Santiago del Estero,2024-05-13,86,1054028,232,22.01080047209372,10.357142857142858,0.0,72.42857142857143,0.0
2024,21,Santiago del Estero,2024-05-20,86,1054028,95,9.013043296762515,12.542857142857144,0.0,72.14285714285714,0.0
2024,22,Santiago del Estero,2024-05-27,86,1054028,2,0.18974827993184243,11.028571428571428,0.0,71.28571428571429,0.0
2024,23,Santiago del Estero,2024-06-03,86,1054028,4,0.37949655986368486,17.12857142857143,0.0,67.85714285714286,0.0
2024,24,Santiago del Estero,2024-06-10,86,1054028,3,0.28462241989776366,19.085714285714285,0.0,69.14285714285714,0.0
2024,25,Santiago del Estero,2024-06-17,86,1054028,3,0.28462241989776366,17.2,0.0,85.14285714285714,0.0
2024,26,Santiago del Estero,2024-06-24,86,1054028,2,0.18974827993184243,9.571428571428571,0.0,62.71428571428572,0.0
2024,27,Santiago del Estero,2024-07-01,86,1054028,0,0.0,11.542857142857144,0.0,53.285714285714285,0.0
2024,28,Santiago del Estero,2024-07-08,86,1054028,0,0.0,5.971428571428572,0.0,65.42857142857143,0.0
2024,29,Santiago del Estero,2024-07-15,86,1054028,0,0.0,11.242857142857144,2.1,70.42857142857143,1.0
2024,30,Santiago del Estero,2024-07-22,86,1054028,0,0.0,14.228571428571428,0.0,66.85714285714286,0.0
2024,31,Santiago del Estero,2024-07-29,86,1054028,0,0.0,16.814285714285713,0.0,59.57142857142857,0.0
2024,32,Santiago del Estero,2024-08-05,86,1054028,0,0.0,12.614285714285714,0.0,54.0,0.0
2024,33,Santiago del Estero,2024-08-12,86,1054028,0,0.0,14.685714285714283,0.0,50.57142857142857,0.0
2024,34,Santiago del Estero,2024-08-19,86,1054028,0,0.0,12.485714285714286,0.0,71.0,0.0
2024,35,Santiago del Estero,2024-08-26,86,1054028,0,0.0,15.885714285714286,0.0,52.0,0.0
2024,36,Santiago del Estero,2024-09-02,86,1054028,0,0.0,19.957142857142856,0.0,42.42857142857143,0.0
2024,37,Santiago del Estero,2024-09-09,86,1054028,0,0.0,19.842857142857145,0.0,50.57142857142857,0.0
2024,38,Santiago del Estero,2024-09-16,86,1054028,0,0.0,26.5,0.0,42.57142857142857,0.0
2024,39,Santiago del Estero,2024-09-23,86,1054028,0,0.0,23.47142857142857,0.5,47.285714285714285,0.0
2024,40,Santiago del Estero,2024-09-30,86,1054028,0,0.0,25.585714285714285,0.0,40.142857142857146,0.0
2024,41,Santiago del Estero,2024-10-07,86,1054028,0,0.0,22.057142857142857,64.6,77.42857142857143,4.0
2024,42,Santiago del Estero,2024-10-14,86,1054028,0,0.0,25.928571428571427,1.0,66.71428571428571,0.0
2024,43,Santiago del Estero,2024-10-21,86,1054028,0,0.0,25.67142857142857,0.0,50.57142857142857,0.0
2024,44,Santiago del Estero,2024-10-28,86,1054028,0,0.0,26.728571428571428,28.0,59.142857142857146,2.0
2024,45,Santiago del Estero,2024-11-04,86,1054028,0,0.0,24.65714285714285,20.0,72.28571428571429,3.0
2024,46,Santiago del Estero,2024-11-11,86,1054028,0,0.0,25.12857142857143,11.3,53.0,1.0
2024,47,Santiago del Estero,2024-11-18,86,1054028,0,0.0,23.557142857142857,21.0,82.0,2.0
2024,48,Santiago del Estero,2024-11-25,86,1054028,0,0.0,26.642857142857142,89.0,81.28571428571429,4.0
2024,49,Santiago del Estero,2024-12-02,86,1054028,0,0.0,24.32857142857143,0.6,63.42857142857143,0.0
2024,50,Santiago del Estero,2024-12-09,86,1054028,0,0.0,26.585714285714285,15.0,62.57142857142857,1.0
2024,51,Santiago del Estero,2024-12-16,86,1054028,0,0.0,27.942857142857143,0.5,54.57142857142857,0.0
2024,52,Santiago del Estero,2024-12-23,86,1054028,0,0.0,28.228571428571428,12.0,54.71428571428572,1.0
2025,1,Santiago del Estero,2024-12-30,86,1054028,0,0.0,29.6,1.2,53.142857142857146,0.0
2025,2,Santiago del Estero,2025-01-06,86,1054028,0,0.0,28.67142857142857,17.1,60.71428571428572,3.0
2025,3,Santiago del Estero,2025-01-13,86,1054028,0,0.0,30.1,16.0,51.285714285714285,2.0
2025,4,Santiago del Estero,2025-01-20,86,1054028,0,0.0,27.642857142857142,96.0,68.28571428571429,4.0
2025,5,Santiago del Estero,2025-01-27,86,1054028,0,0.0,27.74285714285714,35.0,72.14285714285714,2.0
2025,6,Santiago del Estero,2025-02-03,86,1054028,0,0.0,32.74285714285714,0.0,53.85714285714285,0.0
2025,7,Santiago del Estero,2025-02-10,86,1054028,1,0.09487413996592121,30.74285714285714,29.6,61.42857142857143,2.0
2025,8,Santiago del Estero,2025-02-17,86,1054028,0,0.0,28.7,4.0,71.57142857142857,1.0
2025,9,Santiago del Estero,2025-02-24,86,1054028,0,0.0,30.071428571428573,22.0,67.85714285714286,1.0
2025,10,Santiago del Estero,2025-03-03,86,1054028,0,0.0,28.785714285714285,14.6,61.42857142857143,2.0
2025,11,Santiago del Estero,2025-03-10,86,1054028,0,0.0,21.37142857142857,0.0,77.28571428571429,0.0
2025,12,Santiago del Estero,2025-03-17,86,1054028,0,0.0,25.4,32.6,71.85714285714286,2.0
2025,13,Santiago del Estero,2025-03-24,86,1054028,0,0.0,20.8,34.8,91.28571428571428,5.0
2025,14,Santiago del Estero,2025-03-31,86,1054028,0,0.0,17.114285714285714,0.8,71.0,0.0
2025,15,Santiago del Estero,2025-04-07,86,1054028,0,0.0,20.014285714285712,0.0,74.71428571428571,0.0
2025,16,Santiago del Estero,2025-04-14,86,1054028,0,0.0,21.842857142857145,1.2,70.28571428571429,1.0
2025,17,Santiago del Estero,2025-04-21,86,1054028,0,0.0,19.87142857142857,3.8,80.28571428571429,1.0
2025,18,Santiago del Estero,2025-04-28,86,1054028,0,0.0,20.485714285714288,0.0,72.57142857142857,0.0
2025,19,Santiago del Estero,2025-05-05,86,1054028,0,0.0,21.82857142857143,5.6,82.28571428571429,1.0
2025,20,Santiago del Estero,2025-05-12,86,1054028,0,0.0,21.957142857142856,1.0,70.42857142857143,0.0
2025,21,Santiago del Estero,2025-05-19,86,1054028,0,0.0,16.157142857142855,11.9,87.85714285714286,2.0
2025,22,Santiago del Estero,2025-05-26,86,1054028,0,0.0,10.828571428571427,2.7,77.28571428571429,1.0
2025,23,Santiago del Estero,2025-06-02,86,1054028,0,0.0,14.114285714285714,0.0,78.57142857142857,0.0
2025,24,Santiago del Estero,2025-06-09,86,1054028,0,0.0,12.514285714285714,0.0,74.14285714285714,0.0
2025,25,Santiago del Estero,2025-06-16,86,1054028,0,0.0,11.228571428571428,0.0,73.28571428571429,0.0
2025,26,Santiago del Estero,2025-06-23,86,1054028,0,0.0,8.971428571428572,0.0,61.42857142857143,0.0
2025,27,Santiago del Estero,2025-06-30,86,1054028,0,0.0,9.828571428571433,0.0,64.14285714285714,0.0
2025,28,Santiago del Estero,2025-07-07,86,1054028,0,0.0,17.142857142857142,1.2,77.71428571428571,1.0
2025,29,Santiago del Estero,2025-07-14,86,1054028,0,0.0,13.87142857142857,0.0,63.57142857142857,0.0
2025,30,Santiago del Estero,2025-07-21,86,1054028,0,0.0,13.185714285714283,5.7,83.42857142857143,2.0
2025,31,Santiago del Estero,2025-07-28,86,1054028,0,0.0,14.842857142857143,0.0,73.14285714285714,0.0
2025,32,Santiago del Estero,2025-08-04,86,1054028,0,0.0,13.971428571428572,0.0,58.42857142857143,0.0
2025,33,Santiago del Estero,2025-08-11,86,1054028,0,0.0,16.057142857142857,0.0,54.142857142857146,0.0
2025,34,Santiago del Estero,2025-08-18,86,1054028,0,0.0,16.571428571428573,0.0,51.285714285714285,0.0
2025,35,Santiago del Estero,2025-08-25,86,1054028,0,0.0,17.885714285714283,0.0,47.71428571428572,0.0
2025,36,Santiago del Estero,2025-09-01,86,1054028,0,0.0,14.857142857142858,0.0,50.85714285714285,0.0
2025,37,Santiago del Estero,2025-09-08,86,1054028,0,0.0,22.085714285714285,0.0,46.142857142857146,0.0
2025,38,Santiago del Estero,2025-09-15,86,1054028,0,0.0,26.042857142857144,0.0,62.142857142857146,0.0
2025,39,Santiago del Estero,2025-09-22,86,1054028,0,0.0,22.61428571428572,0.0,41.42857142857143,0.0
2025,40,Santiago del Estero,2025-09-29,86,1054028,0,0.0,25.571428571428573,0.0,53.0,0.0
2025,41,Santiago del Estero,2025-10-06,86,1054028,0,0.0,22.557142857142857,0.0,36.85714285714285,0.0
2025,42,Santiago del Estero,2025-10-13,86,1054028,0,0.0,24.571428571428573,19.0,54.142857142857146,1.0
2018,1,Tierra del Fuego,2018-01-01,94,190641,0,0.0,8.464285714285715,14.05,77.21428571428572,2.0
2018,2,Tierra del Fuego,2018-01-08,94,190641,0,0.0,12.728571428571428,3.15,70.92857142857143,0.5
2018,3,Tierra del Fuego,2018-01-15,94,190641,0,0.0,11.04285714285714,2.6,68.28571428571428,0.5
2018,4,Tierra del Fuego,2018-01-22,94,190641,0,0.0,10.985714285714286,1.0,69.21428571428572,0.0
2018,5,Tierra del Fuego,2018-01-29,94,190641,0,0.0,12.4,3.1,70.85714285714286,1.0
2018,6,Tierra del Fuego,2018-02-05,94,190641,0,0.0,9.2,2.65,67.0,1.0
2018,7,Tierra del Fuego,2018-02-12,94,190641,0,0.0,10.614285714285714,7.0,75.85714285714286,1.0
2018,8,Tierra del Fuego,2018-02-19,94,190641,0,0.0,11.992857142857144,0.4,68.0,0.0
2018,9,Tierra del Fuego,2018-02-26,94,190641,0,0.0,9.928571428571429,1.25,68.5,0.5
2018,10,Tierra del Fuego,2018-03-05,94,190641,0,0.0,9.257142857142856,3.75,71.14285714285714,1.0
2018,11,Tierra del Fuego,2018-03-12,94,190641,0,0.0,6.75,17.9,75.28571428571428,3.5
2018,12,Tierra del Fuego,2018-03-19,94,190641,0,0.0,7.814285714285714,1.15,70.21428571428572,0.0
2018,13,Tierra del Fuego,2018-03-26,94,190641,0,0.0,7.864285714285714,3.5,71.28571428571428,1.5
2018,14,Tierra del Fuego,2018-04-02,94,190641,0,0.0,4.471428571428572,7.95,79.78571428571428,1.5
2018,15,Tierra del Fuego,2018-04-09,94,190641,0,0.0,7.342857142857143,1.6,74.28571428571428,0.5
2018,16,Tierra del Fuego,2018-04-16,94,190641,0,0.0,5.314285714285715,6.35,80.64285714285714,1.0
2018,17,Tierra del Fuego,2018-04-23,94,190641,0,0.0,4.1571428571428575,7.2,75.85714285714286,1.0
2018,18,Tierra del Fuego,2018-04-30,94,190641,0,0.0,5.178571428571429,0.4,77.35714285714286,0.0
2018,19,Tierra del Fuego,2018-05-07,94,190641,0,0.0,4.75,1.1,78.92857142857143,0.5
2018,20,Tierra del Fuego,2018-05-14,94,190641,0,0.0,2.657142857142857,2.45,83.21428571428572,1.0
2018,21,Tierra del Fuego,2018-05-21,94,190641,0,0.0,3.3642857142857143,22.15,85.28571428571428,2.5
2018,22,Tierra del Fuego,2018-05-28,94,190641,0,0.0,3.435714285714285,0.3,73.64285714285714,0.0
2018,23,Tierra del Fuego,2018-06-04,94,190641,0,0.0,2.157142857142857,0.9,84.92857142857143,0.0
2018,24,Tierra del Fuego,2018-06-11,94,190641,0,0.0,1.8714285714285717,1.25,79.71428571428572,0.0
2018,25,Tierra del Fuego,2018-06-18,94,190641,0,0.0,-0.0642857142857142,34.25,85.78571428571429,4.0
2018,26,Tierra del Fuego,2018-06-25,94,190641,0,0.0,-0.2285714285714285,14.25,84.92857142857143,1.5
2018,27,Tierra del Fuego,2018-07-02,94,190641,0,0.0,-0.7000000000000001,1.0,87.14285714285714,0.5
2019,1,Tierra del Fuego,2018-12-31,94,190641,0,0.0,8.728571428571428,2.45,65.07142857142857,0.5
2019,2,Tierra del Fuego,2019-01-07,94,190641,0,0.0,9.4,9.1,64.42857142857143,0.5
2019,3,Tierra del Fuego,2019-01-14,94,190641,0,0.0,11.178571428571429,2.05,64.21428571428572,0.5
2019,4,Tierra del Fuego,2019-01-21,94,190641,0,0.0,10.592857142857142,4.35,60.14285714285714,1.0
2019,5,Tierra del Fuego,2019-01-28,94,190641,0,0.0,10.242857142857144,8.55,68.64285714285714,1.0
2019,6,Tierra del Fuego,2019-02-04,94,190641,0,0.0,11.65,2.5,62.92857142857143,1.0
2019,7,Tierra del Fuego,2019-02-11,94,190641,0,0.0,10.357142857142858,5.5,65.71428571428572,0.5
2019,8,Tierra del Fuego,2019-02-18,94,190641,0,0.0,6.014285714285714,11.0,73.85714285714286,1.5
2019,9,Tierra del Fuego,2019-02-25,94,190641,0,0.0,8.635714285714286,8.55,80.0,2.5
2019,10,Tierra del Fuego,2019-03-04,94,190641,0,0.0,8.192857142857143,2.45,72.78571428571428,0.5
2019,11,Tierra del Fuego,2019-03-11,94,190641,0,0.0,8.985714285714286,24.55,80.35714285714286,2.0
2019,12,Tierra del Fuego,2019-03-18,94,190641,0,0.0,8.942857142857143,10.6,79.92857142857142,2.0
2019,13,Tierra del Fuego,2019-03-25,94,190641,0,0.0,9.635714285714286,4.15,73.64285714285714,0.5
2019,14,Tierra del Fuego,2019-04-01,94,190641,0,0.0,6.364285714285714,26.65,79.57142857142857,3.5
2019,15,Tierra del Fuego,2019-04-08,94,190641,0,0.0,5.478571428571429,14.4,79.28571428571428,2.0
2019,16,Tierra del Fuego,2019-04-15,94,190641,0,0.0,5.178571428571429,15.85,79.64285714285714,1.5
2019,17,Tierra del Fuego,2019-04-22,94,190641,0,0.0,6.014285714285714,7.250000000000001,80.35714285714286,0.5
2019,18,Tierra del Fuego,2019-04-29,94,190641,0,0.0,2.2928571428571427,0.25,78.92857142857143,0.0
2019,19,Tierra del Fuego,2019-05-06,94,190641,0,0.0,6.057142857142857,4.8,71.14285714285714,0.5
2019,20,Tierra del Fuego,2019-05-13,94,190641,0,0.0,5.407142857142857,1.85,81.5,0.0
2019,21,Tierra del Fuego,2019-05-20,94,190641,0,0.0,4.235714285714286,25.5,83.71428571428572,2.0
2019,22,Tierra del Fuego,2019-05-27,94,190641,0,0.0,1.7214285714285715,6.65,81.28571428571429,1.5
2019,23,Tierra del Fuego,2019-06-03,94,190641,0,0.0,3.492857142857143,5.25,86.64285714285714,1.0
2019,24,Tierra del Fuego,2019-06-10,94,190641,0,0.0,0.9428571428571428,2.75,86.14285714285714,1.0
2019,25,Tierra del Fuego,2019-06-17,94,190641,0,0.0,3.1642857142857146,13.3,84.92857142857143,2.0
2019,26,Tierra del Fuego,2019-06-24,94,190641,0,0.0,-1.7857142857142858,12.85,88.21428571428572,2.5
2019,27,Tierra del Fuego,2019-07-01,94,190641,0,0.0,-0.6142857142857143,4.85,89.28571428571428,1.0
2019,28,Tierra del Fuego,2019-07-08,94,190641,0,0.0,3.3,17.599999999999998,92.92857142857144,2.5
2019,29,Tierra del Fuego,2019-07-15,94,190641,0,0.0,2.05,4.2,82.28571428571429,1.0
2019,30,Tierra del Fuego,2019-07-22,94,190641,0,0.0,2.657142857142857,8.55,83.35714285714286,2.0
2019,31,Tierra del Fuego,2019-07-29,94,190641,0,0.0,3.0285714285714285,12.5,79.92857142857143,1.5
2019,32,Tierra del Fuego,2019-08-05,94,190641,0,0.0,0.4142857142857142,29.2,83.21428571428572,2.0
2019,33,Tierra del Fuego,2019-08-12,94,190641,0,0.0,0.3142857142857144,0.1,79.07142857142857,0.0
2019,34,Tierra del Fuego,2019-08-19,94,190641,0,0.0,3.4428571428571426,3.9,81.14285714285714,1.0
2019,35,Tierra del Fuego,2019-08-26,94,190641,0,0.0,2.907142857142857,14.95,78.14285714285714,1.5
2019,36,Tierra del Fuego,2019-09-02,94,190641,0,0.0,2.521428571428572,2.95,78.57142857142857,0.5
2019,37,Tierra del Fuego,2019-09-09,94,190641,0,0.0,3.442857142857143,8.05,75.21428571428571,2.0
2019,38,Tierra del Fuego,2019-09-16,94,190641,0,0.0,3.05,11.4,82.0,2.0
2019,39,Tierra del Fuego,2019-09-23,94,190641,0,0.0,7.1,8.25,73.28571428571428,2.5
2019,40,Tierra del Fuego,2019-09-30,94,190641,0,0.0,4.392857142857142,6.7,71.71428571428572,1.5
2019,41,Tierra del Fuego,2019-10-07,94,190641,0,0.0,2.628571428571429,18.25,74.85714285714286,3.0
2019,42,Tierra del Fuego,2019-10-14,94,190641,0,0.0,8.05,1.55,67.57142857142857,0.5
2019,43,Tierra del Fuego,2019-10-21,94,190641,0,0.0,8.307142857142857,0.8999999999999999,66.21428571428572,0.0
2019,44,Tierra del Fuego,2019-10-28,94,190641,0,0.0,6.521428571428571,4.0,68.07142857142857,1.5
2019,45,Tierra del Fuego,2019-11-04,94,190641,0,0.0,4.978571428571428,6.1,71.71428571428572,1.0
2019,46,Tierra del Fuego,2019-11-11,94,190641,0,0.0,9.907142857142857,8.8,74.07142857142857,2.0
2019,47,Tierra del Fuego,2019-11-18,94,190641,0,0.0,9.428571428571429,7.550000000000001,68.28571428571428,1.5
2019,48,Tierra del Fuego,2019-11-25,94,190641,0,0.0,8.185714285714285,9.45,69.92857142857142,1.0
2019,49,Tierra del Fuego,2019-12-02,94,190641,0,0.0,9.742857142857144,11.55,69.21428571428572,2.0
2019,50,Tierra del Fuego,2019-12-09,94,190641,0,0.0,8.785714285714285,12.1,73.78571428571429,2.0
2019,51,Tierra del Fuego,2019-12-16,94,190641,0,0.0,10.085714285714284,18.55,71.0,3.0
2019,52,Tierra del Fuego,2019-12-23,94,190641,0,0.0,11.414285714285716,6.050000000000001,60.92857142857143,1.5
2020,1,Tierra del Fuego,2019-12-30,94,190641,0,0.0,11.942857142857145,2.45,62.07142857142857,0.5
2020,2,Tierra del Fuego,2020-01-06,94,190641,0,0.0,10.15,41.15,76.14285714285714,3.5
2020,3,Tierra del Fuego,2020-01-13,94,190641,0,0.0,9.985714285714286,33.1,79.42857142857143,4.0
2020,4,Tierra del Fuego,2020-01-20,94,190641,0,0.0,10.357142857142858,5.0,70.57142857142857,1.5
2020,5,Tierra del Fuego,2020-01-27,94,190641,0,0.0,10.385714285714286,10.9,72.21428571428572,2.0
2020,6,Tierra del Fuego,2020-02-03,94,190641,0,0.0,11.228571428571428,5.05,75.21428571428572,0.5
2020,7,Tierra del Fuego,2020-02-10,94,190641,0,0.0,10.707142857142856,5.25,73.0,1.0
2020,8,Tierra del Fuego,2020-02-17,94,190641,0,0.0,11.42142857142857,10.95,71.5,2.5
2020,9,Tierra del Fuego,2020-02-24,94,190641,0,0.0,10.707142857142856,10.3,71.71428571428572,2.0
2020,10,Tierra del Fuego,2020-03-02,94,190641,1,0.5245461364554319,11.535714285714285,11.65,73.64285714285714,1.0
2020,11,Tierra del Fuego,2020-03-09,94,190641,0,0.0,10.364285714285714,8.0,77.35714285714286,2.0
2020,12,Tierra del Fuego,2020-03-16,94,190641,1,0.5245461364554319,8.257142857142856,10.35,72.28571428571428,2.0
2020,13,Tierra del Fuego,2020-03-23,94,190641,0,0.0,8.32857142857143,2.45,73.64285714285714,0.5
2020,14,Tierra del Fuego,2020-03-30,94,190641,0,0.0,8.164285714285715,2.1,72.71428571428572,1.0
2020,15,Tierra del Fuego,2020-04-06,94,190641,0,0.0,9.3,1.1,70.92857142857143,0.5
2020,16,Tierra del Fuego,2020-04-13,94,190641,1,0.5245461364554319,8.364285714285714,0.45,75.85714285714286,0.0
2020,17,Tierra del Fuego,2020-04-20,94,190641,0,0.0,4.171428571428571,4.5,76.21428571428572,1.0
2020,18,Tierra del Fuego,2020-04-27,94,190641,0,0.0,6.071428571428571,2.35,83.64285714285714,0.5
2020,19,Tierra del Fuego,2020-05-04,94,190641,1,0.5245461364554319,4.4,6.1,84.64285714285714,1.0
2020,20,Tierra del Fuego,2020-05-11,94,190641,0,0.0,4.307142857142857,8.5,82.57142857142857,1.5
2020,21,Tierra del Fuego,2020-05-18,94,190641,0,0.0,4.5,31.25,84.5,3.0
2020,22,Tierra del Fuego,2020-05-25,94,190641,0,0.0,5.314285714285714,7.55,81.64285714285714,1.0
2020,23,Tierra del Fuego,2020-06-01,94,190641,0,0.0,5.157142857142857,4.75,76.14285714285714,1.0
2020,24,Tierra del Fuego,2020-06-08,94,190641,0,0.0,0.4142857142857142,5.75,83.78571428571428,1.5
2020,25,Tierra del Fuego,2020-06-15,94,190641,0,0.0,1.4071428571428573,5.4,88.78571428571428,1.5
2020,26,Tierra del Fuego,2020-06-22,94,190641,0,0.0,-1.2428571428571429,6.65,85.98809523809524,1.0
2020,27,Tierra del Fuego,2020-06-29,94,190641,0,0.0,-3.1357142857142857,0.0,86.85714285714286,0.0
2020,28,Tierra del Fuego,2020-07-06,94,190641,0,0.0,0.0500000000000001,10.25,84.0,1.5
2020,29,Tierra del Fuego,2020-07-13,94,190641,0,0.0,-3.2214285714285715,5.35,90.71428571428572,1.0
2020,30,Tierra del Fuego,2020-07-20,94,190641,0,0.0,-1.2928571428571427,4.0,86.26190476190476,1.5
2020,31,Tierra del Fuego,2020-07-27,94,190641,0,0.0,2.2,4.75,83.85714285714286,1.5
2020,32,Tierra del Fuego,2020-08-03,94,190641,0,0.0,3.442857142857143,0.6,76.85714285714286,0.0
2020,33,Tierra del Fuego,2020-08-10,94,190641,0,0.0,-0.0642857142857143,9.75,84.0,2.5
2020,34,Tierra del Fuego,2020-08-17,94,190641,0,0.0,2.685714285714285,6.3,81.85714285714286,1.0
2020,35,Tierra del Fuego,2020-08-24,94,190641,0,0.0,0.5142857142857143,12.15,79.64285714285714,2.0
2020,36,Tierra del Fuego,2020-08-31,94,190641,0,0.0,2.6428571428571432,3.9,84.21428571428572,1.0
2020,37,Tierra del Fuego,2020-09-07,94,190641,0,0.0,4.792857142857143,2.05,76.85714285714286,0.5
2020,38,Tierra del Fuego,2020-09-14,94,190641,0,0.0,3.1928571428571426,12.6,74.85714285714286,2.0
2020,39,Tierra del Fuego,2020-09-21,94,190641,0,0.0,6.2142857142857135,1.9,73.14285714285714,0.5
2020,40,Tierra del Fuego,2020-09-28,94,190641,0,0.0,2.7,12.9,77.57142857142857,1.5
2020,41,Tierra del Fuego,2020-10-05,94,190641,0,0.0,6.757142857142858,1.2,67.71428571428572,0.5
2020,42,Tierra del Fuego,2020-10-12,94,190641,0,0.0,6.757142857142858,14.3,74.07142857142858,3.5
2020,43,Tierra del Fuego,2020-10-19,94,190641,0,0.0,6.457142857142857,2.7,75.28571428571429,0.5
2020,44,Tierra del Fuego,2020-10-26,94,190641,0,0.0,8.5,3.8,74.0,1.0
2020,45,Tierra del Fuego,2020-11-02,94,190641,0,0.0,9.914285714285716,0.45,69.64285714285714,0.0
2020,46,Tierra del Fuego,2020-11-09,94,190641,0,0.0,9.157142857142857,0.7999999999999999,67.71428571428571,0.0
2020,47,Tierra del Fuego,2020-11-16,94,190641,0,0.0,11.385714285714286,1.4,72.57142857142858,0.0
2020,48,Tierra del Fuego,2020-11-23,94,190641,0,0.0,7.678571428571427,5.699999999999999,72.5,1.0
2020,49,Tierra del Fuego,2020-11-30,94,190641,0,0.0,9.564285714285711,2.5,71.21428571428571,0.5
2020,50,Tierra del Fuego,2020-12-07,94,190641,0,0.0,9.814285714285711,9.25,79.14285714285714,1.5
2020,51,Tierra del Fuego,2020-12-14,94,190641,0,0.0,8.32857142857143,9.85,75.0,1.5
2020,52,Tierra del Fuego,2020-12-21,94,190641,0,0.0,11.428571428571429,0.95,61.14285714285714,0.0
2020,53,Tierra del Fuego,2020-12-28,94,190641,0,0.0,11.907142857142858,5.4,67.28571428571428,1.5
2021,1,Tierra del Fuego,2021-01-04,94,190641,0,0.0,11.45714285714286,14.55,65.35714285714286,2.0
2021,2,Tierra del Fuego,2021-01-11,94,190641,0,0.0,10.221428571428572,3.9,74.0,0.5
2021,3,Tierra del Fuego,2021-01-18,94,190641,0,0.0,12.042857142857144,6.15,62.64285714285714,1.5
2021,4,Tierra del Fuego,2021-01-25,94,190641,0,0.0,7.928571428571429,3.55,69.5,1.0
2021,5,Tierra del Fuego,2021-02-01,94,190641,0,0.0,11.757142857142856,0.9000000000000001,68.92857142857143,0.0
2021,6,Tierra del Fuego,2021-02-08,94,190641,0,0.0,12.564285714285717,6.5,73.07142857142857,1.0
2021,7,Tierra del Fuego,2021-02-15,94,190641,0,0.0,10.464285714285715,5.0,72.71428571428572,1.0
2021,8,Tierra del Fuego,2021-02-22,94,190641,0,0.0,10.221428571428572,3.95,70.07142857142857,0.5
2021,9,Tierra del Fuego,2021-03-01,94,190641,0,0.0,10.1,3.25,67.5,1.0
2021,10,Tierra del Fuego,2021-03-08,94,190641,0,0.0,9.542857142857144,6.3,66.28571428571428,1.5
2021,11,Tierra del Fuego,2021-03-15,94,190641,0,0.0,8.778571428571428,4.85,72.5,1.0
2021,12,Tierra del Fuego,2021-03-22,94,190641,0,0.0,8.485714285714286,13.05,74.28571428571428,2.0
2021,13,Tierra del Fuego,2021-03-29,94,190641,0,0.0,6.799999999999999,3.35,79.64285714285714,0.5
2021,14,Tierra del Fuego,2021-04-05,94,190641,0,0.0,7.3428571428571425,7.15,75.71428571428572,1.0
2021,15,Tierra del Fuego,2021-04-12,94,190641,0,0.0,8.285714285714286,5.4,70.14285714285714,1.5
2021,16,Tierra del Fuego,2021-04-19,94,190641,0,0.0,6.592857142857143,4.6,82.78571428571428,0.5
2021,17,Tierra del Fuego,2021-04-26,94,190641,0,0.0,4.378571428571428,5.9,87.28571428571428,1.5
2021,18,Tierra del Fuego,2021-05-03,94,190641,0,0.0,4.621428571428572,0.25,82.64285714285714,0.0
2021,19,Tierra del Fuego,2021-05-10,94,190641,0,0.0,7.235714285714286,1.3,74.0,0.5
2021,20,Tierra del Fuego,2021-05-17,94,190641,0,0.0,6.328571428571427,20.7,91.35714285714286,3.0
2021,21,Tierra del Fuego,2021-05-24,94,190641,0,0.0,-1.1785714285714286,12.05,88.28571428571428,3.5
2021,22,Tierra del Fuego,2021-05-31,94,190641,0,0.0,-1.0357142857142856,8.25,88.78571428571428,1.5
2021,23,Tierra del Fuego,2021-06-07,94,190641,0,0.0,3.878571428571428,1.9,84.14285714285714,0.5
2021,24,Tierra del Fuego,2021-06-14,94,190641,0,0.0,2.142857142857143,0.5,86.07142857142857,0.0
2021,25,Tierra del Fuego,2021-06-21,94,190641,0,0.0,3.5285714285714285,4.85,82.28571428571428,1.0
2021,26,Tierra del Fuego,2021-06-28,94,190641,0,0.0,4.071428571428571,2.75,81.64285714285714,0.5
2021,27,Tierra del Fuego,2021-07-05,94,190641,0,0.0,3.021428571428572,7.05,82.92857142857142,1.5
2021,28,Tierra del Fuego,2021-07-12,94,190641,0,0.0,0.357142857142857,18.25,88.64285714285714,3.0
2021,29,Tierra del Fuego,2021-07-19,94,190641,0,0.0,2.407142857142857,5.15,83.78571428571428,1.0
2021,30,Tierra del Fuego,2021-07-26,94,190641,0,0.0,3.721428571428572,6.800000000000001,80.42857142857143,2.0
2022,1,Tierra del Fuego,2022-01-03,94,190641,0,0.0,9.407142857142857,4.65,61.785714285714285,1.5
2022,2,Tierra del Fuego,2022-01-10,94,190641,0,0.0,8.307142857142857,18.35,64.5,1.5
2022,3,Tierra del Fuego,2022-01-17,94,190641,0,0.0,10.792857142857144,2.4,74.71428571428572,0.5
2022,4,Tierra del Fuego,2022-01-24,94,190641,0,0.0,10.128571428571428,13.95,73.07142857142857,1.0
2022,5,Tierra del Fuego,2022-01-31,94,190641,0,0.0,9.007142857142856,6.1,68.21428571428572,1.5
2022,6,Tierra del Fuego,2022-02-07,94,190641,0,0.0,10.95,17.05,65.42857142857143,2.5
2022,7,Tierra del Fuego,2022-02-14,94,190641,0,0.0,8.842857142857142,1.0,67.92857142857143,0.0
2022,8,Tierra del Fuego,2022-02-21,94,190641,0,0.0,11.214285714285715,0.1,73.21428571428572,0.0
2022,9,Tierra del Fuego,2022-02-28,94,190641,0,0.0,8.085714285714285,17.0,74.57142857142858,3.0
2022,10,Tierra del Fuego,2022-03-07,94,190641,0,0.0,8.614285714285714,21.5,75.14285714285714,2.0
2022,11,Tierra del Fuego,2022-03-14,94,190641,0,0.0,5.857142857142858,10.95,78.64285714285714,2.0
2022,12,Tierra del Fuego,2022-03-21,94,190641,0,0.0,9.07857142857143,6.3,73.28571428571428,1.5
2022,13,Tierra del Fuego,2022-03-28,94,190641,0,0.0,6.242857142857143,6.45,76.28571428571429,1.5
2022,14,Tierra del Fuego,2022-04-04,94,190641,0,0.0,3.864285714285714,5.25,78.78571428571428,1.5
2022,15,Tierra del Fuego,2022-04-11,94,190641,0,0.0,7.121428571428572,5.1,76.57142857142857,1.0
2022,16,Tierra del Fuego,2022-04-18,94,190641,0,0.0,6.285714285714287,0.4,79.5,0.0
2022,17,Tierra del Fuego,2022-04-25,94,190641,0,0.0,3.064285714285714,0.35,82.64285714285714,0.0
2022,18,Tierra del Fuego,2022-05-02,94,190641,0,0.0,5.5,4.85,76.21428571428572,1.0
2022,19,Tierra del Fuego,2022-05-09,94,190641,0,0.0,5.707142857142857,0.35,81.78571428571428,0.0
2022,20,Tierra del Fuego,2022-05-16,94,190641,0,0.0,5.15,8.25,83.85714285714286,2.5
2022,21,Tierra del Fuego,2022-05-23,94,190641,0,0.0,1.6214285714285714,6.85,80.35714285714286,1.0
2022,22,Tierra del Fuego,2022-05-30,94,190641,0,0.0,3.121428571428572,0.95,75.21428571428572,0.0
2022,23,Tierra del Fuego,2022-06-06,94,190641,0,0.0,4.3,7.5,78.5,2.0
2022,24,Tierra del Fuego,2022-06-13,94,190641,0,0.0,1.4071428571428573,5.05,84.85714285714286,1.5
2022,25,Tierra del Fuego,2022-06-20,94,190641,0,0.0,2.007142857142857,2.95,82.85714285714286,1.0
2022,26,Tierra del Fuego,2022-06-27,94,190641,0,0.0,1.4285714285714286,1.5,78.35714285714286,0.5
2022,27,Tierra del Fuego,2022-07-04,94,190641,0,0.0,-1.95,1.05,86.5,0.5
2022,28,Tierra del Fuego,2022-07-11,94,190641,0,0.0,0.9,2.85,81.64285714285714,1.0
2022,29,Tierra del Fuego,2022-07-18,94,190641,0,0.0,1.0,4.8500000000000005,81.92857142857143,1.5
2022,30,Tierra del Fuego,2022-07-25,94,190641,0,0.0,3.057142857142857,3.8,76.07142857142857,1.0
2022,31,Tierra del Fuego,2022-08-01,94,190641,0,0.0,2.8285714285714283,3.4,85.78571428571429,1.0
2022,32,Tierra del Fuego,2022-08-08,94,190641,0,0.0,2.35,6.699999999999999,83.85714285714286,2.5
2022,33,Tierra del Fuego,2022-08-15,94,190641,0,0.0,2.921428571428572,5.6,81.28571428571428,1.5
2022,34,Tierra del Fuego,2022-08-22,94,190641,0,0.0,3.4714285714285715,2.0,72.14285714285714,0.5
2022,35,Tierra del Fuego,2022-08-29,94,190641,0,0.0,4.185714285714286,8.6,82.5,2.5
2022,36,Tierra del Fuego,2022-09-05,94,190641,0,0.0,3.878571428571429,2.65,73.42857142857143,1.5
2022,37,Tierra del Fuego,2022-09-12,94,190641,0,0.0,4.114285714285714,0.55,70.28571428571428,0.0
2022,38,Tierra del Fuego,2022-09-19,94,190641,0,0.0,5.85,2.1500000000000004,69.57142857142857,1.0
2022,39,Tierra del Fuego,2022-09-26,94,190641,0,0.0,6.721428571428572,1.15,66.57142857142857,0.0
2022,40,Tierra del Fuego,2022-10-03,94,190641,0,0.0,6.5285714285714285,0.6,72.85714285714286,0.0
2022,41,Tierra del Fuego,2022-10-10,94,190641,0,0.0,7.135714285714286,3.05,62.07142857142857,1.0
2022,42,Tierra del Fuego,2022-10-17,94,190641,0,0.0,7.45,3.0,66.28571428571428,1.0
2022,43,Tierra del Fuego,2022-10-24,94,190641,0,0.0,6.471428571428572,5.0,64.92857142857143,1.5
2022,44,Tierra del Fuego,2022-10-31,94,190641,0,0.0,9.735714285714286,0.65,71.28571428571428,0.0
2022,45,Tierra del Fuego,2022-11-07,94,190641,0,0.0,9.442857142857145,1.45,65.21428571428572,0.5
2022,46,Tierra del Fuego,2022-11-14,94,190641,0,0.0,10.67142857142857,2.2,59.85714285714286,1.0
2022,47,Tierra del Fuego,2022-11-21,94,190641,0,0.0,9.771428571428572,4.05,60.07142857142857,1.0
2022,48,Tierra del Fuego,2022-11-28,94,190641,0,0.0,9.621428571428572,1.5,62.57142857142857,0.0
2022,49,Tierra del Fuego,2022-12-05,94,190641,0,0.0,7.607142857142858,0.3,61.14285714285714,0.0
2022,50,Tierra del Fuego,2022-12-12,94,190641,0,0.0,10.792857142857144,3.1,61.21428571428571,1.0
2023,1,Tierra del Fuego,2023-01-02,94,190641,0,0.0,11.207142857142856,8.350000000000001,65.57142857142857,2.0
2023,2,Tierra del Fuego,2023-01-09,94,190641,0,0.0,11.892857142857142,0.0,65.14285714285714,0.0
2023,3,Tierra del Fuego,2023-01-16,94,190641,0,0.0,12.25,1.1,64.85714285714286,0.5
2023,4,Tierra del Fuego,2023-01-23,94,190641,0,0.0,11.107142857142858,3.8,62.0,1.0
2023,5,Tierra del Fuego,2023-01-30,94,190641,0,0.0,12.028571428571428,5.2,62.5,1.5
2023,6,Tierra del Fuego,2023-02-06,94,190641,1,0.5245461364554319,11.207142857142856,14.55,66.92857142857143,2.5
2023,7,Tierra del Fuego,2023-02-13,94,190641,0,0.0,7.357142857142858,14.55,72.57142857142857,1.5
2023,8,Tierra del Fuego,2023-02-20,94,190641,0,0.0,9.457142857142856,5.3,69.92857142857143,1.0
2023,9,Tierra del Fuego,2023-02-27,94,190641,0,0.0,6.957142857142857,10.15,75.21428571428572,2.0
2023,10,Tierra del Fuego,2023-03-06,94,190641,2,1.0490922729108638,8.392857142857142,2.4,71.0,0.5
2023,11,Tierra del Fuego,2023-03-13,94,190641,1,0.5245461364554319,6.807142857142857,14.85,73.21428571428571,2.0
2023,12,Tierra del Fuego,2023-03-20,94,190641,4,2.0981845458217276,8.27142857142857,6.6,69.07142857142857,2.0
2023,13,Tierra del Fuego,2023-03-27,94,190641,2,1.0490922729108638,4.492857142857143,13.2,76.21428571428572,1.5
2023,14,Tierra del Fuego,2023-04-03,94,190641,3,1.5736384093662958,7.257142857142856,3.65,70.85714285714286,1.5
2023,15,Tierra del Fuego,2023-04-10,94,190641,4,2.0981845458217276,4.214285714285714,1.7999999999999998,76.5,0.5
2023,16,Tierra del Fuego,2023-04-17,94,190641,4,2.0981845458217276,5.742857142857143,2.95,75.28571428571428,0.5
2023,17,Tierra del Fuego,2023-04-24,94,190641,1,0.5245461364554319,4.214285714285714,7.75,79.07142857142857,2.5
2023,18,Tierra del Fuego,2023-05-01,94,190641,2,1.0490922729108638,6.671428571428572,4.15,77.28571428571428,1.0
2023,19,Tierra del Fuego,2023-05-08,94,190641,1,0.5245461364554319,4.75,4.15,79.42857142857143,0.5
2023,20,Tierra del Fuego,2023-05-15,94,190641,0,0.0,4.9,8.55,78.85714285714286,0.5
2023,21,Tierra del Fuego,2023-05-22,94,190641,0,0.0,3.65,4.0,82.35714285714286,1.0
2023,22,Tierra del Fuego,2023-05-29,94,190641,1,0.5245461364554319,5.921428571428571,4.2,82.78571428571428,1.5
2023,23,Tierra del Fuego,2023-06-05,94,190641,0,0.0,2.0142857142857142,7.6,85.07142857142858,1.0
2023,24,Tierra del Fuego,2023-06-12,94,190641,0,0.0,3.0285714285714285,1.4,81.14285714285714,0.0
2023,25,Tierra del Fuego,2023-06-19,94,190641,0,0.0,0.95,3.4,85.5,1.5
2023,26,Tierra del Fuego,2023-06-26,94,190641,0,0.0,1.592857142857143,6.7,85.14285714285714,1.5
2023,27,Tierra del Fuego,2023-07-03,94,190641,0,0.0,1.0285714285714287,0.0,83.07142857142857,0.0
2023,28,Tierra del Fuego,2023-07-10,94,190641,1,0.5245461364554319,0.7785714285714286,1.05,84.71428571428572,0.0
2023,29,Tierra del Fuego,2023-07-17,94,190641,0,0.0,-0.0928571428571428,2.0,82.64285714285714,1.0
2023,30,Tierra del Fuego,2023-07-24,94,190641,0,0.0,-0.1642857142857142,2.8,81.78571428571429,1.0
2023,31,Tierra del Fuego,2023-07-31,94,190641,0,0.0,1.0214285714285714,16.45,83.5,2.0
2023,32,Tierra del Fuego,2023-08-07,94,190641,0,0.0,2.0,3.25,82.5,1.0
2023,33,Tierra del Fuego,2023-08-14,94,190641,0,0.0,1.8071428571428572,6.9,82.07142857142857,1.5
2023,34,Tierra del Fuego,2023-08-21,94,190641,0,0.0,2.192857142857143,4.65,82.85714285714286,1.0
2023,35,Tierra del Fuego,2023-08-28,94,190641,1,0.5245461364554319,2.535714285714286,0.0,78.92857142857143,0.0
2023,36,Tierra del Fuego,2023-09-04,94,190641,0,0.0,2.85,4.95,81.0,1.0
2023,37,Tierra del Fuego,2023-09-11,94,190641,0,0.0,2.6642857142857137,1.95,78.57142857142857,0.5
2023,38,Tierra del Fuego,2023-09-18,94,190641,0,0.0,3.3357142857142854,3.75,72.71428571428572,1.0
2023,39,Tierra del Fuego,2023-09-25,94,190641,0,0.0,5.842857142857143,1.2,64.5,0.5
2023,40,Tierra del Fuego,2023-10-02,94,190641,0,0.0,6.064285714285714,2.8,68.64285714285714,0.5
2023,41,Tierra del Fuego,2023-10-09,94,190641,0,0.0,6.0285714285714285,2.3,68.21428571428571,0.5
2023,42,Tierra del Fuego,2023-10-16,94,190641,0,0.0,8.67142857142857,0.1,62.142857142857146,0.0
2023,43,Tierra del Fuego,2023-10-23,94,190641,1,0.5245461364554319,6.064285714285715,8.75,66.64285714285714,1.5
2023,44,Tierra del Fuego,2023-10-30,94,190641,0,0.0,6.292857142857143,6.55,63.57142857142857,1.0
2023,45,Tierra del Fuego,2023-11-06,94,190641,1,0.5245461364554319,7.642857142857142,5.1,63.78571428571429,1.0
2023,46,Tierra del Fuego,2023-11-13,94,190641,0,0.0,5.071428571428571,11.1,70.5,2.5
2023,47,Tierra del Fuego,2023-11-20,94,190641,1,0.5245461364554319,7.564285714285715,4.45,70.14285714285714,1.0
2023,48,Tierra del Fuego,2023-11-27,94,190641,2,1.0490922729108638,7.457142857142857,5.4,66.28571428571428,1.5
2023,49,Tierra del Fuego,2023-12-04,94,190641,1,0.5245461364554319,9.557142857142855,1.0,67.92857142857143,0.5
2023,50,Tierra del Fuego,2023-12-11,94,190641,5,2.62273068227716,8.792857142857144,7.15,62.71428571428571,1.5
2023,51,Tierra del Fuego,2023-12-18,94,190641,3,1.5736384093662958,11.57857142857143,0.2,62.285714285714285,0.0
2023,52,Tierra del Fuego,2023-12-25,94,190641,7,3.6718229551880235,9.714285714285714,6.0,61.21428571428572,2.0
2024,1,Tierra del Fuego,2024-01-01,94,190641,6,3.1472768187325917,11.657142857142858,6.6,65.0,2.0
2024,2,Tierra del Fuego,2024-01-08,94,190641,3,1.5736384093662958,8.435714285714287,3.1,61.285714285714285,1.0
2024,3,Tierra del Fuego,2024-01-15,94,190641,8,4.196369091643455,10.564285714285711,19.3,67.07142857142857,2.5
2024,4,Tierra del Fuego,2024-01-22,94,190641,8,4.196369091643455,12.707142857142856,0.8,60.285714285714285,0.0
2024,5,Tierra del Fuego,2024-01-29,94,190641,10,5.24546136455432,10.721428571428572,19.6,69.0,2.5
2024,6,Tierra del Fuego,2024-02-05,94,190641,8,4.196369091643455,12.092857142857143,4.4,66.14285714285714,0.5
2024,7,Tierra del Fuego,2024-02-12,94,190641,10,5.24546136455432,11.264285714285714,10.1,69.07142857142857,2.0
2024,8,Tierra del Fuego,2024-02-19,94,190641,9,4.720915228098887,9.42142857142857,14.3,75.28571428571428,2.0
2024,9,Tierra del Fuego,2024-02-26,94,190641,10,5.24546136455432,10.67857142857143,6.15,77.0,1.5
2024,10,Tierra del Fuego,2024-03-04,94,190641,5,2.62273068227716,9.592857142857142,22.65,81.42857142857143,4.0
2024,11,Tierra del Fuego,2024-03-11,94,190641,15,7.86819204683148,6.457142857142857,5.05,72.64285714285714,0.5
2024,12,Tierra del Fuego,2024-03-18,94,190641,12,6.294553637465183,5.771428571428571,1.85,75.71428571428572,0.5
2024,13,Tierra del Fuego,2024-03-25,94,190641,9,4.720915228098887,7.921428571428571,7.9,72.85714285714286,2.0
2024,14,Tierra del Fuego,2024-04-01,94,190641,15,7.86819204683148,6.157142857142857,6.2,68.21428571428572,1.5
2024,15,Tierra del Fuego,2024-04-08,94,190641,4,2.0981845458217276,6.457142857142857,2.35,74.85714285714286,0.5
2024,16,Tierra del Fuego,2024-04-15,94,190641,7,3.6718229551880235,6.785714285714287,15.6,80.85714285714286,1.5
2024,17,Tierra del Fuego,2024-04-22,94,190641,11,5.770007501009752,4.342857142857143,17.1,84.35714285714286,3.0
2024,18,Tierra del Fuego,2024-04-29,94,190641,6,3.1472768187325917,2.1785714285714284,19.65,84.07142857142858,3.0
2024,19,Tierra del Fuego,2024-05-06,94,190641,1,0.5245461364554319,1.8571428571428568,7.15,82.35714285714286,1.5
2024,20,Tierra del Fuego,2024-05-13,94,190641,0,0.0,5.071428571428571,12.85,79.64285714285714,1.0
2024,21,Tierra del Fuego,2024-05-20,94,190641,2,1.0490922729108638,2.3857142857142857,2.8,85.07142857142857,1.0
2024,22,Tierra del Fuego,2024-05-27,94,190641,0,0.0,0.7785714285714287,5.2,84.07142857142857,1.5
2024,23,Tierra del Fuego,2024-06-03,94,190641,0,0.0,-0.5571428571428572,5.45,85.85714285714286,1.0
2024,24,Tierra del Fuego,2024-06-10,94,190641,0,0.0,-1.4,2.65,86.42857142857143,0.5
2024,25,Tierra del Fuego,2024-06-17,94,190641,0,0.0,-3.842857142857143,0.8999999999999999,86.77380952380952,0.5
2024,26,Tierra del Fuego,2024-06-24,94,190641,0,0.0,-2.435714285714286,5.65,87.96428571428572,2.0
2024,27,Tierra del Fuego,2024-07-01,94,190641,0,0.0,-0.8071428571428572,7.950000000000001,88.78571428571429,2.0
2024,28,Tierra del Fuego,2024-07-08,94,190641,0,0.0,3.35,6.3500000000000005,81.42857142857143,1.0
2024,29,Tierra del Fuego,2024-07-15,94,190641,0,0.0,3.9214285714285713,11.1,82.21428571428572,3.0
2024,30,Tierra del Fuego,2024-07-22,94,190641,0,0.0,1.7,7.5,79.35714285714286,2.0
2024,31,Tierra del Fuego,2024-07-29,94,190641,0,0.0,1.3071428571428572,9.95,83.5,2.0
2024,32,Tierra del Fuego,2024-08-05,94,190641,0,0.0,0.4571428571428572,4.65,87.92857142857143,1.0
2024,33,Tierra del Fuego,2024-08-12,94,190641,0,0.0,3.178571428571429,6.05,87.28571428571428,1.5
2024,34,Tierra del Fuego,2024-08-19,94,190641,0,0.0,4.5,0.15,80.78571428571428,0.0
2024,35,Tierra del Fuego,2024-08-26,94,190641,0,0.0,5.357142857142858,3.6,76.0,1.0
2024,36,Tierra del Fuego,2024-09-02,94,190641,0,0.0,5.821428571428571,1.9,68.57142857142857,1.0
2024,37,Tierra del Fuego,2024-09-09,94,190641,0,0.0,3.507142857142857,6.4,72.85714285714286,1.5
2024,38,Tierra del Fuego,2024-09-16,94,190641,0,0.0,2.9000000000000004,4.2,66.78571428571428,1.0
2024,39,Tierra del Fuego,2024-09-23,94,190641,0,0.0,1.7000000000000002,3.850000000000001,73.0,1.0
2024,40,Tierra del Fuego,2024-09-30,94,190641,0,0.0,3.4714285714285715,3.9,71.07142857142857,1.0
2024,41,Tierra del Fuego,2024-10-07,94,190641,0,0.0,7.935714285714285,2.85,71.35714285714286,1.0
2024,42,Tierra del Fuego,2024-10-14,94,190641,0,0.0,8.82857142857143,2.5,64.78571428571429,0.5
2024,43,Tierra del Fuego,2024-10-21,94,190641,0,0.0,7.442857142857143,5.65,69.14285714285714,1.0
2024,44,Tierra del Fuego,2024-10-28,94,190641,0,0.0,9.02142857142857,12.0,66.5,1.5
2024,45,Tierra del Fuego,2024-11-04,94,190641,0,0.0,6.485714285714286,10.8,76.28571428571428,3.0
2024,46,Tierra del Fuego,2024-11-11,94,190641,0,0.0,8.207142857142857,4.8,69.78571428571428,0.5
2024,47,Tierra del Fuego,2024-11-18,94,190641,0,0.0,10.478571428571428,7.7,62.42857142857143,1.5
2024,48,Tierra del Fuego,2024-11-25,94,190641,0,0.0,8.821428571428571,0.4,67.07142857142857,0.0
2024,49,Tierra del Fuego,2024-12-02,94,190641,0,0.0,7.071428571428571,7.05,70.21428571428572,2.0
2024,50,Tierra del Fuego,2024-12-09,94,190641,0,0.0,10.935714285714283,0.3,61.35714285714286,0.0
2024,51,Tierra del Fuego,2024-12-16,94,190641,0,0.0,9.7,3.35,66.07142857142857,1.0
2024,52,Tierra del Fuego,2024-12-23,94,190641,0,0.0,13.228571428571428,8.2,68.14285714285714,2.0
2025,1,Tierra del Fuego,2024-12-30,94,190641,0,0.0,12.107142857142858,9.75,75.64285714285714,2.0
2025,2,Tierra del Fuego,2025-01-06,94,190641,0,0.0,11.957142857142856,15.65,66.21428571428572,3.0
2025,3,Tierra del Fuego,2025-01-13,94,190641,0,0.0,10.692857142857145,2.3,63.0,0.5
2025,4,Tierra del Fuego,2025-01-20,94,190641,0,0.0,11.921428571428573,24.35,72.35714285714286,3.0
2025,5,Tierra del Fuego,2025-01-27,94,190641,0,0.0,11.735714285714284,5.75,67.57142857142858,1.5
2025,6,Tierra del Fuego,2025-02-03,94,190641,0,0.0,9.242857142857144,1.3,68.07142857142857,0.5
2025,7,Tierra del Fuego,2025-02-10,94,190641,0,0.0,8.392857142857142,13.5,73.5,3.0
2025,8,Tierra del Fuego,2025-02-17,94,190641,0,0.0,10.900000000000002,7.6,64.07142857142857,1.5
2025,9,Tierra del Fuego,2025-02-24,94,190641,0,0.0,7.985714285714286,15.35,77.0,3.0
2025,10,Tierra del Fuego,2025-03-03,94,190641,0,0.0,8.092857142857142,26.95,78.64285714285714,3.5
2025,11,Tierra del Fuego,2025-03-10,94,190641,0,0.0,9.028571428571428,4.800000000000001,71.78571428571429,1.0
2025,12,Tierra del Fuego,2025-03-17,94,190641,0,0.0,9.15,6.15,66.14285714285714,1.0
2025,13,Tierra del Fuego,2025-03-24,94,190641,0,0.0,8.042857142857143,7.4,72.71428571428572,1.5
2025,14,Tierra del Fuego,2025-03-31,94,190641,0,0.0,5.15,7.65,78.42857142857142,1.5
2025,15,Tierra del Fuego,2025-04-07,94,190641,0,0.0,7.664285714285715,0.4,73.71428571428572,0.0
2025,16,Tierra del Fuego,2025-04-14,94,190641,0,0.0,7.128571428571428,4.4,84.78571428571428,1.5
2025,17,Tierra del Fuego,2025-04-21,94,190641,0,0.0,6.335714285714285,10.35,79.0,2.0
2025,18,Tierra del Fuego,2025-04-28,94,190641,0,0.0,6.242857142857142,1.2000000000000002,81.92857142857142,0.5
2025,19,Tierra del Fuego,2025-05-05,94,190641,1,0.5245461364554319,4.635714285714286,4.550000000000001,79.0,1.0
2025,20,Tierra del Fuego,2025-05-12,94,190641,0,0.0,4.15,2.9,75.07142857142857,0.5
2025,21,Tierra del Fuego,2025-05-19,94,190641,1,0.5245461364554319,1.9642857142857144,3.0,81.42857142857143,1.5
2025,22,Tierra del Fuego,2025-05-26,94,190641,0,0.0,2.65,16.9,86.71428571428572,3.0
2025,23,Tierra del Fuego,2025-06-02,94,190641,0,0.0,2.528571428571429,6.15,88.57142857142858,1.0
2025,24,Tierra del Fuego,2025-06-09,94,190641,0,0.0,4.585714285714285,1.0,88.0,0.0
2025,25,Tierra del Fuego,2025-06-16,94,190641,0,0.0,1.8142857142857145,6.9,83.28571428571429,1.5
2025,26,Tierra del Fuego,2025-06-23,94,190641,0,0.0,-0.5214285714285715,3.8000000000000007,84.57142857142858,0.5
2025,27,Tierra del Fuego,2025-06-30,94,190641,0,0.0,1.95,1.05,86.07142857142857,0.0
2025,28,Tierra del Fuego,2025-07-07,94,190641,0,0.0,3.357142857142857,4.15,79.21428571428572,1.0
2025,29,Tierra del Fuego,2025-07-14,94,190641,0,0.0,2.6142857142857143,4.4,81.57142857142858,1.0
2025,30,Tierra del Fuego,2025-07-21,94,190641,0,0.0,1.4928571428571429,1.7,80.57142857142857,0.5
2025,31,Tierra del Fuego,2025-07-28,94,190641,0,0.0,2.021428571428572,2.45,88.0,1.0
2025,32,Tierra del Fuego,2025-08-04,94,190641,0,0.0,3.721428571428572,0.0,78.35714285714286,0.0
2025,33,Tierra del Fuego,2025-08-11,94,190641,0,0.0,3.2214285714285715,1.0,82.57142857142857,0.0
2025,34,Tierra del Fuego,2025-08-18,94,190641,0,0.0,3.5785714285714283,4.3,79.71428571428572,1.0
2025,35,Tierra del Fuego,2025-08-25,94,190641,0,0.0,4.442857142857143,2.55,70.92857142857143,0.5
2025,36,Tierra del Fuego,2025-09-01,94,190641,0,0.0,4.385714285714286,4.0,73.28571428571428,0.5
2025,37,Tierra del Fuego,2025-09-08,94,190641,0,0.0,6.007142857142856,5.15,78.07142857142857,1.0
2025,38,Tierra del Fuego,2025-09-15,94,190641,0,0.0,4.9071428571428575,1.95,71.14285714285714,0.5
2025,39,Tierra del Fuego,2025-09-22,94,190641,0,0.0,5.328571428571429,3.1,75.42857142857143,0.5
2025,40,Tierra del Fuego,2025-09-29,94,190641,0,0.0,5.021428571428571,2.95,67.85714285714286,0.5
2025,41,Tierra del Fuego,2025-10-06,94,190641,0,0.0,6.921428571428571,9.0,66.64285714285714,1.0
2025,42,Tierra del Fuego,2025-10-13,94,190641,0,0.0,7.442857142857143,2.85,71.5,0.5
2018,1,Tucumán,2018-01-01,90,1703186,0,0.0,24.8,8.0,68.71428571428571,2.0
2018,2,Tucumán,2018-01-08,90,1703186,0,0.0,25.714285714285715,32.0,71.57142857142857,3.0
2018,3,Tucumán,2018-01-15,90,1703186,0,0.0,24.442857142857143,38.8,72.71428571428571,2.0
2018,4,Tucumán,2018-01-22,90,1703186,0,0.0,24.11428571428572,278.2,83.28571428571429,5.0
2018,5,Tucumán,2018-01-29,90,1703186,0,0.0,26.12857142857143,62.0,73.57142857142857,2.0
2018,6,Tucumán,2018-02-05,90,1703186,0,0.0,26.357142857142858,14.2,69.85714285714286,1.0
2018,7,Tucumán,2018-02-12,90,1703186,0,0.0,22.571428571428573,15.0,77.57142857142857,1.0
2018,8,Tucumán,2018-02-19,90,1703186,0,0.0,23.8,61.3,75.85714285714286,2.0
2018,9,Tucumán,2018-02-26,90,1703186,0,0.0,24.7,71.0,74.28571428571429,3.0
2018,10,Tucumán,2018-03-05,90,1703186,0,0.0,22.942857142857143,6.0,82.28571428571429,2.0
2018,11,Tucumán,2018-03-12,90,1703186,0,0.0,22.571428571428573,0.0,76.71428571428571,0.0
2018,12,Tucumán,2018-03-19,90,1703186,0,0.0,20.014285714285712,5.0,73.14285714285714,1.0
2018,13,Tucumán,2018-03-26,90,1703186,0,0.0,21.957142857142856,20.0,69.28571428571429,1.0
2018,14,Tucumán,2018-04-02,90,1703186,1,0.058713493417630255,21.885714285714283,2.7,81.14285714285714,1.0
2018,15,Tucumán,2018-04-09,90,1703186,0,0.0,19.32857142857143,2.0,84.71428571428571,1.0
2018,16,Tucumán,2018-04-16,90,1703186,0,0.0,23.82857142857143,0.0,73.85714285714286,0.0
2018,17,Tucumán,2018-04-23,90,1703186,0,0.0,23.285714285714285,2.2,84.71428571428571,1.0
2018,18,Tucumán,2018-04-30,90,1703186,0,0.0,20.814285714285717,17.9,91.0,1.0
2018,19,Tucumán,2018-05-07,90,1703186,0,0.0,19.542857142857144,1.1,82.85714285714286,0.0
2018,20,Tucumán,2018-05-14,90,1703186,0,0.0,15.328571428571427,7.4,81.0,1.0
2018,21,Tucumán,2018-05-21,90,1703186,0,0.0,15.357142857142858,0.0,74.71428571428571,0.0
2018,22,Tucumán,2018-05-28,90,1703186,1,0.058713493417630255,13.085714285714284,9.0,84.14285714285714,3.0
2018,23,Tucumán,2018-06-04,90,1703186,0,0.0,10.928571428571429,0.0,71.14285714285714,0.0
2018,24,Tucumán,2018-06-11,90,1703186,0,0.0,9.7,0.0,68.0,0.0
2018,25,Tucumán,2018-06-18,90,1703186,0,0.0,13.171428571428573,0.0,66.14285714285714,0.0
2018,26,Tucumán,2018-06-25,90,1703186,0,0.0,13.485714285714284,0.0,71.28571428571429,0.0
2018,27,Tucumán,2018-07-02,90,1703186,0,0.0,9.7,9.6,88.14285714285714,3.0
2019,1,Tucumán,2018-12-31,90,1703186,0,0.0,24.785714285714285,46.1,81.85714285714286,3.0
2019,2,Tucumán,2019-01-07,90,1703186,0,0.0,22.914285714285715,62.0,80.28571428571429,4.0
2019,3,Tucumán,2019-01-14,90,1703186,0,0.0,21.814285714285717,9.5,83.71428571428571,2.0
2019,4,Tucumán,2019-01-21,90,1703186,0,0.0,28.1,3.0,75.28571428571429,1.0
2019,5,Tucumán,2019-01-28,90,1703186,0,0.0,25.728571428571428,121.0,80.0,4.0
2019,6,Tucumán,2019-02-04,90,1703186,0,0.0,25.357142857142858,0.0,75.0,0.0
2019,7,Tucumán,2019-02-11,90,1703186,0,0.0,22.014285714285712,16.0,77.57142857142857,1.0
2019,8,Tucumán,2019-02-18,90,1703186,0,0.0,28.77142857142857,0.1,66.71428571428571,0.0
2019,9,Tucumán,2019-02-25,90,1703186,0,0.0,23.2,6.0,79.57142857142857,2.0
2019,10,Tucumán,2019-03-04,90,1703186,0,0.0,20.77142857142857,83.0,88.85714285714286,4.0
2019,11,Tucumán,2019-03-11,90,1703186,0,0.0,20.514285714285712,74.0,84.28571428571429,3.0
2019,12,Tucumán,2019-03-18,90,1703186,0,0.0,19.857142857142858,30.1,80.57142857142857,2.0
2019,13,Tucumán,2019-03-25,90,1703186,1,0.058713493417630255,18.814285714285717,14.0,86.42857142857143,2.0
2019,14,Tucumán,2019-04-01,90,1703186,0,0.0,21.342857142857145,38.0,76.57142857142857,2.0
2019,15,Tucumán,2019-04-08,90,1703186,1,0.058713493417630255,20.65714285714285,0.0,77.57142857142857,0.0
2019,16,Tucumán,2019-04-15,90,1703186,0,0.0,20.571428571428573,61.39999999999999,88.71428571428571,4.0
2019,17,Tucumán,2019-04-22,90,1703186,0,0.0,16.428571428571427,11.1,87.42857142857143,3.0
2019,18,Tucumán,2019-04-29,90,1703186,0,0.0,18.785714285714285,27.0,85.28571428571429,2.0
2019,19,Tucumán,2019-05-06,90,1703186,1,0.058713493417630255,17.928571428571427,6.9,84.57142857142857,1.0
2019,20,Tucumán,2019-05-13,90,1703186,1,0.058713493417630255,16.614285714285714,7.0,75.28571428571429,2.0
2019,21,Tucumán,2019-05-20,90,1703186,1,0.058713493417630255,12.4,16.9,79.28571428571429,1.0
2019,22,Tucumán,2019-05-27,90,1703186,0,0.0,14.214285714285714,2.2,84.0,1.0
2019,23,Tucumán,2019-06-03,90,1703186,0,0.0,14.114285714285714,0.0,78.14285714285714,0.0
2019,24,Tucumán,2019-06-10,90,1703186,0,0.0,15.042857142857144,7.0,84.85714285714286,2.0
2019,25,Tucumán,2019-06-17,90,1703186,0,0.0,12.471428571428572,2.0,77.14285714285714,1.0
2019,26,Tucumán,2019-06-24,90,1703186,0,0.0,11.4,5.0,79.28571428571429,1.0
2019,27,Tucumán,2019-07-01,90,1703186,0,0.0,10.5,0.0,75.0,0.0
2019,28,Tucumán,2019-07-08,90,1703186,0,0.0,14.357142857142858,0.0,74.0,0.0
2019,29,Tucumán,2019-07-15,90,1703186,0,0.0,15.142857142857142,0.2,77.71428571428571,0.0
2019,30,Tucumán,2019-07-22,90,1703186,0,0.0,10.785714285714286,0.0,64.85714285714286,0.0
2019,31,Tucumán,2019-07-29,90,1703186,0,0.0,13.72857142857143,0.0,60.57142857142857,0.0
2019,32,Tucumán,2019-08-05,90,1703186,0,0.0,12.885714285714286,0.0,53.142857142857146,0.0
2019,33,Tucumán,2019-08-12,90,1703186,0,0.0,13.085714285714284,0.0,60.71428571428572,0.0
2019,34,Tucumán,2019-08-19,90,1703186,0,0.0,13.94285714285714,0.0,63.42857142857143,0.0
2019,35,Tucumán,2019-08-26,90,1703186,0,0.0,19.67142857142857,0.0,55.142857142857146,0.0
2019,36,Tucumán,2019-09-02,90,1703186,0,0.0,13.757142857142856,0.0,60.85714285714285,0.0
2019,37,Tucumán,2019-09-09,90,1703186,0,0.0,16.257142857142856,3.5,67.85714285714286,1.0
2019,38,Tucumán,2019-09-16,90,1703186,0,0.0,16.414285714285715,0.5,51.42857142857143,0.0
2019,39,Tucumán,2019-09-23,90,1703186,0,0.0,23.557142857142857,0.0,43.0,0.0
2019,40,Tucumán,2019-09-30,90,1703186,0,0.0,19.5,0.0,54.71428571428572,0.0
2019,41,Tucumán,2019-10-07,90,1703186,0,0.0,26.67142857142857,4.0,48.57142857142857,1.0
2019,42,Tucumán,2019-10-14,90,1703186,0,0.0,15.742857142857142,11.0,76.42857142857143,1.0
2019,43,Tucumán,2019-10-21,90,1703186,0,0.0,24.885714285714283,0.0,49.71428571428572,0.0
2019,44,Tucumán,2019-10-28,90,1703186,0,0.0,23.071428571428573,37.1,71.57142857142857,1.0
2019,45,Tucumán,2019-11-04,90,1703186,0,0.0,23.642857142857142,5.7,75.57142857142857,1.0
2019,46,Tucumán,2019-11-11,90,1703186,0,0.0,26.428571428571427,25.0,61.71428571428572,2.0
2019,47,Tucumán,2019-11-18,90,1703186,0,0.0,26.1,60.1,72.28571428571429,2.0
2019,48,Tucumán,2019-11-25,90,1703186,0,0.0,23.014285714285712,31.0,79.42857142857143,4.0
2019,49,Tucumán,2019-12-02,90,1703186,0,0.0,22.028571428571432,28.0,76.14285714285714,3.0
2019,50,Tucumán,2019-12-09,90,1703186,0,0.0,25.8,5.0,64.0,1.0
2019,51,Tucumán,2019-12-16,90,1703186,0,0.0,25.82857142857143,6.0,61.57142857142857,1.0
2019,52,Tucumán,2019-12-23,90,1703186,0,0.0,28.414285714285715,5.0,57.85714285714285,1.0
2020,1,Tucumán,2019-12-30,90,1703186,0,0.0,26.97142857142857,20.5,69.85714285714286,2.0
2020,2,Tucumán,2020-01-06,90,1703186,0,0.0,26.9,144.0,71.14285714285714,2.0
2020,3,Tucumán,2020-01-13,90,1703186,0,0.0,25.214285714285715,92.2,78.85714285714286,1.0
2020,4,Tucumán,2020-01-20,90,1703186,0,0.0,27.342857142857145,38.3,71.85714285714286,2.0
2020,5,Tucumán,2020-01-27,90,1703186,0,0.0,25.17142857142857,2.0,72.57142857142857,1.0
2020,6,Tucumán,2020-02-03,90,1703186,1,0.058713493417630255,26.014285714285712,157.7,79.57142857142857,4.0
2020,7,Tucumán,2020-02-10,90,1703186,0,0.0,24.285714285714285,0.6000000000000001,83.71428571428571,0.0
2020,8,Tucumán,2020-02-17,90,1703186,0,0.0,21.32857142857143,50.0,79.14285714285714,2.0
2020,9,Tucumán,2020-02-24,90,1703186,2,0.11742698683526051,24.585714285714285,1.0,70.57142857142857,0.0
2020,10,Tucumán,2020-03-02,90,1703186,10,0.5871349341763025,26.25714285714286,0.0,71.57142857142857,0.0
2020,11,Tucumán,2020-03-09,90,1703186,15,0.8807024012644538,26.514285714285712,21.3,75.42857142857143,2.0
2020,12,Tucumán,2020-03-16,90,1703186,74,4.344798512904639,22.857142857142858,2.0,78.57142857142857,1.0
2020,13,Tucumán,2020-03-23,90,1703186,125,7.339186677203782,23.485714285714288,29.200000000000003,77.57142857142857,1.0
2020,14,Tucumán,2020-03-30,90,1703186,372,21.841419551358456,21.65714285714285,54.0,84.14285714285714,3.0
2020,15,Tucumán,2020-04-06,90,1703186,737,43.2718446487935,18.75714285714286,6.0,79.0,1.0
2020,16,Tucumán,2020-04-13,90,1703186,1198,70.33876511432103,19.52857142857143,0.0,72.28571428571429,0.0
2020,17,Tucumán,2020-04-20,90,1703186,1409,82.72731222544103,23.057142857142857,1.1,75.0,0.0
2020,18,Tucumán,2020-04-27,90,1703186,1070,62.823437956864375,18.47142857142857,0.7,82.28571428571429,0.0
2020,19,Tucumán,2020-05-04,90,1703186,971,57.01080210851897,15.957142857142856,0.0,74.0,0.0
2020,20,Tucumán,2020-05-11,90,1703186,917,53.84027346396694,16.228571428571428,0.0,68.14285714285714,0.0
2020,21,Tucumán,2020-05-18,90,1703186,579,33.995112688807914,15.428571428571429,0.0,67.28571428571429,0.0
2020,22,Tucumán,2020-05-25,90,1703186,361,21.195571123764523,15.071428571428571,0.0,66.0,0.0
2020,23,Tucumán,2020-06-01,90,1703186,97,5.695208861510134,11.971428571428572,0.8,68.28571428571429,0.0
2020,24,Tucumán,2020-06-08,90,1703186,18,1.0568428815173445,15.714285714285714,0.0,69.14285714285714,0.0
2020,25,Tucumán,2020-06-15,90,1703186,6,0.3522809605057815,14.685714285714283,0.0,67.42857142857143,0.0
2020,26,Tucumán,2020-06-22,90,1703186,1,0.058713493417630255,12.3,3.0,75.14285714285714,1.0
2020,27,Tucumán,2020-06-29,90,1703186,4,0.23485397367052102,10.514285714285714,0.0,65.42857142857143,0.0
2020,28,Tucumán,2020-07-06,90,1703186,0,0.0,9.87142857142857,0.0,67.85714285714286,0.0
2020,29,Tucumán,2020-07-13,90,1703186,0,0.0,13.742857142857144,0.0,65.71428571428571,0.0
2020,30,Tucumán,2020-07-20,90,1703186,0,0.0,12.171428571428573,0.0,67.71428571428571,0.0
2020,31,Tucumán,2020-07-27,90,1703186,0,0.0,12.428571428571429,0.0,51.57142857142857,0.0
2020,32,Tucumán,2020-08-03,90,1703186,0,0.0,18.728571428571428,0.0,55.285714285714285,0.0
2020,33,Tucumán,2020-08-10,90,1703186,0,0.0,13.285714285714286,0.0,47.285714285714285,0.0
2020,34,Tucumán,2020-08-17,90,1703186,0,0.0,12.514285714285714,0.0,45.85714285714285,0.0
2020,35,Tucumán,2020-08-24,90,1703186,0,0.0,17.142857142857142,0.2,54.0,0.0
2020,36,Tucumán,2020-08-31,90,1703186,0,0.0,13.771428571428572,0.0,61.142857142857146,0.0
2020,37,Tucumán,2020-09-07,90,1703186,0,0.0,20.057142857142857,0.0,53.71428571428572,0.0
2020,38,Tucumán,2020-09-14,90,1703186,0,0.0,19.642857142857142,0.0,39.0,0.0
2020,39,Tucumán,2020-09-21,90,1703186,0,0.0,23.485714285714288,0.0,39.57142857142857,0.0
2020,40,Tucumán,2020-09-28,90,1703186,0,0.0,20.885714285714283,0.0,42.57142857142857,0.0
2020,41,Tucumán,2020-10-05,90,1703186,0,0.0,22.085714285714285,0.0,45.142857142857146,0.0
2020,42,Tucumán,2020-10-12,90,1703186,0,0.0,25.27142857142857,0.0,44.42857142857143,0.0
2020,43,Tucumán,2020-10-19,90,1703186,0,0.0,24.0,4.5,72.14285714285714,2.0
2020,44,Tucumán,2020-10-26,90,1703186,0,0.0,22.15714285714285,6.0,43.85714285714285,1.0
2020,45,Tucumán,2020-11-02,90,1703186,0,0.0,25.25714285714286,0.0,37.0,0.0
2020,46,Tucumán,2020-11-09,90,1703186,0,0.0,24.02857142857143,61.79999999999999,72.42857142857143,2.0
2020,47,Tucumán,2020-11-16,90,1703186,0,0.0,23.82857142857143,39.5,60.285714285714285,1.0
2020,48,Tucumán,2020-11-23,90,1703186,0,0.0,27.62857142857143,40.0,62.42857142857143,2.0
2020,49,Tucumán,2020-11-30,90,1703186,0,0.0,21.985714285714288,18.0,74.0,3.0
2020,50,Tucumán,2020-12-07,90,1703186,0,0.0,27.142857142857142,0.0,58.285714285714285,0.0
2020,51,Tucumán,2020-12-14,90,1703186,0,0.0,26.057142857142857,2.3,55.285714285714285,1.0
2020,52,Tucumán,2020-12-21,90,1703186,0,0.0,26.714285714285715,37.0,59.42857142857143,3.0
2020,53,Tucumán,2020-12-28,90,1703186,0,0.0,25.38571428571429,136.1,72.0,1.0
2021,1,Tucumán,2021-01-04,90,1703186,0,0.0,24.085714285714285,69.3,78.0,2.0
2021,2,Tucumán,2021-01-11,90,1703186,0,0.0,23.728571428571428,72.0,85.33333333333333,4.0
2021,3,Tucumán,2021-01-18,90,1703186,0,0.0,25.15714285714285,0.0,64.42857142857143,0.0
2021,4,Tucumán,2021-01-25,90,1703186,0,0.0,25.9,45.0,70.42857142857143,2.0
2021,5,Tucumán,2021-02-01,90,1703186,0,0.0,22.414285714285715,10.0,78.85714285714286,2.0
2021,6,Tucumán,2021-02-08,90,1703186,0,0.0,22.62857142857143,100.1,77.14285714285714,2.0
2021,7,Tucumán,2021-02-15,90,1703186,0,0.0,23.285714285714285,10.5,82.42857142857143,1.0
2021,8,Tucumán,2021-02-22,90,1703186,1,0.058713493417630255,25.057142857142857,53.7,83.0,2.0
2021,9,Tucumán,2021-03-01,90,1703186,0,0.0,24.52857142857143,43.0,78.42857142857143,3.0
2021,10,Tucumán,2021-03-08,90,1703186,1,0.058713493417630255,24.12857142857143,19.0,81.85714285714286,3.0
2021,11,Tucumán,2021-03-15,90,1703186,0,0.0,20.057142857142857,14.1,87.42857142857143,2.0
2021,12,Tucumán,2021-03-22,90,1703186,0,0.0,20.6,17.0,84.85714285714286,3.0
2021,13,Tucumán,2021-03-29,90,1703186,0,0.0,20.928571428571427,0.0,81.57142857142857,0.0
2021,14,Tucumán,2021-04-05,90,1703186,0,0.0,21.928571428571427,3.0,87.57142857142857,1.0
2021,15,Tucumán,2021-04-12,90,1703186,0,0.0,21.0,1.0,79.0,0.0
2021,16,Tucumán,2021-04-19,90,1703186,4,0.23485397367052102,21.357142857142858,17.4,82.28571428571429,3.0
2021,17,Tucumán,2021-04-26,90,1703186,1,0.058713493417630255,18.314285714285717,0.0,76.57142857142857,0.0
2021,18,Tucumán,2021-05-03,90,1703186,6,0.3522809605057815,14.657142857142857,23.0,79.57142857142857,2.0
2021,19,Tucumán,2021-05-10,90,1703186,3,0.17614048025289075,15.44285714285714,1.6,79.28571428571429,0.0
2021,20,Tucumán,2021-05-17,90,1703186,1,0.058713493417630255,16.97142857142857,0.0,79.71428571428571,0.0
2021,21,Tucumán,2021-05-24,90,1703186,2,0.11742698683526051,14.528571428571428,0.0,71.14285714285714,0.0
2021,22,Tucumán,2021-05-31,90,1703186,1,0.058713493417630255,16.157142857142855,0.0,71.85714285714286,0.0
2021,23,Tucumán,2021-06-07,90,1703186,0,0.0,15.114285714285714,0.0,77.85714285714286,0.0
2021,24,Tucumán,2021-06-14,90,1703186,3,0.17614048025289075,8.842857142857143,6.3,82.71428571428571,2.0
2021,25,Tucumán,2021-06-21,90,1703186,0,0.0,9.7,3.0,80.14285714285714,1.0
2021,26,Tucumán,2021-06-28,90,1703186,0,0.0,9.342857142857143,0.0,65.0,0.0
2021,27,Tucumán,2021-07-05,90,1703186,0,0.0,15.785714285714286,0.0,64.0,0.0
2021,28,Tucumán,2021-07-12,90,1703186,0,0.0,13.0,0.0,66.14285714285714,0.0
2021,29,Tucumán,2021-07-19,90,1703186,0,0.0,13.528571428571428,0.0,58.285714285714285,0.0
2021,30,Tucumán,2021-07-26,90,1703186,0,0.0,10.528571428571428,0.0,56.57142857142857,0.0
2022,1,Tucumán,2022-01-03,90,1703186,0,0.0,26.82857142857143,22.0,66.0,2.0
2022,2,Tucumán,2022-01-10,90,1703186,0,0.0,31.61428571428572,21.0,40.285714285714285,1.0
2022,3,Tucumán,2022-01-17,90,1703186,0,0.0,25.214285714285715,57.7,79.42857142857143,3.0
2022,4,Tucumán,2022-01-24,90,1703186,0,0.0,23.957142857142856,40.5,80.85714285714286,3.0
2022,5,Tucumán,2022-01-31,90,1703186,0,0.0,24.385714285714283,34.0,71.57142857142857,3.0
2022,6,Tucumán,2022-02-07,90,1703186,0,0.0,23.12857142857143,11.0,72.14285714285714,1.0
2022,7,Tucumán,2022-02-14,90,1703186,0,0.0,25.17142857142857,25.0,71.71428571428571,3.0
2022,8,Tucumán,2022-02-21,90,1703186,0,0.0,23.27142857142857,50.9,85.14285714285714,1.0
2022,9,Tucumán,2022-02-28,90,1703186,0,0.0,24.285714285714285,106.0,83.14285714285714,2.0
2022,10,Tucumán,2022-03-07,90,1703186,0,0.0,20.75714285714286,52.0,88.57142857142857,4.0
2022,11,Tucumán,2022-03-14,90,1703186,0,0.0,20.857142857142858,5.0,78.57142857142857,1.0
2022,12,Tucumán,2022-03-21,90,1703186,0,0.0,19.74285714285714,6.0,72.28571428571429,1.0
2022,13,Tucumán,2022-03-28,90,1703186,0,0.0,18.02857142857143,0.0,62.85714285714285,0.0
2022,14,Tucumán,2022-04-04,90,1703186,0,0.0,21.442857142857143,0.0,79.71428571428571,0.0
2022,15,Tucumán,2022-04-11,90,1703186,0,0.0,18.62857142857143,116.0,82.57142857142857,3.0
2022,16,Tucumán,2022-04-18,90,1703186,0,0.0,18.557142857142857,0.0,81.0,0.0
2022,17,Tucumán,2022-04-25,90,1703186,0,0.0,17.857142857142858,1.0,77.85714285714286,0.0
2022,18,Tucumán,2022-05-02,90,1703186,0,0.0,16.271428571428572,0.0,71.14285714285714,0.0
2022,19,Tucumán,2022-05-09,90,1703186,0,0.0,17.614285714285714,0.3,80.14285714285714,0.0
2022,20,Tucumán,2022-05-16,90,1703186,0,0.0,12.6,0.0,73.42857142857143,0.0
2022,21,Tucumán,2022-05-23,90,1703186,0,0.0,14.05714285714286,0.6,82.85714285714286,0.0
2022,22,Tucumán,2022-05-30,90,1703186,0,0.0,9.685714285714283,0.0,79.28571428571429,0.0
2022,23,Tucumán,2022-06-06,90,1703186,0,0.0,13.642857142857142,1.3,77.42857142857143,1.0
2022,24,Tucumán,2022-06-13,90,1703186,0,0.0,11.7,0.0,64.57142857142857,0.0
2022,25,Tucumán,2022-06-20,90,1703186,0,0.0,9.785714285714286,0.6,77.85714285714286,0.0
2022,26,Tucumán,2022-06-27,90,1703186,0,0.0,11.671428571428573,0.3,72.85714285714286,0.0
2022,27,Tucumán,2022-07-04,90,1703186,0,0.0,14.428571428571429,0.0,63.85714285714285,0.0
2022,28,Tucumán,2022-07-11,90,1703186,0,0.0,10.257142857142856,2.0,62.285714285714285,1.0
2022,29,Tucumán,2022-07-18,90,1703186,0,0.0,14.385714285714286,0.0,68.14285714285714,0.0
2022,30,Tucumán,2022-07-25,90,1703186,0,0.0,16.771428571428572,6.5,72.71428571428571,1.0
2022,31,Tucumán,2022-08-01,90,1703186,0,0.0,14.828571428571427,3.0,65.14285714285714,1.0
2022,32,Tucumán,2022-08-08,90,1703186,0,0.0,13.55714285714286,0.0,64.0,0.0
2022,33,Tucumán,2022-08-15,90,1703186,0,0.0,13.685714285714283,0.0,44.85714285714285,0.0
2022,34,Tucumán,2022-08-22,90,1703186,0,0.0,18.15714285714285,0.0,44.285714285714285,0.0
2022,35,Tucumán,2022-08-29,90,1703186,0,0.0,15.228571428571428,0.0,45.42857142857143,0.0
2022,36,Tucumán,2022-09-05,90,1703186,0,0.0,16.814285714285713,0.0,35.285714285714285,0.0
2022,37,Tucumán,2022-09-12,90,1703186,0,0.0,19.2,0.0,34.142857142857146,0.0
2022,38,Tucumán,2022-09-19,90,1703186,0,0.0,15.9,1.2,56.57142857142857,0.0
2022,39,Tucumán,2022-09-26,90,1703186,0,0.0,18.1,26.0,61.71428571428572,2.0
2022,40,Tucumán,2022-10-03,90,1703186,0,0.0,21.62857142857143,0.0,39.285714285714285,0.0
2022,41,Tucumán,2022-10-10,90,1703186,0,0.0,18.414285714285715,4.0,42.142857142857146,1.0
2022,42,Tucumán,2022-10-17,90,1703186,0,0.0,18.357142857142858,9.3,73.42857142857143,2.0
2022,43,Tucumán,2022-10-24,90,1703186,0,0.0,26.82857142857143,0.0,39.57142857142857,0.0
2022,44,Tucumán,2022-10-31,90,1703186,0,0.0,20.32857142857143,0.0,27.571428571428573,0.0
2022,45,Tucumán,2022-11-07,90,1703186,0,0.0,24.814285714285717,29.000000000000004,51.85714285714285,3.0
2022,46,Tucumán,2022-11-14,90,1703186,0,0.0,27.728571428571428,63.3,47.42857142857143,2.0
2022,47,Tucumán,2022-11-21,90,1703186,0,0.0,25.857142857142858,0.0,48.0,0.0
2022,48,Tucumán,2022-11-28,90,1703186,0,0.0,25.857142857142858,4.0,52.57142857142857,1.0
2022,49,Tucumán,2022-12-05,90,1703186,0,0.0,30.4,14.0,49.142857142857146,2.0
2022,50,Tucumán,2022-12-12,90,1703186,0,0.0,24.571428571428573,45.5,66.14285714285714,3.0
2023,1,Tucumán,2023-01-02,90,1703186,0,0.0,25.985714285714288,0.2,55.57142857142857,0.0
2023,2,Tucumán,2023-01-09,90,1703186,0,0.0,26.3,42.0,56.85714285714285,1.0
2023,3,Tucumán,2023-01-16,90,1703186,0,0.0,27.885714285714283,11.0,63.42857142857143,1.0
2023,4,Tucumán,2023-01-23,90,1703186,0,0.0,26.87142857142857,107.6,71.14285714285714,2.0
2023,5,Tucumán,2023-01-30,90,1703186,39,2.28982624328758,25.214285714285715,49.3,75.14285714285714,3.0
2023,6,Tucumán,2023-02-06,90,1703186,181,10.627142308591075,27.957142857142856,0.0,66.28571428571429,0.0
2023,7,Tucumán,2023-02-13,90,1703186,197,11.566558203273159,22.32857142857143,7.200000000000001,73.0,2.0
2023,8,Tucumán,2023-02-20,90,1703186,180,10.568428815173446,24.514285714285712,51.7,69.14285714285714,2.0
2023,9,Tucumán,2023-02-27,90,1703186,390,22.8982624328758,26.814285714285717,0.0,65.14285714285714,0.0
2023,10,Tucumán,2023-03-06,90,1703186,1018,59.770336299147594,28.185714285714287,17.0,66.28571428571429,1.0
2023,11,Tucumán,2023-03-13,90,1703186,2026,118.9535376641189,27.25714285714286,12.6,66.28571428571429,1.0
2023,12,Tucumán,2023-03-20,90,1703186,2959,173.73322702276792,26.428571428571427,89.0,73.57142857142857,2.0
2023,13,Tucumán,2023-03-27,90,1703186,3534,207.49348573790533,21.585714285714285,10.5,84.28571428571429,1.0
2023,14,Tucumán,2023-04-03,90,1703186,2922,171.56082776631558,21.385714285714283,24.0,84.42857142857143,2.0
2023,15,Tucumán,2023-04-10,90,1703186,3417,200.62400700804258,19.071428571428573,83.9,85.14285714285714,3.0
2023,16,Tucumán,2023-04-17,90,1703186,2376,139.50326036028946,18.65714285714285,23.0,79.0,2.0
2023,17,Tucumán,2023-04-24,90,1703186,1456,85.48684641606965,19.542857142857144,0.0,80.57142857142857,0.0
2023,18,Tucumán,2023-05-01,90,1703186,881,51.72658770093225,14.9,0.0,72.28571428571429,0.0
2023,19,Tucumán,2023-05-08,90,1703186,537,31.529145965267446,18.485714285714288,0.0,74.42857142857143,0.0
2023,20,Tucumán,2023-05-15,90,1703186,471,27.65405539970385,18.428571428571427,11.0,84.28571428571429,2.0
2023,21,Tucumán,2023-05-22,90,1703186,440,25.83393710375731,18.014285714285712,11.0,84.85714285714286,2.0
2023,22,Tucumán,2023-05-29,90,1703186,456,26.773352998439396,15.642857142857142,1.2,85.85714285714286,1.0
2023,23,Tucumán,2023-06-05,90,1703186,254,14.913227328078085,16.7,0.0,79.42857142857143,0.0
2023,24,Tucumán,2023-06-12,90,1703186,101,5.930062835180656,9.385714285714286,0.0,68.0,0.0
2023,25,Tucumán,2023-06-19,90,1703186,52,3.053101657716773,13.171428571428573,1.4,85.71428571428571,0.0
2023,26,Tucumán,2023-06-26,90,1703186,36,2.113685763034689,14.94285714285714,0.7,82.57142857142857,0.0
2023,27,Tucumán,2023-07-03,90,1703186,73,4.286085019487008,17.5,4.0,84.85714285714286,1.0
2023,28,Tucumán,2023-07-10,90,1703186,113,6.634624756192218,11.771428571428572,8.3,85.57142857142857,1.0
2023,29,Tucumán,2023-07-17,90,1703186,51,2.994388164299143,12.028571428571428,3.2,81.0,1.0
2023,30,Tucumán,2023-07-24,90,1703186,2,0.11742698683526051,13.028571428571428,0.0,68.85714285714286,0.0
2023,31,Tucumán,2023-07-31,90,1703186,1,0.058713493417630255,19.071428571428573,0.0,66.57142857142857,0.0
2023,32,Tucumán,2023-08-07,90,1703186,0,0.0,14.485714285714286,2.5,60.57142857142857,1.0
2023,33,Tucumán,2023-08-14,90,1703186,1,0.058713493417630255,17.82857142857143,0.0,58.71428571428572,0.0
2023,34,Tucumán,2023-08-21,90,1703186,0,0.0,17.014285714285712,0.0,55.0,0.0
2023,35,Tucumán,2023-08-28,90,1703186,0,0.0,17.1,3.8,57.42857142857143,1.0
2023,36,Tucumán,2023-09-04,90,1703186,0,0.0,14.55714285714286,2.0,83.42857142857143,0.0
2023,37,Tucumán,2023-09-11,90,1703186,0,0.0,20.02857142857143,0.0,42.0,0.0
2023,38,Tucumán,2023-09-18,90,1703186,0,0.0,20.042857142857144,1.8000000000000005,61.285714285714285,0.0
2023,39,Tucumán,2023-09-25,90,1703186,0,0.0,18.814285714285717,0.3,64.0,0.0
2023,40,Tucumán,2023-10-02,90,1703186,0,0.0,21.37142857142857,0.0,45.42857142857143,0.0
2023,41,Tucumán,2023-10-09,90,1703186,0,0.0,21.428571428571427,0.0,40.57142857142857,0.0
2023,42,Tucumán,2023-10-16,90,1703186,0,0.0,22.27142857142857,17.0,66.85714285714286,2.0
2023,43,Tucumán,2023-10-23,90,1703186,0,0.0,21.62857142857143,34.9,82.0,2.0
2023,44,Tucumán,2023-10-30,90,1703186,0,0.0,18.67142857142857,1.1,64.57142857142857,0.0
2023,45,Tucumán,2023-11-06,90,1703186,0,0.0,26.24285714285714,0.0,55.71428571428572,0.0
2023,46,Tucumán,2023-11-13,90,1703186,0,0.0,24.6,0.1,61.0,0.0
2023,47,Tucumán,2023-11-20,90,1703186,0,0.0,24.642857142857142,29.000000000000004,70.85714285714286,3.0
2023,48,Tucumán,2023-11-27,90,1703186,0,0.0,24.957142857142856,53.3,79.57142857142857,4.0
2023,49,Tucumán,2023-12-04,90,1703186,0,0.0,21.642857142857142,7.200000000000001,79.14285714285714,1.0
2023,50,Tucumán,2023-12-11,90,1703186,0,0.0,28.4,11.0,73.0,3.0
2023,51,Tucumán,2023-12-18,90,1703186,0,0.0,23.17142857142857,55.2,87.0,4.0
2023,52,Tucumán,2023-12-25,90,1703186,8,0.46970794734104204,25.085714285714285,87.0,78.42857142857143,2.0
2024,1,Tucumán,2024-01-01,90,1703186,24,1.409123842023126,26.6,17.0,74.57142857142857,1.0
2024,2,Tucumán,2024-01-08,90,1703186,37,2.1723992564523193,24.557142857142857,68.9,85.14285714285714,3.0
2024,3,Tucumán,2024-01-15,90,1703186,57,3.3466691248049245,24.74285714285714,21.2,81.57142857142857,2.0
2024,4,Tucumán,2024-01-22,90,1703186,115,6.752051743027479,25.457142857142856,0.0,65.71428571428571,0.0
2024,5,Tucumán,2024-01-29,90,1703186,222,13.034395538713916,29.12857142857143,0.0,60.285714285714285,0.0
2024,6,Tucumán,2024-02-05,90,1703186,426,25.011948195910488,27.428571428571427,45.8,73.0,2.0
2024,7,Tucumán,2024-02-12,90,1703186,1221,71.68917546292654,24.685714285714287,40.7,79.57142857142857,2.0
2024,8,Tucumán,2024-02-19,90,1703186,1573,92.35632514593239,24.3,36.0,81.14285714285714,4.0
2024,9,Tucumán,2024-02-26,90,1703186,2362,138.68127145244267,25.057142857142857,41.8,89.0,2.0
2024,10,Tucumán,2024-03-04,90,1703186,4663,273.78101980640986,23.714285714285715,66.7,88.85714285714286,3.0
2024,11,Tucumán,2024-03-11,90,1703186,6420,376.9406277411862,27.928571428571427,76.19999999999999,83.14285714285714,2.0
2024,12,Tucumán,2024-03-18,90,1703186,10820,635.2799987787594,23.542857142857144,12.4,82.71428571428571,2.0
2024,13,Tucumán,2024-03-25,90,1703186,10828,635.7497067261004,25.47142857142857,0.0,78.85714285714286,0.0
2024,14,Tucumán,2024-04-01,90,1703186,10711,628.8802279962376,20.357142857142858,8.3,91.42857142857144,2.0
2024,15,Tucumán,2024-04-08,90,1703186,9684,568.5814702563314,17.571428571428573,37.5,92.85714285714286,4.0
2024,16,Tucumán,2024-04-15,90,1703186,9188,539.4595775211867,20.4,0.0,73.85714285714286,0.0
2024,17,Tucumán,2024-04-22,90,1703186,6308,370.36471647841165,17.985714285714288,6.2,93.85714285714286,2.0
2024,18,Tucumán,2024-04-29,90,1703186,4283,251.46989230771035,16.185714285714287,3.1,88.85714285714286,1.0
2024,19,Tucumán,2024-05-06,90,1703186,2294,134.6887539000438,14.642857142857142,4.1,84.85714285714286,1.0
2024,20,Tucumán,2024-05-13,90,1703186,1292,75.85783349557828,10.314285714285717,0.8,81.0,0.0
2024,21,Tucumán,2024-05-20,90,1703186,612,35.93265797158971,10.928571428571429,5.800000000000001,84.57142857142857,2.0
2024,22,Tucumán,2024-05-27,90,1703186,125,7.339186677203782,11.857142857142858,0.0,76.57142857142857,0.0
2024,23,Tucumán,2024-06-03,90,1703186,32,1.8788317893641682,15.342857142857143,0.0,74.85714285714286,0.0
2024,24,Tucumán,2024-06-10,90,1703186,25,1.4678373354407563,17.04285714285714,0.0,80.85714285714286,0.0
2024,25,Tucumán,2024-06-17,90,1703186,9,0.5284214407586723,14.657142857142857,6.4,85.14285714285714,1.0
2024,26,Tucumán,2024-06-24,90,1703186,43,2.524680216958101,9.742857142857144,0.3,72.71428571428571,0.0
2024,27,Tucumán,2024-07-01,90,1703186,0,0.0,11.228571428571428,0.0,64.14285714285714,0.0
2024,28,Tucumán,2024-07-08,90,1703186,0,0.0,6.7,0.0,67.28571428571429,0.0
2024,29,Tucumán,2024-07-15,90,1703186,0,0.0,11.05714285714286,0.0,67.71428571428571,0.0
2024,30,Tucumán,2024-07-22,90,1703186,0,0.0,14.7,0.0,65.14285714285714,0.0
2024,31,Tucumán,2024-07-29,90,1703186,0,0.0,15.62857142857143,0.0,59.285714285714285,0.0
2024,32,Tucumán,2024-08-05,90,1703186,0,0.0,12.928571428571429,2.9,58.142857142857146,1.0
2024,33,Tucumán,2024-08-12,90,1703186,0,0.0,15.042857142857144,0.0,52.57142857142857,0.0
2024,34,Tucumán,2024-08-19,90,1703186,0,0.0,11.0,4.8,85.0,1.0
2024,35,Tucumán,2024-08-26,90,1703186,1,0.058713493417630255,14.771428571428572,0.0,57.42857142857143,0.0
2024,36,Tucumán,2024-09-02,90,1703186,0,0.0,18.67142857142857,0.0,49.57142857142857,0.0
2024,37,Tucumán,2024-09-09,90,1703186,0,0.0,18.75714285714286,0.0,56.85714285714285,0.0
2024,38,Tucumán,2024-09-16,90,1703186,0,0.0,24.414285714285715,0.0,41.0,0.0
2024,39,Tucumán,2024-09-23,90,1703186,0,0.0,21.31428571428572,11.1,55.71428571428572,1.0
2024,40,Tucumán,2024-09-30,90,1703186,0,0.0,23.942857142857143,0.0,44.85714285714285,0.0
2024,41,Tucumán,2024-10-07,90,1703186,0,0.0,20.914285714285715,89.8,78.42857142857143,4.0
2024,42,Tucumán,2024-10-14,90,1703186,0,0.0,23.585714285714285,6.0,77.42857142857143,1.0
2024,43,Tucumán,2024-10-21,90,1703186,0,0.0,23.071428571428573,3.0,64.0,1.0
2024,44,Tucumán,2024-10-28,90,1703186,0,0.0,24.8,38.0,67.0,2.0
2024,45,Tucumán,2024-11-04,90,1703186,1,0.058713493417630255,21.9,19.8,85.14285714285714,2.0
2024,46,Tucumán,2024-11-11,90,1703186,0,0.0,23.8,4.0,58.57142857142857,1.0
2024,47,Tucumán,2024-11-18,90,1703186,0,0.0,22.342857142857145,7.300000000000001,83.28571428571429,1.0
2024,48,Tucumán,2024-11-25,90,1703186,0,0.0,24.514285714285712,66.7,87.42857142857143,5.0
2024,49,Tucumán,2024-12-02,90,1703186,0,0.0,22.228571428571428,16.0,69.85714285714286,3.0
2024,50,Tucumán,2024-12-09,90,1703186,1,0.058713493417630255,24.6,25.1,71.71428571428571,1.0
2024,51,Tucumán,2024-12-16,90,1703186,0,0.0,25.985714285714288,6.8,62.42857142857143,1.0
2024,52,Tucumán,2024-12-23,90,1703186,0,0.0,25.9,2.0,61.85714285714285,0.0
2025,1,Tucumán,2024-12-30,90,1703186,2,0.11742698683526051,25.785714285714285,26.0,67.42857142857143,1.0
2025,2,Tucumán,2025-01-06,90,1703186,1,0.058713493417630255,26.071428571428573,13.4,69.71428571428571,2.0
2025,3,Tucumán,2025-01-13,90,1703186,6,0.3522809605057815,27.47142857142857,14.0,54.142857142857146,2.0
2025,4,Tucumán,2025-01-20,90,1703186,9,0.5284214407586723,25.75714285714286,44.0,74.85714285714286,3.0
2025,5,Tucumán,2025-01-27,90,1703186,8,0.46970794734104204,26.442857142857143,37.0,74.28571428571429,1.0
2025,6,Tucumán,2025-02-03,90,1703186,27,1.5852643222760168,30.314285714285717,1.3,61.0,1.0
2025,7,Tucumán,2025-02-10,90,1703186,32,1.8788317893641682,27.928571428571427,18.0,68.71428571428571,3.0
2025,8,Tucumán,2025-02-17,90,1703186,76,4.462225499739899,26.67142857142857,28.7,73.42857142857143,1.0
2025,9,Tucumán,2025-02-24,90,1703186,70,4.109944539234118,27.942857142857143,4.7,70.71428571428571,3.0
2025,10,Tucumán,2025-03-03,90,1703186,139,8.161175585050605,26.74285714285714,134.0,68.85714285714286,2.0
2025,11,Tucumán,2025-03-10,90,1703186,242,14.20866540706652,19.27142857142857,5.8,89.14285714285714,2.0
2025,12,Tucumán,2025-03-17,90,1703186,125,7.339186677203782,23.985714285714288,19.4,76.71428571428571,2.0
2025,13,Tucumán,2025-03-24,90,1703186,160,9.39415894682084,20.342857142857145,28.0,92.28571428571428,3.0
2025,14,Tucumán,2025-03-31,90,1703186,165,9.687726413908992,16.04285714285714,4.0,78.57142857142857,1.0
2025,15,Tucumán,2025-04-07,90,1703186,67,3.933804058981227,18.75714285714286,0.0,80.28571428571429,0.0
2025,16,Tucumán,2025-04-14,90,1703186,81,4.755792966828051,19.32857142857143,63.3,84.85714285714286,2.0
2025,17,Tucumán,2025-04-21,90,1703186,92,5.401641394421983,18.32857142857143,9.1,88.85714285714286,1.0
2025,18,Tucumán,2025-04-28,90,1703186,60,3.522809605057815,19.62857142857143,0.0,79.14285714285714,0.0
2025,19,Tucumán,2025-05-05,90,1703186,64,3.7576635787283363,20.74285714285714,14.1,85.14285714285714,3.0
2025,20,Tucumán,2025-05-12,90,1703186,70,4.109944539234118,19.842857142857145,0.0,79.57142857142857,0.0
2025,21,Tucumán,2025-05-19,90,1703186,82,4.81450646024568,15.428571428571429,0.0,86.85714285714286,0.0
2025,22,Tucumán,2025-05-26,90,1703186,42,2.4659667235404705,11.342857142857143,9.0,78.28571428571429,1.0
2025,23,Tucumán,2025-06-02,90,1703186,10,0.5871349341763025,14.228571428571428,0.0,82.0,0.0
2025,24,Tucumán,2025-06-09,90,1703186,5,0.29356746708815123,13.014285714285714,0.6,79.57142857142857,0.0
2025,25,Tucumán,2025-06-16,90,1703186,4,0.23485397367052102,10.94285714285714,0.0,73.85714285714286,0.0
2025,26,Tucumán,2025-06-23,90,1703186,0,0.0,9.657142857142857,3.0,64.42857142857143,1.0
2025,27,Tucumán,2025-06-30,90,1703186,0,0.0,8.87142857142857,0.0,72.42857142857143,0.0
2025,28,Tucumán,2025-07-07,90,1703186,0,0.0,15.657142857142857,17.7,82.57142857142857,2.0
2025,29,Tucumán,2025-07-14,90,1703186,0,0.0,14.0,0.0,68.85714285714286,0.0
2025,30,Tucumán,2025-07-21,90,1703186,0,0.0,12.714285714285714,2.1,84.14285714285714,0.0
2025,31,Tucumán,2025-07-28,90,1703186,0,0.0,13.071428571428571,0.0,77.42857142857143,0.0
2025,32,Tucumán,2025-08-04,90,1703186,0,0.0,12.9,2.8,69.57142857142857,1.0
2025,33,Tucumán,2025-08-11,90,1703186,0,0.0,14.328571428571427,0.0,67.14285714285714,0.0
2025,34,Tucumán,2025-08-18,90,1703186,0,0.0,14.614285714285714,0.0,56.285714285714285,0.0
2025,35,Tucumán,2025-08-25,90,1703186,0,0.0,16.814285714285713,0.0,44.57142857142857,0.0
2025,36,Tucumán,2025-09-01,90,1703186,0,0.0,13.414285714285716,0.0,62.285714285714285,0.0
2025,37,Tucumán,2025-09-08,90,1703186,0,0.0,20.214285714285715,0.0,50.57142857142857,0.0
2025,38,Tucumán,2025-09-15,90,1703186,0,0.0,24.17142857142857,0.0,65.0,0.0
2025,39,Tucumán,2025-09-22,90,1703186,0,0.0,20.885714285714283,0.0,42.57142857142857,0.0
2025,40,Tucumán,2025-09-29,90,1703186,0,0.0,23.02857142857143,1.6,54.57142857142857,1.0
2025,41,Tucumán,2025-10-06,90,1703186,0,0.0,22.15714285714285,0.0,29.714285714285715,0.0
2025,42,Tucumán,2025-10-13,90,1703186,0,0.0,22.82857142857143,60.99999999999999,55.57142857142857,2.0
