año,SE,provincia,casos_acumulados,casos_previos,variacion
2018,1,Buenos Aires,0,,
2018,2,Buenos Aires,0,0,0
2018,3,Buenos Aires,0,0,0
2018,4,Buenos Aires,0,0,0
2018,5,Buenos Aires,0,0,0
2018,6,Buenos Aires,2,0,2
2018,7,Buenos Aires,2,2,0
2018,8,Buenos Aires,4,2,2
2018,9,Buenos Aires,11,4,7
2018,10,Buenos Aires,15,11,4
2018,11,Buenos Aires,20,15,5
2018,12,Buenos Aires,19,20,-1
2018,13,Buenos Aires,20,19,1
2018,14,Buenos Aires,33,20,13
2018,15,Buenos Aires,29,33,-4
2018,16,Buenos Aires,30,29,1
2018,17,Buenos Aires,23,30,-7
2018,18,Buenos Aires,33,23,10
2018,19,Buenos Aires,12,33,-21
2018,20,Buenos Aires,3,12,-9
2018,21,Buenos Aires,6,3,3
2018,22,Buenos Aires,0,6,-6
2018,23,Buenos Aires,0,0,0
2018,24,Buenos Aires,1,0,1
2018,25,Buenos Aires,0,1,-1
2018,26,Buenos Aires,0,0,0
2018,27,Buenos Aires,0,0,0
2019,1,Buenos Aires,0,,
2019,2,Buenos Aires,0,0,0
2019,3,Buenos Aires,1,0,1
2019,4,Buenos Aires,0,1,-1
2019,5,Buenos Aires,0,0,0
2019,6,Buenos Aires,1,0,1
2019,7,Buenos Aires,5,1,4
2019,8,Buenos Aires,1,5,-4
2019,9,Buenos Aires,8,1,7
2019,10,Buenos Aires,0,8,-8
2019,11,Buenos Aires,4,0,4
2019,12,Buenos Aires,7,4,3
2019,13,Buenos Aires,10,7,3
2019,14,Buenos Aires,8,10,-2
2019,15,Buenos Aires,9,8,1
2019,16,Buenos Aires,9,9,0
2019,17,Buenos Aires,6,9,-3
2019,18,Buenos Aires,4,6,-2
2019,19,Buenos Aires,4,4,0
2019,20,Buenos Aires,0,4,-4
2019,21,Buenos Aires,2,0,2
2019,22,Buenos Aires,0,2,-2
2019,23,Buenos Aires,1,0,1
2019,24,Buenos Aires,0,1,-1
2019,25,Buenos Aires,0,0,0
2019,26,Buenos Aires,1,0,1
2019,27,Buenos Aires,0,1,-1
2019,28,Buenos Aires,0,0,0
2019,29,Buenos Aires,0,0,0
2019,30,Buenos Aires,0,0,0
2019,31,Buenos Aires,0,0,0
2019,32,Buenos Aires,0,0,0
2019,33,Buenos Aires,0,0,0
2019,34,Buenos Aires,0,0,0
2019,35,Buenos Aires,0,0,0
2019,36,Buenos Aires,0,0,0
2019,37,Buenos Aires,0,0,0
2019,38,Buenos Aires,0,0,0
2019,39,Buenos Aires,0,0,0
2019,40,Buenos Aires,0,0,0
2019,41,Buenos Aires,0,0,0
2019,42,Buenos Aires,0,0,0
2019,43,Buenos Aires,0,0,0
2019,44,Buenos Aires,0,0,0
2019,45,Buenos Aires,0,0,0
2019,46,Buenos Aires,0,0,0
2019,47,Buenos Aires,0,0,0
2019,48,Buenos Aires,0,0,0
2019,49,Buenos Aires,1,0,1
2019,50,Buenos Aires,0,1,-1
2019,51,Buenos Aires,1,0,1
2019,52,Buenos Aires,0,1,-1
2020,1,Buenos Aires,1,,
2020,2,Buenos Aires,2,1,1
2020,3,Buenos Aires,8,2,6
2020,4,Buenos Aires,16,8,8
2020,5,Buenos Aires,34,16,18
2020,6,Buenos Aires,54,34,20
2020,7,Buenos Aires,147,54,93
2020,8,Buenos Aires,314,147,167
2020,9,Buenos Aires,505,314,191
2020,10,Buenos Aires,999,505,494
2020,11,Buenos Aires,1811,999,812
2020,12,Buenos Aires,1235,1811,-576
2020,13,Buenos Aires,1095,1235,-140
2020,14,Buenos Aires,1760,1095,665
2020,15,Buenos Aires,1480,1760,-280
2020,16,Buenos Aires,1109,1480,-371
2020,17,Buenos Aires,811,1109,-298
2020,18,Buenos Aires,741,811,-70
2020,19,Buenos Aires,429,741,-312
2020,20,Buenos Aires,273,429,-156
2020,21,Buenos Aires,138,273,-135
2020,22,Buenos Aires,75,138,-63
2020,23,Buenos Aires,17,75,-58
2020,24,Buenos Aires,18,17,1
2020,25,Buenos Aires,1,18,-17
2020,26,Buenos Aires,1,1,0
2020,27,Buenos Aires,1,1,0
2020,28,Buenos Aires,0,1,-1
2020,29,Buenos Aires,3,0,3
2020,30,Buenos Aires,1,3,-2
2020,31,Buenos Aires,0,1,-1
2020,32,Buenos Aires,1,0,1
2020,33,Buenos Aires,0,1,-1
2020,34,Buenos Aires,0,0,0
2020,35,Buenos Aires,0,0,0
2020,36,Buenos Aires,1,0,1
2020,37,Buenos Aires,0,1,-1
2020,38,Buenos Aires,1,0,1
2020,39,Buenos Aires,2,1,1
2020,40,Buenos Aires,1,2,-1
2020,41,Buenos Aires,0,1,-1
2020,42,Buenos Aires,1,0,1
2020,43,Buenos Aires,0,1,-1
2020,44,Buenos Aires,1,0,1
2020,45,Buenos Aires,1,1,0
2020,46,Buenos Aires,0,1,-1
2020,47,Buenos Aires,2,0,2
2020,48,Buenos Aires,5,2,3
2020,49,Buenos Aires,0,5,-5
2020,50,Buenos Aires,0,0,0
2020,51,Buenos Aires,1,0,1
2020,52,Buenos Aires,1,1,0
2020,53,Buenos Aires,1,1,0
2021,1,Buenos Aires,0,,
2021,2,Buenos Aires,0,0,0
2021,3,Buenos Aires,0,0,0
2021,4,Buenos Aires,0,0,0
2021,5,Buenos Aires,0,0,0
2021,6,Buenos Aires,0,0,0
2021,7,Buenos Aires,0,0,0
2021,8,Buenos Aires,0,0,0
2021,9,Buenos Aires,0,0,0
2021,10,Buenos Aires,3,0,3
2021,11,Buenos Aires,1,3,-2
2021,12,Buenos Aires,2,1,1
2021,13,Buenos Aires,2,2,0
2021,14,Buenos Aires,2,2,0
2021,15,Buenos Aires,3,2,1
2021,16,Buenos Aires,0,3,-3
2021,17,Buenos Aires,1,0,1
2021,18,Buenos Aires,0,1,-1
2021,19,Buenos Aires,0,0,0
2021,20,Buenos Aires,0,0,0
2021,21,Buenos Aires,0,0,0
2021,22,Buenos Aires,0,0,0
2021,23,Buenos Aires,0,0,0
2021,24,Buenos Aires,0,0,0
2021,25,Buenos Aires,0,0,0
2021,26,Buenos Aires,0,0,0
2021,27,Buenos Aires,0,0,0
2021,28,Buenos Aires,0,0,0
2021,29,Buenos Aires,0,0,0
2021,30,Buenos Aires,0,0,0
2022,1,Buenos Aires,0,,
2022,2,Buenos Aires,0,0,0
2022,3,Buenos Aires,0,0,0
2022,4,Buenos Aires,2,0,2
2022,5,Buenos Aires,0,2,-2
2022,6,Buenos Aires,0,0,0
2022,7,Buenos Aires,5,0,5
2022,8,Buenos Aires,7,5,2
2022,9,Buenos Aires,9,7,2
2022,10,Buenos Aires,11,9,2
2022,11,Buenos Aires,8,11,-3
2022,12,Buenos Aires,10,8,2
2022,13,Buenos Aires,14,10,4
2022,14,Buenos Aires,23,14,9
2022,15,Buenos Aires,18,23,-5
2022,16,Buenos Aires,15,18,-3
2022,17,Buenos Aires,16,15,1
2022,18,Buenos Aires,7,16,-9
2022,19,Buenos Aires,4,7,-3
2022,20,Buenos Aires,4,4,0
2022,21,Buenos Aires,0,4,-4
2022,22,Buenos Aires,0,0,0
2022,23,Buenos Aires,0,0,0
2022,24,Buenos Aires,0,0,0
2022,25,Buenos Aires,0,0,0
2022,26,Buenos Aires,0,0,0
2022,27,Buenos Aires,0,0,0
2022,28,Buenos Aires,0,0,0
2022,29,Buenos Aires,0,0,0
2022,30,Buenos Aires,0,0,0
2022,31,Buenos Aires,0,0,0
2022,32,Buenos Aires,1,0,1
2022,33,Buenos Aires,0,1,-1
2022,34,Buenos Aires,0,0,0
2022,35,Buenos Aires,0,0,0
2022,36,Buenos Aires,0,0,0
2022,37,Buenos Aires,0,0,0
2022,38,Buenos Aires,0,0,0
2022,39,Buenos Aires,0,0,0
2022,40,Buenos Aires,1,0,1
2022,41,Buenos Aires,0,1,-1
2022,42,Buenos Aires,0,0,0
2022,43,Buenos Aires,0,0,0
2022,44,Buenos Aires,0,0,0
2022,45,Buenos Aires,0,0,0
2022,46,Buenos Aires,0,0,0
2022,47,Buenos Aires,0,0,0
2022,48,Buenos Aires,3,0,3
2022,49,Buenos Aires,1,3,-2
2022,50,Buenos Aires,0,1,-1
2023,1,Buenos Aires,7,,
2023,2,Buenos Aires,7,7,0
2023,3,Buenos Aires,6,7,-1
2023,4,Buenos Aires,8,6,2
2023,5,Buenos Aires,22,8,14
2023,6,Buenos Aires,25,22,3
2023,7,Buenos Aires,44,25,19
2023,8,Buenos Aires,94,44,50
2023,9,Buenos Aires,265,94,171
2023,10,Buenos Aires,620,265,355
2023,11,Buenos Aires,1477,620,857
2023,12,Buenos Aires,3331,1477,1854
2023,13,Buenos Aires,4504,3331,1173
2023,14,Buenos Aires,3539,4504,-965
2023,15,Buenos Aires,3728,3539,189
2023,16,Buenos Aires,2430,3728,-1298
2023,17,Buenos Aires,1120,2430,-1310
2023,18,Buenos Aires,958,1120,-162
2023,19,Buenos Aires,566,958,-392
2023,20,Buenos Aires,318,566,-248
2023,21,Buenos Aires,157,318,-161
2023,22,Buenos Aires,135,157,-22
2023,23,Buenos Aires,64,135,-71
2023,24,Buenos Aires,27,64,-37
2023,25,Buenos Aires,9,27,-18
2023,26,Buenos Aires,4,9,-5
2023,27,Buenos Aires,8,4,4
2023,28,Buenos Aires,9,8,1
2023,29,Buenos Aires,1,9,-8
2023,30,Buenos Aires,8,1,7
2023,31,Buenos Aires,7,8,-1
2023,32,Buenos Aires,3,7,-4
2023,33,Buenos Aires,0,3,-3
2023,34,Buenos Aires,2,0,2
2023,35,Buenos Aires,1,2,-1
2023,36,Buenos Aires,0,1,-1
2023,37,Buenos Aires,0,0,0
2023,38,Buenos Aires,3,0,3
2023,39,Buenos Aires,4,3,1
2023,40,Buenos Aires,4,4,0
2023,41,Buenos Aires,3,4,-1
2023,42,Buenos Aires,7,3,4
2023,43,Buenos Aires,0,7,-7
2023,44,Buenos Aires,13,0,13
2023,45,Buenos Aires,4,13,-9
2023,46,Buenos Aires,9,4,5
2023,47,Buenos Aires,9,9,0
2023,48,Buenos Aires,15,9,6
2023,49,Buenos Aires,13,15,-2
2023,50,Buenos Aires,33,13,20
2023,51,Buenos Aires,42,33,9
2023,52,Buenos Aires,72,42,30
2024,1,Buenos Aires,211,,
2024,2,Buenos Aires,411,211,200
2024,3,Buenos Aires,412,411,1
2024,4,Buenos Aires,550,412,138
2024,5,Buenos Aires,930,550,380
2024,6,Buenos Aires,2163,930,1233
2024,7,Buenos Aires,4954,2163,2791
2024,8,Buenos Aires,8834,4954,3880
2024,9,Buenos Aires,11820,8834,2986
2024,10,Buenos Aires,15179,11820,3359
2024,11,Buenos Aires,17680,15179,2501
2024,12,Buenos Aires,19195,17680,1515
2024,13,Buenos Aires,15647,19195,-3548
2024,14,Buenos Aires,13768,15647,-1879
2024,15,Buenos Aires,8170,13768,-5598
2024,16,Buenos Aires,5674,8170,-2496
2024,17,Buenos Aires,4022,5674,-1652
2024,18,Buenos Aires,2271,4022,-1751
2024,19,Buenos Aires,1078,2271,-1193
2024,20,Buenos Aires,576,1078,-502
2024,21,Buenos Aires,219,576,-357
2024,22,Buenos Aires,75,219,-144
2024,23,Buenos Aires,29,75,-46
2024,24,Buenos Aires,23,29,-6
2024,25,Buenos Aires,11,23,-12
2024,26,Buenos Aires,7,11,-4
2024,27,Buenos Aires,0,7,-7
2024,28,Buenos Aires,1,0,1
2024,29,Buenos Aires,0,1,-1
2024,30,Buenos Aires,0,0,0
2024,31,Buenos Aires,0,0,0
2024,32,Buenos Aires,0,0,0
2024,33,Buenos Aires,0,0,0
2024,34,Buenos Aires,1,0,1
2024,35,Buenos Aires,0,1,-1
2024,36,Buenos Aires,1,0,1
2024,37,Buenos Aires,0,1,-1
2024,38,Buenos Aires,0,0,0
2024,39,Buenos Aires,0,0,0
2024,40,Buenos Aires,0,0,0
2024,41,Buenos Aires,1,0,1
2024,42,Buenos Aires,3,1,2
2024,43,Buenos Aires,2,3,-1
2024,44,Buenos Aires,1,2,-1
2024,45,Buenos Aires,2,1,1
2024,46,Buenos Aires,0,2,-2
2024,47,Buenos Aires,1,0,1
2024,48,Buenos Aires,1,1,0
2024,49,Buenos Aires,4,1,3
2024,50,Buenos Aires,2,4,-2
2024,51,Buenos Aires,1,2,-1
2024,52,Buenos Aires,0,1,-1
2025,1,Buenos Aires,0,,
2025,2,Buenos Aires,4,0,4
2025,3,Buenos Aires,2,4,-2
2025,4,Buenos Aires,2,2,0
2025,5,Buenos Aires,4,2,2
2025,6,Buenos Aires,10,4,6
2025,7,Buenos Aires,16,10,6
2025,8,Buenos Aires,20,16,4
2025,9,Buenos Aires,18,20,-2
2025,10,Buenos Aires,34,18,16
2025,11,Buenos Aires,78,34,44
2025,12,Buenos Aires,62,78,-16
2025,13,Buenos Aires,77,62,15
2025,14,Buenos Aires,90,77,13
2025,15,Buenos Aires,61,90,-29
2025,16,Buenos Aires,60,61,-1
2025,17,Buenos Aires,43,60,-17
2025,18,Buenos Aires,42,43,-1
2025,19,Buenos Aires,25,42,-17
2025,20,Buenos Aires,14,25,-11
2025,21,Buenos Aires,12,14,-2
2025,22,Buenos Aires,1,12,-11
2025,23,Buenos Aires,2,1,1
2025,24,Buenos Aires,2,2,0
2025,25,Buenos Aires,0,2,-2
2025,26,Buenos Aires,1,0,1
2025,27,Buenos Aires,1,1,0
2025,28,Buenos Aires,1,1,0
2025,29,Buenos Aires,0,1,-1
2025,30,Buenos Aires,0,0,0
2025,31,Buenos Aires,1,0,1
2025,32,Buenos Aires,1,1,0
2025,33,Buenos Aires,0,1,-1
2025,34,Buenos Aires,0,0,0
2025,35,Buenos Aires,1,0,1
2025,36,Buenos Aires,0,1,-1
2025,37,Buenos Aires,0,0,0
2025,38,Buenos Aires,0,0,0
2025,39,Buenos Aires,0,0,0
2025,40,Buenos Aires,0,0,0
2025,41,Buenos Aires,0,0,0
2025,42,Buenos Aires,0,0,0
2018,1,Catamarca,0,,
2018,2,Catamarca,0,0,0
2018,3,Catamarca,0,0,0
2018,4,Catamarca,0,0,0
2018,5,Catamarca,0,0,0
2018,6,Catamarca,0,0,0
2018,7,Catamarca,0,0,0
2018,8,Catamarca,0,0,0
2018,9,Catamarca,0,0,0
2018,10,Catamarca,0,0,0
2018,11,Catamarca,0,0,0
2018,12,Catamarca,0,0,0
2018,13,Catamarca,0,0,0
2018,14,Catamarca,0,0,0
2018,15,Catamarca,0,0,0
2018,16,Catamarca,0,0,0
2018,17,Catamarca,0,0,0
2018,18,Catamarca,0,0,0
2018,19,Catamarca,0,0,0
2018,20,Catamarca,0,0,0
2018,21,Catamarca,0,0,0
2018,22,Catamarca,0,0,0
2018,23,Catamarca,0,0,0
2018,24,Catamarca,0,0,0
2018,25,Catamarca,0,0,0
2018,26,Catamarca,0,0,0
2018,27,Catamarca,0,0,0
2019,1,Catamarca,0,,
2019,2,Catamarca,0,0,0
2019,3,Catamarca,0,0,0
2019,4,Catamarca,0,0,0
2019,5,Catamarca,0,0,0
2019,6,Catamarca,0,0,0
2019,7,Catamarca,0,0,0
2019,8,Catamarca,0,0,0
2019,9,Catamarca,0,0,0
2019,10,Catamarca,0,0,0
2019,11,Catamarca,0,0,0
2019,12,Catamarca,0,0,0
2019,13,Catamarca,0,0,0
2019,14,Catamarca,0,0,0
2019,15,Catamarca,0,0,0
2019,16,Catamarca,0,0,0
2019,17,Catamarca,0,0,0
2019,18,Catamarca,0,0,0
2019,19,Catamarca,0,0,0
2019,20,Catamarca,0,0,0
2019,21,Catamarca,0,0,0
2019,22,Catamarca,0,0,0
2019,23,Catamarca,0,0,0
2019,24,Catamarca,0,0,0
2019,25,Catamarca,0,0,0
2019,26,Catamarca,0,0,0
2019,27,Catamarca,0,0,0
2019,28,Catamarca,0,0,0
2019,29,Catamarca,0,0,0
2019,30,Catamarca,0,0,0
2019,31,Catamarca,0,0,0
2019,32,Catamarca,0,0,0
2019,33,Catamarca,0,0,0
2019,34,Catamarca,0,0,0
2019,35,Catamarca,0,0,0
2019,36,Catamarca,0,0,0
2019,37,Catamarca,0,0,0
2019,38,Catamarca,0,0,0
2019,39,Catamarca,0,0,0
2019,40,Catamarca,0,0,0
2019,41,Catamarca,0,0,0
2019,42,Catamarca,0,0,0
2019,43,Catamarca,0,0,0
2019,44,Catamarca,0,0,0
2019,45,Catamarca,0,0,0
2019,46,Catamarca,0,0,0
2019,47,Catamarca,0,0,0
2019,48,Catamarca,0,0,0
2019,49,Catamarca,0,0,0
2019,50,Catamarca,0,0,0
2019,51,Catamarca,0,0,0
2019,52,Catamarca,0,0,0
2020,1,Catamarca,0,,
2020,2,Catamarca,0,0,0
2020,3,Catamarca,0,0,0
2020,4,Catamarca,0,0,0
2020,5,Catamarca,0,0,0
2020,6,Catamarca,0,0,0
2020,7,Catamarca,1,0,1
2020,8,Catamarca,5,1,4
2020,9,Catamarca,11,5,6
2020,10,Catamarca,11,11,0
2020,11,Catamarca,43,11,32
2020,12,Catamarca,70,43,27
2020,13,Catamarca,50,70,-20
2020,14,Catamarca,30,50,-20
2020,15,Catamarca,12,30,-18
2020,16,Catamarca,15,12,3
2020,17,Catamarca,30,15,15
2020,18,Catamarca,25,30,-5
2020,19,Catamarca,7,25,-18
2020,20,Catamarca,9,7,2
2020,21,Catamarca,5,9,-4
2020,22,Catamarca,2,5,-3
2020,23,Catamarca,0,2,-2
2020,24,Catamarca,0,0,0
2020,25,Catamarca,0,0,0
2020,26,Catamarca,0,0,0
2020,27,Catamarca,0,0,0
2020,28,Catamarca,0,0,0
2020,29,Catamarca,0,0,0
2020,30,Catamarca,0,0,0
2020,31,Catamarca,0,0,0
2020,32,Catamarca,0,0,0
2020,33,Catamarca,0,0,0
2020,34,Catamarca,0,0,0
2020,35,Catamarca,0,0,0
2020,36,Catamarca,0,0,0
2020,37,Catamarca,0,0,0
2020,38,Catamarca,0,0,0
2020,39,Catamarca,0,0,0
2020,40,Catamarca,0,0,0
2020,41,Catamarca,0,0,0
2020,42,Catamarca,0,0,0
2020,43,Catamarca,0,0,0
2020,44,Catamarca,0,0,0
2020,45,Catamarca,0,0,0
2020,46,Catamarca,0,0,0
2020,47,Catamarca,0,0,0
2020,48,Catamarca,0,0,0
2020,49,Catamarca,0,0,0
2020,50,Catamarca,0,0,0
2020,51,Catamarca,0,0,0
2020,52,Catamarca,0,0,0
2020,53,Catamarca,0,0,0
2021,1,Catamarca,0,,
2021,2,Catamarca,0,0,0
2021,3,Catamarca,0,0,0
2021,4,Catamarca,0,0,0
2021,5,Catamarca,0,0,0
2021,6,Catamarca,0,0,0
2021,7,Catamarca,0,0,0
2021,8,Catamarca,0,0,0
2021,9,Catamarca,0,0,0
2021,10,Catamarca,0,0,0
2021,11,Catamarca,0,0,0
2021,12,Catamarca,0,0,0
2021,13,Catamarca,0,0,0
2021,14,Catamarca,0,0,0
2021,15,Catamarca,0,0,0
2021,16,Catamarca,0,0,0
2021,17,Catamarca,1,0,1
2021,18,Catamarca,1,1,0
2021,19,Catamarca,1,1,0
2021,20,Catamarca,0,1,-1
2021,21,Catamarca,0,0,0
2021,22,Catamarca,0,0,0
2021,23,Catamarca,0,0,0
2021,24,Catamarca,0,0,0
2021,25,Catamarca,0,0,0
2021,26,Catamarca,0,0,0
2021,27,Catamarca,0,0,0
2021,28,Catamarca,0,0,0
2021,29,Catamarca,0,0,0
2021,30,Catamarca,0,0,0
2022,1,Catamarca,0,,
2022,2,Catamarca,0,0,0
2022,3,Catamarca,0,0,0
2022,4,Catamarca,1,0,1
2022,5,Catamarca,0,1,-1
2022,6,Catamarca,0,0,0
2022,7,Catamarca,0,0,0
2022,8,Catamarca,0,0,0
2022,9,Catamarca,0,0,0
2022,10,Catamarca,0,0,0
2022,11,Catamarca,0,0,0
2022,12,Catamarca,1,0,1
2022,13,Catamarca,0,1,-1
2022,14,Catamarca,0,0,0
2022,15,Catamarca,0,0,0
2022,16,Catamarca,0,0,0
2022,17,Catamarca,0,0,0
2022,18,Catamarca,0,0,0
2022,19,Catamarca,0,0,0
2022,20,Catamarca,0,0,0
2022,21,Catamarca,0,0,0
2022,22,Catamarca,0,0,0
2022,23,Catamarca,0,0,0
2022,24,Catamarca,0,0,0
2022,25,Catamarca,0,0,0
2022,26,Catamarca,0,0,0
2022,27,Catamarca,0,0,0
2022,28,Catamarca,0,0,0
2022,29,Catamarca,0,0,0
2022,30,Catamarca,0,0,0
2022,31,Catamarca,0,0,0
2022,32,Catamarca,0,0,0
2022,33,Catamarca,0,0,0
2022,34,Catamarca,0,0,0
2022,35,Catamarca,0,0,0
2022,36,Catamarca,0,0,0
2022,37,Catamarca,0,0,0
2022,38,Catamarca,0,0,0
2022,39,Catamarca,0,0,0
2022,40,Catamarca,0,0,0
2022,41,Catamarca,0,0,0
2022,42,Catamarca,0,0,0
2022,43,Catamarca,0,0,0
2022,44,Catamarca,0,0,0
2022,45,Catamarca,0,0,0
2022,46,Catamarca,0,0,0
2022,47,Catamarca,0,0,0
2022,48,Catamarca,0,0,0
2022,49,Catamarca,0,0,0
2022,50,Catamarca,0,0,0
2023,1,Catamarca,0,,
2023,2,Catamarca,0,0,0
2023,3,Catamarca,0,0,0
2023,4,Catamarca,0,0,0
2023,5,Catamarca,0,0,0
2023,6,Catamarca,0,0,0
2023,7,Catamarca,0,0,0
2023,8,Catamarca,0,0,0
2023,9,Catamarca,5,0,5
2023,10,Catamarca,28,5,23
2023,11,Catamarca,34,28,6
2023,12,Catamarca,57,34,23
2023,13,Catamarca,157,57,100
2023,14,Catamarca,157,157,0
2023,15,Catamarca,145,157,-12
2023,16,Catamarca,133,145,-12
2023,17,Catamarca,111,133,-22
2023,18,Catamarca,100,111,-11
2023,19,Catamarca,39,100,-61
2023,20,Catamarca,35,39,-4
2023,21,Catamarca,35,35,0
2023,22,Catamarca,18,35,-17
2023,23,Catamarca,11,18,-7
2023,24,Catamarca,4,11,-7
2023,25,Catamarca,0,4,-4
2023,26,Catamarca,0,0,0
2023,27,Catamarca,0,0,0
2023,28,Catamarca,1,0,1
2023,29,Catamarca,0,1,-1
2023,30,Catamarca,0,0,0
2023,31,Catamarca,0,0,0
2023,32,Catamarca,0,0,0
2023,33,Catamarca,0,0,0
2023,34,Catamarca,0,0,0
2023,35,Catamarca,0,0,0
2023,36,Catamarca,0,0,0
2023,37,Catamarca,1,0,1
2023,38,Catamarca,0,1,-1
2023,39,Catamarca,0,0,0
2023,40,Catamarca,0,0,0
2023,41,Catamarca,0,0,0
2023,42,Catamarca,0,0,0
2023,43,Catamarca,0,0,0
2023,44,Catamarca,1,0,1
2023,45,Catamarca,0,1,-1
2023,46,Catamarca,0,0,0
2023,47,Catamarca,0,0,0
2023,48,Catamarca,0,0,0
2023,49,Catamarca,0,0,0
2023,50,Catamarca,0,0,0
2023,51,Catamarca,0,0,0
2023,52,Catamarca,1,0,1
2024,1,Catamarca,2,,
2024,2,Catamarca,6,2,4
2024,3,Catamarca,32,6,26
2024,4,Catamarca,124,32,92
2024,5,Catamarca,321,124,197
2024,6,Catamarca,659,321,338
2024,7,Catamarca,1001,659,342
2024,8,Catamarca,1026,1001,25
2024,9,Catamarca,886,1026,-140
2024,10,Catamarca,1094,886,208
2024,11,Catamarca,916,1094,-178
2024,12,Catamarca,962,916,46
2024,13,Catamarca,702,962,-260
2024,14,Catamarca,1046,702,344
2024,15,Catamarca,893,1046,-153
2024,16,Catamarca,501,893,-392
2024,17,Catamarca,301,501,-200
2024,18,Catamarca,213,301,-88
2024,19,Catamarca,125,213,-88
2024,20,Catamarca,37,125,-88
2024,21,Catamarca,6,37,-31
2024,22,Catamarca,4,6,-2
2024,23,Catamarca,3,4,-1
2024,24,Catamarca,1,3,-2
2024,25,Catamarca,0,1,-1
2024,26,Catamarca,0,0,0
2024,27,Catamarca,0,0,0
2024,28,Catamarca,0,0,0
2024,29,Catamarca,0,0,0
2024,30,Catamarca,0,0,0
2024,31,Catamarca,0,0,0
2024,32,Catamarca,0,0,0
2024,33,Catamarca,0,0,0
2024,34,Catamarca,0,0,0
2024,35,Catamarca,0,0,0
2024,36,Catamarca,0,0,0
2024,37,Catamarca,0,0,0
2024,38,Catamarca,0,0,0
2024,39,Catamarca,0,0,0
2024,40,Catamarca,0,0,0
2024,41,Catamarca,0,0,0
2024,42,Catamarca,0,0,0
2024,43,Catamarca,0,0,0
2024,44,Catamarca,0,0,0
2024,45,Catamarca,0,0,0
2024,46,Catamarca,0,0,0
2024,47,Catamarca,0,0,0
2024,48,Catamarca,0,0,0
2024,49,Catamarca,0,0,0
2024,50,Catamarca,0,0,0
2024,51,Catamarca,0,0,0
2024,52,Catamarca,0,0,0
2025,1,Catamarca,0,,
2025,2,Catamarca,0,0,0
2025,3,Catamarca,2,0,2
2025,4,Catamarca,0,2,-2
2025,5,Catamarca,1,0,1
2025,6,Catamarca,0,1,-1
2025,7,Catamarca,0,0,0
2025,8,Catamarca,0,0,0
2025,9,Catamarca,1,0,1
2025,10,Catamarca,2,1,1
2025,11,Catamarca,3,2,1
2025,12,Catamarca,1,3,-2
2025,13,Catamarca,0,1,-1
2025,14,Catamarca,3,0,3
2025,15,Catamarca,1,3,-2
2025,16,Catamarca,0,1,-1
2025,17,Catamarca,0,0,0
2025,18,Catamarca,0,0,0
2025,19,Catamarca,0,0,0
2025,20,Catamarca,1,0,1
2025,21,Catamarca,1,1,0
2025,22,Catamarca,0,1,-1
2025,23,Catamarca,0,0,0
2025,24,Catamarca,0,0,0
2025,25,Catamarca,1,0,1
2025,26,Catamarca,0,1,-1
2025,27,Catamarca,0,0,0
2025,28,Catamarca,0,0,0
2025,29,Catamarca,0,0,0
2025,30,Catamarca,0,0,0
2025,31,Catamarca,0,0,0
2025,32,Catamarca,0,0,0
2025,33,Catamarca,0,0,0
2025,34,Catamarca,0,0,0
2025,35,Catamarca,0,0,0
2025,36,Catamarca,0,0,0
2025,37,Catamarca,0,0,0
2025,38,Catamarca,0,0,0
2025,39,Catamarca,0,0,0
2025,40,Catamarca,0,0,0
2025,41,Catamarca,0,0,0
2025,42,Catamarca,0,0,0
2018,1,Chaco,0,,
2018,2,Chaco,0,0,0
2018,3,Chaco,0,0,0
2018,4,Chaco,1,0,1
2018,5,Chaco,0,1,-1
2018,6,Chaco,0,0,0
2018,7,Chaco,0,0,0
2018,8,Chaco,0,0,0
2018,9,Chaco,0,0,0
2018,10,Chaco,1,0,1
2018,11,Chaco,1,1,0
2018,12,Chaco,7,1,6
2018,13,Chaco,14,7,7
2018,14,Chaco,17,14,3
2018,15,Chaco,13,17,-4
2018,16,Chaco,56,13,43
2018,17,Chaco,76,56,20
2018,18,Chaco,84,76,8
2018,19,Chaco,139,84,55
2018,20,Chaco,105,139,-34
2018,21,Chaco,35,105,-70
2018,22,Chaco,16,35,-19
2018,23,Chaco,15,16,-1
2018,24,Chaco,0,15,-15
2018,25,Chaco,0,0,0
2018,26,Chaco,0,0,0
2018,27,Chaco,1,0,1
2019,1,Chaco,0,,
2019,2,Chaco,1,0,1
2019,3,Chaco,0,1,-1
2019,4,Chaco,0,0,0
2019,5,Chaco,0,0,0
2019,6,Chaco,0,0,0
2019,7,Chaco,0,0,0
2019,8,Chaco,1,0,1
2019,9,Chaco,0,1,-1
2019,10,Chaco,1,0,1
2019,11,Chaco,2,1,1
2019,12,Chaco,3,2,1
2019,13,Chaco,2,3,-1
2019,14,Chaco,4,2,2
2019,15,Chaco,7,4,3
2019,16,Chaco,2,7,-5
2019,17,Chaco,3,2,1
2019,18,Chaco,8,3,5
2019,19,Chaco,23,8,15
2019,20,Chaco,33,23,10
2019,21,Chaco,16,33,-17
2019,22,Chaco,6,16,-10
2019,23,Chaco,0,6,-6
2019,24,Chaco,2,0,2
2019,25,Chaco,1,2,-1
2019,26,Chaco,2,1,1
2019,27,Chaco,1,2,-1
2019,28,Chaco,0,1,-1
2019,29,Chaco,0,0,0
2019,30,Chaco,0,0,0
2019,31,Chaco,0,0,0
2019,32,Chaco,0,0,0
2019,33,Chaco,0,0,0
2019,34,Chaco,0,0,0
2019,35,Chaco,0,0,0
2019,36,Chaco,1,0,1
2019,37,Chaco,0,1,-1
2019,38,Chaco,0,0,0
2019,39,Chaco,0,0,0
2019,40,Chaco,0,0,0
2019,41,Chaco,0,0,0
2019,42,Chaco,0,0,0
2019,43,Chaco,0,0,0
2019,44,Chaco,0,0,0
2019,45,Chaco,0,0,0
2019,46,Chaco,0,0,0
2019,47,Chaco,0,0,0
2019,48,Chaco,1,0,1
2019,49,Chaco,0,1,-1
2019,50,Chaco,0,0,0
2019,51,Chaco,0,0,0
2019,52,Chaco,0,0,0
2020,1,Chaco,0,,
2020,2,Chaco,0,0,0
2020,3,Chaco,2,0,2
2020,4,Chaco,4,2,2
2020,5,Chaco,7,4,3
2020,6,Chaco,15,7,8
2020,7,Chaco,22,15,7
2020,8,Chaco,55,22,33
2020,9,Chaco,95,55,40
2020,10,Chaco,151,95,56
2020,11,Chaco,215,151,64
2020,12,Chaco,187,215,-28
2020,13,Chaco,209,187,22
2020,14,Chaco,238,209,29
2020,15,Chaco,224,238,-14
2020,16,Chaco,371,224,147
2020,17,Chaco,279,371,-92
2020,18,Chaco,263,279,-16
2020,19,Chaco,448,263,185
2020,20,Chaco,282,448,-166
2020,21,Chaco,146,282,-136
2020,22,Chaco,72,146,-74
2020,23,Chaco,33,72,-39
2020,24,Chaco,23,33,-10
2020,25,Chaco,14,23,-9
2020,26,Chaco,13,14,-1
2020,27,Chaco,10,13,-3
2020,28,Chaco,0,10,-10
2020,29,Chaco,0,0,0
2020,30,Chaco,0,0,0
2020,31,Chaco,1,0,1
2020,32,Chaco,0,1,-1
2020,33,Chaco,4,0,4
2020,34,Chaco,0,4,-4
2020,35,Chaco,0,0,0
2020,36,Chaco,1,0,1
2020,37,Chaco,1,1,0
2020,38,Chaco,0,1,-1
2020,39,Chaco,0,0,0
2020,40,Chaco,1,0,1
2020,41,Chaco,0,1,-1
2020,42,Chaco,0,0,0
2020,43,Chaco,14,0,14
2020,44,Chaco,0,14,-14
2020,45,Chaco,0,0,0
2020,46,Chaco,0,0,0
2020,47,Chaco,0,0,0
2020,48,Chaco,0,0,0
2020,49,Chaco,1,0,1
2020,50,Chaco,0,1,-1
2020,51,Chaco,0,0,0
2020,52,Chaco,0,0,0
2020,53,Chaco,0,0,0
2021,1,Chaco,0,,
2021,2,Chaco,0,0,0
2021,3,Chaco,0,0,0
2021,4,Chaco,0,0,0
2021,5,Chaco,0,0,0
2021,6,Chaco,0,0,0
2021,7,Chaco,0,0,0
2021,8,Chaco,0,0,0
2021,9,Chaco,0,0,0
2021,10,Chaco,0,0,0
2021,11,Chaco,0,0,0
2021,12,Chaco,0,0,0
2021,13,Chaco,0,0,0
2021,14,Chaco,1,0,1
2021,15,Chaco,0,1,-1
2021,16,Chaco,0,0,0
2021,17,Chaco,0,0,0
2021,18,Chaco,1,0,1
2021,19,Chaco,0,1,-1
2021,20,Chaco,0,0,0
2021,21,Chaco,0,0,0
2021,22,Chaco,0,0,0
2021,23,Chaco,0,0,0
2021,24,Chaco,0,0,0
2021,25,Chaco,0,0,0
2021,26,Chaco,0,0,0
2021,27,Chaco,0,0,0
2021,28,Chaco,0,0,0
2021,29,Chaco,0,0,0
2021,30,Chaco,0,0,0
2022,1,Chaco,0,,
2022,2,Chaco,0,0,0
2022,3,Chaco,0,0,0
2022,4,Chaco,0,0,0
2022,5,Chaco,0,0,0
2022,6,Chaco,0,0,0
2022,7,Chaco,0,0,0
2022,8,Chaco,0,0,0
2022,9,Chaco,0,0,0
2022,10,Chaco,0,0,0
2022,11,Chaco,0,0,0
2022,12,Chaco,0,0,0
2022,13,Chaco,0,0,0
2022,14,Chaco,0,0,0
2022,15,Chaco,0,0,0
2022,16,Chaco,0,0,0
2022,17,Chaco,0,0,0
2022,18,Chaco,0,0,0
2022,19,Chaco,0,0,0
2022,20,Chaco,0,0,0
2022,21,Chaco,0,0,0
2022,22,Chaco,0,0,0
2022,23,Chaco,0,0,0
2022,24,Chaco,0,0,0
2022,25,Chaco,0,0,0
2022,26,Chaco,0,0,0
2022,27,Chaco,0,0,0
2022,28,Chaco,0,0,0
2022,29,Chaco,0,0,0
2022,30,Chaco,0,0,0
2022,31,Chaco,0,0,0
2022,32,Chaco,0,0,0
2022,33,Chaco,0,0,0
2022,34,Chaco,0,0,0
2022,35,Chaco,0,0,0
2022,36,Chaco,0,0,0
2022,37,Chaco,0,0,0
2022,38,Chaco,0,0,0
2022,39,Chaco,0,0,0
2022,40,Chaco,0,0,0
2022,41,Chaco,0,0,0
2022,42,Chaco,0,0,0
2022,43,Chaco,0,0,0
2022,44,Chaco,0,0,0
2022,45,Chaco,0,0,0
2022,46,Chaco,0,0,0
2022,47,Chaco,0,0,0
2022,48,Chaco,0,0,0
2022,49,Chaco,0,0,0
2022,50,Chaco,0,0,0
2023,1,Chaco,17,,
2023,2,Chaco,7,17,-10
2023,3,Chaco,2,7,-5
2023,4,Chaco,2,2,0
2023,5,Chaco,6,2,4
2023,6,Chaco,5,6,-1
2023,7,Chaco,2,5,-3
2023,8,Chaco,5,2,3
2023,9,Chaco,5,5,0
2023,10,Chaco,7,5,2
2023,11,Chaco,17,7,10
2023,12,Chaco,62,17,45
2023,13,Chaco,227,62,165
2023,14,Chaco,316,227,89
2023,15,Chaco,791,316,475
2023,16,Chaco,821,791,30
2023,17,Chaco,844,821,23
2023,18,Chaco,774,844,-70
2023,19,Chaco,765,774,-9
2023,20,Chaco,946,765,181
2023,21,Chaco,806,946,-140
2023,22,Chaco,1308,806,502
2023,23,Chaco,1045,1308,-263
2023,24,Chaco,719,1045,-326
2023,25,Chaco,296,719,-423
2023,26,Chaco,356,296,60
2023,27,Chaco,504,356,148
2023,28,Chaco,515,504,11
2023,29,Chaco,208,515,-307
2023,30,Chaco,130,208,-78
2023,31,Chaco,144,130,14
2023,32,Chaco,216,144,72
2023,33,Chaco,183,216,-33
2023,34,Chaco,117,183,-66
2023,35,Chaco,103,117,-14
2023,36,Chaco,91,103,-12
2023,37,Chaco,91,91,0
2023,38,Chaco,102,91,11
2023,39,Chaco,108,102,6
2023,40,Chaco,88,108,-20
2023,41,Chaco,103,88,15
2023,42,Chaco,143,103,40
2023,43,Chaco,117,143,-26
2023,44,Chaco,142,117,25
2023,45,Chaco,200,142,58
2023,46,Chaco,215,200,15
2023,47,Chaco,377,215,162
2023,48,Chaco,529,377,152
2023,49,Chaco,562,529,33
2023,50,Chaco,882,562,320
2023,51,Chaco,1062,882,180
2023,52,Chaco,1286,1062,224
2024,1,Chaco,1845,,
2024,2,Chaco,2248,1845,403
2024,3,Chaco,2266,2248,18
2024,4,Chaco,2612,2266,346
2024,5,Chaco,1973,2612,-639
2024,6,Chaco,1815,1973,-158
2024,7,Chaco,990,1815,-825
2024,8,Chaco,978,990,-12
2024,9,Chaco,668,978,-310
2024,10,Chaco,497,668,-171
2024,11,Chaco,621,497,124
2024,12,Chaco,774,621,153
2024,13,Chaco,464,774,-310
2024,14,Chaco,442,464,-22
2024,15,Chaco,469,442,27
2024,16,Chaco,481,469,12
2024,17,Chaco,519,481,38
2024,18,Chaco,475,519,-44
2024,19,Chaco,432,475,-43
2024,20,Chaco,334,432,-98
2024,21,Chaco,132,334,-202
2024,22,Chaco,92,132,-40
2024,23,Chaco,60,92,-32
2024,24,Chaco,98,60,38
2024,25,Chaco,70,98,-28
2024,26,Chaco,66,70,-4
2024,27,Chaco,2,66,-64
2024,28,Chaco,0,2,-2
2024,29,Chaco,0,0,0
2024,30,Chaco,0,0,0
2024,31,Chaco,0,0,0
2024,32,Chaco,1,0,1
2024,33,Chaco,0,1,-1
2024,34,Chaco,0,0,0
2024,35,Chaco,0,0,0
2024,36,Chaco,0,0,0
2024,37,Chaco,0,0,0
2024,38,Chaco,0,0,0
2024,39,Chaco,0,0,0
2024,40,Chaco,0,0,0
2024,41,Chaco,0,0,0
2024,42,Chaco,0,0,0
2024,43,Chaco,0,0,0
2024,44,Chaco,0,0,0
2024,45,Chaco,0,0,0
2024,46,Chaco,0,0,0
2024,47,Chaco,0,0,0
2024,48,Chaco,0,0,0
2024,49,Chaco,0,0,0
2024,50,Chaco,0,0,0
2024,51,Chaco,0,0,0
2024,52,Chaco,0,0,0
2025,1,Chaco,0,,
2025,2,Chaco,0,0,0
2025,3,Chaco,0,0,0
2025,4,Chaco,0,0,0
2025,5,Chaco,0,0,0
2025,6,Chaco,0,0,0
2025,7,Chaco,1,0,1
2025,8,Chaco,1,1,0
2025,9,Chaco,0,1,-1
2025,10,Chaco,0,0,0
2025,11,Chaco,1,0,1
2025,12,Chaco,1,1,0
2025,13,Chaco,0,1,-1
2025,14,Chaco,2,0,2
2025,15,Chaco,0,2,-2
2025,16,Chaco,0,0,0
2025,17,Chaco,0,0,0
2025,18,Chaco,0,0,0
2025,19,Chaco,1,0,1
2025,20,Chaco,4,1,3
2025,21,Chaco,3,4,-1
2025,22,Chaco,0,3,-3
2025,23,Chaco,0,0,0
2025,24,Chaco,0,0,0
2025,25,Chaco,0,0,0
2025,26,Chaco,0,0,0
2025,27,Chaco,0,0,0
2025,28,Chaco,0,0,0
2025,29,Chaco,0,0,0
2025,30,Chaco,0,0,0
2025,31,Chaco,0,0,0
2025,32,Chaco,0,0,0
2025,33,Chaco,0,0,0
2025,34,Chaco,0,0,0
2025,35,Chaco,0,0,0
2025,36,Chaco,0,0,0
2025,37,Chaco,0,0,0
2025,38,Chaco,0,0,0
2025,39,Chaco,0,0,0
2025,40,Chaco,0,0,0
2025,41,Chaco,0,0,0
2025,42,Chaco,0,0,0
2018,1,Chubut,0,,
2018,2,Chubut,0,0,0
2018,3,Chubut,0,0,0
2018,4,Chubut,0,0,0
2018,5,Chubut,0,0,0
2018,6,Chubut,0,0,0
2018,7,Chubut,0,0,0
2018,8,Chubut,0,0,0
2018,9,Chubut,0,0,0
2018,10,Chubut,0,0,0
2018,11,Chubut,0,0,0
2018,12,Chubut,0,0,0
2018,13,Chubut,0,0,0
2018,14,Chubut,0,0,0
2018,15,Chubut,0,0,0
2018,16,Chubut,0,0,0
2018,17,Chubut,0,0,0
2018,18,Chubut,0,0,0
2018,19,Chubut,0,0,0
2018,20,Chubut,0,0,0
2018,21,Chubut,0,0,0
2018,22,Chubut,0,0,0
2018,23,Chubut,0,0,0
2018,24,Chubut,0,0,0
2018,25,Chubut,0,0,0
2018,26,Chubut,0,0,0
2018,27,Chubut,0,0,0
2019,1,Chubut,0,,
2019,2,Chubut,0,0,0
2019,3,Chubut,0,0,0
2019,4,Chubut,0,0,0
2019,5,Chubut,0,0,0
2019,6,Chubut,0,0,0
2019,7,Chubut,0,0,0
2019,8,Chubut,0,0,0
2019,9,Chubut,0,0,0
2019,10,Chubut,0,0,0
2019,11,Chubut,0,0,0
2019,12,Chubut,0,0,0
2019,13,Chubut,0,0,0
2019,14,Chubut,0,0,0
2019,15,Chubut,0,0,0
2019,16,Chubut,0,0,0
2019,17,Chubut,0,0,0
2019,18,Chubut,0,0,0
2019,19,Chubut,0,0,0
2019,20,Chubut,0,0,0
2019,21,Chubut,0,0,0
2019,22,Chubut,0,0,0
2019,23,Chubut,0,0,0
2019,24,Chubut,0,0,0
2019,25,Chubut,0,0,0
2019,26,Chubut,0,0,0
2019,27,Chubut,0,0,0
2019,28,Chubut,0,0,0
2019,29,Chubut,0,0,0
2019,30,Chubut,0,0,0
2019,31,Chubut,0,0,0
2019,32,Chubut,0,0,0
2019,33,Chubut,0,0,0
2019,34,Chubut,0,0,0
2019,35,Chubut,0,0,0
2019,36,Chubut,0,0,0
2019,37,Chubut,0,0,0
2019,38,Chubut,0,0,0
2019,39,Chubut,0,0,0
2019,40,Chubut,0,0,0
2019,41,Chubut,0,0,0
2019,42,Chubut,0,0,0
2019,43,Chubut,0,0,0
2019,44,Chubut,0,0,0
2019,45,Chubut,0,0,0
2019,46,Chubut,0,0,0
2019,47,Chubut,0,0,0
2019,48,Chubut,0,0,0
2019,49,Chubut,0,0,0
2019,50,Chubut,0,0,0
2019,51,Chubut,0,0,0
2019,52,Chubut,0,0,0
2020,1,Chubut,0,,
2020,2,Chubut,0,0,0
2020,3,Chubut,0,0,0
2020,4,Chubut,0,0,0
2020,5,Chubut,0,0,0
2020,6,Chubut,0,0,0
2020,7,Chubut,0,0,0
2020,8,Chubut,0,0,0
2020,9,Chubut,0,0,0
2020,10,Chubut,0,0,0
2020,11,Chubut,0,0,0
2020,12,Chubut,0,0,0
2020,13,Chubut,0,0,0
2020,14,Chubut,0,0,0
2020,15,Chubut,0,0,0
2020,16,Chubut,1,0,1
2020,17,Chubut,0,1,-1
2020,18,Chubut,0,0,0
2020,19,Chubut,0,0,0
2020,20,Chubut,0,0,0
2020,21,Chubut,0,0,0
2020,22,Chubut,0,0,0
2020,23,Chubut,0,0,0
2020,24,Chubut,0,0,0
2020,25,Chubut,0,0,0
2020,26,Chubut,1,0,1
2020,27,Chubut,0,1,-1
2020,28,Chubut,0,0,0
2020,29,Chubut,0,0,0
2020,30,Chubut,0,0,0
2020,31,Chubut,0,0,0
2020,32,Chubut,0,0,0
2020,33,Chubut,0,0,0
2020,34,Chubut,0,0,0
2020,35,Chubut,0,0,0
2020,36,Chubut,0,0,0
2020,37,Chubut,0,0,0
2020,38,Chubut,0,0,0
2020,39,Chubut,0,0,0
2020,40,Chubut,0,0,0
2020,41,Chubut,0,0,0
2020,42,Chubut,0,0,0
2020,43,Chubut,0,0,0
2020,44,Chubut,0,0,0
2020,45,Chubut,0,0,0
2020,46,Chubut,0,0,0
2020,47,Chubut,0,0,0
2020,48,Chubut,0,0,0
2020,49,Chubut,0,0,0
2020,50,Chubut,0,0,0
2020,51,Chubut,0,0,0
2020,52,Chubut,0,0,0
2020,53,Chubut,0,0,0
2021,1,Chubut,0,,
2021,2,Chubut,0,0,0
2021,3,Chubut,0,0,0
2021,4,Chubut,0,0,0
2021,5,Chubut,0,0,0
2021,6,Chubut,0,0,0
2021,7,Chubut,0,0,0
2021,8,Chubut,0,0,0
2021,9,Chubut,0,0,0
2021,10,Chubut,0,0,0
2021,11,Chubut,0,0,0
2021,12,Chubut,0,0,0
2021,13,Chubut,0,0,0
2021,14,Chubut,0,0,0
2021,15,Chubut,0,0,0
2021,16,Chubut,0,0,0
2021,17,Chubut,0,0,0
2021,18,Chubut,0,0,0
2021,19,Chubut,0,0,0
2021,20,Chubut,0,0,0
2021,21,Chubut,0,0,0
2021,22,Chubut,0,0,0
2021,23,Chubut,0,0,0
2021,24,Chubut,0,0,0
2021,25,Chubut,0,0,0
2021,26,Chubut,0,0,0
2021,27,Chubut,0,0,0
2021,28,Chubut,0,0,0
2021,29,Chubut,0,0,0
2021,30,Chubut,0,0,0
2022,1,Chubut,0,,
2022,2,Chubut,0,0,0
2022,3,Chubut,0,0,0
2022,4,Chubut,0,0,0
2022,5,Chubut,0,0,0
2022,6,Chubut,0,0,0
2022,7,Chubut,0,0,0
2022,8,Chubut,0,0,0
2022,9,Chubut,0,0,0
2022,10,Chubut,0,0,0
2022,11,Chubut,0,0,0
2022,12,Chubut,0,0,0
2022,13,Chubut,0,0,0
2022,14,Chubut,0,0,0
2022,15,Chubut,0,0,0
2022,16,Chubut,0,0,0
2022,17,Chubut,0,0,0
2022,18,Chubut,0,0,0
2022,19,Chubut,0,0,0
2022,20,Chubut,0,0,0
2022,21,Chubut,0,0,0
2022,22,Chubut,0,0,0
2022,23,Chubut,0,0,0
2022,24,Chubut,0,0,0
2022,25,Chubut,0,0,0
2022,26,Chubut,0,0,0
2022,27,Chubut,0,0,0
2022,28,Chubut,0,0,0
2022,29,Chubut,0,0,0
2022,30,Chubut,0,0,0
2022,31,Chubut,0,0,0
2022,32,Chubut,0,0,0
2022,33,Chubut,0,0,0
2022,34,Chubut,0,0,0
2022,35,Chubut,0,0,0
2022,36,Chubut,0,0,0
2022,37,Chubut,0,0,0
2022,38,Chubut,0,0,0
2022,39,Chubut,0,0,0
2022,40,Chubut,0,0,0
2022,41,Chubut,0,0,0
2022,42,Chubut,0,0,0
2022,43,Chubut,0,0,0
2022,44,Chubut,0,0,0
2022,45,Chubut,0,0,0
2022,46,Chubut,0,0,0
2022,47,Chubut,0,0,0
2022,48,Chubut,0,0,0
2022,49,Chubut,0,0,0
2022,50,Chubut,0,0,0
2023,1,Chubut,0,,
2023,2,Chubut,0,0,0
2023,3,Chubut,0,0,0
2023,4,Chubut,0,0,0
2023,5,Chubut,0,0,0
2023,6,Chubut,0,0,0
2023,7,Chubut,0,0,0
2023,8,Chubut,0,0,0
2023,9,Chubut,0,0,0
2023,10,Chubut,1,0,1
2023,11,Chubut,0,1,-1
2023,12,Chubut,0,0,0
2023,13,Chubut,0,0,0
2023,14,Chubut,1,0,1
2023,15,Chubut,2,1,1
2023,16,Chubut,2,2,0
2023,17,Chubut,0,2,-2
2023,18,Chubut,0,0,0
2023,19,Chubut,0,0,0
2023,20,Chubut,0,0,0
2023,21,Chubut,0,0,0
2023,22,Chubut,0,0,0
2023,23,Chubut,0,0,0
2023,24,Chubut,0,0,0
2023,25,Chubut,0,0,0
2023,26,Chubut,0,0,0
2023,27,Chubut,0,0,0
2023,28,Chubut,0,0,0
2023,29,Chubut,0,0,0
2023,30,Chubut,0,0,0
2023,31,Chubut,1,0,1
2023,32,Chubut,0,1,-1
2023,33,Chubut,0,0,0
2023,34,Chubut,0,0,0
2023,35,Chubut,0,0,0
2023,36,Chubut,0,0,0
2023,37,Chubut,0,0,0
2023,38,Chubut,0,0,0
2023,39,Chubut,0,0,0
2023,40,Chubut,0,0,0
2023,41,Chubut,0,0,0
2023,42,Chubut,0,0,0
2023,43,Chubut,0,0,0
2023,44,Chubut,0,0,0
2023,45,Chubut,0,0,0
2023,46,Chubut,0,0,0
2023,47,Chubut,0,0,0
2023,48,Chubut,0,0,0
2023,49,Chubut,0,0,0
2023,50,Chubut,0,0,0
2023,51,Chubut,2,0,2
2023,52,Chubut,0,2,-2
2024,1,Chubut,0,,
2024,2,Chubut,2,0,2
2024,3,Chubut,2,2,0
2024,4,Chubut,3,2,1
2024,5,Chubut,2,3,-1
2024,6,Chubut,3,2,1
2024,7,Chubut,3,3,0
2024,8,Chubut,3,3,0
2024,9,Chubut,3,3,0
2024,10,Chubut,2,3,-1
2024,11,Chubut,9,2,7
2024,12,Chubut,4,9,-5
2024,13,Chubut,4,4,0
2024,14,Chubut,10,4,6
2024,15,Chubut,3,10,-7
2024,16,Chubut,3,3,0
2024,17,Chubut,1,3,-2
2024,18,Chubut,0,1,-1
2024,19,Chubut,1,0,1
2024,20,Chubut,2,1,1
2024,21,Chubut,0,2,-2
2024,22,Chubut,2,0,2
2024,23,Chubut,0,2,-2
2024,24,Chubut,1,0,1
2024,25,Chubut,0,1,-1
2024,26,Chubut,0,0,0
2024,27,Chubut,0,0,0
2024,28,Chubut,0,0,0
2024,29,Chubut,0,0,0
2024,30,Chubut,0,0,0
2024,31,Chubut,0,0,0
2024,32,Chubut,0,0,0
2024,33,Chubut,0,0,0
2024,34,Chubut,0,0,0
2024,35,Chubut,0,0,0
2024,36,Chubut,0,0,0
2024,37,Chubut,0,0,0
2024,38,Chubut,0,0,0
2024,39,Chubut,0,0,0
2024,40,Chubut,0,0,0
2024,41,Chubut,0,0,0
2024,42,Chubut,0,0,0
2024,43,Chubut,0,0,0
2024,44,Chubut,0,0,0
2024,45,Chubut,0,0,0
2024,46,Chubut,0,0,0
2024,47,Chubut,1,0,1
2024,48,Chubut,0,1,-1
2024,49,Chubut,0,0,0
2024,50,Chubut,0,0,0
2024,51,Chubut,0,0,0
2024,52,Chubut,0,0,0
2025,1,Chubut,0,,
2025,2,Chubut,0,0,0
2025,3,Chubut,0,0,0
2025,4,Chubut,0,0,0
2025,5,Chubut,0,0,0
2025,6,Chubut,0,0,0
2025,7,Chubut,0,0,0
2025,8,Chubut,0,0,0
2025,9,Chubut,0,0,0
2025,10,Chubut,0,0,0
2025,11,Chubut,0,0,0
2025,12,Chubut,1,0,1
2025,13,Chubut,1,1,0
2025,14,Chubut,1,1,0
2025,15,Chubut,1,1,0
2025,16,Chubut,0,1,-1
2025,17,Chubut,0,0,0
2025,18,Chubut,0,0,0
2025,19,Chubut,0,0,0
2025,20,Chubut,0,0,0
2025,21,Chubut,0,0,0
2025,22,Chubut,0,0,0
2025,23,Chubut,0,0,0
2025,24,Chubut,0,0,0
2025,25,Chubut,0,0,0
2025,26,Chubut,0,0,0
2025,27,Chubut,0,0,0
2025,28,Chubut,0,0,0
2025,29,Chubut,0,0,0
2025,30,Chubut,0,0,0
2025,31,Chubut,0,0,0
2025,32,Chubut,0,0,0
2025,33,Chubut,0,0,0
2025,34,Chubut,0,0,0
2025,35,Chubut,0,0,0
2025,36,Chubut,0,0,0
2025,37,Chubut,0,0,0
2025,38,Chubut,0,0,0
2025,39,Chubut,0,0,0
2025,40,Chubut,0,0,0
2025,41,Chubut,0,0,0
2025,42,Chubut,0,0,0
2018,1,Corrientes,0,,
2018,2,Corrientes,0,0,0
2018,3,Corrientes,0,0,0
2018,4,Corrientes,0,0,0
2018,5,Corrientes,0,0,0
2018,6,Corrientes,0,0,0
2018,7,Corrientes,0,0,0
2018,8,Corrientes,0,0,0
2018,9,Corrientes,0,0,0
2018,10,Corrientes,0,0,0
2018,11,Corrientes,1,0,1
2018,12,Corrientes,0,1,-1
2018,13,Corrientes,0,0,0
2018,14,Corrientes,0,0,0
2018,15,Corrientes,0,0,0
2018,16,Corrientes,1,0,1
2018,17,Corrientes,1,1,0
2018,18,Corrientes,1,1,0
2018,19,Corrientes,3,1,2
2018,20,Corrientes,6,3,3
2018,21,Corrientes,1,6,-5
2018,22,Corrientes,0,1,-1
2018,23,Corrientes,1,0,1
2018,24,Corrientes,0,1,-1
2018,25,Corrientes,0,0,0
2018,26,Corrientes,0,0,0
2018,27,Corrientes,0,0,0
2019,1,Corrientes,0,,
2019,2,Corrientes,0,0,0
2019,3,Corrientes,0,0,0
2019,4,Corrientes,0,0,0
2019,5,Corrientes,0,0,0
2019,6,Corrientes,0,0,0
2019,7,Corrientes,0,0,0
2019,8,Corrientes,0,0,0
2019,9,Corrientes,0,0,0
2019,10,Corrientes,0,0,0
2019,11,Corrientes,0,0,0
2019,12,Corrientes,0,0,0
2019,13,Corrientes,0,0,0
2019,14,Corrientes,0,0,0
2019,15,Corrientes,0,0,0
2019,16,Corrientes,0,0,0
2019,17,Corrientes,0,0,0
2019,18,Corrientes,0,0,0
2019,19,Corrientes,0,0,0
2019,20,Corrientes,0,0,0
2019,21,Corrientes,0,0,0
2019,22,Corrientes,0,0,0
2019,23,Corrientes,0,0,0
2019,24,Corrientes,0,0,0
2019,25,Corrientes,0,0,0
2019,26,Corrientes,0,0,0
2019,27,Corrientes,0,0,0
2019,28,Corrientes,0,0,0
2019,29,Corrientes,0,0,0
2019,30,Corrientes,0,0,0
2019,31,Corrientes,0,0,0
2019,32,Corrientes,0,0,0
2019,33,Corrientes,0,0,0
2019,34,Corrientes,0,0,0
2019,35,Corrientes,0,0,0
2019,36,Corrientes,0,0,0
2019,37,Corrientes,0,0,0
2019,38,Corrientes,0,0,0
2019,39,Corrientes,0,0,0
2019,40,Corrientes,0,0,0
2019,41,Corrientes,0,0,0
2019,42,Corrientes,0,0,0
2019,43,Corrientes,0,0,0
2019,44,Corrientes,0,0,0
2019,45,Corrientes,0,0,0
2019,46,Corrientes,0,0,0
2019,47,Corrientes,0,0,0
2019,48,Corrientes,0,0,0
2019,49,Corrientes,0,0,0
2019,50,Corrientes,0,0,0
2019,51,Corrientes,0,0,0
2019,52,Corrientes,0,0,0
2020,1,Corrientes,0,,
2020,2,Corrientes,0,0,0
2020,3,Corrientes,1,0,1
2020,4,Corrientes,2,1,1
2020,5,Corrientes,10,2,8
2020,6,Corrientes,10,10,0
2020,7,Corrientes,19,10,9
2020,8,Corrientes,27,19,8
2020,9,Corrientes,103,27,76
2020,10,Corrientes,144,103,41
2020,11,Corrientes,118,144,-26
2020,12,Corrientes,215,118,97
2020,13,Corrientes,141,215,-74
2020,14,Corrientes,200,141,59
2020,15,Corrientes,108,200,-92
2020,16,Corrientes,176,108,68
2020,17,Corrientes,171,176,-5
2020,18,Corrientes,213,171,42
2020,19,Corrientes,296,213,83
2020,20,Corrientes,243,296,-53
2020,21,Corrientes,118,243,-125
2020,22,Corrientes,71,118,-47
2020,23,Corrientes,36,71,-35
2020,24,Corrientes,20,36,-16
2020,25,Corrientes,22,20,2
2020,26,Corrientes,26,22,4
2020,27,Corrientes,13,26,-13
2020,28,Corrientes,6,13,-7
2020,29,Corrientes,4,6,-2
2020,30,Corrientes,5,4,1
2020,31,Corrientes,0,5,-5
2020,32,Corrientes,1,0,1
2020,33,Corrientes,0,1,-1
2020,34,Corrientes,0,0,0
2020,35,Corrientes,2,0,2
2020,36,Corrientes,1,2,-1
2020,37,Corrientes,0,1,-1
2020,38,Corrientes,0,0,0
2020,39,Corrientes,0,0,0
2020,40,Corrientes,0,0,0
2020,41,Corrientes,0,0,0
2020,42,Corrientes,0,0,0
2020,43,Corrientes,0,0,0
2020,44,Corrientes,0,0,0
2020,45,Corrientes,0,0,0
2020,46,Corrientes,0,0,0
2020,47,Corrientes,0,0,0
2020,48,Corrientes,0,0,0
2020,49,Corrientes,1,0,1
2020,50,Corrientes,0,1,-1
2020,51,Corrientes,0,0,0
2020,52,Corrientes,1,0,1
2020,53,Corrientes,0,1,-1
2021,1,Corrientes,0,,
2021,2,Corrientes,0,0,0
2021,3,Corrientes,0,0,0
2021,4,Corrientes,0,0,0
2021,5,Corrientes,0,0,0
2021,6,Corrientes,0,0,0
2021,7,Corrientes,1,0,1
2021,8,Corrientes,0,1,-1
2021,9,Corrientes,0,0,0
2021,10,Corrientes,0,0,0
2021,11,Corrientes,1,0,1
2021,12,Corrientes,0,1,-1
2021,13,Corrientes,0,0,0
2021,14,Corrientes,2,0,2
2021,15,Corrientes,6,2,4
2021,16,Corrientes,2,6,-4
2021,17,Corrientes,0,2,-2
2021,18,Corrientes,2,0,2
2021,19,Corrientes,0,2,-2
2021,20,Corrientes,0,0,0
2021,21,Corrientes,0,0,0
2021,22,Corrientes,0,0,0
2021,23,Corrientes,0,0,0
2021,24,Corrientes,0,0,0
2021,25,Corrientes,0,0,0
2021,26,Corrientes,0,0,0
2021,27,Corrientes,0,0,0
2021,28,Corrientes,0,0,0
2021,29,Corrientes,0,0,0
2021,30,Corrientes,0,0,0
2022,1,Corrientes,0,,
2022,2,Corrientes,0,0,0
2022,3,Corrientes,0,0,0
2022,4,Corrientes,0,0,0
2022,5,Corrientes,0,0,0
2022,6,Corrientes,0,0,0
2022,7,Corrientes,0,0,0
2022,8,Corrientes,0,0,0
2022,9,Corrientes,0,0,0
2022,10,Corrientes,0,0,0
2022,11,Corrientes,0,0,0
2022,12,Corrientes,0,0,0
2022,13,Corrientes,0,0,0
2022,14,Corrientes,0,0,0
2022,15,Corrientes,0,0,0
2022,16,Corrientes,0,0,0
2022,17,Corrientes,0,0,0
2022,18,Corrientes,0,0,0
2022,19,Corrientes,0,0,0
2022,20,Corrientes,0,0,0
2022,21,Corrientes,0,0,0
2022,22,Corrientes,0,0,0
2022,23,Corrientes,0,0,0
2022,24,Corrientes,0,0,0
2022,25,Corrientes,0,0,0
2022,26,Corrientes,0,0,0
2022,27,Corrientes,0,0,0
2022,28,Corrientes,0,0,0
2022,29,Corrientes,0,0,0
2022,30,Corrientes,0,0,0
2022,31,Corrientes,1,0,1
2022,32,Corrientes,0,1,-1
2022,33,Corrientes,0,0,0
2022,34,Corrientes,0,0,0
2022,35,Corrientes,0,0,0
2022,36,Corrientes,0,0,0
2022,37,Corrientes,0,0,0
2022,38,Corrientes,0,0,0
2022,39,Corrientes,0,0,0
2022,40,Corrientes,0,0,0
2022,41,Corrientes,0,0,0
2022,42,Corrientes,0,0,0
2022,43,Corrientes,0,0,0
2022,44,Corrientes,0,0,0
2022,45,Corrientes,0,0,0
2022,46,Corrientes,0,0,0
2022,47,Corrientes,0,0,0
2022,48,Corrientes,0,0,0
2022,49,Corrientes,0,0,0
2022,50,Corrientes,0,0,0
2023,1,Corrientes,0,,
2023,2,Corrientes,1,0,1
2023,3,Corrientes,0,1,-1
2023,4,Corrientes,0,0,0
2023,5,Corrientes,0,0,0
2023,6,Corrientes,0,0,0
2023,7,Corrientes,1,0,1
2023,8,Corrientes,7,1,6
2023,9,Corrientes,5,7,-2
2023,10,Corrientes,11,5,6
2023,11,Corrientes,34,11,23
2023,12,Corrientes,49,34,15
2023,13,Corrientes,71,49,22
2023,14,Corrientes,58,71,-13
2023,15,Corrientes,110,58,52
2023,16,Corrientes,118,110,8
2023,17,Corrientes,172,118,54
2023,18,Corrientes,90,172,-82
2023,19,Corrientes,86,90,-4
2023,20,Corrientes,103,86,17
2023,21,Corrientes,105,103,2
2023,22,Corrientes,127,105,22
2023,23,Corrientes,111,127,-16
2023,24,Corrientes,65,111,-46
2023,25,Corrientes,25,65,-40
2023,26,Corrientes,19,25,-6
2023,27,Corrientes,60,19,41
2023,28,Corrientes,56,60,-4
2023,29,Corrientes,36,56,-20
2023,30,Corrientes,13,36,-23
2023,31,Corrientes,13,13,0
2023,32,Corrientes,17,13,4
2023,33,Corrientes,13,17,-4
2023,34,Corrientes,6,13,-7
2023,35,Corrientes,8,6,2
2023,36,Corrientes,3,8,-5
2023,37,Corrientes,11,3,8
2023,38,Corrientes,7,11,-4
2023,39,Corrientes,8,7,1
2023,40,Corrientes,6,8,-2
2023,41,Corrientes,9,6,3
2023,42,Corrientes,7,9,-2
2023,43,Corrientes,11,7,4
2023,44,Corrientes,23,11,12
2023,45,Corrientes,29,23,6
2023,46,Corrientes,25,29,-4
2023,47,Corrientes,34,25,9
2023,48,Corrientes,101,34,67
2023,49,Corrientes,96,101,-5
2023,50,Corrientes,192,96,96
2023,51,Corrientes,308,192,116
2023,52,Corrientes,630,308,322
2024,1,Corrientes,692,,
2024,2,Corrientes,621,692,-71
2024,3,Corrientes,725,621,104
2024,4,Corrientes,619,725,-106
2024,5,Corrientes,594,619,-25
2024,6,Corrientes,636,594,42
2024,7,Corrientes,545,636,-91
2024,8,Corrientes,494,545,-51
2024,9,Corrientes,562,494,68
2024,10,Corrientes,592,562,30
2024,11,Corrientes,589,592,-3
2024,12,Corrientes,634,589,45
2024,13,Corrientes,567,634,-67
2024,14,Corrientes,589,567,22
2024,15,Corrientes,602,589,13
2024,16,Corrientes,564,602,-38
2024,17,Corrientes,432,564,-132
2024,18,Corrientes,251,432,-181
2024,19,Corrientes,240,251,-11
2024,20,Corrientes,135,240,-105
2024,21,Corrientes,45,135,-90
2024,22,Corrientes,14,45,-31
2024,23,Corrientes,22,14,8
2024,24,Corrientes,31,22,9
2024,25,Corrientes,12,31,-19
2024,26,Corrientes,5,12,-7
2024,27,Corrientes,1,5,-4
2024,28,Corrientes,0,1,-1
2024,29,Corrientes,0,0,0
2024,30,Corrientes,0,0,0
2024,31,Corrientes,0,0,0
2024,32,Corrientes,0,0,0
2024,33,Corrientes,0,0,0
2024,34,Corrientes,0,0,0
2024,35,Corrientes,0,0,0
2024,36,Corrientes,0,0,0
2024,37,Corrientes,0,0,0
2024,38,Corrientes,0,0,0
2024,39,Corrientes,0,0,0
2024,40,Corrientes,0,0,0
2024,41,Corrientes,0,0,0
2024,42,Corrientes,0,0,0
2024,43,Corrientes,0,0,0
2024,44,Corrientes,0,0,0
2024,45,Corrientes,0,0,0
2024,46,Corrientes,0,0,0
2024,47,Corrientes,0,0,0
2024,48,Corrientes,0,0,0
2024,49,Corrientes,0,0,0
2024,50,Corrientes,0,0,0
2024,51,Corrientes,0,0,0
2024,52,Corrientes,0,0,0
2025,1,Corrientes,0,,
2025,2,Corrientes,0,0,0
2025,3,Corrientes,0,0,0
2025,4,Corrientes,0,0,0
2025,5,Corrientes,3,0,3
2025,6,Corrientes,0,3,-3
2025,7,Corrientes,0,0,0
2025,8,Corrientes,1,0,1
2025,9,Corrientes,6,1,5
2025,10,Corrientes,4,6,-2
2025,11,Corrientes,6,4,2
2025,12,Corrientes,3,6,-3
2025,13,Corrientes,1,3,-2
2025,14,Corrientes,5,1,4
2025,15,Corrientes,0,5,-5
2025,16,Corrientes,16,0,16
2025,17,Corrientes,0,16,-16
2025,18,Corrientes,5,0,5
2025,19,Corrientes,0,5,-5
2025,20,Corrientes,0,0,0
2025,21,Corrientes,4,0,4
2025,22,Corrientes,0,4,-4
2025,23,Corrientes,0,0,0
2025,24,Corrientes,0,0,0
2025,25,Corrientes,0,0,0
2025,26,Corrientes,0,0,0
2025,27,Corrientes,0,0,0
2025,28,Corrientes,0,0,0
2025,29,Corrientes,0,0,0
2025,30,Corrientes,0,0,0
2025,31,Corrientes,0,0,0
2025,32,Corrientes,0,0,0
2025,33,Corrientes,0,0,0
2025,34,Corrientes,0,0,0
2025,35,Corrientes,0,0,0
2025,36,Corrientes,0,0,0
2025,37,Corrientes,0,0,0
2025,38,Corrientes,0,0,0
2025,39,Corrientes,0,0,0
2025,40,Corrientes,0,0,0
2025,41,Corrientes,0,0,0
2025,42,Corrientes,0,0,0
2018,1,Córdoba,0,,
2018,2,Córdoba,0,0,0
2018,3,Córdoba,0,0,0
2018,4,Córdoba,0,0,0
2018,5,Córdoba,0,0,0
2018,6,Córdoba,0,0,0
2018,7,Córdoba,0,0,0
2018,8,Córdoba,0,0,0
2018,9,Córdoba,0,0,0
2018,10,Córdoba,1,0,1
2018,11,Córdoba,0,1,-1
2018,12,Córdoba,7,0,7
2018,13,Córdoba,5,7,-2
2018,14,Córdoba,0,5,-5
2018,15,Córdoba,1,0,1
2018,16,Córdoba,2,1,1
2018,17,Córdoba,1,2,-1
2018,18,Córdoba,0,1,-1
2018,19,Córdoba,0,0,0
2018,20,Córdoba,0,0,0
2018,21,Córdoba,1,0,1
2018,22,Córdoba,0,1,-1
2018,23,Córdoba,0,0,0
2018,24,Córdoba,0,0,0
2018,25,Córdoba,0,0,0
2018,26,Córdoba,0,0,0
2018,27,Córdoba,0,0,0
2019,1,Córdoba,0,,
2019,2,Córdoba,0,0,0
2019,3,Córdoba,0,0,0
2019,4,Córdoba,0,0,0
2019,5,Córdoba,0,0,0
2019,6,Córdoba,0,0,0
2019,7,Córdoba,0,0,0
2019,8,Córdoba,0,0,0
2019,9,Córdoba,1,0,1
2019,10,Córdoba,0,1,-1
2019,11,Córdoba,0,0,0
2019,12,Córdoba,0,0,0
2019,13,Córdoba,0,0,0
2019,14,Córdoba,0,0,0
2019,15,Córdoba,0,0,0
2019,16,Córdoba,0,0,0
2019,17,Córdoba,1,0,1
2019,18,Córdoba,0,1,-1
2019,19,Córdoba,1,0,1
2019,20,Córdoba,0,1,-1
2019,21,Córdoba,0,0,0
2019,22,Córdoba,0,0,0
2019,23,Córdoba,0,0,0
2019,24,Córdoba,0,0,0
2019,25,Córdoba,0,0,0
2019,26,Córdoba,0,0,0
2019,27,Córdoba,0,0,0
2019,28,Córdoba,0,0,0
2019,29,Córdoba,0,0,0
2019,30,Córdoba,0,0,0
2019,31,Córdoba,0,0,0
2019,32,Córdoba,0,0,0
2019,33,Córdoba,0,0,0
2019,34,Córdoba,0,0,0
2019,35,Córdoba,0,0,0
2019,36,Córdoba,0,0,0
2019,37,Córdoba,0,0,0
2019,38,Córdoba,0,0,0
2019,39,Córdoba,0,0,0
2019,40,Córdoba,0,0,0
2019,41,Córdoba,0,0,0
2019,42,Córdoba,0,0,0
2019,43,Córdoba,0,0,0
2019,44,Córdoba,0,0,0
2019,45,Córdoba,0,0,0
2019,46,Córdoba,0,0,0
2019,47,Córdoba,0,0,0
2019,48,Córdoba,0,0,0
2019,49,Córdoba,0,0,0
2019,50,Córdoba,0,0,0
2019,51,Córdoba,0,0,0
2019,52,Córdoba,0,0,0
2020,1,Córdoba,0,,
2020,2,Córdoba,0,0,0
2020,3,Córdoba,0,0,0
2020,4,Córdoba,2,0,2
2020,5,Córdoba,10,2,8
2020,6,Córdoba,13,10,3
2020,7,Córdoba,35,13,22
2020,8,Córdoba,107,35,72
2020,9,Córdoba,77,107,-30
2020,10,Córdoba,149,77,72
2020,11,Córdoba,318,149,169
2020,12,Córdoba,396,318,78
2020,13,Córdoba,488,396,92
2020,14,Córdoba,490,488,2
2020,15,Córdoba,424,490,-66
2020,16,Córdoba,323,424,-101
2020,17,Córdoba,260,323,-63
2020,18,Córdoba,186,260,-74
2020,19,Córdoba,143,186,-43
2020,20,Córdoba,106,143,-37
2020,21,Córdoba,53,106,-53
2020,22,Córdoba,18,53,-35
2020,23,Córdoba,4,18,-14
2020,24,Córdoba,1,4,-3
2020,25,Córdoba,3,1,2
2020,26,Córdoba,0,3,-3
2020,27,Córdoba,1,0,1
2020,28,Córdoba,0,1,-1
2020,29,Córdoba,0,0,0
2020,30,Córdoba,0,0,0
2020,31,Córdoba,0,0,0
2020,32,Córdoba,0,0,0
2020,33,Córdoba,0,0,0
2020,34,Córdoba,0,0,0
2020,35,Córdoba,0,0,0
2020,36,Córdoba,0,0,0
2020,37,Córdoba,0,0,0
2020,38,Córdoba,0,0,0
2020,39,Córdoba,0,0,0
2020,40,Córdoba,0,0,0
2020,41,Córdoba,0,0,0
2020,42,Córdoba,0,0,0
2020,43,Córdoba,0,0,0
2020,44,Córdoba,0,0,0
2020,45,Córdoba,0,0,0
2020,46,Córdoba,0,0,0
2020,47,Córdoba,0,0,0
2020,48,Córdoba,0,0,0
2020,49,Córdoba,0,0,0
2020,50,Córdoba,0,0,0
2020,51,Córdoba,1,0,1
2020,52,Córdoba,0,1,-1
2020,53,Córdoba,0,0,0
2021,1,Córdoba,0,,
2021,2,Córdoba,0,0,0
2021,3,Córdoba,0,0,0
2021,4,Córdoba,0,0,0
2021,5,Córdoba,0,0,0
2021,6,Córdoba,0,0,0
2021,7,Córdoba,0,0,0
2021,8,Córdoba,0,0,0
2021,9,Córdoba,0,0,0
2021,10,Córdoba,0,0,0
2021,11,Córdoba,2,0,2
2021,12,Córdoba,0,2,-2
2021,13,Córdoba,0,0,0
2021,14,Córdoba,0,0,0
2021,15,Córdoba,1,0,1
2021,16,Córdoba,1,1,0
2021,17,Córdoba,1,1,0
2021,18,Córdoba,4,1,3
2021,19,Córdoba,0,4,-4
2021,20,Córdoba,0,0,0
2021,21,Córdoba,0,0,0
2021,22,Córdoba,0,0,0
2021,23,Córdoba,0,0,0
2021,24,Córdoba,0,0,0
2021,25,Córdoba,0,0,0
2021,26,Córdoba,0,0,0
2021,27,Córdoba,0,0,0
2021,28,Córdoba,0,0,0
2021,29,Córdoba,0,0,0
2021,30,Córdoba,0,0,0
2022,1,Córdoba,0,,
2022,2,Córdoba,0,0,0
2022,3,Córdoba,0,0,0
2022,4,Córdoba,0,0,0
2022,5,Córdoba,0,0,0
2022,6,Córdoba,0,0,0
2022,7,Córdoba,0,0,0
2022,8,Córdoba,0,0,0
2022,9,Córdoba,0,0,0
2022,10,Córdoba,0,0,0
2022,11,Córdoba,0,0,0
2022,12,Córdoba,0,0,0
2022,13,Córdoba,1,0,1
2022,14,Córdoba,0,1,-1
2022,15,Córdoba,0,0,0
2022,16,Córdoba,1,0,1
2022,17,Córdoba,1,1,0
2022,18,Córdoba,0,1,-1
2022,19,Córdoba,0,0,0
2022,20,Córdoba,0,0,0
2022,21,Córdoba,1,0,1
2022,22,Córdoba,0,1,-1
2022,23,Córdoba,0,0,0
2022,24,Córdoba,0,0,0
2022,25,Córdoba,0,0,0
2022,26,Córdoba,0,0,0
2022,27,Córdoba,0,0,0
2022,28,Córdoba,0,0,0
2022,29,Córdoba,0,0,0
2022,30,Córdoba,0,0,0
2022,31,Córdoba,0,0,0
2022,32,Córdoba,0,0,0
2022,33,Córdoba,0,0,0
2022,34,Córdoba,0,0,0
2022,35,Córdoba,0,0,0
2022,36,Córdoba,0,0,0
2022,37,Córdoba,0,0,0
2022,38,Córdoba,0,0,0
2022,39,Córdoba,0,0,0
2022,40,Córdoba,1,0,1
2022,41,Córdoba,0,1,-1
2022,42,Córdoba,0,0,0
2022,43,Córdoba,0,0,0
2022,44,Córdoba,0,0,0
2022,45,Córdoba,0,0,0
2022,46,Córdoba,0,0,0
2022,47,Córdoba,0,0,0
2022,48,Córdoba,2,0,2
2022,49,Córdoba,0,2,-2
2022,50,Córdoba,1,0,1
2023,1,Córdoba,2,,
2023,2,Córdoba,2,2,0
2023,3,Córdoba,0,2,-2
2023,4,Córdoba,2,0,2
2023,5,Córdoba,3,2,1
2023,6,Córdoba,0,3,-3
2023,7,Córdoba,9,0,9
2023,8,Córdoba,11,9,2
2023,9,Córdoba,24,11,13
2023,10,Córdoba,116,24,92
2023,11,Córdoba,305,116,189
2023,12,Córdoba,687,305,382
2023,13,Córdoba,1109,687,422
2023,14,Córdoba,1280,1109,171
2023,15,Córdoba,1341,1280,61
2023,16,Córdoba,1083,1341,-258
2023,17,Córdoba,692,1083,-391
2023,18,Córdoba,455,692,-237
2023,19,Córdoba,273,455,-182
2023,20,Córdoba,205,273,-68
2023,21,Córdoba,128,205,-77
2023,22,Córdoba,113,128,-15
2023,23,Córdoba,85,113,-28
2023,24,Córdoba,65,85,-20
2023,25,Córdoba,2,65,-63
2023,26,Córdoba,6,2,4
2023,27,Córdoba,5,6,-1
2023,28,Córdoba,2,5,-3
2023,29,Córdoba,4,2,2
2023,30,Córdoba,0,4,-4
2023,31,Córdoba,0,0,0
2023,32,Córdoba,1,0,1
2023,33,Córdoba,0,1,-1
2023,34,Córdoba,0,0,0
2023,35,Córdoba,1,0,1
2023,36,Córdoba,1,1,0
2023,37,Córdoba,0,1,-1
2023,38,Córdoba,1,0,1
2023,39,Córdoba,5,1,4
2023,40,Córdoba,0,5,-5
2023,41,Córdoba,1,0,1
2023,42,Córdoba,0,1,-1
2023,43,Córdoba,1,0,1
2023,44,Córdoba,3,1,2
2023,45,Córdoba,2,3,-1
2023,46,Córdoba,4,2,2
2023,47,Córdoba,3,4,-1
2023,48,Córdoba,5,3,2
2023,49,Córdoba,3,5,-2
2023,50,Córdoba,3,3,0
2023,51,Córdoba,16,3,13
2023,52,Córdoba,19,16,3
2024,1,Córdoba,76,,
2024,2,Córdoba,95,76,19
2024,3,Córdoba,115,95,20
2024,4,Córdoba,140,115,25
2024,5,Córdoba,177,140,37
2024,6,Córdoba,708,177,531
2024,7,Córdoba,1413,708,705
2024,8,Córdoba,1962,1413,549
2024,9,Córdoba,3296,1962,1334
2024,10,Córdoba,4307,3296,1011
2024,11,Córdoba,9256,4307,4949
2024,12,Córdoba,18251,9256,8995
2024,13,Córdoba,20134,18251,1883
2024,14,Córdoba,22364,20134,2230
2024,15,Córdoba,9740,22364,-12624
2024,16,Córdoba,4408,9740,-5332
2024,17,Córdoba,3726,4408,-682
2024,18,Córdoba,2048,3726,-1678
2024,19,Córdoba,1087,2048,-961
2024,20,Córdoba,421,1087,-666
2024,21,Córdoba,162,421,-259
2024,22,Córdoba,15,162,-147
2024,23,Córdoba,4,15,-11
2024,24,Córdoba,4,4,0
2024,25,Córdoba,1,4,-3
2024,26,Córdoba,1,1,0
2024,27,Córdoba,0,1,-1
2024,28,Córdoba,0,0,0
2024,29,Córdoba,0,0,0
2024,30,Córdoba,1,0,1
2024,31,Córdoba,0,1,-1
2024,32,Córdoba,0,0,0
2024,33,Córdoba,0,0,0
2024,34,Córdoba,0,0,0
2024,35,Córdoba,1,0,1
2024,36,Córdoba,0,1,-1
2024,37,Córdoba,0,0,0
2024,38,Córdoba,0,0,0
2024,39,Córdoba,0,0,0
2024,40,Córdoba,0,0,0
2024,41,Córdoba,2,0,2
2024,42,Córdoba,0,2,-2
2024,43,Córdoba,0,0,0
2024,44,Córdoba,2,0,2
2024,45,Córdoba,4,2,2
2024,46,Córdoba,0,4,-4
2024,47,Córdoba,1,0,1
2024,48,Córdoba,0,1,-1
2024,49,Córdoba,0,0,0
2024,50,Córdoba,0,0,0
2024,51,Córdoba,2,0,2
2024,52,Córdoba,0,2,-2
2025,1,Córdoba,1,,
2025,2,Córdoba,3,1,2
2025,3,Córdoba,14,3,11
2025,4,Córdoba,22,14,8
2025,5,Córdoba,47,22,25
2025,6,Córdoba,53,47,6
2025,7,Córdoba,79,53,26
2025,8,Córdoba,175,79,96
2025,9,Córdoba,277,175,102
2025,10,Córdoba,415,277,138
2025,11,Córdoba,632,415,217
2025,12,Córdoba,483,632,-149
2025,13,Córdoba,513,483,30
2025,14,Córdoba,427,513,-86
2025,15,Córdoba,197,427,-230
2025,16,Córdoba,103,197,-94
2025,17,Córdoba,121,103,18
2025,18,Córdoba,85,121,-36
2025,19,Córdoba,71,85,-14
2025,20,Córdoba,72,71,1
2025,21,Córdoba,52,72,-20
2025,22,Córdoba,20,52,-32
2025,23,Córdoba,7,20,-13
2025,24,Córdoba,1,7,-6
2025,25,Córdoba,0,1,-1
2025,26,Córdoba,0,0,0
2025,27,Córdoba,0,0,0
2025,28,Córdoba,1,0,1
2025,29,Córdoba,1,1,0
2025,30,Córdoba,0,1,-1
2025,31,Córdoba,0,0,0
2025,32,Córdoba,0,0,0
2025,33,Córdoba,0,0,0
2025,34,Córdoba,0,0,0
2025,35,Córdoba,0,0,0
2025,36,Córdoba,0,0,0
2025,37,Córdoba,0,0,0
2025,38,Córdoba,0,0,0
2025,39,Córdoba,0,0,0
2025,40,Córdoba,0,0,0
2025,41,Córdoba,0,0,0
2025,42,Córdoba,0,0,0
2018,1,Entre Ríos,0,,
2018,2,Entre Ríos,0,0,0
2018,3,Entre Ríos,0,0,0
2018,4,Entre Ríos,0,0,0
2018,5,Entre Ríos,0,0,0
2018,6,Entre Ríos,0,0,0
2018,7,Entre Ríos,0,0,0
2018,8,Entre Ríos,0,0,0
2018,9,Entre Ríos,0,0,0
2018,10,Entre Ríos,0,0,0
2018,11,Entre Ríos,0,0,0
2018,12,Entre Ríos,0,0,0
2018,13,Entre Ríos,0,0,0
2018,14,Entre Ríos,1,0,1
2018,15,Entre Ríos,0,1,-1
2018,16,Entre Ríos,2,0,2
2018,17,Entre Ríos,0,2,-2
2018,18,Entre Ríos,0,0,0
2018,19,Entre Ríos,0,0,0
2018,20,Entre Ríos,1,0,1
2018,21,Entre Ríos,0,1,-1
2018,22,Entre Ríos,0,0,0
2018,23,Entre Ríos,0,0,0
2018,24,Entre Ríos,0,0,0
2018,25,Entre Ríos,0,0,0
2018,26,Entre Ríos,0,0,0
2018,27,Entre Ríos,0,0,0
2019,1,Entre Ríos,0,,
2019,2,Entre Ríos,0,0,0
2019,3,Entre Ríos,0,0,0
2019,4,Entre Ríos,0,0,0
2019,5,Entre Ríos,0,0,0
2019,6,Entre Ríos,0,0,0
2019,7,Entre Ríos,0,0,0
2019,8,Entre Ríos,0,0,0
2019,9,Entre Ríos,0,0,0
2019,10,Entre Ríos,0,0,0
2019,11,Entre Ríos,0,0,0
2019,12,Entre Ríos,0,0,0
2019,13,Entre Ríos,0,0,0
2019,14,Entre Ríos,0,0,0
2019,15,Entre Ríos,0,0,0
2019,16,Entre Ríos,0,0,0
2019,17,Entre Ríos,0,0,0
2019,18,Entre Ríos,0,0,0
2019,19,Entre Ríos,0,0,0
2019,20,Entre Ríos,0,0,0
2019,21,Entre Ríos,0,0,0
2019,22,Entre Ríos,0,0,0
2019,23,Entre Ríos,0,0,0
2019,24,Entre Ríos,0,0,0
2019,25,Entre Ríos,0,0,0
2019,26,Entre Ríos,0,0,0
2019,27,Entre Ríos,0,0,0
2019,28,Entre Ríos,0,0,0
2019,29,Entre Ríos,0,0,0
2019,30,Entre Ríos,0,0,0
2019,31,Entre Ríos,0,0,0
2019,32,Entre Ríos,0,0,0
2019,33,Entre Ríos,0,0,0
2019,34,Entre Ríos,0,0,0
2019,35,Entre Ríos,0,0,0
2019,36,Entre Ríos,0,0,0
2019,37,Entre Ríos,0,0,0
2019,38,Entre Ríos,0,0,0
2019,39,Entre Ríos,0,0,0
2019,40,Entre Ríos,0,0,0
2019,41,Entre Ríos,0,0,0
2019,42,Entre Ríos,0,0,0
2019,43,Entre Ríos,0,0,0
2019,44,Entre Ríos,0,0,0
2019,45,Entre Ríos,0,0,0
2019,46,Entre Ríos,0,0,0
2019,47,Entre Ríos,0,0,0
2019,48,Entre Ríos,0,0,0
2019,49,Entre Ríos,0,0,0
2019,50,Entre Ríos,0,0,0
2019,51,Entre Ríos,0,0,0
2019,52,Entre Ríos,0,0,0
2020,1,Entre Ríos,0,,
2020,2,Entre Ríos,1,0,1
2020,3,Entre Ríos,0,1,-1
2020,4,Entre Ríos,4,0,4
2020,5,Entre Ríos,1,4,-3
2020,6,Entre Ríos,8,1,7
2020,7,Entre Ríos,8,8,0
2020,8,Entre Ríos,10,8,2
2020,9,Entre Ríos,18,10,8
2020,10,Entre Ríos,24,18,6
2020,11,Entre Ríos,27,24,3
2020,12,Entre Ríos,46,27,19
2020,13,Entre Ríos,93,46,47
2020,14,Entre Ríos,115,93,22
2020,15,Entre Ríos,83,115,-32
2020,16,Entre Ríos,44,83,-39
2020,17,Entre Ríos,38,44,-6
2020,18,Entre Ríos,25,38,-13
2020,19,Entre Ríos,18,25,-7
2020,20,Entre Ríos,10,18,-8
2020,21,Entre Ríos,6,10,-4
2020,22,Entre Ríos,0,6,-6
2020,23,Entre Ríos,1,0,1
2020,24,Entre Ríos,1,1,0
2020,25,Entre Ríos,0,1,-1
2020,26,Entre Ríos,0,0,0
2020,27,Entre Ríos,0,0,0
2020,28,Entre Ríos,0,0,0
2020,29,Entre Ríos,0,0,0
2020,30,Entre Ríos,0,0,0
2020,31,Entre Ríos,0,0,0
2020,32,Entre Ríos,0,0,0
2020,33,Entre Ríos,0,0,0
2020,34,Entre Ríos,0,0,0
2020,35,Entre Ríos,0,0,0
2020,36,Entre Ríos,0,0,0
2020,37,Entre Ríos,0,0,0
2020,38,Entre Ríos,0,0,0
2020,39,Entre Ríos,0,0,0
2020,40,Entre Ríos,0,0,0
2020,41,Entre Ríos,0,0,0
2020,42,Entre Ríos,0,0,0
2020,43,Entre Ríos,0,0,0
2020,44,Entre Ríos,0,0,0
2020,45,Entre Ríos,0,0,0
2020,46,Entre Ríos,0,0,0
2020,47,Entre Ríos,0,0,0
2020,48,Entre Ríos,0,0,0
2020,49,Entre Ríos,0,0,0
2020,50,Entre Ríos,0,0,0
2020,51,Entre Ríos,0,0,0
2020,52,Entre Ríos,0,0,0
2020,53,Entre Ríos,0,0,0
2021,1,Entre Ríos,0,,
2021,2,Entre Ríos,0,0,0
2021,3,Entre Ríos,0,0,0
2021,4,Entre Ríos,0,0,0
2021,5,Entre Ríos,0,0,0
2021,6,Entre Ríos,0,0,0
2021,7,Entre Ríos,0,0,0
2021,8,Entre Ríos,0,0,0
2021,9,Entre Ríos,0,0,0
2021,10,Entre Ríos,0,0,0
2021,11,Entre Ríos,0,0,0
2021,12,Entre Ríos,0,0,0
2021,13,Entre Ríos,4,0,4
2021,14,Entre Ríos,1,4,-3
2021,15,Entre Ríos,3,1,2
2021,16,Entre Ríos,5,3,2
2021,17,Entre Ríos,4,5,-1
2021,18,Entre Ríos,0,4,-4
2021,19,Entre Ríos,0,0,0
2021,20,Entre Ríos,0,0,0
2021,21,Entre Ríos,0,0,0
2021,22,Entre Ríos,0,0,0
2021,23,Entre Ríos,0,0,0
2021,24,Entre Ríos,0,0,0
2021,25,Entre Ríos,0,0,0
2021,26,Entre Ríos,0,0,0
2021,27,Entre Ríos,0,0,0
2021,28,Entre Ríos,0,0,0
2021,29,Entre Ríos,0,0,0
2021,30,Entre Ríos,0,0,0
2022,1,Entre Ríos,0,,
2022,2,Entre Ríos,0,0,0
2022,3,Entre Ríos,0,0,0
2022,4,Entre Ríos,0,0,0
2022,5,Entre Ríos,0,0,0
2022,6,Entre Ríos,0,0,0
2022,7,Entre Ríos,0,0,0
2022,8,Entre Ríos,0,0,0
2022,9,Entre Ríos,0,0,0
2022,10,Entre Ríos,0,0,0
2022,11,Entre Ríos,0,0,0
2022,12,Entre Ríos,0,0,0
2022,13,Entre Ríos,0,0,0
2022,14,Entre Ríos,0,0,0
2022,15,Entre Ríos,0,0,0
2022,16,Entre Ríos,0,0,0
2022,17,Entre Ríos,0,0,0
2022,18,Entre Ríos,0,0,0
2022,19,Entre Ríos,0,0,0
2022,20,Entre Ríos,0,0,0
2022,21,Entre Ríos,0,0,0
2022,22,Entre Ríos,0,0,0
2022,23,Entre Ríos,0,0,0
2022,24,Entre Ríos,0,0,0
2022,25,Entre Ríos,0,0,0
2022,26,Entre Ríos,0,0,0
2022,27,Entre Ríos,0,0,0
2022,28,Entre Ríos,0,0,0
2022,29,Entre Ríos,0,0,0
2022,30,Entre Ríos,0,0,0
2022,31,Entre Ríos,0,0,0
2022,32,Entre Ríos,0,0,0
2022,33,Entre Ríos,0,0,0
2022,34,Entre Ríos,0,0,0
2022,35,Entre Ríos,0,0,0
2022,36,Entre Ríos,0,0,0
2022,37,Entre Ríos,0,0,0
2022,38,Entre Ríos,0,0,0
2022,39,Entre Ríos,0,0,0
2022,40,Entre Ríos,0,0,0
2022,41,Entre Ríos,0,0,0
2022,42,Entre Ríos,0,0,0
2022,43,Entre Ríos,0,0,0
2022,44,Entre Ríos,0,0,0
2022,45,Entre Ríos,0,0,0
2022,46,Entre Ríos,0,0,0
2022,47,Entre Ríos,0,0,0
2022,48,Entre Ríos,0,0,0
2022,49,Entre Ríos,0,0,0
2022,50,Entre Ríos,0,0,0
2023,1,Entre Ríos,0,,
2023,2,Entre Ríos,0,0,0
2023,3,Entre Ríos,0,0,0
2023,4,Entre Ríos,0,0,0
2023,5,Entre Ríos,0,0,0
2023,6,Entre Ríos,0,0,0
2023,7,Entre Ríos,0,0,0
2023,8,Entre Ríos,2,0,2
2023,9,Entre Ríos,5,2,3
2023,10,Entre Ríos,5,5,0
2023,11,Entre Ríos,20,5,15
2023,12,Entre Ríos,52,20,32
2023,13,Entre Ríos,70,52,18
2023,14,Entre Ríos,110,70,40
2023,15,Entre Ríos,142,110,32
2023,16,Entre Ríos,84,142,-58
2023,17,Entre Ríos,54,84,-30
2023,18,Entre Ríos,50,54,-4
2023,19,Entre Ríos,28,50,-22
2023,20,Entre Ríos,26,28,-2
2023,21,Entre Ríos,6,26,-20
2023,22,Entre Ríos,10,6,4
2023,23,Entre Ríos,7,10,-3
2023,24,Entre Ríos,4,7,-3
2023,25,Entre Ríos,1,4,-3
2023,26,Entre Ríos,2,1,1
2023,27,Entre Ríos,1,2,-1
2023,28,Entre Ríos,2,1,1
2023,29,Entre Ríos,0,2,-2
2023,30,Entre Ríos,0,0,0
2023,31,Entre Ríos,0,0,0
2023,32,Entre Ríos,0,0,0
2023,33,Entre Ríos,0,0,0
2023,34,Entre Ríos,0,0,0
2023,35,Entre Ríos,0,0,0
2023,36,Entre Ríos,0,0,0
2023,37,Entre Ríos,0,0,0
2023,38,Entre Ríos,0,0,0
2023,39,Entre Ríos,0,0,0
2023,40,Entre Ríos,0,0,0
2023,41,Entre Ríos,0,0,0
2023,42,Entre Ríos,0,0,0
2023,43,Entre Ríos,1,0,1
2023,44,Entre Ríos,0,1,-1
2023,45,Entre Ríos,0,0,0
2023,46,Entre Ríos,0,0,0
2023,47,Entre Ríos,0,0,0
2023,48,Entre Ríos,0,0,0
2023,49,Entre Ríos,2,0,2
2023,50,Entre Ríos,0,2,-2
2023,51,Entre Ríos,2,0,2
2023,52,Entre Ríos,10,2,8
2024,1,Entre Ríos,34,,
2024,2,Entre Ríos,55,34,21
2024,3,Entre Ríos,73,55,18
2024,4,Entre Ríos,118,73,45
2024,5,Entre Ríos,217,118,99
2024,6,Entre Ríos,220,217,3
2024,7,Entre Ríos,379,220,159
2024,8,Entre Ríos,579,379,200
2024,9,Entre Ríos,857,579,278
2024,10,Entre Ríos,1537,857,680
2024,11,Entre Ríos,2090,1537,553
2024,12,Entre Ríos,2434,2090,344
2024,13,Entre Ríos,2064,2434,-370
2024,14,Entre Ríos,2361,2064,297
2024,15,Entre Ríos,1985,2361,-376
2024,16,Entre Ríos,1514,1985,-471
2024,17,Entre Ríos,1195,1514,-319
2024,18,Entre Ríos,931,1195,-264
2024,19,Entre Ríos,460,931,-471
2024,20,Entre Ríos,216,460,-244
2024,21,Entre Ríos,44,216,-172
2024,22,Entre Ríos,9,44,-35
2024,23,Entre Ríos,7,9,-2
2024,24,Entre Ríos,9,7,2
2024,25,Entre Ríos,7,9,-2
2024,26,Entre Ríos,0,7,-7
2024,27,Entre Ríos,0,0,0
2024,28,Entre Ríos,0,0,0
2024,29,Entre Ríos,0,0,0
2024,30,Entre Ríos,0,0,0
2024,31,Entre Ríos,0,0,0
2024,32,Entre Ríos,0,0,0
2024,33,Entre Ríos,0,0,0
2024,34,Entre Ríos,0,0,0
2024,35,Entre Ríos,0,0,0
2024,36,Entre Ríos,0,0,0
2024,37,Entre Ríos,0,0,0
2024,38,Entre Ríos,0,0,0
2024,39,Entre Ríos,0,0,0
2024,40,Entre Ríos,0,0,0
2024,41,Entre Ríos,0,0,0
2024,42,Entre Ríos,0,0,0
2024,43,Entre Ríos,0,0,0
2024,44,Entre Ríos,1,0,1
2024,45,Entre Ríos,0,1,-1
2024,46,Entre Ríos,0,0,0
2024,47,Entre Ríos,0,0,0
2024,48,Entre Ríos,0,0,0
2024,49,Entre Ríos,0,0,0
2024,50,Entre Ríos,3,0,3
2024,51,Entre Ríos,0,3,-3
2024,52,Entre Ríos,1,0,1
2025,1,Entre Ríos,1,,
2025,2,Entre Ríos,2,1,1
2025,3,Entre Ríos,0,2,-2
2025,4,Entre Ríos,0,0,0
2025,5,Entre Ríos,2,0,2
2025,6,Entre Ríos,6,2,4
2025,7,Entre Ríos,5,6,-1
2025,8,Entre Ríos,8,5,3
2025,9,Entre Ríos,3,8,-5
2025,10,Entre Ríos,10,3,7
2025,11,Entre Ríos,8,10,-2
2025,12,Entre Ríos,10,8,2
2025,13,Entre Ríos,13,10,3
2025,14,Entre Ríos,11,13,-2
2025,15,Entre Ríos,10,11,-1
2025,16,Entre Ríos,12,10,2
2025,17,Entre Ríos,6,12,-6
2025,18,Entre Ríos,2,6,-4
2025,19,Entre Ríos,6,2,4
2025,20,Entre Ríos,1,6,-5
2025,21,Entre Ríos,3,1,2
2025,22,Entre Ríos,1,3,-2
2025,23,Entre Ríos,1,1,0
2025,24,Entre Ríos,0,1,-1
2025,25,Entre Ríos,0,0,0
2025,26,Entre Ríos,0,0,0
2025,27,Entre Ríos,0,0,0
2025,28,Entre Ríos,0,0,0
2025,29,Entre Ríos,1,0,1
2025,30,Entre Ríos,0,1,-1
2025,31,Entre Ríos,0,0,0
2025,32,Entre Ríos,0,0,0
2025,33,Entre Ríos,0,0,0
2025,34,Entre Ríos,0,0,0
2025,35,Entre Ríos,0,0,0
2025,36,Entre Ríos,0,0,0
2025,37,Entre Ríos,0,0,0
2025,38,Entre Ríos,0,0,0
2025,39,Entre Ríos,0,0,0
2025,40,Entre Ríos,0,0,0
2025,41,Entre Ríos,0,0,0
2025,42,Entre Ríos,0,0,0
2018,1,Formosa,3,,
2018,2,Formosa,0,3,-3
2018,3,Formosa,1,0,1
2018,4,Formosa,0,1,-1
2018,5,Formosa,0,0,0
2018,6,Formosa,0,0,0
2018,7,Formosa,2,0,2
2018,8,Formosa,1,2,-1
2018,9,Formosa,2,1,1
2018,10,Formosa,2,2,0
2018,11,Formosa,4,2,2
2018,12,Formosa,3,4,-1
2018,13,Formosa,1,3,-2
2018,14,Formosa,0,1,-1
2018,15,Formosa,0,0,0
2018,16,Formosa,0,0,0
2018,17,Formosa,0,0,0
2018,18,Formosa,1,0,1
2018,19,Formosa,1,1,0
2018,20,Formosa,2,1,1
2018,21,Formosa,0,2,-2
2018,22,Formosa,0,0,0
2018,23,Formosa,0,0,0
2018,24,Formosa,0,0,0
2018,25,Formosa,0,0,0
2018,26,Formosa,0,0,0
2018,27,Formosa,0,0,0
2019,1,Formosa,2,,
2019,2,Formosa,4,2,2
2019,3,Formosa,7,4,3
2019,4,Formosa,0,7,-7
2019,5,Formosa,0,0,0
2019,6,Formosa,0,0,0
2019,7,Formosa,0,0,0
2019,8,Formosa,0,0,0
2019,9,Formosa,0,0,0
2019,10,Formosa,0,0,0
2019,11,Formosa,0,0,0
2019,12,Formosa,0,0,0
2019,13,Formosa,0,0,0
2019,14,Formosa,1,0,1
2019,15,Formosa,0,1,-1
2019,16,Formosa,0,0,0
2019,17,Formosa,0,0,0
2019,18,Formosa,0,0,0
2019,19,Formosa,0,0,0
2019,20,Formosa,0,0,0
2019,21,Formosa,0,0,0
2019,22,Formosa,0,0,0
2019,23,Formosa,0,0,0
2019,24,Formosa,0,0,0
2019,25,Formosa,0,0,0
2019,26,Formosa,0,0,0
2019,27,Formosa,0,0,0
2019,28,Formosa,0,0,0
2019,29,Formosa,0,0,0
2019,30,Formosa,0,0,0
2019,31,Formosa,0,0,0
2019,32,Formosa,0,0,0
2019,33,Formosa,0,0,0
2019,34,Formosa,0,0,0
2019,35,Formosa,0,0,0
2019,36,Formosa,0,0,0
2019,37,Formosa,0,0,0
2019,38,Formosa,0,0,0
2019,39,Formosa,0,0,0
2019,40,Formosa,0,0,0
2019,41,Formosa,0,0,0
2019,42,Formosa,0,0,0
2019,43,Formosa,0,0,0
2019,44,Formosa,0,0,0
2019,45,Formosa,0,0,0
2019,46,Formosa,0,0,0
2019,47,Formosa,0,0,0
2019,48,Formosa,0,0,0
2019,49,Formosa,0,0,0
2019,50,Formosa,0,0,0
2019,51,Formosa,0,0,0
2019,52,Formosa,0,0,0
2020,1,Formosa,3,,
2020,2,Formosa,2,3,-1
2020,3,Formosa,4,2,2
2020,4,Formosa,27,4,23
2020,5,Formosa,39,27,12
2020,6,Formosa,50,39,11
2020,7,Formosa,93,50,43
2020,8,Formosa,201,93,108
2020,9,Formosa,272,201,71
2020,10,Formosa,260,272,-12
2020,11,Formosa,172,260,-88
2020,12,Formosa,144,172,-28
2020,13,Formosa,103,144,-41
2020,14,Formosa,174,103,71
2020,15,Formosa,144,174,-30
2020,16,Formosa,206,144,62
2020,17,Formosa,209,206,3
2020,18,Formosa,103,209,-106
2020,19,Formosa,141,103,38
2020,20,Formosa,222,141,81
2020,21,Formosa,152,222,-70
2020,22,Formosa,106,152,-46
2020,23,Formosa,54,106,-52
2020,24,Formosa,56,54,2
2020,25,Formosa,47,56,-9
2020,26,Formosa,36,47,-11
2020,27,Formosa,20,36,-16
2020,28,Formosa,14,20,-6
2020,29,Formosa,10,14,-4
2020,30,Formosa,19,10,9
2020,31,Formosa,0,19,-19
2020,32,Formosa,3,0,3
2020,33,Formosa,1,3,-2
2020,34,Formosa,1,1,0
2020,35,Formosa,2,1,1
2020,36,Formosa,2,2,0
2020,37,Formosa,3,2,1
2020,38,Formosa,0,3,-3
2020,39,Formosa,2,0,2
2020,40,Formosa,2,2,0
2020,41,Formosa,0,2,-2
2020,42,Formosa,2,0,2
2020,43,Formosa,0,2,-2
2020,44,Formosa,2,0,2
2020,45,Formosa,3,2,1
2020,46,Formosa,0,3,-3
2020,47,Formosa,0,0,0
2020,48,Formosa,0,0,0
2020,49,Formosa,0,0,0
2020,50,Formosa,0,0,0
2020,51,Formosa,0,0,0
2020,52,Formosa,0,0,0
2020,53,Formosa,0,0,0
2021,1,Formosa,13,,
2021,2,Formosa,12,13,-1
2021,3,Formosa,16,12,4
2021,4,Formosa,20,16,4
2021,5,Formosa,51,20,31
2021,6,Formosa,73,51,22
2021,7,Formosa,42,73,-31
2021,8,Formosa,53,42,11
2021,9,Formosa,13,53,-40
2021,10,Formosa,43,13,30
2021,11,Formosa,24,43,-19
2021,12,Formosa,2,24,-22
2021,13,Formosa,9,2,7
2021,14,Formosa,2,9,-7
2021,15,Formosa,4,2,2
2021,16,Formosa,16,4,12
2021,17,Formosa,5,16,-11
2021,18,Formosa,3,5,-2
2021,19,Formosa,0,3,-3
2021,20,Formosa,0,0,0
2021,21,Formosa,0,0,0
2021,22,Formosa,0,0,0
2021,23,Formosa,0,0,0
2021,24,Formosa,0,0,0
2021,25,Formosa,0,0,0
2021,26,Formosa,0,0,0
2021,27,Formosa,0,0,0
2021,28,Formosa,0,0,0
2021,29,Formosa,0,0,0
2021,30,Formosa,0,0,0
2022,1,Formosa,0,,
2022,2,Formosa,0,0,0
2022,3,Formosa,0,0,0
2022,4,Formosa,0,0,0
2022,5,Formosa,0,0,0
2022,6,Formosa,0,0,0
2022,7,Formosa,0,0,0
2022,8,Formosa,0,0,0
2022,9,Formosa,0,0,0
2022,10,Formosa,0,0,0
2022,11,Formosa,0,0,0
2022,12,Formosa,0,0,0
2022,13,Formosa,0,0,0
2022,14,Formosa,0,0,0
2022,15,Formosa,0,0,0
2022,16,Formosa,0,0,0
2022,17,Formosa,0,0,0
2022,18,Formosa,0,0,0
2022,19,Formosa,0,0,0
2022,20,Formosa,0,0,0
2022,21,Formosa,0,0,0
2022,22,Formosa,0,0,0
2022,23,Formosa,0,0,0
2022,24,Formosa,0,0,0
2022,25,Formosa,0,0,0
2022,26,Formosa,0,0,0
2022,27,Formosa,0,0,0
2022,28,Formosa,0,0,0
2022,29,Formosa,0,0,0
2022,30,Formosa,0,0,0
2022,31,Formosa,0,0,0
2022,32,Formosa,0,0,0
2022,33,Formosa,0,0,0
2022,34,Formosa,0,0,0
2022,35,Formosa,0,0,0
2022,36,Formosa,0,0,0
2022,37,Formosa,0,0,0
2022,38,Formosa,0,0,0
2022,39,Formosa,0,0,0
2022,40,Formosa,0,0,0
2022,41,Formosa,0,0,0
2022,42,Formosa,0,0,0
2022,43,Formosa,0,0,0
2022,44,Formosa,0,0,0
2022,45,Formosa,0,0,0
2022,46,Formosa,0,0,0
2022,47,Formosa,0,0,0
2022,48,Formosa,0,0,0
2022,49,Formosa,0,0,0
2022,50,Formosa,0,0,0
2023,1,Formosa,0,,
2023,2,Formosa,1,0,1
2023,3,Formosa,4,1,3
2023,4,Formosa,1,4,-3
2023,5,Formosa,0,1,-1
2023,6,Formosa,5,0,5
2023,7,Formosa,3,5,-2
2023,8,Formosa,4,3,1
2023,9,Formosa,6,4,2
2023,10,Formosa,22,6,16
2023,11,Formosa,23,22,1
2023,12,Formosa,18,23,-5
2023,13,Formosa,46,18,28
2023,14,Formosa,57,46,11
2023,15,Formosa,54,57,-3
2023,16,Formosa,54,54,0
2023,17,Formosa,52,54,-2
2023,18,Formosa,42,52,-10
2023,19,Formosa,45,42,3
2023,20,Formosa,8,45,-37
2023,21,Formosa,21,8,13
2023,22,Formosa,32,21,11
2023,23,Formosa,22,32,-10
2023,24,Formosa,2,22,-20
2023,25,Formosa,1,2,-1
2023,26,Formosa,7,1,6
2023,27,Formosa,10,7,3
2023,28,Formosa,8,10,-2
2023,29,Formosa,11,8,3
2023,30,Formosa,10,11,-1
2023,31,Formosa,12,10,2
2023,32,Formosa,10,12,-2
2023,33,Formosa,12,10,2
2023,34,Formosa,12,12,0
2023,35,Formosa,38,12,26
2023,36,Formosa,87,38,49
2023,37,Formosa,74,87,-13
2023,38,Formosa,60,74,-14
2023,39,Formosa,15,60,-45
2023,40,Formosa,139,15,124
2023,41,Formosa,134,139,-5
2023,42,Formosa,132,134,-2
2023,43,Formosa,282,132,150
2023,44,Formosa,308,282,26
2023,45,Formosa,266,308,-42
2023,46,Formosa,388,266,122
2023,47,Formosa,635,388,247
2023,48,Formosa,619,635,-16
2023,49,Formosa,241,619,-378
2023,50,Formosa,749,241,508
2023,51,Formosa,1016,749,267
2023,52,Formosa,1100,1016,84
2024,1,Formosa,1325,,
2024,2,Formosa,1266,1325,-59
2024,3,Formosa,1238,1266,-28
2024,4,Formosa,1039,1238,-199
2024,5,Formosa,922,1039,-117
2024,6,Formosa,900,922,-22
2024,7,Formosa,559,900,-341
2024,8,Formosa,411,559,-148
2024,9,Formosa,379,411,-32
2024,10,Formosa,326,379,-53
2024,11,Formosa,346,326,20
2024,12,Formosa,252,346,-94
2024,13,Formosa,213,252,-39
2024,14,Formosa,201,213,-12
2024,15,Formosa,166,201,-35
2024,16,Formosa,153,166,-13
2024,17,Formosa,139,153,-14
2024,18,Formosa,137,139,-2
2024,19,Formosa,201,137,64
2024,20,Formosa,138,201,-63
2024,21,Formosa,29,138,-109
2024,22,Formosa,30,29,1
2024,23,Formosa,22,30,-8
2024,24,Formosa,38,22,16
2024,25,Formosa,35,38,-3
2024,26,Formosa,28,35,-7
2024,27,Formosa,11,28,-17
2024,28,Formosa,7,11,-4
2024,29,Formosa,3,7,-4
2024,30,Formosa,3,3,0
2024,31,Formosa,8,3,5
2024,32,Formosa,7,8,-1
2024,33,Formosa,9,7,2
2024,34,Formosa,5,9,-4
2024,35,Formosa,5,5,0
2024,36,Formosa,6,5,1
2024,37,Formosa,5,6,-1
2024,38,Formosa,5,5,0
2024,39,Formosa,6,5,1
2024,40,Formosa,6,6,0
2024,41,Formosa,8,6,2
2024,42,Formosa,4,8,-4
2024,43,Formosa,10,4,6
2024,44,Formosa,8,10,-2
2024,45,Formosa,12,8,4
2024,46,Formosa,18,12,6
2024,47,Formosa,21,18,3
2024,48,Formosa,8,21,-13
2024,49,Formosa,13,8,5
2024,50,Formosa,12,13,-1
2024,51,Formosa,13,12,1
2024,52,Formosa,15,13,2
2025,1,Formosa,14,,
2025,2,Formosa,17,14,3
2025,3,Formosa,17,17,0
2025,4,Formosa,16,17,-1
2025,5,Formosa,13,16,-3
2025,6,Formosa,6,13,-7
2025,7,Formosa,2,6,-4
2025,8,Formosa,5,2,3
2025,9,Formosa,5,5,0
2025,10,Formosa,5,5,0
2025,11,Formosa,8,5,3
2025,12,Formosa,1,8,-7
2025,13,Formosa,6,1,5
2025,14,Formosa,4,6,-2
2025,15,Formosa,5,4,1
2025,16,Formosa,5,5,0
2025,17,Formosa,5,5,0
2025,18,Formosa,9,5,4
2025,19,Formosa,3,9,-6
2025,20,Formosa,10,3,7
2025,21,Formosa,7,10,-3
2025,22,Formosa,5,7,-2
2025,23,Formosa,9,5,4
2025,24,Formosa,11,9,2
2025,25,Formosa,7,11,-4
2025,26,Formosa,8,7,1
2025,27,Formosa,5,8,-3
2025,28,Formosa,4,5,-1
2025,29,Formosa,3,4,-1
2025,30,Formosa,4,3,1
2025,31,Formosa,1,4,-3
2025,32,Formosa,1,1,0
2025,33,Formosa,0,1,-1
2025,34,Formosa,0,0,0
2025,35,Formosa,0,0,0
2025,36,Formosa,0,0,0
2025,37,Formosa,0,0,0
2025,38,Formosa,0,0,0
2025,39,Formosa,0,0,0
2025,40,Formosa,0,0,0
2025,41,Formosa,0,0,0
2025,42,Formosa,0,0,0
2018,1,Jujuy,0,,
2018,2,Jujuy,0,0,0
2018,3,Jujuy,0,0,0
2018,4,Jujuy,0,0,0
2018,5,Jujuy,0,0,0
2018,6,Jujuy,0,0,0
2018,7,Jujuy,0,0,0
2018,8,Jujuy,0,0,0
2018,9,Jujuy,0,0,0
2018,10,Jujuy,0,0,0
2018,11,Jujuy,0,0,0
2018,12,Jujuy,0,0,0
2018,13,Jujuy,0,0,0
2018,14,Jujuy,0,0,0
2018,15,Jujuy,0,0,0
2018,16,Jujuy,0,0,0
2018,17,Jujuy,0,0,0
2018,18,Jujuy,0,0,0
2018,19,Jujuy,0,0,0
2018,20,Jujuy,0,0,0
2018,21,Jujuy,0,0,0
2018,22,Jujuy,0,0,0
2018,23,Jujuy,0,0,0
2018,24,Jujuy,0,0,0
2018,25,Jujuy,0,0,0
2018,26,Jujuy,0,0,0
2018,27,Jujuy,0,0,0
2019,1,Jujuy,0,,
2019,2,Jujuy,0,0,0
2019,3,Jujuy,0,0,0
2019,4,Jujuy,0,0,0
2019,5,Jujuy,0,0,0
2019,6,Jujuy,0,0,0
2019,7,Jujuy,2,0,2
2019,8,Jujuy,1,2,-1
2019,9,Jujuy,4,1,3
2019,10,Jujuy,10,4,6
2019,11,Jujuy,13,10,3
2019,12,Jujuy,7,13,-6
2019,13,Jujuy,20,7,13
2019,14,Jujuy,33,20,13
2019,15,Jujuy,41,33,8
2019,16,Jujuy,37,41,-4
2019,17,Jujuy,69,37,32
2019,18,Jujuy,66,69,-3
2019,19,Jujuy,93,66,27
2019,20,Jujuy,73,93,-20
2019,21,Jujuy,48,73,-25
2019,22,Jujuy,9,48,-39
2019,23,Jujuy,16,9,7
2019,24,Jujuy,7,16,-9
2019,25,Jujuy,4,7,-3
2019,26,Jujuy,0,4,-4
2019,27,Jujuy,0,0,0
2019,28,Jujuy,0,0,0
2019,29,Jujuy,1,0,1
2019,30,Jujuy,0,1,-1
2019,31,Jujuy,0,0,0
2019,32,Jujuy,0,0,0
2019,33,Jujuy,0,0,0
2019,34,Jujuy,0,0,0
2019,35,Jujuy,0,0,0
2019,36,Jujuy,0,0,0
2019,37,Jujuy,0,0,0
2019,38,Jujuy,0,0,0
2019,39,Jujuy,0,0,0
2019,40,Jujuy,0,0,0
2019,41,Jujuy,0,0,0
2019,42,Jujuy,0,0,0
2019,43,Jujuy,0,0,0
2019,44,Jujuy,0,0,0
2019,45,Jujuy,0,0,0
2019,46,Jujuy,0,0,0
2019,47,Jujuy,0,0,0
2019,48,Jujuy,0,0,0
2019,49,Jujuy,0,0,0
2019,50,Jujuy,0,0,0
2019,51,Jujuy,0,0,0
2019,52,Jujuy,0,0,0
2020,1,Jujuy,0,,
2020,2,Jujuy,0,0,0
2020,3,Jujuy,3,0,3
2020,4,Jujuy,4,3,1
2020,5,Jujuy,8,4,4
2020,6,Jujuy,24,8,16
2020,7,Jujuy,15,24,-9
2020,8,Jujuy,21,15,6
2020,9,Jujuy,39,21,18
2020,10,Jujuy,86,39,47
2020,11,Jujuy,124,86,38
2020,12,Jujuy,292,124,168
2020,13,Jujuy,510,292,218
2020,14,Jujuy,448,510,-62
2020,15,Jujuy,279,448,-169
2020,16,Jujuy,643,279,364
2020,17,Jujuy,676,643,33
2020,18,Jujuy,587,676,-89
2020,19,Jujuy,629,587,42
2020,20,Jujuy,443,629,-186
2020,21,Jujuy,264,443,-179
2020,22,Jujuy,93,264,-171
2020,23,Jujuy,25,93,-68
2020,24,Jujuy,8,25,-17
2020,25,Jujuy,6,8,-2
2020,26,Jujuy,3,6,-3
2020,27,Jujuy,0,3,-3
2020,28,Jujuy,1,0,1
2020,29,Jujuy,0,1,-1
2020,30,Jujuy,0,0,0
2020,31,Jujuy,0,0,0
2020,32,Jujuy,0,0,0
2020,33,Jujuy,0,0,0
2020,34,Jujuy,0,0,0
2020,35,Jujuy,0,0,0
2020,36,Jujuy,0,0,0
2020,37,Jujuy,0,0,0
2020,38,Jujuy,0,0,0
2020,39,Jujuy,0,0,0
2020,40,Jujuy,0,0,0
2020,41,Jujuy,0,0,0
2020,42,Jujuy,0,0,0
2020,43,Jujuy,0,0,0
2020,44,Jujuy,0,0,0
2020,45,Jujuy,0,0,0
2020,46,Jujuy,0,0,0
2020,47,Jujuy,0,0,0
2020,48,Jujuy,0,0,0
2020,49,Jujuy,0,0,0
2020,50,Jujuy,0,0,0
2020,51,Jujuy,0,0,0
2020,52,Jujuy,0,0,0
2020,53,Jujuy,0,0,0
2021,1,Jujuy,0,,
2021,2,Jujuy,0,0,0
2021,3,Jujuy,0,0,0
2021,4,Jujuy,0,0,0
2021,5,Jujuy,0,0,0
2021,6,Jujuy,0,0,0
2021,7,Jujuy,1,0,1
2021,8,Jujuy,0,1,-1
2021,9,Jujuy,0,0,0
2021,10,Jujuy,3,0,3
2021,11,Jujuy,5,3,2
2021,12,Jujuy,9,5,4
2021,13,Jujuy,11,9,2
2021,14,Jujuy,10,11,-1
2021,15,Jujuy,13,10,3
2021,16,Jujuy,33,13,20
2021,17,Jujuy,36,33,3
2021,18,Jujuy,24,36,-12
2021,19,Jujuy,13,24,-11
2021,20,Jujuy,5,13,-8
2021,21,Jujuy,11,5,6
2021,22,Jujuy,5,11,-6
2021,23,Jujuy,7,5,2
2021,24,Jujuy,2,7,-5
2021,25,Jujuy,1,2,-1
2021,26,Jujuy,0,1,-1
2021,27,Jujuy,0,0,0
2021,28,Jujuy,0,0,0
2021,29,Jujuy,0,0,0
2021,30,Jujuy,0,0,0
2022,1,Jujuy,0,,
2022,2,Jujuy,0,0,0
2022,3,Jujuy,0,0,0
2022,4,Jujuy,0,0,0
2022,5,Jujuy,0,0,0
2022,6,Jujuy,0,0,0
2022,7,Jujuy,0,0,0
2022,8,Jujuy,0,0,0
2022,9,Jujuy,0,0,0
2022,10,Jujuy,0,0,0
2022,11,Jujuy,0,0,0
2022,12,Jujuy,0,0,0
2022,13,Jujuy,0,0,0
2022,14,Jujuy,0,0,0
2022,15,Jujuy,0,0,0
2022,16,Jujuy,0,0,0
2022,17,Jujuy,0,0,0
2022,18,Jujuy,0,0,0
2022,19,Jujuy,0,0,0
2022,20,Jujuy,0,0,0
2022,21,Jujuy,0,0,0
2022,22,Jujuy,0,0,0
2022,23,Jujuy,0,0,0
2022,24,Jujuy,0,0,0
2022,25,Jujuy,0,0,0
2022,26,Jujuy,0,0,0
2022,27,Jujuy,0,0,0
2022,28,Jujuy,0,0,0
2022,29,Jujuy,0,0,0
2022,30,Jujuy,0,0,0
2022,31,Jujuy,0,0,0
2022,32,Jujuy,0,0,0
2022,33,Jujuy,0,0,0
2022,34,Jujuy,0,0,0
2022,35,Jujuy,0,0,0
2022,36,Jujuy,0,0,0
2022,37,Jujuy,0,0,0
2022,38,Jujuy,0,0,0
2022,39,Jujuy,0,0,0
2022,40,Jujuy,0,0,0
2022,41,Jujuy,0,0,0
2022,42,Jujuy,0,0,0
2022,43,Jujuy,0,0,0
2022,44,Jujuy,0,0,0
2022,45,Jujuy,0,0,0
2022,46,Jujuy,0,0,0
2022,47,Jujuy,0,0,0
2022,48,Jujuy,0,0,0
2022,49,Jujuy,0,0,0
2022,50,Jujuy,0,0,0
2023,1,Jujuy,0,,
2023,2,Jujuy,0,0,0
2023,3,Jujuy,0,0,0
2023,4,Jujuy,2,0,2
2023,5,Jujuy,6,2,4
2023,6,Jujuy,19,6,13
2023,7,Jujuy,52,19,33
2023,8,Jujuy,63,52,11
2023,9,Jujuy,45,63,-18
2023,10,Jujuy,151,45,106
2023,11,Jujuy,342,151,191
2023,12,Jujuy,656,342,314
2023,13,Jujuy,1045,656,389
2023,14,Jujuy,807,1045,-238
2023,15,Jujuy,800,807,-7
2023,16,Jujuy,373,800,-427
2023,17,Jujuy,333,373,-40
2023,18,Jujuy,197,333,-136
2023,19,Jujuy,129,197,-68
2023,20,Jujuy,132,129,3
2023,21,Jujuy,73,132,-59
2023,22,Jujuy,104,73,31
2023,23,Jujuy,19,104,-85
2023,24,Jujuy,26,19,7
2023,25,Jujuy,8,26,-18
2023,26,Jujuy,9,8,1
2023,27,Jujuy,9,9,0
2023,28,Jujuy,4,9,-5
2023,29,Jujuy,1,4,-3
2023,30,Jujuy,0,1,-1
2023,31,Jujuy,2,0,2
2023,32,Jujuy,0,2,-2
2023,33,Jujuy,0,0,0
2023,34,Jujuy,1,0,1
2023,35,Jujuy,0,1,-1
2023,36,Jujuy,0,0,0
2023,37,Jujuy,0,0,0
2023,38,Jujuy,0,0,0
2023,39,Jujuy,0,0,0
2023,40,Jujuy,0,0,0
2023,41,Jujuy,0,0,0
2023,42,Jujuy,0,0,0
2023,43,Jujuy,1,0,1
2023,44,Jujuy,0,1,-1
2023,45,Jujuy,0,0,0
2023,46,Jujuy,0,0,0
2023,47,Jujuy,0,0,0
2023,48,Jujuy,0,0,0
2023,49,Jujuy,0,0,0
2023,50,Jujuy,0,0,0
2023,51,Jujuy,0,0,0
2023,52,Jujuy,1,0,1
2024,1,Jujuy,5,,
2024,2,Jujuy,3,5,-2
2024,3,Jujuy,5,3,2
2024,4,Jujuy,8,5,3
2024,5,Jujuy,30,8,22
2024,6,Jujuy,26,30,-4
2024,7,Jujuy,108,26,82
2024,8,Jujuy,161,108,53
2024,9,Jujuy,177,161,16
2024,10,Jujuy,288,177,111
2024,11,Jujuy,475,288,187
2024,12,Jujuy,1374,475,899
2024,13,Jujuy,1704,1374,330
2024,14,Jujuy,2399,1704,695
2024,15,Jujuy,2621,2399,222
2024,16,Jujuy,1789,2621,-832
2024,17,Jujuy,1191,1789,-598
2024,18,Jujuy,861,1191,-330
2024,19,Jujuy,603,861,-258
2024,20,Jujuy,211,603,-392
2024,21,Jujuy,53,211,-158
2024,22,Jujuy,26,53,-27
2024,23,Jujuy,11,26,-15
2024,24,Jujuy,0,11,-11
2024,25,Jujuy,6,0,6
2024,26,Jujuy,2,6,-4
2024,27,Jujuy,0,2,-2
2024,28,Jujuy,0,0,0
2024,29,Jujuy,0,0,0
2024,30,Jujuy,0,0,0
2024,31,Jujuy,0,0,0
2024,32,Jujuy,0,0,0
2024,33,Jujuy,0,0,0
2024,34,Jujuy,0,0,0
2024,35,Jujuy,0,0,0
2024,36,Jujuy,0,0,0
2024,37,Jujuy,0,0,0
2024,38,Jujuy,0,0,0
2024,39,Jujuy,0,0,0
2024,40,Jujuy,0,0,0
2024,41,Jujuy,0,0,0
2024,42,Jujuy,0,0,0
2024,43,Jujuy,0,0,0
2024,44,Jujuy,0,0,0
2024,45,Jujuy,0,0,0
2024,46,Jujuy,0,0,0
2024,47,Jujuy,0,0,0
2024,48,Jujuy,0,0,0
2024,49,Jujuy,0,0,0
2024,50,Jujuy,0,0,0
2024,51,Jujuy,0,0,0
2024,52,Jujuy,0,0,0
2025,1,Jujuy,0,,
2025,2,Jujuy,0,0,0
2025,3,Jujuy,0,0,0
2025,4,Jujuy,0,0,0
2025,5,Jujuy,0,0,0
2025,6,Jujuy,0,0,0
2025,7,Jujuy,0,0,0
2025,8,Jujuy,0,0,0
2025,9,Jujuy,0,0,0
2025,10,Jujuy,0,0,0
2025,11,Jujuy,0,0,0
2025,12,Jujuy,0,0,0
2025,13,Jujuy,0,0,0
2025,14,Jujuy,0,0,0
2025,15,Jujuy,0,0,0
2025,16,Jujuy,0,0,0
2025,17,Jujuy,0,0,0
2025,18,Jujuy,0,0,0
2025,19,Jujuy,0,0,0
2025,20,Jujuy,0,0,0
2025,21,Jujuy,0,0,0
2025,22,Jujuy,0,0,0
2025,23,Jujuy,0,0,0
2025,24,Jujuy,0,0,0
2025,25,Jujuy,0,0,0
2025,26,Jujuy,0,0,0
2025,27,Jujuy,0,0,0
2025,28,Jujuy,0,0,0
2025,29,Jujuy,0,0,0
2025,30,Jujuy,0,0,0
2025,31,Jujuy,0,0,0
2025,32,Jujuy,0,0,0
2025,33,Jujuy,0,0,0
2025,34,Jujuy,0,0,0
2025,35,Jujuy,0,0,0
2025,36,Jujuy,0,0,0
2025,37,Jujuy,0,0,0
2025,38,Jujuy,0,0,0
2025,39,Jujuy,0,0,0
2025,40,Jujuy,0,0,0
2025,41,Jujuy,0,0,0
2025,42,Jujuy,0,0,0
2018,1,La Pampa,0,,
2018,2,La Pampa,0,0,0
2018,3,La Pampa,0,0,0
2018,4,La Pampa,0,0,0
2018,5,La Pampa,0,0,0
2018,6,La Pampa,0,0,0
2018,7,La Pampa,0,0,0
2018,8,La Pampa,0,0,0
2018,9,La Pampa,0,0,0
2018,10,La Pampa,0,0,0
2018,11,La Pampa,0,0,0
2018,12,La Pampa,0,0,0
2018,13,La Pampa,0,0,0
2018,14,La Pampa,0,0,0
2018,15,La Pampa,0,0,0
2018,16,La Pampa,0,0,0
2018,17,La Pampa,0,0,0
2018,18,La Pampa,0,0,0
2018,19,La Pampa,0,0,0
2018,20,La Pampa,0,0,0
2018,21,La Pampa,0,0,0
2018,22,La Pampa,0,0,0
2018,23,La Pampa,0,0,0
2018,24,La Pampa,0,0,0
2018,25,La Pampa,0,0,0
2018,26,La Pampa,0,0,0
2018,27,La Pampa,0,0,0
2019,1,La Pampa,0,,
2019,2,La Pampa,0,0,0
2019,3,La Pampa,0,0,0
2019,4,La Pampa,0,0,0
2019,5,La Pampa,0,0,0
2019,6,La Pampa,0,0,0
2019,7,La Pampa,0,0,0
2019,8,La Pampa,0,0,0
2019,9,La Pampa,0,0,0
2019,10,La Pampa,0,0,0
2019,11,La Pampa,0,0,0
2019,12,La Pampa,0,0,0
2019,13,La Pampa,0,0,0
2019,14,La Pampa,0,0,0
2019,15,La Pampa,0,0,0
2019,16,La Pampa,0,0,0
2019,17,La Pampa,0,0,0
2019,18,La Pampa,0,0,0
2019,19,La Pampa,0,0,0
2019,20,La Pampa,0,0,0
2019,21,La Pampa,0,0,0
2019,22,La Pampa,0,0,0
2019,23,La Pampa,0,0,0
2019,24,La Pampa,0,0,0
2019,25,La Pampa,0,0,0
2019,26,La Pampa,0,0,0
2019,27,La Pampa,0,0,0
2019,28,La Pampa,0,0,0
2019,29,La Pampa,0,0,0
2019,30,La Pampa,0,0,0
2019,31,La Pampa,0,0,0
2019,32,La Pampa,0,0,0
2019,33,La Pampa,0,0,0
2019,34,La Pampa,0,0,0
2019,35,La Pampa,0,0,0
2019,36,La Pampa,0,0,0
2019,37,La Pampa,0,0,0
2019,38,La Pampa,0,0,0
2019,39,La Pampa,0,0,0
2019,40,La Pampa,0,0,0
2019,41,La Pampa,0,0,0
2019,42,La Pampa,0,0,0
2019,43,La Pampa,0,0,0
2019,44,La Pampa,0,0,0
2019,45,La Pampa,0,0,0
2019,46,La Pampa,0,0,0
2019,47,La Pampa,0,0,0
2019,48,La Pampa,0,0,0
2019,49,La Pampa,0,0,0
2019,50,La Pampa,0,0,0
2019,51,La Pampa,0,0,0
2019,52,La Pampa,0,0,0
2020,1,La Pampa,0,,
2020,2,La Pampa,0,0,0
2020,3,La Pampa,0,0,0
2020,4,La Pampa,0,0,0
2020,5,La Pampa,0,0,0
2020,6,La Pampa,0,0,0
2020,7,La Pampa,0,0,0
2020,8,La Pampa,0,0,0
2020,9,La Pampa,2,0,2
2020,10,La Pampa,0,2,-2
2020,11,La Pampa,1,0,1
2020,12,La Pampa,0,1,-1
2020,13,La Pampa,0,0,0
2020,14,La Pampa,2,0,2
2020,15,La Pampa,1,2,-1
2020,16,La Pampa,0,1,-1
2020,17,La Pampa,0,0,0
2020,18,La Pampa,0,0,0
2020,19,La Pampa,0,0,0
2020,20,La Pampa,0,0,0
2020,21,La Pampa,0,0,0
2020,22,La Pampa,0,0,0
2020,23,La Pampa,0,0,0
2020,24,La Pampa,0,0,0
2020,25,La Pampa,0,0,0
2020,26,La Pampa,0,0,0
2020,27,La Pampa,0,0,0
2020,28,La Pampa,0,0,0
2020,29,La Pampa,0,0,0
2020,30,La Pampa,0,0,0
2020,31,La Pampa,0,0,0
2020,32,La Pampa,0,0,0
2020,33,La Pampa,0,0,0
2020,34,La Pampa,0,0,0
2020,35,La Pampa,0,0,0
2020,36,La Pampa,0,0,0
2020,37,La Pampa,0,0,0
2020,38,La Pampa,0,0,0
2020,39,La Pampa,0,0,0
2020,40,La Pampa,0,0,0
2020,41,La Pampa,0,0,0
2020,42,La Pampa,0,0,0
2020,43,La Pampa,0,0,0
2020,44,La Pampa,0,0,0
2020,45,La Pampa,0,0,0
2020,46,La Pampa,0,0,0
2020,47,La Pampa,0,0,0
2020,48,La Pampa,0,0,0
2020,49,La Pampa,0,0,0
2020,50,La Pampa,0,0,0
2020,51,La Pampa,0,0,0
2020,52,La Pampa,0,0,0
2020,53,La Pampa,0,0,0
2021,1,La Pampa,0,,
2021,2,La Pampa,0,0,0
2021,3,La Pampa,0,0,0
2021,4,La Pampa,0,0,0
2021,5,La Pampa,0,0,0
2021,6,La Pampa,0,0,0
2021,7,La Pampa,0,0,0
2021,8,La Pampa,0,0,0
2021,9,La Pampa,0,0,0
2021,10,La Pampa,1,0,1
2021,11,La Pampa,0,1,-1
2021,12,La Pampa,0,0,0
2021,13,La Pampa,0,0,0
2021,14,La Pampa,0,0,0
2021,15,La Pampa,0,0,0
2021,16,La Pampa,0,0,0
2021,17,La Pampa,0,0,0
2021,18,La Pampa,0,0,0
2021,19,La Pampa,0,0,0
2021,20,La Pampa,0,0,0
2021,21,La Pampa,0,0,0
2021,22,La Pampa,0,0,0
2021,23,La Pampa,0,0,0
2021,24,La Pampa,0,0,0
2021,25,La Pampa,0,0,0
2021,26,La Pampa,0,0,0
2021,27,La Pampa,0,0,0
2021,28,La Pampa,0,0,0
2021,29,La Pampa,0,0,0
2021,30,La Pampa,0,0,0
2022,1,La Pampa,0,,
2022,2,La Pampa,0,0,0
2022,3,La Pampa,0,0,0
2022,4,La Pampa,0,0,0
2022,5,La Pampa,0,0,0
2022,6,La Pampa,0,0,0
2022,7,La Pampa,0,0,0
2022,8,La Pampa,0,0,0
2022,9,La Pampa,0,0,0
2022,10,La Pampa,0,0,0
2022,11,La Pampa,0,0,0
2022,12,La Pampa,0,0,0
2022,13,La Pampa,0,0,0
2022,14,La Pampa,0,0,0
2022,15,La Pampa,0,0,0
2022,16,La Pampa,0,0,0
2022,17,La Pampa,0,0,0
2022,18,La Pampa,0,0,0
2022,19,La Pampa,0,0,0
2022,20,La Pampa,0,0,0
2022,21,La Pampa,0,0,0
2022,22,La Pampa,0,0,0
2022,23,La Pampa,0,0,0
2022,24,La Pampa,0,0,0
2022,25,La Pampa,0,0,0
2022,26,La Pampa,0,0,0
2022,27,La Pampa,0,0,0
2022,28,La Pampa,0,0,0
2022,29,La Pampa,0,0,0
2022,30,La Pampa,0,0,0
2022,31,La Pampa,0,0,0
2022,32,La Pampa,0,0,0
2022,33,La Pampa,0,0,0
2022,34,La Pampa,0,0,0
2022,35,La Pampa,0,0,0
2022,36,La Pampa,0,0,0
2022,37,La Pampa,0,0,0
2022,38,La Pampa,0,0,0
2022,39,La Pampa,0,0,0
2022,40,La Pampa,0,0,0
2022,41,La Pampa,0,0,0
2022,42,La Pampa,0,0,0
2022,43,La Pampa,0,0,0
2022,44,La Pampa,0,0,0
2022,45,La Pampa,0,0,0
2022,46,La Pampa,0,0,0
2022,47,La Pampa,0,0,0
2022,48,La Pampa,0,0,0
2022,49,La Pampa,0,0,0
2022,50,La Pampa,0,0,0
2023,1,La Pampa,0,,
2023,2,La Pampa,0,0,0
2023,3,La Pampa,0,0,0
2023,4,La Pampa,0,0,0
2023,5,La Pampa,0,0,0
2023,6,La Pampa,0,0,0
2023,7,La Pampa,0,0,0
2023,8,La Pampa,0,0,0
2023,9,La Pampa,0,0,0
2023,10,La Pampa,0,0,0
2023,11,La Pampa,1,0,1
2023,12,La Pampa,0,1,-1
2023,13,La Pampa,6,0,6
2023,14,La Pampa,3,6,-3
2023,15,La Pampa,8,3,5
2023,16,La Pampa,2,8,-6
2023,17,La Pampa,2,2,0
2023,18,La Pampa,1,2,-1
2023,19,La Pampa,1,1,0
2023,20,La Pampa,1,1,0
2023,21,La Pampa,0,1,-1
2023,22,La Pampa,0,0,0
2023,23,La Pampa,0,0,0
2023,24,La Pampa,1,0,1
2023,25,La Pampa,0,1,-1
2023,26,La Pampa,0,0,0
2023,27,La Pampa,1,0,1
2023,28,La Pampa,0,1,-1
2023,29,La Pampa,0,0,0
2023,30,La Pampa,0,0,0
2023,31,La Pampa,0,0,0
2023,32,La Pampa,0,0,0
2023,33,La Pampa,0,0,0
2023,34,La Pampa,0,0,0
2023,35,La Pampa,0,0,0
2023,36,La Pampa,0,0,0
2023,37,La Pampa,0,0,0
2023,38,La Pampa,0,0,0
2023,39,La Pampa,0,0,0
2023,40,La Pampa,0,0,0
2023,41,La Pampa,0,0,0
2023,42,La Pampa,0,0,0
2023,43,La Pampa,0,0,0
2023,44,La Pampa,0,0,0
2023,45,La Pampa,0,0,0
2023,46,La Pampa,0,0,0
2023,47,La Pampa,0,0,0
2023,48,La Pampa,0,0,0
2023,49,La Pampa,0,0,0
2023,50,La Pampa,0,0,0
2023,51,La Pampa,0,0,0
2023,52,La Pampa,1,0,1
2024,1,La Pampa,4,,
2024,2,La Pampa,3,4,-1
2024,3,La Pampa,4,3,1
2024,4,La Pampa,2,4,-2
2024,5,La Pampa,1,2,-1
2024,6,La Pampa,7,1,6
2024,7,La Pampa,9,7,2
2024,8,La Pampa,10,9,1
2024,9,La Pampa,21,10,11
2024,10,La Pampa,23,21,2
2024,11,La Pampa,46,23,23
2024,12,La Pampa,82,46,36
2024,13,La Pampa,75,82,-7
2024,14,La Pampa,125,75,50
2024,15,La Pampa,67,125,-58
2024,16,La Pampa,32,67,-35
2024,17,La Pampa,22,32,-10
2024,18,La Pampa,11,22,-11
2024,19,La Pampa,6,11,-5
2024,20,La Pampa,1,6,-5
2024,21,La Pampa,0,1,-1
2024,22,La Pampa,0,0,0
2024,23,La Pampa,0,0,0
2024,24,La Pampa,0,0,0
2024,25,La Pampa,0,0,0
2024,26,La Pampa,1,0,1
2024,27,La Pampa,0,1,-1
2024,28,La Pampa,0,0,0
2024,29,La Pampa,0,0,0
2024,30,La Pampa,0,0,0
2024,31,La Pampa,0,0,0
2024,32,La Pampa,0,0,0
2024,33,La Pampa,0,0,0
2024,34,La Pampa,0,0,0
2024,35,La Pampa,0,0,0
2024,36,La Pampa,0,0,0
2024,37,La Pampa,0,0,0
2024,38,La Pampa,0,0,0
2024,39,La Pampa,0,0,0
2024,40,La Pampa,0,0,0
2024,41,La Pampa,0,0,0
2024,42,La Pampa,0,0,0
2024,43,La Pampa,0,0,0
2024,44,La Pampa,0,0,0
2024,45,La Pampa,0,0,0
2024,46,La Pampa,0,0,0
2024,47,La Pampa,0,0,0
2024,48,La Pampa,0,0,0
2024,49,La Pampa,0,0,0
2024,50,La Pampa,0,0,0
2024,51,La Pampa,0,0,0
2024,52,La Pampa,0,0,0
2025,1,La Pampa,1,,
2025,2,La Pampa,0,1,-1
2025,3,La Pampa,0,0,0
2025,4,La Pampa,1,0,1
2025,5,La Pampa,1,1,0
2025,6,La Pampa,6,1,5
2025,7,La Pampa,7,6,1
2025,8,La Pampa,6,7,-1
2025,9,La Pampa,4,6,-2
2025,10,La Pampa,28,4,24
2025,11,La Pampa,25,28,-3
2025,12,La Pampa,40,25,15
2025,13,La Pampa,31,40,-9
2025,14,La Pampa,38,31,7
2025,15,La Pampa,18,38,-20
2025,16,La Pampa,5,18,-13
2025,17,La Pampa,0,5,-5
2025,18,La Pampa,1,0,1
2025,19,La Pampa,3,1,2
2025,20,La Pampa,0,3,-3
2025,21,La Pampa,0,0,0
2025,22,La Pampa,0,0,0
2025,23,La Pampa,0,0,0
2025,24,La Pampa,0,0,0
2025,25,La Pampa,0,0,0
2025,26,La Pampa,0,0,0
2025,27,La Pampa,0,0,0
2025,28,La Pampa,0,0,0
2025,29,La Pampa,0,0,0
2025,30,La Pampa,0,0,0
2025,31,La Pampa,0,0,0
2025,32,La Pampa,0,0,0
2025,33,La Pampa,0,0,0
2025,34,La Pampa,0,0,0
2025,35,La Pampa,0,0,0
2025,36,La Pampa,0,0,0
2025,37,La Pampa,0,0,0
2025,38,La Pampa,0,0,0
2025,39,La Pampa,0,0,0
2025,40,La Pampa,0,0,0
2025,41,La Pampa,0,0,0
2025,42,La Pampa,0,0,0
2018,1,La Rioja,0,,
2018,2,La Rioja,0,0,0
2018,3,La Rioja,0,0,0
2018,4,La Rioja,0,0,0
2018,5,La Rioja,0,0,0
2018,6,La Rioja,0,0,0
2018,7,La Rioja,0,0,0
2018,8,La Rioja,0,0,0
2018,9,La Rioja,0,0,0
2018,10,La Rioja,0,0,0
2018,11,La Rioja,0,0,0
2018,12,La Rioja,0,0,0
2018,13,La Rioja,0,0,0
2018,14,La Rioja,0,0,0
2018,15,La Rioja,0,0,0
2018,16,La Rioja,0,0,0
2018,17,La Rioja,0,0,0
2018,18,La Rioja,0,0,0
2018,19,La Rioja,0,0,0
2018,20,La Rioja,0,0,0
2018,21,La Rioja,0,0,0
2018,22,La Rioja,0,0,0
2018,23,La Rioja,0,0,0
2018,24,La Rioja,0,0,0
2018,25,La Rioja,0,0,0
2018,26,La Rioja,0,0,0
2018,27,La Rioja,0,0,0
2019,1,La Rioja,0,,
2019,2,La Rioja,0,0,0
2019,3,La Rioja,0,0,0
2019,4,La Rioja,0,0,0
2019,5,La Rioja,0,0,0
2019,6,La Rioja,0,0,0
2019,7,La Rioja,0,0,0
2019,8,La Rioja,0,0,0
2019,9,La Rioja,0,0,0
2019,10,La Rioja,0,0,0
2019,11,La Rioja,0,0,0
2019,12,La Rioja,0,0,0
2019,13,La Rioja,0,0,0
2019,14,La Rioja,0,0,0
2019,15,La Rioja,0,0,0
2019,16,La Rioja,0,0,0
2019,17,La Rioja,0,0,0
2019,18,La Rioja,0,0,0
2019,19,La Rioja,0,0,0
2019,20,La Rioja,0,0,0
2019,21,La Rioja,0,0,0
2019,22,La Rioja,0,0,0
2019,23,La Rioja,0,0,0
2019,24,La Rioja,0,0,0
2019,25,La Rioja,0,0,0
2019,26,La Rioja,0,0,0
2019,27,La Rioja,0,0,0
2019,28,La Rioja,0,0,0
2019,29,La Rioja,0,0,0
2019,30,La Rioja,0,0,0
2019,31,La Rioja,0,0,0
2019,32,La Rioja,0,0,0
2019,33,La Rioja,0,0,0
2019,34,La Rioja,0,0,0
2019,35,La Rioja,0,0,0
2019,36,La Rioja,0,0,0
2019,37,La Rioja,0,0,0
2019,38,La Rioja,0,0,0
2019,39,La Rioja,0,0,0
2019,40,La Rioja,0,0,0
2019,41,La Rioja,0,0,0
2019,42,La Rioja,0,0,0
2019,43,La Rioja,0,0,0
2019,44,La Rioja,0,0,0
2019,45,La Rioja,0,0,0
2019,46,La Rioja,0,0,0
2019,47,La Rioja,0,0,0
2019,48,La Rioja,0,0,0
2019,49,La Rioja,0,0,0
2019,50,La Rioja,0,0,0
2019,51,La Rioja,0,0,0
2019,52,La Rioja,0,0,0
2020,1,La Rioja,0,,
2020,2,La Rioja,0,0,0
2020,3,La Rioja,0,0,0
2020,4,La Rioja,2,0,2
2020,5,La Rioja,7,2,5
2020,6,La Rioja,5,7,-2
2020,7,La Rioja,20,5,15
2020,8,La Rioja,18,20,-2
2020,9,La Rioja,90,18,72
2020,10,La Rioja,131,90,41
2020,11,La Rioja,194,131,63
2020,12,La Rioja,251,194,57
2020,13,La Rioja,67,251,-184
2020,14,La Rioja,38,67,-29
2020,15,La Rioja,18,38,-20
2020,16,La Rioja,17,18,-1
2020,17,La Rioja,28,17,11
2020,18,La Rioja,6,28,-22
2020,19,La Rioja,9,6,3
2020,20,La Rioja,11,9,2
2020,21,La Rioja,2,11,-9
2020,22,La Rioja,1,2,-1
2020,23,La Rioja,1,1,0
2020,24,La Rioja,0,1,-1
2020,25,La Rioja,3,0,3
2020,26,La Rioja,0,3,-3
2020,27,La Rioja,0,0,0
2020,28,La Rioja,0,0,0
2020,29,La Rioja,0,0,0
2020,30,La Rioja,0,0,0
2020,31,La Rioja,0,0,0
2020,32,La Rioja,0,0,0
2020,33,La Rioja,0,0,0
2020,34,La Rioja,0,0,0
2020,35,La Rioja,0,0,0
2020,36,La Rioja,0,0,0
2020,37,La Rioja,0,0,0
2020,38,La Rioja,0,0,0
2020,39,La Rioja,0,0,0
2020,40,La Rioja,0,0,0
2020,41,La Rioja,0,0,0
2020,42,La Rioja,0,0,0
2020,43,La Rioja,0,0,0
2020,44,La Rioja,0,0,0
2020,45,La Rioja,0,0,0
2020,46,La Rioja,0,0,0
2020,47,La Rioja,0,0,0
2020,48,La Rioja,0,0,0
2020,49,La Rioja,0,0,0
2020,50,La Rioja,0,0,0
2020,51,La Rioja,0,0,0
2020,52,La Rioja,0,0,0
2020,53,La Rioja,0,0,0
2021,1,La Rioja,1,,
2021,2,La Rioja,0,1,-1
2021,3,La Rioja,2,0,2
2021,4,La Rioja,3,2,1
2021,5,La Rioja,1,3,-2
2021,6,La Rioja,11,1,10
2021,7,La Rioja,16,11,5
2021,8,La Rioja,15,16,-1
2021,9,La Rioja,25,15,10
2021,10,La Rioja,54,25,29
2021,11,La Rioja,61,54,7
2021,12,La Rioja,69,61,8
2021,13,La Rioja,61,69,-8
2021,14,La Rioja,91,61,30
2021,15,La Rioja,134,91,43
2021,16,La Rioja,144,134,10
2021,17,La Rioja,129,144,-15
2021,18,La Rioja,171,129,42
2021,19,La Rioja,122,171,-49
2021,20,La Rioja,42,122,-80
2021,21,La Rioja,26,42,-16
2021,22,La Rioja,7,26,-19
2021,23,La Rioja,5,7,-2
2021,24,La Rioja,1,5,-4
2021,25,La Rioja,1,1,0
2021,26,La Rioja,0,1,-1
2021,27,La Rioja,0,0,0
2021,28,La Rioja,0,0,0
2021,29,La Rioja,0,0,0
2021,30,La Rioja,0,0,0
2022,1,La Rioja,0,,
2022,2,La Rioja,0,0,0
2022,3,La Rioja,0,0,0
2022,4,La Rioja,0,0,0
2022,5,La Rioja,0,0,0
2022,6,La Rioja,0,0,0
2022,7,La Rioja,0,0,0
2022,8,La Rioja,0,0,0
2022,9,La Rioja,0,0,0
2022,10,La Rioja,0,0,0
2022,11,La Rioja,0,0,0
2022,12,La Rioja,0,0,0
2022,13,La Rioja,0,0,0
2022,14,La Rioja,0,0,0
2022,15,La Rioja,0,0,0
2022,16,La Rioja,0,0,0
2022,17,La Rioja,0,0,0
2022,18,La Rioja,0,0,0
2022,19,La Rioja,0,0,0
2022,20,La Rioja,0,0,0
2022,21,La Rioja,0,0,0
2022,22,La Rioja,0,0,0
2022,23,La Rioja,0,0,0
2022,24,La Rioja,0,0,0
2022,25,La Rioja,0,0,0
2022,26,La Rioja,0,0,0
2022,27,La Rioja,0,0,0
2022,28,La Rioja,0,0,0
2022,29,La Rioja,0,0,0
2022,30,La Rioja,0,0,0
2022,31,La Rioja,0,0,0
2022,32,La Rioja,0,0,0
2022,33,La Rioja,0,0,0
2022,34,La Rioja,0,0,0
2022,35,La Rioja,0,0,0
2022,36,La Rioja,0,0,0
2022,37,La Rioja,0,0,0
2022,38,La Rioja,0,0,0
2022,39,La Rioja,0,0,0
2022,40,La Rioja,0,0,0
2022,41,La Rioja,0,0,0
2022,42,La Rioja,0,0,0
2022,43,La Rioja,0,0,0
2022,44,La Rioja,0,0,0
2022,45,La Rioja,0,0,0
2022,46,La Rioja,0,0,0
2022,47,La Rioja,0,0,0
2022,48,La Rioja,0,0,0
2022,49,La Rioja,0,0,0
2022,50,La Rioja,0,0,0
2023,1,La Rioja,0,,
2023,2,La Rioja,0,0,0
2023,3,La Rioja,0,0,0
2023,4,La Rioja,0,0,0
2023,5,La Rioja,0,0,0
2023,6,La Rioja,0,0,0
2023,7,La Rioja,0,0,0
2023,8,La Rioja,1,0,1
2023,9,La Rioja,0,1,-1
2023,10,La Rioja,0,0,0
2023,11,La Rioja,3,0,3
2023,12,La Rioja,13,3,10
2023,13,La Rioja,22,13,9
2023,14,La Rioja,30,22,8
2023,15,La Rioja,67,30,37
2023,16,La Rioja,46,67,-21
2023,17,La Rioja,43,46,-3
2023,18,La Rioja,60,43,17
2023,19,La Rioja,33,60,-27
2023,20,La Rioja,32,33,-1
2023,21,La Rioja,22,32,-10
2023,22,La Rioja,15,22,-7
2023,23,La Rioja,5,15,-10
2023,24,La Rioja,9,5,4
2023,25,La Rioja,0,9,-9
2023,26,La Rioja,0,0,0
2023,27,La Rioja,0,0,0
2023,28,La Rioja,0,0,0
2023,29,La Rioja,0,0,0
2023,30,La Rioja,0,0,0
2023,31,La Rioja,0,0,0
2023,32,La Rioja,0,0,0
2023,33,La Rioja,0,0,0
2023,34,La Rioja,0,0,0
2023,35,La Rioja,0,0,0
2023,36,La Rioja,0,0,0
2023,37,La Rioja,0,0,0
2023,38,La Rioja,0,0,0
2023,39,La Rioja,0,0,0
2023,40,La Rioja,0,0,0
2023,41,La Rioja,0,0,0
2023,42,La Rioja,0,0,0
2023,43,La Rioja,0,0,0
2023,44,La Rioja,0,0,0
2023,45,La Rioja,0,0,0
2023,46,La Rioja,0,0,0
2023,47,La Rioja,0,0,0
2023,48,La Rioja,0,0,0
2023,49,La Rioja,0,0,0
2023,50,La Rioja,0,0,0
2023,51,La Rioja,0,0,0
2023,52,La Rioja,0,0,0
2024,1,La Rioja,10,,
2024,2,La Rioja,16,10,6
2024,3,La Rioja,15,16,-1
2024,4,La Rioja,24,15,9
2024,5,La Rioja,28,24,4
2024,6,La Rioja,26,28,-2
2024,7,La Rioja,30,26,4
2024,8,La Rioja,57,30,27
2024,9,La Rioja,118,57,61
2024,10,La Rioja,262,118,144
2024,11,La Rioja,528,262,266
2024,12,La Rioja,1227,528,699
2024,13,La Rioja,1693,1227,466
2024,14,La Rioja,1967,1693,274
2024,15,La Rioja,2181,1967,214
2024,16,La Rioja,1066,2181,-1115
2024,17,La Rioja,1237,1066,171
2024,18,La Rioja,606,1237,-631
2024,19,La Rioja,378,606,-228
2024,20,La Rioja,169,378,-209
2024,21,La Rioja,64,169,-105
2024,22,La Rioja,20,64,-44
2024,23,La Rioja,8,20,-12
2024,24,La Rioja,1,8,-7
2024,25,La Rioja,2,1,1
2024,26,La Rioja,1,2,-1
2024,27,La Rioja,0,1,-1
2024,28,La Rioja,0,0,0
2024,29,La Rioja,0,0,0
2024,30,La Rioja,0,0,0
2024,31,La Rioja,0,0,0
2024,32,La Rioja,0,0,0
2024,33,La Rioja,0,0,0
2024,34,La Rioja,0,0,0
2024,35,La Rioja,0,0,0
2024,36,La Rioja,0,0,0
2024,37,La Rioja,0,0,0
2024,38,La Rioja,0,0,0
2024,39,La Rioja,0,0,0
2024,40,La Rioja,0,0,0
2024,41,La Rioja,0,0,0
2024,42,La Rioja,0,0,0
2024,43,La Rioja,0,0,0
2024,44,La Rioja,0,0,0
2024,45,La Rioja,0,0,0
2024,46,La Rioja,0,0,0
2024,47,La Rioja,0,0,0
2024,48,La Rioja,0,0,0
2024,49,La Rioja,0,0,0
2024,50,La Rioja,0,0,0
2024,51,La Rioja,0,0,0
2024,52,La Rioja,0,0,0
2025,1,La Rioja,1,,
2025,2,La Rioja,0,1,-1
2025,3,La Rioja,1,0,1
2025,4,La Rioja,1,1,0
2025,5,La Rioja,2,1,1
2025,6,La Rioja,0,2,-2
2025,7,La Rioja,0,0,0
2025,8,La Rioja,0,0,0
2025,9,La Rioja,5,0,5
2025,10,La Rioja,25,5,20
2025,11,La Rioja,11,25,-14
2025,12,La Rioja,1,11,-10
2025,13,La Rioja,13,1,12
2025,14,La Rioja,12,13,-1
2025,15,La Rioja,9,12,-3
2025,16,La Rioja,5,9,-4
2025,17,La Rioja,0,5,-5
2025,18,La Rioja,3,0,3
2025,19,La Rioja,10,3,7
2025,20,La Rioja,4,10,-6
2025,21,La Rioja,1,4,-3
2025,22,La Rioja,1,1,0
2025,23,La Rioja,0,1,-1
2025,24,La Rioja,0,0,0
2025,25,La Rioja,0,0,0
2025,26,La Rioja,0,0,0
2025,27,La Rioja,0,0,0
2025,28,La Rioja,0,0,0
2025,29,La Rioja,0,0,0
2025,30,La Rioja,0,0,0
2025,31,La Rioja,0,0,0
2025,32,La Rioja,0,0,0
2025,33,La Rioja,0,0,0
2025,34,La Rioja,0,0,0
2025,35,La Rioja,0,0,0
2025,36,La Rioja,0,0,0
2025,37,La Rioja,0,0,0
2025,38,La Rioja,0,0,0
2025,39,La Rioja,0,0,0
2025,40,La Rioja,0,0,0
2025,41,La Rioja,0,0,0
2025,42,La Rioja,0,0,0
2018,1,Mendoza,0,,
2018,2,Mendoza,0,0,0
2018,3,Mendoza,0,0,0
2018,4,Mendoza,0,0,0
2018,5,Mendoza,0,0,0
2018,6,Mendoza,0,0,0
2018,7,Mendoza,0,0,0
2018,8,Mendoza,0,0,0
2018,9,Mendoza,0,0,0
2018,10,Mendoza,0,0,0
2018,11,Mendoza,0,0,0
2018,12,Mendoza,0,0,0
2018,13,Mendoza,0,0,0
2018,14,Mendoza,0,0,0
2018,15,Mendoza,0,0,0
2018,16,Mendoza,0,0,0
2018,17,Mendoza,0,0,0
2018,18,Mendoza,0,0,0
2018,19,Mendoza,0,0,0
2018,20,Mendoza,0,0,0
2018,21,Mendoza,0,0,0
2018,22,Mendoza,0,0,0
2018,23,Mendoza,0,0,0
2018,24,Mendoza,0,0,0
2018,25,Mendoza,0,0,0
2018,26,Mendoza,0,0,0
2018,27,Mendoza,0,0,0
2019,1,Mendoza,0,,
2019,2,Mendoza,0,0,0
2019,3,Mendoza,0,0,0
2019,4,Mendoza,0,0,0
2019,5,Mendoza,0,0,0
2019,6,Mendoza,0,0,0
2019,7,Mendoza,0,0,0
2019,8,Mendoza,0,0,0
2019,9,Mendoza,0,0,0
2019,10,Mendoza,0,0,0
2019,11,Mendoza,0,0,0
2019,12,Mendoza,0,0,0
2019,13,Mendoza,0,0,0
2019,14,Mendoza,0,0,0
2019,15,Mendoza,0,0,0
2019,16,Mendoza,0,0,0
2019,17,Mendoza,0,0,0
2019,18,Mendoza,0,0,0
2019,19,Mendoza,0,0,0
2019,20,Mendoza,0,0,0
2019,21,Mendoza,0,0,0
2019,22,Mendoza,0,0,0
2019,23,Mendoza,0,0,0
2019,24,Mendoza,0,0,0
2019,25,Mendoza,0,0,0
2019,26,Mendoza,0,0,0
2019,27,Mendoza,0,0,0
2019,28,Mendoza,0,0,0
2019,29,Mendoza,0,0,0
2019,30,Mendoza,0,0,0
2019,31,Mendoza,0,0,0
2019,32,Mendoza,0,0,0
2019,33,Mendoza,0,0,0
2019,34,Mendoza,0,0,0
2019,35,Mendoza,0,0,0
2019,36,Mendoza,0,0,0
2019,37,Mendoza,0,0,0
2019,38,Mendoza,0,0,0
2019,39,Mendoza,0,0,0
2019,40,Mendoza,0,0,0
2019,41,Mendoza,0,0,0
2019,42,Mendoza,0,0,0
2019,43,Mendoza,0,0,0
2019,44,Mendoza,0,0,0
2019,45,Mendoza,0,0,0
2019,46,Mendoza,0,0,0
2019,47,Mendoza,0,0,0
2019,48,Mendoza,0,0,0
2019,49,Mendoza,0,0,0
2019,50,Mendoza,0,0,0
2019,51,Mendoza,0,0,0
2019,52,Mendoza,0,0,0
2020,1,Mendoza,0,,
2020,2,Mendoza,0,0,0
2020,3,Mendoza,0,0,0
2020,4,Mendoza,2,0,2
2020,5,Mendoza,0,2,-2
2020,6,Mendoza,1,0,1
2020,7,Mendoza,1,1,0
2020,8,Mendoza,0,1,-1
2020,9,Mendoza,1,0,1
2020,10,Mendoza,1,1,0
2020,11,Mendoza,1,1,0
2020,12,Mendoza,1,1,0
2020,13,Mendoza,0,1,-1
2020,14,Mendoza,1,0,1
2020,15,Mendoza,0,1,-1
2020,16,Mendoza,0,0,0
2020,17,Mendoza,0,0,0
2020,18,Mendoza,0,0,0
2020,19,Mendoza,1,0,1
2020,20,Mendoza,1,1,0
2020,21,Mendoza,0,1,-1
2020,22,Mendoza,0,0,0
2020,23,Mendoza,0,0,0
2020,24,Mendoza,0,0,0
2020,25,Mendoza,0,0,0
2020,26,Mendoza,0,0,0
2020,27,Mendoza,0,0,0
2020,28,Mendoza,0,0,0
2020,29,Mendoza,0,0,0
2020,30,Mendoza,0,0,0
2020,31,Mendoza,0,0,0
2020,32,Mendoza,0,0,0
2020,33,Mendoza,0,0,0
2020,34,Mendoza,0,0,0
2020,35,Mendoza,0,0,0
2020,36,Mendoza,0,0,0
2020,37,Mendoza,0,0,0
2020,38,Mendoza,0,0,0
2020,39,Mendoza,0,0,0
2020,40,Mendoza,0,0,0
2020,41,Mendoza,0,0,0
2020,42,Mendoza,0,0,0
2020,43,Mendoza,0,0,0
2020,44,Mendoza,0,0,0
2020,45,Mendoza,0,0,0
2020,46,Mendoza,0,0,0
2020,47,Mendoza,0,0,0
2020,48,Mendoza,0,0,0
2020,49,Mendoza,0,0,0
2020,50,Mendoza,0,0,0
2020,51,Mendoza,0,0,0
2020,52,Mendoza,0,0,0
2020,53,Mendoza,0,0,0
2021,1,Mendoza,0,,
2021,2,Mendoza,0,0,0
2021,3,Mendoza,0,0,0
2021,4,Mendoza,0,0,0
2021,5,Mendoza,0,0,0
2021,6,Mendoza,0,0,0
2021,7,Mendoza,0,0,0
2021,8,Mendoza,0,0,0
2021,9,Mendoza,0,0,0
2021,10,Mendoza,0,0,0
2021,11,Mendoza,0,0,0
2021,12,Mendoza,0,0,0
2021,13,Mendoza,1,0,1
2021,14,Mendoza,0,1,-1
2021,15,Mendoza,0,0,0
2021,16,Mendoza,0,0,0
2021,17,Mendoza,0,0,0
2021,18,Mendoza,0,0,0
2021,19,Mendoza,0,0,0
2021,20,Mendoza,0,0,0
2021,21,Mendoza,0,0,0
2021,22,Mendoza,0,0,0
2021,23,Mendoza,0,0,0
2021,24,Mendoza,0,0,0
2021,25,Mendoza,0,0,0
2021,26,Mendoza,0,0,0
2021,27,Mendoza,0,0,0
2021,28,Mendoza,0,0,0
2021,29,Mendoza,0,0,0
2021,30,Mendoza,0,0,0
2022,1,Mendoza,0,,
2022,2,Mendoza,0,0,0
2022,3,Mendoza,0,0,0
2022,4,Mendoza,0,0,0
2022,5,Mendoza,0,0,0
2022,6,Mendoza,0,0,0
2022,7,Mendoza,0,0,0
2022,8,Mendoza,0,0,0
2022,9,Mendoza,0,0,0
2022,10,Mendoza,0,0,0
2022,11,Mendoza,1,0,1
2022,12,Mendoza,0,1,-1
2022,13,Mendoza,0,0,0
2022,14,Mendoza,0,0,0
2022,15,Mendoza,0,0,0
2022,16,Mendoza,0,0,0
2022,17,Mendoza,0,0,0
2022,18,Mendoza,0,0,0
2022,19,Mendoza,0,0,0
2022,20,Mendoza,0,0,0
2022,21,Mendoza,0,0,0
2022,22,Mendoza,0,0,0
2022,23,Mendoza,0,0,0
2022,24,Mendoza,0,0,0
2022,25,Mendoza,0,0,0
2022,26,Mendoza,0,0,0
2022,27,Mendoza,0,0,0
2022,28,Mendoza,0,0,0
2022,29,Mendoza,0,0,0
2022,30,Mendoza,0,0,0
2022,31,Mendoza,0,0,0
2022,32,Mendoza,0,0,0
2022,33,Mendoza,0,0,0
2022,34,Mendoza,0,0,0
2022,35,Mendoza,0,0,0
2022,36,Mendoza,0,0,0
2022,37,Mendoza,0,0,0
2022,38,Mendoza,0,0,0
2022,39,Mendoza,0,0,0
2022,40,Mendoza,0,0,0
2022,41,Mendoza,1,0,1
2022,42,Mendoza,0,1,-1
2022,43,Mendoza,0,0,0
2022,44,Mendoza,1,0,1
2022,45,Mendoza,0,1,-1
2022,46,Mendoza,0,0,0
2022,47,Mendoza,0,0,0
2022,48,Mendoza,0,0,0
2022,49,Mendoza,0,0,0
2022,50,Mendoza,0,0,0
2023,1,Mendoza,1,,
2023,2,Mendoza,0,1,-1
2023,3,Mendoza,1,0,1
2023,4,Mendoza,0,1,-1
2023,5,Mendoza,0,0,0
2023,6,Mendoza,0,0,0
2023,7,Mendoza,0,0,0
2023,8,Mendoza,0,0,0
2023,9,Mendoza,0,0,0
2023,10,Mendoza,0,0,0
2023,11,Mendoza,0,0,0
2023,12,Mendoza,3,0,3
2023,13,Mendoza,0,3,-3
2023,14,Mendoza,4,0,4
2023,15,Mendoza,6,4,2
2023,16,Mendoza,6,6,0
2023,17,Mendoza,5,6,-1
2023,18,Mendoza,5,5,0
2023,19,Mendoza,1,5,-4
2023,20,Mendoza,3,1,2
2023,21,Mendoza,0,3,-3
2023,22,Mendoza,0,0,0
2023,23,Mendoza,1,0,1
2023,24,Mendoza,0,1,-1
2023,25,Mendoza,0,0,0
2023,26,Mendoza,0,0,0
2023,27,Mendoza,0,0,0
2023,28,Mendoza,1,0,1
2023,29,Mendoza,0,1,-1
2023,30,Mendoza,0,0,0
2023,31,Mendoza,0,0,0
2023,32,Mendoza,0,0,0
2023,33,Mendoza,0,0,0
2023,34,Mendoza,0,0,0
2023,35,Mendoza,0,0,0
2023,36,Mendoza,0,0,0
2023,37,Mendoza,0,0,0
2023,38,Mendoza,0,0,0
2023,39,Mendoza,0,0,0
2023,40,Mendoza,0,0,0
2023,41,Mendoza,1,0,1
2023,42,Mendoza,0,1,-1
2023,43,Mendoza,0,0,0
2023,44,Mendoza,0,0,0
2023,45,Mendoza,0,0,0
2023,46,Mendoza,0,0,0
2023,47,Mendoza,0,0,0
2023,48,Mendoza,0,0,0
2023,49,Mendoza,0,0,0
2023,50,Mendoza,2,0,2
2023,51,Mendoza,2,2,0
2023,52,Mendoza,1,2,-1
2024,1,Mendoza,4,,
2024,2,Mendoza,4,4,0
2024,3,Mendoza,3,4,-1
2024,4,Mendoza,11,3,8
2024,5,Mendoza,4,11,-7
2024,6,Mendoza,5,4,1
2024,7,Mendoza,8,5,3
2024,8,Mendoza,14,8,6
2024,9,Mendoza,36,14,22
2024,10,Mendoza,164,36,128
2024,11,Mendoza,350,164,186
2024,12,Mendoza,677,350,327
2024,13,Mendoza,829,677,152
2024,14,Mendoza,1098,829,269
2024,15,Mendoza,861,1098,-237
2024,16,Mendoza,356,861,-505
2024,17,Mendoza,198,356,-158
2024,18,Mendoza,107,198,-91
2024,19,Mendoza,31,107,-76
2024,20,Mendoza,12,31,-19
2024,21,Mendoza,3,12,-9
2024,22,Mendoza,0,3,-3
2024,23,Mendoza,0,0,0
2024,24,Mendoza,0,0,0
2024,25,Mendoza,0,0,0
2024,26,Mendoza,0,0,0
2024,27,Mendoza,0,0,0
2024,28,Mendoza,1,0,1
2024,29,Mendoza,0,1,-1
2024,30,Mendoza,0,0,0
2024,31,Mendoza,0,0,0
2024,32,Mendoza,0,0,0
2024,33,Mendoza,0,0,0
2024,34,Mendoza,0,0,0
2024,35,Mendoza,0,0,0
2024,36,Mendoza,0,0,0
2024,37,Mendoza,0,0,0
2024,38,Mendoza,0,0,0
2024,39,Mendoza,0,0,0
2024,40,Mendoza,0,0,0
2024,41,Mendoza,0,0,0
2024,42,Mendoza,1,0,1
2024,43,Mendoza,0,1,-1
2024,44,Mendoza,3,0,3
2024,45,Mendoza,1,3,-2
2024,46,Mendoza,1,1,0
2024,47,Mendoza,0,1,-1
2024,48,Mendoza,0,0,0
2024,49,Mendoza,2,0,2
2024,50,Mendoza,1,2,-1
2024,51,Mendoza,1,1,0
2024,52,Mendoza,0,1,-1
2025,1,Mendoza,0,,
2025,2,Mendoza,0,0,0
2025,3,Mendoza,1,0,1
2025,4,Mendoza,0,1,-1
2025,5,Mendoza,0,0,0
2025,6,Mendoza,0,0,0
2025,7,Mendoza,0,0,0
2025,8,Mendoza,0,0,0
2025,9,Mendoza,1,0,1
2025,10,Mendoza,2,1,1
2025,11,Mendoza,0,2,-2
2025,12,Mendoza,0,0,0
2025,13,Mendoza,0,0,0
2025,14,Mendoza,0,0,0
2025,15,Mendoza,0,0,0
2025,16,Mendoza,2,0,2
2025,17,Mendoza,0,2,-2
2025,18,Mendoza,0,0,0
2025,19,Mendoza,0,0,0
2025,20,Mendoza,0,0,0
2025,21,Mendoza,0,0,0
2025,22,Mendoza,0,0,0
2025,23,Mendoza,0,0,0
2025,24,Mendoza,0,0,0
2025,25,Mendoza,2,0,2
2025,26,Mendoza,0,2,-2
2025,27,Mendoza,0,0,0
2025,28,Mendoza,0,0,0
2025,29,Mendoza,0,0,0
2025,30,Mendoza,0,0,0
2025,31,Mendoza,0,0,0
2025,32,Mendoza,0,0,0
2025,33,Mendoza,0,0,0
2025,34,Mendoza,0,0,0
2025,35,Mendoza,0,0,0
2025,36,Mendoza,0,0,0
2025,37,Mendoza,0,0,0
2025,38,Mendoza,0,0,0
2025,39,Mendoza,0,0,0
2025,40,Mendoza,0,0,0
2025,41,Mendoza,0,0,0
2025,42,Mendoza,0,0,0
2018,1,Misiones,0,,
2018,2,Misiones,1,0,1
2018,3,Misiones,0,1,-1
2018,4,Misiones,0,0,0
2018,5,Misiones,0,0,0
2018,6,Misiones,0,0,0
2018,7,Misiones,0,0,0
2018,8,Misiones,2,0,2
2018,9,Misiones,0,2,-2
2018,10,Misiones,2,0,2
2018,11,Misiones,4,2,2
2018,12,Misiones,6,4,2
2018,13,Misiones,5,6,-1
2018,14,Misiones,10,5,5
2018,15,Misiones,6,10,-4
2018,16,Misiones,6,6,0
2018,17,Misiones,21,6,15
2018,18,Misiones,18,21,-3
2018,19,Misiones,29,18,11
2018,20,Misiones,19,29,-10
2018,21,Misiones,8,19,-11
2018,22,Misiones,5,8,-3
2018,23,Misiones,0,5,-5
2018,24,Misiones,0,0,0
2018,25,Misiones,0,0,0
2018,26,Misiones,3,0,3
2018,27,Misiones,0,3,-3
2019,1,Misiones,5,,
2019,2,Misiones,3,5,-2
2019,3,Misiones,6,3,3
2019,4,Misiones,6,6,0
2019,5,Misiones,9,6,3
2019,6,Misiones,21,9,12
2019,7,Misiones,18,21,-3
2019,8,Misiones,25,18,7
2019,9,Misiones,11,25,-14
2019,10,Misiones,19,11,8
2019,11,Misiones,40,19,21
2019,12,Misiones,41,40,1
2019,13,Misiones,8,41,-33
2019,14,Misiones,30,8,22
2019,15,Misiones,43,30,13
2019,16,Misiones,32,43,-11
2019,17,Misiones,26,32,-6
2019,18,Misiones,26,26,0
2019,19,Misiones,39,26,13
2019,20,Misiones,57,39,18
2019,21,Misiones,29,57,-28
2019,22,Misiones,23,29,-6
2019,23,Misiones,5,23,-18
2019,24,Misiones,2,5,-3
2019,25,Misiones,0,2,-2
2019,26,Misiones,0,0,0
2019,27,Misiones,0,0,0
2019,28,Misiones,0,0,0
2019,29,Misiones,0,0,0
2019,30,Misiones,0,0,0
2019,31,Misiones,0,0,0
2019,32,Misiones,0,0,0
2019,33,Misiones,0,0,0
2019,34,Misiones,0,0,0
2019,35,Misiones,0,0,0
2019,36,Misiones,1,0,1
2019,37,Misiones,0,1,-1
2019,38,Misiones,0,0,0
2019,39,Misiones,1,0,1
2019,40,Misiones,0,1,-1
2019,41,Misiones,1,0,1
2019,42,Misiones,0,1,-1
2019,43,Misiones,1,0,1
2019,44,Misiones,3,1,2
2019,45,Misiones,4,3,1
2019,46,Misiones,6,4,2
2019,47,Misiones,0,6,-6
2019,48,Misiones,9,0,9
2019,49,Misiones,5,9,-4
2019,50,Misiones,7,5,2
2019,51,Misiones,9,7,2
2019,52,Misiones,1,9,-8
2020,1,Misiones,47,,
2020,2,Misiones,142,47,95
2020,3,Misiones,124,142,-18
2020,4,Misiones,134,124,10
2020,5,Misiones,107,134,-27
2020,6,Misiones,200,107,93
2020,7,Misiones,245,200,45
2020,8,Misiones,396,245,151
2020,9,Misiones,543,396,147
2020,10,Misiones,527,543,-16
2020,11,Misiones,618,527,91
2020,12,Misiones,412,618,-206
2020,13,Misiones,376,412,-36
2020,14,Misiones,367,376,-9
2020,15,Misiones,296,367,-71
2020,16,Misiones,274,296,-22
2020,17,Misiones,266,274,-8
2020,18,Misiones,118,266,-148
2020,19,Misiones,75,118,-43
2020,20,Misiones,54,75,-21
2020,21,Misiones,37,54,-17
2020,22,Misiones,29,37,-8
2020,23,Misiones,19,29,-10
2020,24,Misiones,13,19,-6
2020,25,Misiones,2,13,-11
2020,26,Misiones,3,2,1
2020,27,Misiones,4,3,1
2020,28,Misiones,0,4,-4
2020,29,Misiones,0,0,0
2020,30,Misiones,0,0,0
2020,31,Misiones,0,0,0
2020,32,Misiones,0,0,0
2020,33,Misiones,0,0,0
2020,34,Misiones,0,0,0
2020,35,Misiones,0,0,0
2020,36,Misiones,0,0,0
2020,37,Misiones,0,0,0
2020,38,Misiones,0,0,0
2020,39,Misiones,0,0,0
2020,40,Misiones,0,0,0
2020,41,Misiones,0,0,0
2020,42,Misiones,0,0,0
2020,43,Misiones,0,0,0
2020,44,Misiones,0,0,0
2020,45,Misiones,0,0,0
2020,46,Misiones,0,0,0
2020,47,Misiones,0,0,0
2020,48,Misiones,0,0,0
2020,49,Misiones,0,0,0
2020,50,Misiones,0,0,0
2020,51,Misiones,0,0,0
2020,52,Misiones,0,0,0
2020,53,Misiones,0,0,0
2021,1,Misiones,0,,
2021,2,Misiones,2,0,2
2021,3,Misiones,0,2,-2
2021,4,Misiones,2,0,2
2021,5,Misiones,1,2,-1
2021,6,Misiones,7,1,6
2021,7,Misiones,3,7,-4
2021,8,Misiones,3,3,0
2021,9,Misiones,9,3,6
2021,10,Misiones,10,9,1
2021,11,Misiones,12,10,2
2021,12,Misiones,11,12,-1
2021,13,Misiones,4,11,-7
2021,14,Misiones,3,4,-1
2021,15,Misiones,6,3,3
2021,16,Misiones,10,6,4
2021,17,Misiones,18,10,8
2021,18,Misiones,5,18,-13
2021,19,Misiones,7,5,2
2021,20,Misiones,4,7,-3
2021,21,Misiones,1,4,-3
2021,22,Misiones,3,1,2
2021,23,Misiones,0,3,-3
2021,24,Misiones,2,0,2
2021,25,Misiones,0,2,-2
2021,26,Misiones,0,0,0
2021,27,Misiones,0,0,0
2021,28,Misiones,0,0,0
2021,29,Misiones,0,0,0
2021,30,Misiones,0,0,0
2022,1,Misiones,0,,
2022,2,Misiones,0,0,0
2022,3,Misiones,0,0,0
2022,4,Misiones,0,0,0
2022,5,Misiones,0,0,0
2022,6,Misiones,0,0,0
2022,7,Misiones,0,0,0
2022,8,Misiones,0,0,0
2022,9,Misiones,0,0,0
2022,10,Misiones,0,0,0
2022,11,Misiones,0,0,0
2022,12,Misiones,0,0,0
2022,13,Misiones,0,0,0
2022,14,Misiones,0,0,0
2022,15,Misiones,0,0,0
2022,16,Misiones,0,0,0
2022,17,Misiones,0,0,0
2022,18,Misiones,0,0,0
2022,19,Misiones,1,0,1
2022,20,Misiones,0,1,-1
2022,21,Misiones,0,0,0
2022,22,Misiones,0,0,0
2022,23,Misiones,0,0,0
2022,24,Misiones,0,0,0
2022,25,Misiones,0,0,0
2022,26,Misiones,0,0,0
2022,27,Misiones,0,0,0
2022,28,Misiones,0,0,0
2022,29,Misiones,0,0,0
2022,30,Misiones,0,0,0
2022,31,Misiones,0,0,0
2022,32,Misiones,0,0,0
2022,33,Misiones,0,0,0
2022,34,Misiones,0,0,0
2022,35,Misiones,0,0,0
2022,36,Misiones,0,0,0
2022,37,Misiones,0,0,0
2022,38,Misiones,0,0,0
2022,39,Misiones,0,0,0
2022,40,Misiones,0,0,0
2022,41,Misiones,0,0,0
2022,42,Misiones,0,0,0
2022,43,Misiones,0,0,0
2022,44,Misiones,0,0,0
2022,45,Misiones,0,0,0
2022,46,Misiones,0,0,0
2022,47,Misiones,0,0,0
2022,48,Misiones,0,0,0
2022,49,Misiones,0,0,0
2022,50,Misiones,0,0,0
2023,1,Misiones,2,,
2023,2,Misiones,0,2,-2
2023,3,Misiones,0,0,0
2023,4,Misiones,1,0,1
2023,5,Misiones,1,1,0
2023,6,Misiones,0,1,-1
2023,7,Misiones,0,0,0
2023,8,Misiones,1,0,1
2023,9,Misiones,6,1,5
2023,10,Misiones,1,6,-5
2023,11,Misiones,5,1,4
2023,12,Misiones,12,5,7
2023,13,Misiones,20,12,8
2023,14,Misiones,14,20,-6
2023,15,Misiones,25,14,11
2023,16,Misiones,29,25,4
2023,17,Misiones,24,29,-5
2023,18,Misiones,29,24,5
2023,19,Misiones,27,29,-2
2023,20,Misiones,16,27,-11
2023,21,Misiones,9,16,-7
2023,22,Misiones,15,9,6
2023,23,Misiones,12,15,-3
2023,24,Misiones,6,12,-6
2023,25,Misiones,3,6,-3
2023,26,Misiones,1,3,-2
2023,27,Misiones,2,1,1
2023,28,Misiones,8,2,6
2023,29,Misiones,2,8,-6
2023,30,Misiones,2,2,0
2023,31,Misiones,3,2,1
2023,32,Misiones,5,3,2
2023,33,Misiones,5,5,0
2023,34,Misiones,2,5,-3
2023,35,Misiones,1,2,-1
2023,36,Misiones,2,1,1
2023,37,Misiones,2,2,0
2023,38,Misiones,1,2,-1
2023,39,Misiones,1,1,0
2023,40,Misiones,5,1,4
2023,41,Misiones,4,5,-1
2023,42,Misiones,2,4,-2
2023,43,Misiones,6,2,4
2023,44,Misiones,6,6,0
2023,45,Misiones,14,6,8
2023,46,Misiones,14,14,0
2023,47,Misiones,38,14,24
2023,48,Misiones,69,38,31
2023,49,Misiones,159,69,90
2023,50,Misiones,429,159,270
2023,51,Misiones,333,429,-96
2023,52,Misiones,472,333,139
2024,1,Misiones,704,,
2024,2,Misiones,867,704,163
2024,3,Misiones,750,867,-117
2024,4,Misiones,994,750,244
2024,5,Misiones,1107,994,113
2024,6,Misiones,1194,1107,87
2024,7,Misiones,1175,1194,-19
2024,8,Misiones,1544,1175,369
2024,9,Misiones,1352,1544,-192
2024,10,Misiones,1074,1352,-278
2024,11,Misiones,1035,1074,-39
2024,12,Misiones,1100,1035,65
2024,13,Misiones,767,1100,-333
2024,14,Misiones,937,767,170
2024,15,Misiones,973,937,36
2024,16,Misiones,1030,973,57
2024,17,Misiones,717,1030,-313
2024,18,Misiones,500,717,-217
2024,19,Misiones,253,500,-247
2024,20,Misiones,86,253,-167
2024,21,Misiones,85,86,-1
2024,22,Misiones,33,85,-52
2024,23,Misiones,1,33,-32
2024,24,Misiones,0,1,-1
2024,25,Misiones,3,0,3
2024,26,Misiones,3,3,0
2024,27,Misiones,0,3,-3
2024,28,Misiones,0,0,0
2024,29,Misiones,0,0,0
2024,30,Misiones,0,0,0
2024,31,Misiones,0,0,0
2024,32,Misiones,0,0,0
2024,33,Misiones,0,0,0
2024,34,Misiones,0,0,0
2024,35,Misiones,0,0,0
2024,36,Misiones,0,0,0
2024,37,Misiones,0,0,0
2024,38,Misiones,0,0,0
2024,39,Misiones,0,0,0
2024,40,Misiones,0,0,0
2024,41,Misiones,0,0,0
2024,42,Misiones,0,0,0
2024,43,Misiones,0,0,0
2024,44,Misiones,0,0,0
2024,45,Misiones,0,0,0
2024,46,Misiones,0,0,0
2024,47,Misiones,0,0,0
2024,48,Misiones,0,0,0
2024,49,Misiones,1,0,1
2024,50,Misiones,0,1,-1
2024,51,Misiones,0,0,0
2024,52,Misiones,0,0,0
2025,1,Misiones,0,,
2025,2,Misiones,0,0,0
2025,3,Misiones,0,0,0
2025,4,Misiones,1,0,1
2025,5,Misiones,1,1,0
2025,6,Misiones,0,1,-1
2025,7,Misiones,0,0,0
2025,8,Misiones,0,0,0
2025,9,Misiones,0,0,0
2025,10,Misiones,0,0,0
2025,11,Misiones,0,0,0
2025,12,Misiones,0,0,0
2025,13,Misiones,0,0,0
2025,14,Misiones,0,0,0
2025,15,Misiones,0,0,0
2025,16,Misiones,0,0,0
2025,17,Misiones,2,0,2
2025,18,Misiones,0,2,-2
2025,19,Misiones,0,0,0
2025,20,Misiones,0,0,0
2025,21,Misiones,0,0,0
2025,22,Misiones,0,0,0
2025,23,Misiones,0,0,0
2025,24,Misiones,0,0,0
2025,25,Misiones,0,0,0
2025,26,Misiones,0,0,0
2025,27,Misiones,0,0,0
2025,28,Misiones,0,0,0
2025,29,Misiones,0,0,0
2025,30,Misiones,0,0,0
2025,31,Misiones,0,0,0
2025,32,Misiones,0,0,0
2025,33,Misiones,0,0,0
2025,34,Misiones,0,0,0
2025,35,Misiones,0,0,0
2025,36,Misiones,0,0,0
2025,37,Misiones,0,0,0
2025,38,Misiones,0,0,0
2025,39,Misiones,0,0,0
2025,40,Misiones,0,0,0
2025,41,Misiones,0,0,0
2025,42,Misiones,0,0,0
2018,1,Neuquén,0,,
2018,2,Neuquén,0,0,0
2018,3,Neuquén,0,0,0
2018,4,Neuquén,0,0,0
2018,5,Neuquén,0,0,0
2018,6,Neuquén,0,0,0
2018,7,Neuquén,0,0,0
2018,8,Neuquén,0,0,0
2018,9,Neuquén,0,0,0
2018,10,Neuquén,0,0,0
2018,11,Neuquén,0,0,0
2018,12,Neuquén,0,0,0
2018,13,Neuquén,0,0,0
2018,14,Neuquén,0,0,0
2018,15,Neuquén,0,0,0
2018,16,Neuquén,0,0,0
2018,17,Neuquén,0,0,0
2018,18,Neuquén,0,0,0
2018,19,Neuquén,0,0,0
2018,20,Neuquén,0,0,0
2018,21,Neuquén,0,0,0
2018,22,Neuquén,0,0,0
2018,23,Neuquén,0,0,0
2018,24,Neuquén,0,0,0
2018,25,Neuquén,0,0,0
2018,26,Neuquén,0,0,0
2018,27,Neuquén,0,0,0
2019,1,Neuquén,0,,
2019,2,Neuquén,0,0,0
2019,3,Neuquén,0,0,0
2019,4,Neuquén,0,0,0
2019,5,Neuquén,0,0,0
2019,6,Neuquén,0,0,0
2019,7,Neuquén,0,0,0
2019,8,Neuquén,0,0,0
2019,9,Neuquén,0,0,0
2019,10,Neuquén,0,0,0
2019,11,Neuquén,0,0,0
2019,12,Neuquén,0,0,0
2019,13,Neuquén,0,0,0
2019,14,Neuquén,0,0,0
2019,15,Neuquén,0,0,0
2019,16,Neuquén,0,0,0
2019,17,Neuquén,0,0,0
2019,18,Neuquén,0,0,0
2019,19,Neuquén,0,0,0
2019,20,Neuquén,0,0,0
2019,21,Neuquén,0,0,0
2019,22,Neuquén,0,0,0
2019,23,Neuquén,0,0,0
2019,24,Neuquén,0,0,0
2019,25,Neuquén,0,0,0
2019,26,Neuquén,0,0,0
2019,27,Neuquén,0,0,0
2019,28,Neuquén,0,0,0
2019,29,Neuquén,0,0,0
2019,30,Neuquén,0,0,0
2019,31,Neuquén,0,0,0
2019,32,Neuquén,0,0,0
2019,33,Neuquén,0,0,0
2019,34,Neuquén,0,0,0
2019,35,Neuquén,0,0,0
2019,36,Neuquén,0,0,0
2019,37,Neuquén,0,0,0
2019,38,Neuquén,0,0,0
2019,39,Neuquén,0,0,0
2019,40,Neuquén,0,0,0
2019,41,Neuquén,0,0,0
2019,42,Neuquén,0,0,0
2019,43,Neuquén,0,0,0
2019,44,Neuquén,0,0,0
2019,45,Neuquén,0,0,0
2019,46,Neuquén,0,0,0
2019,47,Neuquén,0,0,0
2019,48,Neuquén,0,0,0
2019,49,Neuquén,0,0,0
2019,50,Neuquén,0,0,0
2019,51,Neuquén,0,0,0
2019,52,Neuquén,0,0,0
2020,1,Neuquén,0,,
2020,2,Neuquén,0,0,0
2020,3,Neuquén,0,0,0
2020,4,Neuquén,0,0,0
2020,5,Neuquén,0,0,0
2020,6,Neuquén,1,0,1
2020,7,Neuquén,0,1,-1
2020,8,Neuquén,1,0,1
2020,9,Neuquén,0,1,-1
2020,10,Neuquén,1,0,1
2020,11,Neuquén,1,1,0
2020,12,Neuquén,0,1,-1
2020,13,Neuquén,1,0,1
2020,14,Neuquén,0,1,-1
2020,15,Neuquén,0,0,0
2020,16,Neuquén,0,0,0
2020,17,Neuquén,0,0,0
2020,18,Neuquén,0,0,0
2020,19,Neuquén,0,0,0
2020,20,Neuquén,0,0,0
2020,21,Neuquén,0,0,0
2020,22,Neuquén,0,0,0
2020,23,Neuquén,0,0,0
2020,24,Neuquén,0,0,0
2020,25,Neuquén,0,0,0
2020,26,Neuquén,0,0,0
2020,27,Neuquén,0,0,0
2020,28,Neuquén,0,0,0
2020,29,Neuquén,0,0,0
2020,30,Neuquén,0,0,0
2020,31,Neuquén,0,0,0
2020,32,Neuquén,0,0,0
2020,33,Neuquén,0,0,0
2020,34,Neuquén,0,0,0
2020,35,Neuquén,0,0,0
2020,36,Neuquén,0,0,0
2020,37,Neuquén,0,0,0
2020,38,Neuquén,0,0,0
2020,39,Neuquén,0,0,0
2020,40,Neuquén,0,0,0
2020,41,Neuquén,0,0,0
2020,42,Neuquén,0,0,0
2020,43,Neuquén,0,0,0
2020,44,Neuquén,0,0,0
2020,45,Neuquén,0,0,0
2020,46,Neuquén,0,0,0
2020,47,Neuquén,0,0,0
2020,48,Neuquén,0,0,0
2020,49,Neuquén,0,0,0
2020,50,Neuquén,0,0,0
2020,51,Neuquén,0,0,0
2020,52,Neuquén,0,0,0
2020,53,Neuquén,0,0,0
2021,1,Neuquén,0,,
2021,2,Neuquén,0,0,0
2021,3,Neuquén,0,0,0
2021,4,Neuquén,0,0,0
2021,5,Neuquén,0,0,0
2021,6,Neuquén,0,0,0
2021,7,Neuquén,0,0,0
2021,8,Neuquén,0,0,0
2021,9,Neuquén,0,0,0
2021,10,Neuquén,0,0,0
2021,11,Neuquén,0,0,0
2021,12,Neuquén,0,0,0
2021,13,Neuquén,0,0,0
2021,14,Neuquén,0,0,0
2021,15,Neuquén,0,0,0
2021,16,Neuquén,0,0,0
2021,17,Neuquén,0,0,0
2021,18,Neuquén,0,0,0
2021,19,Neuquén,0,0,0
2021,20,Neuquén,0,0,0
2021,21,Neuquén,0,0,0
2021,22,Neuquén,0,0,0
2021,23,Neuquén,0,0,0
2021,24,Neuquén,0,0,0
2021,25,Neuquén,0,0,0
2021,26,Neuquén,0,0,0
2021,27,Neuquén,0,0,0
2021,28,Neuquén,0,0,0
2021,29,Neuquén,0,0,0
2021,30,Neuquén,0,0,0
2022,1,Neuquén,0,,
2022,2,Neuquén,0,0,0
2022,3,Neuquén,0,0,0
2022,4,Neuquén,0,0,0
2022,5,Neuquén,0,0,0
2022,6,Neuquén,0,0,0
2022,7,Neuquén,0,0,0
2022,8,Neuquén,0,0,0
2022,9,Neuquén,0,0,0
2022,10,Neuquén,0,0,0
2022,11,Neuquén,0,0,0
2022,12,Neuquén,0,0,0
2022,13,Neuquén,0,0,0
2022,14,Neuquén,0,0,0
2022,15,Neuquén,0,0,0
2022,16,Neuquén,0,0,0
2022,17,Neuquén,0,0,0
2022,18,Neuquén,0,0,0
2022,19,Neuquén,0,0,0
2022,20,Neuquén,0,0,0
2022,21,Neuquén,0,0,0
2022,22,Neuquén,0,0,0
2022,23,Neuquén,0,0,0
2022,24,Neuquén,0,0,0
2022,25,Neuquén,0,0,0
2022,26,Neuquén,0,0,0
2022,27,Neuquén,0,0,0
2022,28,Neuquén,0,0,0
2022,29,Neuquén,0,0,0
2022,30,Neuquén,0,0,0
2022,31,Neuquén,0,0,0
2022,32,Neuquén,0,0,0
2022,33,Neuquén,0,0,0
2022,34,Neuquén,0,0,0
2022,35,Neuquén,0,0,0
2022,36,Neuquén,0,0,0
2022,37,Neuquén,0,0,0
2022,38,Neuquén,0,0,0
2022,39,Neuquén,0,0,0
2022,40,Neuquén,0,0,0
2022,41,Neuquén,0,0,0
2022,42,Neuquén,0,0,0
2022,43,Neuquén,0,0,0
2022,44,Neuquén,0,0,0
2022,45,Neuquén,0,0,0
2022,46,Neuquén,0,0,0
2022,47,Neuquén,0,0,0
2022,48,Neuquén,0,0,0
2022,49,Neuquén,0,0,0
2022,50,Neuquén,0,0,0
2023,1,Neuquén,0,,
2023,2,Neuquén,0,0,0
2023,3,Neuquén,0,0,0
2023,4,Neuquén,0,0,0
2023,5,Neuquén,0,0,0
2023,6,Neuquén,1,0,1
2023,7,Neuquén,0,1,-1
2023,8,Neuquén,0,0,0
2023,9,Neuquén,0,0,0
2023,10,Neuquén,1,0,1
2023,11,Neuquén,2,1,1
2023,12,Neuquén,0,2,-2
2023,13,Neuquén,2,0,2
2023,14,Neuquén,3,2,1
2023,15,Neuquén,3,3,0
2023,16,Neuquén,7,3,4
2023,17,Neuquén,0,7,-7
2023,18,Neuquén,4,0,4
2023,19,Neuquén,0,4,-4
2023,20,Neuquén,2,0,2
2023,21,Neuquén,1,2,-1
2023,22,Neuquén,0,1,-1
2023,23,Neuquén,0,0,0
2023,24,Neuquén,0,0,0
2023,25,Neuquén,0,0,0
2023,26,Neuquén,0,0,0
2023,27,Neuquén,0,0,0
2023,28,Neuquén,0,0,0
2023,29,Neuquén,1,0,1
2023,30,Neuquén,0,1,-1
2023,31,Neuquén,0,0,0
2023,32,Neuquén,0,0,0
2023,33,Neuquén,0,0,0
2023,34,Neuquén,0,0,0
2023,35,Neuquén,0,0,0
2023,36,Neuquén,0,0,0
2023,37,Neuquén,0,0,0
2023,38,Neuquén,0,0,0
2023,39,Neuquén,0,0,0
2023,40,Neuquén,0,0,0
2023,41,Neuquén,0,0,0
2023,42,Neuquén,0,0,0
2023,43,Neuquén,0,0,0
2023,44,Neuquén,0,0,0
2023,45,Neuquén,0,0,0
2023,46,Neuquén,1,0,1
2023,47,Neuquén,2,1,1
2023,48,Neuquén,1,2,-1
2023,49,Neuquén,0,1,-1
2023,50,Neuquén,1,0,1
2023,51,Neuquén,1,1,0
2023,52,Neuquén,6,1,5
2024,1,Neuquén,3,,
2024,2,Neuquén,5,3,2
2024,3,Neuquén,5,5,0
2024,4,Neuquén,6,5,1
2024,5,Neuquén,2,6,-4
2024,6,Neuquén,4,2,2
2024,7,Neuquén,2,4,-2
2024,8,Neuquén,2,2,0
2024,9,Neuquén,6,2,4
2024,10,Neuquén,7,6,1
2024,11,Neuquén,7,7,0
2024,12,Neuquén,22,7,15
2024,13,Neuquén,20,22,-2
2024,14,Neuquén,38,20,18
2024,15,Neuquén,20,38,-18
2024,16,Neuquén,13,20,-7
2024,17,Neuquén,4,13,-9
2024,18,Neuquén,6,4,2
2024,19,Neuquén,3,6,-3
2024,20,Neuquén,1,3,-2
2024,21,Neuquén,1,1,0
2024,22,Neuquén,0,1,-1
2024,23,Neuquén,0,0,0
2024,24,Neuquén,0,0,0
2024,25,Neuquén,0,0,0
2024,26,Neuquén,0,0,0
2024,27,Neuquén,0,0,0
2024,28,Neuquén,0,0,0
2024,29,Neuquén,0,0,0
2024,30,Neuquén,0,0,0
2024,31,Neuquén,0,0,0
2024,32,Neuquén,0,0,0
2024,33,Neuquén,0,0,0
2024,34,Neuquén,0,0,0
2024,35,Neuquén,0,0,0
2024,36,Neuquén,0,0,0
2024,37,Neuquén,0,0,0
2024,38,Neuquén,0,0,0
2024,39,Neuquén,0,0,0
2024,40,Neuquén,0,0,0
2024,41,Neuquén,0,0,0
2024,42,Neuquén,0,0,0
2024,43,Neuquén,0,0,0
2024,44,Neuquén,0,0,0
2024,45,Neuquén,0,0,0
2024,46,Neuquén,0,0,0
2024,47,Neuquén,0,0,0
2024,48,Neuquén,0,0,0
2024,49,Neuquén,0,0,0
2024,50,Neuquén,0,0,0
2024,51,Neuquén,0,0,0
2024,52,Neuquén,0,0,0
2025,1,Neuquén,0,,
2025,2,Neuquén,0,0,0
2025,3,Neuquén,0,0,0
2025,4,Neuquén,0,0,0
2025,5,Neuquén,0,0,0
2025,6,Neuquén,0,0,0
2025,7,Neuquén,1,0,1
2025,8,Neuquén,0,1,-1
2025,9,Neuquén,0,0,0
2025,10,Neuquén,0,0,0
2025,11,Neuquén,0,0,0
2025,12,Neuquén,0,0,0
2025,13,Neuquén,1,0,1
2025,14,Neuquén,1,1,0
2025,15,Neuquén,1,1,0
2025,16,Neuquén,0,1,-1
2025,17,Neuquén,0,0,0
2025,18,Neuquén,0,0,0
2025,19,Neuquén,0,0,0
2025,20,Neuquén,0,0,0
2025,21,Neuquén,0,0,0
2025,22,Neuquén,0,0,0
2025,23,Neuquén,0,0,0
2025,24,Neuquén,0,0,0
2025,25,Neuquén,0,0,0
2025,26,Neuquén,0,0,0
2025,27,Neuquén,0,0,0
2025,28,Neuquén,0,0,0
2025,29,Neuquén,0,0,0
2025,30,Neuquén,0,0,0
2025,31,Neuquén,0,0,0
2025,32,Neuquén,0,0,0
2025,33,Neuquén,0,0,0
2025,34,Neuquén,0,0,0
2025,35,Neuquén,0,0,0
2025,36,Neuquén,0,0,0
2025,37,Neuquén,0,0,0
2025,38,Neuquén,0,0,0
2025,39,Neuquén,0,0,0
2025,40,Neuquén,0,0,0
2025,41,Neuquén,0,0,0
2025,42,Neuquén,0,0,0
2018,1,Río Negro,0,,
2018,2,Río Negro,0,0,0
2018,3,Río Negro,0,0,0
2018,4,Río Negro,0,0,0
2018,5,Río Negro,0,0,0
2018,6,Río Negro,0,0,0
2018,7,Río Negro,0,0,0
2018,8,Río Negro,0,0,0
2018,9,Río Negro,0,0,0
2018,10,Río Negro,0,0,0
2018,11,Río Negro,0,0,0
2018,12,Río Negro,0,0,0
2018,13,Río Negro,0,0,0
2018,14,Río Negro,0,0,0
2018,15,Río Negro,0,0,0
2018,16,Río Negro,0,0,0
2018,17,Río Negro,0,0,0
2018,18,Río Negro,0,0,0
2018,19,Río Negro,0,0,0
2018,20,Río Negro,0,0,0
2018,21,Río Negro,0,0,0
2018,22,Río Negro,0,0,0
2018,23,Río Negro,0,0,0
2018,24,Río Negro,0,0,0
2018,25,Río Negro,0,0,0
2018,26,Río Negro,0,0,0
2018,27,Río Negro,0,0,0
2019,1,Río Negro,0,,
2019,2,Río Negro,0,0,0
2019,3,Río Negro,0,0,0
2019,4,Río Negro,0,0,0
2019,5,Río Negro,0,0,0
2019,6,Río Negro,0,0,0
2019,7,Río Negro,0,0,0
2019,8,Río Negro,0,0,0
2019,9,Río Negro,0,0,0
2019,10,Río Negro,0,0,0
2019,11,Río Negro,0,0,0
2019,12,Río Negro,0,0,0
2019,13,Río Negro,0,0,0
2019,14,Río Negro,0,0,0
2019,15,Río Negro,0,0,0
2019,16,Río Negro,0,0,0
2019,17,Río Negro,0,0,0
2019,18,Río Negro,0,0,0
2019,19,Río Negro,0,0,0
2019,20,Río Negro,0,0,0
2019,21,Río Negro,0,0,0
2019,22,Río Negro,0,0,0
2019,23,Río Negro,0,0,0
2019,24,Río Negro,0,0,0
2019,25,Río Negro,0,0,0
2019,26,Río Negro,0,0,0
2019,27,Río Negro,0,0,0
2019,28,Río Negro,0,0,0
2019,29,Río Negro,0,0,0
2019,30,Río Negro,0,0,0
2019,31,Río Negro,0,0,0
2019,32,Río Negro,0,0,0
2019,33,Río Negro,0,0,0
2019,34,Río Negro,0,0,0
2019,35,Río Negro,0,0,0
2019,36,Río Negro,0,0,0
2019,37,Río Negro,0,0,0
2019,38,Río Negro,0,0,0
2019,39,Río Negro,0,0,0
2019,40,Río Negro,0,0,0
2019,41,Río Negro,0,0,0
2019,42,Río Negro,0,0,0
2019,43,Río Negro,0,0,0
2019,44,Río Negro,0,0,0
2019,45,Río Negro,0,0,0
2019,46,Río Negro,0,0,0
2019,47,Río Negro,0,0,0
2019,48,Río Negro,0,0,0
2019,49,Río Negro,0,0,0
2019,50,Río Negro,0,0,0
2019,51,Río Negro,0,0,0
2019,52,Río Negro,0,0,0
2020,1,Río Negro,0,,
2020,2,Río Negro,0,0,0
2020,3,Río Negro,0,0,0
2020,4,Río Negro,0,0,0
2020,5,Río Negro,0,0,0
2020,6,Río Negro,0,0,0
2020,7,Río Negro,0,0,0
2020,8,Río Negro,0,0,0
2020,9,Río Negro,2,0,2
2020,10,Río Negro,2,2,0
2020,11,Río Negro,0,2,-2
2020,12,Río Negro,0,0,0
2020,13,Río Negro,0,0,0
2020,14,Río Negro,0,0,0
2020,15,Río Negro,0,0,0
2020,16,Río Negro,0,0,0
2020,17,Río Negro,0,0,0
2020,18,Río Negro,0,0,0
2020,19,Río Negro,0,0,0
2020,20,Río Negro,0,0,0
2020,21,Río Negro,0,0,0
2020,22,Río Negro,0,0,0
2020,23,Río Negro,0,0,0
2020,24,Río Negro,0,0,0
2020,25,Río Negro,0,0,0
2020,26,Río Negro,0,0,0
2020,27,Río Negro,0,0,0
2020,28,Río Negro,0,0,0
2020,29,Río Negro,0,0,0
2020,30,Río Negro,0,0,0
2020,31,Río Negro,0,0,0
2020,32,Río Negro,0,0,0
2020,33,Río Negro,0,0,0
2020,34,Río Negro,0,0,0
2020,35,Río Negro,0,0,0
2020,36,Río Negro,0,0,0
2020,37,Río Negro,0,0,0
2020,38,Río Negro,0,0,0
2020,39,Río Negro,0,0,0
2020,40,Río Negro,0,0,0
2020,41,Río Negro,0,0,0
2020,42,Río Negro,0,0,0
2020,43,Río Negro,0,0,0
2020,44,Río Negro,0,0,0
2020,45,Río Negro,0,0,0
2020,46,Río Negro,0,0,0
2020,47,Río Negro,0,0,0
2020,48,Río Negro,0,0,0
2020,49,Río Negro,0,0,0
2020,50,Río Negro,0,0,0
2020,51,Río Negro,0,0,0
2020,52,Río Negro,0,0,0
2020,53,Río Negro,0,0,0
2021,1,Río Negro,0,,
2021,2,Río Negro,0,0,0
2021,3,Río Negro,0,0,0
2021,4,Río Negro,0,0,0
2021,5,Río Negro,0,0,0
2021,6,Río Negro,0,0,0
2021,7,Río Negro,0,0,0
2021,8,Río Negro,0,0,0
2021,9,Río Negro,0,0,0
2021,10,Río Negro,0,0,0
2021,11,Río Negro,0,0,0
2021,12,Río Negro,0,0,0
2021,13,Río Negro,0,0,0
2021,14,Río Negro,0,0,0
2021,15,Río Negro,0,0,0
2021,16,Río Negro,0,0,0
2021,17,Río Negro,0,0,0
2021,18,Río Negro,0,0,0
2021,19,Río Negro,0,0,0
2021,20,Río Negro,0,0,0
2021,21,Río Negro,0,0,0
2021,22,Río Negro,0,0,0
2021,23,Río Negro,0,0,0
2021,24,Río Negro,0,0,0
2021,25,Río Negro,0,0,0
2021,26,Río Negro,0,0,0
2021,27,Río Negro,0,0,0
2021,28,Río Negro,0,0,0
2021,29,Río Negro,0,0,0
2021,30,Río Negro,0,0,0
2022,1,Río Negro,0,,
2022,2,Río Negro,0,0,0
2022,3,Río Negro,0,0,0
2022,4,Río Negro,0,0,0
2022,5,Río Negro,0,0,0
2022,6,Río Negro,0,0,0
2022,7,Río Negro,0,0,0
2022,8,Río Negro,0,0,0
2022,9,Río Negro,0,0,0
2022,10,Río Negro,0,0,0
2022,11,Río Negro,0,0,0
2022,12,Río Negro,0,0,0
2022,13,Río Negro,0,0,0
2022,14,Río Negro,0,0,0
2022,15,Río Negro,0,0,0
2022,16,Río Negro,0,0,0
2022,17,Río Negro,0,0,0
2022,18,Río Negro,0,0,0
2022,19,Río Negro,0,0,0
2022,20,Río Negro,0,0,0
2022,21,Río Negro,0,0,0
2022,22,Río Negro,0,0,0
2022,23,Río Negro,0,0,0
2022,24,Río Negro,0,0,0
2022,25,Río Negro,0,0,0
2022,26,Río Negro,0,0,0
2022,27,Río Negro,0,0,0
2022,28,Río Negro,0,0,0
2022,29,Río Negro,0,0,0
2022,30,Río Negro,0,0,0
2022,31,Río Negro,0,0,0
2022,32,Río Negro,0,0,0
2022,33,Río Negro,0,0,0
2022,34,Río Negro,0,0,0
2022,35,Río Negro,0,0,0
2022,36,Río Negro,0,0,0
2022,37,Río Negro,0,0,0
2022,38,Río Negro,0,0,0
2022,39,Río Negro,0,0,0
2022,40,Río Negro,0,0,0
2022,41,Río Negro,0,0,0
2022,42,Río Negro,0,0,0
2022,43,Río Negro,0,0,0
2022,44,Río Negro,0,0,0
2022,45,Río Negro,0,0,0
2022,46,Río Negro,0,0,0
2022,47,Río Negro,0,0,0
2022,48,Río Negro,0,0,0
2022,49,Río Negro,0,0,0
2022,50,Río Negro,0,0,0
2023,1,Río Negro,0,,
2023,2,Río Negro,0,0,0
2023,3,Río Negro,0,0,0
2023,4,Río Negro,0,0,0
2023,5,Río Negro,0,0,0
2023,6,Río Negro,0,0,0
2023,7,Río Negro,0,0,0
2023,8,Río Negro,0,0,0
2023,9,Río Negro,0,0,0
2023,10,Río Negro,0,0,0
2023,11,Río Negro,0,0,0
2023,12,Río Negro,0,0,0
2023,13,Río Negro,3,0,3
2023,14,Río Negro,2,3,-1
2023,15,Río Negro,3,2,1
2023,16,Río Negro,2,3,-1
2023,17,Río Negro,1,2,-1
2023,18,Río Negro,1,1,0
2023,19,Río Negro,0,1,-1
2023,20,Río Negro,0,0,0
2023,21,Río Negro,0,0,0
2023,22,Río Negro,0,0,0
2023,23,Río Negro,0,0,0
2023,24,Río Negro,0,0,0
2023,25,Río Negro,0,0,0
2023,26,Río Negro,0,0,0
2023,27,Río Negro,0,0,0
2023,28,Río Negro,0,0,0
2023,29,Río Negro,0,0,0
2023,30,Río Negro,0,0,0
2023,31,Río Negro,0,0,0
2023,32,Río Negro,0,0,0
2023,33,Río Negro,0,0,0
2023,34,Río Negro,0,0,0
2023,35,Río Negro,0,0,0
2023,36,Río Negro,0,0,0
2023,37,Río Negro,0,0,0
2023,38,Río Negro,0,0,0
2023,39,Río Negro,0,0,0
2023,40,Río Negro,0,0,0
2023,41,Río Negro,0,0,0
2023,42,Río Negro,0,0,0
2023,43,Río Negro,0,0,0
2023,44,Río Negro,0,0,0
2023,45,Río Negro,0,0,0
2023,46,Río Negro,0,0,0
2023,47,Río Negro,0,0,0
2023,48,Río Negro,0,0,0
2023,49,Río Negro,0,0,0
2023,50,Río Negro,0,0,0
2023,51,Río Negro,0,0,0
2023,52,Río Negro,0,0,0
2024,1,Río Negro,0,,
2024,2,Río Negro,1,0,1
2024,3,Río Negro,5,1,4
2024,4,Río Negro,1,5,-4
2024,5,Río Negro,0,1,-1
2024,6,Río Negro,3,0,3
2024,7,Río Negro,1,3,-2
2024,8,Río Negro,3,1,2
2024,9,Río Negro,4,3,1
2024,10,Río Negro,0,4,-4
2024,11,Río Negro,4,0,4
2024,12,Río Negro,19,4,15
2024,13,Río Negro,10,19,-9
2024,14,Río Negro,15,10,5
2024,15,Río Negro,14,15,-1
2024,16,Río Negro,7,14,-7
2024,17,Río Negro,9,7,2
2024,18,Río Negro,0,9,-9
2024,19,Río Negro,1,0,1
2024,20,Río Negro,1,1,0
2024,21,Río Negro,1,1,0
2024,22,Río Negro,0,1,-1
2024,23,Río Negro,0,0,0
2024,24,Río Negro,0,0,0
2024,25,Río Negro,0,0,0
2024,26,Río Negro,0,0,0
2024,27,Río Negro,0,0,0
2024,28,Río Negro,0,0,0
2024,29,Río Negro,0,0,0
2024,30,Río Negro,0,0,0
2024,31,Río Negro,0,0,0
2024,32,Río Negro,0,0,0
2024,33,Río Negro,0,0,0
2024,34,Río Negro,0,0,0
2024,35,Río Negro,0,0,0
2024,36,Río Negro,0,0,0
2024,37,Río Negro,0,0,0
2024,38,Río Negro,0,0,0
2024,39,Río Negro,0,0,0
2024,40,Río Negro,0,0,0
2024,41,Río Negro,0,0,0
2024,42,Río Negro,0,0,0
2024,43,Río Negro,0,0,0
2024,44,Río Negro,0,0,0
2024,45,Río Negro,0,0,0
2024,46,Río Negro,0,0,0
2024,47,Río Negro,0,0,0
2024,48,Río Negro,0,0,0
2024,49,Río Negro,0,0,0
2024,50,Río Negro,0,0,0
2024,51,Río Negro,0,0,0
2024,52,Río Negro,0,0,0
2025,1,Río Negro,0,,
2025,2,Río Negro,0,0,0
2025,3,Río Negro,0,0,0
2025,4,Río Negro,0,0,0
2025,5,Río Negro,0,0,0
2025,6,Río Negro,0,0,0
2025,7,Río Negro,0,0,0
2025,8,Río Negro,0,0,0
2025,9,Río Negro,0,0,0
2025,10,Río Negro,0,0,0
2025,11,Río Negro,0,0,0
2025,12,Río Negro,0,0,0
2025,13,Río Negro,0,0,0
2025,14,Río Negro,0,0,0
2025,15,Río Negro,0,0,0
2025,16,Río Negro,0,0,0
2025,17,Río Negro,0,0,0
2025,18,Río Negro,0,0,0
2025,19,Río Negro,0,0,0
2025,20,Río Negro,0,0,0
2025,21,Río Negro,0,0,0
2025,22,Río Negro,0,0,0
2025,23,Río Negro,0,0,0
2025,24,Río Negro,0,0,0
2025,25,Río Negro,0,0,0
2025,26,Río Negro,0,0,0
2025,27,Río Negro,0,0,0
2025,28,Río Negro,0,0,0
2025,29,Río Negro,0,0,0
2025,30,Río Negro,0,0,0
2025,31,Río Negro,0,0,0
2025,32,Río Negro,0,0,0
2025,33,Río Negro,0,0,0
2025,34,Río Negro,0,0,0
2025,35,Río Negro,0,0,0
2025,36,Río Negro,0,0,0
2025,37,Río Negro,0,0,0
2025,38,Río Negro,0,0,0
2025,39,Río Negro,0,0,0
2025,40,Río Negro,0,0,0
2025,41,Río Negro,0,0,0
2025,42,Río Negro,0,0,0
2018,1,Salta,0,,
2018,2,Salta,0,0,0
2018,3,Salta,0,0,0
2018,4,Salta,0,0,0
2018,5,Salta,0,0,0
2018,6,Salta,0,0,0
2018,7,Salta,0,0,0
2018,8,Salta,0,0,0
2018,9,Salta,0,0,0
2018,10,Salta,0,0,0
2018,11,Salta,0,0,0
2018,12,Salta,0,0,0
2018,13,Salta,0,0,0
2018,14,Salta,0,0,0
2018,15,Salta,1,0,1
2018,16,Salta,0,1,-1
2018,17,Salta,0,0,0
2018,18,Salta,0,0,0
2018,19,Salta,0,0,0
2018,20,Salta,6,0,6
2018,21,Salta,0,6,-6
2018,22,Salta,0,0,0
2018,23,Salta,0,0,0
2018,24,Salta,0,0,0
2018,25,Salta,0,0,0
2018,26,Salta,0,0,0
2018,27,Salta,0,0,0
2019,1,Salta,0,,
2019,2,Salta,2,0,2
2019,3,Salta,7,2,5
2019,4,Salta,13,7,6
2019,5,Salta,44,13,31
2019,6,Salta,87,44,43
2019,7,Salta,36,87,-51
2019,8,Salta,17,36,-19
2019,9,Salta,21,17,4
2019,10,Salta,60,21,39
2019,11,Salta,69,60,9
2019,12,Salta,56,69,-13
2019,13,Salta,55,56,-1
2019,14,Salta,54,55,-1
2019,15,Salta,42,54,-12
2019,16,Salta,31,42,-11
2019,17,Salta,48,31,17
2019,18,Salta,55,48,7
2019,19,Salta,90,55,35
2019,20,Salta,76,90,-14
2019,21,Salta,37,76,-39
2019,22,Salta,10,37,-27
2019,23,Salta,11,10,1
2019,24,Salta,4,11,-7
2019,25,Salta,6,4,2
2019,26,Salta,3,6,-3
2019,27,Salta,4,3,1
2019,28,Salta,1,4,-3
2019,29,Salta,1,1,0
2019,30,Salta,2,1,1
2019,31,Salta,0,2,-2
2019,32,Salta,0,0,0
2019,33,Salta,0,0,0
2019,34,Salta,0,0,0
2019,35,Salta,0,0,0
2019,36,Salta,0,0,0
2019,37,Salta,0,0,0
2019,38,Salta,0,0,0
2019,39,Salta,0,0,0
2019,40,Salta,0,0,0
2019,41,Salta,0,0,0
2019,42,Salta,0,0,0
2019,43,Salta,0,0,0
2019,44,Salta,0,0,0
2019,45,Salta,0,0,0
2019,46,Salta,0,0,0
2019,47,Salta,0,0,0
2019,48,Salta,0,0,0
2019,49,Salta,0,0,0
2019,50,Salta,0,0,0
2019,51,Salta,0,0,0
2019,52,Salta,2,0,2
2020,1,Salta,0,,
2020,2,Salta,7,0,7
2020,3,Salta,8,7,1
2020,4,Salta,4,8,-4
2020,5,Salta,26,4,22
2020,6,Salta,41,26,15
2020,7,Salta,80,41,39
2020,8,Salta,134,80,54
2020,9,Salta,175,134,41
2020,10,Salta,393,175,218
2020,11,Salta,450,393,57
2020,12,Salta,528,450,78
2020,13,Salta,699,528,171
2020,14,Salta,693,699,-6
2020,15,Salta,753,693,60
2020,16,Salta,746,753,-7
2020,17,Salta,640,746,-106
2020,18,Salta,554,640,-86
2020,19,Salta,437,554,-117
2020,20,Salta,419,437,-18
2020,21,Salta,316,419,-103
2020,22,Salta,123,316,-193
2020,23,Salta,127,123,4
2020,24,Salta,118,127,-9
2020,25,Salta,17,118,-101
2020,26,Salta,26,17,9
2020,27,Salta,23,26,-3
2020,28,Salta,7,23,-16
2020,29,Salta,6,7,-1
2020,30,Salta,1,6,-5
2020,31,Salta,0,1,-1
2020,32,Salta,0,0,0
2020,33,Salta,0,0,0
2020,34,Salta,0,0,0
2020,35,Salta,0,0,0
2020,36,Salta,0,0,0
2020,37,Salta,0,0,0
2020,38,Salta,0,0,0
2020,39,Salta,0,0,0
2020,40,Salta,0,0,0
2020,41,Salta,0,0,0
2020,42,Salta,0,0,0
2020,43,Salta,0,0,0
2020,44,Salta,0,0,0
2020,45,Salta,0,0,0
2020,46,Salta,1,0,1
2020,47,Salta,2,1,1
2020,48,Salta,2,2,0
2020,49,Salta,0,2,-2
2020,50,Salta,1,0,1
2020,51,Salta,2,1,1
2020,52,Salta,2,2,0
2020,53,Salta,4,2,2
2021,1,Salta,6,,
2021,2,Salta,10,6,4
2021,3,Salta,16,10,6
2021,4,Salta,25,16,9
2021,5,Salta,43,25,18
2021,6,Salta,17,43,-26
2021,7,Salta,50,17,33
2021,8,Salta,68,50,18
2021,9,Salta,73,68,5
2021,10,Salta,96,73,23
2021,11,Salta,121,96,25
2021,12,Salta,61,121,-60
2021,13,Salta,92,61,31
2021,14,Salta,127,92,35
2021,15,Salta,129,127,2
2021,16,Salta,178,129,49
2021,17,Salta,221,178,43
2021,18,Salta,197,221,-24
2021,19,Salta,122,197,-75
2021,20,Salta,51,122,-71
2021,21,Salta,98,51,47
2021,22,Salta,85,98,-13
2021,23,Salta,43,85,-42
2021,24,Salta,24,43,-19
2021,25,Salta,0,24,-24
2021,26,Salta,0,0,0
2021,27,Salta,0,0,0
2021,28,Salta,0,0,0
2021,29,Salta,0,0,0
2021,30,Salta,1,0,1
2022,1,Salta,0,,
2022,2,Salta,0,0,0
2022,3,Salta,0,0,0
2022,4,Salta,2,0,2
2022,5,Salta,3,2,1
2022,6,Salta,1,3,-2
2022,7,Salta,1,1,0
2022,8,Salta,1,1,0
2022,9,Salta,1,1,0
2022,10,Salta,9,1,8
2022,11,Salta,23,9,14
2022,12,Salta,39,23,16
2022,13,Salta,37,39,-2
2022,14,Salta,84,37,47
2022,15,Salta,77,84,-7
2022,16,Salta,88,77,11
2022,17,Salta,86,88,-2
2022,18,Salta,66,86,-20
2022,19,Salta,36,66,-30
2022,20,Salta,16,36,-20
2022,21,Salta,18,16,2
2022,22,Salta,6,18,-12
2022,23,Salta,1,6,-5
2022,24,Salta,0,1,-1
2022,25,Salta,0,0,0
2022,26,Salta,0,0,0
2022,27,Salta,0,0,0
2022,28,Salta,0,0,0
2022,29,Salta,0,0,0
2022,30,Salta,0,0,0
2022,31,Salta,0,0,0
2022,32,Salta,0,0,0
2022,33,Salta,0,0,0
2022,34,Salta,0,0,0
2022,35,Salta,0,0,0
2022,36,Salta,0,0,0
2022,37,Salta,0,0,0
2022,38,Salta,0,0,0
2022,39,Salta,0,0,0
2022,40,Salta,0,0,0
2022,41,Salta,0,0,0
2022,42,Salta,0,0,0
2022,43,Salta,0,0,0
2022,44,Salta,0,0,0
2022,45,Salta,0,0,0
2022,46,Salta,0,0,0
2022,47,Salta,0,0,0
2022,48,Salta,0,0,0
2022,49,Salta,0,0,0
2022,50,Salta,0,0,0
2023,1,Salta,0,,
2023,2,Salta,1,0,1
2023,3,Salta,2,1,1
2023,4,Salta,9,2,7
2023,5,Salta,15,9,6
2023,6,Salta,76,15,61
2023,7,Salta,130,76,54
2023,8,Salta,230,130,100
2023,9,Salta,347,230,117
2023,10,Salta,704,347,357
2023,11,Salta,1170,704,466
2023,12,Salta,1837,1170,667
2023,13,Salta,2118,1837,281
2023,14,Salta,1502,2118,-616
2023,15,Salta,1739,1502,237
2023,16,Salta,1315,1739,-424
2023,17,Salta,935,1315,-380
2023,18,Salta,894,935,-41
2023,19,Salta,443,894,-451
2023,20,Salta,458,443,15
2023,21,Salta,318,458,-140
2023,22,Salta,388,318,70
2023,23,Salta,229,388,-159
2023,24,Salta,148,229,-81
2023,25,Salta,36,148,-112
2023,26,Salta,32,36,-4
2023,27,Salta,30,32,-2
2023,28,Salta,15,30,-15
2023,29,Salta,6,15,-9
2023,30,Salta,4,6,-2
2023,31,Salta,2,4,-2
2023,32,Salta,0,2,-2
2023,33,Salta,0,0,0
2023,34,Salta,0,0,0
2023,35,Salta,0,0,0
2023,36,Salta,0,0,0
2023,37,Salta,1,0,1
2023,38,Salta,1,1,0
2023,39,Salta,0,1,-1
2023,40,Salta,1,0,1
2023,41,Salta,0,1,-1
2023,42,Salta,1,0,1
2023,43,Salta,0,1,-1
2023,44,Salta,0,0,0
2023,45,Salta,0,0,0
2023,46,Salta,0,0,0
2023,47,Salta,0,0,0
2023,48,Salta,1,0,1
2023,49,Salta,1,1,0
2023,50,Salta,0,1,-1
2023,51,Salta,3,0,3
2023,52,Salta,3,3,0
2024,1,Salta,12,,
2024,2,Salta,12,12,0
2024,3,Salta,28,12,16
2024,4,Salta,50,28,22
2024,5,Salta,89,50,39
2024,6,Salta,219,89,130
2024,7,Salta,409,219,190
2024,8,Salta,782,409,373
2024,9,Salta,1002,782,220
2024,10,Salta,1434,1002,432
2024,11,Salta,2035,1434,601
2024,12,Salta,2891,2035,856
2024,13,Salta,2565,2891,-326
2024,14,Salta,3243,2565,678
2024,15,Salta,3437,3243,194
2024,16,Salta,2492,3437,-945
2024,17,Salta,1414,2492,-1078
2024,18,Salta,970,1414,-444
2024,19,Salta,655,970,-315
2024,20,Salta,259,655,-396
2024,21,Salta,68,259,-191
2024,22,Salta,18,68,-50
2024,23,Salta,9,18,-9
2024,24,Salta,4,9,-5
2024,25,Salta,7,4,3
2024,26,Salta,7,7,0
2024,27,Salta,1,7,-6
2024,28,Salta,0,1,-1
2024,29,Salta,0,0,0
2024,30,Salta,0,0,0
2024,31,Salta,0,0,0
2024,32,Salta,0,0,0
2024,33,Salta,0,0,0
2024,34,Salta,0,0,0
2024,35,Salta,0,0,0
2024,36,Salta,0,0,0
2024,37,Salta,0,0,0
2024,38,Salta,0,0,0
2024,39,Salta,0,0,0
2024,40,Salta,0,0,0
2024,41,Salta,0,0,0
2024,42,Salta,0,0,0
2024,43,Salta,0,0,0
2024,44,Salta,1,0,1
2024,45,Salta,0,1,-1
2024,46,Salta,0,0,0
2024,47,Salta,1,0,1
2024,48,Salta,0,1,-1
2024,49,Salta,0,0,0
2024,50,Salta,0,0,0
2024,51,Salta,0,0,0
2024,52,Salta,0,0,0
2025,1,Salta,1,,
2025,2,Salta,0,1,-1
2025,3,Salta,0,0,0
2025,4,Salta,1,0,1
2025,5,Salta,0,1,-1
2025,6,Salta,1,0,1
2025,7,Salta,0,1,-1
2025,8,Salta,1,0,1
2025,9,Salta,3,1,2
2025,10,Salta,3,3,0
2025,11,Salta,6,3,3
2025,12,Salta,1,6,-5
2025,13,Salta,2,1,1
2025,14,Salta,1,2,-1
2025,15,Salta,1,1,0
2025,16,Salta,1,1,0
2025,17,Salta,0,1,-1
2025,18,Salta,1,0,1
2025,19,Salta,0,1,-1
2025,20,Salta,0,0,0
2025,21,Salta,0,0,0
2025,22,Salta,0,0,0
2025,23,Salta,0,0,0
2025,24,Salta,0,0,0
2025,25,Salta,0,0,0
2025,26,Salta,0,0,0
2025,27,Salta,0,0,0
2025,28,Salta,0,0,0
2025,29,Salta,0,0,0
2025,30,Salta,0,0,0
2025,31,Salta,0,0,0
2025,32,Salta,0,0,0
2025,33,Salta,0,0,0
2025,34,Salta,0,0,0
2025,35,Salta,0,0,0
2025,36,Salta,0,0,0
2025,37,Salta,0,0,0
2025,38,Salta,0,0,0
2025,39,Salta,0,0,0
2025,40,Salta,0,0,0
2025,41,Salta,0,0,0
2025,42,Salta,0,0,0
2018,1,San Juan,0,,
2018,2,San Juan,0,0,0
2018,3,San Juan,0,0,0
2018,4,San Juan,0,0,0
2018,5,San Juan,0,0,0
2018,6,San Juan,0,0,0
2018,7,San Juan,0,0,0
2018,8,San Juan,0,0,0
2018,9,San Juan,0,0,0
2018,10,San Juan,0,0,0
2018,11,San Juan,0,0,0
2018,12,San Juan,0,0,0
2018,13,San Juan,0,0,0
2018,14,San Juan,0,0,0
2018,15,San Juan,0,0,0
2018,16,San Juan,0,0,0
2018,17,San Juan,0,0,0
2018,18,San Juan,0,0,0
2018,19,San Juan,0,0,0
2018,20,San Juan,0,0,0
2018,21,San Juan,0,0,0
2018,22,San Juan,0,0,0
2018,23,San Juan,0,0,0
2018,24,San Juan,0,0,0
2018,25,San Juan,0,0,0
2018,26,San Juan,0,0,0
2018,27,San Juan,0,0,0
2019,1,San Juan,0,,
2019,2,San Juan,0,0,0
2019,3,San Juan,0,0,0
2019,4,San Juan,0,0,0
2019,5,San Juan,0,0,0
2019,6,San Juan,0,0,0
2019,7,San Juan,0,0,0
2019,8,San Juan,0,0,0
2019,9,San Juan,0,0,0
2019,10,San Juan,0,0,0
2019,11,San Juan,0,0,0
2019,12,San Juan,0,0,0
2019,13,San Juan,0,0,0
2019,14,San Juan,0,0,0
2019,15,San Juan,0,0,0
2019,16,San Juan,0,0,0
2019,17,San Juan,0,0,0
2019,18,San Juan,0,0,0
2019,19,San Juan,0,0,0
2019,20,San Juan,0,0,0
2019,21,San Juan,0,0,0
2019,22,San Juan,0,0,0
2019,23,San Juan,0,0,0
2019,24,San Juan,0,0,0
2019,25,San Juan,0,0,0
2019,26,San Juan,0,0,0
2019,27,San Juan,0,0,0
2019,28,San Juan,0,0,0
2019,29,San Juan,0,0,0
2019,30,San Juan,0,0,0
2019,31,San Juan,0,0,0
2019,32,San Juan,0,0,0
2019,33,San Juan,0,0,0
2019,34,San Juan,0,0,0
2019,35,San Juan,0,0,0
2019,36,San Juan,0,0,0
2019,37,San Juan,0,0,0
2019,38,San Juan,0,0,0
2019,39,San Juan,0,0,0
2019,40,San Juan,0,0,0
2019,41,San Juan,0,0,0
2019,42,San Juan,0,0,0
2019,43,San Juan,0,0,0
2019,44,San Juan,0,0,0
2019,45,San Juan,0,0,0
2019,46,San Juan,0,0,0
2019,47,San Juan,0,0,0
2019,48,San Juan,0,0,0
2019,49,San Juan,0,0,0
2019,50,San Juan,0,0,0
2019,51,San Juan,0,0,0
2019,52,San Juan,0,0,0
2020,1,San Juan,0,,
2020,2,San Juan,0,0,0
2020,3,San Juan,0,0,0
2020,4,San Juan,0,0,0
2020,5,San Juan,0,0,0
2020,6,San Juan,0,0,0
2020,7,San Juan,0,0,0
2020,8,San Juan,0,0,0
2020,9,San Juan,0,0,0
2020,10,San Juan,0,0,0
2020,11,San Juan,5,0,5
2020,12,San Juan,5,5,0
2020,13,San Juan,1,5,-4
2020,14,San Juan,2,1,1
2020,15,San Juan,2,2,0
2020,16,San Juan,7,2,5
2020,17,San Juan,12,7,5
2020,18,San Juan,24,12,12
2020,19,San Juan,23,24,-1
2020,20,San Juan,14,23,-9
2020,21,San Juan,4,14,-10
2020,22,San Juan,1,4,-3
2020,23,San Juan,1,1,0
2020,24,San Juan,0,1,-1
2020,25,San Juan,1,0,1
2020,26,San Juan,0,1,-1
2020,27,San Juan,0,0,0
2020,28,San Juan,0,0,0
2020,29,San Juan,0,0,0
2020,30,San Juan,0,0,0
2020,31,San Juan,0,0,0
2020,32,San Juan,0,0,0
2020,33,San Juan,0,0,0
2020,34,San Juan,0,0,0
2020,35,San Juan,0,0,0
2020,36,San Juan,0,0,0
2020,37,San Juan,0,0,0
2020,38,San Juan,0,0,0
2020,39,San Juan,0,0,0
2020,40,San Juan,0,0,0
2020,41,San Juan,0,0,0
2020,42,San Juan,0,0,0
2020,43,San Juan,0,0,0
2020,44,San Juan,0,0,0
2020,45,San Juan,0,0,0
2020,46,San Juan,0,0,0
2020,47,San Juan,0,0,0
2020,48,San Juan,0,0,0
2020,49,San Juan,0,0,0
2020,50,San Juan,0,0,0
2020,51,San Juan,0,0,0
2020,52,San Juan,0,0,0
2020,53,San Juan,0,0,0
2021,1,San Juan,0,,
2021,2,San Juan,0,0,0
2021,3,San Juan,0,0,0
2021,4,San Juan,0,0,0
2021,5,San Juan,0,0,0
2021,6,San Juan,0,0,0
2021,7,San Juan,0,0,0
2021,8,San Juan,0,0,0
2021,9,San Juan,0,0,0
2021,10,San Juan,0,0,0
2021,11,San Juan,0,0,0
2021,12,San Juan,0,0,0
2021,13,San Juan,0,0,0
2021,14,San Juan,0,0,0
2021,15,San Juan,0,0,0
2021,16,San Juan,0,0,0
2021,17,San Juan,0,0,0
2021,18,San Juan,0,0,0
2021,19,San Juan,0,0,0
2021,20,San Juan,0,0,0
2021,21,San Juan,0,0,0
2021,22,San Juan,0,0,0
2021,23,San Juan,0,0,0
2021,24,San Juan,0,0,0
2021,25,San Juan,0,0,0
2021,26,San Juan,0,0,0
2021,27,San Juan,0,0,0
2021,28,San Juan,0,0,0
2021,29,San Juan,0,0,0
2021,30,San Juan,0,0,0
2022,1,San Juan,0,,
2022,2,San Juan,0,0,0
2022,3,San Juan,0,0,0
2022,4,San Juan,0,0,0
2022,5,San Juan,0,0,0
2022,6,San Juan,0,0,0
2022,7,San Juan,0,0,0
2022,8,San Juan,0,0,0
2022,9,San Juan,0,0,0
2022,10,San Juan,0,0,0
2022,11,San Juan,0,0,0
2022,12,San Juan,0,0,0
2022,13,San Juan,0,0,0
2022,14,San Juan,0,0,0
2022,15,San Juan,0,0,0
2022,16,San Juan,0,0,0
2022,17,San Juan,0,0,0
2022,18,San Juan,0,0,0
2022,19,San Juan,0,0,0
2022,20,San Juan,0,0,0
2022,21,San Juan,0,0,0
2022,22,San Juan,0,0,0
2022,23,San Juan,0,0,0
2022,24,San Juan,0,0,0
2022,25,San Juan,0,0,0
2022,26,San Juan,0,0,0
2022,27,San Juan,0,0,0
2022,28,San Juan,0,0,0
2022,29,San Juan,0,0,0
2022,30,San Juan,0,0,0
2022,31,San Juan,0,0,0
2022,32,San Juan,0,0,0
2022,33,San Juan,0,0,0
2022,34,San Juan,0,0,0
2022,35,San Juan,0,0,0
2022,36,San Juan,0,0,0
2022,37,San Juan,0,0,0
2022,38,San Juan,0,0,0
2022,39,San Juan,0,0,0
2022,40,San Juan,0,0,0
2022,41,San Juan,0,0,0
2022,42,San Juan,0,0,0
2022,43,San Juan,0,0,0
2022,44,San Juan,0,0,0
2022,45,San Juan,0,0,0
2022,46,San Juan,0,0,0
2022,47,San Juan,0,0,0
2022,48,San Juan,0,0,0
2022,49,San Juan,0,0,0
2022,50,San Juan,0,0,0
2023,1,San Juan,0,,
2023,2,San Juan,0,0,0
2023,3,San Juan,0,0,0
2023,4,San Juan,0,0,0
2023,5,San Juan,0,0,0
2023,6,San Juan,0,0,0
2023,7,San Juan,0,0,0
2023,8,San Juan,0,0,0
2023,9,San Juan,0,0,0
2023,10,San Juan,0,0,0
2023,11,San Juan,0,0,0
2023,12,San Juan,0,0,0
2023,13,San Juan,0,0,0
2023,14,San Juan,1,0,1
2023,15,San Juan,1,1,0
2023,16,San Juan,0,1,-1
2023,17,San Juan,1,0,1
2023,18,San Juan,0,1,-1
2023,19,San Juan,1,0,1
2023,20,San Juan,0,1,-1
2023,21,San Juan,0,0,0
2023,22,San Juan,0,0,0
2023,23,San Juan,1,0,1
2023,24,San Juan,0,1,-1
2023,25,San Juan,0,0,0
2023,26,San Juan,0,0,0
2023,27,San Juan,0,0,0
2023,28,San Juan,0,0,0
2023,29,San Juan,0,0,0
2023,30,San Juan,0,0,0
2023,31,San Juan,0,0,0
2023,32,San Juan,0,0,0
2023,33,San Juan,0,0,0
2023,34,San Juan,0,0,0
2023,35,San Juan,0,0,0
2023,36,San Juan,0,0,0
2023,37,San Juan,0,0,0
2023,38,San Juan,0,0,0
2023,39,San Juan,0,0,0
2023,40,San Juan,0,0,0
2023,41,San Juan,0,0,0
2023,42,San Juan,0,0,0
2023,43,San Juan,0,0,0
2023,44,San Juan,0,0,0
2023,45,San Juan,0,0,0
2023,46,San Juan,0,0,0
2023,47,San Juan,0,0,0
2023,48,San Juan,0,0,0
2023,49,San Juan,1,0,1
2023,50,San Juan,1,1,0
2023,51,San Juan,0,1,-1
2023,52,San Juan,1,0,1
2024,1,San Juan,2,,
2024,2,San Juan,1,2,-1
2024,3,San Juan,1,1,0
2024,4,San Juan,3,1,2
2024,5,San Juan,5,3,2
2024,6,San Juan,4,5,-1
2024,7,San Juan,6,4,2
2024,8,San Juan,4,6,-2
2024,9,San Juan,30,4,26
2024,10,San Juan,44,30,14
2024,11,San Juan,120,44,76
2024,12,San Juan,268,120,148
2024,13,San Juan,220,268,-48
2024,14,San Juan,233,220,13
2024,15,San Juan,368,233,135
2024,16,San Juan,476,368,108
2024,17,San Juan,183,476,-293
2024,18,San Juan,107,183,-76
2024,19,San Juan,67,107,-40
2024,20,San Juan,6,67,-61
2024,21,San Juan,7,6,1
2024,22,San Juan,0,7,-7
2024,23,San Juan,0,0,0
2024,24,San Juan,0,0,0
2024,25,San Juan,0,0,0
2024,26,San Juan,0,0,0
2024,27,San Juan,0,0,0
2024,28,San Juan,0,0,0
2024,29,San Juan,0,0,0
2024,30,San Juan,0,0,0
2024,31,San Juan,0,0,0
2024,32,San Juan,0,0,0
2024,33,San Juan,0,0,0
2024,34,San Juan,0,0,0
2024,35,San Juan,0,0,0
2024,36,San Juan,0,0,0
2024,37,San Juan,0,0,0
2024,38,San Juan,0,0,0
2024,39,San Juan,0,0,0
2024,40,San Juan,0,0,0
2024,41,San Juan,0,0,0
2024,42,San Juan,0,0,0
2024,43,San Juan,0,0,0
2024,44,San Juan,0,0,0
2024,45,San Juan,0,0,0
2024,46,San Juan,0,0,0
2024,47,San Juan,0,0,0
2024,48,San Juan,0,0,0
2024,49,San Juan,0,0,0
2024,50,San Juan,0,0,0
2024,51,San Juan,0,0,0
2024,52,San Juan,0,0,0
2025,1,San Juan,0,,
2025,2,San Juan,0,0,0
2025,3,San Juan,0,0,0
2025,4,San Juan,0,0,0
2025,5,San Juan,0,0,0
2025,6,San Juan,0,0,0
2025,7,San Juan,0,0,0
2025,8,San Juan,0,0,0
2025,9,San Juan,1,0,1
2025,10,San Juan,0,1,-1
2025,11,San Juan,0,0,0
2025,12,San Juan,0,0,0
2025,13,San Juan,0,0,0
2025,14,San Juan,1,0,1
2025,15,San Juan,0,1,-1
2025,16,San Juan,0,0,0
2025,17,San Juan,0,0,0
2025,18,San Juan,0,0,0
2025,19,San Juan,0,0,0
2025,20,San Juan,0,0,0
2025,21,San Juan,0,0,0
2025,22,San Juan,0,0,0
2025,23,San Juan,0,0,0
2025,24,San Juan,0,0,0
2025,25,San Juan,0,0,0
2025,26,San Juan,0,0,0
2025,27,San Juan,0,0,0
2025,28,San Juan,0,0,0
2025,29,San Juan,0,0,0
2025,30,San Juan,0,0,0
2025,31,San Juan,0,0,0
2025,32,San Juan,0,0,0
2025,33,San Juan,0,0,0
2025,34,San Juan,0,0,0
2025,35,San Juan,0,0,0
2025,36,San Juan,0,0,0
2025,37,San Juan,0,0,0
2025,38,San Juan,0,0,0
2025,39,San Juan,0,0,0
2025,40,San Juan,0,0,0
2025,41,San Juan,0,0,0
2025,42,San Juan,0,0,0
2018,1,San Luis,0,,
2018,2,San Luis,0,0,0
2018,3,San Luis,0,0,0
2018,4,San Luis,0,0,0
2018,5,San Luis,0,0,0
2018,6,San Luis,0,0,0
2018,7,San Luis,0,0,0
2018,8,San Luis,0,0,0
2018,9,San Luis,0,0,0
2018,10,San Luis,0,0,0
2018,11,San Luis,0,0,0
2018,12,San Luis,0,0,0
2018,13,San Luis,0,0,0
2018,14,San Luis,0,0,0
2018,15,San Luis,0,0,0
2018,16,San Luis,0,0,0
2018,17,San Luis,0,0,0
2018,18,San Luis,0,0,0
2018,19,San Luis,0,0,0
2018,20,San Luis,0,0,0
2018,21,San Luis,0,0,0
2018,22,San Luis,0,0,0
2018,23,San Luis,0,0,0
2018,24,San Luis,0,0,0
2018,25,San Luis,0,0,0
2018,26,San Luis,0,0,0
2018,27,San Luis,0,0,0
2019,1,San Luis,0,,
2019,2,San Luis,0,0,0
2019,3,San Luis,0,0,0
2019,4,San Luis,0,0,0
2019,5,San Luis,0,0,0
2019,6,San Luis,0,0,0
2019,7,San Luis,0,0,0
2019,8,San Luis,0,0,0
2019,9,San Luis,0,0,0
2019,10,San Luis,0,0,0
2019,11,San Luis,0,0,0
2019,12,San Luis,0,0,0
2019,13,San Luis,0,0,0
2019,14,San Luis,0,0,0
2019,15,San Luis,0,0,0
2019,16,San Luis,0,0,0
2019,17,San Luis,0,0,0
2019,18,San Luis,0,0,0
2019,19,San Luis,0,0,0
2019,20,San Luis,0,0,0
2019,21,San Luis,0,0,0
2019,22,San Luis,0,0,0
2019,23,San Luis,0,0,0
2019,24,San Luis,0,0,0
2019,25,San Luis,0,0,0
2019,26,San Luis,0,0,0
2019,27,San Luis,0,0,0
2019,28,San Luis,0,0,0
2019,29,San Luis,0,0,0
2019,30,San Luis,0,0,0
2019,31,San Luis,0,0,0
2019,32,San Luis,0,0,0
2019,33,San Luis,0,0,0
2019,34,San Luis,0,0,0
2019,35,San Luis,0,0,0
2019,36,San Luis,0,0,0
2019,37,San Luis,0,0,0
2019,38,San Luis,0,0,0
2019,39,San Luis,0,0,0
2019,40,San Luis,0,0,0
2019,41,San Luis,0,0,0
2019,42,San Luis,0,0,0
2019,43,San Luis,0,0,0
2019,44,San Luis,0,0,0
2019,45,San Luis,0,0,0
2019,46,San Luis,0,0,0
2019,47,San Luis,0,0,0
2019,48,San Luis,0,0,0
2019,49,San Luis,0,0,0
2019,50,San Luis,0,0,0
2019,51,San Luis,0,0,0
2019,52,San Luis,0,0,0
2020,1,San Luis,0,,
2020,2,San Luis,0,0,0
2020,3,San Luis,0,0,0
2020,4,San Luis,0,0,0
2020,5,San Luis,0,0,0
2020,6,San Luis,0,0,0
2020,7,San Luis,0,0,0
2020,8,San Luis,1,0,1
2020,9,San Luis,0,1,-1
2020,10,San Luis,1,0,1
2020,11,San Luis,3,1,2
2020,12,San Luis,3,3,0
2020,13,San Luis,10,3,7
2020,14,San Luis,4,10,-6
2020,15,San Luis,2,4,-2
2020,16,San Luis,3,2,1
2020,17,San Luis,0,3,-3
2020,18,San Luis,0,0,0
2020,19,San Luis,0,0,0
2020,20,San Luis,0,0,0
2020,21,San Luis,0,0,0
2020,22,San Luis,0,0,0
2020,23,San Luis,0,0,0
2020,24,San Luis,0,0,0
2020,25,San Luis,0,0,0
2020,26,San Luis,0,0,0
2020,27,San Luis,0,0,0
2020,28,San Luis,0,0,0
2020,29,San Luis,0,0,0
2020,30,San Luis,0,0,0
2020,31,San Luis,0,0,0
2020,32,San Luis,0,0,0
2020,33,San Luis,0,0,0
2020,34,San Luis,0,0,0
2020,35,San Luis,0,0,0
2020,36,San Luis,0,0,0
2020,37,San Luis,0,0,0
2020,38,San Luis,0,0,0
2020,39,San Luis,0,0,0
2020,40,San Luis,0,0,0
2020,41,San Luis,0,0,0
2020,42,San Luis,0,0,0
2020,43,San Luis,0,0,0
2020,44,San Luis,0,0,0
2020,45,San Luis,0,0,0
2020,46,San Luis,0,0,0
2020,47,San Luis,0,0,0
2020,48,San Luis,0,0,0
2020,49,San Luis,0,0,0
2020,50,San Luis,0,0,0
2020,51,San Luis,0,0,0
2020,52,San Luis,0,0,0
2020,53,San Luis,0,0,0
2021,1,San Luis,0,,
2021,2,San Luis,0,0,0
2021,3,San Luis,0,0,0
2021,4,San Luis,0,0,0
2021,5,San Luis,0,0,0
2021,6,San Luis,0,0,0
2021,7,San Luis,0,0,0
2021,8,San Luis,0,0,0
2021,9,San Luis,0,0,0
2021,10,San Luis,2,0,2
2021,11,San Luis,0,2,-2
2021,12,San Luis,0,0,0
2021,13,San Luis,0,0,0
2021,14,San Luis,2,0,2
2021,15,San Luis,0,2,-2
2021,16,San Luis,1,0,1
2021,17,San Luis,1,1,0
2021,18,San Luis,1,1,0
2021,19,San Luis,0,1,-1
2021,20,San Luis,0,0,0
2021,21,San Luis,0,0,0
2021,22,San Luis,0,0,0
2021,23,San Luis,0,0,0
2021,24,San Luis,0,0,0
2021,25,San Luis,0,0,0
2021,26,San Luis,0,0,0
2021,27,San Luis,0,0,0
2021,28,San Luis,0,0,0
2021,29,San Luis,0,0,0
2021,30,San Luis,0,0,0
2022,1,San Luis,0,,
2022,2,San Luis,0,0,0
2022,3,San Luis,0,0,0
2022,4,San Luis,0,0,0
2022,5,San Luis,0,0,0
2022,6,San Luis,0,0,0
2022,7,San Luis,0,0,0
2022,8,San Luis,1,0,1
2022,9,San Luis,0,1,-1
2022,10,San Luis,0,0,0
2022,11,San Luis,0,0,0
2022,12,San Luis,0,0,0
2022,13,San Luis,0,0,0
2022,14,San Luis,0,0,0
2022,15,San Luis,0,0,0
2022,16,San Luis,0,0,0
2022,17,San Luis,0,0,0
2022,18,San Luis,0,0,0
2022,19,San Luis,0,0,0
2022,20,San Luis,0,0,0
2022,21,San Luis,0,0,0
2022,22,San Luis,0,0,0
2022,23,San Luis,0,0,0
2022,24,San Luis,0,0,0
2022,25,San Luis,0,0,0
2022,26,San Luis,0,0,0
2022,27,San Luis,0,0,0
2022,28,San Luis,0,0,0
2022,29,San Luis,0,0,0
2022,30,San Luis,0,0,0
2022,31,San Luis,0,0,0
2022,32,San Luis,0,0,0
2022,33,San Luis,0,0,0
2022,34,San Luis,0,0,0
2022,35,San Luis,0,0,0
2022,36,San Luis,0,0,0
2022,37,San Luis,0,0,0
2022,38,San Luis,0,0,0
2022,39,San Luis,0,0,0
2022,40,San Luis,0,0,0
2022,41,San Luis,0,0,0
2022,42,San Luis,0,0,0
2022,43,San Luis,0,0,0
2022,44,San Luis,0,0,0
2022,45,San Luis,0,0,0
2022,46,San Luis,0,0,0
2022,47,San Luis,0,0,0
2022,48,San Luis,0,0,0
2022,49,San Luis,0,0,0
2022,50,San Luis,0,0,0
2023,1,San Luis,0,,
2023,2,San Luis,0,0,0
2023,3,San Luis,0,0,0
2023,4,San Luis,0,0,0
2023,5,San Luis,0,0,0
2023,6,San Luis,0,0,0
2023,7,San Luis,0,0,0
2023,8,San Luis,0,0,0
2023,9,San Luis,1,0,1
2023,10,San Luis,1,1,0
2023,11,San Luis,2,1,1
2023,12,San Luis,1,2,-1
2023,13,San Luis,7,1,6
2023,14,San Luis,7,7,0
2023,15,San Luis,15,7,8
2023,16,San Luis,9,15,-6
2023,17,San Luis,7,9,-2
2023,18,San Luis,3,7,-4
2023,19,San Luis,0,3,-3
2023,20,San Luis,1,0,1
2023,21,San Luis,1,1,0
2023,22,San Luis,2,1,1
2023,23,San Luis,0,2,-2
2023,24,San Luis,0,0,0
2023,25,San Luis,0,0,0
2023,26,San Luis,0,0,0
2023,27,San Luis,0,0,0
2023,28,San Luis,0,0,0
2023,29,San Luis,0,0,0
2023,30,San Luis,0,0,0
2023,31,San Luis,0,0,0
2023,32,San Luis,0,0,0
2023,33,San Luis,0,0,0
2023,34,San Luis,0,0,0
2023,35,San Luis,0,0,0
2023,36,San Luis,0,0,0
2023,37,San Luis,0,0,0
2023,38,San Luis,0,0,0
2023,39,San Luis,0,0,0
2023,40,San Luis,0,0,0
2023,41,San Luis,0,0,0
2023,42,San Luis,0,0,0
2023,43,San Luis,0,0,0
2023,44,San Luis,2,0,2
2023,45,San Luis,0,2,-2
2023,46,San Luis,0,0,0
2023,47,San Luis,0,0,0
2023,48,San Luis,0,0,0
2023,49,San Luis,1,0,1
2023,50,San Luis,1,1,0
2023,51,San Luis,2,1,1
2023,52,San Luis,2,2,0
2024,1,San Luis,4,,
2024,2,San Luis,3,4,-1
2024,3,San Luis,6,3,3
2024,4,San Luis,7,6,1
2024,5,San Luis,7,7,0
2024,6,San Luis,5,7,-2
2024,7,San Luis,17,5,12
2024,8,San Luis,56,17,39
2024,9,San Luis,105,56,49
2024,10,San Luis,167,105,62
2024,11,San Luis,253,167,86
2024,12,San Luis,384,253,131
2024,13,San Luis,476,384,92
2024,14,San Luis,783,476,307
2024,15,San Luis,633,783,-150
2024,16,San Luis,438,633,-195
2024,17,San Luis,262,438,-176
2024,18,San Luis,146,262,-116
2024,19,San Luis,87,146,-59
2024,20,San Luis,31,87,-56
2024,21,San Luis,5,31,-26
2024,22,San Luis,3,5,-2
2024,23,San Luis,1,3,-2
2024,24,San Luis,1,1,0
2024,25,San Luis,0,1,-1
2024,26,San Luis,0,0,0
2024,27,San Luis,0,0,0
2024,28,San Luis,0,0,0
2024,29,San Luis,0,0,0
2024,30,San Luis,0,0,0
2024,31,San Luis,0,0,0
2024,32,San Luis,0,0,0
2024,33,San Luis,0,0,0
2024,34,San Luis,0,0,0
2024,35,San Luis,0,0,0
2024,36,San Luis,0,0,0
2024,37,San Luis,0,0,0
2024,38,San Luis,0,0,0
2024,39,San Luis,0,0,0
2024,40,San Luis,0,0,0
2024,41,San Luis,0,0,0
2024,42,San Luis,0,0,0
2024,43,San Luis,0,0,0
2024,44,San Luis,0,0,0
2024,45,San Luis,0,0,0
2024,46,San Luis,0,0,0
2024,47,San Luis,0,0,0
2024,48,San Luis,0,0,0
2024,49,San Luis,0,0,0
2024,50,San Luis,0,0,0
2024,51,San Luis,0,0,0
2024,52,San Luis,0,0,0
2025,1,San Luis,0,,
2025,2,San Luis,0,0,0
2025,3,San Luis,0,0,0
2025,4,San Luis,0,0,0
2025,5,San Luis,0,0,0
2025,6,San Luis,1,0,1
2025,7,San Luis,0,1,-1
2025,8,San Luis,2,0,2
2025,9,San Luis,6,2,4
2025,10,San Luis,8,6,2
2025,11,San Luis,6,8,-2
2025,12,San Luis,5,6,-1
2025,13,San Luis,5,5,0
2025,14,San Luis,7,5,2
2025,15,San Luis,4,7,-3
2025,16,San Luis,4,4,0
2025,17,San Luis,0,4,-4
2025,18,San Luis,2,0,2
2025,19,San Luis,5,2,3
2025,20,San Luis,1,5,-4
2025,21,San Luis,1,1,0
2025,22,San Luis,2,1,1
2025,23,San Luis,0,2,-2
2025,24,San Luis,0,0,0
2025,25,San Luis,0,0,0
2025,26,San Luis,0,0,0
2025,27,San Luis,0,0,0
2025,28,San Luis,0,0,0
2025,29,San Luis,0,0,0
2025,30,San Luis,0,0,0
2025,31,San Luis,0,0,0
2025,32,San Luis,0,0,0
2025,33,San Luis,0,0,0
2025,34,San Luis,0,0,0
2025,35,San Luis,0,0,0
2025,36,San Luis,0,0,0
2025,37,San Luis,0,0,0
2025,38,San Luis,0,0,0
2025,39,San Luis,0,0,0
2025,40,San Luis,0,0,0
2025,41,San Luis,0,0,0
2025,42,San Luis,0,0,0
2018,1,Santa Cruz,0,,
2018,2,Santa Cruz,0,0,0
2018,3,Santa Cruz,0,0,0
2018,4,Santa Cruz,0,0,0
2018,5,Santa Cruz,0,0,0
2018,6,Santa Cruz,0,0,0
2018,7,Santa Cruz,0,0,0
2018,8,Santa Cruz,0,0,0
2018,9,Santa Cruz,0,0,0
2018,10,Santa Cruz,0,0,0
2018,11,Santa Cruz,0,0,0
2018,12,Santa Cruz,0,0,0
2018,13,Santa Cruz,0,0,0
2018,14,Santa Cruz,0,0,0
2018,15,Santa Cruz,0,0,0
2018,16,Santa Cruz,0,0,0
2018,17,Santa Cruz,0,0,0
2018,18,Santa Cruz,0,0,0
2018,19,Santa Cruz,0,0,0
2018,20,Santa Cruz,0,0,0
2018,21,Santa Cruz,0,0,0
2018,22,Santa Cruz,0,0,0
2018,23,Santa Cruz,0,0,0
2018,24,Santa Cruz,0,0,0
2018,25,Santa Cruz,0,0,0
2018,26,Santa Cruz,0,0,0
2018,27,Santa Cruz,0,0,0
2019,1,Santa Cruz,0,,
2019,2,Santa Cruz,0,0,0
2019,3,Santa Cruz,0,0,0
2019,4,Santa Cruz,0,0,0
2019,5,Santa Cruz,0,0,0
2019,6,Santa Cruz,0,0,0
2019,7,Santa Cruz,0,0,0
2019,8,Santa Cruz,0,0,0
2019,9,Santa Cruz,0,0,0
2019,10,Santa Cruz,0,0,0
2019,11,Santa Cruz,0,0,0
2019,12,Santa Cruz,0,0,0
2019,13,Santa Cruz,0,0,0
2019,14,Santa Cruz,0,0,0
2019,15,Santa Cruz,0,0,0
2019,16,Santa Cruz,0,0,0
2019,17,Santa Cruz,0,0,0
2019,18,Santa Cruz,0,0,0
2019,19,Santa Cruz,0,0,0
2019,20,Santa Cruz,0,0,0
2019,21,Santa Cruz,0,0,0
2019,22,Santa Cruz,0,0,0
2019,23,Santa Cruz,0,0,0
2019,24,Santa Cruz,0,0,0
2019,25,Santa Cruz,0,0,0
2019,26,Santa Cruz,0,0,0
2019,27,Santa Cruz,0,0,0
2019,28,Santa Cruz,0,0,0
2019,29,Santa Cruz,0,0,0
2019,30,Santa Cruz,0,0,0
2019,31,Santa Cruz,0,0,0
2019,32,Santa Cruz,0,0,0
2019,33,Santa Cruz,0,0,0
2019,34,Santa Cruz,0,0,0
2019,35,Santa Cruz,0,0,0
2019,36,Santa Cruz,0,0,0
2019,37,Santa Cruz,0,0,0
2019,38,Santa Cruz,0,0,0
2019,39,Santa Cruz,0,0,0
2019,40,Santa Cruz,0,0,0
2019,41,Santa Cruz,0,0,0
2019,42,Santa Cruz,0,0,0
2019,43,Santa Cruz,0,0,0
2019,44,Santa Cruz,0,0,0
2019,45,Santa Cruz,0,0,0
2019,46,Santa Cruz,0,0,0
2019,47,Santa Cruz,0,0,0
2019,48,Santa Cruz,0,0,0
2019,49,Santa Cruz,0,0,0
2019,50,Santa Cruz,0,0,0
2019,51,Santa Cruz,0,0,0
2019,52,Santa Cruz,0,0,0
2020,1,Santa Cruz,0,,
2020,2,Santa Cruz,0,0,0
2020,3,Santa Cruz,0,0,0
2020,4,Santa Cruz,0,0,0
2020,5,Santa Cruz,0,0,0
2020,6,Santa Cruz,0,0,0
2020,7,Santa Cruz,0,0,0
2020,8,Santa Cruz,0,0,0
2020,9,Santa Cruz,0,0,0
2020,10,Santa Cruz,0,0,0
2020,11,Santa Cruz,1,0,1
2020,12,Santa Cruz,0,1,-1
2020,13,Santa Cruz,1,0,1
2020,14,Santa Cruz,1,1,0
2020,15,Santa Cruz,0,1,-1
2020,16,Santa Cruz,1,0,1
2020,17,Santa Cruz,1,1,0
2020,18,Santa Cruz,0,1,-1
2020,19,Santa Cruz,0,0,0
2020,20,Santa Cruz,0,0,0
2020,21,Santa Cruz,0,0,0
2020,22,Santa Cruz,1,0,1
2020,23,Santa Cruz,0,1,-1
2020,24,Santa Cruz,0,0,0
2020,25,Santa Cruz,0,0,0
2020,26,Santa Cruz,0,0,0
2020,27,Santa Cruz,0,0,0
2020,28,Santa Cruz,0,0,0
2020,29,Santa Cruz,0,0,0
2020,30,Santa Cruz,0,0,0
2020,31,Santa Cruz,0,0,0
2020,32,Santa Cruz,0,0,0
2020,33,Santa Cruz,0,0,0
2020,34,Santa Cruz,0,0,0
2020,35,Santa Cruz,0,0,0
2020,36,Santa Cruz,0,0,0
2020,37,Santa Cruz,0,0,0
2020,38,Santa Cruz,0,0,0
2020,39,Santa Cruz,0,0,0
2020,40,Santa Cruz,0,0,0
2020,41,Santa Cruz,0,0,0
2020,42,Santa Cruz,0,0,0
2020,43,Santa Cruz,0,0,0
2020,44,Santa Cruz,0,0,0
2020,45,Santa Cruz,0,0,0
2020,46,Santa Cruz,0,0,0
2020,47,Santa Cruz,0,0,0
2020,48,Santa Cruz,0,0,0
2020,49,Santa Cruz,0,0,0
2020,50,Santa Cruz,0,0,0
2020,51,Santa Cruz,0,0,0
2020,52,Santa Cruz,0,0,0
2020,53,Santa Cruz,0,0,0
2021,1,Santa Cruz,0,,
2021,2,Santa Cruz,0,0,0
2021,3,Santa Cruz,0,0,0
2021,4,Santa Cruz,0,0,0
2021,5,Santa Cruz,0,0,0
2021,6,Santa Cruz,0,0,0
2021,7,Santa Cruz,0,0,0
2021,8,Santa Cruz,0,0,0
2021,9,Santa Cruz,0,0,0
2021,10,Santa Cruz,0,0,0
2021,11,Santa Cruz,0,0,0
2021,12,Santa Cruz,0,0,0
2021,13,Santa Cruz,0,0,0
2021,14,Santa Cruz,0,0,0
2021,15,Santa Cruz,0,0,0
2021,16,Santa Cruz,0,0,0
2021,17,Santa Cruz,0,0,0
2021,18,Santa Cruz,0,0,0
2021,19,Santa Cruz,1,0,1
2021,20,Santa Cruz,0,1,-1
2021,21,Santa Cruz,0,0,0
2021,22,Santa Cruz,0,0,0
2021,23,Santa Cruz,0,0,0
2021,24,Santa Cruz,0,0,0
2021,25,Santa Cruz,0,0,0
2021,26,Santa Cruz,0,0,0
2021,27,Santa Cruz,0,0,0
2021,28,Santa Cruz,0,0,0
2021,29,Santa Cruz,0,0,0
2021,30,Santa Cruz,0,0,0
2022,1,Santa Cruz,0,,
2022,2,Santa Cruz,0,0,0
2022,3,Santa Cruz,0,0,0
2022,4,Santa Cruz,0,0,0
2022,5,Santa Cruz,0,0,0
2022,6,Santa Cruz,0,0,0
2022,7,Santa Cruz,0,0,0
2022,8,Santa Cruz,0,0,0
2022,9,Santa Cruz,0,0,0
2022,10,Santa Cruz,0,0,0
2022,11,Santa Cruz,0,0,0
2022,12,Santa Cruz,0,0,0
2022,13,Santa Cruz,0,0,0
2022,14,Santa Cruz,0,0,0
2022,15,Santa Cruz,0,0,0
2022,16,Santa Cruz,0,0,0
2022,17,Santa Cruz,0,0,0
2022,18,Santa Cruz,0,0,0
2022,19,Santa Cruz,0,0,0
2022,20,Santa Cruz,0,0,0
2022,21,Santa Cruz,0,0,0
2022,22,Santa Cruz,0,0,0
2022,23,Santa Cruz,0,0,0
2022,24,Santa Cruz,0,0,0
2022,25,Santa Cruz,0,0,0
2022,26,Santa Cruz,0,0,0
2022,27,Santa Cruz,0,0,0
2022,28,Santa Cruz,0,0,0
2022,29,Santa Cruz,0,0,0
2022,30,Santa Cruz,0,0,0
2022,31,Santa Cruz,0,0,0
2022,32,Santa Cruz,0,0,0
2022,33,Santa Cruz,0,0,0
2022,34,Santa Cruz,0,0,0
2022,35,Santa Cruz,0,0,0
2022,36,Santa Cruz,0,0,0
2022,37,Santa Cruz,0,0,0
2022,38,Santa Cruz,0,0,0
2022,39,Santa Cruz,0,0,0
2022,40,Santa Cruz,0,0,0
2022,41,Santa Cruz,0,0,0
2022,42,Santa Cruz,0,0,0
2022,43,Santa Cruz,0,0,0
2022,44,Santa Cruz,0,0,0
2022,45,Santa Cruz,0,0,0
2022,46,Santa Cruz,0,0,0
2022,47,Santa Cruz,0,0,0
2022,48,Santa Cruz,0,0,0
2022,49,Santa Cruz,0,0,0
2022,50,Santa Cruz,0,0,0
2023,1,Santa Cruz,0,,
2023,2,Santa Cruz,0,0,0
2023,3,Santa Cruz,0,0,0
2023,4,Santa Cruz,0,0,0
2023,5,Santa Cruz,0,0,0
2023,6,Santa Cruz,0,0,0
2023,7,Santa Cruz,0,0,0
2023,8,Santa Cruz,0,0,0
2023,9,Santa Cruz,1,0,1
2023,10,Santa Cruz,1,1,0
2023,11,Santa Cruz,0,1,-1
2023,12,Santa Cruz,3,0,3
2023,13,Santa Cruz,1,3,-2
2023,14,Santa Cruz,6,1,5
2023,15,Santa Cruz,4,6,-2
2023,16,Santa Cruz,1,4,-3
2023,17,Santa Cruz,1,1,0
2023,18,Santa Cruz,0,1,-1
2023,19,Santa Cruz,0,0,0
2023,20,Santa Cruz,1,0,1
2023,21,Santa Cruz,0,1,-1
2023,22,Santa Cruz,1,0,1
2023,23,Santa Cruz,1,1,0
2023,24,Santa Cruz,0,1,-1
2023,25,Santa Cruz,0,0,0
2023,26,Santa Cruz,1,0,1
2023,27,Santa Cruz,0,1,-1
2023,28,Santa Cruz,0,0,0
2023,29,Santa Cruz,0,0,0
2023,30,Santa Cruz,0,0,0
2023,31,Santa Cruz,0,0,0
2023,32,Santa Cruz,2,0,2
2023,33,Santa Cruz,0,2,-2
2023,34,Santa Cruz,1,0,1
2023,35,Santa Cruz,0,1,-1
2023,36,Santa Cruz,0,0,0
2023,37,Santa Cruz,1,0,1
2023,38,Santa Cruz,0,1,-1
2023,39,Santa Cruz,0,0,0
2023,40,Santa Cruz,1,0,1
2023,41,Santa Cruz,0,1,-1
2023,42,Santa Cruz,0,0,0
2023,43,Santa Cruz,0,0,0
2023,44,Santa Cruz,1,0,1
2023,45,Santa Cruz,0,1,-1
2023,46,Santa Cruz,7,0,7
2023,47,Santa Cruz,7,7,0
2023,48,Santa Cruz,4,7,-3
2023,49,Santa Cruz,1,4,-3
2023,50,Santa Cruz,6,1,5
2023,51,Santa Cruz,13,6,7
2023,52,Santa Cruz,5,13,-8
2024,1,Santa Cruz,16,,
2024,2,Santa Cruz,14,16,-2
2024,3,Santa Cruz,17,14,3
2024,4,Santa Cruz,9,17,-8
2024,5,Santa Cruz,4,9,-5
2024,6,Santa Cruz,9,4,5
2024,7,Santa Cruz,9,9,0
2024,8,Santa Cruz,9,9,0
2024,9,Santa Cruz,9,9,0
2024,10,Santa Cruz,11,9,2
2024,11,Santa Cruz,17,11,6
2024,12,Santa Cruz,19,17,2
2024,13,Santa Cruz,22,19,3
2024,14,Santa Cruz,21,22,-1
2024,15,Santa Cruz,13,21,-8
2024,16,Santa Cruz,8,13,-5
2024,17,Santa Cruz,9,8,1
2024,18,Santa Cruz,5,9,-4
2024,19,Santa Cruz,1,5,-4
2024,20,Santa Cruz,3,1,2
2024,21,Santa Cruz,1,3,-2
2024,22,Santa Cruz,0,1,-1
2024,23,Santa Cruz,0,0,0
2024,24,Santa Cruz,0,0,0
2024,25,Santa Cruz,0,0,0
2024,26,Santa Cruz,0,0,0
2024,27,Santa Cruz,0,0,0
2024,28,Santa Cruz,0,0,0
2024,29,Santa Cruz,0,0,0
2024,30,Santa Cruz,0,0,0
2024,31,Santa Cruz,0,0,0
2024,32,Santa Cruz,0,0,0
2024,33,Santa Cruz,0,0,0
2024,34,Santa Cruz,0,0,0
2024,35,Santa Cruz,0,0,0
2024,36,Santa Cruz,0,0,0
2024,37,Santa Cruz,0,0,0
2024,38,Santa Cruz,0,0,0
2024,39,Santa Cruz,0,0,0
2024,40,Santa Cruz,0,0,0
2024,41,Santa Cruz,0,0,0
2024,42,Santa Cruz,0,0,0
2024,43,Santa Cruz,0,0,0
2024,44,Santa Cruz,0,0,0
2024,45,Santa Cruz,0,0,0
2024,46,Santa Cruz,0,0,0
2024,47,Santa Cruz,0,0,0
2024,48,Santa Cruz,0,0,0
2024,49,Santa Cruz,0,0,0
2024,50,Santa Cruz,0,0,0
2024,51,Santa Cruz,0,0,0
2024,52,Santa Cruz,0,0,0
2025,1,Santa Cruz,0,,
2025,2,Santa Cruz,0,0,0
2025,3,Santa Cruz,0,0,0
2025,4,Santa Cruz,0,0,0
2025,5,Santa Cruz,0,0,0
2025,6,Santa Cruz,0,0,0
2025,7,Santa Cruz,0,0,0
2025,8,Santa Cruz,0,0,0
2025,9,Santa Cruz,0,0,0
2025,10,Santa Cruz,0,0,0
2025,11,Santa Cruz,0,0,0
2025,12,Santa Cruz,1,0,1
2025,13,Santa Cruz,0,1,-1
2025,14,Santa Cruz,0,0,0
2025,15,Santa Cruz,0,0,0
2025,16,Santa Cruz,0,0,0
2025,17,Santa Cruz,0,0,0
2025,18,Santa Cruz,0,0,0
2025,19,Santa Cruz,0,0,0
2025,20,Santa Cruz,0,0,0
2025,21,Santa Cruz,0,0,0
2025,22,Santa Cruz,0,0,0
2025,23,Santa Cruz,0,0,0
2025,24,Santa Cruz,0,0,0
2025,25,Santa Cruz,0,0,0
2025,26,Santa Cruz,0,0,0
2025,27,Santa Cruz,0,0,0
2025,28,Santa Cruz,0,0,0
2025,29,Santa Cruz,0,0,0
2025,30,Santa Cruz,0,0,0
2025,31,Santa Cruz,0,0,0
2025,32,Santa Cruz,0,0,0
2025,33,Santa Cruz,0,0,0
2025,34,Santa Cruz,0,0,0
2025,35,Santa Cruz,0,0,0
2025,36,Santa Cruz,0,0,0
2025,37,Santa Cruz,0,0,0
2025,38,Santa Cruz,0,0,0
2025,39,Santa Cruz,0,0,0
2025,40,Santa Cruz,0,0,0
2025,41,Santa Cruz,0,0,0
2025,42,Santa Cruz,0,0,0
2018,1,Santa Fe,0,,
2018,2,Santa Fe,0,0,0
2018,3,Santa Fe,0,0,0
2018,4,Santa Fe,0,0,0
2018,5,Santa Fe,0,0,0
2018,6,Santa Fe,0,0,0
2018,7,Santa Fe,0,0,0
2018,8,Santa Fe,0,0,0
2018,9,Santa Fe,0,0,0
2018,10,Santa Fe,0,0,0
2018,11,Santa Fe,0,0,0
2018,12,Santa Fe,0,0,0
2018,13,Santa Fe,0,0,0
2018,14,Santa Fe,0,0,0
2018,15,Santa Fe,1,0,1
2018,16,Santa Fe,0,1,-1
2018,17,Santa Fe,0,0,0
2018,18,Santa Fe,1,0,1
2018,19,Santa Fe,2,1,1
2018,20,Santa Fe,0,2,-2
2018,21,Santa Fe,1,0,1
2018,22,Santa Fe,0,1,-1
2018,23,Santa Fe,1,0,1
2018,24,Santa Fe,0,1,-1
2018,25,Santa Fe,0,0,0
2018,26,Santa Fe,0,0,0
2018,27,Santa Fe,0,0,0
2019,1,Santa Fe,1,,
2019,2,Santa Fe,3,1,2
2019,3,Santa Fe,3,3,0
2019,4,Santa Fe,11,3,8
2019,5,Santa Fe,18,11,7
2019,6,Santa Fe,19,18,1
2019,7,Santa Fe,18,19,-1
2019,8,Santa Fe,34,18,16
2019,9,Santa Fe,28,34,-6
2019,10,Santa Fe,29,28,1
2019,11,Santa Fe,32,29,3
2019,12,Santa Fe,17,32,-15
2019,13,Santa Fe,37,17,20
2019,14,Santa Fe,45,37,8
2019,15,Santa Fe,49,45,4
2019,16,Santa Fe,48,49,-1
2019,17,Santa Fe,31,48,-17
2019,18,Santa Fe,18,31,-13
2019,19,Santa Fe,20,18,2
2019,20,Santa Fe,20,20,0
2019,21,Santa Fe,6,20,-14
2019,22,Santa Fe,4,6,-2
2019,23,Santa Fe,2,4,-2
2019,24,Santa Fe,2,2,0
2019,25,Santa Fe,0,2,-2
2019,26,Santa Fe,0,0,0
2019,27,Santa Fe,0,0,0
2019,28,Santa Fe,0,0,0
2019,29,Santa Fe,0,0,0
2019,30,Santa Fe,0,0,0
2019,31,Santa Fe,0,0,0
2019,32,Santa Fe,0,0,0
2019,33,Santa Fe,0,0,0
2019,34,Santa Fe,0,0,0
2019,35,Santa Fe,0,0,0
2019,36,Santa Fe,0,0,0
2019,37,Santa Fe,0,0,0
2019,38,Santa Fe,0,0,0
2019,39,Santa Fe,0,0,0
2019,40,Santa Fe,0,0,0
2019,41,Santa Fe,0,0,0
2019,42,Santa Fe,0,0,0
2019,43,Santa Fe,0,0,0
2019,44,Santa Fe,0,0,0
2019,45,Santa Fe,0,0,0
2019,46,Santa Fe,0,0,0
2019,47,Santa Fe,0,0,0
2019,48,Santa Fe,0,0,0
2019,49,Santa Fe,0,0,0
2019,50,Santa Fe,0,0,0
2019,51,Santa Fe,0,0,0
2019,52,Santa Fe,0,0,0
2020,1,Santa Fe,0,,
2020,2,Santa Fe,0,0,0
2020,3,Santa Fe,0,0,0
2020,4,Santa Fe,0,0,0
2020,5,Santa Fe,0,0,0
2020,6,Santa Fe,8,0,8
2020,7,Santa Fe,28,8,20
2020,8,Santa Fe,55,28,27
2020,9,Santa Fe,117,55,62
2020,10,Santa Fe,157,117,40
2020,11,Santa Fe,302,157,145
2020,12,Santa Fe,370,302,68
2020,13,Santa Fe,332,370,-38
2020,14,Santa Fe,492,332,160
2020,15,Santa Fe,599,492,107
2020,16,Santa Fe,586,599,-13
2020,17,Santa Fe,494,586,-92
2020,18,Santa Fe,415,494,-79
2020,19,Santa Fe,335,415,-80
2020,20,Santa Fe,170,335,-165
2020,21,Santa Fe,112,170,-58
2020,22,Santa Fe,68,112,-44
2020,23,Santa Fe,15,68,-53
2020,24,Santa Fe,6,15,-9
2020,25,Santa Fe,3,6,-3
2020,26,Santa Fe,0,3,-3
2020,27,Santa Fe,2,0,2
2020,28,Santa Fe,0,2,-2
2020,29,Santa Fe,0,0,0
2020,30,Santa Fe,1,0,1
2020,31,Santa Fe,1,1,0
2020,32,Santa Fe,0,1,-1
2020,33,Santa Fe,0,0,0
2020,34,Santa Fe,0,0,0
2020,35,Santa Fe,0,0,0
2020,36,Santa Fe,0,0,0
2020,37,Santa Fe,0,0,0
2020,38,Santa Fe,0,0,0
2020,39,Santa Fe,0,0,0
2020,40,Santa Fe,0,0,0
2020,41,Santa Fe,0,0,0
2020,42,Santa Fe,0,0,0
2020,43,Santa Fe,0,0,0
2020,44,Santa Fe,1,0,1
2020,45,Santa Fe,0,1,-1
2020,46,Santa Fe,1,0,1
2020,47,Santa Fe,0,1,-1
2020,48,Santa Fe,0,0,0
2020,49,Santa Fe,0,0,0
2020,50,Santa Fe,0,0,0
2020,51,Santa Fe,0,0,0
2020,52,Santa Fe,0,0,0
2020,53,Santa Fe,0,0,0
2021,1,Santa Fe,1,,
2021,2,Santa Fe,0,1,-1
2021,3,Santa Fe,0,0,0
2021,4,Santa Fe,0,0,0
2021,5,Santa Fe,1,0,1
2021,6,Santa Fe,0,1,-1
2021,7,Santa Fe,0,0,0
2021,8,Santa Fe,0,0,0
2021,9,Santa Fe,0,0,0
2021,10,Santa Fe,0,0,0
2021,11,Santa Fe,2,0,2
2021,12,Santa Fe,1,2,-1
2021,13,Santa Fe,0,1,-1
2021,14,Santa Fe,6,0,6
2021,15,Santa Fe,4,6,-2
2021,16,Santa Fe,5,4,1
2021,17,Santa Fe,9,5,4
2021,18,Santa Fe,6,9,-3
2021,19,Santa Fe,1,6,-5
2021,20,Santa Fe,2,1,1
2021,21,Santa Fe,1,2,-1
2021,22,Santa Fe,0,1,-1
2021,23,Santa Fe,1,0,1
2021,24,Santa Fe,0,1,-1
2021,25,Santa Fe,0,0,0
2021,26,Santa Fe,0,0,0
2021,27,Santa Fe,0,0,0
2021,28,Santa Fe,0,0,0
2021,29,Santa Fe,0,0,0
2021,30,Santa Fe,0,0,0
2022,1,Santa Fe,0,,
2022,2,Santa Fe,0,0,0
2022,3,Santa Fe,0,0,0
2022,4,Santa Fe,0,0,0
2022,5,Santa Fe,1,0,1
2022,6,Santa Fe,0,1,-1
2022,7,Santa Fe,0,0,0
2022,8,Santa Fe,0,0,0
2022,9,Santa Fe,2,0,2
2022,10,Santa Fe,2,2,0
2022,11,Santa Fe,3,2,1
2022,12,Santa Fe,1,3,-2
2022,13,Santa Fe,3,1,2
2022,14,Santa Fe,3,3,0
2022,15,Santa Fe,2,3,-1
2022,16,Santa Fe,0,2,-2
2022,17,Santa Fe,1,0,1
2022,18,Santa Fe,2,1,1
2022,19,Santa Fe,2,2,0
2022,20,Santa Fe,4,2,2
2022,21,Santa Fe,0,4,-4
2022,22,Santa Fe,0,0,0
2022,23,Santa Fe,0,0,0
2022,24,Santa Fe,0,0,0
2022,25,Santa Fe,0,0,0
2022,26,Santa Fe,0,0,0
2022,27,Santa Fe,0,0,0
2022,28,Santa Fe,1,0,1
2022,29,Santa Fe,1,1,0
2022,30,Santa Fe,0,1,-1
2022,31,Santa Fe,0,0,0
2022,32,Santa Fe,0,0,0
2022,33,Santa Fe,0,0,0
2022,34,Santa Fe,0,0,0
2022,35,Santa Fe,0,0,0
2022,36,Santa Fe,0,0,0
2022,37,Santa Fe,0,0,0
2022,38,Santa Fe,0,0,0
2022,39,Santa Fe,0,0,0
2022,40,Santa Fe,0,0,0
2022,41,Santa Fe,0,0,0
2022,42,Santa Fe,0,0,0
2022,43,Santa Fe,0,0,0
2022,44,Santa Fe,0,0,0
2022,45,Santa Fe,0,0,0
2022,46,Santa Fe,0,0,0
2022,47,Santa Fe,0,0,0
2022,48,Santa Fe,0,0,0
2022,49,Santa Fe,0,0,0
2022,50,Santa Fe,0,0,0
2023,1,Santa Fe,0,,
2023,2,Santa Fe,1,0,1
2023,3,Santa Fe,5,1,4
2023,4,Santa Fe,14,5,9
2023,5,Santa Fe,59,14,45
2023,6,Santa Fe,293,59,234
2023,7,Santa Fe,195,293,-98
2023,8,Santa Fe,408,195,213
2023,9,Santa Fe,516,408,108
2023,10,Santa Fe,876,516,360
2023,11,Santa Fe,1725,876,849
2023,12,Santa Fe,2130,1725,405
2023,13,Santa Fe,2943,2130,813
2023,14,Santa Fe,2233,2943,-710
2023,15,Santa Fe,3513,2233,1280
2023,16,Santa Fe,2490,3513,-1023
2023,17,Santa Fe,1078,2490,-1412
2023,18,Santa Fe,841,1078,-237
2023,19,Santa Fe,587,841,-254
2023,20,Santa Fe,431,587,-156
2023,21,Santa Fe,237,431,-194
2023,22,Santa Fe,256,237,19
2023,23,Santa Fe,185,256,-71
2023,24,Santa Fe,132,185,-53
2023,25,Santa Fe,19,132,-113
2023,26,Santa Fe,16,19,-3
2023,27,Santa Fe,17,16,1
2023,28,Santa Fe,8,17,-9
2023,29,Santa Fe,12,8,4
2023,30,Santa Fe,5,12,-7
2023,31,Santa Fe,3,5,-2
2023,32,Santa Fe,2,3,-1
2023,33,Santa Fe,1,2,-1
2023,34,Santa Fe,3,1,2
2023,35,Santa Fe,2,3,-1
2023,36,Santa Fe,0,2,-2
2023,37,Santa Fe,0,0,0
2023,38,Santa Fe,0,0,0
2023,39,Santa Fe,2,0,2
2023,40,Santa Fe,0,2,-2
2023,41,Santa Fe,1,0,1
2023,42,Santa Fe,5,1,4
2023,43,Santa Fe,1,5,-4
2023,44,Santa Fe,0,1,-1
2023,45,Santa Fe,2,0,2
2023,46,Santa Fe,2,2,0
2023,47,Santa Fe,3,2,1
2023,48,Santa Fe,7,3,4
2023,49,Santa Fe,5,7,-2
2023,50,Santa Fe,20,5,15
2023,51,Santa Fe,17,20,-3
2023,52,Santa Fe,27,17,10
2024,1,Santa Fe,116,,
2024,2,Santa Fe,231,116,115
2024,3,Santa Fe,482,231,251
2024,4,Santa Fe,733,482,251
2024,5,Santa Fe,1322,733,589
2024,6,Santa Fe,1882,1322,560
2024,7,Santa Fe,2784,1882,902
2024,8,Santa Fe,4190,2784,1406
2024,9,Santa Fe,4920,4190,730
2024,10,Santa Fe,5226,4920,306
2024,11,Santa Fe,6851,5226,1625
2024,12,Santa Fe,7683,6851,832
2024,13,Santa Fe,5884,7683,-1799
2024,14,Santa Fe,5685,5884,-199
2024,15,Santa Fe,4954,5685,-731
2024,16,Santa Fe,3690,4954,-1264
2024,17,Santa Fe,2878,3690,-812
2024,18,Santa Fe,1055,2878,-1823
2024,19,Santa Fe,513,1055,-542
2024,20,Santa Fe,217,513,-296
2024,21,Santa Fe,61,217,-156
2024,22,Santa Fe,15,61,-46
2024,23,Santa Fe,5,15,-10
2024,24,Santa Fe,11,5,6
2024,25,Santa Fe,6,11,-5
2024,26,Santa Fe,7,6,1
2024,27,Santa Fe,1,7,-6
2024,28,Santa Fe,0,1,-1
2024,29,Santa Fe,0,0,0
2024,30,Santa Fe,0,0,0
2024,31,Santa Fe,0,0,0
2024,32,Santa Fe,0,0,0
2024,33,Santa Fe,1,0,1
2024,34,Santa Fe,0,1,-1
2024,35,Santa Fe,0,0,0
2024,36,Santa Fe,0,0,0
2024,37,Santa Fe,0,0,0
2024,38,Santa Fe,0,0,0
2024,39,Santa Fe,0,0,0
2024,40,Santa Fe,0,0,0
2024,41,Santa Fe,0,0,0
2024,42,Santa Fe,0,0,0
2024,43,Santa Fe,1,0,1
2024,44,Santa Fe,1,1,0
2024,45,Santa Fe,1,1,0
2024,46,Santa Fe,1,1,0
2024,47,Santa Fe,2,1,1
2024,48,Santa Fe,4,2,2
2024,49,Santa Fe,2,4,-2
2024,50,Santa Fe,0,2,-2
2024,51,Santa Fe,0,0,0
2024,52,Santa Fe,2,0,2
2025,1,Santa Fe,3,,
2025,2,Santa Fe,3,3,0
2025,3,Santa Fe,6,3,3
2025,4,Santa Fe,18,6,12
2025,5,Santa Fe,13,18,-5
2025,6,Santa Fe,22,13,9
2025,7,Santa Fe,44,22,22
2025,8,Santa Fe,109,44,65
2025,9,Santa Fe,114,109,5
2025,10,Santa Fe,188,114,74
2025,11,Santa Fe,280,188,92
2025,12,Santa Fe,785,280,505
2025,13,Santa Fe,1080,785,295
2025,14,Santa Fe,1712,1080,632
2025,15,Santa Fe,1111,1712,-601
2025,16,Santa Fe,922,1111,-189
2025,17,Santa Fe,1260,922,338
2025,18,Santa Fe,937,1260,-323
2025,19,Santa Fe,755,937,-182
2025,20,Santa Fe,486,755,-269
2025,21,Santa Fe,74,486,-412
2025,22,Santa Fe,31,74,-43
2025,23,Santa Fe,6,31,-25
2025,24,Santa Fe,1,6,-5
2025,25,Santa Fe,1,1,0
2025,26,Santa Fe,0,1,-1
2025,27,Santa Fe,0,0,0
2025,28,Santa Fe,0,0,0
2025,29,Santa Fe,0,0,0
2025,30,Santa Fe,0,0,0
2025,31,Santa Fe,0,0,0
2025,32,Santa Fe,0,0,0
2025,33,Santa Fe,0,0,0
2025,34,Santa Fe,0,0,0
2025,35,Santa Fe,0,0,0
2025,36,Santa Fe,0,0,0
2025,37,Santa Fe,0,0,0
2025,38,Santa Fe,0,0,0
2025,39,Santa Fe,0,0,0
2025,40,Santa Fe,0,0,0
2025,41,Santa Fe,0,0,0
2025,42,Santa Fe,1,0,1
2018,1,Santiago del Estero,0,,
2018,2,Santiago del Estero,0,0,0
2018,3,Santiago del Estero,0,0,0
2018,4,Santiago del Estero,0,0,0
2018,5,Santiago del Estero,2,0,2
2018,6,Santiago del Estero,0,2,-2
2018,7,Santiago del Estero,0,0,0
2018,8,Santiago del Estero,0,0,0
2018,9,Santiago del Estero,0,0,0
2018,10,Santiago del Estero,0,0,0
2018,11,Santiago del Estero,0,0,0
2018,12,Santiago del Estero,0,0,0
2018,13,Santiago del Estero,0,0,0
2018,14,Santiago del Estero,1,0,1
2018,15,Santiago del Estero,7,1,6
2018,16,Santiago del Estero,35,7,28
2018,17,Santiago del Estero,35,35,0
2018,18,Santiago del Estero,20,35,-15
2018,19,Santiago del Estero,0,20,-20
2018,20,Santiago del Estero,0,0,0
2018,21,Santiago del Estero,0,0,0
2018,22,Santiago del Estero,0,0,0
2018,23,Santiago del Estero,0,0,0
2018,24,Santiago del Estero,0,0,0
2018,25,Santiago del Estero,0,0,0
2018,26,Santiago del Estero,0,0,0
2018,27,Santiago del Estero,0,0,0
2019,1,Santiago del Estero,0,,
2019,2,Santiago del Estero,0,0,0
2019,3,Santiago del Estero,0,0,0
2019,4,Santiago del Estero,0,0,0
2019,5,Santiago del Estero,1,0,1
2019,6,Santiago del Estero,0,1,-1
2019,7,Santiago del Estero,0,0,0
2019,8,Santiago del Estero,0,0,0
2019,9,Santiago del Estero,0,0,0
2019,10,Santiago del Estero,0,0,0
2019,11,Santiago del Estero,0,0,0
2019,12,Santiago del Estero,0,0,0
2019,13,Santiago del Estero,0,0,0
2019,14,Santiago del Estero,1,0,1
2019,15,Santiago del Estero,0,1,-1
2019,16,Santiago del Estero,0,0,0
2019,17,Santiago del Estero,1,0,1
2019,18,Santiago del Estero,1,1,0
2019,19,Santiago del Estero,0,1,-1
2019,20,Santiago del Estero,0,0,0
2019,21,Santiago del Estero,0,0,0
2019,22,Santiago del Estero,0,0,0
2019,23,Santiago del Estero,0,0,0
2019,24,Santiago del Estero,0,0,0
2019,25,Santiago del Estero,0,0,0
2019,26,Santiago del Estero,0,0,0
2019,27,Santiago del Estero,0,0,0
2019,28,Santiago del Estero,0,0,0
2019,29,Santiago del Estero,0,0,0
2019,30,Santiago del Estero,0,0,0
2019,31,Santiago del Estero,0,0,0
2019,32,Santiago del Estero,0,0,0
2019,33,Santiago del Estero,0,0,0
2019,34,Santiago del Estero,0,0,0
2019,35,Santiago del Estero,0,0,0
2019,36,Santiago del Estero,0,0,0
2019,37,Santiago del Estero,0,0,0
2019,38,Santiago del Estero,0,0,0
2019,39,Santiago del Estero,0,0,0
2019,40,Santiago del Estero,0,0,0
2019,41,Santiago del Estero,0,0,0
2019,42,Santiago del Estero,0,0,0
2019,43,Santiago del Estero,0,0,0
2019,44,Santiago del Estero,0,0,0
2019,45,Santiago del Estero,0,0,0
2019,46,Santiago del Estero,0,0,0
2019,47,Santiago del Estero,0,0,0
2019,48,Santiago del Estero,0,0,0
2019,49,Santiago del Estero,0,0,0
2019,50,Santiago del Estero,0,0,0
2019,51,Santiago del Estero,0,0,0
2019,52,Santiago del Estero,0,0,0
2020,1,Santiago del Estero,0,,
2020,2,Santiago del Estero,0,0,0
2020,3,Santiago del Estero,0,0,0
2020,4,Santiago del Estero,0,0,0
2020,5,Santiago del Estero,1,0,1
2020,6,Santiago del Estero,0,1,-1
2020,7,Santiago del Estero,0,0,0
2020,8,Santiago del Estero,8,0,8
2020,9,Santiago del Estero,22,8,14
2020,10,Santiago del Estero,8,22,-14
2020,11,Santiago del Estero,2,8,-6
2020,12,Santiago del Estero,4,2,2
2020,13,Santiago del Estero,3,4,-1
2020,14,Santiago del Estero,6,3,3
2020,15,Santiago del Estero,6,6,0
2020,16,Santiago del Estero,17,6,11
2020,17,Santiago del Estero,17,17,0
2020,18,Santiago del Estero,4,17,-13
2020,19,Santiago del Estero,2,4,-2
2020,20,Santiago del Estero,1,2,-1
2020,21,Santiago del Estero,28,1,27
2020,22,Santiago del Estero,21,28,-7
2020,23,Santiago del Estero,14,21,-7
2020,24,Santiago del Estero,4,14,-10
2020,25,Santiago del Estero,0,4,-4
2020,26,Santiago del Estero,0,0,0
2020,27,Santiago del Estero,0,0,0
2020,28,Santiago del Estero,0,0,0
2020,29,Santiago del Estero,0,0,0
2020,30,Santiago del Estero,0,0,0
2020,31,Santiago del Estero,0,0,0
2020,32,Santiago del Estero,0,0,0
2020,33,Santiago del Estero,0,0,0
2020,34,Santiago del Estero,0,0,0
2020,35,Santiago del Estero,0,0,0
2020,36,Santiago del Estero,0,0,0
2020,37,Santiago del Estero,0,0,0
2020,38,Santiago del Estero,0,0,0
2020,39,Santiago del Estero,0,0,0
2020,40,Santiago del Estero,0,0,0
2020,41,Santiago del Estero,0,0,0
2020,42,Santiago del Estero,0,0,0
2020,43,Santiago del Estero,0,0,0
2020,44,Santiago del Estero,0,0,0
2020,45,Santiago del Estero,0,0,0
2020,46,Santiago del Estero,0,0,0
2020,47,Santiago del Estero,0,0,0
2020,48,Santiago del Estero,0,0,0
2020,49,Santiago del Estero,0,0,0
2020,50,Santiago del Estero,0,0,0
2020,51,Santiago del Estero,0,0,0
2020,52,Santiago del Estero,0,0,0
2020,53,Santiago del Estero,0,0,0
2021,1,Santiago del Estero,0,,
2021,2,Santiago del Estero,0,0,0
2021,3,Santiago del Estero,0,0,0
2021,4,Santiago del Estero,0,0,0
2021,5,Santiago del Estero,0,0,0
2021,6,Santiago del Estero,0,0,0
2021,7,Santiago del Estero,0,0,0
2021,8,Santiago del Estero,0,0,0
2021,9,Santiago del Estero,0,0,0
2021,10,Santiago del Estero,0,0,0
2021,11,Santiago del Estero,0,0,0
2021,12,Santiago del Estero,0,0,0
2021,13,Santiago del Estero,0,0,0
2021,14,Santiago del Estero,0,0,0
2021,15,Santiago del Estero,0,0,0
2021,16,Santiago del Estero,0,0,0
2021,17,Santiago del Estero,0,0,0
2021,18,Santiago del Estero,0,0,0
2021,19,Santiago del Estero,0,0,0
2021,20,Santiago del Estero,0,0,0
2021,21,Santiago del Estero,0,0,0
2021,22,Santiago del Estero,0,0,0
2021,23,Santiago del Estero,0,0,0
2021,24,Santiago del Estero,0,0,0
2021,25,Santiago del Estero,0,0,0
2021,26,Santiago del Estero,0,0,0
2021,27,Santiago del Estero,0,0,0
2021,28,Santiago del Estero,0,0,0
2021,29,Santiago del Estero,0,0,0
2021,30,Santiago del Estero,0,0,0
2022,1,Santiago del Estero,0,,
2022,2,Santiago del Estero,0,0,0
2022,3,Santiago del Estero,0,0,0
2022,4,Santiago del Estero,0,0,0
2022,5,Santiago del Estero,0,0,0
2022,6,Santiago del Estero,1,0,1
2022,7,Santiago del Estero,0,1,-1
2022,8,Santiago del Estero,0,0,0
2022,9,Santiago del Estero,0,0,0
2022,10,Santiago del Estero,0,0,0
2022,11,Santiago del Estero,0,0,0
2022,12,Santiago del Estero,0,0,0
2022,13,Santiago del Estero,0,0,0
2022,14,Santiago del Estero,2,0,2
2022,15,Santiago del Estero,0,2,-2
2022,16,Santiago del Estero,1,0,1
2022,17,Santiago del Estero,0,1,-1
2022,18,Santiago del Estero,0,0,0
2022,19,Santiago del Estero,0,0,0
2022,20,Santiago del Estero,0,0,0
2022,21,Santiago del Estero,0,0,0
2022,22,Santiago del Estero,0,0,0
2022,23,Santiago del Estero,0,0,0
2022,24,Santiago del Estero,0,0,0
2022,25,Santiago del Estero,0,0,0
2022,26,Santiago del Estero,0,0,0
2022,27,Santiago del Estero,0,0,0
2022,28,Santiago del Estero,0,0,0
2022,29,Santiago del Estero,0,0,0
2022,30,Santiago del Estero,0,0,0
2022,31,Santiago del Estero,0,0,0
2022,32,Santiago del Estero,0,0,0
2022,33,Santiago del Estero,0,0,0
2022,34,Santiago del Estero,0,0,0
2022,35,Santiago del Estero,0,0,0
2022,36,Santiago del Estero,0,0,0
2022,37,Santiago del Estero,0,0,0
2022,38,Santiago del Estero,0,0,0
2022,39,Santiago del Estero,0,0,0
2022,40,Santiago del Estero,0,0,0
2022,41,Santiago del Estero,0,0,0
2022,42,Santiago del Estero,0,0,0
2022,43,Santiago del Estero,0,0,0
2022,44,Santiago del Estero,0,0,0
2022,45,Santiago del Estero,0,0,0
2022,46,Santiago del Estero,0,0,0
2022,47,Santiago del Estero,0,0,0
2022,48,Santiago del Estero,0,0,0
2022,49,Santiago del Estero,0,0,0
2022,50,Santiago del Estero,0,0,0
2023,1,Santiago del Estero,1,,
2023,2,Santiago del Estero,0,1,-1
2023,3,Santiago del Estero,2,0,2
2023,4,Santiago del Estero,0,2,-2
2023,5,Santiago del Estero,1,0,1
2023,6,Santiago del Estero,1,1,0
2023,7,Santiago del Estero,8,1,7
2023,8,Santiago del Estero,23,8,15
2023,9,Santiago del Estero,144,23,121
2023,10,Santiago del Estero,445,144,301
2023,11,Santiago del Estero,449,445,4
2023,12,Santiago del Estero,1026,449,577
2023,13,Santiago del Estero,2263,1026,1237
2023,14,Santiago del Estero,1692,2263,-571
2023,15,Santiago del Estero,1866,1692,174
2023,16,Santiago del Estero,1942,1866,76
2023,17,Santiago del Estero,971,1942,-971
2023,18,Santiago del Estero,965,971,-6
2023,19,Santiago del Estero,765,965,-200
2023,20,Santiago del Estero,921,765,156
2023,21,Santiago del Estero,515,921,-406
2023,22,Santiago del Estero,614,515,99
2023,23,Santiago del Estero,432,614,-182
2023,24,Santiago del Estero,320,432,-112
2023,25,Santiago del Estero,297,320,-23
2023,26,Santiago del Estero,58,297,-239
2023,27,Santiago del Estero,48,58,-10
2023,28,Santiago del Estero,7,48,-41
2023,29,Santiago del Estero,3,7,-4
2023,30,Santiago del Estero,2,3,-1
2023,31,Santiago del Estero,0,2,-2
2023,32,Santiago del Estero,2,0,2
2023,33,Santiago del Estero,1,2,-1
2023,34,Santiago del Estero,0,1,-1
2023,35,Santiago del Estero,0,0,0
2023,36,Santiago del Estero,0,0,0
2023,37,Santiago del Estero,0,0,0
2023,38,Santiago del Estero,0,0,0
2023,39,Santiago del Estero,0,0,0
2023,40,Santiago del Estero,0,0,0
2023,41,Santiago del Estero,1,0,1
2023,42,Santiago del Estero,0,1,-1
2023,43,Santiago del Estero,0,0,0
2023,44,Santiago del Estero,0,0,0
2023,45,Santiago del Estero,0,0,0
2023,46,Santiago del Estero,1,0,1
2023,47,Santiago del Estero,0,1,-1
2023,48,Santiago del Estero,2,0,2
2023,49,Santiago del Estero,4,2,2
2023,50,Santiago del Estero,5,4,1
2023,51,Santiago del Estero,19,5,14
2023,52,Santiago del Estero,27,19,8
2024,1,Santiago del Estero,28,,
2024,2,Santiago del Estero,77,28,49
2024,3,Santiago del Estero,78,77,1
2024,4,Santiago del Estero,129,78,51
2024,5,Santiago del Estero,152,129,23
2024,6,Santiago del Estero,231,152,79
2024,7,Santiago del Estero,392,231,161
2024,8,Santiago del Estero,545,392,153
2024,9,Santiago del Estero,656,545,111
2024,10,Santiago del Estero,1100,656,444
2024,11,Santiago del Estero,1761,1100,661
2024,12,Santiago del Estero,2400,1761,639
2024,13,Santiago del Estero,2482,2400,82
2024,14,Santiago del Estero,2649,2482,167
2024,15,Santiago del Estero,2022,2649,-627
2024,16,Santiago del Estero,1679,2022,-343
2024,17,Santiago del Estero,989,1679,-690
2024,18,Santiago del Estero,713,989,-276
2024,19,Santiago del Estero,388,713,-325
2024,20,Santiago del Estero,232,388,-156
2024,21,Santiago del Estero,95,232,-137
2024,22,Santiago del Estero,2,95,-93
2024,23,Santiago del Estero,4,2,2
2024,24,Santiago del Estero,3,4,-1
2024,25,Santiago del Estero,3,3,0
2024,26,Santiago del Estero,2,3,-1
2024,27,Santiago del Estero,0,2,-2
2024,28,Santiago del Estero,0,0,0
2024,29,Santiago del Estero,0,0,0
2024,30,Santiago del Estero,0,0,0
2024,31,Santiago del Estero,0,0,0
2024,32,Santiago del Estero,0,0,0
2024,33,Santiago del Estero,0,0,0
2024,34,Santiago del Estero,0,0,0
2024,35,Santiago del Estero,0,0,0
2024,36,Santiago del Estero,0,0,0
2024,37,Santiago del Estero,0,0,0
2024,38,Santiago del Estero,0,0,0
2024,39,Santiago del Estero,0,0,0
2024,40,Santiago del Estero,0,0,0
2024,41,Santiago del Estero,0,0,0
2024,42,Santiago del Estero,0,0,0
2024,43,Santiago del Estero,0,0,0
2024,44,Santiago del Estero,0,0,0
2024,45,Santiago del Estero,0,0,0
2024,46,Santiago del Estero,0,0,0
2024,47,Santiago del Estero,0,0,0
2024,48,Santiago del Estero,0,0,0
2024,49,Santiago del Estero,0,0,0
2024,50,Santiago del Estero,0,0,0
2024,51,Santiago del Estero,0,0,0
2024,52,Santiago del Estero,0,0,0
2025,1,Santiago del Estero,0,,
2025,2,Santiago del Estero,0,0,0
2025,3,Santiago del Estero,0,0,0
2025,4,Santiago del Estero,0,0,0
2025,5,Santiago del Estero,0,0,0
2025,6,Santiago del Estero,0,0,0
2025,7,Santiago del Estero,1,0,1
2025,8,Santiago del Estero,0,1,-1
2025,9,Santiago del Estero,0,0,0
2025,10,Santiago del Estero,0,0,0
2025,11,Santiago del Estero,0,0,0
2025,12,Santiago del Estero,0,0,0
2025,13,Santiago del Estero,0,0,0
2025,14,Santiago del Estero,0,0,0
2025,15,Santiago del Estero,0,0,0
2025,16,Santiago del Estero,0,0,0
2025,17,Santiago del Estero,0,0,0
2025,18,Santiago del Estero,0,0,0
2025,19,Santiago del Estero,0,0,0
2025,20,Santiago del Estero,0,0,0
2025,21,Santiago del Estero,0,0,0
2025,22,Santiago del Estero,0,0,0
2025,23,Santiago del Estero,0,0,0
2025,24,Santiago del Estero,0,0,0
2025,25,Santiago del Estero,0,0,0
2025,26,Santiago del Estero,0,0,0
2025,27,Santiago del Estero,0,0,0
2025,28,Santiago del Estero,0,0,0
2025,29,Santiago del Estero,0,0,0
2025,30,Santiago del Estero,0,0,0
2025,31,Santiago del Estero,0,0,0
2025,32,Santiago del Estero,0,0,0
2025,33,Santiago del Estero,0,0,0
2025,34,Santiago del Estero,0,0,0
2025,35,Santiago del Estero,0,0,0
2025,36,Santiago del Estero,0,0,0
2025,37,Santiago del Estero,0,0,0
2025,38,Santiago del Estero,0,0,0
2025,39,Santiago del Estero,0,0,0
2025,40,Santiago del Estero,0,0,0
2025,41,Santiago del Estero,0,0,0
2025,42,Santiago del Estero,0,0,0
2018,1,Tierra del Fuego,0,,
2018,2,Tierra del Fuego,0,0,0
2018,3,Tierra del Fuego,0,0,0
2018,4,Tierra del Fuego,0,0,0
2018,5,Tierra del Fuego,0,0,0
2018,6,Tierra del Fuego,0,0,0
2018,7,Tierra del Fuego,0,0,0
2018,8,Tierra del Fuego,0,0,0
2018,9,Tierra del Fuego,0,0,0
2018,10,Tierra del Fuego,0,0,0
2018,11,Tierra del Fuego,0,0,0
2018,12,Tierra del Fuego,0,0,0
2018,13,Tierra del Fuego,0,0,0
2018,14,Tierra del Fuego,0,0,0
2018,15,Tierra del Fuego,0,0,0
2018,16,Tierra del Fuego,0,0,0
2018,17,Tierra del Fuego,0,0,0
2018,18,Tierra del Fuego,0,0,0
2018,19,Tierra del Fuego,0,0,0
2018,20,Tierra del Fuego,0,0,0
2018,21,Tierra del Fuego,0,0,0
2018,22,Tierra del Fuego,0,0,0
2018,23,Tierra del Fuego,0,0,0
2018,24,Tierra del Fuego,0,0,0
2018,25,Tierra del Fuego,0,0,0
2018,26,Tierra del Fuego,0,0,0
2018,27,Tierra del Fuego,0,0,0
2019,1,Tierra del Fuego,0,,
2019,2,Tierra del Fuego,0,0,0
2019,3,Tierra del Fuego,0,0,0
2019,4,Tierra del Fuego,0,0,0
2019,5,Tierra del Fuego,0,0,0
2019,6,Tierra del Fuego,0,0,0
2019,7,Tierra del Fuego,0,0,0
2019,8,Tierra del Fuego,0,0,0
2019,9,Tierra del Fuego,0,0,0
2019,10,Tierra del Fuego,0,0,0
2019,11,Tierra del Fuego,0,0,0
2019,12,Tierra del Fuego,0,0,0
2019,13,Tierra del Fuego,0,0,0
2019,14,Tierra del Fuego,0,0,0
2019,15,Tierra del Fuego,0,0,0
2019,16,Tierra del Fuego,0,0,0
2019,17,Tierra del Fuego,0,0,0
2019,18,Tierra del Fuego,0,0,0
2019,19,Tierra del Fuego,0,0,0
2019,20,Tierra del Fuego,0,0,0
2019,21,Tierra del Fuego,0,0,0
2019,22,Tierra del Fuego,0,0,0
2019,23,Tierra del Fuego,0,0,0
2019,24,Tierra del Fuego,0,0,0
2019,25,Tierra del Fuego,0,0,0
2019,26,Tierra del Fuego,0,0,0
2019,27,Tierra del Fuego,0,0,0
2019,28,Tierra del Fuego,0,0,0
2019,29,Tierra del Fuego,0,0,0
2019,30,Tierra del Fuego,0,0,0
2019,31,Tierra del Fuego,0,0,0
2019,32,Tierra del Fuego,0,0,0
2019,33,Tierra del Fuego,0,0,0
2019,34,Tierra del Fuego,0,0,0
2019,35,Tierra del Fuego,0,0,0
2019,36,Tierra del Fuego,0,0,0
2019,37,Tierra del Fuego,0,0,0
2019,38,Tierra del Fuego,0,0,0
2019,39,Tierra del Fuego,0,0,0
2019,40,Tierra del Fuego,0,0,0
2019,41,Tierra del Fuego,0,0,0
2019,42,Tierra del Fuego,0,0,0
2019,43,Tierra del Fuego,0,0,0
2019,44,Tierra del Fuego,0,0,0
2019,45,Tierra del Fuego,0,0,0
2019,46,Tierra del Fuego,0,0,0
2019,47,Tierra del Fuego,0,0,0
2019,48,Tierra del Fuego,0,0,0
2019,49,Tierra del Fuego,0,0,0
2019,50,Tierra del Fuego,0,0,0
2019,51,Tierra del Fuego,0,0,0
2019,52,Tierra del Fuego,0,0,0
2020,1,Tierra del Fuego,0,,
2020,2,Tierra del Fuego,0,0,0
2020,3,Tierra del Fuego,0,0,0
2020,4,Tierra del Fuego,0,0,0
2020,5,Tierra del Fuego,0,0,0
2020,6,Tierra del Fuego,0,0,0
2020,7,Tierra del Fuego,0,0,0
2020,8,Tierra del Fuego,0,0,0
2020,9,Tierra del Fuego,0,0,0
2020,10,Tierra del Fuego,1,0,1
2020,11,Tierra del Fuego,0,1,-1
2020,12,Tierra del Fuego,1,0,1
2020,13,Tierra del Fuego,0,1,-1
2020,14,Tierra del Fuego,0,0,0
2020,15,Tierra del Fuego,0,0,0
2020,16,Tierra del Fuego,1,0,1
2020,17,Tierra del Fuego,0,1,-1
2020,18,Tierra del Fuego,0,0,0
2020,19,Tierra del Fuego,1,0,1
2020,20,Tierra del Fuego,0,1,-1
2020,21,Tierra del Fuego,0,0,0
2020,22,Tierra del Fuego,0,0,0
2020,23,Tierra del Fuego,0,0,0
2020,24,Tierra del Fuego,0,0,0
2020,25,Tierra del Fuego,0,0,0
2020,26,Tierra del Fuego,0,0,0
2020,27,Tierra del Fuego,0,0,0
2020,28,Tierra del Fuego,0,0,0
2020,29,Tierra del Fuego,0,0,0
2020,30,Tierra del Fuego,0,0,0
2020,31,Tierra del Fuego,0,0,0
2020,32,Tierra del Fuego,0,0,0
2020,33,Tierra del Fuego,0,0,0
2020,34,Tierra del Fuego,0,0,0
2020,35,Tierra del Fuego,0,0,0
2020,36,Tierra del Fuego,0,0,0
2020,37,Tierra del Fuego,0,0,0
2020,38,Tierra del Fuego,0,0,0
2020,39,Tierra del Fuego,0,0,0
2020,40,Tierra del Fuego,0,0,0
2020,41,Tierra del Fuego,0,0,0
2020,42,Tierra del Fuego,0,0,0
2020,43,Tierra del Fuego,0,0,0
2020,44,Tierra del Fuego,0,0,0
2020,45,Tierra del Fuego,0,0,0
2020,46,Tierra del Fuego,0,0,0
2020,47,Tierra del Fuego,0,0,0
2020,48,Tierra del Fuego,0,0,0
2020,49,Tierra del Fuego,0,0,0
2020,50,Tierra del Fuego,0,0,0
2020,51,Tierra del Fuego,0,0,0
2020,52,Tierra del Fuego,0,0,0
2020,53,Tierra del Fuego,0,0,0
2021,1,Tierra del Fuego,0,,
2021,2,Tierra del Fuego,0,0,0
2021,3,Tierra del Fuego,0,0,0
2021,4,Tierra del Fuego,0,0,0
2021,5,Tierra del Fuego,0,0,0
2021,6,Tierra del Fuego,0,0,0
2021,7,Tierra del Fuego,0,0,0
2021,8,Tierra del Fuego,0,0,0
2021,9,Tierra del Fuego,0,0,0
2021,10,Tierra del Fuego,0,0,0
2021,11,Tierra del Fuego,0,0,0
2021,12,Tierra del Fuego,0,0,0
2021,13,Tierra del Fuego,0,0,0
2021,14,Tierra del Fuego,0,0,0
2021,15,Tierra del Fuego,0,0,0
2021,16,Tierra del Fuego,0,0,0
2021,17,Tierra del Fuego,0,0,0
2021,18,Tierra del Fuego,0,0,0
2021,19,Tierra del Fuego,0,0,0
2021,20,Tierra del Fuego,0,0,0
2021,21,Tierra del Fuego,0,0,0
2021,22,Tierra del Fuego,0,0,0
2021,23,Tierra del Fuego,0,0,0
2021,24,Tierra del Fuego,0,0,0
2021,25,Tierra del Fuego,0,0,0
2021,26,Tierra del Fuego,0,0,0
2021,27,Tierra del Fuego,0,0,0
2021,28,Tierra del Fuego,0,0,0
2021,29,Tierra del Fuego,0,0,0
2021,30,Tierra del Fuego,0,0,0
2022,1,Tierra del Fuego,0,,
2022,2,Tierra del Fuego,0,0,0
2022,3,Tierra del Fuego,0,0,0
2022,4,Tierra del Fuego,0,0,0
2022,5,Tierra del Fuego,0,0,0
2022,6,Tierra del Fuego,0,0,0
2022,7,Tierra del Fuego,0,0,0
2022,8,Tierra del Fuego,0,0,0
2022,9,Tierra del Fuego,0,0,0
2022,10,Tierra del Fuego,0,0,0
2022,11,Tierra del Fuego,0,0,0
2022,12,Tierra del Fuego,0,0,0
2022,13,Tierra del Fuego,0,0,0
2022,14,Tierra del Fuego,0,0,0
2022,15,Tierra del Fuego,0,0,0
2022,16,Tierra del Fuego,0,0,0
2022,17,Tierra del Fuego,0,0,0
2022,18,Tierra del Fuego,0,0,0
2022,19,Tierra del Fuego,0,0,0
2022,20,Tierra del Fuego,0,0,0
2022,21,Tierra del Fuego,0,0,0
2022,22,Tierra del Fuego,0,0,0
2022,23,Tierra del Fuego,0,0,0
2022,24,Tierra del Fuego,0,0,0
2022,25,Tierra del Fuego,0,0,0
2022,26,Tierra del Fuego,0,0,0
2022,27,Tierra del Fuego,0,0,0
2022,28,Tierra del Fuego,0,0,0
2022,29,Tierra del Fuego,0,0,0
2022,30,Tierra del Fuego,0,0,0
2022,31,Tierra del Fuego,0,0,0
2022,32,Tierra del Fuego,0,0,0
2022,33,Tierra del Fuego,0,0,0
2022,34,Tierra del Fuego,0,0,0
2022,35,Tierra del Fuego,0,0,0
2022,36,Tierra del Fuego,0,0,0
2022,37,Tierra del Fuego,0,0,0
2022,38,Tierra del Fuego,0,0,0
2022,39,Tierra del Fuego,0,0,0
2022,40,Tierra del Fuego,0,0,0
2022,41,Tierra del Fuego,0,0,0
2022,42,Tierra del Fuego,0,0,0
2022,43,Tierra del Fuego,0,0,0
2022,44,Tierra del Fuego,0,0,0
2022,45,Tierra del Fuego,0,0,0
2022,46,Tierra del Fuego,0,0,0
2022,47,Tierra del Fuego,0,0,0
2022,48,Tierra del Fuego,0,0,0
2022,49,Tierra del Fuego,0,0,0
2022,50,Tierra del Fuego,0,0,0
2023,1,Tierra del Fuego,0,,
2023,2,Tierra del Fuego,0,0,0
2023,3,Tierra del Fuego,0,0,0
2023,4,Tierra del Fuego,0,0,0
2023,5,Tierra del Fuego,0,0,0
2023,6,Tierra del Fuego,1,0,1
2023,7,Tierra del Fuego,0,1,-1
2023,8,Tierra del Fuego,0,0,0
2023,9,Tierra del Fuego,0,0,0
2023,10,Tierra del Fuego,2,0,2
2023,11,Tierra del Fuego,1,2,-1
2023,12,Tierra del Fuego,4,1,3
2023,13,Tierra del Fuego,2,4,-2
2023,14,Tierra del Fuego,3,2,1
2023,15,Tierra del Fuego,4,3,1
2023,16,Tierra del Fuego,4,4,0
2023,17,Tierra del Fuego,1,4,-3
2023,18,Tierra del Fuego,2,1,1
2023,19,Tierra del Fuego,1,2,-1
2023,20,Tierra del Fuego,0,1,-1
2023,21,Tierra del Fuego,0,0,0
2023,22,Tierra del Fuego,1,0,1
2023,23,Tierra del Fuego,0,1,-1
2023,24,Tierra del Fuego,0,0,0
2023,25,Tierra del Fuego,0,0,0
2023,26,Tierra del Fuego,0,0,0
2023,27,Tierra del Fuego,0,0,0
2023,28,Tierra del Fuego,1,0,1
2023,29,Tierra del Fuego,0,1,-1
2023,30,Tierra del Fuego,0,0,0
2023,31,Tierra del Fuego,0,0,0
2023,32,Tierra del Fuego,0,0,0
2023,33,Tierra del Fuego,0,0,0
2023,34,Tierra del Fuego,0,0,0
2023,35,Tierra del Fuego,1,0,1
2023,36,Tierra del Fuego,0,1,-1
2023,37,Tierra del Fuego,0,0,0
2023,38,Tierra del Fuego,0,0,0
2023,39,Tierra del Fuego,0,0,0
2023,40,Tierra del Fuego,0,0,0
2023,41,Tierra del Fuego,0,0,0
2023,42,Tierra del Fuego,0,0,0
2023,43,Tierra del Fuego,1,0,1
2023,44,Tierra del Fuego,0,1,-1
2023,45,Tierra del Fuego,1,0,1
2023,46,Tierra del Fuego,0,1,-1
2023,47,Tierra del Fuego,1,0,1
2023,48,Tierra del Fuego,2,1,1
2023,49,Tierra del Fuego,1,2,-1
2023,50,Tierra del Fuego,5,1,4
2023,51,Tierra del Fuego,3,5,-2
2023,52,Tierra del Fuego,7,3,4
2024,1,Tierra del Fuego,6,,
2024,2,Tierra del Fuego,3,6,-3
2024,3,Tierra del Fuego,8,3,5
2024,4,Tierra del Fuego,8,8,0
2024,5,Tierra del Fuego,10,8,2
2024,6,Tierra del Fuego,8,10,-2
2024,7,Tierra del Fuego,10,8,2
2024,8,Tierra del Fuego,9,10,-1
2024,9,Tierra del Fuego,10,9,1
2024,10,Tierra del Fuego,5,10,-5
2024,11,Tierra del Fuego,15,5,10
2024,12,Tierra del Fuego,12,15,-3
2024,13,Tierra del Fuego,9,12,-3
2024,14,Tierra del Fuego,15,9,6
2024,15,Tierra del Fuego,4,15,-11
2024,16,Tierra del Fuego,7,4,3
2024,17,Tierra del Fuego,11,7,4
2024,18,Tierra del Fuego,6,11,-5
2024,19,Tierra del Fuego,1,6,-5
2024,20,Tierra del Fuego,0,1,-1
2024,21,Tierra del Fuego,2,0,2
2024,22,Tierra del Fuego,0,2,-2
2024,23,Tierra del Fuego,0,0,0
2024,24,Tierra del Fuego,0,0,0
2024,25,Tierra del Fuego,0,0,0
2024,26,Tierra del Fuego,0,0,0
2024,27,Tierra del Fuego,0,0,0
2024,28,Tierra del Fuego,0,0,0
2024,29,Tierra del Fuego,0,0,0
2024,30,Tierra del Fuego,0,0,0
2024,31,Tierra del Fuego,0,0,0
2024,32,Tierra del Fuego,0,0,0
2024,33,Tierra del Fuego,0,0,0
2024,34,Tierra del Fuego,0,0,0
2024,35,Tierra del Fuego,0,0,0
2024,36,Tierra del Fuego,0,0,0
2024,37,Tierra del Fuego,0,0,0
2024,38,Tierra del Fuego,0,0,0
2024,39,Tierra del Fuego,0,0,0
2024,40,Tierra del Fuego,0,0,0
2024,41,Tierra del Fuego,0,0,0
2024,42,Tierra del Fuego,0,0,0
2024,43,Tierra del Fuego,0,0,0
2024,44,Tierra del Fuego,0,0,0
2024,45,Tierra del Fuego,0,0,0
2024,46,Tierra del Fuego,0,0,0
2024,47,Tierra del Fuego,0,0,0
2024,48,Tierra del Fuego,0,0,0
2024,49,Tierra del Fuego,0,0,0
2024,50,Tierra del Fuego,0,0,0
2024,51,Tierra del Fuego,0,0,0
2024,52,Tierra del Fuego,0,0,0
2025,1,Tierra del Fuego,0,,
2025,2,Tierra del Fuego,0,0,0
2025,3,Tierra del Fuego,0,0,0
2025,4,Tierra del Fuego,0,0,0
2025,5,Tierra del Fuego,0,0,0
2025,6,Tierra del Fuego,0,0,0
2025,7,Tierra del Fuego,0,0,0
2025,8,Tierra del Fuego,0,0,0
2025,9,Tierra del Fuego,0,0,0
2025,10,Tierra del Fuego,0,0,0
2025,11,Tierra del Fuego,0,0,0
2025,12,Tierra del Fuego,0,0,0
2025,13,Tierra del Fuego,0,0,0
2025,14,Tierra del Fuego,0,0,0
2025,15,Tierra del Fuego,0,0,0
2025,16,Tierra del Fuego,0,0,0
2025,17,Tierra del Fuego,0,0,0
2025,18,Tierra del Fuego,0,0,0
2025,19,Tierra del Fuego,1,0,1
2025,20,Tierra del Fuego,0,1,-1
2025,21,Tierra del Fuego,1,0,1
2025,22,Tierra del Fuego,0,1,-1
2025,23,Tierra del Fuego,0,0,0
2025,24,Tierra del Fuego,0,0,0
2025,25,Tierra del Fuego,0,0,0
2025,26,Tierra del Fuego,0,0,0
2025,27,Tierra del Fuego,0,0,0
2025,28,Tierra del Fuego,0,0,0
2025,29,Tierra del Fuego,0,0,0
2025,30,Tierra del Fuego,0,0,0
2025,31,Tierra del Fuego,0,0,0
2025,32,Tierra del Fuego,0,0,0
2025,33,Tierra del Fuego,0,0,0
2025,34,Tierra del Fuego,0,0,0
2025,35,Tierra del Fuego,0,0,0
2025,36,Tierra del Fuego,0,0,0
2025,37,Tierra del Fuego,0,0,0
2025,38,Tierra del Fuego,0,0,0
2025,39,Tierra del Fuego,0,0,0
2025,40,Tierra del Fuego,0,0,0
2025,41,Tierra del Fuego,0,0,0
2025,42,Tierra del Fuego,0,0,0
2018,1,Tucumán,0,,
2018,2,Tucumán,0,0,0
2018,3,Tucumán,0,0,0
2018,4,Tucumán,0,0,0
2018,5,Tucumán,0,0,0
2018,6,Tucumán,0,0,0
2018,7,Tucumán,0,0,0
2018,8,Tucumán,0,0,0
2018,9,Tucumán,0,0,0
2018,10,Tucumán,0,0,0
2018,11,Tucumán,0,0,0
2018,12,Tucumán,0,0,0
2018,13,Tucumán,0,0,0
2018,14,Tucumán,1,0,1
2018,15,Tucumán,0,1,-1
2018,16,Tucumán,0,0,0
2018,17,Tucumán,0,0,0
2018,18,Tucumán,0,0,0
2018,19,Tucumán,0,0,0
2018,20,Tucumán,0,0,0
2018,21,Tucumán,0,0,0
2018,22,Tucumán,1,0,1
2018,23,Tucumán,0,1,-1
2018,24,Tucumán,0,0,0
2018,25,Tucumán,0,0,0
2018,26,Tucumán,0,0,0
2018,27,Tucumán,0,0,0
2019,1,Tucumán,0,,
2019,2,Tucumán,0,0,0
2019,3,Tucumán,0,0,0
2019,4,Tucumán,0,0,0
2019,5,Tucumán,0,0,0
2019,6,Tucumán,0,0,0
2019,7,Tucumán,0,0,0
2019,8,Tucumán,0,0,0
2019,9,Tucumán,0,0,0
2019,10,Tucumán,0,0,0
2019,11,Tucumán,0,0,0
2019,12,Tucumán,0,0,0
2019,13,Tucumán,1,0,1
2019,14,Tucumán,0,1,-1
2019,15,Tucumán,1,0,1
2019,16,Tucumán,0,1,-1
2019,17,Tucumán,0,0,0
2019,18,Tucumán,0,0,0
2019,19,Tucumán,1,0,1
2019,20,Tucumán,1,1,0
2019,21,Tucumán,1,1,0
2019,22,Tucumán,0,1,-1
2019,23,Tucumán,0,0,0
2019,24,Tucumán,0,0,0
2019,25,Tucumán,0,0,0
2019,26,Tucumán,0,0,0
2019,27,Tucumán,0,0,0
2019,28,Tucumán,0,0,0
2019,29,Tucumán,0,0,0
2019,30,Tucumán,0,0,0
2019,31,Tucumán,0,0,0
2019,32,Tucumán,0,0,0
2019,33,Tucumán,0,0,0
2019,34,Tucumán,0,0,0
2019,35,Tucumán,0,0,0
2019,36,Tucumán,0,0,0
2019,37,Tucumán,0,0,0
2019,38,Tucumán,0,0,0
2019,39,Tucumán,0,0,0
2019,40,Tucumán,0,0,0
2019,41,Tucumán,0,0,0
2019,42,Tucumán,0,0,0
2019,43,Tucumán,0,0,0
2019,44,Tucumán,0,0,0
2019,45,Tucumán,0,0,0
2019,46,Tucumán,0,0,0
2019,47,Tucumán,0,0,0
2019,48,Tucumán,0,0,0
2019,49,Tucumán,0,0,0
2019,50,Tucumán,0,0,0
2019,51,Tucumán,0,0,0
2019,52,Tucumán,0,0,0
2020,1,Tucumán,0,,
2020,2,Tucumán,0,0,0
2020,3,Tucumán,0,0,0
2020,4,Tucumán,0,0,0
2020,5,Tucumán,0,0,0
2020,6,Tucumán,1,0,1
2020,7,Tucumán,0,1,-1
2020,8,Tucumán,0,0,0
2020,9,Tucumán,2,0,2
2020,10,Tucumán,10,2,8
2020,11,Tucumán,15,10,5
2020,12,Tucumán,74,15,59
2020,13,Tucumán,125,74,51
2020,14,Tucumán,372,125,247
2020,15,Tucumán,737,372,365
2020,16,Tucumán,1198,737,461
2020,17,Tucumán,1409,1198,211
2020,18,Tucumán,1070,1409,-339
2020,19,Tucumán,971,1070,-99
2020,20,Tucumán,917,971,-54
2020,21,Tucumán,579,917,-338
2020,22,Tucumán,361,579,-218
2020,23,Tucumán,97,361,-264
2020,24,Tucumán,18,97,-79
2020,25,Tucumán,6,18,-12
2020,26,Tucumán,1,6,-5
2020,27,Tucumán,4,1,3
2020,28,Tucumán,0,4,-4
2020,29,Tucumán,0,0,0
2020,30,Tucumán,0,0,0
2020,31,Tucumán,0,0,0
2020,32,Tucumán,0,0,0
2020,33,Tucumán,0,0,0
2020,34,Tucumán,0,0,0
2020,35,Tucumán,0,0,0
2020,36,Tucumán,0,0,0
2020,37,Tucumán,0,0,0
2020,38,Tucumán,0,0,0
2020,39,Tucumán,0,0,0
2020,40,Tucumán,0,0,0
2020,41,Tucumán,0,0,0
2020,42,Tucumán,0,0,0
2020,43,Tucumán,0,0,0
2020,44,Tucumán,0,0,0
2020,45,Tucumán,0,0,0
2020,46,Tucumán,0,0,0
2020,47,Tucumán,0,0,0
2020,48,Tucumán,0,0,0
2020,49,Tucumán,0,0,0
2020,50,Tucumán,0,0,0
2020,51,Tucumán,0,0,0
2020,52,Tucumán,0,0,0
2020,53,Tucumán,0,0,0
2021,1,Tucumán,0,,
2021,2,Tucumán,0,0,0
2021,3,Tucumán,0,0,0
2021,4,Tucumán,0,0,0
2021,5,Tucumán,0,0,0
2021,6,Tucumán,0,0,0
2021,7,Tucumán,0,0,0
2021,8,Tucumán,1,0,1
2021,9,Tucumán,0,1,-1
2021,10,Tucumán,1,0,1
2021,11,Tucumán,0,1,-1
2021,12,Tucumán,0,0,0
2021,13,Tucumán,0,0,0
2021,14,Tucumán,0,0,0
2021,15,Tucumán,0,0,0
2021,16,Tucumán,4,0,4
2021,17,Tucumán,1,4,-3
2021,18,Tucumán,6,1,5
2021,19,Tucumán,3,6,-3
2021,20,Tucumán,1,3,-2
2021,21,Tucumán,2,1,1
2021,22,Tucumán,1,2,-1
2021,23,Tucumán,0,1,-1
2021,24,Tucumán,3,0,3
2021,25,Tucumán,0,3,-3
2021,26,Tucumán,0,0,0
2021,27,Tucumán,0,0,0
2021,28,Tucumán,0,0,0
2021,29,Tucumán,0,0,0
2021,30,Tucumán,0,0,0
2022,1,Tucumán,0,,
2022,2,Tucumán,0,0,0
2022,3,Tucumán,0,0,0
2022,4,Tucumán,0,0,0
2022,5,Tucumán,0,0,0
2022,6,Tucumán,0,0,0
2022,7,Tucumán,0,0,0
2022,8,Tucumán,0,0,0
2022,9,Tucumán,0,0,0
2022,10,Tucumán,0,0,0
2022,11,Tucumán,0,0,0
2022,12,Tucumán,0,0,0
2022,13,Tucumán,0,0,0
2022,14,Tucumán,0,0,0
2022,15,Tucumán,0,0,0
2022,16,Tucumán,0,0,0
2022,17,Tucumán,0,0,0
2022,18,Tucumán,0,0,0
2022,19,Tucumán,0,0,0
2022,20,Tucumán,0,0,0
2022,21,Tucumán,0,0,0
2022,22,Tucumán,0,0,0
2022,23,Tucumán,0,0,0
2022,24,Tucumán,0,0,0
2022,25,Tucumán,0,0,0
2022,26,Tucumán,0,0,0
2022,27,Tucumán,0,0,0
2022,28,Tucumán,0,0,0
2022,29,Tucumán,0,0,0
2022,30,Tucumán,0,0,0
2022,31,Tucumán,0,0,0
2022,32,Tucumán,0,0,0
2022,33,Tucumán,0,0,0
2022,34,Tucumán,0,0,0
2022,35,Tucumán,0,0,0
2022,36,Tucumán,0,0,0
2022,37,Tucumán,0,0,0
2022,38,Tucumán,0,0,0
2022,39,Tucumán,0,0,0
2022,40,Tucumán,0,0,0
2022,41,Tucumán,0,0,0
2022,42,Tucumán,0,0,0
2022,43,Tucumán,0,0,0
2022,44,Tucumán,0,0,0
2022,45,Tucumán,0,0,0
2022,46,Tucumán,0,0,0
2022,47,Tucumán,0,0,0
2022,48,Tucumán,0,0,0
2022,49,Tucumán,0,0,0
2022,50,Tucumán,0,0,0
2023,1,Tucumán,0,,
2023,2,Tucumán,0,0,0
2023,3,Tucumán,0,0,0
2023,4,Tucumán,0,0,0
2023,5,Tucumán,39,0,39
2023,6,Tucumán,181,39,142
2023,7,Tucumán,197,181,16
2023,8,Tucumán,180,197,-17
2023,9,Tucumán,390,180,210
2023,10,Tucumán,1018,390,628
2023,11,Tucumán,2026,1018,1008
2023,12,Tucumán,2959,2026,933
2023,13,Tucumán,3534,2959,575
2023,14,Tucumán,2922,3534,-612
2023,15,Tucumán,3417,2922,495
2023,16,Tucumán,2376,3417,-1041
2023,17,Tucumán,1456,2376,-920
2023,18,Tucumán,881,1456,-575
2023,19,Tucumán,537,881,-344
2023,20,Tucumán,471,537,-66
2023,21,Tucumán,440,471,-31
2023,22,Tucumán,456,440,16
2023,23,Tucumán,254,456,-202
2023,24,Tucumán,101,254,-153
2023,25,Tucumán,52,101,-49
2023,26,Tucumán,36,52,-16
2023,27,Tucumán,73,36,37
2023,28,Tucumán,113,73,40
2023,29,Tucumán,51,113,-62
2023,30,Tucumán,2,51,-49
2023,31,Tucumán,1,2,-1
2023,32,Tucumán,0,1,-1
2023,33,Tucumán,1,0,1
2023,34,Tucumán,0,1,-1
2023,35,Tucumán,0,0,0
2023,36,Tucumán,0,0,0
2023,37,Tucumán,0,0,0
2023,38,Tucumán,0,0,0
2023,39,Tucumán,0,0,0
2023,40,Tucumán,0,0,0
2023,41,Tucumán,0,0,0
2023,42,Tucumán,0,0,0
2023,43,Tucumán,0,0,0
2023,44,Tucumán,0,0,0
2023,45,Tucumán,0,0,0
2023,46,Tucumán,0,0,0
2023,47,Tucumán,0,0,0
2023,48,Tucumán,0,0,0
2023,49,Tucumán,0,0,0
2023,50,Tucumán,0,0,0
2023,51,Tucumán,0,0,0
2023,52,Tucumán,8,0,8
2024,1,Tucumán,24,,
2024,2,Tucumán,37,24,13
2024,3,Tucumán,57,37,20
2024,4,Tucumán,115,57,58
2024,5,Tucumán,222,115,107
2024,6,Tucumán,426,222,204
2024,7,Tucumán,1221,426,795
2024,8,Tucumán,1573,1221,352
2024,9,Tucumán,2362,1573,789
2024,10,Tucumán,4663,2362,2301
2024,11,Tucumán,6420,4663,1757
2024,12,Tucumán,10820,6420,4400
2024,13,Tucumán,10828,10820,8
2024,14,Tucumán,10711,10828,-117
2024,15,Tucumán,9684,10711,-1027
2024,16,Tucumán,9188,9684,-496
2024,17,Tucumán,6308,9188,-2880
2024,18,Tucumán,4283,6308,-2025
2024,19,Tucumán,2294,4283,-1989
2024,20,Tucumán,1292,2294,-1002
2024,21,Tucumán,612,1292,-680
2024,22,Tucumán,125,612,-487
2024,23,Tucumán,32,125,-93
2024,24,Tucumán,25,32,-7
2024,25,Tucumán,9,25,-16
2024,26,Tucumán,43,9,34
2024,27,Tucumán,0,43,-43
2024,28,Tucumán,0,0,0
2024,29,Tucumán,0,0,0
2024,30,Tucumán,0,0,0
2024,31,Tucumán,0,0,0
2024,32,Tucumán,0,0,0
2024,33,Tucumán,0,0,0
2024,34,Tucumán,0,0,0
2024,35,Tucumán,1,0,1
2024,36,Tucumán,0,1,-1
2024,37,Tucumán,0,0,0
2024,38,Tucumán,0,0,0
2024,39,Tucumán,0,0,0
2024,40,Tucumán,0,0,0
2024,41,Tucumán,0,0,0
2024,42,Tucumán,0,0,0
2024,43,Tucumán,0,0,0
2024,44,Tucumán,0,0,0
2024,45,Tucumán,1,0,1
2024,46,Tucumán,0,1,-1
2024,47,Tucumán,0,0,0
2024,48,Tucumán,0,0,0
2024,49,Tucumán,0,0,0
2024,50,Tucumán,1,0,1
2024,51,Tucumán,0,1,-1
2024,52,Tucumán,0,0,0
2025,1,Tucumán,2,,
2025,2,Tucumán,1,2,-1
2025,3,Tucumán,6,1,5
2025,4,Tucumán,9,6,3
2025,5,Tucumán,8,9,-1
2025,6,Tucumán,27,8,19
2025,7,Tucumán,32,27,5
2025,8,Tucumán,76,32,44
2025,9,Tucumán,70,76,-6
2025,10,Tucumán,139,70,69
2025,11,Tucumán,242,139,103
2025,12,Tucumán,125,242,-117
2025,13,Tucumán,160,125,35
2025,14,Tucumán,165,160,5
2025,15,Tucumán,67,165,-98
2025,16,Tucumán,81,67,14
2025,17,Tucumán,92,81,11
2025,18,Tucumán,60,92,-32
2025,19,Tucumán,64,60,4
2025,20,Tucumán,70,64,6
2025,21,Tucumán,82,70,12
2025,22,Tucumán,42,82,-40
2025,23,Tucumán,10,42,-32
2025,24,Tucumán,5,10,-5
2025,25,Tucumán,4,5,-1
2025,26,Tucumán,0,4,-4
2025,27,Tucumán,0,0,0
2025,28,Tucumán,0,0,0
2025,29,Tucumán,0,0,0
2025,30,Tucumán,0,0,0
2025,31,Tucumán,0,0,0
2025,32,Tucumán,0,0,0
2025,33,Tucumán,0,0,0
2025,34,Tucumán,0,0,0
2025,35,Tucumán,0,0,0
2025,36,Tucumán,0,0,0
2025,37,Tucumán,0,0,0
2025,38,Tucumán,0,0,0
2025,39,Tucumán,0,0,0
2025,40,Tucumán,0,0,0
2025,41,Tucumán,0,0,0
2025,42,Tucumán,0,0,0
