provincia,año,SE,temp_media_prom,precip_media_prom,hum_rel_prom,casos_acumulados
Buenos Aires,2018,1,23.6377,15.0318,48.2078,0
Buenos Aires,2018,2,25.5565,32.9545,59.8831,0
Buenos Aires,2018,3,24.3753,4.6545,61.8896,0
Buenos Aires,2018,4,22.8721,10.7636,61.6558,0
Buenos Aires,2018,5,25.1156,5.5591,59.0195,0
Buenos Aires,2018,6,24.7039,14.6591,56.961,2
Buenos Aires,2018,7,23.9701,21.1409,55.3247,2
Buenos Aires,2018,8,21.3,1.8136,65.961,4
Buenos Aires,2018,9,24.1227,7.2455,65.6948,11
Buenos Aires,2018,10,21.026,7.6864,56.9416,15
Buenos Aires,2018,11,19.1338,38.9864,58.8766,20
Buenos Aires,2018,12,16.5792,10.9864,65.0909,19
Buenos Aires,2018,13,19.4552,10.6864,69.987,20
Buenos Aires,2018,14,18.1487,30.4455,77.1948,33
Buenos Aires,2018,15,18.461,20.6545,70.0325,29
Buenos Aires,2018,16,20.8506,33.4909,81.8766,30
Buenos Aires,2018,17,18.387,55.7091,84.8571,23
Buenos Aires,2018,18,15.2701,18.5409,85.539,33
Buenos Aires,2018,19,16.5318,50.9773,86.8961,12
Buenos Aires,2018,20,11.474,7.1727,79.8117,3
Buenos Aires,2018,21,11.2636,0.8727,75.1558,6
Buenos Aires,2018,22,11.1695,42.4364,81.2857,0
Buenos Aires,2018,23,8.8565,1.9818,78.1364,0
Buenos Aires,2018,24,6.9156,11.6273,82.0455,1
Buenos Aires,2018,25,8.4831,0.5409,66.5649,0
Buenos Aires,2018,26,10.1156,4.75,75.0195,0
Buenos Aires,2018,27,7.2318,15.4182,82.3636,0
Buenos Aires,2019,1,22.9973,43.9455,66.5782,0
Buenos Aires,2019,2,21.5946,37.8909,69.0272,0
Buenos Aires,2019,3,21.3321,10.3773,68.8063,1
Buenos Aires,2019,4,24.5136,30.9227,73.2727,0
Buenos Aires,2019,5,24.2747,21.0136,67.3377,0
Buenos Aires,2019,6,23.9182,14.2273,66.7403,1
Buenos Aires,2019,7,20.8247,2.7864,64.961,5
Buenos Aires,2019,8,24.3694,38.2,68.9026,1
Buenos Aires,2019,9,18.3708,34.3727,61.961,8
Buenos Aires,2019,10,19.974,14.7864,71.4221,0
Buenos Aires,2019,11,19.8897,34.6455,80.8885,4
Buenos Aires,2019,12,16.3448,7.2955,70.8636,7
Buenos Aires,2019,13,18.2149,1.8091,74.487,10
Buenos Aires,2019,14,18.4091,14.4045,72.1364,8
Buenos Aires,2019,15,17.4552,11.1409,71.3701,9
Buenos Aires,2019,16,16.5019,0.5909,72.0584,9
Buenos Aires,2019,17,15.1753,16.6864,80.2792,6
Buenos Aires,2019,18,15.1143,8.35,71.7403,4
Buenos Aires,2019,19,13.6864,26.3227,80.0455,4
Buenos Aires,2019,20,13.6117,12.4364,78.2662,0
Buenos Aires,2019,21,10.9136,7.5682,76.8442,2
Buenos Aires,2019,22,10.1487,1.5455,82.526,0
Buenos Aires,2019,23,12.2682,1.2455,72.5649,1
Buenos Aires,2019,24,12.4532,57.65,88.3506,0
Buenos Aires,2019,25,11.6305,44.3636,84.6558,0
Buenos Aires,2019,26,8.7461,8.2636,76.974,1
Buenos Aires,2019,27,5.3604,1.8455,70.1623,0
Buenos Aires,2019,28,8.8792,15.2773,80.0519,0
Buenos Aires,2019,29,10.9396,8.0318,75.2338,0
Buenos Aires,2019,30,7.9617,7.0773,74.5,0
Buenos Aires,2019,31,10.1328,0.1227,66.7652,0
Buenos Aires,2019,32,9.5481,3.7273,64.1623,0
Buenos Aires,2019,33,7.6331,7.6909,71.0974,0
Buenos Aires,2019,34,9.137,0.5136,71.3247,0
Buenos Aires,2019,35,13.5974,4.1,67.8312,0
Buenos Aires,2019,36,8.5948,1.1,69.7403,0
Buenos Aires,2019,37,11.8513,11.4182,76.961,0
Buenos Aires,2019,38,12.7026,0.0,47.4026,0
Buenos Aires,2019,39,17.6571,3.3227,56.6753,0
Buenos Aires,2019,40,13.2364,17.3364,64.4221,0
Buenos Aires,2019,41,17.6123,50.4955,60.4156,0
Buenos Aires,2019,42,13.8494,28.6091,73.3701,0
Buenos Aires,2019,43,17.4117,20.85,64.2792,0
Buenos Aires,2019,44,17.5448,9.0136,69.1623,0
Buenos Aires,2019,45,19.0604,12.5273,60.6883,0
Buenos Aires,2019,46,22.3838,11.0682,64.6039,0
Buenos Aires,2019,47,21.511,24.6591,59.7468,0
Buenos Aires,2019,48,19.9617,8.2455,53.4351,0
Buenos Aires,2019,49,20.2656,5.3091,52.2532,1
Buenos Aires,2019,50,23.1825,7.7955,49.2143,0
Buenos Aires,2019,51,21.6303,13.2045,56.3935,1
Buenos Aires,2019,52,23.6877,35.9182,65.4794,0
Buenos Aires,2020,1,22.7455,52.6545,73.9221,1
Buenos Aires,2020,2,22.9292,6.1591,54.1623,2
Buenos Aires,2020,3,22.4844,29.7318,60.3571,8
Buenos Aires,2020,4,25.6799,10.2909,65.5974,16
Buenos Aires,2020,5,22.3006,7.2955,57.0,34
Buenos Aires,2020,6,24.0578,37.0227,71.8896,54
Buenos Aires,2020,7,22.8435,17.6409,66.1364,147
Buenos Aires,2020,8,19.189,23.0636,64.9416,314
Buenos Aires,2020,9,22.6734,0.4818,60.0455,505
Buenos Aires,2020,10,25.211,1.2182,62.2403,999
Buenos Aires,2020,11,20.9045,73.1909,74.2468,1811
Buenos Aires,2020,12,19.8344,23.4818,74.1688,1235
Buenos Aires,2020,13,22.4045,23.8409,76.4026,1095
Buenos Aires,2020,14,17.9604,42.0,78.8506,1760
Buenos Aires,2020,15,14.3955,10.8227,72.2727,1480
Buenos Aires,2020,16,15.6195,7.3136,72.1494,1109
Buenos Aires,2020,17,16.8565,25.0318,78.5455,811
Buenos Aires,2020,18,14.7948,60.0455,82.3636,741
Buenos Aires,2020,19,13.0403,6.1318,74.6623,429
Buenos Aires,2020,20,13.0117,0.5,67.026,273
Buenos Aires,2020,21,12.9461,7.4409,76.2273,138
Buenos Aires,2020,22,11.3662,1.2091,79.9286,75
Buenos Aires,2020,23,10.2318,1.6864,84.7468,17
Buenos Aires,2020,24,9.8058,0.6455,73.1364,18
Buenos Aires,2020,25,12.3766,30.4227,77.8312,1
Buenos Aires,2020,26,7.789,6.2455,79.6688,1
Buenos Aires,2020,27,8.0117,25.6455,83.3766,1
Buenos Aires,2020,28,6.5617,1.7955,73.6688,0
Buenos Aires,2020,29,8.6143,0.5045,73.2727,3
Buenos Aires,2020,30,9.6396,21.0818,82.9481,1
Buenos Aires,2020,31,8.3799,0.1636,69.2857,0
Buenos Aires,2020,32,13.1734,4.1227,79.0195,1
Buenos Aires,2020,33,8.9597,0.0045,52.3052,0
Buenos Aires,2020,34,9.1532,0.3,53.1818,0
Buenos Aires,2020,35,12.3656,16.4591,74.5195,0
Buenos Aires,2020,36,8.9961,20.5227,74.7338,1
Buenos Aires,2020,37,12.4844,5.1091,67.9935,0
Buenos Aires,2020,38,12.3,0.0136,52.8052,1
Buenos Aires,2020,39,14.0091,44.6727,71.3571,2
Buenos Aires,2020,40,12.6552,4.1864,62.9545,1
Buenos Aires,2020,41,14.1753,5.8636,63.4091,0
Buenos Aires,2020,42,18.8766,22.7364,67.7338,1
Buenos Aires,2020,43,16.0208,65.45,79.6558,0
Buenos Aires,2020,44,15.5045,2.1545,62.4416,1
Buenos Aires,2020,45,19.6331,1.0273,63.7597,1
Buenos Aires,2020,46,20.1357,14.0773,69.3571,0
Buenos Aires,2020,47,20.5065,5.8182,59.3247,2
Buenos Aires,2020,48,21.7961,35.75,61.7792,5
Buenos Aires,2020,49,19.0773,6.8818,54.2792,0
Buenos Aires,2020,50,22.9539,14.0136,51.3701,0
Buenos Aires,2020,51,21.3188,15.2955,52.513,1
Buenos Aires,2020,52,25.387,0.7864,53.5714,1
Buenos Aires,2020,53,24.4961,15.9,55.1883,1
Buenos Aires,2021,1,22.3578,81.7045,69.7403,0
Buenos Aires,2021,2,21.0123,16.9909,62.2078,0
Buenos Aires,2021,3,26.4948,0.0,56.2987,0
Buenos Aires,2021,4,23.0071,34.5409,62.6948,0
Buenos Aires,2021,5,21.5883,14.4409,68.4481,0
Buenos Aires,2021,6,21.2429,28.6091,76.5779,0
Buenos Aires,2021,7,21.4312,21.6318,59.5649,0
Buenos Aires,2021,8,23.7896,6.0773,62.4481,0
Buenos Aires,2021,9,22.987,6.6182,71.0584,0
Buenos Aires,2021,10,21.4922,5.2455,64.3636,3
Buenos Aires,2021,11,17.6052,34.3864,75.0779,1
Buenos Aires,2021,12,18.8019,55.2045,81.6688,2
Buenos Aires,2021,13,18.5266,0.1364,74.1558,2
Buenos Aires,2021,14,20.2123,64.0818,82.2078,2
Buenos Aires,2021,15,18.4065,1.9318,77.1299,3
Buenos Aires,2021,16,18.3045,24.8409,79.0909,0
Buenos Aires,2021,17,16.1604,4.2273,75.6948,1
Buenos Aires,2021,18,11.2097,9.9318,75.1623,0
Buenos Aires,2021,19,10.9305,0.0909,70.8766,0
Buenos Aires,2021,20,11.3818,60.2773,84.7662,0
Buenos Aires,2021,21,11.0721,0.2864,67.1039,0
Buenos Aires,2021,22,11.5162,1.9636,72.7597,0
Buenos Aires,2021,23,12.2688,0.5,78.3182,0
Buenos Aires,2021,24,5.8799,0.7136,77.6104,0
Buenos Aires,2021,25,9.1857,9.3773,83.0519,0
Buenos Aires,2021,26,7.3987,0.7364,73.3766,0
Buenos Aires,2021,27,11.0935,11.2636,78.2078,0
Buenos Aires,2021,28,8.2026,2.7864,73.9935,0
Buenos Aires,2021,29,10.1688,8.6409,71.487,0
Buenos Aires,2021,30,6.9883,1.25,66.1883,0
Buenos Aires,2022,1,24.7318,0.4136,51.7987,0
Buenos Aires,2022,2,28.9805,21.8364,50.0065,0
Buenos Aires,2022,3,21.7844,92.6818,82.2208,0
Buenos Aires,2022,4,23.189,10.7455,64.8831,2
Buenos Aires,2022,5,21.2136,27.3909,68.0714,0
Buenos Aires,2022,6,19.9857,8.4273,65.2792,0
Buenos Aires,2022,7,22.376,12.8864,64.7727,5
Buenos Aires,2022,8,21.2682,46.6318,76.0649,7
Buenos Aires,2022,9,21.2461,36.15,67.8117,9
Buenos Aires,2022,10,18.8435,5.8364,68.1364,11
Buenos Aires,2022,11,18.9513,7.1182,67.6429,8
Buenos Aires,2022,12,17.5448,60.1227,80.3896,10
Buenos Aires,2022,13,15.2039,4.45,65.7338,14
Buenos Aires,2022,14,17.9455,33.7091,73.4675,23
Buenos Aires,2022,15,14.4662,1.2636,73.8182,18
Buenos Aires,2022,16,15.9812,22.9818,73.2857,15
Buenos Aires,2022,17,12.3916,21.2955,67.1234,16
Buenos Aires,2022,18,13.5468,0.0,74.9416,7
Buenos Aires,2022,19,12.0851,3.5682,75.4156,4
Buenos Aires,2022,20,10.2662,0.7818,75.1688,4
Buenos Aires,2022,21,8.8286,16.0545,77.9675,0
Buenos Aires,2022,22,5.7448,0.1455,75.513,0
Buenos Aires,2022,23,8.0838,0.3045,73.6299,0
Buenos Aires,2022,24,8.2084,0.2727,71.8182,0
Buenos Aires,2022,25,5.5669,0.1182,76.6364,0
Buenos Aires,2022,26,8.3273,1.6591,71.2338,0
Buenos Aires,2022,27,9.3175,1.4773,73.0909,0
Buenos Aires,2022,28,8.1071,0.7409,75.3182,0
Buenos Aires,2022,29,9.9766,4.1364,75.5325,0
Buenos Aires,2022,30,11.8468,39.9636,81.6883,0
Buenos Aires,2022,31,9.2026,1.0091,80.1948,0
Buenos Aires,2022,32,11.0591,9.2045,76.0844,1
Buenos Aires,2022,33,9.5747,2.6045,60.2597,0
Buenos Aires,2022,34,12.2,8.5409,68.1753,0
Buenos Aires,2022,35,12.0552,1.3409,62.0325,0
Buenos Aires,2022,36,12.6565,3.9045,61.4416,0
Buenos Aires,2022,37,15.1247,8.1591,67.0649,0
Buenos Aires,2022,38,12.9714,2.05,67.6494,0
Buenos Aires,2022,39,14.9604,0.8364,60.3506,0
Buenos Aires,2022,40,14.4545,6.1955,62.6558,1
Buenos Aires,2022,41,14.3266,1.7818,55.3052,0
Buenos Aires,2022,42,15.8526,7.6864,70.9545,0
Buenos Aires,2022,43,18.2883,35.6091,65.961,0
Buenos Aires,2022,44,17.6026,0.05,55.3571,0
Buenos Aires,2022,45,20.4208,30.8364,67.3182,0
Buenos Aires,2022,46,22.1461,19.65,64.6115,0
Buenos Aires,2022,47,21.6286,2.85,59.7532,0
Buenos Aires,2022,48,23.2357,25.4227,62.3312,3
Buenos Aires,2022,49,26.7864,20.4864,52.8961,1
Buenos Aires,2022,50,22.1422,4.1909,50.3506,0
Buenos Aires,2023,1,25.5325,0.0,50.2468,7
Buenos Aires,2023,2,24.5455,9.3409,55.1753,7
Buenos Aires,2023,3,25.5961,29.8045,64.987,6
Buenos Aires,2023,4,25.0422,16.1864,63.4221,8
Buenos Aires,2023,5,23.4656,13.85,68.7338,22
Buenos Aires,2023,6,27.8279,21.5,57.5844,25
Buenos Aires,2023,7,18.7429,8.0,57.9221,44
Buenos Aires,2023,8,23.4383,4.1864,59.461,94
Buenos Aires,2023,9,26.3604,2.4,57.0909,265
Buenos Aires,2023,10,26.4494,20.6045,66.2857,620
Buenos Aires,2023,11,24.7526,49.8409,76.3766,1477
Buenos Aires,2023,12,20.2396,8.3773,71.5649,3331
Buenos Aires,2023,13,17.8013,19.7545,65.2078,4504
Buenos Aires,2023,14,19.2422,1.7545,74.1039,3539
Buenos Aires,2023,15,14.9312,7.0045,72.6818,3728
Buenos Aires,2023,16,14.1636,8.3091,73.8442,2430
Buenos Aires,2023,17,18.0734,6.55,76.4481,1120
Buenos Aires,2023,18,12.9214,19.5318,71.7143,958
Buenos Aires,2023,19,13.4857,0.0,75.2792,566
Buenos Aires,2023,20,14.3994,27.45,79.3571,318
Buenos Aires,2023,21,13.9461,54.95,82.8442,157
Buenos Aires,2023,22,13.1095,7.581,77.9524,135
Buenos Aires,2023,23,11.4653,0.2619,71.4218,64
Buenos Aires,2023,24,6.2224,0.4048,72.2109,27
Buenos Aires,2023,25,10.1483,5.1524,87.9524,9
Buenos Aires,2023,26,9.9381,8.9143,77.3741,4
Buenos Aires,2023,27,12.0095,22.0,81.0068,8
Buenos Aires,2023,28,6.8585,12.8,79.0884,9
Buenos Aires,2023,29,9.2918,4.119,74.1293,1
Buenos Aires,2023,30,9.5558,4.2476,78.8844,8
Buenos Aires,2023,31,12.283,0.0,67.517,7
Buenos Aires,2023,32,9.1728,2.9619,66.8231,3
Buenos Aires,2023,33,11.9857,43.3333,69.5986,0
Buenos Aires,2023,34,9.3728,8.0429,64.7075,2
Buenos Aires,2023,35,11.6184,18.6048,63.6054,1
Buenos Aires,2023,36,11.0367,11.319,71.6735,0
Buenos Aires,2023,37,13.866,9.419,60.2517,0
Buenos Aires,2023,38,12.649,1.4952,76.3469,3
Buenos Aires,2023,39,12.5912,2.5762,65.9932,4
Buenos Aires,2023,40,15.3068,5.0952,58.1497,4
Buenos Aires,2023,41,15.6401,7.2762,55.0884,3
Buenos Aires,2023,42,16.6503,14.1857,69.9388,7
Buenos Aires,2023,43,17.7782,22.4048,67.8776,0
Buenos Aires,2023,44,13.9327,30.4905,66.7755,13
Buenos Aires,2023,45,18.998,39.419,60.9456,4
Buenos Aires,2023,46,18.3129,8.1,53.1837,9
Buenos Aires,2023,47,21.5333,1.9524,50.0476,9
Buenos Aires,2023,48,22.1497,63.4286,66.898,15
Buenos Aires,2023,49,19.4102,20.5286,70.4694,13
Buenos Aires,2023,50,24.3286,78.0857,71.4966,33
Buenos Aires,2023,51,20.2952,36.2857,72.034,42
Buenos Aires,2023,52,21.6463,14.8857,59.0136,72
Buenos Aires,2024,1,23.6993,24.2381,70.5306,211
Buenos Aires,2024,2,22.9673,10.9524,63.7143,411
Buenos Aires,2024,3,23.534,6.5905,61.6939,412
Buenos Aires,2024,4,25.166,0.0,57.0408,550
Buenos Aires,2024,5,27.3429,8.3524,56.5578,930
Buenos Aires,2024,6,25.0252,99.6286,80.034,2163
Buenos Aires,2024,7,21.6857,6.881,70.0544,4954
Buenos Aires,2024,8,23.034,11.7,71.9524,8834
Buenos Aires,2024,9,22.6551,14.4905,70.9116,11820
Buenos Aires,2024,10,20.602,31.7238,66.9048,15179
Buenos Aires,2024,11,21.4007,102.8238,81.3741,17680
Buenos Aires,2024,12,19.4736,60.1619,75.1043,19195
Buenos Aires,2024,13,20.4537,5.8476,74.7483,15647
Buenos Aires,2024,14,17.8673,13.3048,70.5714,13768
Buenos Aires,2024,15,16.0,61.5143,79.8776,8170
Buenos Aires,2024,16,17.5626,52.5,76.7347,5674
Buenos Aires,2024,17,13.7408,23.8619,74.4762,4022
Buenos Aires,2024,18,13.1102,5.5571,73.4286,2271
Buenos Aires,2024,19,11.6721,3.1619,78.2789,1078
Buenos Aires,2024,20,8.0272,0.981,77.0884,576
Buenos Aires,2024,21,8.3918,0.5048,77.0204,219
Buenos Aires,2024,22,10.2088,1.2476,80.7483,75
Buenos Aires,2024,23,12.7306,5.6524,81.8231,29
Buenos Aires,2024,24,14.1109,0.1619,77.8707,23
Buenos Aires,2024,25,11.3966,20.7286,82.2857,11
Buenos Aires,2024,26,6.9109,2.2619,73.2585,7
Buenos Aires,2024,27,5.6959,0.1333,66.966,0
Buenos Aires,2024,28,3.1442,0.0,72.1293,1
Buenos Aires,2024,29,9.1082,1.8381,79.4558,0
Buenos Aires,2024,30,10.5401,1.7048,70.034,0
Buenos Aires,2024,31,12.7027,14.7952,67.0612,0
Buenos Aires,2024,32,9.4218,18.1905,76.3129,0
Buenos Aires,2024,33,10.1741,0.1333,73.9184,0
Buenos Aires,2024,34,7.5422,15.0619,80.6735,1
Buenos Aires,2024,35,10.215,41.1,76.8435,0
Buenos Aires,2024,36,12.9769,0.0952,61.9932,1
Buenos Aires,2024,37,12.8401,2.5238,70.0272,0
Buenos Aires,2024,38,17.1109,16.4286,65.4694,0
Buenos Aires,2024,39,15.6952,2.0714,63.2177,0
Buenos Aires,2024,40,15.4918,1.5762,64.0408,0
Buenos Aires,2024,41,16.4558,2.8286,71.8299,1
Buenos Aires,2024,42,19.8633,10.4857,70.619,3
Buenos Aires,2024,43,18.5973,33.8095,69.3061,2
Buenos Aires,2024,44,22.602,46.6286,63.9728,1
Buenos Aires,2024,45,19.0129,29.7714,66.7619,2
Buenos Aires,2024,46,19.7986,31.3238,61.0272,0
Buenos Aires,2024,47,20.7374,16.5381,67.9048,1
Buenos Aires,2024,48,20.6415,63.3667,72.7551,1
Buenos Aires,2024,49,18.0245,7.8048,58.2245,4
Buenos Aires,2024,50,22.3456,10.2476,61.9116,2
Buenos Aires,2024,51,21.7626,2.7619,58.6122,1
Buenos Aires,2024,52,21.017,10.4286,64.3605,0
Buenos Aires,2025,1,22.6544,10.2,61.4422,0
Buenos Aires,2025,2,24.7088,2.5667,60.2381,4
Buenos Aires,2025,3,25.5905,12.2571,58.8299,2
Buenos Aires,2025,4,25.6578,11.0286,55.4354,2
Buenos Aires,2025,5,25.6578,7.481,60.7211,4
Buenos Aires,2025,6,24.7755,46.2905,66.9705,10
Buenos Aires,2025,7,23.2347,22.9,65.9184,16
Buenos Aires,2025,8,24.1,43.7238,65.0884,20
Buenos Aires,2025,9,23.2469,80.7524,81.3878,18
Buenos Aires,2025,10,22.4306,110.319,81.0261,34
Buenos Aires,2025,11,17.3313,2.2619,72.0272,78
Buenos Aires,2025,12,22.2429,23.8095,76.5442,62
Buenos Aires,2025,13,19.5898,36.2524,79.5986,77
Buenos Aires,2025,14,14.0544,0.7143,71.966,90
Buenos Aires,2025,15,17.9218,22.5619,81.0476,61
Buenos Aires,2025,16,13.5497,29.081,81.483,60
Buenos Aires,2025,17,16.1639,17.0524,73.8912,43
Buenos Aires,2025,18,15.9435,20.1,74.3673,42
Buenos Aires,2025,19,15.2558,15.7952,79.9456,25
Buenos Aires,2025,20,16.4476,85.0714,81.2313,14
Buenos Aires,2025,21,10.9551,3.3286,79.8639,12
Buenos Aires,2025,22,9.6061,31.4524,77.5238,1
Buenos Aires,2025,23,9.9837,0.0,79.1973,2
Buenos Aires,2025,24,8.9932,11.3429,81.7891,2
Buenos Aires,2025,25,8.8435,4.1571,79.8707,0
Buenos Aires,2025,26,5.7714,2.6,67.6054,1
Buenos Aires,2025,27,5.3901,5.8571,77.119,1
Buenos Aires,2025,28,10.6619,14.8571,89.9116,1
Buenos Aires,2025,29,10.7748,28.5286,80.7823,0
Buenos Aires,2025,30,8.549,4.1333,81.1565,0
Buenos Aires,2025,31,11.732,18.3952,75.6803,1
Buenos Aires,2025,32,8.2231,0.581,75.5986,1
Buenos Aires,2025,33,9.7054,0.1667,75.3946,0
Buenos Aires,2025,34,12.1429,58.219,74.0068,0
Buenos Aires,2025,35,14.4571,39.5286,78.3605,1
Buenos Aires,2025,36,9.5599,4.6095,72.4218,0
Buenos Aires,2025,37,14.515,2.4095,68.0816,0
Buenos Aires,2025,38,15.8088,54.0143,84.2789,0
Buenos Aires,2025,39,13.2605,26.5857,73.4694,0
Buenos Aires,2025,40,17.9374,26.3476,72.7347,0
Buenos Aires,2025,41,16.8619,22.6143,67.3265,0
Buenos Aires,2025,42,17.5524,2.8905,65.8707,0
Catamarca,2018,1,27.4714,12.5,50.9286,0
Catamarca,2018,2,26.4357,25.0,56.4286,0
Catamarca,2018,3,26.8929,1.5,49.1429,0
Catamarca,2018,4,26.5071,54.5,61.5714,0
Catamarca,2018,5,27.1714,10.5,60.3571,0
Catamarca,2018,6,28.5286,0.45,49.5,0
Catamarca,2018,7,25.1929,33.0,57.9286,0
Catamarca,2018,8,25.3429,1.0,59.2143,0
Catamarca,2018,9,25.2286,16.15,55.2143,0
Catamarca,2018,10,25.2857,2.75,50.3929,0
Catamarca,2018,11,25.3571,0.0,38.5714,0
Catamarca,2018,12,23.3286,0.25,34.8571,0
Catamarca,2018,13,23.4071,0.8,48.3571,0
Catamarca,2018,14,22.8429,0.5,53.2143,0
Catamarca,2018,15,20.9929,0.5,61.4286,0
Catamarca,2018,16,24.6714,0.0,55.8571,0
Catamarca,2018,17,23.8429,0.0,60.5714,0
Catamarca,2018,18,20.4286,5.2,72.3571,0
Catamarca,2018,19,18.6643,6.0,67.5714,0
Catamarca,2018,20,14.8929,1.05,68.8571,0
Catamarca,2018,21,14.2,0.0,59.0,0
Catamarca,2018,22,11.0,4.25,72.0,0
Catamarca,2018,23,10.7929,0.0,57.6429,0
Catamarca,2018,24,8.4071,0.0,52.5,0
Catamarca,2018,25,11.6,0.0,49.8571,0
Catamarca,2018,26,11.7643,0.0,53.5,0
Catamarca,2018,27,8.0429,2.9,77.5,0
Catamarca,2019,1,27.7571,25.5,55.6429,0
Catamarca,2019,2,25.45,7.25,55.0714,0
Catamarca,2019,3,23.3857,13.0,66.1429,0
Catamarca,2019,4,30.7214,26.85,51.5714,0
Catamarca,2019,5,26.2929,80.2,68.2857,0
Catamarca,2019,6,27.6857,7.8,53.2857,0
Catamarca,2019,7,23.6143,12.5,57.5714,0
Catamarca,2019,8,30.85,1.25,47.7857,0
Catamarca,2019,9,25.3714,7.0,55.0714,0
Catamarca,2019,10,22.7643,40.4,67.0714,0
Catamarca,2019,11,21.8571,11.5,64.7143,0
Catamarca,2019,12,20.8,8.5,61.1429,0
Catamarca,2019,13,20.9286,2.0,66.9286,0
Catamarca,2019,14,22.0143,46.5,65.7143,0
Catamarca,2019,15,22.0286,0.0,57.6429,0
Catamarca,2019,16,21.9357,6.5,66.3571,0
Catamarca,2019,17,16.75,2.0,75.6429,0
Catamarca,2019,18,18.5714,0.0,71.1429,0
Catamarca,2019,19,18.05,0.55,69.7857,0
Catamarca,2019,20,16.8357,0.0,59.8571,0
Catamarca,2019,21,10.4071,3.4,66.2857,0
Catamarca,2019,22,12.2714,0.1,68.3571,0
Catamarca,2019,23,13.55,0.25,63.3571,0
Catamarca,2019,24,12.3214,0.3,67.5,0
Catamarca,2019,25,10.0429,0.0,58.6429,0
Catamarca,2019,26,11.4929,0.0,52.3571,0
Catamarca,2019,27,10.8357,0.0,57.5,0
Catamarca,2019,28,12.0857,0.0,63.7143,0
Catamarca,2019,29,14.6357,0.0,55.2143,0
Catamarca,2019,30,10.9357,1.15,50.1429,0
Catamarca,2019,31,12.7929,0.0,45.5,0
Catamarca,2019,32,12.4357,0.0,34.1429,0
Catamarca,2019,33,13.9,0.0,42.5,0
Catamarca,2019,34,15.8071,0.0,46.3571,0
Catamarca,2019,35,20.7714,0.0,38.9286,0
Catamarca,2019,36,14.2857,0.0,44.6429,0
Catamarca,2019,37,17.0381,6.5,49.5714,0
Catamarca,2019,38,17.7286,0.0,35.1429,0
Catamarca,2019,39,25.1143,0.0,28.7857,0
Catamarca,2019,40,20.1357,0.0,39.2857,0
Catamarca,2019,41,27.1786,6.5,35.1429,0
Catamarca,2019,42,16.3286,5.25,66.1429,0
Catamarca,2019,43,26.4643,0.0,35.2143,0
Catamarca,2019,44,26.5571,9.0,48.8571,0
Catamarca,2019,45,26.9,0.0,46.5,0
Catamarca,2019,46,29.2571,2.55,44.5714,0
Catamarca,2019,47,29.4429,0.5,46.5,0
Catamarca,2019,48,26.7929,2.75,46.7857,0
Catamarca,2019,49,25.1143,12.6,48.5,0
Catamarca,2019,50,28.9929,0.0,38.1429,0
Catamarca,2019,51,28.2,0.0,39.3571,0
Catamarca,2019,52,30.15,25.5,41.7143,0
Catamarca,2020,1,29.6,8.25,49.4286,0
Catamarca,2020,2,29.4071,9.5,48.8571,0
Catamarca,2020,3,28.3857,53.0,56.9286,0
Catamarca,2020,4,29.5714,15.5,52.2857,0
Catamarca,2020,5,27.4429,5.05,48.2857,0
Catamarca,2020,6,27.4786,21.5,61.2857,0
Catamarca,2020,7,26.3643,0.5,60.7143,1
Catamarca,2020,8,23.3,10.0,65.2143,5
Catamarca,2020,9,27.1429,0.0,51.9286,11
Catamarca,2020,10,29.9786,0.0,41.7143,11
Catamarca,2020,11,28.9786,18.0,54.9286,43
Catamarca,2020,12,25.8857,2.5,58.3571,70
Catamarca,2020,13,24.5786,22.5,57.0,50
Catamarca,2020,14,22.3143,14.1,69.1429,30
Catamarca,2020,15,20.3929,0.5,57.5,12
Catamarca,2020,16,21.1571,0.0,48.9286,15
Catamarca,2020,17,23.6571,0.0,55.4286,30
Catamarca,2020,18,19.8786,0.45,64.1429,25
Catamarca,2020,19,16.75,0.0,57.0714,7
Catamarca,2020,20,16.6071,0.0,48.6429,9
Catamarca,2020,21,14.1429,0.5,56.3571,5
Catamarca,2020,22,13.8786,0.0,50.7143,2
Catamarca,2020,23,10.8429,0.4,56.2143,0
Catamarca,2020,24,14.3214,0.0,53.5714,0
Catamarca,2020,25,13.6857,0.0,46.2024,0
Catamarca,2020,26,11.4143,0.8,58.2857,0
Catamarca,2020,27,11.0786,0.0,48.7143,0
Catamarca,2020,28,9.9286,0.0,51.2857,0
Catamarca,2020,29,11.6357,0.0,52.5714,0
Catamarca,2020,30,10.0071,2.75,57.4286,0
Catamarca,2020,31,11.9512,0.0,38.3095,0
Catamarca,2020,32,16.8071,0.0,45.3571,0
Catamarca,2020,33,13.85,0.0,32.9286,0
Catamarca,2020,34,12.8357,0.0,33.2857,0
Catamarca,2020,35,17.7,0.0,38.0,0
Catamarca,2020,36,14.3786,0.0,44.6429,0
Catamarca,2020,37,20.3929,0.0,42.1429,0
Catamarca,2020,38,20.6143,0.0,25.7143,0
Catamarca,2020,39,22.8714,0.0,31.0714,0
Catamarca,2020,40,22.6214,0.0,29.0,0
Catamarca,2020,41,23.6214,0.0,33.5714,0
Catamarca,2020,42,25.7571,1.65,35.5,0
Catamarca,2020,43,25.8143,24.0,52.2857,0
Catamarca,2020,44,23.7143,0.0,32.4286,0
Catamarca,2020,45,27.5643,0.0,30.3571,0
Catamarca,2020,46,25.6929,5.5,50.5,0
Catamarca,2020,47,24.7786,17.0,48.8571,0
Catamarca,2020,48,29.9571,21.9,43.9286,0
Catamarca,2020,49,24.4214,14.0,51.5,0
Catamarca,2020,50,30.5286,0.0,38.7143,0
Catamarca,2020,51,29.3,0.0,39.4286,0
Catamarca,2020,52,30.0869,3.5,43.0,0
Catamarca,2020,53,29.35,1.7,49.7143,0
Catamarca,2021,1,26.6643,14.35,55.8571,0
Catamarca,2021,2,27.0857,28.05,58.3571,0
Catamarca,2021,3,29.1929,5.0,42.0,0
Catamarca,2021,4,28.2286,0.2,52.7857,0
Catamarca,2021,5,24.7357,8.25,60.5714,0
Catamarca,2021,6,23.4643,43.75,64.5,0
Catamarca,2021,7,26.4071,0.5,57.0714,0
Catamarca,2021,8,28.2929,4.6,59.0,0
Catamarca,2021,9,25.8071,39.0,63.7143,0
Catamarca,2021,10,25.8357,19.5,64.8571,0
Catamarca,2021,11,20.4857,3.75,76.0,0
Catamarca,2021,12,20.9071,2.85,67.8571,0
Catamarca,2021,13,22.9786,0.0,56.0,0
Catamarca,2021,14,22.6929,9.9,67.8571,0
Catamarca,2021,15,22.8286,0.0,58.8571,0
Catamarca,2021,16,22.7286,11.0,58.7143,0
Catamarca,2021,17,20.3357,0.0,57.0,1
Catamarca,2021,18,14.5143,7.0,74.1429,1
Catamarca,2021,19,15.7929,0.15,67.8571,1
Catamarca,2021,20,15.6,0.0,63.0714,0
Catamarca,2021,21,15.4214,0.0,51.0714,0
Catamarca,2021,22,16.1929,0.0,58.1429,0
Catamarca,2021,23,14.2643,0.0,60.1429,0
Catamarca,2021,24,7.8357,3.0,70.4286,0
Catamarca,2021,25,9.6429,2.5,63.2143,0
Catamarca,2021,26,8.6714,0.0,48.7143,0
Catamarca,2021,27,14.7357,0.0,48.6429,0
Catamarca,2021,28,12.2571,0.0,54.1429,0
Catamarca,2021,29,13.1857,0.0,43.0714,0
Catamarca,2021,30,10.1929,0.0,44.9286,0
Catamarca,2022,1,30.0071,8.65,44.7857,0
Catamarca,2022,2,33.9429,0.0,32.6429,0
Catamarca,2022,3,27.0643,57.25,63.1429,0
Catamarca,2022,4,25.7143,38.25,63.7857,1
Catamarca,2022,5,25.6286,1.0,55.5714,0
Catamarca,2022,6,24.4714,28.75,57.6429,0
Catamarca,2022,7,27.4,5.5,54.3571,0
Catamarca,2022,8,26.5714,3.0,60.7857,0
Catamarca,2022,9,26.6929,16.5,61.7857,0
Catamarca,2022,10,23.0714,22.0,67.5714,0
Catamarca,2022,11,23.1857,0.5,57.4286,0
Catamarca,2022,12,21.7,0.0,51.3571,1
Catamarca,2022,13,20.1571,0.0,55.3571,0
Catamarca,2022,14,23.2429,0.0,61.2857,0
Catamarca,2022,15,19.8429,15.55,58.7143,0
Catamarca,2022,16,20.8643,0.0,53.2143,0
Catamarca,2022,17,19.7143,0.0,50.1429,0
Catamarca,2022,18,16.6071,0.0,52.1429,0
Catamarca,2022,19,16.95,3.5,64.5,0
Catamarca,2022,20,12.55,0.25,61.2143,0
Catamarca,2022,21,12.8083,0.0,62.7381,0
Catamarca,2022,22,9.0571,0.0,62.5714,0
Catamarca,2022,23,12.7643,0.0,55.3571,0
Catamarca,2022,24,10.6286,0.0,49.2143,0
Catamarca,2022,25,8.1,0.0,61.8571,0
Catamarca,2022,26,10.7786,0.0,58.0714,0
Catamarca,2022,27,14.6857,0.0,42.4286,0
Catamarca,2022,28,9.2786,3.5,48.5,0
Catamarca,2022,29,13.1786,0.0,53.3571,0
Catamarca,2022,30,15.2786,0.0,59.4286,0
Catamarca,2022,31,13.6071,0.1,53.8571,0
Catamarca,2022,32,13.5214,0.0,50.0,0
Catamarca,2022,33,14.3571,0.0,32.8571,0
Catamarca,2022,34,17.7714,0.0,35.0714,0
Catamarca,2022,35,15.6143,0.0,33.6429,0
Catamarca,2022,36,18.2714,0.0,27.5,0
Catamarca,2022,37,20.1071,0.0,30.7143,0
Catamarca,2022,38,16.6286,0.0,42.7143,0
Catamarca,2022,39,18.15,30.0,56.4286,0
Catamarca,2022,40,21.3714,0.7,34.8571,0
Catamarca,2022,41,20.25,0.0,31.8571,0
Catamarca,2022,42,21.3786,2.1,46.5714,0
Catamarca,2022,43,27.5214,0.0,29.7857,0
Catamarca,2022,44,22.1643,0.0,26.8571,0
Catamarca,2022,45,27.0214,3.5,38.5714,0
Catamarca,2022,46,29.5929,8.0,34.5,0
Catamarca,2022,47,28.6071,0.0,34.3571,0
Catamarca,2022,48,27.1214,23.25,45.4286,0
Catamarca,2022,49,32.2857,11.5,38.2857,0
Catamarca,2022,50,27.8714,25.1,44.0714,0
Catamarca,2023,1,28.5143,9.5,37.2143,0
Catamarca,2023,2,27.7786,21.5,43.6429,0
Catamarca,2023,3,29.7214,9.0,48.0,0
Catamarca,2023,4,28.7571,31.2,56.2857,0
Catamarca,2023,5,26.35,50.15,62.5714,0
Catamarca,2023,6,30.0643,1.5,46.2143,0
Catamarca,2023,7,24.9,24.7,53.2857,0
Catamarca,2023,8,26.7143,5.6,49.1429,0
Catamarca,2023,9,28.7071,0.45,45.2143,5
Catamarca,2023,10,29.9571,9.35,48.5714,28
Catamarca,2023,11,28.6214,1.5,52.7143,34
Catamarca,2023,12,26.3857,33.0,62.2143,57
Catamarca,2023,13,24.4714,0.0,59.7143,157
Catamarca,2023,14,23.4714,16.75,60.3571,157
Catamarca,2023,15,20.6643,10.75,66.4286,145
Catamarca,2023,16,18.5786,10.5,61.8571,133
Catamarca,2023,17,20.0571,0.0,62.4286,111
Catamarca,2023,18,15.9071,0.25,56.3571,100
Catamarca,2023,19,18.7857,0.0,59.5,39
Catamarca,2023,20,19.2857,0.25,62.7143,35
Catamarca,2023,21,16.5429,4.4,70.7143,35
Catamarca,2023,22,14.6,0.0,71.2143,18
Catamarca,2023,23,15.5,0.0,60.3571,11
Catamarca,2023,24,8.4286,0.15,56.4286,4
Catamarca,2023,25,12.2857,0.0,63.0,0
Catamarca,2023,26,14.1429,0.0,58.1429,0
Catamarca,2023,27,14.8429,0.0,62.8571,0
Catamarca,2023,28,10.0,2.8,73.2143,1
Catamarca,2023,29,13.4143,0.0,54.1429,0
Catamarca,2023,30,13.7643,0.0,53.2143,0
Catamarca,2023,31,18.6143,0.0,52.2143,0
Catamarca,2023,32,15.8,0.0,42.2143,0
Catamarca,2023,33,18.3071,0.0,42.8571,0
Catamarca,2023,34,19.1429,0.0,39.3571,0
Catamarca,2023,35,18.2286,0.0,40.2857,0
Catamarca,2023,36,17.4,0.0,55.0,0
Catamarca,2023,37,22.3143,0.0,28.0,1
Catamarca,2023,38,22.2,0.0,40.5,0
Catamarca,2023,39,20.6,1.0,43.3571,0
Catamarca,2023,40,22.1929,1.0,35.0,0
Catamarca,2023,41,23.6214,0.0,30.7143,0
Catamarca,2023,42,25.6643,3.5,42.2143,0
Catamarca,2023,43,24.5929,4.8,54.4286,0
Catamarca,2023,44,21.8429,6.0,44.5,1
Catamarca,2023,45,30.4857,0.0,30.1429,0
Catamarca,2023,46,27.5071,0.0,33.7143,0
Catamarca,2023,47,27.8929,5.75,43.7143,0
Catamarca,2023,48,28.3429,18.7,52.6429,0
Catamarca,2023,49,25.8679,0.0,51.1786,0
Catamarca,2023,50,33.0929,1.5,40.5,0
Catamarca,2023,51,26.5143,59.0,60.7857,0
Catamarca,2023,52,29.3071,18.0,47.5714,1
Catamarca,2024,1,29.9286,3.05,50.5,2
Catamarca,2024,2,29.0214,7.5,56.2857,6
Catamarca,2024,3,29.2714,2.0,48.1429,32
Catamarca,2024,4,29.6071,0.0,41.0714,124
Catamarca,2024,5,33.1,0.0,36.4286,321
Catamarca,2024,6,30.4429,6.85,53.2857,659
Catamarca,2024,7,27.6786,5.0,55.7857,1001
Catamarca,2024,8,26.6571,6.0,59.4286,1026
Catamarca,2024,9,28.2429,22.75,61.0714,886
Catamarca,2024,10,27.1429,0.0,62.8571,1094
Catamarca,2024,11,31.0429,1.15,56.7857,916
Catamarca,2024,12,26.8643,0.0,55.6429,962
Catamarca,2024,13,27.7429,1.95,55.2857,702
Catamarca,2024,14,24.3643,0.0,60.5714,1046
Catamarca,2024,15,17.9214,15.05,71.9286,893
Catamarca,2024,16,20.3714,0.0,55.0,501
Catamarca,2024,17,19.4429,2.05,71.4286,301
Catamarca,2024,18,18.1786,4.05,58.7143,213
Catamarca,2024,19,14.4571,0.5,59.5,125
Catamarca,2024,20,10.6571,1.35,65.1429,37
Catamarca,2024,21,10.4714,1.25,64.0,6
Catamarca,2024,22,11.2643,0.0,58.1429,4
Catamarca,2024,23,14.05,0.0,54.5714,3
Catamarca,2024,24,18.0857,0.0,52.0714,1
Catamarca,2024,25,15.5786,2.25,60.1429,0
Catamarca,2024,26,9.1571,0.0,60.0714,0
Catamarca,2024,27,9.6929,0.0,51.0,0
Catamarca,2024,28,5.4429,0.0,55.2143,0
Catamarca,2024,29,10.0214,0.35,49.0,0
Catamarca,2024,30,13.1714,0.0,48.7857,0
Catamarca,2024,31,16.1429,0.0,39.7857,0
Catamarca,2024,32,12.5286,0.0,43.5,0
Catamarca,2024,33,14.6286,0.0,37.5714,0
Catamarca,2024,34,11.2643,0.5,59.0714,0
Catamarca,2024,35,15.05,0.0,46.3571,0
Catamarca,2024,36,20.45,0.0,34.6429,0
Catamarca,2024,37,20.7571,0.0,38.0,0
Catamarca,2024,38,25.6,0.0,26.5714,0
Catamarca,2024,39,23.0714,0.65,36.8571,0
Catamarca,2024,40,25.3857,0.0,30.0,0
Catamarca,2024,41,22.1643,21.9,64.4286,0
Catamarca,2024,42,26.9714,4.25,53.7857,0
Catamarca,2024,43,23.1643,18.6,53.4286,0
Catamarca,2024,44,28.0786,2.2,45.3571,0
Catamarca,2024,45,27.1143,1.0,48.7143,0
Catamarca,2024,46,27.4643,0.35,35.9286,0
Catamarca,2024,47,26.8071,0.0,51.7857,0
Catamarca,2024,48,28.45,4.9,56.9286,0
Catamarca,2024,49,26.1214,0.25,44.4286,0
Catamarca,2024,50,28.45,3.5,39.9286,0
Catamarca,2024,51,28.9714,1.25,43.1429,0
Catamarca,2024,52,27.9214,14.5,42.7857,0
Catamarca,2025,1,30.0071,8.5,43.7857,0
Catamarca,2025,2,27.6286,19.25,51.5714,0
Catamarca,2025,3,28.9786,15.85,43.0,2
Catamarca,2025,4,28.9714,41.0,50.3571,0
Catamarca,2025,5,29.9214,0.5,51.0,1
Catamarca,2025,6,33.3143,0.0,40.7857,0
Catamarca,2025,7,30.5714,22.05,48.5714,0
Catamarca,2025,8,29.0,32.0,54.3571,0
Catamarca,2025,9,29.8857,31.4,56.8571,1
Catamarca,2025,10,27.8429,19.5,59.7857,2
Catamarca,2025,11,22.1143,2.5,64.9286,3
Catamarca,2025,12,26.2143,3.25,55.3571,1
Catamarca,2025,13,21.1143,8.6,68.9286,0
Catamarca,2025,14,17.8143,0.5,56.5,3
Catamarca,2025,15,19.7571,0.0,61.5,1
Catamarca,2025,16,20.8143,5.25,63.7143,0
Catamarca,2025,17,20.0857,1.5,68.2857,0
Catamarca,2025,18,20.4143,0.1,59.0,0
Catamarca,2025,19,20.0571,0.4,65.2143,0
Catamarca,2025,20,19.8786,0.0,62.2857,1
Catamarca,2025,21,15.0214,0.0,61.5714,1
Catamarca,2025,22,10.0857,4.8,66.2143,0
Catamarca,2025,23,12.85,0.0,63.3571,0
Catamarca,2025,24,13.5429,0.0,57.0714,0
Catamarca,2025,25,11.4429,0.0,56.7857,1
Catamarca,2025,26,8.0429,0.25,47.1429,0
Catamarca,2025,27,6.8643,0.0,62.2857,0
Catamarca,2025,28,13.8286,0.1,64.5,0
Catamarca,2025,29,12.7786,0.25,50.0714,0
Catamarca,2025,30,11.8143,3.2,64.7143,0
Catamarca,2025,31,15.1643,0.0,53.2143,0
Catamarca,2025,32,13.3286,2.55,53.7143,0
Catamarca,2025,33,15.4286,0.0,47.2143,0
Catamarca,2025,34,15.6357,0.0,43.2143,0
Catamarca,2025,35,18.0214,2.55,34.0714,0
Catamarca,2025,36,14.4643,0.4,49.8571,0
Catamarca,2025,37,22.1286,0.0,35.4286,0
Catamarca,2025,38,25.15,0.0,44.2857,0
Catamarca,2025,39,22.3929,0.0,33.0714,0
Catamarca,2025,40,24.8357,0.0,39.5,0
Catamarca,2025,41,23.1286,0.0,30.2143,0
Catamarca,2025,42,24.9286,5.5,40.0714,0
Chaco,2018,1,26.3929,5.0,61.0,0
Chaco,2018,2,27.4857,63.7,69.0714,0
Chaco,2018,3,25.8143,231.45,78.1429,0
Chaco,2018,4,26.3143,100.0,86.0,1
Chaco,2018,5,27.9071,0.0,73.5,0
Chaco,2018,6,28.1357,4.0,71.6429,0
Chaco,2018,7,25.0571,8.0,68.8571,0
Chaco,2018,8,24.7929,0.3,70.0714,0
Chaco,2018,9,25.8571,12.05,78.7143,0
Chaco,2018,10,24.7286,13.15,72.6429,1
Chaco,2018,11,26.2857,89.15,75.4286,1
Chaco,2018,12,21.8,18.8,77.6429,7
Chaco,2018,13,21.6786,4.5,82.6429,14
Chaco,2018,14,24.7429,3.0,74.1429,17
Chaco,2018,15,24.1357,0.3,75.2143,13
Chaco,2018,16,25.5786,0.0,73.7857,56
Chaco,2018,17,24.8571,26.5,80.5714,76
Chaco,2018,18,24.8286,98.4,80.0714,84
Chaco,2018,19,20.9929,42.35,84.5,139
Chaco,2018,20,17.5214,70.9,85.3571,105
Chaco,2018,21,14.65,0.0,82.2143,35
Chaco,2018,22,16.5857,6.5,80.5,16
Chaco,2018,23,13.2143,0.0,82.5,15
Chaco,2018,24,9.3786,0.0,83.0714,0
Chaco,2018,25,17.5857,13.0,75.6429,0
Chaco,2018,26,16.7929,4.5,82.1429,0
Chaco,2018,27,13.5357,0.25,87.0714,1
Chaco,2019,1,27.3143,75.15,84.5,0
Chaco,2019,2,24.5214,237.5,89.6429,1
Chaco,2019,3,25.0286,109.5,85.7143,0
Chaco,2019,4,29.8214,1.75,75.0,0
Chaco,2019,5,28.1786,53.0,76.2143,0
Chaco,2019,6,25.7143,26.0,75.0714,0
Chaco,2019,7,23.9857,36.0,78.8571,0
Chaco,2019,8,29.1214,2.5,68.8571,1
Chaco,2019,9,23.8286,37.5,72.9286,0
Chaco,2019,10,23.5214,126.6,83.2143,1
Chaco,2019,11,22.9286,25.3,84.8571,2
Chaco,2019,12,21.7286,0.3,77.0,3
Chaco,2019,13,23.0429,65.5,78.1429,2
Chaco,2019,14,21.5,11.5,86.4286,4
Chaco,2019,15,21.2929,0.0,79.5714,7
Chaco,2019,16,22.4786,225.35,87.3571,2
Chaco,2019,17,20.3143,15.9,91.3571,3
Chaco,2019,18,21.8429,40.95,89.0714,8
Chaco,2019,19,20.7,82.8,92.6429,23
Chaco,2019,20,18.2429,20.45,87.8571,33
Chaco,2019,21,16.2571,59.2,92.7143,16
Chaco,2019,22,17.0143,0.85,91.7857,6
Chaco,2019,23,17.1143,2.0,86.0,0
Chaco,2019,24,21.55,1.75,83.0,2
Chaco,2019,25,16.3571,0.0,83.4286,1
Chaco,2019,26,15.9,0.45,81.6429,2
Chaco,2019,27,9.4429,0.0,79.6429,1
Chaco,2019,28,18.4071,0.0,75.0,0
Chaco,2019,29,17.65,1.5,75.2143,0
Chaco,2019,30,11.15,37.1,89.5714,0
Chaco,2019,31,13.4071,0.0,77.5714,0
Chaco,2019,32,14.3143,1.5,78.7857,0
Chaco,2019,33,15.6714,0.0,69.2857,0
Chaco,2019,34,15.3714,28.5,65.7857,0
Chaco,2019,35,21.05,17.0,68.6429,0
Chaco,2019,36,16.2071,0.0,68.9286,1
Chaco,2019,37,18.7,11.25,77.2857,0
Chaco,2019,38,18.5786,0.05,55.0714,0
Chaco,2019,39,22.7286,0.0,53.6429,0
Chaco,2019,40,20.1,26.25,82.1429,0
Chaco,2019,41,26.5,31.5,60.0714,0
Chaco,2019,42,16.55,18.95,89.7857,0
Chaco,2019,43,22.6429,0.0,64.5,0
Chaco,2019,44,27.6071,36.5,70.7143,0
Chaco,2019,45,24.9429,32.5,79.2143,0
Chaco,2019,46,25.25,53.5,72.4286,0
Chaco,2019,47,27.4643,6.0,68.5,0
Chaco,2019,48,24.8786,77.0,73.4286,1
Chaco,2019,49,23.2071,0.0,62.1429,0
Chaco,2019,50,26.6571,14.0,67.4286,0
Chaco,2019,51,25.0571,18.0,67.9286,0
Chaco,2019,52,27.2,26.5,69.2857,0
Chaco,2020,1,26.5857,28.0,72.3571,0
Chaco,2020,2,27.85,12.0,70.9286,0
Chaco,2020,3,27.4214,53.65,76.8571,2
Chaco,2020,4,26.5071,74.25,78.9286,4
Chaco,2020,5,25.8071,31.9,76.2857,7
Chaco,2020,6,28.8786,24.5,74.7143,15
Chaco,2020,7,26.85,158.4,74.3571,22
Chaco,2020,8,23.6214,10.45,73.5,55
Chaco,2020,9,23.7929,0.0,69.0714,95
Chaco,2020,10,26.2786,0.0,62.9286,151
Chaco,2020,11,29.8,21.5,60.1429,215
Chaco,2020,12,23.9286,41.0,78.2143,187
Chaco,2020,13,24.8714,38.05,75.5714,209
Chaco,2020,14,22.4286,44.2,82.3571,238
Chaco,2020,15,18.1571,0.0,70.0,224
Chaco,2020,16,16.8571,0.0,75.5,371
Chaco,2020,17,23.2357,30.5,70.3571,279
Chaco,2020,18,21.9643,27.0,72.2143,263
Chaco,2020,19,16.4786,7.5,74.4286,448
Chaco,2020,20,17.3786,0.0,74.1429,282
Chaco,2020,21,16.8286,16.75,76.1429,146
Chaco,2020,22,15.1214,0.0,72.1429,72
Chaco,2020,23,12.1714,5.9,79.7857,33
Chaco,2020,24,18.1714,0.1,76.5,23
Chaco,2020,25,23.2857,0.0,66.5714,14
Chaco,2020,26,15.8143,16.0,74.5,13
Chaco,2020,27,12.9857,6.6,77.5714,10
Chaco,2020,28,12.6143,9.75,83.6429,0
Chaco,2020,29,16.7143,0.3,66.0714,0
Chaco,2020,30,15.5286,7.0,73.5,0
Chaco,2020,31,15.1857,0.0,59.2857,1
Chaco,2020,32,22.8857,0.0,50.5,0
Chaco,2020,33,14.6071,0.1,60.5714,4
Chaco,2020,34,12.2571,0.0,50.3571,0
Chaco,2020,35,23.3857,0.4,59.8571,0
Chaco,2020,36,14.3214,0.4,70.0,1
Chaco,2020,37,21.9429,0.25,68.3571,1
Chaco,2020,38,18.25,1.0,54.0714,0
Chaco,2020,39,24.5357,3.0,43.5,0
Chaco,2020,40,23.45,0.0,54.3571,1
Chaco,2020,41,22.1643,0.0,52.1429,0
Chaco,2020,42,25.1857,6.1,56.2143,0
Chaco,2020,43,29.1786,56.0,57.4286,14
Chaco,2020,44,21.8286,0.0,58.0714,0
Chaco,2020,45,23.85,3.5,47.5,0
Chaco,2020,46,24.3929,30.5,70.7143,0
Chaco,2020,47,25.0214,0.1,50.0,0
Chaco,2020,48,28.2357,94.75,60.8571,0
Chaco,2020,49,23.5857,11.5,76.3571,1
Chaco,2020,50,26.8286,32.5,59.0714,0
Chaco,2020,51,25.9,21.9,70.6429,0
Chaco,2020,52,26.7429,1.5,59.4286,0
Chaco,2020,53,28.1071,8.0,56.0714,0
Chaco,2021,1,28.5286,4.0,61.5714,0
Chaco,2021,2,27.15,57.5,72.6429,0
Chaco,2021,3,25.9214,2.4,69.3571,0
Chaco,2021,4,26.5357,74.0,78.4286,0
Chaco,2021,5,24.0429,15.95,77.2857,0
Chaco,2021,6,24.0357,17.0,76.7143,0
Chaco,2021,7,25.9429,2.0,64.9286,0
Chaco,2021,8,28.2857,0.1,60.3571,0
Chaco,2021,9,26.45,3.5,67.7143,0
Chaco,2021,10,26.2143,2.5,54.4286,0
Chaco,2021,11,24.2357,75.5,72.8571,0
Chaco,2021,12,23.4071,64.25,83.9286,0
Chaco,2021,13,20.8571,0.1,77.0714,0
Chaco,2021,14,24.6071,63.0,80.4286,1
Chaco,2021,15,21.7286,23.5,82.7857,0
Chaco,2021,16,21.7214,58.5,81.4286,0
Chaco,2021,17,17.3643,0.0,78.8571,0
Chaco,2021,18,16.5643,17.55,82.7143,1
Chaco,2021,19,15.0071,4.5,85.0,0
Chaco,2021,20,16.9286,1.0,76.9286,0
Chaco,2021,21,15.3786,0.0,75.1429,0
Chaco,2021,22,18.6071,12.4,76.2143,0
Chaco,2021,23,16.4571,0.0,84.9286,0
Chaco,2021,24,11.9286,0.7,79.3571,0
Chaco,2021,25,13.4857,60.5,87.5,0
Chaco,2021,26,9.4214,0.0,73.8571,0
Chaco,2021,27,19.4286,0.0,68.7857,0
Chaco,2021,28,14.7929,0.0,75.5,0
Chaco,2021,29,15.6286,0.0,62.2857,0
Chaco,2021,30,9.3,0.0,64.0,0
Chaco,2022,1,26.85,0.5,63.4286,0
Chaco,2022,2,31.35,0.0,46.7857,0
Chaco,2022,3,32.5357,4.0,53.6429,0
Chaco,2022,4,28.2143,4.4,60.2857,0
Chaco,2022,5,27.35,42.75,57.7857,0
Chaco,2022,6,24.3357,8.75,59.0,0
Chaco,2022,7,27.7286,1.0,53.5714,0
Chaco,2022,8,29.8857,2.3,61.1429,0
Chaco,2022,9,28.3857,32.75,71.7857,0
Chaco,2022,10,23.3571,108.15,79.5714,0
Chaco,2022,11,21.65,0.0,69.0,0
Chaco,2022,12,21.45,128.4,79.2143,0
Chaco,2022,13,19.1,38.85,77.2857,0
Chaco,2022,14,21.7643,133.0,92.1429,0
Chaco,2022,15,18.3286,8.3,82.5714,0
Chaco,2022,16,20.2643,7.05,83.8571,0
Chaco,2022,17,22.0571,16.95,81.1429,0
Chaco,2022,18,16.1286,6.0,86.6429,0
Chaco,2022,19,16.0571,7.5,87.1429,0
Chaco,2022,20,11.2214,0.0,80.2143,0
Chaco,2022,21,17.7,13.1,87.5,0
Chaco,2022,22,11.85,30.5,78.8571,0
Chaco,2022,23,12.3571,10.05,88.3571,0
Chaco,2022,24,12.6714,0.0,78.2143,0
Chaco,2022,25,12.7286,1.8,87.9286,0
Chaco,2022,26,14.6714,3.2,86.8571,0
Chaco,2022,27,20.0214,0.0,79.3571,0
Chaco,2022,28,13.15,3.9,83.0714,0
Chaco,2022,29,19.85,0.0,76.0714,0
Chaco,2022,30,18.2071,0.0,68.0714,0
Chaco,2022,31,16.4,11.2,77.4286,0
Chaco,2022,32,15.7357,0.0,77.0714,0
Chaco,2022,33,14.1786,0.0,61.5,0
Chaco,2022,34,21.7,5.0,59.6429,0
Chaco,2022,35,16.1643,2.5,62.0,0
Chaco,2022,36,16.4643,0.0,56.2143,0
Chaco,2022,37,18.2786,7.25,54.2143,0
Chaco,2022,38,17.5714,0.35,66.3571,0
Chaco,2022,39,20.4071,0.0,56.9286,0
Chaco,2022,40,19.6071,34.3,57.6429,0
Chaco,2022,41,19.8929,0.0,62.8571,0
Chaco,2022,42,21.7071,18.25,72.5714,0
Chaco,2022,43,26.1571,21.0,57.2143,0
Chaco,2022,44,18.7071,0.0,52.0,0
Chaco,2022,45,23.35,48.85,62.7143,0
Chaco,2022,46,25.0357,19.5,57.5,0
Chaco,2022,47,24.2571,0.6,60.3571,0
Chaco,2022,48,26.8929,36.5,62.7143,0
Chaco,2022,49,29.9929,10.0,62.6429,0
Chaco,2022,50,26.2,4.05,54.4286,0
Chaco,2023,1,26.5214,0.1,53.8571,17
Chaco,2023,2,27.0786,57.5,60.2143,7
Chaco,2023,3,30.0643,0.0,57.2143,2
Chaco,2023,4,29.4571,14.0,62.9286,2
Chaco,2023,5,26.7571,5.0,65.7143,6
Chaco,2023,6,30.0214,13.5,55.1429,5
Chaco,2023,7,24.4071,24.0,59.6429,2
Chaco,2023,8,25.0929,28.5,69.7857,5
Chaco,2023,9,25.7714,43.25,78.6429,5
Chaco,2023,10,27.0071,2.5,74.2143,7
Chaco,2023,11,27.3714,17.65,78.2143,17
Chaco,2023,12,27.1,13.25,76.1429,62
Chaco,2023,13,25.4571,13.3,67.6429,227
Chaco,2023,14,22.4214,27.5,79.2857,316
Chaco,2023,15,22.3929,41.0,80.2143,791
Chaco,2023,16,18.5786,1.5,76.1429,821
Chaco,2023,17,20.2857,8.0,81.8571,844
Chaco,2023,18,16.7429,51.65,93.5,774
Chaco,2023,19,15.8929,0.0,80.1429,765
Chaco,2023,20,19.7,23.9,80.2143,946
Chaco,2023,21,21.4714,0.1,79.9286,806
Chaco,2023,22,19.4786,12.65,81.4286,1308
Chaco,2023,23,21.2571,1.0,75.2143,1045
Chaco,2023,24,10.4071,0.0,77.9286,719
Chaco,2023,25,18.1571,3.15,84.2143,296
Chaco,2023,26,20.2,0.0,73.4286,356
Chaco,2023,27,21.3,1.8,77.0714,504
Chaco,2023,28,14.2643,8.3,81.3571,515
Chaco,2023,29,17.4429,0.0,65.6429,208
Chaco,2023,30,13.9929,2.3,77.4286,130
Chaco,2023,31,24.6429,0.5,61.2143,144
Chaco,2023,32,17.75,0.05,65.3571,216
Chaco,2023,33,20.8786,18.9,64.4286,183
Chaco,2023,34,18.8857,0.0,56.2857,117
Chaco,2023,35,20.4143,68.9,64.7857,103
Chaco,2023,36,17.3429,7.65,83.1429,91
Chaco,2023,37,21.0571,9.0,62.0,91
Chaco,2023,38,24.2929,0.1,70.7143,102
Chaco,2023,39,19.2929,0.0,64.5714,108
Chaco,2023,40,22.7786,2.5,48.9286,88
Chaco,2023,41,22.1857,0.3,49.5,103
Chaco,2023,42,25.9714,20.35,70.6429,143
Chaco,2023,43,24.2714,60.25,73.9286,117
Chaco,2023,44,20.1214,3.45,76.3571,142
Chaco,2023,45,30.2571,7.75,57.5,200
Chaco,2023,46,24.4643,84.0,80.6429,215
Chaco,2023,47,26.7,15.6,65.6429,377
Chaco,2023,48,27.2071,22.3,77.5,529
Chaco,2023,49,24.8929,19.55,74.7143,562
Chaco,2023,50,30.1286,35.9,65.6429,882
Chaco,2023,51,26.2714,75.6,80.2857,1062
Chaco,2023,52,26.0786,38.05,73.0714,1286
Chaco,2024,1,27.9714,0.0,65.2857,1845
Chaco,2024,2,27.6857,60.4,73.6429,2248
Chaco,2024,3,27.55,5.25,75.3571,2266
Chaco,2024,4,26.4429,0.0,60.5714,2612
Chaco,2024,5,30.5214,2.0,52.6429,1973
Chaco,2024,6,30.8357,16.55,63.7857,1815
Chaco,2024,7,25.25,61.5,74.9286,990
Chaco,2024,8,28.25,21.5,69.0714,978
Chaco,2024,9,27.0643,175.85,83.7857,668
Chaco,2024,10,26.8214,16.65,75.5714,497
Chaco,2024,11,31.1357,23.75,67.2143,621
Chaco,2024,12,26.5429,35.25,74.0,774
Chaco,2024,13,26.3929,0.5,72.4286,464
Chaco,2024,14,25.4071,70.95,84.0714,442
Chaco,2024,15,21.9357,138.05,92.0,469
Chaco,2024,16,20.5071,20.65,79.5714,481
Chaco,2024,17,24.3143,25.65,87.5,519
Chaco,2024,18,22.0,23.5,89.0,475
Chaco,2024,19,20.6857,8.2,78.9286,432
Chaco,2024,20,12.6357,0.0,78.3571,334
Chaco,2024,21,12.95,5.55,82.4286,132
Chaco,2024,22,13.2786,0.0,78.6429,92
Chaco,2024,23,19.8286,0.0,72.4286,60
Chaco,2024,24,23.8071,0.55,68.4286,98
Chaco,2024,25,21.2857,0.1,85.6429,70
Chaco,2024,26,10.7143,0.0,72.4286,66
Chaco,2024,27,13.9071,0.0,62.5714,2
Chaco,2024,28,7.2286,0.0,67.5,0
Chaco,2024,29,15.7929,0.0,75.3571,0
Chaco,2024,30,19.0571,4.5,73.3571,0
Chaco,2024,31,20.6286,0.0,60.2857,0
Chaco,2024,32,14.1786,48.05,68.6429,1
Chaco,2024,33,16.7143,0.0,64.0714,0
Chaco,2024,34,13.0786,49.35,81.5,0
Chaco,2024,35,14.8786,0.0,70.6429,0
Chaco,2024,36,18.1071,0.0,67.2143,0
Chaco,2024,37,19.1143,1.05,73.2857,0
Chaco,2024,38,24.0571,15.5,62.2143,0
Chaco,2024,39,21.7286,25.0,75.0714,0
Chaco,2024,40,23.9643,3.75,58.8571,0
Chaco,2024,41,21.4429,26.2,77.7143,0
Chaco,2024,42,23.3357,44.2,76.5714,0
Chaco,2024,43,24.7929,3.4,63.8571,0
Chaco,2024,44,25.2929,19.3,69.0,0
Chaco,2024,45,24.7214,161.25,75.0714,0
Chaco,2024,46,24.15,56.1,62.2857,0
Chaco,2024,47,25.2929,11.5,77.4286,0
Chaco,2024,48,27.1714,103.0,77.3571,0
Chaco,2024,49,23.9429,46.4,69.7143,0
Chaco,2024,50,23.85,56.85,74.7857,0
Chaco,2024,51,25.3143,24.5,70.0,0
Chaco,2024,52,23.5143,18.75,66.9286,0
Chaco,2025,1,27.2786,1.9,59.6429,0
Chaco,2025,2,27.6929,0.0,50.3571,0
Chaco,2025,3,29.0429,0.15,54.7143,0
Chaco,2025,4,27.5571,8.7,66.0714,0
Chaco,2025,5,27.7714,32.95,66.0714,0
Chaco,2025,6,32.6714,1.0,51.8571,0
Chaco,2025,7,31.5071,8.5,56.5,1
Chaco,2025,8,29.0571,4.5,66.2857,1
Chaco,2025,9,31.9,0.15,55.3571,0
Chaco,2025,10,31.05,0.65,51.5714,0
Chaco,2025,11,24.7786,0.25,51.9286,1
Chaco,2025,12,24.7643,53.4,65.8571,1
Chaco,2025,13,24.6643,114.6,86.5714,0
Chaco,2025,14,18.3286,15.8,80.1429,2
Chaco,2025,15,19.35,3.9,81.8571,0
Chaco,2025,16,21.5643,0.0,68.7857,0
Chaco,2025,17,20.9071,4.05,78.5714,0
Chaco,2025,18,18.6857,22.2,74.5,0
Chaco,2025,19,21.8429,188.4,87.7857,1
Chaco,2025,20,22.0286,25.3,79.8571,4
Chaco,2025,21,19.2857,17.45,88.4286,3
Chaco,2025,22,12.65,9.75,81.5,0
Chaco,2025,23,15.3571,0.75,85.4286,0
Chaco,2025,24,13.1429,47.9,81.0714,0
Chaco,2025,25,14.35,28.5,93.4286,0
Chaco,2025,26,9.5643,0.0,76.2857,0
Chaco,2025,27,9.7214,0.0,72.9286,0
Chaco,2025,28,18.0214,0.0,76.6429,0
Chaco,2025,29,14.85,0.15,71.0,0
Chaco,2025,30,17.7071,22.35,84.1429,0
Chaco,2025,31,17.8929,0.0,71.8571,0
Chaco,2025,32,13.55,1.75,74.0714,0
Chaco,2025,33,14.3429,0.05,72.3571,0
Chaco,2025,34,17.0,47.3,74.2143,0
Chaco,2025,35,17.4929,3.8,67.6429,0
Chaco,2025,36,14.4929,8.1,74.5,0
Chaco,2025,37,19.5857,28.75,73.2857,0
Chaco,2025,38,24.2714,36.0,75.6429,0
Chaco,2025,39,19.3,22.5,65.6429,0
Chaco,2025,40,23.3357,52.2,79.9286,0
Chaco,2025,41,19.8,18.5,66.6429,0
Chaco,2025,42,21.3429,65.0,70.0714,0
Chubut,2018,1,17.4286,2.7667,44.0952,0
Chubut,2018,2,21.919,0.1333,40.7143,0
Chubut,2018,3,21.5667,0.0,43.8095,0
Chubut,2018,4,19.4286,0.2,39.9048,0
Chubut,2018,5,22.1762,1.6667,39.7619,0
Chubut,2018,6,17.0048,5.5333,48.6667,0
Chubut,2018,7,22.6095,0.0,42.4286,0
Chubut,2018,8,18.7714,0.0,45.7619,0
Chubut,2018,9,19.2429,1.0,48.8095,0
Chubut,2018,10,17.6524,4.0,49.2381,0
Chubut,2018,11,13.8476,1.8333,47.0476,0
Chubut,2018,12,12.1333,6.1333,53.619,0
Chubut,2018,13,14.781,0.0333,52.9524,0
Chubut,2018,14,13.1524,11.7,54.9524,0
Chubut,2018,15,12.7524,6.3333,53.1905,0
Chubut,2018,16,15.0905,3.4,47.2857,0
Chubut,2018,17,9.4286,2.0,57.9524,0
Chubut,2018,18,8.4905,2.0,61.1429,0
Chubut,2018,19,11.1905,3.3333,67.8571,0
Chubut,2018,20,6.5048,17.1,79.0952,0
Chubut,2018,21,9.4476,2.6667,60.5238,0
Chubut,2018,22,3.6476,0.0,70.4762,0
Chubut,2018,23,4.1619,11.7333,69.5238,0
Chubut,2018,24,3.9524,3.4,73.619,0
Chubut,2018,25,5.9619,3.8667,58.4762,0
Chubut,2018,26,5.3714,7.4667,59.1429,0
Chubut,2018,27,0.8095,1.1,79.2476,0
Chubut,2019,1,17.3333,0.3333,40.8571,0
Chubut,2019,2,15.7143,3.0,41.4286,0
Chubut,2019,3,21.6333,0.0,33.3333,0
Chubut,2019,4,18.6476,0.0,37.8095,0
Chubut,2019,5,18.9048,0.2667,40.0952,0
Chubut,2019,6,20.019,0.1333,40.6667,0
Chubut,2019,7,22.3476,0.0,38.1905,0
Chubut,2019,8,14.719,2.6,45.7619,0
Chubut,2019,9,15.1714,4.4,55.1905,0
Chubut,2019,10,16.6905,8.9,45.619,0
Chubut,2019,11,16.319,24.8,64.619,0
Chubut,2019,12,13.0095,3.3333,59.0476,0
Chubut,2019,13,16.619,0.0,52.7619,0
Chubut,2019,14,16.081,0.0,48.2857,0
Chubut,2019,15,13.0571,3.7333,57.619,0
Chubut,2019,16,12.1,2.6667,55.8571,0
Chubut,2019,17,11.6095,4.9333,66.9048,0
Chubut,2019,18,8.6143,20.4667,64.5714,0
Chubut,2019,19,10.8857,0.0,66.7619,0
Chubut,2019,20,10.3905,0.0,56.9524,0
Chubut,2019,21,7.4476,0.0,59.1429,0
Chubut,2019,22,4.7714,4.4,75.619,0
Chubut,2019,23,10.0381,19.4333,56.2857,0
Chubut,2019,24,4.8762,26.0667,77.7619,0
Chubut,2019,25,8.3,16.0,71.619,0
Chubut,2019,26,2.8571,7.3,71.1429,0
Chubut,2019,27,3.8095,4.0,73.8571,0
Chubut,2019,28,6.3667,0.2667,74.6667,0
Chubut,2019,29,5.9762,25.9333,68.0476,0
Chubut,2019,30,5.7143,1.1667,61.3333,0
Chubut,2019,31,8.1762,6.8,59.8571,0
Chubut,2019,32,6.5524,7.9667,58.7143,0
Chubut,2019,33,3.1524,2.9667,74.7619,0
Chubut,2019,34,7.0,4.7333,69.5714,0
Chubut,2019,35,7.6952,10.1,51.7619,0
Chubut,2019,36,4.3095,1.7,68.4762,0
Chubut,2019,37,7.0619,2.9667,63.5238,0
Chubut,2019,38,9.0238,3.1333,45.9524,0
Chubut,2019,39,14.1667,0.6667,48.619,0
Chubut,2019,40,8.3143,1.1333,51.0952,0
Chubut,2019,41,10.7,1.1333,50.1905,0
Chubut,2019,42,12.8762,2.0,51.8095,0
Chubut,2019,43,12.5857,0.7,52.9048,0
Chubut,2019,44,13.2429,3.7667,48.8095,0
Chubut,2019,45,13.2238,0.2667,43.0952,0
Chubut,2019,46,16.4381,5.6,48.0952,0
Chubut,2019,47,16.819,2.8667,41.2381,0
Chubut,2019,48,14.0381,1.3333,45.8571,0
Chubut,2019,49,16.4,19.5,50.7619,0
Chubut,2019,50,17.1476,0.0,42.5238,0
Chubut,2019,51,18.4476,0.4333,39.5714,0
Chubut,2019,52,18.0905,1.2333,42.7143,0
Chubut,2020,1,20.2333,1.6,50.8571,0
Chubut,2020,2,16.4476,11.1333,45.2381,0
Chubut,2020,3,19.4238,0.0333,41.1905,0
Chubut,2020,4,21.5238,0.0,41.6667,0
Chubut,2020,5,18.8857,1.3333,41.9524,0
Chubut,2020,6,15.6333,15.6667,61.9048,0
Chubut,2020,7,19.119,1.5667,47.619,0
Chubut,2020,8,16.7571,1.0,44.8095,0
Chubut,2020,9,19.3762,0.0667,51.5238,0
Chubut,2020,10,19.919,0.3,52.7619,0
Chubut,2020,11,16.5619,4.6667,58.7143,0
Chubut,2020,12,17.6048,1.3333,54.3333,0
Chubut,2020,13,16.7,0.0,53.5238,0
Chubut,2020,14,13.0952,0.7667,51.1905,0
Chubut,2020,15,13.2762,1.5667,49.2381,0
Chubut,2020,16,14.9857,8.1333,61.0476,1
Chubut,2020,17,9.7143,10.0667,72.0476,0
Chubut,2020,18,11.5095,1.6,73.4762,0
Chubut,2020,19,10.4238,18.5667,68.6667,0
Chubut,2020,20,10.8143,14.1667,61.9524,0
Chubut,2020,21,9.3143,6.3,58.2381,0
Chubut,2020,22,6.3333,7.9333,70.0952,0
Chubut,2020,23,8.6524,2.1,56.5238,0
Chubut,2020,24,6.881,12.7333,63.0952,0
Chubut,2020,25,7.1286,4.0333,66.7619,0
Chubut,2020,26,1.4905,13.1667,76.9524,1
Chubut,2020,27,3.3762,16.4,87.4286,0
Chubut,2020,28,2.6381,9.0,72.1905,0
Chubut,2020,29,3.2905,10.2667,81.3333,0
Chubut,2020,30,3.1667,20.8333,79.8571,0
Chubut,2020,31,5.3714,0.0,64.2857,0
Chubut,2020,32,7.1238,5.8,58.3333,0
Chubut,2020,33,6.2476,5.6667,54.9524,0
Chubut,2020,34,7.619,0.3333,51.7619,0
Chubut,2020,35,5.7762,8.6667,67.1429,0
Chubut,2020,36,7.0857,0.0667,61.9048,0
Chubut,2020,37,9.2619,6.5667,48.9524,0
Chubut,2020,38,9.0905,0.0667,47.3333,0
Chubut,2020,39,11.6,0.0,44.0,0
Chubut,2020,40,7.5,5.7667,53.3333,0
Chubut,2020,41,11.7952,1.5,44.5714,0
Chubut,2020,42,15.9143,0.2,37.5714,0
Chubut,2020,43,12.9524,0.1,48.0476,0
Chubut,2020,44,14.4286,0.0333,43.8571,0
Chubut,2020,45,16.1333,0.4667,51.4286,0
Chubut,2020,46,17.0619,0.1333,49.8095,0
Chubut,2020,47,19.0095,1.0667,45.8095,0
Chubut,2020,48,15.1381,5.3333,41.9048,0
Chubut,2020,49,16.6952,0.0,40.5714,0
Chubut,2020,50,17.219,2.6667,41.4286,0
Chubut,2020,51,16.0714,0.7,44.5714,0
Chubut,2020,52,19.9476,0.6667,44.7143,0
Chubut,2020,53,20.419,5.4,43.4286,0
Chubut,2021,1,18.0714,0.5333,42.8571,0
Chubut,2021,2,16.4524,8.7333,53.0476,0
Chubut,2021,3,22.8095,0.0,45.6667,0
Chubut,2021,4,16.1095,0.2,47.0476,0
Chubut,2021,5,21.7333,1.4333,47.4762,0
Chubut,2021,6,20.9,1.3333,52.619,0
Chubut,2021,7,16.1905,3.5333,49.9048,0
Chubut,2021,8,19.9952,1.3333,52.381,0
Chubut,2021,9,18.6571,10.6,63.7143,0
Chubut,2021,10,17.6429,8.0,47.0476,0
Chubut,2021,11,14.8,5.6667,55.4762,0
Chubut,2021,12,15.1905,0.0,47.1905,0
Chubut,2021,13,15.9048,12.0,70.1429,0
Chubut,2021,14,13.3857,11.3667,69.1429,0
Chubut,2021,15,15.5524,0.0,53.8095,0
Chubut,2021,16,11.719,19.1333,72.619,0
Chubut,2021,17,13.2333,6.6667,62.1429,0
Chubut,2021,18,7.6333,1.8333,64.619,0
Chubut,2021,19,8.1333,0.7,66.381,0
Chubut,2021,20,8.8429,8.2,78.4762,0
Chubut,2021,21,7.0762,17.7,64.0952,0
Chubut,2021,22,5.9238,12.6667,74.2381,0
Chubut,2021,23,9.5571,10.1,61.5238,0
Chubut,2021,24,1.419,0.0,76.3333,0
Chubut,2021,25,4.9095,2.3667,70.9048,0
Chubut,2021,26,7.2667,1.3333,55.2381,0
Chubut,2021,27,8.0429,6.3333,59.1429,0
Chubut,2021,28,5.6143,0.2,59.0476,0
Chubut,2021,29,7.5238,0.2667,57.5714,0
Chubut,2021,30,6.5714,0.0,54.8095,0
Chubut,2022,1,21.019,0.2667,43.8571,0
Chubut,2022,2,20.7571,0.0333,37.0476,0
Chubut,2022,3,15.7667,21.9,58.2381,0
Chubut,2022,4,19.7667,0.3333,47.381,0
Chubut,2022,5,18.719,2.6667,52.5714,0
Chubut,2022,6,19.7571,0.0,40.381,0
Chubut,2022,7,18.5714,15.4667,51.0476,0
Chubut,2022,8,15.6762,17.3667,60.2381,0
Chubut,2022,9,16.4619,0.3,40.9524,0
Chubut,2022,10,14.981,5.0667,55.0952,0
Chubut,2022,11,14.581,4.5333,50.2381,0
Chubut,2022,12,14.0048,3.3667,54.0952,0
Chubut,2022,13,12.3476,4.0,48.9524,0
Chubut,2022,14,12.781,33.3667,72.4762,0
Chubut,2022,15,12.6381,0.4333,58.381,0
Chubut,2022,16,11.0238,20.7667,58.1429,0
Chubut,2022,17,6.0143,2.0667,65.1429,0
Chubut,2022,18,13.6095,0.5667,55.4762,0
Chubut,2022,19,7.5333,9.9333,69.5714,0
Chubut,2022,20,7.3714,18.2333,66.0476,0
Chubut,2022,21,2.1,4.6667,68.8095,0
Chubut,2022,22,3.0524,1.1,74.2381,0
Chubut,2022,23,6.1762,12.3667,63.4286,0
Chubut,2022,24,5.2286,7.0333,69.7619,0
Chubut,2022,25,0.3429,0.0,74.0952,0
Chubut,2022,26,5.119,17.8,65.3333,0
Chubut,2022,27,5.2905,12.9667,65.2381,0
Chubut,2022,28,1.6429,11.4,79.2857,0
Chubut,2022,29,3.619,37.6667,69.0952,0
Chubut,2022,30,4.7429,4.2333,74.6667,0
Chubut,2022,31,3.3333,11.8,75.7619,0
Chubut,2022,32,6.7952,9.0333,64.8095,0
Chubut,2022,33,7.2429,0.4,61.1429,0
Chubut,2022,34,8.2238,0.0667,51.5714,0
Chubut,2022,35,10.1667,0.0,49.9048,0
Chubut,2022,36,8.6476,9.6333,62.0,0
Chubut,2022,37,8.8048,11.0667,65.7143,0
Chubut,2022,38,7.1714,61.3,74.0,0
Chubut,2022,39,12.0143,0.0,51.4762,0
Chubut,2022,40,11.1143,6.4333,53.3333,0
Chubut,2022,41,11.1667,0.0333,53.3333,0
Chubut,2022,42,14.7524,0.0,46.9524,0
Chubut,2022,43,12.4714,3.7667,48.0952,0
Chubut,2022,44,17.8667,0.0,42.6667,0
Chubut,2022,45,15.8667,21.1333,67.4762,0
Chubut,2022,46,17.2857,0.3333,46.619,0
Chubut,2022,47,18.4857,0.0,45.9524,0
Chubut,2022,48,18.2286,0.0,41.8571,0
Chubut,2022,49,18.019,4.4667,44.0476,0
Chubut,2022,50,18.5238,1.0,41.9048,0
Chubut,2023,1,22.7,0.0,40.381,0
Chubut,2023,2,17.0286,20.9,59.619,0
Chubut,2023,3,21.281,3.8,57.8095,0
Chubut,2023,4,19.3714,1.3333,43.8571,0
Chubut,2023,5,21.7048,0.0,45.5238,0
Chubut,2023,6,21.1143,0.0667,42.8095,0
Chubut,2023,7,13.8476,1.1,46.619,0
Chubut,2023,8,18.5857,0.0333,41.1905,0
Chubut,2023,9,19.5095,0.0333,40.6667,0
Chubut,2023,10,18.8238,0.7333,47.4286,1
Chubut,2023,11,15.3143,0.0333,52.3333,0
Chubut,2023,12,14.9095,0.0,52.1905,0
Chubut,2023,13,12.5429,5.1333,47.619,0
Chubut,2023,14,14.5381,3.4333,53.6667,1
Chubut,2023,15,8.3619,2.5667,68.4762,2
Chubut,2023,16,13.5714,0.0667,55.9524,2
Chubut,2023,17,12.1143,12.8,62.0952,0
Chubut,2023,18,10.9571,1.3667,63.619,0
Chubut,2023,19,11.8524,3.2667,67.4286,0
Chubut,2023,20,10.1048,2.7,52.1905,0
Chubut,2023,21,5.781,9.6,59.381,0
Chubut,2023,22,9.2238,5.4333,58.1429,0
Chubut,2023,23,7.8857,18.3333,56.9524,0
Chubut,2023,24,3.6476,0.6,69.8095,0
Chubut,2023,25,6.4619,19.8667,73.4762,0
Chubut,2023,26,5.9095,10.1,72.2857,0
Chubut,2023,27,4.4238,16.1333,71.0,0
Chubut,2023,28,1.7667,6.7333,80.0476,0
Chubut,2023,29,4.3524,5.4,72.1429,0
Chubut,2023,30,6.1952,11.9333,70.7143,0
Chubut,2023,31,6.8857,2.5333,52.8095,1
Chubut,2023,32,8.1857,2.7667,58.5714,0
Chubut,2023,33,5.2714,23.8333,79.9524,0
Chubut,2023,34,5.7238,2.1333,59.3333,0
Chubut,2023,35,7.3524,7.7333,51.5714,0
Chubut,2023,36,6.281,13.0,73.2381,0
Chubut,2023,37,8.3381,19.1667,60.1429,0
Chubut,2023,38,5.4857,2.2,70.5714,0
Chubut,2023,39,10.1095,0.6667,53.4762,0
Chubut,2023,40,10.6429,0.0,45.4286,0
Chubut,2023,41,10.419,0.0667,52.4762,0
Chubut,2023,42,13.6952,0.4667,49.5238,0
Chubut,2023,43,12.1619,15.8667,53.2381,0
Chubut,2023,44,10.9714,4.1,57.6667,0
Chubut,2023,45,13.8238,0.2333,46.8095,0
Chubut,2023,46,11.8095,2.9,43.4286,0
Chubut,2023,47,16.4095,0.0333,41.619,0
Chubut,2023,48,15.4,0.0,43.4286,0
Chubut,2023,49,16.8714,3.5,52.8095,0
Chubut,2023,50,16.5571,9.5333,48.5714,0
Chubut,2023,51,17.2048,0.6667,47.9048,2
Chubut,2023,52,19.5095,0.0,45.9048,0
Chubut,2024,1,20.5143,0.0,48.619,0
Chubut,2024,2,17.681,0.0,44.0,2
Chubut,2024,3,19.819,0.0,44.0952,2
Chubut,2024,4,24.0905,7.7667,40.3333,3
Chubut,2024,5,21.8095,0.0,39.0,2
Chubut,2024,6,20.9238,0.0,40.9524,3
Chubut,2024,7,20.8905,0.0,40.7143,3
Chubut,2024,8,18.0952,16.0333,53.0952,3
Chubut,2024,9,16.4333,3.6667,52.5238,3
Chubut,2024,10,15.2952,1.3333,49.2857,2
Chubut,2024,11,15.1714,2.3667,42.1905,9
Chubut,2024,12,14.2238,13.1,54.1905,4
Chubut,2024,13,15.6333,0.0,48.0,4
Chubut,2024,14,12.9333,9.6667,49.0476,10
Chubut,2024,15,9.519,0.0,60.2381,3
Chubut,2024,16,11.8238,21.6667,56.381,3
Chubut,2024,17,8.8667,11.3667,54.9048,1
Chubut,2024,18,6.0524,3.2333,61.6667,0
Chubut,2024,19,4.7143,26.0667,76.381,1
Chubut,2024,20,4.9857,0.8333,69.8095,2
Chubut,2024,21,3.5952,0.0,68.381,0
Chubut,2024,22,6.4048,1.7,64.4286,2
Chubut,2024,23,7.481,5.2333,76.5714,0
Chubut,2024,24,7.1381,3.3333,71.9524,1
Chubut,2024,25,2.5952,41.9333,84.5238,0
Chubut,2024,26,3.2952,4.9667,72.4286,0
Chubut,2024,27,2.3,8.9333,69.4762,0
Chubut,2024,28,2.6905,0.0667,73.1905,0
Chubut,2024,29,5.481,0.3,62.0952,0
Chubut,2024,30,8.0619,3.0,51.1429,0
Chubut,2024,31,6.8476,7.3667,64.0,0
Chubut,2024,32,6.0,15.1,75.619,0
Chubut,2024,33,5.9762,7.6333,67.5238,0
Chubut,2024,34,4.0952,3.4333,73.8571,0
Chubut,2024,35,9.4095,2.2667,47.3333,0
Chubut,2024,36,9.5048,0.9667,47.0,0
Chubut,2024,37,8.8143,0.3,47.619,0
Chubut,2024,38,10.0619,14.5,53.381,0
Chubut,2024,39,9.1095,15.9333,47.3333,0
Chubut,2024,40,8.4857,0.8667,58.0476,0
Chubut,2024,41,13.1762,0.6667,44.6667,0
Chubut,2024,42,14.4619,4.6667,51.7619,0
Chubut,2024,43,15.7095,0.2,40.5238,0
Chubut,2024,44,16.5238,2.8667,40.8571,0
Chubut,2024,45,13.981,12.7,41.7143,0
Chubut,2024,46,15.6857,1.3333,41.1905,0
Chubut,2024,47,16.6571,1.0,47.2381,1
Chubut,2024,48,13.6524,12.5667,59.1905,0
Chubut,2024,49,12.5333,24.6,58.5714,0
Chubut,2024,50,17.6048,0.0333,48.9524,0
Chubut,2024,51,17.5571,2.4667,46.9524,0
Chubut,2024,52,19.5524,1.6667,47.4762,0
Chubut,2025,1,18.0381,12.9333,59.8095,0
Chubut,2025,2,20.9381,0.6667,43.9524,0
Chubut,2025,3,18.7143,0.0,39.8571,0
Chubut,2025,4,19.5619,0.8,50.8095,0
Chubut,2025,5,20.2952,0.0,38.381,0
Chubut,2025,6,17.3095,2.1667,43.6667,0
Chubut,2025,7,16.8952,1.0,46.9524,0
Chubut,2025,8,20.6857,0.0,40.4286,0
Chubut,2025,9,17.6762,2.4667,51.2857,0
Chubut,2025,10,15.9476,9.2667,53.8571,0
Chubut,2025,11,15.4667,0.0,51.381,0
Chubut,2025,12,16.5524,2.8667,49.0952,1
Chubut,2025,13,16.0286,13.7667,52.2381,1
Chubut,2025,14,10.3381,2.8667,53.4762,1
Chubut,2025,15,14.1571,10.2667,64.619,1
Chubut,2025,16,10.1381,8.4,73.0952,0
Chubut,2025,17,11.5286,2.8333,62.381,0
Chubut,2025,18,9.6048,8.8,66.2857,0
Chubut,2025,19,9.5476,4.5,61.7619,0
Chubut,2025,20,10.2714,7.8667,59.8095,0
Chubut,2025,21,6.019,1.2333,66.0952,0
Chubut,2025,22,7.319,0.3333,57.8095,0
Chubut,2025,23,7.1,1.0333,64.9048,0
Chubut,2025,24,7.2143,3.7667,69.2381,0
Chubut,2025,25,6.6095,3.0333,60.1905,0
Chubut,2025,26,2.0762,4.1667,65.0556,0
Chubut,2025,27,2.9429,0.2667,69.9921,0
Chubut,2025,28,8.2429,0.0,58.5238,0
Chubut,2025,29,9.0238,0.0,54.0,0
Chubut,2025,30,1.8571,6.5333,71.7619,0
Chubut,2025,31,7.6286,7.3333,75.6667,0
Chubut,2025,32,6.0429,7.6667,71.5238,0
Chubut,2025,33,7.2524,7.6,75.4762,0
Chubut,2025,34,8.619,2.5333,58.1429,0
Chubut,2025,35,9.1571,0.0,68.2381,0
Chubut,2025,36,6.9143,0.0,53.0,0
Chubut,2025,37,10.7,4.3667,54.8571,0
Chubut,2025,38,9.7667,3.5,68.1905,0
Chubut,2025,39,11.3095,2.9,49.8571,0
Chubut,2025,40,12.2714,3.0,44.5238,0
Chubut,2025,41,13.4667,8.0667,44.7143,0
Chubut,2025,42,14.2857,0.8,36.619,0
Corrientes,2018,1,26.1619,6.8333,58.619,0
Corrientes,2018,2,27.3238,33.7333,67.381,0
Corrientes,2018,3,25.7762,90.0,72.5238,0
Corrientes,2018,4,25.9905,59.0,79.8571,0
Corrientes,2018,5,27.1238,0.0,65.2857,0
Corrientes,2018,6,27.1619,12.4333,69.381,0
Corrientes,2018,7,24.6095,11.3333,64.6667,0
Corrientes,2018,8,24.7143,7.6667,67.2857,0
Corrientes,2018,9,26.3238,19.3,71.9524,0
Corrientes,2018,10,24.519,3.9667,62.381,0
Corrientes,2018,11,24.7238,107.0,69.0476,1
Corrientes,2018,12,21.3667,70.6667,71.8095,0
Corrientes,2018,13,22.1286,2.0,80.5714,0
Corrientes,2018,14,23.6905,3.7,75.381,0
Corrientes,2018,15,23.6524,13.6333,74.8095,0
Corrientes,2018,16,25.0048,49.0,76.619,1
Corrientes,2018,17,24.3524,9.6667,82.8095,1
Corrientes,2018,18,21.9143,95.1333,87.1905,1
Corrientes,2018,19,19.8286,67.1333,85.8571,3
Corrientes,2018,20,15.8333,24.7667,81.6667,6
Corrientes,2018,21,14.1762,0.0,78.8571,1
Corrientes,2018,22,16.2048,28.9333,80.381,0
Corrientes,2018,23,12.5429,7.3333,80.381,1
Corrientes,2018,24,9.8952,0.8,79.8571,0
Corrientes,2018,25,14.7381,7.3333,76.4762,0
Corrientes,2018,26,14.4762,22.4333,87.5714,0
Corrientes,2018,27,13.0476,8.7,83.619,0
Corrientes,2019,1,26.4762,127.4,81.8095,0
Corrientes,2019,2,23.7952,224.9667,88.2381,0
Corrientes,2019,3,23.8619,144.3,85.5714,0
Corrientes,2019,4,27.6143,48.3333,78.9048,0
Corrientes,2019,5,27.5524,35.0,75.3333,0
Corrientes,2019,6,25.9,15.3333,70.9524,0
Corrientes,2019,7,23.581,27.0,74.4762,0
Corrientes,2019,8,28.2476,35.1667,69.5238,0
Corrientes,2019,9,22.681,9.3333,68.8095,0
Corrientes,2019,10,23.3238,78.1333,78.8571,0
Corrientes,2019,11,22.4143,21.1,82.0,0
Corrientes,2019,12,21.2333,1.0,71.3333,0
Corrientes,2019,13,21.9524,5.3,75.3333,0
Corrientes,2019,14,22.4048,24.5,78.619,0
Corrientes,2019,15,21.1333,0.2333,75.2381,0
Corrientes,2019,16,21.0619,89.5333,82.8571,0
Corrientes,2019,17,19.9238,93.7333,86.5238,0
Corrientes,2019,18,20.7238,34.6667,86.6667,0
Corrientes,2019,19,19.0667,93.4333,87.7143,0
Corrientes,2019,20,18.0952,32.3333,83.8095,0
Corrientes,2019,21,16.5857,44.7667,89.4762,0
Corrientes,2019,22,16.381,5.6667,89.1905,0
Corrientes,2019,23,16.5714,1.0,81.2857,0
Corrientes,2019,24,21.5286,11.7667,81.8571,0
Corrientes,2019,25,16.7619,0.2,82.4286,0
Corrientes,2019,26,15.8333,10.8,78.6667,0
Corrientes,2019,27,8.4857,0.0,72.2381,0
Corrientes,2019,28,16.6429,2.0,74.2381,0
Corrientes,2019,29,16.1857,2.1667,72.4286,0
Corrientes,2019,30,12.6571,73.1,88.3333,0
Corrientes,2019,31,13.281,3.4,76.4286,0
Corrientes,2019,32,14.9714,8.0667,79.5714,0
Corrientes,2019,33,14.5524,0.0,68.6667,0
Corrientes,2019,34,13.2048,39.6667,67.8571,0
Corrientes,2019,35,19.0952,5.0,73.381,0
Corrientes,2019,36,14.7381,5.6333,69.0476,0
Corrientes,2019,37,17.7714,25.0333,79.9524,0
Corrientes,2019,38,16.8952,0.0667,59.4286,0
Corrientes,2019,39,20.4905,0.0,55.4286,0
Corrientes,2019,40,20.5667,45.4667,76.2857,0
Corrientes,2019,41,25.1286,29.0,63.1429,0
Corrientes,2019,42,17.0714,49.1,83.2857,0
Corrientes,2019,43,20.6429,20.0,67.3333,0
Corrientes,2019,44,25.0429,41.8333,77.2381,0
Corrientes,2019,45,23.6857,49.6667,75.7619,0
Corrientes,2019,46,24.2095,43.6667,68.5714,0
Corrientes,2019,47,26.0619,15.2333,64.2381,0
Corrientes,2019,48,23.3667,75.5,72.1905,0
Corrientes,2019,49,22.5238,1.0333,57.9048,0
Corrientes,2019,50,25.4762,54.6667,63.8571,0
Corrientes,2019,51,24.0667,20.3333,66.7143,0
Corrientes,2019,52,27.1381,23.4,66.4286,0
Corrientes,2020,1,26.6143,10.6667,67.5238,0
Corrientes,2020,2,26.6143,7.7333,68.7143,0
Corrientes,2020,3,26.3,45.1333,71.5238,1
Corrientes,2020,4,25.9429,67.3333,75.6667,2
Corrientes,2020,5,25.5238,24.7667,70.5238,10
Corrientes,2020,6,28.9476,12.0,67.6667,10
Corrientes,2020,7,25.5238,83.6667,71.7143,19
Corrientes,2020,8,22.2,57.0,70.9048,27
Corrientes,2020,9,23.7667,0.0,63.0476,103
Corrientes,2020,10,25.4429,0.0,61.4762,144
Corrientes,2020,11,28.5429,21.0,63.4762,118
Corrientes,2020,12,23.819,37.0667,72.8095,215
Corrientes,2020,13,25.4238,2.3333,69.0952,141
Corrientes,2020,14,22.6571,35.3333,73.8095,200
Corrientes,2020,15,18.081,0.0,64.8571,108
Corrientes,2020,16,17.6714,0.7333,67.0,176
Corrientes,2020,17,23.2762,15.0,65.8571,171
Corrientes,2020,18,20.3524,12.3333,67.0,213
Corrientes,2020,19,16.0,29.0,71.8095,296
Corrientes,2020,20,17.5476,0.8333,69.4286,243
Corrientes,2020,21,17.2333,101.3333,77.3333,118
Corrientes,2020,22,15.5333,0.6667,72.9048,71
Corrientes,2020,23,12.55,28.0,85.5,36
Corrientes,2020,24,15.8381,4.5,76.9048,20
Corrientes,2020,25,21.4762,0.2333,73.7143,22
Corrientes,2020,26,16.5952,11.7667,68.0952,26
Corrientes,2020,27,12.2381,20.3,79.7143,13
Corrientes,2020,28,12.4143,10.6667,77.6667,6
Corrientes,2020,29,15.3095,4.9,66.7143,4
Corrientes,2020,30,16.7619,11.1667,72.5238,5
Corrientes,2020,31,14.7429,0.0667,64.8571,0
Corrientes,2020,32,22.7095,0.0,57.619,1
Corrientes,2020,33,14.3381,0.0,62.2857,0
Corrientes,2020,34,13.2286,0.0,49.2381,0
Corrientes,2020,35,22.1429,7.7667,63.4286,2
Corrientes,2020,36,13.8429,20.9,74.619,1
Corrientes,2020,37,19.4,19.0667,76.381,0
Corrientes,2020,38,17.3619,1.7,58.619,0
Corrientes,2020,39,22.6571,17.8667,54.4762,0
Corrientes,2020,40,21.0333,6.0667,64.0,0
Corrientes,2020,41,20.7333,0.0,56.5714,0
Corrientes,2020,42,23.8048,3.3333,56.7619,0
Corrientes,2020,43,27.1048,58.9333,62.0476,0
Corrientes,2020,44,21.0619,0.1667,57.9048,0
Corrientes,2020,45,23.2286,0.6667,50.0476,0
Corrientes,2020,46,24.7762,11.3333,62.7143,0
Corrientes,2020,47,24.5476,3.6667,46.1429,0
Corrientes,2020,48,27.2333,100.2,62.0476,0
Corrientes,2020,49,23.9952,45.0,67.2857,1
Corrientes,2020,50,26.0905,27.3333,62.2857,0
Corrientes,2020,51,25.6762,37.5667,64.5714,0
Corrientes,2020,52,26.5571,22.4,58.2857,1
Corrientes,2020,53,27.2143,9.0,56.8095,0
Corrientes,2021,1,27.6429,3.8,60.619,0
Corrientes,2021,2,26.0143,65.3,72.619,0
Corrientes,2021,3,26.4476,6.0,65.2857,0
Corrientes,2021,4,25.619,84.4,81.5714,0
Corrientes,2021,5,23.6476,43.6,77.0,0
Corrientes,2021,6,24.5524,15.1667,74.7143,0
Corrientes,2021,7,25.3714,0.0333,63.0,1
Corrientes,2021,8,26.7714,5.1333,64.9524,0
Corrientes,2021,9,25.781,18.0,69.0,0
Corrientes,2021,10,25.581,0.0,58.2857,0
Corrientes,2021,11,22.9286,40.8,75.0952,1
Corrientes,2021,12,23.1048,55.3667,82.9048,0
Corrientes,2021,13,21.081,0.1333,74.2857,0
Corrientes,2021,14,24.6476,29.7,76.4762,2
Corrientes,2021,15,21.5048,6.0,79.2857,6
Corrientes,2021,16,21.3238,27.3333,76.0952,2
Corrientes,2021,17,17.6571,0.0,73.9048,0
Corrientes,2021,18,16.1429,29.8667,78.4286,2
Corrientes,2021,19,14.3429,0.7667,79.381,0
Corrientes,2021,20,15.0905,62.7667,79.1905,0
Corrientes,2021,21,14.3238,17.3333,76.2381,0
Corrientes,2021,22,17.0143,31.3333,76.7143,0
Corrientes,2021,23,15.8238,3.6333,83.1905,0
Corrientes,2021,24,11.4667,0.1,79.5714,0
Corrientes,2021,25,12.7857,68.0,87.1429,0
Corrientes,2021,26,9.5238,0.0,76.4286,0
Corrientes,2021,27,17.6095,0.0333,76.3333,0
Corrientes,2021,28,14.6,8.7667,75.9524,0
Corrientes,2021,29,15.2857,10.5,66.3333,0
Corrientes,2021,30,10.181,0.4,66.0,0
Corrientes,2022,1,27.0714,4.8667,56.2857,0
Corrientes,2022,2,31.8762,3.5,43.8095,0
Corrientes,2022,3,31.4524,18.9333,59.0952,0
Corrientes,2022,4,27.7238,1.2,59.0476,0
Corrientes,2022,5,27.6762,13.9667,55.8571,0
Corrientes,2022,6,24.981,6.3333,53.2381,0
Corrientes,2022,7,28.0333,0.3,45.8095,0
Corrientes,2022,8,29.0476,24.5,58.4762,0
Corrientes,2022,9,26.519,39.0333,72.8095,0
Corrientes,2022,10,22.6619,70.0,76.0952,0
Corrientes,2022,11,21.9905,0.1333,66.3333,0
Corrientes,2022,12,20.5333,55.5667,78.0952,0
Corrientes,2022,13,18.5905,60.9667,72.1905,0
Corrientes,2022,14,21.5095,52.6667,87.8571,0
Corrientes,2022,15,18.1524,14.3333,74.5714,0
Corrientes,2022,16,19.5762,13.7667,78.2381,0
Corrientes,2022,17,20.4238,70.8667,79.2381,0
Corrientes,2022,18,16.6571,4.0,80.8095,0
Corrientes,2022,19,16.6238,2.8333,80.2857,0
Corrientes,2022,20,12.1286,0.0,76.4762,0
Corrientes,2022,21,17.3,60.5667,86.1905,0
Corrientes,2022,22,10.3762,9.2333,76.7143,0
Corrientes,2022,23,12.3143,3.8667,84.381,0
Corrientes,2022,24,12.5095,4.4,77.381,0
Corrientes,2022,25,12.6952,4.3333,88.1905,0
Corrientes,2022,26,13.8524,7.8333,85.4762,0
Corrientes,2022,27,19.1714,1.6333,78.619,0
Corrientes,2022,28,13.7571,47.9,84.5714,0
Corrientes,2022,29,18.5333,3.4,81.5714,0
Corrientes,2022,30,17.4905,5.3333,76.1905,0
Corrientes,2022,31,14.2429,73.6667,83.8571,1
Corrientes,2022,32,14.981,2.6333,79.0476,0
Corrientes,2022,33,13.1857,0.4,69.8095,0
Corrientes,2022,34,18.9429,6.8667,71.0476,0
Corrientes,2022,35,14.4,20.3667,71.3333,0
Corrientes,2022,36,15.719,0.0,69.7619,0
Corrientes,2022,37,16.7905,7.6667,66.5238,0
Corrientes,2022,38,16.2952,11.2,72.619,0
Corrientes,2022,39,18.3905,0.0,66.0952,0
Corrientes,2022,40,18.2238,27.6667,63.381,0
Corrientes,2022,41,18.4476,0.0,64.5238,0
Corrientes,2022,42,20.8095,35.8,74.0476,0
Corrientes,2022,43,22.7619,29.5,67.1429,0
Corrientes,2022,44,18.1286,0.0,55.8095,0
Corrientes,2022,45,22.481,20.3333,63.2857,0
Corrientes,2022,46,25.3714,8.3333,54.0952,0
Corrientes,2022,47,24.3238,3.7,60.9524,0
Corrientes,2022,48,26.8429,5.8,63.6667,0
Corrientes,2022,49,29.9571,3.7333,57.6667,0
Corrientes,2022,50,26.2,0.0,48.9524,0
Corrientes,2023,1,27.4,0.0,48.0476,0
Corrientes,2023,2,27.4095,16.3,55.4286,1
Corrientes,2023,3,30.0619,2.0,56.0476,0
Corrientes,2023,4,29.481,16.6333,58.4286,0
Corrientes,2023,5,27.7381,13.0,55.3333,0
Corrientes,2023,6,29.8381,7.3333,52.0952,0
Corrientes,2023,7,24.0476,13.3333,57.2857,1
Corrientes,2023,8,26.619,18.0,60.8571,7
Corrientes,2023,9,26.7,25.0667,69.9048,5
Corrientes,2023,10,28.6667,0.0,61.0952,11
Corrientes,2023,11,27.381,37.3,76.2857,34
Corrientes,2023,12,25.9857,50.3333,77.1429,49
Corrientes,2023,13,23.1905,53.2,70.6667,71
Corrientes,2023,14,21.9333,15.9,74.1905,58
Corrientes,2023,15,21.3476,26.8,75.2857,110
Corrientes,2023,16,18.1381,1.0,68.0,118
Corrientes,2023,17,20.6619,10.1667,77.619,172
Corrientes,2023,18,17.0238,69.9333,91.1905,90
Corrientes,2023,19,16.2,0.0,78.0952,86
Corrientes,2023,20,19.0952,19.9,80.5238,103
Corrientes,2023,21,20.1095,17.0,79.5238,105
Corrientes,2023,22,18.3286,13.6667,82.2381,127
Corrientes,2023,23,19.4524,3.5,77.1905,111
Corrientes,2023,24,11.2238,0.5,77.3333,65
Corrientes,2023,25,16.6381,11.7667,88.1429,25
Corrientes,2023,26,17.9143,3.4,77.7619,19
Corrientes,2023,27,19.4524,18.7333,81.619,60
Corrientes,2023,28,12.8333,15.0,84.1905,56
Corrientes,2023,29,15.7238,1.3333,72.2381,36
Corrientes,2023,30,13.5714,7.8,81.381,13
Corrientes,2023,31,22.2333,2.3333,74.1429,13
Corrientes,2023,32,15.1048,1.1667,72.0,17
Corrientes,2023,33,19.2,35.5667,70.2381,13
Corrientes,2023,34,16.5476,0.0,64.6667,6
Corrientes,2023,35,17.781,70.5,73.4762,8
Corrientes,2023,36,16.1857,35.8,85.1429,3
Corrientes,2023,37,18.5667,38.1,72.0952,11
Corrientes,2023,38,21.8524,21.5,84.4286,7
Corrientes,2023,39,16.9095,13.1667,74.2857,8
Corrientes,2023,40,19.0429,10.5333,63.0476,6
Corrientes,2023,41,18.8905,8.2333,63.8571,9
Corrientes,2023,42,21.9095,99.2,80.8095,7
Corrientes,2023,43,21.4333,28.8,82.5714,11
Corrientes,2023,44,19.3238,11.9667,78.7619,23
Corrientes,2023,45,25.7762,57.4333,73.8571,29
Corrientes,2023,46,23.1476,58.9667,80.5238,25
Corrientes,2023,47,24.4143,22.4333,69.7619,34
Corrientes,2023,48,25.4524,92.5,81.0952,101
Corrientes,2023,49,23.5476,10.1,74.5238,96
Corrientes,2023,50,27.1048,81.5,78.1905,192
Corrientes,2023,51,25.1333,59.9333,83.5714,308
Corrientes,2023,52,24.4476,45.3667,70.5714,630
Corrientes,2024,1,25.819,15.9667,73.2857,692
Corrientes,2024,2,24.6476,68.6667,82.9524,621
Corrientes,2024,3,26.1762,25.9,81.0,725
Corrientes,2024,4,24.3524,0.0,66.9048,619
Corrientes,2024,5,28.7095,0.2333,60.9048,594
Corrientes,2024,6,30.5857,6.9667,67.2857,636
Corrientes,2024,7,24.819,20.4,73.9524,545
Corrientes,2024,8,27.4619,15.9,71.0476,494
Corrientes,2024,9,26.5619,179.9667,84.6667,562
Corrientes,2024,10,24.4286,44.9333,77.1429,592
Corrientes,2024,11,27.4952,170.7333,78.5238,589
Corrientes,2024,12,23.9048,48.8667,81.1429,634
Corrientes,2024,13,24.5095,2.5,76.4762,567
Corrientes,2024,14,23.0429,113.9333,85.2857,589
Corrientes,2024,15,21.5762,101.7333,89.0476,602
Corrientes,2024,16,20.9048,36.9667,80.0476,564
Corrientes,2024,17,22.0619,76.5333,83.619,432
Corrientes,2024,18,21.0476,25.4,89.9048,251
Corrientes,2024,19,19.8286,14.8333,82.2381,240
Corrientes,2024,20,11.9143,0.0,78.1905,135
Corrientes,2024,21,12.7095,25.7333,84.4762,45
Corrientes,2024,22,14.0381,0.0333,83.7619,14
Corrientes,2024,23,18.6952,0.0,78.381,22
Corrientes,2024,24,22.1048,9.6333,77.7619,31
Corrientes,2024,25,20.2286,4.9,86.8571,12
Corrientes,2024,26,10.6286,0.0,74.2857,5
Corrientes,2024,27,11.8952,0.0,68.4762,1
Corrientes,2024,28,7.1333,0.3667,78.1429,0
Corrientes,2024,29,15.8762,0.0,82.0952,0
Corrientes,2024,30,18.5714,5.9333,78.9524,0
Corrientes,2024,31,18.3238,0.4667,68.0476,0
Corrientes,2024,32,13.8238,40.4,76.2381,0
Corrientes,2024,33,15.119,1.6667,69.8571,0
Corrientes,2024,34,13.3143,76.4,84.1905,0
Corrientes,2024,35,14.5476,2.0,75.2381,0
Corrientes,2024,36,16.3524,12.3333,75.8571,0
Corrientes,2024,37,17.419,6.6667,82.381,0
Corrientes,2024,38,22.281,9.5,70.619,0
Corrientes,2024,39,20.7857,61.7667,82.7619,0
Corrientes,2024,40,21.3286,16.2333,65.3333,0
Corrientes,2024,41,20.2429,19.6667,80.5238,0
Corrientes,2024,42,22.2524,21.6667,76.1905,0
Corrientes,2024,43,23.781,27.0333,68.6667,0
Corrientes,2024,44,24.219,31.8333,72.9524,0
Corrientes,2024,45,23.6905,20.9667,71.3333,0
Corrientes,2024,46,23.1143,26.4333,64.4762,0
Corrientes,2024,47,23.4238,56.9333,78.2857,0
Corrientes,2024,48,25.1143,134.0,82.8571,0
Corrientes,2024,49,22.6952,19.3333,67.4762,0
Corrientes,2024,50,23.6714,30.0,71.5714,0
Corrientes,2024,51,24.281,6.1667,68.8095,0
Corrientes,2024,52,23.019,3.0,63.3333,0
Corrientes,2025,1,26.7143,0.0,55.7143,0
Corrientes,2025,2,26.7238,0.0,51.0952,0
Corrientes,2025,3,28.5857,5.7667,57.0476,0
Corrientes,2025,4,27.1714,16.5,67.381,0
Corrientes,2025,5,26.9381,29.8333,67.4286,3
Corrientes,2025,6,30.6143,2.0333,57.0952,0
Corrientes,2025,7,29.1905,44.9667,65.5714,0
Corrientes,2025,8,26.7238,7.8667,75.0,1
Corrientes,2025,9,29.0714,8.7,70.9524,6
Corrientes,2025,10,29.7714,10.3333,62.381,4
Corrientes,2025,11,22.1095,0.4333,60.381,6
Corrientes,2025,12,25.1762,18.5,61.6667,3
Corrientes,2025,13,24.4857,62.7333,82.1429,1
Corrientes,2025,14,18.2571,43.7333,78.1429,5
Corrientes,2025,15,19.9476,30.4667,82.1429,0
Corrientes,2025,16,19.9333,1.0,69.0476,16
Corrientes,2025,17,20.1667,3.5,74.7619,0
Corrientes,2025,18,18.3476,2.7,72.2857,5
Corrientes,2025,19,20.9762,143.7,85.8571,0
Corrientes,2025,20,20.8714,28.2667,80.5238,0
Corrientes,2025,21,16.981,71.6667,84.1429,4
Corrientes,2025,22,12.6,96.0,84.619,0
Corrientes,2025,23,14.2048,4.1667,86.3333,0
Corrientes,2025,24,12.2238,45.6,83.0476,0
Corrientes,2025,25,14.3762,60.7,93.0476,0
Corrientes,2025,26,9.7048,0.0,72.381,0
Corrientes,2025,27,9.3381,0.0,77.1429,0
Corrientes,2025,28,14.3095,1.2,83.1429,0
Corrientes,2025,29,14.319,8.6333,81.8095,0
Corrientes,2025,30,15.881,66.7667,85.2381,0
Corrientes,2025,31,16.4571,3.0,72.5714,0
Corrientes,2025,32,12.0571,2.1667,75.0476,0
Corrientes,2025,33,13.3762,1.6667,77.4762,0
Corrientes,2025,34,16.1619,42.9,77.2857,0
Corrientes,2025,35,17.8714,18.1667,70.9524,0
Corrientes,2025,36,14.3381,21.3333,78.0476,0
Corrientes,2025,37,17.7667,24.8333,76.2381,0
Corrientes,2025,38,20.9619,85.0667,83.7619,0
Corrientes,2025,39,17.7238,24.8333,69.9524,0
Corrientes,2025,40,22.3476,28.6667,79.9524,0
Corrientes,2025,41,19.3619,11.0,67.9048,0
Corrientes,2025,42,20.8381,43.9,67.4286,0
Córdoba,2018,1,24.325,0.8,57.7143,0
Córdoba,2018,2,25.2411,36.4375,62.6429,0
Córdoba,2018,3,22.8768,26.3,67.8393,0
Córdoba,2018,4,23.0821,15.375,69.7143,0
Córdoba,2018,5,25.9125,6.2875,62.0714,0
Córdoba,2018,6,23.8,34.1125,66.0714,0
Córdoba,2018,7,23.2107,1.25,62.6964,0
Córdoba,2018,8,21.5964,14.975,67.8036,0
Córdoba,2018,9,23.475,7.0375,69.1964,0
Córdoba,2018,10,21.9857,1.2,60.2857,1
Córdoba,2018,11,20.8679,5.625,53.7321,0
Córdoba,2018,12,18.2893,4.7125,55.2857,7
Córdoba,2018,13,20.1464,15.025,60.7679,5
Córdoba,2018,14,18.7446,26.7625,79.9286,0
Córdoba,2018,15,19.5571,1.7625,70.8214,1
Córdoba,2018,16,22.8964,17.25,74.1071,2
Córdoba,2018,17,20.9696,6.7375,80.1429,1
Córdoba,2018,18,16.9286,30.1,94.1071,0
Córdoba,2018,19,16.6268,72.7625,84.6429,0
Córdoba,2018,20,13.0857,0.0,73.1964,0
Córdoba,2018,21,12.2036,0.0,73.0179,1
Córdoba,2018,22,11.1714,5.925,79.1786,0
Córdoba,2018,23,8.9464,0.0,72.2143,0
Córdoba,2018,24,5.9214,3.75,71.5,0
Córdoba,2018,25,10.3018,0.0,61.5536,0
Córdoba,2018,26,11.6821,0.5125,72.1071,0
Córdoba,2018,27,7.4661,0.6875,80.3929,0
Córdoba,2019,1,24.6214,42.15,70.8214,0
Córdoba,2019,2,21.0589,29.925,78.4643,0
Córdoba,2019,3,20.4018,33.375,77.7321,0
Córdoba,2019,4,26.1554,64.8,79.2143,0
Córdoba,2019,5,25.0125,21.9625,78.8036,0
Córdoba,2019,6,23.5714,27.4125,72.3214,0
Córdoba,2019,7,20.1411,3.275,74.7321,0
Córdoba,2019,8,26.2036,14.5375,71.1071,0
Córdoba,2019,9,21.5321,61.375,68.4107,1
Córdoba,2019,10,20.225,9.75,81.3929,0
Córdoba,2019,11,18.8929,39.775,83.8929,0
Córdoba,2019,12,17.0946,0.625,75.6786,0
Córdoba,2019,13,18.3786,47.6625,81.5714,0
Córdoba,2019,14,19.2018,6.775,72.6964,0
Córdoba,2019,15,18.6857,4.75,69.3929,0
Córdoba,2019,16,18.4536,16.15,78.3393,0
Córdoba,2019,17,14.9321,46.1,88.1607,1
Córdoba,2019,18,16.9161,9.6,78.2679,0
Córdoba,2019,19,15.0589,8.7625,79.9464,1
Córdoba,2019,20,13.9839,0.0,75.1429,0
Córdoba,2019,21,10.7893,9.7125,79.1071,0
Córdoba,2019,22,11.0286,2.9,86.9286,0
Córdoba,2019,23,12.4643,0.0,73.2143,0
Córdoba,2019,24,12.1107,8.25,87.5893,0
Córdoba,2019,25,11.5804,1.65,73.5714,0
Córdoba,2019,26,9.2321,0.025,66.6786,0
Córdoba,2019,27,6.4554,0.0,66.7321,0
Córdoba,2019,28,11.2518,0.0,73.0,0
Córdoba,2019,29,12.4643,0.0,68.2321,0
Córdoba,2019,30,8.4036,7.0625,67.0714,0
Córdoba,2019,31,10.525,0.0,59.2857,0
Córdoba,2019,32,10.9786,0.0125,50.2321,0
Córdoba,2019,33,9.5464,0.0,60.0536,0
Córdoba,2019,34,11.1625,0.0,66.0536,0
Córdoba,2019,35,16.1196,0.0,58.6607,0
Córdoba,2019,36,10.0446,2.3125,55.1607,0
Córdoba,2019,37,13.1286,5.0625,70.3929,0
Córdoba,2019,38,14.4196,0.0,38.8393,0
Córdoba,2019,39,20.5911,0.0,45.9643,0
Córdoba,2019,40,14.8929,3.4,54.8214,0
Córdoba,2019,41,22.8321,22.8625,56.1786,0
Córdoba,2019,42,14.3,10.0625,75.0,0
Córdoba,2019,43,20.4411,15.375,61.4107,0
Córdoba,2019,44,20.4268,1.7625,60.1429,0
Córdoba,2019,45,22.2768,22.1875,61.5893,0
Córdoba,2019,46,24.7214,32.825,60.9643,0
Córdoba,2019,47,23.975,37.2875,64.6607,0
Córdoba,2019,48,21.8804,13.1125,56.375,0
Córdoba,2019,49,21.7607,21.7125,55.6964,0
Córdoba,2019,50,24.9125,24.0125,50.6786,0
Córdoba,2019,51,23.7,27.8625,52.8571,0
Córdoba,2019,52,25.0125,69.5,63.3571,0
Córdoba,2020,1,24.7054,18.125,68.2857,0
Córdoba,2020,2,24.0607,32.8375,65.6071,0
Córdoba,2020,3,24.9768,23.55,64.0893,0
Córdoba,2020,4,26.1589,15.9375,68.9464,2
Córdoba,2020,5,23.3929,7.35,62.9821,10
Córdoba,2020,6,23.8286,124.7625,79.125,13
Córdoba,2020,7,23.1179,24.65,76.1786,35
Córdoba,2020,8,19.9804,13.1,67.9107,107
Córdoba,2020,9,22.1607,10.0,66.0179,77
Córdoba,2020,10,24.4661,0.0,63.8036,149
Córdoba,2020,11,23.0857,26.9,76.7321,318
Córdoba,2020,12,20.7304,17.2875,74.4821,396
Córdoba,2020,13,21.65,53.275,79.0893,488
Córdoba,2020,14,19.85,11.2,74.6429,490
Córdoba,2020,15,16.3964,10.875,61.5,424
Córdoba,2020,16,16.8232,0.0,65.8393,323
Córdoba,2020,17,20.3482,19.4875,71.875,260
Córdoba,2020,18,16.8161,8.5375,71.3929,186
Córdoba,2020,19,13.8304,0.0,64.5357,143
Córdoba,2020,20,14.4143,0.0,56.875,106
Córdoba,2020,21,13.475,0.375,61.2679,53
Córdoba,2020,22,12.3036,0.0,60.8393,18
Córdoba,2020,23,9.0768,0.875,68.5893,4
Córdoba,2020,24,11.2464,0.0,66.4821,1
Córdoba,2020,25,12.2661,0.0125,65.0179,3
Córdoba,2020,26,8.1143,0.1375,66.1071,0
Córdoba,2020,27,7.8732,0.0,69.8929,1
Córdoba,2020,28,6.8071,0.0,65.875,0
Córdoba,2020,29,9.2429,0.0625,68.9286,0
Córdoba,2020,30,9.1429,0.275,68.0179,0
Córdoba,2020,31,10.225,0.0,50.2143,0
Córdoba,2020,32,16.5411,0.125,57.5714,0
Córdoba,2020,33,9.7696,0.0,38.625,0
Córdoba,2020,34,9.5732,0.0,38.1429,0
Córdoba,2020,35,14.5946,0.4125,56.125,0
Córdoba,2020,36,10.4929,8.625,69.6964,0
Córdoba,2020,37,15.3286,0.275,53.7857,0
Córdoba,2020,38,14.9625,0.0,36.8393,0
Córdoba,2020,39,18.6946,5.275,47.25,0
Córdoba,2020,40,16.9054,0.0125,42.9107,0
Córdoba,2020,41,18.1339,0.0,41.3393,0
Córdoba,2020,42,23.3929,5.5,46.7679,0
Córdoba,2020,43,18.4946,42.025,78.6786,0
Córdoba,2020,44,18.0036,1.5,47.375,0
Córdoba,2020,45,22.3714,1.65,45.7321,0
Córdoba,2020,46,21.9607,40.0625,62.0893,0
Córdoba,2020,47,22.2357,4.65,53.5893,0
Córdoba,2020,48,25.0018,20.45,55.3571,0
Córdoba,2020,49,20.5036,28.5,58.7143,0
Córdoba,2020,50,24.8821,4.375,46.2679,0
Córdoba,2020,51,23.5339,24.7125,47.1786,1
Córdoba,2020,52,26.0464,15.4,51.4286,0
Córdoba,2020,53,23.2339,40.0375,63.1607,0
Córdoba,2021,1,23.3143,33.5625,64.1429,0
Córdoba,2021,2,21.9875,39.025,69.8929,0
Córdoba,2021,3,25.1482,1.5,58.8929,0
Córdoba,2021,4,22.9321,110.125,76.8571,0
Córdoba,2021,5,21.0911,13.5625,73.8036,0
Córdoba,2021,6,21.2357,17.75,78.25,0
Córdoba,2021,7,22.1429,16.45,71.125,0
Córdoba,2021,8,23.5411,16.825,70.6786,0
Córdoba,2021,9,24.0018,6.125,76.0357,0
Córdoba,2021,10,22.6339,25.5875,72.7321,0
Córdoba,2021,11,17.9571,45.4375,78.3571,2
Córdoba,2021,12,18.4179,35.625,76.8036,0
Córdoba,2021,13,18.9643,0.0,70.9821,0
Córdoba,2021,14,19.9518,68.175,81.8036,0
Córdoba,2021,15,19.2429,0.0,74.0714,1
Córdoba,2021,16,18.575,17.7375,76.7143,1
Córdoba,2021,17,16.3875,0.0,68.3571,1
Córdoba,2021,18,11.9893,8.0,72.6964,4
Córdoba,2021,19,11.9143,0.0,68.3214,0
Córdoba,2021,20,13.5036,19.55,74.5536,0
Córdoba,2021,21,12.4375,0.0,59.6607,0
Córdoba,2021,22,13.8571,0.0375,63.4405,0
Córdoba,2021,23,12.9357,0.0,72.6429,0
Córdoba,2021,24,6.675,7.175,77.375,0
Córdoba,2021,25,9.2679,0.725,74.6429,0
Córdoba,2021,26,6.7321,0.0,56.9286,0
Córdoba,2021,27,13.2964,0.5625,64.7143,0
Córdoba,2021,28,9.8018,1.6,58.0893,0
Córdoba,2021,29,11.5875,0.0,53.8571,0
Córdoba,2021,30,7.2768,0.0,49.75,0
Córdoba,2022,1,26.0357,5.625,50.2143,0
Córdoba,2022,2,31.4375,14.5,40.3036,0
Córdoba,2022,3,23.1875,87.425,78.6964,0
Córdoba,2022,4,23.4768,13.5125,71.3571,0
Córdoba,2022,5,22.6554,16.9,67.9286,0
Córdoba,2022,6,20.8804,24.6875,65.3571,0
Córdoba,2022,7,23.2518,23.5,67.8929,0
Córdoba,2022,8,22.6643,21.9625,76.8393,0
Córdoba,2022,9,22.7643,36.9125,74.3571,0
Córdoba,2022,10,19.7286,9.5125,72.75,0
Córdoba,2022,11,20.0964,24.625,67.8214,0
Córdoba,2022,12,18.5732,8.95,64.875,0
Córdoba,2022,13,16.5643,0.0,55.0179,1
Córdoba,2022,14,20.0482,10.6,68.8929,0
Córdoba,2022,15,15.3714,2.95,68.2679,0
Córdoba,2022,16,17.3732,9.55,67.875,1
Córdoba,2022,17,14.8911,3.6125,58.5536,1
Córdoba,2022,18,14.5143,0.375,65.25,0
Córdoba,2022,19,14.7732,8.75,73.5893,0
Córdoba,2022,20,9.5679,0.0,65.3036,0
Córdoba,2022,21,11.5071,0.0375,70.8571,1
Córdoba,2022,22,7.8179,0.0,62.9464,0
Córdoba,2022,23,9.9357,0.0,66.3214,0
Córdoba,2022,24,9.9982,0.0,54.3393,0
Córdoba,2022,25,6.8839,0.525,70.1786,0
Córdoba,2022,26,10.2232,3.3125,63.0,0
Córdoba,2022,27,10.55,0.25,54.8571,0
Córdoba,2022,28,7.9857,0.3375,62.4286,0
Córdoba,2022,29,12.2214,0.0625,66.875,0
Córdoba,2022,30,13.3607,0.2375,67.2321,0
Córdoba,2022,31,11.8268,9.65,65.4643,0
Córdoba,2022,32,11.7357,4.85,69.25,0
Córdoba,2022,33,10.4161,0.0,42.9464,0
Córdoba,2022,34,14.8,0.6625,51.8929,0
Córdoba,2022,35,12.75,0.625,41.8393,0
Córdoba,2022,36,14.3143,0.0,35.7679,0
Córdoba,2022,37,16.6321,4.8125,41.5357,0
Córdoba,2022,38,12.6161,5.5375,60.1964,0
Córdoba,2022,39,16.2696,4.3625,55.7321,0
Córdoba,2022,40,17.1018,10.1875,45.5,1
Córdoba,2022,41,15.2054,3.6875,43.8571,0
Córdoba,2022,42,17.1054,10.3,64.6786,0
Córdoba,2022,43,22.8018,24.0125,46.6607,0
Córdoba,2022,44,18.5786,0.0,37.6071,0
Córdoba,2022,45,21.5196,38.125,55.8036,0
Córdoba,2022,46,25.1375,19.0875,46.75,0
Córdoba,2022,47,25.8143,0.0,41.8036,0
Córdoba,2022,48,25.125,8.8,49.625,2
Córdoba,2022,49,29.3982,25.2625,48.6607,0
Córdoba,2022,50,24.5375,5.6625,42.1607,1
Córdoba,2023,1,25.9125,1.1625,45.5536,2
Córdoba,2023,2,24.8536,23.7125,55.7143,2
Córdoba,2023,3,26.5143,31.4125,62.875,0
Córdoba,2023,4,24.6143,54.9125,73.0536,2
Córdoba,2023,5,23.9661,21.2375,71.0179,3
Córdoba,2023,6,27.3464,10.8,57.9464,0
Córdoba,2023,7,20.1143,7.875,57.3393,9
Córdoba,2023,8,22.6875,10.3625,62.9464,11
Córdoba,2023,9,26.3429,2.15,58.7857,24
Córdoba,2023,10,26.6911,11.25,60.125,116
Córdoba,2023,11,26.0286,27.875,67.5714,305
Córdoba,2023,12,21.1732,67.7125,85.3036,687
Córdoba,2023,13,20.0589,2.2,66.9821,1109
Córdoba,2023,14,20.7571,5.4,75.8929,1280
Córdoba,2023,15,17.3036,9.025,72.8393,1341
Córdoba,2023,16,16.0036,5.525,65.7679,1083
Córdoba,2023,17,18.7643,0.4375,71.1607,692
Córdoba,2023,18,14.2089,12.6,63.3214,455
Córdoba,2023,19,16.0625,0.0,70.9107,273
Córdoba,2023,20,16.7268,7.8,74.0893,205
Córdoba,2023,21,16.1054,5.15,79.4286,128
Córdoba,2023,22,14.8875,2.4,75.7143,113
Córdoba,2023,23,14.5286,0.0,67.0893,85
Córdoba,2023,24,6.0393,0.0,64.9821,65
Córdoba,2023,25,11.2,2.025,82.2143,2
Córdoba,2023,26,12.625,0.0,66.0179,6
Córdoba,2023,27,15.1893,4.225,76.4107,5
Córdoba,2023,28,7.6982,12.1625,84.8929,2
Córdoba,2023,29,10.5982,0.0,62.8036,4
Córdoba,2023,30,11.1357,0.0,62.875,0
Córdoba,2023,31,16.1,0.0,58.2143,0
Córdoba,2023,32,11.0429,0.0,51.8929,1
Córdoba,2023,33,14.6679,0.55,55.8393,0
Córdoba,2023,34,12.4054,0.75,59.5,0
Córdoba,2023,35,14.1661,11.65,52.1964,1
Córdoba,2023,36,13.1232,1.0,63.0,1
Córdoba,2023,37,17.1321,0.0,38.0,0
Córdoba,2023,38,16.8357,0.6,61.4464,1
Córdoba,2023,39,16.4768,0.4125,43.8571,5
Córdoba,2023,40,18.1857,2.825,43.4821,0
Córdoba,2023,41,18.8786,0.4375,36.5714,1
Córdoba,2023,42,20.9232,22.4875,53.0893,0
Córdoba,2023,43,20.2321,20.8,70.3393,1
Córdoba,2023,44,15.2429,23.35,63.4107,3
Córdoba,2023,45,22.8643,5.375,44.6786,2
Córdoba,2023,46,20.9411,14.075,48.9821,4
Córdoba,2023,47,24.6464,7.3125,47.875,3
Córdoba,2023,48,23.4411,42.075,66.25,5
Córdoba,2023,49,20.3946,13.0625,65.8214,3
Córdoba,2023,50,26.0857,50.2625,68.4464,3
Córdoba,2023,51,21.4357,27.7,77.7679,16
Córdoba,2023,52,24.9589,27.5625,56.75,19
Córdoba,2024,1,24.9125,75.0625,68.0714,76
Córdoba,2024,2,23.7089,44.375,75.0,95
Córdoba,2024,3,23.3268,19.8125,67.9286,115
Córdoba,2024,4,24.0393,0.0,58.2857,140
Córdoba,2024,5,27.1286,8.775,56.0714,177
Córdoba,2024,6,26.6696,78.1375,73.625,708
Córdoba,2024,7,21.5679,14.8625,75.1071,1413
Córdoba,2024,8,22.9339,62.0125,76.8929,1962
Córdoba,2024,9,23.8232,13.4125,81.9286,3296
Córdoba,2024,10,22.8214,6.55,75.1786,4307
Córdoba,2024,11,24.6857,20.225,84.4286,9256
Córdoba,2024,12,22.0571,3.0,68.6071,18251
Córdoba,2024,13,23.3286,14.0125,68.9643,20134
Córdoba,2024,14,18.6393,31.375,74.7857,22364
Córdoba,2024,15,15.1679,69.1375,88.5357,9740
Córdoba,2024,16,18.7661,4.1625,70.7857,4408
Córdoba,2024,17,15.6786,5.4625,77.1607,3726
Córdoba,2024,18,14.725,0.425,75.0536,2048
Córdoba,2024,19,11.7071,4.6,72.4464,1087
Córdoba,2024,20,7.6929,0.0,71.1429,421
Córdoba,2024,21,8.4179,3.625,77.125,162
Córdoba,2024,22,8.9607,0.0,71.6964,15
Córdoba,2024,23,13.4089,0.0,74.4286,4
Córdoba,2024,24,15.2304,0.1,68.5893,4
Córdoba,2024,25,12.7375,1.0875,80.0357,1
Córdoba,2024,26,8.3893,0.0,57.9821,1
Córdoba,2024,27,7.2643,0.0,53.6964,0
Córdoba,2024,28,3.3089,0.0,63.4107,0
Córdoba,2024,29,9.1286,2.4,75.1786,0
Córdoba,2024,30,11.5911,0.0,63.6964,1
Córdoba,2024,31,13.5732,3.125,59.1429,0
Córdoba,2024,32,9.2107,0.025,54.6964,0
Córdoba,2024,33,12.1,0.0,54.0,0
Córdoba,2024,34,8.0482,2.425,75.4821,0
Córdoba,2024,35,11.75,1.9875,60.8214,1
Córdoba,2024,36,16.2518,0.0,41.0357,0
Córdoba,2024,37,16.4143,0.075,46.1607,0
Córdoba,2024,38,21.2643,0.25,42.8929,0
Córdoba,2024,39,18.9911,0.0625,43.9643,0
Córdoba,2024,40,20.8179,2.5,35.7321,0
Córdoba,2024,41,18.0446,50.8,76.9107,2
Córdoba,2024,42,21.5696,10.5375,71.3393,0
Córdoba,2024,43,19.8357,67.625,64.0714,0
Córdoba,2024,44,23.3982,11.775,57.1786,2
Córdoba,2024,45,22.5446,12.2875,58.875,4
Córdoba,2024,46,23.2196,9.25,46.4464,0
Córdoba,2024,47,22.9286,39.525,64.3571,1
Córdoba,2024,48,21.7214,60.7625,79.7321,0
Córdoba,2024,49,21.1643,5.1625,53.9107,0
Córdoba,2024,50,24.4589,18.2,53.2857,0
Córdoba,2024,51,22.8089,44.45,64.0893,2
Córdoba,2024,52,23.6929,21.65,59.5179,0
Córdoba,2025,1,25.7696,20.5125,58.3393,1
Córdoba,2025,2,26.2375,8.1875,56.8929,3
Córdoba,2025,3,25.8518,36.1625,58.3214,14
Córdoba,2025,4,25.5857,27.0,66.4286,22
Córdoba,2025,5,26.1411,12.1625,66.75,47
Córdoba,2025,6,27.7375,17.2875,62.6607,53
Córdoba,2025,7,25.4143,36.95,71.0714,79
Córdoba,2025,8,26.625,0.0,63.6964,175
Córdoba,2025,9,24.7518,87.6875,80.25,277
Córdoba,2025,10,25.0268,64.575,71.4643,415
Córdoba,2025,11,18.5179,43.7625,78.0714,632
Córdoba,2025,12,22.2893,20.8,74.1607,483
Córdoba,2025,13,19.9125,36.5,87.4286,513
Córdoba,2025,14,13.8768,5.625,69.0,427
Córdoba,2025,15,17.0107,9.2375,79.375,197
Córdoba,2025,16,16.9429,6.8125,75.3929,103
Córdoba,2025,17,18.1018,6.6,69.9286,121
Córdoba,2025,18,18.5714,0.375,67.5357,85
Córdoba,2025,19,17.8357,3.15,83.0714,71
Córdoba,2025,20,19.1393,3.0125,72.1429,72
Córdoba,2025,21,13.3214,0.3875,74.5536,52
Córdoba,2025,22,9.5482,1.75,67.25,20
Córdoba,2025,23,11.2893,0.2625,74.9821,7
Córdoba,2025,24,10.4446,0.6,70.5536,1
Córdoba,2025,25,9.4464,0.0375,63.8036,0
Córdoba,2025,26,6.3232,0.2,50.0357,0
Córdoba,2025,27,6.8786,0.5,61.4464,0
Córdoba,2025,28,12.6821,18.05,82.1786,1
Córdoba,2025,29,12.3321,6.1875,63.7679,1
Córdoba,2025,30,9.3571,12.7875,86.1964,0
Córdoba,2025,31,12.2179,0.0,73.7143,0
Córdoba,2025,32,10.1036,0.0,57.4107,0
Córdoba,2025,33,11.8339,0.275,61.875,0
Córdoba,2025,34,12.4768,18.5125,57.4286,0
Córdoba,2025,35,14.9714,75.55,59.375,0
Córdoba,2025,36,10.6286,0.0,62.5536,0
Córdoba,2025,37,16.7071,0.025,54.3929,0
Córdoba,2025,38,19.8304,3.8875,73.7143,0
Córdoba,2025,39,16.7875,21.9875,53.3036,0
Córdoba,2025,40,20.0357,21.5125,57.8393,0
Córdoba,2025,41,19.1107,0.0,40.2679,0
Córdoba,2025,42,20.5089,5.35,49.4107,0
Entre Ríos,2018,1,24.7381,2.6667,58.619,0
Entre Ríos,2018,2,26.7,21.5667,62.5238,0
Entre Ríos,2018,3,25.2762,2.6667,65.9048,0
Entre Ríos,2018,4,25.6476,38.4333,62.619,0
Entre Ríos,2018,5,26.8476,0.0,54.9048,0
Entre Ríos,2018,6,26.4429,29.5,63.7143,0
Entre Ríos,2018,7,24.0476,1.0,58.9048,0
Entre Ríos,2018,8,23.7238,10.7667,65.9524,0
Entre Ríos,2018,9,25.2857,12.6667,65.8095,0
Entre Ríos,2018,10,22.5143,6.0,57.9524,0
Entre Ríos,2018,11,22.4048,13.9333,60.9524,0
Entre Ríos,2018,12,19.9476,19.0,61.7619,0
Entre Ríos,2018,13,21.519,0.0,69.8095,0
Entre Ríos,2018,14,21.5,28.0333,79.0952,1
Entre Ríos,2018,15,21.9857,9.3333,70.3333,0
Entre Ríos,2018,16,23.5524,79.6667,77.4286,2
Entre Ríos,2018,17,23.0714,56.0,83.9524,0
Entre Ríos,2018,18,18.9095,121.0,93.1429,0
Entre Ríos,2018,19,18.3952,99.6667,88.8095,0
Entre Ríos,2018,20,13.6524,5.8333,80.0476,1
Entre Ríos,2018,21,12.5381,0.0,78.619,0
Entre Ríos,2018,22,14.4333,29.4,80.7143,0
Entre Ríos,2018,23,11.0952,4.0,81.0476,0
Entre Ríos,2018,24,7.8524,2.3333,82.2381,0
Entre Ríos,2018,25,11.7381,1.3,71.6667,0
Entre Ríos,2018,26,12.3381,14.1667,83.2857,0
Entre Ríos,2018,27,10.1952,3.7333,83.9048,0
Entre Ríos,2019,1,25.181,81.0,71.7619,0
Entre Ríos,2019,2,23.4667,95.4333,80.2381,0
Entre Ríos,2019,3,22.1143,73.3,79.3333,0
Entre Ríos,2019,4,26.219,60.6667,79.2381,0
Entre Ríos,2019,5,25.681,75.3333,78.3333,0
Entre Ríos,2019,6,25.5143,12.3333,65.8095,0
Entre Ríos,2019,7,22.1286,5.4,70.2381,0
Entre Ríos,2019,8,27.2952,89.9333,70.8095,0
Entre Ríos,2019,9,21.5333,22.3333,65.5714,0
Entre Ríos,2019,10,22.2524,56.2,78.8571,0
Entre Ríos,2019,11,21.0381,24.9,80.8571,0
Entre Ríos,2019,12,18.9048,6.3333,73.381,0
Entre Ríos,2019,13,20.3857,9.2,76.619,0
Entre Ríos,2019,14,21.0381,3.1,77.7619,0
Entre Ríos,2019,15,19.2048,0.0,72.8571,0
Entre Ríos,2019,16,18.8,19.6667,77.8571,0
Entre Ríos,2019,17,17.1095,51.9,87.7619,0
Entre Ríos,2019,18,18.3095,35.0,83.0,0
Entre Ríos,2019,19,16.4714,30.7,83.0,0
Entre Ríos,2019,20,16.3476,9.4,82.619,0
Entre Ríos,2019,21,14.0667,12.7333,87.7143,0
Entre Ríos,2019,22,14.1048,2.6667,87.5238,0
Entre Ríos,2019,23,14.6095,2.0,78.4762,0
Entre Ríos,2019,24,17.8905,96.3333,92.7619,0
Entre Ríos,2019,25,14.881,16.7,82.8571,0
Entre Ríos,2019,26,12.781,1.4333,78.2857,0
Entre Ríos,2019,27,6.6857,0.0,71.9524,0
Entre Ríos,2019,28,13.3905,0.3333,78.1905,0
Entre Ríos,2019,29,14.3238,5.1,76.2381,0
Entre Ríos,2019,30,11.0286,46.2333,84.4286,0
Entre Ríos,2019,31,11.3333,3.0,74.0952,0
Entre Ríos,2019,32,12.4857,23.3333,78.2381,0
Entre Ríos,2019,33,11.4524,0.0,72.4762,0
Entre Ríos,2019,34,10.9952,15.0,70.7143,0
Entre Ríos,2019,35,16.9429,22.3333,72.9524,0
Entre Ríos,2019,36,11.3857,62.7333,69.381,0
Entre Ríos,2019,37,14.8667,12.3333,78.8095,0
Entre Ríos,2019,38,15.1238,0.0,54.619,0
Entre Ríos,2019,39,19.0714,0.0,54.9524,0
Entre Ríos,2019,40,17.0333,46.2,73.8571,0
Entre Ríos,2019,41,22.1524,32.3,70.6667,0
Entre Ríos,2019,42,15.3238,30.4333,80.381,0
Entre Ríos,2019,43,19.7667,13.6333,68.9524,0
Entre Ríos,2019,44,21.5381,43.8333,79.2381,0
Entre Ríos,2019,45,22.2571,23.0,70.6667,0
Entre Ríos,2019,46,24.1905,3.0,61.6667,0
Entre Ríos,2019,47,24.3905,25.7333,61.5714,0
Entre Ríos,2019,48,22.1048,29.3,64.6667,0
Entre Ríos,2019,49,21.5524,5.4333,55.8095,0
Entre Ríos,2019,50,24.7048,105.6667,59.1429,0
Entre Ríos,2019,51,22.6381,29.3333,62.7619,0
Entre Ríos,2019,52,26.219,11.0,63.1905,0
Entre Ríos,2020,1,24.8762,32.2667,70.381,0
Entre Ríos,2020,2,25.0333,28.7333,64.5238,1
Entre Ríos,2020,3,25.2095,55.6667,65.6667,0
Entre Ríos,2020,4,26.2429,20.0,72.7619,4
Entre Ríos,2020,5,23.8905,20.0,64.0952,1
Entre Ríos,2020,6,27.319,1.0,67.381,8
Entre Ríos,2020,7,25.0714,17.0,66.9048,8
Entre Ríos,2020,8,20.8667,41.0,65.9048,10
Entre Ríos,2020,9,23.6619,0.0,60.1429,18
Entre Ríos,2020,10,25.7857,0.0,54.7619,24
Entre Ríos,2020,11,26.119,38.0,69.7619,27
Entre Ríos,2020,12,21.7,50.6667,73.8095,46
Entre Ríos,2020,13,24.2238,8.3333,72.6667,93
Entre Ríos,2020,14,21.1286,9.3333,74.0952,115
Entre Ríos,2020,15,16.481,1.0,66.0476,83
Entre Ríos,2020,16,16.4952,6.0,70.7619,44
Entre Ríos,2020,17,21.7905,10.3333,70.619,38
Entre Ríos,2020,18,17.3429,89.0,77.8095,25
Entre Ríos,2020,19,14.7619,15.0,73.1905,18
Entre Ríos,2020,20,16.1095,0.0,63.7143,10
Entre Ríos,2020,21,15.7333,47.5,79.0,6
Entre Ríos,2020,22,13.5952,0.0,77.3333,0
Entre Ríos,2020,23,11.3667,47.2667,85.5238,1
Entre Ríos,2020,24,12.1286,1.0,77.1905,1
Entre Ríos,2020,25,16.1333,27.0,81.7619,0
Entre Ríos,2020,26,11.6143,7.3,80.5238,0
Entre Ríos,2020,27,9.681,6.8333,82.8571,0
Entre Ríos,2020,28,9.0571,1.5667,74.6667,0
Entre Ríos,2020,29,12.0714,0.0,69.6667,0
Entre Ríos,2020,30,12.6714,12.8,81.619,0
Entre Ríos,2020,31,11.6381,0.0,67.381,0
Entre Ríos,2020,32,19.4905,6.1,69.3333,0
Entre Ríos,2020,33,11.281,0.0333,58.1429,0
Entre Ríos,2020,34,10.8667,0.0,52.6667,0
Entre Ríos,2020,35,17.8952,14.6667,70.1905,0
Entre Ríos,2020,36,11.2857,58.2667,80.0952,0
Entre Ríos,2020,37,15.881,5.5,74.5714,0
Entre Ríos,2020,38,14.3143,0.6667,52.4762,0
Entre Ríos,2020,39,18.381,7.5,61.2857,0
Entre Ríos,2020,40,16.8048,4.1,59.9048,0
Entre Ríos,2020,41,18.0714,0.1667,58.4762,0
Entre Ríos,2020,42,22.3524,0.0,58.8095,0
Entre Ríos,2020,43,21.4714,57.5,77.7143,0
Entre Ríos,2020,44,17.6714,0.0,60.6667,0
Entre Ríos,2020,45,21.5762,3.3333,53.4286,0
Entre Ríos,2020,46,22.1048,6.6667,66.7619,0
Entre Ríos,2020,47,23.081,4.3333,50.2857,0
Entre Ríos,2020,48,25.0619,57.3333,62.4762,0
Entre Ríos,2020,49,20.8857,34.8333,66.381,0
Entre Ríos,2020,50,23.2429,41.6667,64.9048,0
Entre Ríos,2020,51,23.3381,24.6667,63.8571,0
Entre Ríos,2020,52,25.8143,5.6667,57.8095,0
Entre Ríos,2020,53,25.4476,17.6667,56.7143,0
Entre Ríos,2021,1,26.2571,12.1667,56.619,0
Entre Ríos,2021,2,22.8143,52.3,72.2857,0
Entre Ríos,2021,3,27.0714,0.0,56.4286,0
Entre Ríos,2021,4,24.5905,83.0333,78.4762,0
Entre Ríos,2021,5,22.719,34.3667,76.5238,0
Entre Ríos,2021,6,23.6,22.1667,74.4286,0
Entre Ríos,2021,7,23.981,0.0,60.2381,0
Entre Ríos,2021,8,25.9571,1.3333,59.3333,0
Entre Ríos,2021,9,24.4762,19.3333,72.381,0
Entre Ríos,2021,10,24.7571,1.3333,63.381,0
Entre Ríos,2021,11,20.2905,57.3333,76.7619,0
Entre Ríos,2021,12,20.6,56.9333,85.5714,0
Entre Ríos,2021,13,20.0857,0.0,74.0,4
Entre Ríos,2021,14,22.081,131.8667,82.5714,1
Entre Ríos,2021,15,20.219,0.0,77.5714,3
Entre Ríos,2021,16,20.0095,22.3333,75.4762,5
Entre Ríos,2021,17,17.2429,0.0,75.0,4
Entre Ríos,2021,18,14.4905,20.6667,74.2381,0
Entre Ríos,2021,19,12.7571,0.0,73.4286,0
Entre Ríos,2021,20,13.081,61.9667,81.4286,0
Entre Ríos,2021,21,12.7714,0.0,72.8571,0
Entre Ríos,2021,22,14.8095,50.5,75.0,0
Entre Ríos,2021,23,14.181,0.0667,81.5714,0
Entre Ríos,2021,24,9.1381,0.0,79.5238,0
Entre Ríos,2021,25,10.7762,22.0667,86.9524,0
Entre Ríos,2021,26,7.8048,0.0,77.7143,0
Entre Ríos,2021,27,14.8667,3.7667,73.8095,0
Entre Ríos,2021,28,11.8183,26.4667,82.9841,0
Entre Ríos,2021,29,13.0714,5.3333,72.2857,0
Entre Ríos,2021,30,8.5714,0.0,67.4762,0
Entre Ríos,2022,1,26.0238,5.0,53.0,0
Entre Ríos,2022,2,31.6333,28.8333,44.8571,0
Entre Ríos,2022,3,26.9333,78.4667,77.1905,0
Entre Ríos,2022,4,24.1381,48.7667,72.6667,0
Entre Ríos,2022,5,24.2048,9.3333,67.3333,0
Entre Ríos,2022,6,22.1857,7.0,62.9048,0
Entre Ríos,2022,7,25.2714,0.3333,59.7619,0
Entre Ríos,2022,8,24.7048,112.8333,73.0952,0
Entre Ríos,2022,9,23.3429,92.3333,79.5714,0
Entre Ríos,2022,10,19.8905,36.0,76.6667,0
Entre Ríos,2022,11,20.2714,7.3,69.619,0
Entre Ríos,2022,12,19.3905,48.0,78.9048,0
Entre Ríos,2022,13,17.0857,7.5667,68.2381,0
Entre Ríos,2022,14,20.719,27.6667,77.5238,0
Entre Ríos,2022,15,16.9048,0.0,69.5714,0
Entre Ríos,2022,16,17.3667,50.0,79.3333,0
Entre Ríos,2022,17,16.7048,32.6667,76.9048,0
Entre Ríos,2022,18,15.019,0.0,79.7143,0
Entre Ríos,2022,19,14.4238,2.0,79.0952,0
Entre Ríos,2022,20,11.3667,0.0,79.3333,0
Entre Ríos,2022,21,13.6667,38.0,84.4286,0
Entre Ríos,2022,22,8.1381,0.0,74.619,0
Entre Ríos,2022,23,9.319,0.0,81.0952,0
Entre Ríos,2022,24,11.0143,3.6667,72.6667,0
Entre Ríos,2022,25,9.4143,0.3333,81.5238,0
Entre Ríos,2022,26,10.9143,13.0333,81.0952,0
Entre Ríos,2022,27,14.4095,6.0667,76.0476,0
Entre Ríos,2022,28,10.4429,13.1333,83.2857,0
Entre Ríos,2022,29,15.1524,1.7667,85.2381,0
Entre Ríos,2022,30,15.8714,9.5,77.6667,0
Entre Ríos,2022,31,11.7381,37.9,82.6667,0
Entre Ríos,2022,32,13.4429,17.4667,78.7619,0
Entre Ríos,2022,33,10.7524,0.0,62.7143,0
Entre Ríos,2022,34,16.0762,15.8667,71.7619,0
Entre Ríos,2022,35,13.2143,17.9333,70.0,0
Entre Ríos,2022,36,14.4095,1.0,64.2381,0
Entre Ríos,2022,37,16.2952,9.4667,65.0476,0
Entre Ríos,2022,38,14.6,11.8667,73.3333,0
Entre Ríos,2022,39,17.1905,0.0,61.7619,0
Entre Ríos,2022,40,17.3381,0.3333,54.2857,0
Entre Ríos,2022,41,16.119,6.2667,57.4286,0
Entre Ríos,2022,42,18.6333,49.7667,76.0476,0
Entre Ríos,2022,43,21.9524,37.4,62.9524,0
Entre Ríos,2022,44,18.4333,0.0,53.5238,0
Entre Ríos,2022,45,21.9476,23.0667,62.0,0
Entre Ríos,2022,46,25.781,14.6667,52.4762,0
Entre Ríos,2022,47,24.5476,2.6667,59.9524,0
Entre Ríos,2022,48,26.0571,4.0,55.7143,0
Entre Ríos,2022,49,29.6143,30.5333,53.0476,0
Entre Ríos,2022,50,24.3762,0.2,46.6667,0
Entre Ríos,2023,1,27.5333,0.0,40.4762,0
Entre Ríos,2023,2,27.3952,0.7333,44.619,0
Entre Ríos,2023,3,29.619,21.9667,51.8095,0
Entre Ríos,2023,4,27.8619,21.1667,59.6667,0
Entre Ríos,2023,5,26.0,3.2667,60.2381,0
Entre Ríos,2023,6,30.1476,12.5667,46.1905,0
Entre Ríos,2023,7,21.581,28.6667,60.381,0
Entre Ríos,2023,8,25.081,3.6667,60.0476,2
Entre Ríos,2023,9,28.4905,7.6667,57.9048,5
Entre Ríos,2023,10,30.0238,0.0,50.8095,5
Entre Ríos,2023,11,28.1048,18.6667,70.5714,20
Entre Ríos,2023,12,23.0,137.9333,82.7143,52
Entre Ríos,2023,13,21.6,22.3333,68.4762,70
Entre Ríos,2023,14,20.8286,8.2,74.1905,110
Entre Ríos,2023,15,18.7524,6.6,72.2857,142
Entre Ríos,2023,16,16.1,1.0,68.5714,84
Entre Ríos,2023,17,19.9095,17.5,78.381,54
Entre Ríos,2023,18,16.281,25.0,78.5714,50
Entre Ríos,2023,19,15.5333,0.0,77.3333,28
Entre Ríos,2023,20,17.9143,20.8,80.8095,26
Entre Ríos,2023,21,17.8571,105.5333,82.5714,6
Entre Ríos,2023,22,17.1619,5.4667,81.7619,10
Entre Ríos,2023,23,16.6619,0.4,76.0,7
Entre Ríos,2023,24,9.1667,0.0,75.0952,4
Entre Ríos,2023,25,12.7429,5.9,88.9048,1
Entre Ríos,2023,26,14.519,3.2667,78.1905,2
Entre Ríos,2023,27,17.1095,15.3333,84.0,1
Entre Ríos,2023,28,10.219,62.8333,84.6667,2
Entre Ríos,2023,29,13.1143,0.2,72.6667,0
Entre Ríos,2023,30,11.9333,5.0667,80.381,0
Entre Ríos,2023,31,18.3762,0.6667,73.4286,0
Entre Ríos,2023,32,12.1238,0.0,68.1905,0
Entre Ríos,2023,33,16.6952,12.8667,68.1905,0
Entre Ríos,2023,34,13.6238,0.0,65.5714,0
Entre Ríos,2023,35,15.6286,19.0333,65.8571,0
Entre Ríos,2023,36,13.581,29.6667,76.4286,0
Entre Ríos,2023,37,17.519,16.8333,62.8571,0
Entre Ríos,2023,38,17.1905,3.1,82.619,0
Entre Ríos,2023,39,15.719,3.7333,63.7143,0
Entre Ríos,2023,40,18.0,2.5,54.0476,0
Entre Ríos,2023,41,18.0762,7.6667,57.0,0
Entre Ríos,2023,42,20.9286,72.0,67.4762,0
Entre Ríos,2023,43,21.0333,19.5333,70.9524,1
Entre Ríos,2023,44,15.3905,55.5667,78.8571,0
Entre Ríos,2023,45,22.7429,77.1667,68.0,0
Entre Ríos,2023,46,21.3381,26.3667,67.7619,0
Entre Ríos,2023,47,23.7476,48.6667,60.2857,0
Entre Ríos,2023,48,25.2714,26.5667,72.1429,0
Entre Ríos,2023,49,22.1429,19.0,67.1905,2
Entre Ríos,2023,50,24.7524,155.8,79.5714,0
Entre Ríos,2023,51,23.2762,43.7333,77.2381,2
Entre Ríos,2023,52,24.1048,20.3667,60.7143,10
Entre Ríos,2024,1,25.4714,9.6667,70.4286,34
Entre Ríos,2024,2,25.7667,31.9,69.2857,55
Entre Ríos,2024,3,24.3714,75.7667,70.4286,73
Entre Ríos,2024,4,24.7333,0.0,57.7619,118
Entre Ríos,2024,5,28.9952,2.6667,56.8571,217
Entre Ríos,2024,6,29.8762,37.6667,68.3333,220
Entre Ríos,2024,7,23.3333,26.8667,72.0952,379
Entre Ríos,2024,8,25.4333,32.9667,73.619,579
Entre Ríos,2024,9,25.3667,66.3333,79.9048,857
Entre Ríos,2024,10,23.9048,47.1667,68.1905,1537
Entre Ríos,2024,11,25.0095,125.2333,83.5714,2090
Entre Ríos,2024,12,22.8571,45.3333,76.3333,2434
Entre Ríos,2024,13,22.9,54.8667,74.0476,2064
Entre Ríos,2024,14,18.8381,47.8,82.0,2361
Entre Ríos,2024,15,19.3381,79.8,84.5714,1985
Entre Ríos,2024,16,20.4619,23.5333,76.2857,1514
Entre Ríos,2024,17,18.4905,13.2667,78.1429,1195
Entre Ríos,2024,18,16.7095,27.1,84.1905,931
Entre Ríos,2024,19,15.4571,55.0667,85.3333,460
Entre Ríos,2024,20,9.9571,0.0,76.619,216
Entre Ríos,2024,21,10.6619,20.6667,82.1905,44
Entre Ríos,2024,22,12.8429,0.1667,82.9524,9
Entre Ríos,2024,23,16.7476,0.0,80.4762,7
Entre Ríos,2024,24,18.6333,7.4,76.5714,9
Entre Ríos,2024,25,16.7762,2.8667,86.0476,7
Entre Ríos,2024,26,9.0429,0.4333,70.619,0
Entre Ríos,2024,27,8.9571,0.0,64.1429,0
Entre Ríos,2024,28,5.4762,0.6333,69.4286,0
Entre Ríos,2024,29,12.9286,8.3667,83.3333,0
Entre Ríos,2024,30,15.4381,2.1,75.2857,0
Entre Ríos,2024,31,16.1762,5.4,68.1429,0
Entre Ríos,2024,32,11.3095,19.9,76.5714,0
Entre Ríos,2024,33,12.8619,0.3333,69.0,0
Entre Ríos,2024,34,10.7476,16.4667,84.619,0
Entre Ríos,2024,35,12.9238,7.5667,76.2381,0
Entre Ríos,2024,36,15.6667,0.0,63.0952,0
Entre Ríos,2024,37,15.3619,0.2667,72.7619,0
Entre Ríos,2024,38,21.1381,11.6,61.5238,0
Entre Ríos,2024,39,18.5238,14.5,69.6667,0
Entre Ríos,2024,40,19.7571,17.0,59.6667,0
Entre Ríos,2024,41,19.0286,32.1,74.7143,0
Entre Ríos,2024,42,21.0667,16.8333,72.9048,0
Entre Ríos,2024,43,22.2,49.1333,72.0476,0
Entre Ríos,2024,44,24.1429,10.3333,65.7619,1
Entre Ríos,2024,45,22.419,43.0,65.381,0
Entre Ríos,2024,46,22.7048,8.1667,59.4762,0
Entre Ríos,2024,47,22.6857,74.7,69.4762,0
Entre Ríos,2024,48,23.0619,39.0,81.2381,0
Entre Ríos,2024,49,21.0,24.6667,60.2857,0
Entre Ríos,2024,50,23.7095,8.8,63.5714,3
Entre Ríos,2024,51,22.6952,17.5667,66.3333,0
Entre Ríos,2024,52,22.6762,1.1667,59.4286,1
Entre Ríos,2025,1,26.1429,0.0,51.5238,1
Entre Ríos,2025,2,26.6905,0.0,46.5714,2
Entre Ríos,2025,3,28.0143,30.4667,56.9524,0
Entre Ríos,2025,4,26.981,17.2,63.6667,0
Entre Ríos,2025,5,27.4619,6.0333,60.2381,2
Entre Ríos,2025,6,28.4476,29.4667,60.4762,6
Entre Ríos,2025,7,25.6286,94.8,77.1905,5
Entre Ríos,2025,8,26.0667,34.1667,70.9286,8
Entre Ríos,2025,9,25.3571,116.1667,86.1905,3
Entre Ríos,2025,10,27.0048,20.8,72.1905,10
Entre Ríos,2025,11,19.4,20.8333,71.9524,8
Entre Ríos,2025,12,24.0429,7.3,70.9524,10
Entre Ríos,2025,13,22.9857,24.7,80.6667,13
Entre Ríos,2025,14,16.4619,38.2,73.2381,11
Entre Ríos,2025,15,19.1762,50.0333,86.0476,10
Entre Ríos,2025,16,17.5048,0.8333,72.6667,12
Entre Ríos,2025,17,18.7571,1.7333,73.3333,6
Entre Ríos,2025,18,18.3,8.1667,71.0,2
Entre Ríos,2025,19,19.6476,11.2,84.8095,6
Entre Ríos,2025,20,19.6095,55.5667,77.6667,1
Entre Ríos,2025,21,13.8095,15.6333,80.7619,3
Entre Ríos,2025,22,11.2048,25.8333,82.3333,1
Entre Ríos,2025,23,11.8524,0.0,84.5714,1
Entre Ríos,2025,24,10.6143,25.4,83.7619,0
Entre Ríos,2025,25,11.2381,4.9667,83.7619,0
Entre Ríos,2025,26,7.8143,0.0,63.7619,0
Entre Ríos,2025,27,7.8524,0.0,73.9524,0
Entre Ríos,2025,28,12.9,3.3333,79.2381,0
Entre Ríos,2025,29,12.6667,27.5,81.9524,1
Entre Ríos,2025,30,11.881,45.8333,85.9048,0
Entre Ríos,2025,31,14.6857,8.6667,72.2857,0
Entre Ríos,2025,32,10.4286,0.1333,69.7143,0
Entre Ríos,2025,33,11.1286,0.2,76.0476,0
Entre Ríos,2025,34,14.2762,81.5,74.4762,0
Entre Ríos,2025,35,17.0667,57.1,71.9524,0
Entre Ríos,2025,36,11.2095,13.9,76.0476,0
Entre Ríos,2025,37,16.8905,2.8333,68.1429,0
Entre Ríos,2025,38,19.2905,24.0667,82.5238,0
Entre Ríos,2025,39,16.6095,5.3333,63.2857,0
Entre Ríos,2025,40,20.6381,16.3,70.4762,0
Entre Ríos,2025,41,18.7286,1.4333,59.5714,0
Entre Ríos,2025,42,20.9619,2.4333,56.5238,0
Formosa,2018,1,27.3714,8.5,65.0,3
Formosa,2018,2,28.6571,20.0,67.6429,0
Formosa,2018,3,27.0143,101.25,78.0714,1
Formosa,2018,4,27.5643,68.0,81.6429,0
Formosa,2018,5,28.8286,16.8,71.1429,0
Formosa,2018,6,29.6929,16.5,65.7857,0
Formosa,2018,7,26.2429,27.5,67.2143,2
Formosa,2018,8,26.7429,2.5,65.3571,1
Formosa,2018,9,25.5786,90.5,85.0714,2
Formosa,2018,10,26.3571,16.2,74.2857,2
Formosa,2018,11,28.5,17.5,76.3571,4
Formosa,2018,12,23.5143,35.65,75.5,3
Formosa,2018,13,23.4571,8.0,76.8571,1
Formosa,2018,14,26.4143,10.0,68.2143,0
Formosa,2018,15,25.3357,19.25,74.6429,0
Formosa,2018,16,27.3071,0.0,69.6429,0
Formosa,2018,17,27.5643,0.0,66.5,0
Formosa,2018,18,26.8143,61.85,70.8571,1
Formosa,2018,19,22.6714,9.0,76.3571,1
Formosa,2018,20,19.6214,31.0,82.8571,2
Formosa,2018,21,17.4357,0.0,72.9286,0
Formosa,2018,22,18.3,27.5,74.2857,0
Formosa,2018,23,15.7071,0.0,75.6429,0
Formosa,2018,24,12.6571,0.25,71.6429,0
Formosa,2018,25,20.0143,2.05,67.6429,0
Formosa,2018,26,19.5,3.5,76.2143,0
Formosa,2018,27,15.6143,0.45,84.6429,0
Formosa,2019,1,28.9214,77.0,76.7857,2
Formosa,2019,2,26.65,106.5,80.7857,4
Formosa,2019,3,27.7786,12.0,71.9286,7
Formosa,2019,4,32.3071,0.0,61.0,0
Formosa,2019,5,30.3286,0.3,63.3571,0
Formosa,2019,6,28.5714,20.5,62.0714,0
Formosa,2019,7,25.7357,75.0,73.2143,0
Formosa,2019,8,31.2071,0.0,59.7857,0
Formosa,2019,9,26.2429,16.0,63.2143,0
Formosa,2019,10,25.3071,100.75,79.4286,0
Formosa,2019,11,24.2214,38.5,85.2857,0
Formosa,2019,12,23.5214,0.0,73.5714,0
Formosa,2019,13,24.4071,4.8,74.6429,0
Formosa,2019,14,22.6143,51.7,82.7143,1
Formosa,2019,15,23.9071,0.0,73.8571,0
Formosa,2019,16,25.0929,92.5,80.6429,0
Formosa,2019,17,21.6929,59.25,90.6429,0
Formosa,2019,18,23.4071,80.7,85.5714,0
Formosa,2019,19,22.0786,66.0,88.7857,0
Formosa,2019,20,19.7786,9.5,80.7143,0
Formosa,2019,21,17.2214,67.5,89.0714,0
Formosa,2019,22,18.4071,3.5,88.4286,0
Formosa,2019,23,18.6214,0.0,80.2857,0
Formosa,2019,24,23.0357,0.0,75.5,0
Formosa,2019,25,18.6857,1.5,78.5714,0
Formosa,2019,26,18.8929,0.25,72.3571,0
Formosa,2019,27,12.1429,0.45,72.8571,0
Formosa,2019,28,20.6143,4.0,67.9286,0
Formosa,2019,29,20.1143,0.0,69.2857,0
Formosa,2019,30,12.6286,85.15,82.9286,0
Formosa,2019,31,16.75,2.0,69.5714,0
Formosa,2019,32,17.0357,0.0,69.7143,0
Formosa,2019,33,18.6857,0.0,61.0714,0
Formosa,2019,34,17.9,8.5,61.5714,0
Formosa,2019,35,22.8786,12.05,64.0,0
Formosa,2019,36,19.65,0.0,60.6429,0
Formosa,2019,37,22.0929,2.5,65.3571,0
Formosa,2019,38,20.9786,0.0,54.0714,0
Formosa,2019,39,25.3571,0.0,48.0714,0
Formosa,2019,40,22.2143,47.75,73.9286,0
Formosa,2019,41,28.8214,11.5,53.9286,0
Formosa,2019,42,19.1214,7.4,82.6429,0
Formosa,2019,43,25.3357,0.5,55.4286,0
Formosa,2019,44,31.5786,3.5,55.4286,0
Formosa,2019,45,27.2786,101.0,75.3571,0
Formosa,2019,46,26.8357,20.0,67.0714,0
Formosa,2019,47,29.4357,4.5,61.7857,0
Formosa,2019,48,27.35,56.2,68.2857,0
Formosa,2019,49,25.2286,0.0,56.9286,0
Formosa,2019,50,29.0286,5.5,63.7143,0
Formosa,2019,51,26.9357,54.0,62.8571,0
Formosa,2019,52,29.2786,1.5,62.1429,0
Formosa,2020,1,29.3429,6.5,60.4286,3
Formosa,2020,2,29.7143,8.6,68.7857,2
Formosa,2020,3,29.6714,3.75,69.7143,4
Formosa,2020,4,28.7357,20.0,66.2857,27
Formosa,2020,5,28.3929,33.6,64.3571,39
Formosa,2020,6,30.1643,66.0,69.5714,50
Formosa,2020,7,29.5429,12.5,62.5,93
Formosa,2020,8,26.0786,8.5,61.3571,201
Formosa,2020,9,26.55,8.0,54.9286,272
Formosa,2020,10,29.2643,0.0,47.9286,260
Formosa,2020,11,32.0571,3.0,48.6429,172
Formosa,2020,12,25.9643,61.5,70.7857,144
Formosa,2020,13,26.6429,60.5,67.1429,103
Formosa,2020,14,25.35,38.9,71.7143,174
Formosa,2020,15,20.7214,0.0,61.2143,144
Formosa,2020,16,20.1286,0.5,63.8571,206
Formosa,2020,17,26.3643,0.0,58.8571,209
Formosa,2020,18,24.2357,13.0,67.6429,103
Formosa,2020,19,19.9214,0.0,61.7143,141
Formosa,2020,20,19.8714,4.5,67.0,222
Formosa,2020,21,19.7643,7.5,66.3571,152
Formosa,2020,22,17.7,0.5,64.2143,106
Formosa,2020,23,14.5786,13.1,72.8571,54
Formosa,2020,24,21.5429,0.05,71.6429,56
Formosa,2020,25,25.5143,0.0,61.3571,47
Formosa,2020,26,18.5857,7.5,64.6429,36
Formosa,2020,27,16.0786,11.5,69.5714,20
Formosa,2020,28,15.5214,14.0,79.4286,14
Formosa,2020,29,20.45,0.0,59.0714,10
Formosa,2020,30,18.3214,3.0,65.5,19
Formosa,2020,31,18.2643,1.0,55.4286,0
Formosa,2020,32,24.9,0.0,45.2143,3
Formosa,2020,33,17.4786,4.5,60.0714,1
Formosa,2020,34,16.0643,0.0,47.7143,1
Formosa,2020,35,26.6857,0.0,49.1429,2
Formosa,2020,36,18.0214,0.0,60.8571,2
Formosa,2020,37,24.6929,34.0,61.3571,3
Formosa,2020,38,19.8071,8.0,64.0,0
Formosa,2020,39,26.5643,0.1,43.3571,2
Formosa,2020,40,26.6929,0.0,48.3571,2
Formosa,2020,41,25.6286,0.1,47.0,0
Formosa,2020,42,27.3143,8.0,56.3571,2
Formosa,2020,43,30.8286,60.0,55.2857,0
Formosa,2020,44,23.7643,0.2,55.1429,2
Formosa,2020,45,26.8786,5.5,39.6429,3
Formosa,2020,46,26.1214,48.5,70.3571,0
Formosa,2020,47,26.5714,8.0,51.3571,0
Formosa,2020,48,30.7857,73.0,54.7857,0
Formosa,2020,49,24.9786,36.0,75.2143,0
Formosa,2020,50,29.2571,47.5,53.6429,0
Formosa,2020,51,26.2143,100.1,75.1429,0
Formosa,2020,52,26.9643,13.0,66.2143,0
Formosa,2020,53,28.5286,25.0,67.0,0
Formosa,2021,1,27.5214,29.0,75.0,13
Formosa,2021,2,28.7929,58.0,69.8571,12
Formosa,2021,3,27.2,8.0,68.2857,16
Formosa,2021,4,27.8929,68.0,76.1429,20
Formosa,2021,5,25.3,87.5,76.0,51
Formosa,2021,6,25.5643,6.35,73.9286,73
Formosa,2021,7,27.9786,0.0,62.7143,42
Formosa,2021,8,29.9571,24.5,61.1429,53
Formosa,2021,9,28.0071,16.5,68.2857,13
Formosa,2021,10,27.7929,0.0,56.9286,43
Formosa,2021,11,25.4643,97.5,75.1429,24
Formosa,2021,12,24.5286,113.4,82.3571,2
Formosa,2021,13,22.8857,0.0,73.1429,9
Formosa,2021,14,26.1071,33.5,75.6429,2
Formosa,2021,15,23.85,5.0,76.8571,4
Formosa,2021,16,22.9429,51.5,76.7857,16
Formosa,2021,17,19.6048,0.0,72.369,5
Formosa,2021,18,18.7,26.0,79.0,3
Formosa,2021,19,18.15,0.25,78.4286,0
Formosa,2021,20,20.2929,3.5,72.5,0
Formosa,2021,21,18.5,0.0,69.6429,0
Formosa,2021,22,22.1357,9.0,70.5,0
Formosa,2021,23,18.0143,14.75,82.8571,0
Formosa,2021,24,14.0786,1.0,75.7857,0
Formosa,2021,25,16.25,4.5,79.5,0
Formosa,2021,26,12.5571,0.0,61.5714,0
Formosa,2021,27,21.8786,0.0,58.2143,0
Formosa,2021,28,18.1786,7.5,64.0,0
Formosa,2021,29,18.4429,1.0,55.0714,0
Formosa,2021,30,13.1357,0.3,54.1429,0
Formosa,2022,1,29.7,6.0,54.2143,0
Formosa,2022,2,33.4929,0.0,39.2143,0
Formosa,2022,3,34.9714,1.0,42.3571,0
Formosa,2022,4,30.2,31.0,55.8571,0
Formosa,2022,5,29.5786,29.5,53.8571,0
Formosa,2022,6,26.9357,25.65,51.4286,0
Formosa,2022,7,28.95,14.45,54.2857,0
Formosa,2022,8,30.6071,6.5,62.8571,0
Formosa,2022,9,30.2786,13.5,65.8571,0
Formosa,2022,10,26.6429,19.5,65.7143,0
Formosa,2022,11,25.6,4.0,52.8571,0
Formosa,2022,12,24.2429,79.0,69.0,0
Formosa,2022,13,22.3714,23.5,62.7857,0
Formosa,2022,14,24.1143,66.0,84.8571,0
Formosa,2022,15,20.5929,27.0,72.0,0
Formosa,2022,16,24.2571,30.5,70.7143,0
Formosa,2022,17,25.3786,2.5,69.5,0
Formosa,2022,18,18.6643,14.0,76.3571,0
Formosa,2022,19,18.0929,29.5,82.7143,0
Formosa,2022,20,14.0357,0.0,69.6429,0
Formosa,2022,21,19.6,14.1,82.4286,0
Formosa,2022,22,14.8357,7.0,71.2857,0
Formosa,2022,23,14.4286,27.0,85.1429,0
Formosa,2022,24,16.0071,0.0,64.7143,0
Formosa,2022,25,15.5429,1.05,82.7857,0
Formosa,2022,26,17.9571,0.0,77.7143,0
Formosa,2022,27,22.9143,0.0,69.7143,0
Formosa,2022,28,16.4286,0.1,71.2857,0
Formosa,2022,29,21.6286,1.5,66.7857,0
Formosa,2022,30,20.6,0.0,57.5,0
Formosa,2022,31,20.3714,3.0,64.2857,0
Formosa,2022,32,18.2286,0.0,65.2143,0
Formosa,2022,33,17.8929,0.0,52.6429,0
Formosa,2022,34,24.4071,1.5,51.2143,0
Formosa,2022,35,18.519,4.0,54.2738,0
Formosa,2022,36,20.0571,0.0,52.2143,0
Formosa,2022,37,21.45,12.0,48.2143,0
Formosa,2022,38,20.1643,0.05,60.4286,0
Formosa,2022,39,21.7929,10.75,64.8571,0
Formosa,2022,40,21.9786,44.15,57.0714,0
Formosa,2022,41,22.7,0.05,59.3571,0
Formosa,2022,42,23.8357,33.5,68.3571,0
Formosa,2022,43,27.6286,74.55,61.1429,0
Formosa,2022,44,20.7286,0.0,50.5,0
Formosa,2022,45,24.7857,48.75,64.0714,0
Formosa,2022,46,26.9571,36.0,55.9286,0
Formosa,2022,47,25.8071,9.5,61.3571,0
Formosa,2022,48,29.1429,0.5,59.0714,0
Formosa,2022,49,32.4786,42.0,58.3571,0
Formosa,2022,50,27.5857,5.0,58.5,0
Formosa,2023,1,27.7571,3.75,57.2857,0
Formosa,2023,2,28.9857,25.0,56.0714,1
Formosa,2023,3,32.6857,0.0,52.3571,4
Formosa,2023,4,30.9571,9.0,60.3571,1
Formosa,2023,5,28.5357,10.4,62.6429,0
Formosa,2023,6,31.7143,4.0,54.0,5
Formosa,2023,7,26.4357,16.0,56.2143,3
Formosa,2023,8,26.7357,41.5,68.5,4
Formosa,2023,9,27.5143,23.25,73.0,6
Formosa,2023,10,28.6429,33.5,68.3571,22
Formosa,2023,11,27.9429,2.3,75.9286,23
Formosa,2023,12,28.4071,8.65,70.8571,18
Formosa,2023,13,27.2286,15.5,66.2857,46
Formosa,2023,14,23.8429,19.3,75.2143,57
Formosa,2023,15,24.1143,64.0,78.5714,54
Formosa,2023,16,21.15,1.0,70.9286,54
Formosa,2023,17,22.0643,3.0,78.5714,52
Formosa,2023,18,17.7286,36.9,90.6429,42
Formosa,2023,19,18.4286,0.0,72.7143,45
Formosa,2023,20,21.2857,82.15,74.7857,8
Formosa,2023,21,22.75,6.0,79.6429,21
Formosa,2023,22,21.0143,5.5,79.7143,32
Formosa,2023,23,22.15,1.5,73.9286,22
Formosa,2023,24,11.9714,0.0,72.7143,2
Formosa,2023,25,20.2143,0.15,80.3571,1
Formosa,2023,26,21.4143,1.25,72.8571,7
Formosa,2023,27,23.1714,1.0,69.7143,10
Formosa,2023,28,16.4214,4.05,80.9286,8
Formosa,2023,29,19.2429,0.0,60.3571,11
Formosa,2023,30,17.2214,1.0,72.2857,10
Formosa,2023,31,26.7429,10.25,53.0,12
Formosa,2023,32,20.05,1.0,64.9286,10
Formosa,2023,33,22.7357,8.0,60.2857,12
Formosa,2023,34,21.9429,0.0,52.6429,12
Formosa,2023,35,23.6571,58.75,61.0714,38
Formosa,2023,36,20.3286,23.0,78.5714,87
Formosa,2023,37,23.7071,2.5,55.5714,74
Formosa,2023,38,29.594,0.0,54.6786,60
Formosa,2023,39,22.2143,0.0,59.7143,15
Formosa,2023,40,24.1143,14.25,57.75,139
Formosa,2023,41,25.5929,2.5,51.0714,134
Formosa,2023,42,29.3571,7.0,61.1429,132
Formosa,2023,43,25.9643,21.75,73.0,282
Formosa,2023,44,23.8071,24.75,64.6429,308
Formosa,2023,45,33.2357,55.0,49.9286,266
Formosa,2023,46,26.95,46.75,74.0,388
Formosa,2023,47,27.7429,75.85,68.8571,635
Formosa,2023,48,29.7857,61.0,71.5,619
Formosa,2023,49,26.0429,130.5,79.4286,241
Formosa,2023,50,32.2429,22.5,60.9286,749
Formosa,2023,51,27.6714,115.85,78.7857,1016
Formosa,2023,52,27.8857,14.0,68.9286,1100
Formosa,2024,1,30.8286,0.0,58.9286,1325
Formosa,2024,2,30.7071,89.5,67.0714,1266
Formosa,2024,3,30.1929,4.7,67.8571,1238
Formosa,2024,4,27.9857,0.0,57.0714,1039
Formosa,2024,5,32.2643,0.0,50.4286,922
Formosa,2024,6,31.9714,16.5,61.2857,900
Formosa,2024,7,27.7143,49.15,69.9286,559
Formosa,2024,8,29.9286,9.6,63.5,411
Formosa,2024,9,30.7786,9.65,67.0,379
Formosa,2024,10,29.3929,20.75,69.3571,326
Formosa,2024,11,33.9143,2.25,56.5714,346
Formosa,2024,12,28.8929,18.75,65.4286,252
Formosa,2024,13,29.2286,0.5,62.5714,213
Formosa,2024,14,28.0857,103.5,79.3571,201
Formosa,2024,15,23.6357,80.75,92.3571,166
Formosa,2024,16,22.4071,4.5,74.7857,153
Formosa,2024,17,26.4357,44.75,82.5714,139
Formosa,2024,18,24.2357,38.85,83.9286,137
Formosa,2024,19,22.35,4.95,78.0714,201
Formosa,2024,20,14.0,0.4,79.5,138
Formosa,2024,21,15.6857,1.8,76.3571,29
Formosa,2024,22,15.7857,0.0,69.7143,30
Formosa,2024,23,22.0929,0.0,66.5714,22
Formosa,2024,24,25.3643,4.5,62.7143,38
Formosa,2024,25,22.9286,4.05,83.5714,35
Formosa,2024,26,13.45,1.0,70.8571,28
Formosa,2024,27,16.0357,3.95,69.1429,11
Formosa,2024,28,9.8571,0.25,64.4286,7
Formosa,2024,29,17.9214,0.05,69.7857,3
Formosa,2024,30,21.7714,3.75,68.6429,3
Formosa,2024,31,22.6071,1.5,62.0,8
Formosa,2024,32,16.7857,29.5,64.8571,7
Formosa,2024,33,20.4143,0.0,57.5,9
Formosa,2024,34,15.6286,16.0,75.1429,5
Formosa,2024,35,18.2857,0.0,60.7143,5
Formosa,2024,36,20.9714,0.0,58.3571,6
Formosa,2024,37,22.2357,0.0,64.5714,5
Formosa,2024,38,27.0,5.0,52.5,5
Formosa,2024,39,25.3929,26.0,62.8571,6
Formosa,2024,40,26.8571,9.15,52.2143,6
Formosa,2024,41,24.2286,53.75,72.0714,8
Formosa,2024,42,25.1857,26.2,73.8571,4
Formosa,2024,43,27.3143,0.0,56.2857,10
Formosa,2024,44,27.2714,27.9,66.0,8
Formosa,2024,45,26.6857,26.9,70.2143,12
Formosa,2024,46,27.35,7.4,51.2143,18
Formosa,2024,47,27.1214,36.65,75.4286,21
Formosa,2024,48,30.1857,52.25,66.7857,8
Formosa,2024,49,25.1429,16.0,71.7143,13
Formosa,2024,50,25.5929,61.25,71.8571,12
Formosa,2024,51,27.4357,64.0,67.1429,13
Formosa,2024,52,25.8071,11.0,62.2857,15
Formosa,2025,1,29.5643,16.5,56.9286,14
Formosa,2025,2,29.3571,0.0,48.3571,17
Formosa,2025,3,31.6929,2.25,49.1429,17
Formosa,2025,4,29.6929,31.0,60.5,16
Formosa,2025,5,29.8429,17.8,63.1429,13
Formosa,2025,6,33.1143,0.0,52.1429,6
Formosa,2025,7,32.7,12.0,54.5,2
Formosa,2025,8,28.8429,55.25,73.7143,5
Formosa,2025,9,31.4571,0.0,61.0714,5
Formosa,2025,10,31.0643,15.5,57.2143,5
Formosa,2025,11,24.5714,7.5,69.2857,8
Formosa,2025,12,25.4143,32.75,71.5714,1
Formosa,2025,13,25.0286,75.25,85.5,6
Formosa,2025,14,19.7143,29.85,79.8571,4
Formosa,2025,15,20.9,27.75,80.8571,5
Formosa,2025,16,24.2071,0.0,72.0714,5
Formosa,2025,17,21.9357,34.15,84.0,5
Formosa,2025,18,21.0143,14.5,73.1429,9
Formosa,2025,19,23.8357,57.4,82.2143,3
Formosa,2025,20,23.6071,21.75,74.5714,10
Formosa,2025,21,21.3143,45.65,89.9286,7
Formosa,2025,22,15.4071,3.0,74.2143,5
Formosa,2025,23,18.4929,0.5,83.0,9
Formosa,2025,24,15.4571,15.75,75.7857,11
Formosa,2025,25,16.2714,32.45,94.1429,7
Formosa,2025,26,11.7286,18.05,75.5,8
Formosa,2025,27,12.35,0.0,68.6429,5
Formosa,2025,28,19.5929,0.0,72.8571,4
Formosa,2025,29,17.3857,0.0,66.8571,3
Formosa,2025,30,19.7857,34.5,80.6429,4
Formosa,2025,31,20.0429,2.0,66.6429,1
Formosa,2025,32,15.6143,0.85,74.5,1
Formosa,2025,33,17.7714,1.0,64.7143,0
Formosa,2025,34,20.1714,20.75,68.3571,0
Formosa,2025,35,20.6643,0.5,56.4286,0
Formosa,2025,36,17.4143,7.0,67.1429,0
Formosa,2025,37,22.5786,24.0,67.9286,0
Formosa,2025,38,27.5071,11.5,64.7143,0
Formosa,2025,39,22.5143,2.0,53.9286,0
Formosa,2025,40,25.6857,37.45,73.2857,0
Formosa,2025,41,22.2571,4.5,60.0,0
Formosa,2025,42,24.6,12.5,59.6429,0
Jujuy,2018,1,19.5476,16.6,69.0952,0
Jujuy,2018,2,19.3,29.8667,71.9048,0
Jujuy,2018,3,19.1619,12.8333,75.4762,0
Jujuy,2018,4,19.4381,62.5667,81.6667,0
Jujuy,2018,5,19.5714,34.0333,79.0,0
Jujuy,2018,6,20.1476,66.6667,74.0476,0
Jujuy,2018,7,17.5571,29.7667,79.6667,0
Jujuy,2018,8,18.1048,29.1667,75.7619,0
Jujuy,2018,9,18.2286,29.6333,81.0952,0
Jujuy,2018,10,18.3048,31.8333,76.381,0
Jujuy,2018,11,19.881,14.7667,75.9048,0
Jujuy,2018,12,17.2952,7.4667,73.6667,0
Jujuy,2018,13,15.9857,25.5333,73.2857,0
Jujuy,2018,14,17.4762,57.7667,75.4286,0
Jujuy,2018,15,16.8905,20.7,78.5714,0
Jujuy,2018,16,17.419,0.0,73.7143,0
Jujuy,2018,17,18.619,25.9333,78.619,0
Jujuy,2018,18,18.2905,15.7667,76.5238,0
Jujuy,2018,19,15.2762,3.6667,71.7143,0
Jujuy,2018,20,12.4952,2.4,66.5714,0
Jujuy,2018,21,10.6571,0.0,62.7143,0
Jujuy,2018,22,9.6333,3.7333,65.5714,0
Jujuy,2018,23,8.4667,0.0,63.4286,0
Jujuy,2018,24,6.9143,0.0,64.2381,0
Jujuy,2018,25,10.1048,0.3333,56.9048,0
Jujuy,2018,26,9.6381,0.0,55.6667,0
Jujuy,2018,27,8.5857,5.7333,64.1429,0
Jujuy,2019,1,20.7667,38.3,72.2857,0
Jujuy,2019,2,19.8619,16.7333,67.5238,0
Jujuy,2019,3,18.3286,33.5,75.8095,0
Jujuy,2019,4,22.8619,2.5,61.7619,0
Jujuy,2019,5,19.7286,35.5,73.5714,0
Jujuy,2019,6,19.7238,12.2667,67.4762,0
Jujuy,2019,7,18.3714,30.3667,71.7143,2
Jujuy,2019,8,22.1825,4.0333,62.6349,1
Jujuy,2019,9,18.2,9.1333,72.0,4
Jujuy,2019,10,19.0333,71.6667,74.619,10
Jujuy,2019,11,17.6714,13.9667,71.9048,13
Jujuy,2019,12,16.0857,11.3333,73.6667,7
Jujuy,2019,13,15.5952,31.2333,79.1905,20
Jujuy,2019,14,16.3048,55.4667,73.4286,33
Jujuy,2019,15,15.5952,1.5,66.8095,41
Jujuy,2019,16,18.1286,13.6,69.4286,37
Jujuy,2019,17,14.1095,10.7333,73.5238,69
Jujuy,2019,18,15.2,1.9333,66.7619,66
Jujuy,2019,19,14.6952,0.3,68.9048,93
Jujuy,2019,20,11.881,0.0,65.2857,73
Jujuy,2019,21,9.6143,5.3333,62.0952,48
Jujuy,2019,22,11.4143,0.1,68.4762,9
Jujuy,2019,23,10.5476,0.6667,64.7619,16
Jujuy,2019,24,11.6619,5.9,69.9524,7
Jujuy,2019,25,9.4048,0.0,65.0476,4
Jujuy,2019,26,10.2905,2.1333,63.8571,0
Jujuy,2019,27,8.3667,1.6,69.1429,0
Jujuy,2019,28,11.0,0.1667,64.2857,0
Jujuy,2019,29,11.8524,0.2,59.1905,1
Jujuy,2019,30,7.781,0.1333,51.0476,0
Jujuy,2019,31,8.9667,0.2,48.0,0
Jujuy,2019,32,9.6524,0.0,45.1429,0
Jujuy,2019,33,11.8095,0.0,49.8095,0
Jujuy,2019,34,12.2667,0.0,51.0476,0
Jujuy,2019,35,16.1762,0.0,46.6667,0
Jujuy,2019,36,12.6048,0.0,54.2857,0
Jujuy,2019,37,15.0952,0.5,49.5238,0
Jujuy,2019,38,15.3286,0.7667,44.619,0
Jujuy,2019,39,19.3905,0.0,45.8095,0
Jujuy,2019,40,17.0429,0.0,50.0952,0
Jujuy,2019,41,20.7095,9.0,49.2381,0
Jujuy,2019,42,13.8333,4.4667,69.3333,0
Jujuy,2019,43,20.0905,0.0,47.5714,0
Jujuy,2019,44,22.0429,4.6667,59.4762,0
Jujuy,2019,45,20.2143,11.4667,65.9048,0
Jujuy,2019,46,20.5952,4.2333,58.381,0
Jujuy,2019,47,21.981,16.0667,57.7143,0
Jujuy,2019,48,21.0286,28.1333,63.4762,0
Jujuy,2019,49,18.8286,31.8333,71.8571,0
Jujuy,2019,50,20.5571,9.5333,67.381,0
Jujuy,2019,51,19.7952,12.0,65.0476,0
Jujuy,2019,52,21.7619,4.1333,63.9524,0
Jujuy,2020,1,20.6571,37.3,69.0952,0
Jujuy,2020,2,22.0238,37.2667,65.3333,0
Jujuy,2020,3,20.1095,30.6,77.5238,3
Jujuy,2020,4,21.3857,47.2,68.5238,4
Jujuy,2020,5,19.3476,27.0667,71.5238,8
Jujuy,2020,6,21.019,88.4,73.7143,24
Jujuy,2020,7,19.0905,59.7,79.0,15
Jujuy,2020,8,17.8952,19.3333,78.9048,21
Jujuy,2020,9,18.7952,20.8667,74.4762,39
Jujuy,2020,10,19.9429,2.0,65.3333,86
Jujuy,2020,11,20.8429,20.3667,68.3333,124
Jujuy,2020,12,18.4143,10.4,76.4286,292
Jujuy,2020,13,19.0762,26.1667,73.8095,510
Jujuy,2020,14,17.781,58.3333,79.4286,448
Jujuy,2020,15,14.9,7.8667,72.619,279
Jujuy,2020,16,14.4333,0.1,70.1429,643
Jujuy,2020,17,18.2905,1.1667,70.1905,676
Jujuy,2020,18,16.2286,2.2333,75.381,587
Jujuy,2020,19,13.4286,0.6667,66.619,629
Jujuy,2020,20,12.7571,0.0,59.6667,443
Jujuy,2020,21,11.7905,2.3333,59.9048,264
Jujuy,2020,22,12.0524,1.0,58.0,93
Jujuy,2020,23,9.2571,3.0,63.0476,25
Jujuy,2020,24,11.5381,0.0,69.5238,8
Jujuy,2020,25,12.7952,0.0,59.9048,6
Jujuy,2020,26,9.5429,1.0,63.619,3
Jujuy,2020,27,8.4952,0.0,53.0476,0
Jujuy,2020,28,7.6762,0.0,55.8571,1
Jujuy,2020,29,11.0,0.0,55.5714,0
Jujuy,2020,30,9.2381,3.4667,61.2381,0
Jujuy,2020,31,9.7905,0.0,46.381,0
Jujuy,2020,32,15.1524,0.0,56.4762,0
Jujuy,2020,33,11.2238,0.0,39.3333,0
Jujuy,2020,34,9.4238,0.0,48.2381,0
Jujuy,2020,35,16.2381,1.8,48.9524,0
Jujuy,2020,36,12.6238,0.8667,50.3333,0
Jujuy,2020,37,16.8667,0.3333,48.8095,0
Jujuy,2020,38,14.9714,5.0,52.0,0
Jujuy,2020,39,18.4476,0.0,39.0476,0
Jujuy,2020,40,18.7095,0.0,43.4762,0
Jujuy,2020,41,19.7143,0.2667,46.8095,0
Jujuy,2020,42,19.7619,6.6667,51.2381,0
Jujuy,2020,43,22.319,3.5333,55.2381,0
Jujuy,2020,44,17.6476,12.4667,52.619,0
Jujuy,2020,45,20.5048,1.2,45.5238,0
Jujuy,2020,46,20.5,10.7667,62.2381,0
Jujuy,2020,47,18.6381,6.6,56.0952,0
Jujuy,2020,48,22.6714,17.6,58.8095,0
Jujuy,2020,49,18.2,22.2333,70.6667,0
Jujuy,2020,50,21.8286,9.4667,54.2381,0
Jujuy,2020,51,20.9095,9.1667,60.9048,0
Jujuy,2020,52,21.1429,17.6667,61.5238,0
Jujuy,2020,53,20.1381,38.2,72.4286,0
Jujuy,2021,1,18.5429,48.3333,75.8571,0
Jujuy,2021,2,20.3952,48.1667,71.9524,0
Jujuy,2021,3,18.9476,28.3333,67.0476,0
Jujuy,2021,4,20.3429,8.8667,63.4286,0
Jujuy,2021,5,18.9714,21.0667,70.7143,0
Jujuy,2021,6,17.5143,35.5,73.4286,0
Jujuy,2021,7,18.4,34.5,74.2381,1
Jujuy,2021,8,20.3333,41.3333,73.5714,0
Jujuy,2021,9,18.781,34.2,74.9048,0
Jujuy,2021,10,19.0667,48.0333,72.7619,3
Jujuy,2021,11,16.9571,45.7,78.1429,5
Jujuy,2021,12,16.5714,27.3333,80.381,9
Jujuy,2021,13,16.3143,1.6,78.381,11
Jujuy,2021,14,18.8762,15.0667,74.381,10
Jujuy,2021,15,16.7952,6.3333,75.2381,13
Jujuy,2021,16,16.1619,9.6333,72.4762,33
Jujuy,2021,17,12.8714,0.0,68.9524,36
Jujuy,2021,18,11.9429,2.5667,67.0,24
Jujuy,2021,19,11.4667,3.6,70.0476,13
Jujuy,2021,20,12.7429,0.6667,62.0476,5
Jujuy,2021,21,11.7,0.0,59.1429,11
Jujuy,2021,22,11.4429,0.0,61.8571,5
Jujuy,2021,23,9.8571,0.0,64.7143,7
Jujuy,2021,24,6.5667,5.1333,72.7143,2
Jujuy,2021,25,7.2714,2.6667,66.5238,1
Jujuy,2021,26,5.981,0.0,58.619,0
Jujuy,2021,27,11.2524,0.0,57.1905,0
Jujuy,2021,28,11.1857,0.3333,61.2381,0
Jujuy,2021,29,11.0429,0.0,53.9048,0
Jujuy,2021,30,7.9381,0.0,56.8571,0
Jujuy,2022,1,20.9762,10.5,66.7619,0
Jujuy,2022,2,22.7762,9.3333,52.5714,0
Jujuy,2022,3,20.6048,99.8333,75.0476,0
Jujuy,2022,4,18.9333,90.4667,79.381,0
Jujuy,2022,5,18.3333,49.2667,73.6667,0
Jujuy,2022,6,17.6333,13.2333,73.2857,0
Jujuy,2022,7,19.7571,4.9333,69.8571,0
Jujuy,2022,8,20.2333,32.6,76.1429,0
Jujuy,2022,9,20.9238,34.3333,72.619,0
Jujuy,2022,10,17.5,86.9,79.2857,0
Jujuy,2022,11,16.9143,9.1,73.4286,0
Jujuy,2022,12,17.1952,1.1667,68.7143,0
Jujuy,2022,13,14.9667,1.3333,63.619,0
Jujuy,2022,14,17.9476,5.1,71.8095,0
Jujuy,2022,15,14.4,21.0,70.0952,0
Jujuy,2022,16,15.581,0.0667,63.8095,0
Jujuy,2022,17,15.1524,2.3,65.2857,0
Jujuy,2022,18,11.7952,0.5333,64.6667,0
Jujuy,2022,19,12.2,5.7333,64.619,0
Jujuy,2022,20,9.0333,2.6667,69.7619,0
Jujuy,2022,21,11.6333,0.2667,62.8571,0
Jujuy,2022,22,8.0048,0.1,65.7619,0
Jujuy,2022,23,9.3333,0.0,68.0952,0
Jujuy,2022,24,7.4476,0.0,56.1905,0
Jujuy,2022,25,7.6381,0.4,63.8571,0
Jujuy,2022,26,9.219,0.0,57.0,0
Jujuy,2022,27,11.6857,0.0,60.1429,0
Jujuy,2022,28,8.2,0.0,54.7619,0
Jujuy,2022,29,11.619,0.0,56.619,0
Jujuy,2022,30,13.9333,1.3667,61.381,0
Jujuy,2022,31,11.9381,0.0,53.7143,0
Jujuy,2022,32,9.9238,1.9,54.6667,0
Jujuy,2022,33,10.7857,0.0,39.1429,0
Jujuy,2022,34,14.2524,0.0,41.4762,0
Jujuy,2022,35,12.1905,0.0,46.0952,0
Jujuy,2022,36,13.9905,0.0,35.4286,0
Jujuy,2022,37,14.8571,0.0,38.5238,0
Jujuy,2022,38,14.3571,1.0,46.2381,0
Jujuy,2022,39,14.0,7.6667,52.8571,0
Jujuy,2022,40,17.3381,0.0,38.8095,0
Jujuy,2022,41,15.2524,0.0,46.9524,0
Jujuy,2022,42,17.0952,1.3667,59.5238,0
Jujuy,2022,43,21.9667,0.0,41.0,0
Jujuy,2022,44,15.3095,0.0,38.8571,0
Jujuy,2022,45,20.8524,0.0,41.8571,0
Jujuy,2022,46,22.2571,1.3333,45.381,0
Jujuy,2022,47,20.4667,2.8667,47.2381,0
Jujuy,2022,48,19.2762,19.0333,58.0476,0
Jujuy,2022,49,23.381,21.5,53.3333,0
Jujuy,2022,50,20.6333,11.8333,60.0952,0
Jujuy,2023,1,19.5524,18.7,57.2381,0
Jujuy,2023,2,20.281,7.6667,57.4762,0
Jujuy,2023,3,23.1762,27.8333,50.7143,0
Jujuy,2023,4,20.4952,42.3333,71.5714,2
Jujuy,2023,5,19.1714,28.5667,71.8095,6
Jujuy,2023,6,20.8143,14.3333,64.9524,19
Jujuy,2023,7,17.6619,27.9333,69.8095,52
Jujuy,2023,8,19.2952,11.8333,67.8571,63
Jujuy,2023,9,20.4905,24.1,68.5238,45
Jujuy,2023,10,21.1571,1.6,63.7143,151
Jujuy,2023,11,20.5714,12.0,63.9524,342
Jujuy,2023,12,19.8667,29.4333,68.2857,656
Jujuy,2023,13,19.3429,17.0667,74.2857,1045
Jujuy,2023,14,16.7238,34.6,77.5714,807
Jujuy,2023,15,16.0238,14.0667,68.3333,800
Jujuy,2023,16,15.0571,16.6667,66.7143,373
Jujuy,2023,17,15.5429,3.6667,64.4286,333
Jujuy,2023,18,13.0429,0.5667,58.9048,197
Jujuy,2023,19,13.2905,0.0,62.0952,129
Jujuy,2023,20,15.5952,0.0333,60.3333,132
Jujuy,2023,21,14.0571,0.2667,58.381,73
Jujuy,2023,22,12.0714,0.2,60.6667,104
Jujuy,2023,23,13.1429,0.6667,57.1429,19
Jujuy,2023,24,6.1238,0.0,53.8095,26
Jujuy,2023,25,11.4857,0.0667,57.4286,8
Jujuy,2023,26,11.8238,0.3667,60.9524,9
Jujuy,2023,27,13.2286,0.0,57.0476,9
Jujuy,2023,28,10.2,2.0,58.619,4
Jujuy,2023,29,10.6048,0.1,57.4762,1
Jujuy,2023,30,9.9762,0.0,53.8095,0
Jujuy,2023,31,15.4476,0.0,48.619,2
Jujuy,2023,32,13.0571,1.4,50.9048,0
Jujuy,2023,33,14.6381,0.0,46.7619,0
Jujuy,2023,34,14.7048,0.0,35.2381,1
Jujuy,2023,35,15.4619,0.0667,43.1905,0
Jujuy,2023,36,14.1714,0.2,53.5238,0
Jujuy,2023,37,17.1286,0.0,34.0,0
Jujuy,2023,38,20.2095,0.0,42.2381,0
Jujuy,2023,39,17.3048,6.8,52.5238,0
Jujuy,2023,40,18.3429,0.0,37.4762,0
Jujuy,2023,41,19.6,0.0,35.9524,0
Jujuy,2023,42,20.3476,20.3333,58.8571,0
Jujuy,2023,43,20.4429,4.5,54.4286,1
Jujuy,2023,44,18.5238,3.3333,51.9524,0
Jujuy,2023,45,23.8952,13.3333,47.0476,0
Jujuy,2023,46,22.5048,0.3333,46.2381,0
Jujuy,2023,47,20.6333,16.5333,64.619,0
Jujuy,2023,48,23.0333,35.2667,61.1429,0
Jujuy,2023,49,19.7048,16.0,67.4286,0
Jujuy,2023,50,23.6429,18.7,63.381,0
Jujuy,2023,51,20.9,56.7,72.3333,0
Jujuy,2023,52,20.4048,49.0,76.6667,1
Jujuy,2024,1,21.4,25.5667,72.0476,5
Jujuy,2024,2,21.8571,42.0,69.8095,3
Jujuy,2024,3,21.5905,54.3333,72.0,5
Jujuy,2024,4,20.3714,11.1667,69.0,8
Jujuy,2024,5,22.2571,18.6,61.7143,30
Jujuy,2024,6,21.5143,31.1667,69.619,26
Jujuy,2024,7,20.3619,77.1,76.9524,108
Jujuy,2024,8,19.8571,39.9667,77.0952,161
Jujuy,2024,9,20.5762,97.2667,77.619,177
Jujuy,2024,10,20.0,45.5667,78.9524,288
Jujuy,2024,11,22.9524,27.3333,74.2381,475
Jujuy,2024,12,20.0714,0.0667,72.1429,1374
Jujuy,2024,13,19.7524,3.8,69.1905,1704
Jujuy,2024,14,19.3095,29.6667,77.7619,2399
Jujuy,2024,15,16.5333,31.4,80.9048,2621
Jujuy,2024,16,16.4619,0.0,64.6667,1789
Jujuy,2024,17,18.8429,1.3333,69.9048,1191
Jujuy,2024,18,15.519,2.4,65.0476,861
Jujuy,2024,19,14.1286,3.7333,68.0,603
Jujuy,2024,20,9.0381,3.4333,70.7143,211
Jujuy,2024,21,9.0762,3.4667,66.3333,53
Jujuy,2024,22,9.4476,0.0,61.5238,26
Jujuy,2024,23,12.7476,0.0,62.5714,11
Jujuy,2024,24,14.4667,0.0,61.7619,0
Jujuy,2024,25,12.2865,0.8667,58.627,6
Jujuy,2024,26,8.0762,2.2,64.7714,2
Jujuy,2024,27,9.0381,0.0,57.0,0
Jujuy,2024,28,5.4619,0.0,52.7143,0
Jujuy,2024,29,8.7619,0.4333,56.619,0
Jujuy,2024,30,12.681,0.0,58.4286,0
Jujuy,2024,31,12.8905,0.0,52.4762,0
Jujuy,2024,32,9.9143,0.0,46.619,0
Jujuy,2024,33,12.2905,0.0,46.8571,0
Jujuy,2024,34,10.5762,2.2,60.7619,0
Jujuy,2024,35,12.8333,0.0,48.4286,0
Jujuy,2024,36,16.2952,0.0,44.381,0
Jujuy,2024,37,16.4667,0.2,52.8095,0
Jujuy,2024,38,19.519,0.0,43.5714,0
Jujuy,2024,39,19.1143,0.7333,53.381,0
Jujuy,2024,40,21.1857,0.0,40.0476,0
Jujuy,2024,41,18.1762,12.9,61.4286,0
Jujuy,2024,42,20.7,26.3333,64.0476,0
Jujuy,2024,43,20.3429,3.3,58.0952,0
Jujuy,2024,44,21.1333,41.8,60.3333,0
Jujuy,2024,45,19.6714,12.2333,72.381,0
Jujuy,2024,46,19.6619,29.5,60.4762,0
Jujuy,2024,47,19.0667,16.1667,76.1429,0
Jujuy,2024,48,22.219,76.9333,74.0,0
Jujuy,2024,49,19.5048,7.3667,63.0476,0
Jujuy,2024,50,19.7667,1.6667,66.8571,0
Jujuy,2024,51,21.0238,13.0667,62.7619,0
Jujuy,2024,52,19.4048,3.7667,65.7619,0
Jujuy,2025,1,21.023,53.9,71.0556,0
Jujuy,2025,2,18.9143,22.6,78.381,0
Jujuy,2025,3,20.4952,5.5,62.5238,0
Jujuy,2025,4,21.2429,70.1,71.0952,0
Jujuy,2025,5,21.3905,15.6333,71.0476,0
Jujuy,2025,6,22.2619,42.7333,59.9524,0
Jujuy,2025,7,21.7143,32.4667,68.0,0
Jujuy,2025,8,20.2524,45.4667,74.0,0
Jujuy,2025,9,21.5905,41.2333,69.2381,0
Jujuy,2025,10,19.3286,44.2667,77.4762,0
Jujuy,2025,11,16.1952,57.5,83.0476,0
Jujuy,2025,12,18.8476,23.2,78.5714,0
Jujuy,2025,13,18.331,8.3333,74.6587,0
Jujuy,2025,14,14.3143,4.8333,75.9524,0
Jujuy,2025,15,15.7556,0.1,68.9683,0
Jujuy,2025,16,15.9762,16.8,71.8095,0
Jujuy,2025,17,15.3333,7.0667,78.381,0
Jujuy,2025,18,15.3,0.1,75.1429,0
Jujuy,2025,19,15.8619,0.0,68.2381,0
Jujuy,2025,20,16.0619,0.0,67.619,0
Jujuy,2025,21,13.5143,0.2667,69.5238,0
Jujuy,2025,22,9.5095,1.2333,63.7143,0
Jujuy,2025,23,10.6571,0.1333,67.0476,0
Jujuy,2025,24,9.5286,0.0,68.5714,0
Jujuy,2025,25,9.7048,0.8667,64.8095,0
Jujuy,2025,26,7.1333,2.7,63.381,0
Jujuy,2025,27,6.3619,0.3667,69.5714,0
Jujuy,2025,28,12.0952,1.5333,69.1429,0
Jujuy,2025,29,11.0238,0.4,62.5238,0
Jujuy,2025,30,11.3619,0.2667,63.9524,0
Jujuy,2025,31,12.0714,0.1667,59.2857,0
Jujuy,2025,32,10.1714,3.9333,57.4286,0
Jujuy,2025,33,11.6048,0.0,56.4286,0
Jujuy,2025,34,13.1619,0.0,45.381,0
Jujuy,2025,35,13.0143,0.0,41.3333,0
Jujuy,2025,36,11.9048,2.0667,57.381,0
Jujuy,2025,37,17.1381,0.0,47.619,0
Jujuy,2025,38,20.0476,3.9,56.0,0
Jujuy,2025,39,17.4476,0.0,47.8095,0
Jujuy,2025,40,19.2429,4.8333,52.381,0
Jujuy,2025,41,17.0762,0.0,45.1984,0
Jujuy,2025,42,18.7952,32.0667,59.8571,0
La Pampa,2018,1,24.5214,6.0,40.0714,0
La Pampa,2018,2,26.6071,9.0,52.4286,0
La Pampa,2018,3,25.5857,8.55,51.4286,0
La Pampa,2018,4,22.6714,24.0,57.0714,0
La Pampa,2018,5,26.5286,0.0,57.5,0
La Pampa,2018,6,24.5286,0.6,46.5,0
La Pampa,2018,7,25.2143,2.0,53.3571,0
La Pampa,2018,8,21.2,10.1,65.0,0
La Pampa,2018,9,24.9143,18.25,62.9286,0
La Pampa,2018,10,20.7214,4.5,58.5714,0
La Pampa,2018,11,19.3214,10.1,43.1429,0
La Pampa,2018,12,16.1143,1.55,56.0,0
La Pampa,2018,13,19.4357,6.0,59.6429,0
La Pampa,2018,14,17.85,0.7,68.2857,0
La Pampa,2018,15,18.1429,3.25,64.1429,0
La Pampa,2018,16,20.5929,11.0,74.7857,0
La Pampa,2018,17,17.7857,9.7,78.6429,0
La Pampa,2018,18,13.6714,30.85,90.3571,0
La Pampa,2018,19,15.6,8.75,82.9286,0
La Pampa,2018,20,11.4286,3.55,73.1429,0
La Pampa,2018,21,10.8929,0.0,71.2143,0
La Pampa,2018,22,8.4214,3.4,78.9286,0
La Pampa,2018,23,7.6286,0.0,70.2143,0
La Pampa,2018,24,4.9071,11.2,79.0714,0
La Pampa,2018,25,7.9429,0.0,59.6429,0
La Pampa,2018,26,10.3571,3.5,67.8571,0
La Pampa,2018,27,5.7786,3.75,83.3571,0
La Pampa,2019,1,22.9429,36.4,63.7857,0
La Pampa,2019,2,20.8071,80.4,62.6429,0
La Pampa,2019,3,21.5,3.0,64.0714,0
La Pampa,2019,4,25.4071,13.35,72.5714,0
La Pampa,2019,5,24.95,11.0,63.3571,0
La Pampa,2019,6,23.6143,0.4,67.1429,0
La Pampa,2019,7,20.5857,5.0,63.6429,0
La Pampa,2019,8,24.1143,29.75,63.6429,0
La Pampa,2019,9,19.1929,7.0,56.0,0
La Pampa,2019,10,19.3357,1.0,66.0714,0
La Pampa,2019,11,18.7429,24.5,79.8571,0
La Pampa,2019,12,16.3857,0.95,64.8571,0
La Pampa,2019,13,17.7571,3.0,73.0714,0
La Pampa,2019,14,19.4571,0.45,59.2857,0
La Pampa,2019,15,18.0929,0.1,61.1429,0
La Pampa,2019,16,17.2286,0.0,64.8571,0
La Pampa,2019,17,15.1643,20.0,77.1429,0
La Pampa,2019,18,15.7071,0.0,61.6429,0
La Pampa,2019,19,13.1286,35.5,76.4286,0
La Pampa,2019,20,12.9429,6.5,70.6429,0
La Pampa,2019,21,9.4214,7.0,76.7143,0
La Pampa,2019,22,9.1429,1.75,84.5,0
La Pampa,2019,23,11.1214,0.0,73.7143,0
La Pampa,2019,24,8.6286,20.45,88.5,0
La Pampa,2019,25,9.7857,1.75,77.6429,0
La Pampa,2019,26,7.4,3.15,69.5,0
La Pampa,2019,27,5.6429,0.0,68.5714,0
La Pampa,2019,28,6.9214,0.0,80.0714,0
La Pampa,2019,29,9.7643,0.0,66.2143,0
La Pampa,2019,30,6.6286,0.0,64.0,0
La Pampa,2019,31,10.1071,0.0,55.9286,0
La Pampa,2019,32,8.85,0.0,51.0714,0
La Pampa,2019,33,7.0571,0.0,63.3571,0
La Pampa,2019,34,9.4714,1.75,72.6429,0
La Pampa,2019,35,13.7,1.0,57.8571,0
La Pampa,2019,36,7.1714,0.4,60.0714,0
La Pampa,2019,37,11.6786,5.75,69.7143,0
La Pampa,2019,38,13.0643,0.0,37.5,0
La Pampa,2019,39,20.3929,2.35,47.7857,0
La Pampa,2019,40,13.7786,0.0,44.0714,0
La Pampa,2019,41,18.8643,1.25,39.5,0
La Pampa,2019,42,14.0571,13.45,67.7857,0
La Pampa,2019,43,18.4571,3.5,51.2857,0
La Pampa,2019,44,18.9857,11.4,53.0714,0
La Pampa,2019,45,21.1214,2.5,44.3571,0
La Pampa,2019,46,25.1214,20.0,51.8571,0
La Pampa,2019,47,22.7857,49.0,53.1429,0
La Pampa,2019,48,19.8357,7.15,52.5714,0
La Pampa,2019,49,21.8929,4.5,45.2857,0
La Pampa,2019,50,24.6357,0.5,31.7143,0
La Pampa,2019,51,23.55,51.5,48.9286,0
La Pampa,2019,52,24.1643,30.0,63.5,0
La Pampa,2020,1,24.0143,31.0,69.7143,0
La Pampa,2020,2,23.2857,3.35,49.7857,0
La Pampa,2020,3,22.4929,56.5,63.7143,0
La Pampa,2020,4,26.7429,68.0,64.1429,0
La Pampa,2020,5,23.4571,23.75,60.9286,0
La Pampa,2020,6,23.15,35.5,73.2143,0
La Pampa,2020,7,22.7714,32.9,66.2857,0
La Pampa,2020,8,18.55,15.5,62.9286,0
La Pampa,2020,9,23.1357,0.0,55.6429,2
La Pampa,2020,10,25.6571,2.0,58.4286,0
La Pampa,2020,11,20.2214,86.9,78.2143,1
La Pampa,2020,12,20.4357,27.1,73.6429,0
La Pampa,2020,13,21.5,36.0,78.2857,0
La Pampa,2020,14,17.5786,34.15,77.7857,2
La Pampa,2020,15,15.0929,14.5,64.0714,1
La Pampa,2020,16,17.3571,0.0,65.2857,0
La Pampa,2020,17,17.1,35.15,70.7857,0
La Pampa,2020,18,15.0,24.0,75.1429,0
La Pampa,2020,19,12.7,1.0,68.4286,0
La Pampa,2020,20,13.1786,0.0,64.0714,0
La Pampa,2020,21,12.1357,0.0,69.6429,0
La Pampa,2020,22,10.1143,0.0,75.1429,0
La Pampa,2020,23,9.1429,0.0,76.8571,0
La Pampa,2020,24,9.8071,0.0,65.5714,0
La Pampa,2020,25,9.35,0.1,71.1429,0
La Pampa,2020,26,6.4786,5.4,79.0,0
La Pampa,2020,27,7.0857,8.3,83.2143,0
La Pampa,2020,28,6.2071,0.4,74.0,0
La Pampa,2020,29,8.0571,0.25,72.9286,0
La Pampa,2020,30,7.6929,16.35,80.8571,0
La Pampa,2020,31,8.0214,0.0,58.2143,0
La Pampa,2020,32,12.0214,0.0,71.8571,0
La Pampa,2020,33,7.9143,0.0,40.0,0
La Pampa,2020,34,8.5714,0.0,44.0,0
La Pampa,2020,35,11.0071,2.45,66.7143,0
La Pampa,2020,36,9.1143,17.0,65.7857,0
La Pampa,2020,37,13.6512,1.0,52.75,0
La Pampa,2020,38,14.6071,0.0,38.8571,0
La Pampa,2020,39,15.9857,64.0,58.9286,0
La Pampa,2020,40,12.6714,1.2,57.9286,0
La Pampa,2020,41,15.15,0.0,49.8571,0
La Pampa,2020,42,22.2,9.0,49.6429,0
La Pampa,2020,43,15.9143,17.0,74.0,0
La Pampa,2020,44,17.2286,15.0,51.2857,0
La Pampa,2020,45,20.9929,6.5,55.2143,0
La Pampa,2020,46,21.7143,25.0,61.5714,0
La Pampa,2020,47,22.7571,0.25,48.3571,0
La Pampa,2020,48,23.3357,28.75,52.5714,0
La Pampa,2020,49,21.45,0.0,41.8571,0
La Pampa,2020,50,24.9929,22.0,39.6429,0
La Pampa,2020,51,23.15,8.0,44.0714,0
La Pampa,2020,52,28.3214,19.4,43.5714,0
La Pampa,2020,53,25.6,7.75,49.2143,0
La Pampa,2021,1,22.0929,85.5,64.6429,0
La Pampa,2021,2,21.5929,51.5,59.9286,0
La Pampa,2021,3,27.7643,0.0,52.2143,0
La Pampa,2021,4,22.9286,12.45,57.0,0
La Pampa,2021,5,22.6643,0.4,61.3571,0
La Pampa,2021,6,21.6714,8.5,68.7857,0
La Pampa,2021,7,22.7143,14.0,52.8571,0
La Pampa,2021,8,24.1143,13.5,54.6429,0
La Pampa,2021,9,24.8214,7.55,68.7857,0
La Pampa,2021,10,22.6286,19.5,62.8571,1
La Pampa,2021,11,16.7071,21.25,76.2857,0
La Pampa,2021,12,17.6286,82.2,75.7857,0
La Pampa,2021,13,19.0,0.0,67.8571,0
La Pampa,2021,14,19.3286,71.0,78.7143,0
La Pampa,2021,15,19.0857,40.0,71.9286,0
La Pampa,2021,16,16.3,98.5,81.2143,0
La Pampa,2021,17,16.7643,0.0,70.9286,0
La Pampa,2021,18,10.7286,2.0,68.0714,0
La Pampa,2021,19,11.95,0.0,64.2143,0
La Pampa,2021,20,11.3726,41.95,84.7738,0
La Pampa,2021,21,11.9857,0.0,60.5,0
La Pampa,2021,22,11.8143,3.15,69.5714,0
La Pampa,2021,23,11.6357,0.0,74.9286,0
La Pampa,2021,24,5.5786,0.0,72.0714,0
La Pampa,2021,25,8.2429,2.0,78.6429,0
La Pampa,2021,26,7.3143,0.0,58.2857,0
La Pampa,2021,27,9.9786,0.0,71.8571,0
La Pampa,2021,28,7.0643,0.0,58.3571,0
La Pampa,2021,29,10.0143,0.0,54.7857,0
La Pampa,2021,30,7.1643,0.0,53.2143,0
La Pampa,2022,1,24.6571,7.05,50.2143,0
La Pampa,2022,2,28.8857,10.0,46.1429,0
La Pampa,2022,3,20.2071,54.25,84.2857,0
La Pampa,2022,4,23.6429,13.25,64.1429,0
La Pampa,2022,5,21.5357,14.85,64.0,0
La Pampa,2022,6,19.9857,17.0,63.6429,0
La Pampa,2022,7,22.3143,5.65,63.6429,0
La Pampa,2022,8,20.6571,50.0,72.5,0
La Pampa,2022,9,21.2357,31.0,59.9286,0
La Pampa,2022,10,18.3071,9.5,65.9286,0
La Pampa,2022,11,19.4071,0.3,62.2857,0
La Pampa,2022,12,16.0429,41.25,71.6429,0
La Pampa,2022,13,14.6214,0.0,53.3571,0
La Pampa,2022,14,19.0571,65.0,64.7857,0
La Pampa,2022,15,13.5857,0.0,65.0,0
La Pampa,2022,16,15.7,4.05,65.1429,0
La Pampa,2022,17,11.3929,0.5,57.3571,0
La Pampa,2022,18,14.3286,0.0,65.2857,0
La Pampa,2022,19,11.4643,0.0,71.4286,0
La Pampa,2022,20,8.6357,0.0,67.7143,0
La Pampa,2022,21,7.8214,0.45,70.3571,0
La Pampa,2022,22,5.4714,0.0,68.2143,0
La Pampa,2022,23,8.6857,0.0,62.9286,0
La Pampa,2022,24,7.7071,0.0,62.7143,0
La Pampa,2022,25,5.1357,0.0,73.7857,0
La Pampa,2022,26,8.4286,0.0,58.7857,0
La Pampa,2022,27,7.9214,0.0,56.4286,0
La Pampa,2022,28,6.5286,0.05,69.9286,0
La Pampa,2022,29,9.35,0.0,63.4286,0
La Pampa,2022,30,10.2571,19.7,78.7857,0
La Pampa,2022,31,9.1929,4.9,77.0,0
La Pampa,2022,32,10.1714,0.5,72.3571,0
La Pampa,2022,33,9.7857,5.5,51.2143,0
La Pampa,2022,34,11.95,0.0,50.4286,0
La Pampa,2022,35,12.5429,0.0,40.4286,0
La Pampa,2022,36,12.95,0.0,42.0,0
La Pampa,2022,37,15.3929,30.2,51.3571,0
La Pampa,2022,38,11.3286,7.6,67.0,0
La Pampa,2022,39,16.3786,0.25,52.7857,0
La Pampa,2022,40,15.5286,20.8,54.7143,0
La Pampa,2022,41,14.9214,0.0,43.5714,0
La Pampa,2022,42,15.4071,8.5,66.7143,0
La Pampa,2022,43,18.5857,25.25,53.4286,0
La Pampa,2022,44,19.5071,0.0,36.7857,0
La Pampa,2022,45,20.6,68.15,60.4286,0
La Pampa,2022,46,21.0071,41.75,65.7143,0
La Pampa,2022,47,23.4643,0.15,50.5714,0
La Pampa,2022,48,24.8786,8.5,50.9286,0
La Pampa,2022,49,27.3714,3.95,46.7143,0
La Pampa,2022,50,24.1786,2.5,39.3571,0
La Pampa,2023,1,27.0929,0.0,39.5,0
La Pampa,2023,2,25.1357,11.5,48.6429,0
La Pampa,2023,3,24.7643,56.2,66.0,0
La Pampa,2023,4,24.9571,50.3,61.0,0
La Pampa,2023,5,23.9786,6.0,69.2857,0
La Pampa,2023,6,28.4214,4.75,54.5714,0
La Pampa,2023,7,18.9929,0.0,42.4286,0
La Pampa,2023,8,23.8571,0.0,46.2857,0
La Pampa,2023,9,26.6571,0.0,44.2143,0
La Pampa,2023,10,24.3571,31.5,69.5714,0
La Pampa,2023,11,22.4714,8.5,77.8571,1
La Pampa,2023,12,19.0,4.0,76.7143,0
La Pampa,2023,13,17.6643,4.5,60.0,6
La Pampa,2023,14,20.1357,40.75,72.5714,3
La Pampa,2023,15,15.1357,1.8,67.7143,8
La Pampa,2023,16,15.0429,0.0,64.1429,2
La Pampa,2023,17,17.7857,1.2,68.9286,2
La Pampa,2023,18,12.7286,3.0,60.9286,1
La Pampa,2023,19,13.9786,0.0,67.4286,1
La Pampa,2023,20,13.2286,19.0,76.1429,1
La Pampa,2023,21,12.5143,3.5,83.0,0
La Pampa,2023,22,12.15,0.0,74.2857,0
La Pampa,2023,23,10.8571,0.0,62.2857,0
La Pampa,2023,24,6.3214,0.35,65.5,1
La Pampa,2023,25,10.1571,13.0,88.0714,0
La Pampa,2023,26,9.9929,0.0,67.0714,0
La Pampa,2023,27,9.9357,4.5,79.2143,1
La Pampa,2023,28,5.3571,27.6,81.7857,0
La Pampa,2023,29,7.5714,0.0,66.7857,0
La Pampa,2023,30,8.6857,0.4,72.8571,0
La Pampa,2023,31,11.4071,0.0,55.1429,0
La Pampa,2023,32,8.9071,0.0,54.7857,0
La Pampa,2023,33,9.6214,8.75,68.9286,0
La Pampa,2023,34,8.8857,2.8,66.9286,0
La Pampa,2023,35,11.4714,1.0,50.1429,0
La Pampa,2023,36,10.8429,3.15,65.4286,0
La Pampa,2023,37,14.3357,0.5,41.5714,0
La Pampa,2023,38,12.6286,0.0,67.1429,0
La Pampa,2023,39,13.5643,0.95,45.4286,0
La Pampa,2023,40,15.9714,20.8,50.0,0
La Pampa,2023,41,16.8571,2.6,39.3571,0
La Pampa,2023,42,16.7571,26.1,65.5,0
La Pampa,2023,43,17.8143,18.2,67.0,0
La Pampa,2023,44,13.8429,21.45,62.5714,0
La Pampa,2023,45,19.6071,27.45,50.0,0
La Pampa,2023,46,18.95,0.25,39.0,0
La Pampa,2023,47,24.0357,2.0,34.5714,0
La Pampa,2023,48,22.6857,46.15,55.2143,0
La Pampa,2023,49,20.1071,33.1,66.0,0
La Pampa,2023,50,24.1643,68.2,67.7143,0
La Pampa,2023,51,20.0786,35.15,69.0,0
La Pampa,2023,52,22.7929,12.5,56.9286,1
La Pampa,2024,1,24.4643,15.7,65.5,4
La Pampa,2024,2,22.55,20.0,63.1429,3
La Pampa,2024,3,24.2929,2.5,50.5,4
La Pampa,2024,4,26.0286,0.0,51.7143,2
La Pampa,2024,5,28.6429,0.3,48.2143,1
La Pampa,2024,6,25.7143,68.0,76.7143,7
La Pampa,2024,7,22.0786,0.0,67.6429,9
La Pampa,2024,8,22.8214,27.25,72.2857,10
La Pampa,2024,9,22.9429,1.25,69.1429,21
La Pampa,2024,10,21.4,25.7,65.8571,23
La Pampa,2024,11,21.5357,28.8,71.8571,46
La Pampa,2024,12,19.1,42.25,67.3571,82
La Pampa,2024,13,21.2429,30.0,68.3571,75
La Pampa,2024,14,18.1071,3.55,64.3571,125
La Pampa,2024,15,14.0571,66.8,81.5714,67
La Pampa,2024,16,16.1357,34.9,75.0714,32
La Pampa,2024,17,12.4214,2.1,71.8571,22
La Pampa,2024,18,11.7071,2.5,68.0714,11
La Pampa,2024,19,9.6286,0.4,71.5,6
La Pampa,2024,20,7.1643,0.3,76.5714,1
La Pampa,2024,21,7.0786,0.2,74.4286,0
La Pampa,2024,22,8.0857,0.0,69.8571,0
La Pampa,2024,23,11.3857,9.75,77.2143,0
La Pampa,2024,24,12.6143,0.15,73.1429,0
La Pampa,2024,25,9.1571,8.55,78.7143,0
La Pampa,2024,26,6.3357,0.0,67.5,1
La Pampa,2024,27,4.9571,0.0,57.2143,0
La Pampa,2024,28,3.7429,0.0,64.2857,0
La Pampa,2024,29,8.1286,0.0,69.5,0
La Pampa,2024,30,9.7643,0.0,56.3571,0
La Pampa,2024,31,11.2286,0.0,58.4286,0
La Pampa,2024,32,7.9929,7.7,61.7857,0
La Pampa,2024,33,10.0714,0.0,61.7857,0
La Pampa,2024,34,6.0714,4.95,77.6429,0
La Pampa,2024,35,10.7071,3.5,64.6429,0
La Pampa,2024,36,13.0714,0.0,43.9286,0
La Pampa,2024,37,13.2571,3.1,48.7143,0
La Pampa,2024,38,17.9357,5.75,45.5,0
La Pampa,2024,39,15.4786,0.35,50.9286,0
La Pampa,2024,40,16.9857,0.75,43.6429,0
La Pampa,2024,41,16.7357,0.7,65.0,0
La Pampa,2024,42,20.9071,19.05,63.8571,0
La Pampa,2024,43,18.5571,47.35,58.5,0
La Pampa,2024,44,23.6857,41.4,51.0,0
La Pampa,2024,45,19.2786,17.35,63.0714,0
La Pampa,2024,46,20.4286,5.85,48.6429,0
La Pampa,2024,47,21.3857,4.2,60.8571,0
La Pampa,2024,48,21.1071,16.0,60.5714,0
La Pampa,2024,49,19.6071,6.5,46.0,0
La Pampa,2024,50,24.0071,5.25,52.9286,0
La Pampa,2024,51,23.4429,24.15,52.1429,0
La Pampa,2024,52,23.8643,2.0,50.6429,0
La Pampa,2025,1,26.0786,12.75,45.8571,1
La Pampa,2025,2,26.9071,4.0,56.8571,0
La Pampa,2025,3,26.3714,23.6,53.2143,0
La Pampa,2025,4,27.0571,67.5,47.7143,1
La Pampa,2025,5,26.6929,4.5,57.5,1
La Pampa,2025,6,25.3214,22.5,64.8571,6
La Pampa,2025,7,23.8571,33.25,60.2857,7
La Pampa,2025,8,26.0857,9.6,56.7857,6
La Pampa,2025,9,23.2286,66.15,80.5,4
La Pampa,2025,10,21.7643,89.35,78.4286,28
La Pampa,2025,11,17.9786,0.0,67.6429,25
La Pampa,2025,12,22.3,32.5,72.2143,40
La Pampa,2025,13,17.8929,58.5,84.1429,31
La Pampa,2025,14,13.1571,0.0,65.0,38
La Pampa,2025,15,16.5071,25.25,79.2143,18
La Pampa,2025,16,12.8143,34.25,79.8571,5
La Pampa,2025,17,15.2786,5.5,73.1429,0
La Pampa,2025,18,16.8929,0.0,64.8571,1
La Pampa,2025,19,14.6643,6.9,78.2857,3
La Pampa,2025,20,16.3643,0.2,77.7143,0
La Pampa,2025,21,12.0,0.7,70.3571,0
La Pampa,2025,22,9.1286,6.7,65.8571,0
La Pampa,2025,23,10.8,0.15,71.5714,0
La Pampa,2025,24,9.3643,0.0,74.2143,0
La Pampa,2025,25,9.0,0.5,61.3571,0
La Pampa,2025,26,5.4,0.0,51.2143,0
La Pampa,2025,27,5.4214,0.0,65.7857,0
La Pampa,2025,28,9.9357,0.15,84.5,0
La Pampa,2025,29,11.5286,1.75,61.7143,0
La Pampa,2025,30,7.5,0.0,76.0,0
La Pampa,2025,31,10.6214,3.0,72.7143,0
La Pampa,2025,32,9.1571,0.05,60.6429,0
La Pampa,2025,33,10.3786,0.0,64.2143,0
La Pampa,2025,34,11.7,4.65,56.5,0
La Pampa,2025,35,14.7286,30.75,63.7857,0
La Pampa,2025,36,10.2214,0.0,59.5,0
La Pampa,2025,37,15.4286,0.0,53.5,0
La Pampa,2025,38,18.4429,59.25,73.6429,0
La Pampa,2025,39,14.6571,20.3,63.2143,0
La Pampa,2025,40,18.3714,0.0,58.2143,0
La Pampa,2025,41,18.2643,3.05,51.2143,0
La Pampa,2025,42,19.95,0.9,46.5714,0
La Rioja,2018,1,27.3952,0.1667,55.1429,0
La Rioja,2018,2,27.6429,19.6,58.7619,0
La Rioja,2018,3,26.5627,2.0333,57.0556,0
La Rioja,2018,4,25.8619,37.9667,67.9048,0
La Rioja,2018,5,27.3333,25.3333,65.8571,0
La Rioja,2018,6,27.9,3.0,56.9524,0
La Rioja,2018,7,25.1667,5.1667,63.5714,0
La Rioja,2018,8,24.9238,19.4667,66.4762,0
La Rioja,2018,9,25.2008,11.3333,62.6349,0
La Rioja,2018,10,24.8286,8.0,62.2381,0
La Rioja,2018,11,23.9619,6.6667,56.8095,0
La Rioja,2018,12,22.2381,5.3333,50.3333,0
La Rioja,2018,13,22.4619,31.6667,53.3333,0
La Rioja,2018,14,21.8048,1.3667,66.1905,0
La Rioja,2018,15,19.5524,0.0,70.119,0
La Rioja,2018,16,24.2286,0.0,61.9048,0
La Rioja,2018,17,22.7524,0.0333,69.9048,0
La Rioja,2018,18,20.1857,2.7,72.7143,0
La Rioja,2018,19,17.3714,13.6,75.2381,0
La Rioja,2018,20,14.419,0.2,73.9127,0
La Rioja,2018,21,13.7476,0.0,70.7143,0
La Rioja,2018,22,11.769,0.3667,74.6905,0
La Rioja,2018,23,9.7714,0.0,67.7619,0
La Rioja,2018,24,6.7952,0.0,63.619,0
La Rioja,2018,25,11.2286,0.0,59.381,0
La Rioja,2018,26,12.1333,0.0,66.2857,0
La Rioja,2018,27,7.5,13.2,86.5238,0
La Rioja,2019,1,26.8714,14.5,63.4762,0
La Rioja,2019,2,24.5714,18.1333,63.5238,0
La Rioja,2019,3,23.0429,10.2333,68.8095,0
La Rioja,2019,4,30.2857,54.8333,60.0476,0
La Rioja,2019,5,26.7008,33.6667,71.2222,0
La Rioja,2019,6,26.5857,8.0,64.0476,0
La Rioja,2019,7,23.5238,0.0667,59.2381,0
La Rioja,2019,8,31.0619,0.0,50.381,0
La Rioja,2019,9,24.7571,0.3333,62.4762,0
La Rioja,2019,10,21.7905,77.0,76.2381,0
La Rioja,2019,11,20.4762,50.3,79.1429,0
La Rioja,2019,12,20.3571,0.0,69.0952,0
La Rioja,2019,13,19.0476,1.9667,80.4286,0
La Rioja,2019,14,21.7238,26.3333,70.2857,0
La Rioja,2019,15,21.1476,0.0,65.4286,0
La Rioja,2019,16,20.3286,9.6667,77.5238,0
La Rioja,2019,17,15.8143,1.9667,83.3333,0
La Rioja,2019,18,18.2333,12.8667,78.7143,0
La Rioja,2019,19,17.0333,2.1667,78.8571,0
La Rioja,2019,20,15.2333,0.0,71.2381,0
La Rioja,2019,21,10.4524,3.3333,72.2857,0
La Rioja,2019,22,12.2048,0.0,78.5238,0
La Rioja,2019,23,12.881,0.0,73.0476,0
La Rioja,2019,24,11.8714,0.0,75.0,0
La Rioja,2019,25,10.0762,0.0,64.0952,0
La Rioja,2019,26,9.9952,0.0,60.3333,0
La Rioja,2019,27,8.4905,0.0,66.2857,0
La Rioja,2019,28,11.9524,0.0,67.9444,0
La Rioja,2019,29,13.7238,0.6667,67.0476,0
La Rioja,2019,30,10.0,0.0,60.1429,0
La Rioja,2019,31,11.9048,0.0,50.8095,0
La Rioja,2019,32,11.4905,0.0,42.7143,0
La Rioja,2019,33,12.3389,0.0,47.8889,0
La Rioja,2019,34,14.3857,0.0,53.8095,0
La Rioja,2019,35,19.5143,0.0,46.619,0
La Rioja,2019,36,13.69,0.0,43.6825,0
La Rioja,2019,37,16.0714,5.6667,57.7619,0
La Rioja,2019,38,17.1476,0.0,32.8095,0
La Rioja,2019,39,24.381,0.0,32.1905,0
La Rioja,2019,40,19.8286,0.0,40.381,0
La Rioja,2019,41,27.0143,26.0,40.3333,0
La Rioja,2019,42,15.8952,19.0,69.7619,0
La Rioja,2019,43,25.0,0.0,44.381,0
La Rioja,2019,44,25.2429,0.2667,50.9524,0
La Rioja,2019,45,25.7381,1.6667,53.7619,0
La Rioja,2019,46,28.9762,8.7333,45.4762,0
La Rioja,2019,47,27.8095,24.1667,55.1429,0
La Rioja,2019,48,25.8333,0.8333,49.8571,0
La Rioja,2019,49,24.7524,12.6667,50.5714,0
La Rioja,2019,50,29.0238,11.0,38.2857,0
La Rioja,2019,51,27.2286,0.1,45.1667,0
La Rioja,2019,52,29.0333,34.6667,48.619,0
La Rioja,2020,1,28.8143,13.5,53.9048,0
La Rioja,2020,2,28.4905,2.3333,51.9048,0
La Rioja,2020,3,29.0762,8.3333,52.619,0
La Rioja,2020,4,30.1905,24.2778,51.3333,2
La Rioja,2020,5,27.7746,3.0,49.3333,7
La Rioja,2020,6,26.7571,59.1,69.3333,5
La Rioja,2020,7,25.8,0.2333,65.8571,20
La Rioja,2020,8,23.5238,13.8667,61.2857,18
La Rioja,2020,9,26.5,0.6667,47.7143,90
La Rioja,2020,10,29.0905,0.0,46.0476,131
La Rioja,2020,11,28.2238,5.6667,52.9048,194
La Rioja,2020,12,24.9048,2.6667,59.9048,251
La Rioja,2020,13,23.7095,9.4667,67.6667,67
La Rioja,2020,14,21.2571,4.9333,73.381,38
La Rioja,2020,15,19.4333,1.0,57.4762,18
La Rioja,2020,16,20.3286,0.0,55.1429,17
La Rioja,2020,17,23.3619,0.6667,58.4762,28
La Rioja,2020,18,19.1952,0.0333,67.9524,6
La Rioja,2020,19,16.1524,0.0,62.4762,9
La Rioja,2020,20,15.9667,0.0,54.5238,11
La Rioja,2020,21,14.0524,1.3333,59.4762,2
La Rioja,2020,22,13.8619,0.0,55.8571,1
La Rioja,2020,23,10.9365,0.2,64.9841,1
La Rioja,2020,24,13.1952,0.0,64.8571,0
La Rioja,2020,25,13.0619,0.0,54.4286,3
La Rioja,2020,26,10.0952,0.0,63.2381,0
La Rioja,2020,27,8.5571,0.0,62.7619,0
La Rioja,2020,28,9.4143,0.0,59.5238,0
La Rioja,2020,29,11.3857,0.0,60.5238,0
La Rioja,2020,30,9.8667,0.0,58.0476,0
La Rioja,2020,31,11.4048,0.0,44.6667,0
La Rioja,2020,32,16.7,0.0,48.8571,0
La Rioja,2020,33,12.6048,0.0,36.2381,0
La Rioja,2020,34,11.4476,0.0,39.3333,0
La Rioja,2020,35,16.3095,0.0,43.0476,0
La Rioja,2020,36,14.0857,0.0,49.2143,0
La Rioja,2020,37,19.9571,0.0,45.8095,0
La Rioja,2020,38,19.3619,0.0,32.7143,0
La Rioja,2020,39,22.1429,0.0,37.1429,0
La Rioja,2020,40,20.5571,0.0,37.4286,0
La Rioja,2020,41,22.5762,0.0,33.6667,0
La Rioja,2020,42,25.6476,0.1,37.7143,0
La Rioja,2020,43,24.8143,1.0333,55.8095,0
La Rioja,2020,44,23.0524,0.0,32.1905,0
La Rioja,2020,45,26.1333,0.0,32.2381,0
La Rioja,2020,46,24.7143,6.4,57.6667,0
La Rioja,2020,47,23.9143,7.9333,51.7619,0
La Rioja,2020,48,28.3905,7.3333,48.7143,0
La Rioja,2020,49,23.5857,29.6667,57.7143,0
La Rioja,2020,50,29.0095,0.0,39.8571,0
La Rioja,2020,51,28.1333,0.0,39.381,0
La Rioja,2020,52,29.0476,31.1667,45.9048,0
La Rioja,2020,53,27.6143,13.4667,52.381,0
La Rioja,2021,1,25.9429,13.8333,58.7619,1
La Rioja,2021,2,25.4286,18.3333,64.7619,0
La Rioja,2021,3,28.5286,0.0,42.9524,2
La Rioja,2021,4,26.9571,30.6667,56.0952,3
La Rioja,2021,5,23.4905,31.3333,62.9048,1
La Rioja,2021,6,23.1095,55.2,67.9524,11
La Rioja,2021,7,25.1143,1.6667,59.7619,16
La Rioja,2021,8,27.2048,1.7,60.1429,15
La Rioja,2021,9,24.9619,63.0,69.6667,25
La Rioja,2021,10,24.8238,17.4333,65.8571,54
La Rioja,2021,11,19.6,13.4667,76.5238,61
La Rioja,2021,12,20.7238,1.3333,65.381,69
La Rioja,2021,13,21.9333,0.0,60.5714,61
La Rioja,2021,14,21.6944,2.9,73.6508,91
La Rioja,2021,15,21.8071,0.0,67.0714,134
La Rioja,2021,16,22.3929,12.0,62.5,144
La Rioja,2021,17,18.4333,0.0,62.5714,129
La Rioja,2021,18,13.8619,13.8333,74.8571,171
La Rioja,2021,19,14.4095,0.2667,70.0952,122
La Rioja,2021,20,15.119,0.0,69.4762,42
La Rioja,2021,21,13.1571,0.0,59.8095,26
La Rioja,2021,22,15.3,0.0,63.0,7
La Rioja,2021,23,13.2175,0.0,74.6508,5
La Rioja,2021,24,7.5286,8.2,78.1429,1
La Rioja,2021,25,9.1905,0.0,70.619,1
La Rioja,2021,26,8.0286,0.0,54.0476,0
La Rioja,2021,27,13.6754,0.0,56.3333,0
La Rioja,2021,28,11.7857,0.0,51.1905,0
La Rioja,2021,29,12.0,0.0,48.9524,0
La Rioja,2021,30,9.7063,0.0,45.0952,0
La Rioja,2022,1,29.5857,14.4333,44.0476,0
La Rioja,2022,2,34.381,5.3333,29.1429,0
La Rioja,2022,3,27.1667,13.3333,58.1429,0
La Rioja,2022,4,25.5524,86.0333,66.0476,0
La Rioja,2022,5,25.5667,22.6667,58.7143,0
La Rioja,2022,6,23.9857,34.8333,61.3333,0
La Rioja,2022,7,26.7143,9.2667,58.619,0
La Rioja,2022,8,24.7048,16.8,69.3333,0
La Rioja,2022,9,25.7429,7.9333,69.0476,0
La Rioja,2022,10,23.0524,16.0,68.0476,0
La Rioja,2022,11,22.3286,3.9333,61.0,0
La Rioja,2022,12,21.1381,0.0,51.4286,0
La Rioja,2022,13,18.8571,0.6667,49.4286,0
La Rioja,2022,14,22.2571,0.0,64.7143,0
La Rioja,2022,15,19.0905,9.2667,61.381,0
La Rioja,2022,16,19.8429,0.0,62.4286,0
La Rioja,2022,17,17.8476,0.0,53.1905,0
La Rioja,2022,18,15.8714,0.0,57.9524,0
La Rioja,2022,19,17.0429,1.9,68.6667,0
La Rioja,2022,20,12.0397,0.0,58.9286,0
La Rioja,2022,21,13.1095,0.0,66.3333,0
La Rioja,2022,22,9.5,0.0,61.9524,0
La Rioja,2022,23,12.1952,0.0333,64.8095,0
La Rioja,2022,24,10.419,0.0,53.2381,0
La Rioja,2022,25,8.519,0.0,66.7619,0
La Rioja,2022,26,10.4,0.0,63.4286,0
La Rioja,2022,27,12.7667,0.0,50.2857,0
La Rioja,2022,28,8.5095,0.0,53.8571,0
La Rioja,2022,29,13.1286,0.0,62.0476,0
La Rioja,2022,30,15.5278,0.0,59.9365,0
La Rioja,2022,31,13.1667,1.0,59.2381,0
La Rioja,2022,32,12.8286,0.0,55.0476,0
La Rioja,2022,33,13.0,0.0,36.619,0
La Rioja,2022,34,17.481,0.0,37.9524,0
La Rioja,2022,35,15.1762,0.0,34.9048,0
La Rioja,2022,36,16.8429,0.0,28.381,0
La Rioja,2022,37,19.1238,0.0,31.7619,0
La Rioja,2022,38,16.3976,0.0,43.5397,0
La Rioja,2022,39,17.6238,27.6,59.0952,0
La Rioja,2022,40,21.0571,0.3333,34.381,0
La Rioja,2022,41,19.3952,0.0,33.4762,0
La Rioja,2022,42,20.6524,0.2667,50.1429,0
La Rioja,2022,43,26.6048,0.0,33.2381,0
La Rioja,2022,44,21.4952,0.0,27.7619,0
La Rioja,2022,45,25.9333,6.0,41.6667,0
La Rioja,2022,46,29.3429,0.0,33.7619,0
La Rioja,2022,47,29.5619,0.0,28.9524,0
La Rioja,2022,48,27.8667,28.8333,43.4286,0
La Rioja,2022,49,32.4476,2.9667,39.7619,0
La Rioja,2022,50,28.0238,19.5,42.619,0
La Rioja,2023,1,29.0571,3.75,39.1429,0
La Rioja,2023,2,28.3071,13.5,43.6429,0
La Rioja,2023,3,29.9929,29.25,50.7143,0
La Rioja,2023,4,28.1357,37.75,62.5,0
La Rioja,2023,5,27.3714,28.0,63.5714,0
La Rioja,2023,6,30.55,0.0,46.9286,0
La Rioja,2023,7,25.0,8.0,52.1429,0
La Rioja,2023,8,26.8214,17.0,52.3571,1
La Rioja,2023,9,28.8152,3.0,47.781,0
La Rioja,2023,10,29.7286,3.3333,53.2381,0
La Rioja,2023,11,28.7111,3.6667,54.1825,3
La Rioja,2023,12,25.2762,30.1,70.9048,13
La Rioja,2023,13,23.0619,0.6667,65.9048,22
La Rioja,2023,14,23.3429,0.0,66.4286,30
La Rioja,2023,15,19.4762,15.0,71.0,67
La Rioja,2023,16,18.2762,15.3333,64.619,46
La Rioja,2023,17,19.3476,0.0,71.0476,43
La Rioja,2023,18,15.1714,0.0,58.1905,60
La Rioja,2023,19,18.3714,0.0,65.4286,33
La Rioja,2023,20,18.4667,0.0,67.8571,32
La Rioja,2023,21,16.181,7.5,79.2857,22
La Rioja,2023,22,15.0714,0.0,77.0,15
La Rioja,2023,23,15.7143,0.0,68.0476,5
La Rioja,2023,24,8.2143,0.0,60.9524,9
La Rioja,2023,25,12.2524,0.1667,73.7143,0
La Rioja,2023,26,13.5476,0.0,65.7143,0
La Rioja,2023,27,15.7143,0.0,68.4286,0
La Rioja,2023,28,9.0952,5.3,81.9524,0
La Rioja,2023,29,11.55,0.0,61.4286,0
La Rioja,2023,30,12.8143,0.0,57.1429,0
La Rioja,2023,31,18.1333,0.0,53.4762,0
La Rioja,2023,32,13.8619,0.0,47.0476,0
La Rioja,2023,33,17.0524,0.0,47.9524,0
La Rioja,2023,34,16.4905,0.0,43.0952,0
La Rioja,2023,35,17.4238,0.0,38.3333,0
La Rioja,2023,36,16.8667,0.0,53.9048,0
La Rioja,2023,37,20.5857,0.0,28.619,0
La Rioja,2023,38,20.9143,0.0,46.9048,0
La Rioja,2023,39,20.1095,0.0,39.9524,0
La Rioja,2023,40,21.6905,0.0,36.1429,0
La Rioja,2023,41,22.4286,0.0,31.2857,0
La Rioja,2023,42,24.6238,2.7667,45.4762,0
La Rioja,2023,43,23.3286,4.1,61.0476,0
La Rioja,2023,44,20.6524,0.1667,45.9524,0
La Rioja,2023,45,28.6238,0.0,35.2381,0
La Rioja,2023,46,26.5429,0.0,36.381,0
La Rioja,2023,47,27.9333,11.7,46.381,0
La Rioja,2023,48,27.0048,17.3333,57.9048,0
La Rioja,2023,49,24.981,1.6667,54.7619,0
La Rioja,2023,50,31.5571,1.7333,48.0476,0
La Rioja,2023,51,25.4429,11.6667,63.4286,0
La Rioja,2023,52,28.8714,25.4667,51.5238,0
La Rioja,2024,1,29.4357,4.15,54.0714,10
La Rioja,2024,2,27.7286,8.7,64.0714,16
La Rioja,2024,3,28.9,1.0,52.8571,15
La Rioja,2024,4,29.3714,0.0,44.0714,24
La Rioja,2024,5,33.0571,0.0,40.0,28
La Rioja,2024,6,30.2143,27.0,58.7143,26
La Rioja,2024,7,27.0357,11.0,58.7143,30
La Rioja,2024,8,26.2857,21.3,64.7143,57
La Rioja,2024,9,27.6714,13.25,69.9286,118
La Rioja,2024,10,26.4286,9.3333,67.7619,262
La Rioja,2024,11,29.9286,11.0667,62.9048,528
La Rioja,2024,12,25.5762,0.0,58.8095,1227
La Rioja,2024,13,26.8238,0.3333,55.7143,1693
La Rioja,2024,14,23.2905,0.2,62.1905,1967
La Rioja,2024,15,16.3762,21.6667,85.1905,2181
La Rioja,2024,16,19.9,0.0,62.7619,1066
La Rioja,2024,17,17.9619,3.1333,75.4762,1237
La Rioja,2024,18,16.9381,0.4,66.2857,606
La Rioja,2024,19,13.8476,0.0,59.5238,378
La Rioja,2024,20,10.1048,0.3333,66.7143,169
La Rioja,2024,21,9.819,0.2,70.3333,64
La Rioja,2024,22,10.5952,0.0,64.2381,20
La Rioja,2024,23,13.7762,0.0,59.9524,8
La Rioja,2024,24,16.0778,0.0,61.5556,1
La Rioja,2024,25,13.6381,0.0,76.1429,2
La Rioja,2024,26,9.1286,0.1,59.3333,1
La Rioja,2024,27,9.9238,0.0,49.9048,0
La Rioja,2024,28,5.1286,0.0,59.9048,0
La Rioja,2024,29,10.0857,0.0,55.9048,0
La Rioja,2024,30,13.3952,0.0,48.2857,0
La Rioja,2024,31,14.5619,0.0,46.0476,0
La Rioja,2024,32,11.7714,0.0,45.8571,0
La Rioja,2024,33,14.0667,0.0,42.2857,0
La Rioja,2024,34,10.8,0.0667,58.7619,0
La Rioja,2024,35,14.0667,3.0667,50.2381,0
La Rioja,2024,36,19.4181,0.0,34.1143,0
La Rioja,2024,37,20.3829,0.0,35.8476,0
La Rioja,2024,38,24.9357,0.0,27.5714,0
La Rioja,2024,39,22.2929,0.0,35.1429,0
La Rioja,2024,40,25.1071,0.0,30.8571,0
La Rioja,2024,41,20.8357,77.7,72.9286,0
La Rioja,2024,42,25.8714,0.6667,61.7857,0
La Rioja,2024,43,22.1214,13.1667,57.6429,0
La Rioja,2024,44,26.6857,1.8333,50.0714,0
La Rioja,2024,45,26.3286,2.1667,52.7143,0
La Rioja,2024,46,27.2,0.0,35.2143,0
La Rioja,2024,47,25.7143,2.8333,58.5,0
La Rioja,2024,48,26.2929,8.8333,67.3571,0
La Rioja,2024,49,25.4214,3.3333,43.7143,0
La Rioja,2024,50,28.5429,6.3333,41.0714,0
La Rioja,2024,51,27.7869,0.8667,44.8929,0
La Rioja,2024,52,28.6857,51.1,42.7857,0
La Rioja,2025,1,30.4571,8.45,43.0,1
La Rioja,2025,2,28.9357,17.2,51.0714,0
La Rioja,2025,3,30.4286,11.5,42.3571,1
La Rioja,2025,4,29.5214,21.5,52.8571,1
La Rioja,2025,5,28.3714,40.0,60.9286,2
La Rioja,2025,6,33.4143,0.0,45.0,0
La Rioja,2025,7,30.8786,9.7,53.7143,0
La Rioja,2025,8,29.8143,21.1,58.8333,0
La Rioja,2025,9,29.0071,39.5,64.7857,5
La Rioja,2025,10,27.6857,26.5333,62.1429,25
La Rioja,2025,11,21.0714,11.0,73.5714,11
La Rioja,2025,12,25.1071,18.5,62.3571,1
La Rioja,2025,13,19.9929,9.8667,84.7143,13
La Rioja,2025,14,16.4214,1.4667,63.9286,12
La Rioja,2025,15,18.9857,0.0,69.1429,9
La Rioja,2025,16,20.2429,4.9,69.4286,5
La Rioja,2025,17,19.6429,0.0,71.9286,0
La Rioja,2025,18,19.8857,0.0,67.2857,3
La Rioja,2025,19,20.4714,0.0,73.7857,10
La Rioja,2025,20,19.6857,0.0,70.3571,4
La Rioja,2025,21,14.7571,0.5667,71.8571,1
La Rioja,2025,22,10.3071,4.1667,67.7143,1
La Rioja,2025,23,13.0643,0.0,72.0714,0
La Rioja,2025,24,12.2286,0.0,66.2143,0
La Rioja,2025,25,10.9214,0.0,63.5,0
La Rioja,2025,26,7.3929,0.0,51.2857,0
La Rioja,2025,27,7.4714,0.0,61.3571,0
La Rioja,2025,28,14.2786,0.0,68.2857,0
La Rioja,2025,29,12.8929,0.0,52.0714,0
La Rioja,2025,30,11.6571,3.7,78.0714,0
La Rioja,2025,31,12.9714,0.1667,67.5714,0
La Rioja,2025,32,13.1071,0.3333,51.8571,0
La Rioja,2025,33,14.6643,0.0,48.5,0
La Rioja,2025,34,14.7143,1.0,43.2143,0
La Rioja,2025,35,17.0429,13.4333,39.2857,0
La Rioja,2025,36,13.6214,1.0,52.6429,0
La Rioja,2025,37,20.3714,0.0,39.7143,0
La Rioja,2025,38,23.7214,0.6667,55.7857,0
La Rioja,2025,39,21.0929,0.0,34.4286,0
La Rioja,2025,40,23.8857,0.9778,42.3571,0
La Rioja,2025,41,22.4571,0.0,26.0714,0
La Rioja,2025,42,25.1214,0.5333,38.0,0
Mendoza,2018,1,24.3143,0.0,33.3714,0
Mendoza,2018,2,24.9343,22.06,52.6571,0
Mendoza,2018,3,23.5771,3.5,48.8286,0
Mendoza,2018,4,23.3571,1.38,50.7714,0
Mendoza,2018,5,26.1686,11.4,53.9429,0
Mendoza,2018,6,24.1743,1.1,42.9143,0
Mendoza,2018,7,24.0829,3.44,49.1429,0
Mendoza,2018,8,20.62,15.32,59.3714,0
Mendoza,2018,9,22.4343,16.76,54.1143,0
Mendoza,2018,10,21.0771,0.12,47.5143,0
Mendoza,2018,11,18.44,0.0,38.2286,0
Mendoza,2018,12,16.7457,0.0,40.9143,0
Mendoza,2018,13,19.0343,8.88,50.4286,0
Mendoza,2018,14,17.1886,0.0,58.8,0
Mendoza,2018,15,15.9857,0.0,56.6571,0
Mendoza,2018,16,18.0343,0.0,58.0857,0
Mendoza,2018,17,15.44,0.0,65.2,0
Mendoza,2018,18,12.9829,9.18,75.9429,0
Mendoza,2018,19,13.5,8.64,76.5143,0
Mendoza,2018,20,10.5714,0.0,60.5714,0
Mendoza,2018,21,10.3257,0.0,63.0286,0
Mendoza,2018,22,6.98,5.26,73.1714,0
Mendoza,2018,23,6.2343,0.92,63.1714,0
Mendoza,2018,24,3.7486,0.0,64.4,0
Mendoza,2018,25,8.3971,0.0,54.0,0
Mendoza,2018,26,9.4429,0.3,56.6286,0
Mendoza,2018,27,3.18,6.1,87.2,0
Mendoza,2019,1,24.6171,1.2,43.4,0
Mendoza,2019,2,20.54,10.08,47.0286,0
Mendoza,2019,3,20.8229,9.92,57.0,0
Mendoza,2019,4,27.46,10.44,53.0,0
Mendoza,2019,5,24.9057,18.7,59.5714,0
Mendoza,2019,6,24.7771,5.4,57.9143,0
Mendoza,2019,7,21.7229,1.6,48.7143,0
Mendoza,2019,8,24.9229,0.8,45.6857,0
Mendoza,2019,9,21.2229,0.4,42.2857,0
Mendoza,2019,10,18.38,20.14,64.5429,0
Mendoza,2019,11,17.7143,11.2,66.0286,0
Mendoza,2019,12,16.2886,0.0,50.9429,0
Mendoza,2019,13,16.92,5.12,65.8571,0
Mendoza,2019,14,19.1371,0.0,49.0,0
Mendoza,2019,15,17.9429,0.0,48.4286,0
Mendoza,2019,16,16.7457,6.3,59.3143,0
Mendoza,2019,17,13.1114,8.92,79.6286,0
Mendoza,2019,18,14.5457,1.06,64.8857,0
Mendoza,2019,19,13.0943,5.8,69.3429,0
Mendoza,2019,20,11.5971,2.7,66.8857,0
Mendoza,2019,21,6.74,18.16,71.3429,0
Mendoza,2019,22,7.3686,0.64,72.1429,0
Mendoza,2019,23,9.5057,0.6,66.9143,0
Mendoza,2019,24,6.9257,6.66,69.2571,0
Mendoza,2019,25,7.7143,0.0,55.9143,0
Mendoza,2019,26,6.7914,0.0,53.3714,0
Mendoza,2019,27,5.0771,0.0,63.1429,0
Mendoza,2019,28,8.0657,0.0,65.6,0
Mendoza,2019,29,8.3657,0.04,56.2857,0
Mendoza,2019,30,6.2943,0.0,50.3143,0
Mendoza,2019,31,8.8257,0.0,43.4286,0
Mendoza,2019,32,7.6971,0.0,37.2,0
Mendoza,2019,33,7.7686,1.26,53.3429,0
Mendoza,2019,34,10.02,0.0,61.9143,0
Mendoza,2019,35,13.2143,0.4,46.4571,0
Mendoza,2019,36,7.9829,0.0,48.7429,0
Mendoza,2019,37,10.5514,5.92,58.7429,0
Mendoza,2019,38,12.32,0.0,31.7714,0
Mendoza,2019,39,19.8286,0.0,34.0571,0
Mendoza,2019,40,12.8057,0.1,38.4857,0
Mendoza,2019,41,19.2029,0.84,34.8571,0
Mendoza,2019,42,12.4457,6.24,60.0857,0
Mendoza,2019,43,19.36,0.0,35.4286,0
Mendoza,2019,44,19.1829,0.0,36.4857,0
Mendoza,2019,45,21.8457,3.8,37.4571,0
Mendoza,2019,46,24.3257,9.8,47.9429,0
Mendoza,2019,47,22.9343,9.34,54.2286,0
Mendoza,2019,48,20.6914,3.38,43.4,0
Mendoza,2019,49,22.1943,5.6,39.1429,0
Mendoza,2019,50,23.8514,0.54,32.9714,0
Mendoza,2019,51,24.2543,0.18,37.2857,0
Mendoza,2019,52,25.4114,0.2,38.7143,0
Mendoza,2020,1,26.5657,3.84,47.8857,0
Mendoza,2020,2,24.0371,4.3,39.8286,0
Mendoza,2020,3,24.7829,7.82,49.7429,0
Mendoza,2020,4,27.8771,5.88,45.2,2
Mendoza,2020,5,25.3486,10.2,46.6857,0
Mendoza,2020,6,22.7914,40.92,65.1429,1
Mendoza,2020,7,22.9257,0.0,56.6571,1
Mendoza,2020,8,20.76,0.0,47.1429,0
Mendoza,2020,9,23.4686,1.28,40.9714,1
Mendoza,2020,10,26.38,0.0,47.1429,1
Mendoza,2020,11,22.8886,0.2,53.4571,1
Mendoza,2020,12,21.3514,0.2,47.9429,1
Mendoza,2020,13,20.7486,19.22,57.4571,0
Mendoza,2020,14,17.2029,3.1,67.6857,1
Mendoza,2020,15,15.3886,7.2,56.2571,0
Mendoza,2020,16,16.7857,0.0,61.7714,0
Mendoza,2020,17,15.9457,0.28,61.8857,0
Mendoza,2020,18,13.9286,2.4,65.0571,0
Mendoza,2020,19,12.4486,0.0,56.6857,1
Mendoza,2020,20,12.5429,0.0,49.2286,1
Mendoza,2020,21,10.2686,4.4,63.3143,0
Mendoza,2020,22,10.12,0.46,59.8857,0
Mendoza,2020,23,7.2457,8.2,68.0571,0
Mendoza,2020,24,8.4114,2.8,55.2286,0
Mendoza,2020,25,8.3914,4.06,58.1429,0
Mendoza,2020,26,4.82,0.9,70.7714,0
Mendoza,2020,27,4.8229,17.52,70.8286,0
Mendoza,2020,28,6.08,1.42,69.9714,0
Mendoza,2020,29,7.4514,0.42,65.5429,0
Mendoza,2020,30,6.1257,6.26,67.3714,0
Mendoza,2020,31,7.4543,0.0,51.9143,0
Mendoza,2020,32,10.48,0.0,48.7714,0
Mendoza,2020,33,7.8886,0.0,32.6,0
Mendoza,2020,34,6.9571,0.74,43.1429,0
Mendoza,2020,35,9.9686,1.6,48.8286,0
Mendoza,2020,36,9.3714,0.0,48.3429,0
Mendoza,2020,37,13.6743,0.0,40.3143,0
Mendoza,2020,38,13.9971,0.0,32.7429,0
Mendoza,2020,39,16.3771,1.42,39.0286,0
Mendoza,2020,40,12.3286,5.2,43.9714,0
Mendoza,2020,41,15.5771,0.0,35.6571,0
Mendoza,2020,42,21.4629,0.0,35.4857,0
Mendoza,2020,43,18.5171,1.62,53.1429,0
Mendoza,2020,44,17.7314,0.0,34.9714,0
Mendoza,2020,45,22.4,5.1,33.5143,0
Mendoza,2020,46,20.2114,41.72,58.6571,0
Mendoza,2020,47,20.2229,12.98,50.8286,0
Mendoza,2020,48,22.5429,1.08,40.0571,0
Mendoza,2020,49,21.3543,9.8,43.2,0
Mendoza,2020,50,24.56,0.0,32.2286,0
Mendoza,2020,51,22.2229,5.6,36.7714,0
Mendoza,2020,52,25.5171,21.6,41.0,0
Mendoza,2020,53,23.5486,15.82,48.0857,0
Mendoza,2021,1,21.1486,27.7,58.1143,0
Mendoza,2021,2,22.1371,4.72,48.5429,0
Mendoza,2021,3,26.7743,0.0,35.2286,0
Mendoza,2021,4,22.0057,21.46,52.1143,0
Mendoza,2021,5,20.6857,24.2,57.9429,0
Mendoza,2021,6,19.6857,16.44,70.8571,0
Mendoza,2021,7,20.2314,21.7,63.6571,0
Mendoza,2021,8,23.6457,20.76,57.3714,0
Mendoza,2021,9,24.4229,3.06,61.8286,0
Mendoza,2021,10,21.8886,8.18,58.4286,0
Mendoza,2021,11,15.2286,21.82,75.9429,0
Mendoza,2021,12,15.7771,6.36,66.6286,0
Mendoza,2021,13,18.4914,0.08,65.7714,1
Mendoza,2021,14,16.38,5.44,74.8571,0
Mendoza,2021,15,17.6086,0.1,61.8286,0
Mendoza,2021,16,15.38,22.26,74.5429,0
Mendoza,2021,17,14.6029,0.0,67.0286,0
Mendoza,2021,18,10.1171,2.8,72.1429,0
Mendoza,2021,19,11.08,0.0,68.6286,0
Mendoza,2021,20,10.7343,14.6,71.8571,0
Mendoza,2021,21,10.48,0.0,59.5143,0
Mendoza,2021,22,11.6171,0.0,62.2,0
Mendoza,2021,23,9.6771,0.0,66.2286,0
Mendoza,2021,24,3.5943,3.12,79.1429,0
Mendoza,2021,25,5.34,3.42,68.5429,0
Mendoza,2021,26,5.2657,0.0,57.0857,0
Mendoza,2021,27,8.8114,0.0,53.7429,0
Mendoza,2021,28,6.44,0.0,53.2571,0
Mendoza,2021,29,8.0286,0.0,50.1143,0
Mendoza,2021,30,5.8743,0.0,51.5714,0
Mendoza,2022,1,26.3229,5.0,44.8,0
Mendoza,2022,2,28.88,0.12,39.7143,0
Mendoza,2022,3,20.6829,4.26,57.6286,0
Mendoza,2022,4,23.9514,24.06,62.3143,0
Mendoza,2022,5,21.5057,8.6,55.5429,0
Mendoza,2022,6,22.0943,3.9,47.8857,0
Mendoza,2022,7,23.8057,5.5,43.7429,0
Mendoza,2022,8,19.2771,36.6,71.0571,0
Mendoza,2022,9,22.1371,1.0,53.7714,0
Mendoza,2022,10,19.5029,1.9,50.4286,0
Mendoza,2022,11,19.9714,0.0,50.2,1
Mendoza,2022,12,17.2771,0.0,48.4857,0
Mendoza,2022,13,14.9743,0.0,40.3714,0
Mendoza,2022,14,17.7257,0.18,54.2286,0
Mendoza,2022,15,14.6029,0.0,54.8,0
Mendoza,2022,16,15.1657,4.0,59.0857,0
Mendoza,2022,17,11.6571,1.8,48.7143,0
Mendoza,2022,18,13.1657,0.0,53.9143,0
Mendoza,2022,19,12.6629,0.0,60.4,0
Mendoza,2022,20,8.44,0.0,54.0571,0
Mendoza,2022,21,7.1857,1.34,69.0286,0
Mendoza,2022,22,4.8629,0.0,60.8571,0
Mendoza,2022,23,8.4486,0.0,54.8,0
Mendoza,2022,24,7.5886,0.0,49.4,0
Mendoza,2022,25,3.5029,3.58,77.4,0
Mendoza,2022,26,6.9457,2.1,56.6857,0
Mendoza,2022,27,7.2429,0.12,48.6286,0
Mendoza,2022,28,4.5057,8.6,64.1714,0
Mendoza,2022,29,9.0371,0.16,55.5143,0
Mendoza,2022,30,9.4286,1.14,70.6857,0
Mendoza,2022,31,8.0657,3.26,65.3714,0
Mendoza,2022,32,7.9314,0.4,61.4857,0
Mendoza,2022,33,9.3857,1.3,44.2,0
Mendoza,2022,34,11.94,0.0,41.2,0
Mendoza,2022,35,11.6429,0.0,35.4571,0
Mendoza,2022,36,11.96,0.0,31.6286,0
Mendoza,2022,37,14.1829,1.3,36.2286,0
Mendoza,2022,38,11.2029,1.68,51.2857,0
Mendoza,2022,39,15.3457,0.9,52.6286,0
Mendoza,2022,40,15.9343,2.08,38.3429,0
Mendoza,2022,41,15.1171,0.0,30.2571,1
Mendoza,2022,42,14.7029,27.2,61.5714,0
Mendoza,2022,43,20.32,0.38,35.2571,0
Mendoza,2022,44,18.6571,0.0,27.2571,1
Mendoza,2022,45,19.4829,14.14,54.6857,0
Mendoza,2022,46,23.3486,2.18,43.1429,0
Mendoza,2022,47,24.6457,0.3,37.5714,0
Mendoza,2022,48,24.7686,5.6,40.4,0
Mendoza,2022,49,27.7971,1.32,32.4857,0
Mendoza,2022,50,23.9743,17.68,36.7429,0
Mendoza,2023,1,25.8486,3.56,37.2571,1
Mendoza,2023,2,24.2114,12.8,44.4571,0
Mendoza,2023,3,24.7971,1.82,52.0286,1
Mendoza,2023,4,25.0114,10.38,50.8571,0
Mendoza,2023,5,24.4914,3.5,56.9143,0
Mendoza,2023,6,27.5629,0.6,42.0286,0
Mendoza,2023,7,20.22,0.0,34.3429,0
Mendoza,2023,8,23.8314,0.9,39.4571,0
Mendoza,2023,9,24.8714,4.0,42.0,0
Mendoza,2023,10,24.0686,11.2,58.7143,0
Mendoza,2023,11,22.4286,18.4,71.3429,0
Mendoza,2023,12,20.1114,5.08,73.5429,3
Mendoza,2023,13,17.4029,0.0,54.2286,0
Mendoza,2023,14,20.3086,0.0,61.0571,4
Mendoza,2023,15,14.6057,8.56,72.2857,6
Mendoza,2023,16,14.8514,0.0,54.5429,6
Mendoza,2023,17,16.08,2.2,59.6286,5
Mendoza,2023,18,11.4229,0.0,53.7143,5
Mendoza,2023,19,14.0229,0.0,58.3714,1
Mendoza,2023,20,12.9486,5.1,64.1429,3
Mendoza,2023,21,11.5571,0.46,65.0286,0
Mendoza,2023,22,10.8371,0.22,66.8,0
Mendoza,2023,23,10.3629,2.0,57.5429,1
Mendoza,2023,24,4.6686,0.0,59.4286,0
Mendoza,2023,25,8.5457,4.6,73.8,0
Mendoza,2023,26,9.2657,0.0,55.3714,0
Mendoza,2023,27,9.3857,0.08,62.1143,0
Mendoza,2023,28,5.1657,2.16,75.7429,1
Mendoza,2023,29,7.9543,2.6,58.0571,0
Mendoza,2023,30,9.44,0.0,52.6286,0
Mendoza,2023,31,12.8114,0.0,47.5143,0
Mendoza,2023,32,9.1914,0.0,43.0,0
Mendoza,2023,33,11.3971,3.8,50.1714,0
Mendoza,2023,34,8.1257,27.24,65.7429,0
Mendoza,2023,35,11.5514,0.06,45.2857,0
Mendoza,2023,36,10.6257,6.0,63.4,0
Mendoza,2023,37,13.7743,1.1,38.3143,0
Mendoza,2023,38,13.8486,0.0,51.7429,0
Mendoza,2023,39,13.8114,0.1,40.5429,0
Mendoza,2023,40,15.5371,1.56,37.1714,0
Mendoza,2023,41,16.6029,0.0,32.4,1
Mendoza,2023,42,18.2457,4.78,43.5429,0
Mendoza,2023,43,18.4057,2.64,51.3714,0
Mendoza,2023,44,14.2343,12.1,49.1714,0
Mendoza,2023,45,20.2143,0.2,33.0857,0
Mendoza,2023,46,19.2857,0.0,27.5714,0
Mendoza,2023,47,23.2229,2.12,36.1143,0
Mendoza,2023,48,22.8286,4.48,38.6,0
Mendoza,2023,49,22.1829,8.14,42.4857,0
Mendoza,2023,50,26.9143,0.2,37.4571,2
Mendoza,2023,51,20.8057,11.4,53.6857,2
Mendoza,2023,52,25.4657,3.0,40.7143,1
Mendoza,2024,1,25.9,3.72,45.0571,4
Mendoza,2024,2,23.98,8.4,51.4857,4
Mendoza,2024,3,25.4543,12.1,39.3143,3
Mendoza,2024,4,27.7286,1.86,42.5714,11
Mendoza,2024,5,28.2457,4.72,42.6,4
Mendoza,2024,6,26.1343,18.36,58.4571,5
Mendoza,2024,7,25.0086,6.52,48.2286,8
Mendoza,2024,8,23.7714,10.96,55.6857,14
Mendoza,2024,9,23.9086,3.82,58.7429,36
Mendoza,2024,10,23.22,3.8,58.0,164
Mendoza,2024,11,22.7714,0.04,56.8857,350
Mendoza,2024,12,20.6971,3.66,48.9429,677
Mendoza,2024,13,22.2486,4.16,51.2,829
Mendoza,2024,14,18.8486,0.08,51.3429,1098
Mendoza,2024,15,13.1338,24.12,70.7333,861
Mendoza,2024,16,15.8314,0.82,64.2286,356
Mendoza,2024,17,12.9114,0.14,64.0571,198
Mendoza,2024,18,11.1914,0.0,53.6286,107
Mendoza,2024,19,8.9629,5.7,60.2857,31
Mendoza,2024,20,6.3743,1.86,70.4857,12
Mendoza,2024,21,6.1714,11.24,79.7714,3
Mendoza,2024,22,7.5743,0.0,70.7429,0
Mendoza,2024,23,9.46,0.0,62.2571,0
Mendoza,2024,24,11.2229,1.4,59.8,0
Mendoza,2024,25,8.4943,1.68,67.6286,0
Mendoza,2024,26,6.0057,0.34,54.6571,0
Mendoza,2024,27,5.6257,0.0,46.8,0
Mendoza,2024,28,2.8057,0.0,56.1714,1
Mendoza,2024,29,6.68,1.26,51.6,0
Mendoza,2024,30,9.5057,0.0,43.0571,0
Mendoza,2024,31,9.6171,0.0,45.5429,0
Mendoza,2024,32,7.52,2.52,52.3143,0
Mendoza,2024,33,10.0771,2.48,50.4,0
Mendoza,2024,34,5.2629,5.52,71.5143,0
Mendoza,2024,35,10.6857,9.48,58.6,0
Mendoza,2024,36,13.3543,0.0,37.4,0
Mendoza,2024,37,14.1086,0.0,37.4857,0
Mendoza,2024,38,17.8543,0.0,26.4857,0
Mendoza,2024,39,15.88,0.0,34.2,0
Mendoza,2024,40,17.1086,0.0,33.4857,0
Mendoza,2024,41,15.4971,62.14,65.0286,0
Mendoza,2024,42,21.0514,0.0,53.4571,1
Mendoza,2024,43,17.6771,20.58,52.5429,0
Mendoza,2024,44,23.4029,0.7,39.2857,3
Mendoza,2024,45,21.0057,0.4,44.4571,1
Mendoza,2024,46,21.7029,0.18,33.3143,1
Mendoza,2024,47,22.2457,1.06,51.6857,0
Mendoza,2024,48,21.6114,0.44,38.8,0
Mendoza,2024,49,20.4486,0.0,33.8857,2
Mendoza,2024,50,24.9171,0.82,32.9714,1
Mendoza,2024,51,24.3886,7.4,43.5429,1
Mendoza,2024,52,25.7257,2.44,34.2286,0
Mendoza,2025,1,26.6343,5.4,44.7429,0
Mendoza,2025,2,25.4829,20.54,51.7143,0
Mendoza,2025,3,26.32,9.92,42.8857,1
Mendoza,2025,4,26.4029,3.04,42.6857,0
Mendoza,2025,5,27.0143,15.08,49.3714,0
Mendoza,2025,6,27.4886,2.0,44.4,0
Mendoza,2025,7,25.54,3.5,39.1429,0
Mendoza,2025,8,26.3771,3.72,40.6857,0
Mendoza,2025,9,24.5657,5.92,61.0286,1
Mendoza,2025,10,21.9657,16.28,64.2571,2
Mendoza,2025,11,19.1086,0.68,58.1143,0
Mendoza,2025,12,21.0229,6.88,56.4571,0
Mendoza,2025,13,16.0857,7.02,72.2571,0
Mendoza,2025,14,13.2486,0.0,51.4571,0
Mendoza,2025,15,14.6857,2.74,66.2,0
Mendoza,2025,16,14.86,0.54,66.2571,2
Mendoza,2025,17,14.8914,0.56,62.2,0
Mendoza,2025,18,15.3686,0.0,56.9714,0
Mendoza,2025,19,13.7971,0.4,58.4857,0
Mendoza,2025,20,14.6686,0.08,60.0286,0
Mendoza,2025,21,10.4829,0.0,57.7429,0
Mendoza,2025,22,7.6914,9.96,64.7714,0
Mendoza,2025,23,10.4543,0.0,57.8286,0
Mendoza,2025,24,8.4743,0.0,63.5143,0
Mendoza,2025,25,8.0,0.0,53.1714,2
Mendoza,2025,26,4.0143,1.82,54.9429,0
Mendoza,2025,27,4.4657,0.0,62.8857,0
Mendoza,2025,28,8.0629,0.0,62.3143,0
Mendoza,2025,29,9.4229,0.28,47.9143,0
Mendoza,2025,30,6.8171,1.96,69.0571,0
Mendoza,2025,31,8.4848,4.54,69.0667,0
Mendoza,2025,32,8.6571,3.26,61.0,0
Mendoza,2025,33,11.2886,0.52,58.4,0
Mendoza,2025,34,10.4057,7.8,51.1143,0
Mendoza,2025,35,12.461,63.42,46.519,0
Mendoza,2025,36,9.3229,0.0,60.2571,0
Mendoza,2025,37,14.9914,0.0,42.5143,0
Mendoza,2025,38,17.0229,0.92,48.8,0
Mendoza,2025,39,15.0657,2.14,43.4286,0
Mendoza,2025,40,18.7457,0.1,42.2286,0
Mendoza,2025,41,17.3486,0.0,30.9714,0
Mendoza,2025,42,19.2229,0.0,36.0,0
Misiones,2018,1,24.9571,41.075,71.3929,0
Misiones,2018,2,24.2393,122.75,82.7857,1
Misiones,2018,3,24.2821,114.55,86.25,0
Misiones,2018,4,24.8393,64.125,82.4286,0
Misiones,2018,5,26.3393,0.75,66.25,0
Misiones,2018,6,26.4429,36.75,70.0357,0
Misiones,2018,7,23.8821,18.25,73.2857,0
Misiones,2018,8,23.6179,28.95,76.0714,2
Misiones,2018,9,25.172,67.2,79.7679,0
Misiones,2018,10,24.7833,6.625,71.9286,2
Misiones,2018,11,25.3881,72.5,77.9643,4
Misiones,2018,12,22.7964,111.175,80.1548,6
Misiones,2018,13,21.7464,97.925,86.5,5
Misiones,2018,14,22.7869,0.0,72.4524,10
Misiones,2018,15,24.3839,1.15,73.7679,6
Misiones,2018,16,24.0726,6.125,72.5595,6
Misiones,2018,17,24.9863,0.0,71.4048,21
Misiones,2018,18,24.3506,7.0,71.8214,18
Misiones,2018,19,21.1613,17.3167,75.7143,29
Misiones,2018,20,17.6637,69.825,82.9821,19
Misiones,2018,21,15.8375,0.0,72.6964,8
Misiones,2018,22,17.5339,29.5333,76.2321,5
Misiones,2018,23,13.0929,3.75,77.8095,0
Misiones,2018,24,12.1345,13.375,78.375,0
Misiones,2018,25,18.4155,10.2083,74.1845,0
Misiones,2018,26,17.3762,41.0,86.9048,3
Misiones,2018,27,18.3732,3.8667,82.6071,0
Misiones,2019,1,27.3458,23.2083,78.5893,5
Misiones,2019,2,25.0857,42.2333,80.2857,3
Misiones,2019,3,25.6,42.9667,79.5238,6
Misiones,2019,4,27.919,4.1667,70.3333,6
Misiones,2019,5,27.7286,25.1,68.381,9
Misiones,2019,6,26.3018,10.0,69.1071,21
Misiones,2019,7,23.5405,80.1208,81.7083,18
Misiones,2019,8,26.7911,24.0,71.619,25
Misiones,2019,9,22.8452,45.1667,68.8988,11
Misiones,2019,10,23.9464,191.625,82.0179,19
Misiones,2019,11,22.769,95.825,88.2262,40
Misiones,2019,12,22.0387,8.2958,79.0655,41
Misiones,2019,13,23.6232,0.0,70.4821,8
Misiones,2019,14,22.1548,78.9708,87.3988,30
Misiones,2019,15,23.0845,0.0,77.1548,43
Misiones,2019,16,22.25,76.25,81.7202,32
Misiones,2019,17,21.9339,85.575,88.8393,26
Misiones,2019,18,21.7089,35.6583,86.3333,26
Misiones,2019,19,20.0738,186.875,92.5357,39
Misiones,2019,20,17.8619,1.0917,82.8155,57
Misiones,2019,21,17.3488,63.25,89.6845,29
Misiones,2019,22,18.5679,64.175,91.7083,23
Misiones,2019,23,17.425,0.025,77.7024,5
Misiones,2019,24,22.1714,0.0,72.6131,2
Misiones,2019,25,19.5917,4.425,76.6488,0
Misiones,2019,26,18.7262,26.3,75.3095,0
Misiones,2019,27,10.3827,9.0208,77.1667,0
Misiones,2019,28,17.9226,8.5833,69.0179,0
Misiones,2019,29,15.6911,13.8,75.8512,0
Misiones,2019,30,15.1244,57.0,85.3095,0
Misiones,2019,31,16.0494,14.8833,73.7619,0
Misiones,2019,32,18.0083,14.4833,74.6786,0
Misiones,2019,33,17.4238,1.0417,64.1905,0
Misiones,2019,34,16.5714,1.0,66.3333,0
Misiones,2019,35,20.8393,35.25,68.625,0
Misiones,2019,36,19.2268,1.5,62.875,1
Misiones,2019,37,22.35,7.4583,70.9643,0
Misiones,2019,38,20.1446,22.125,71.7857,0
Misiones,2019,39,21.947,0.0,56.619,1
Misiones,2019,40,23.5417,51.05,71.875,0
Misiones,2019,41,26.2268,7.5,57.256,1
Misiones,2019,42,21.822,50.85,83.744,0
Misiones,2019,43,22.4518,25.45,65.4881,1
Misiones,2019,44,26.5726,69.625,71.7321,3
Misiones,2019,45,24.6345,53.0417,81.7262,4
Misiones,2019,46,24.0851,42.8583,70.0833,6
Misiones,2019,47,27.3167,0.5,63.0119,0
Misiones,2019,48,23.9726,92.2,78.25,9
Misiones,2019,49,23.2464,43.375,67.3333,5
Misiones,2019,50,25.5405,53.55,75.3988,7
Misiones,2019,51,23.3524,35.7917,78.0536,9
Misiones,2019,52,27.6696,12.4167,62.1667,1
Misiones,2020,1,26.6393,22.0,72.1905,47
Misiones,2020,2,27.0686,61.8833,77.4571,142
Misiones,2020,3,25.7506,81.7083,80.3333,124
Misiones,2020,4,24.9476,53.2917,76.1607,134
Misiones,2020,5,25.4756,92.875,75.5179,107
Misiones,2020,6,27.2048,7.2667,71.0,200
Misiones,2020,7,25.0714,54.6333,73.2381,245
Misiones,2020,8,23.919,23.6667,70.3333,396
Misiones,2020,9,23.5429,54.6667,69.8095,543
Misiones,2020,10,24.9655,1.75,64.3333,527
Misiones,2020,11,28.5905,0.5,58.6369,618
Misiones,2020,12,24.678,53.25,72.9881,412
Misiones,2020,13,24.8214,9.275,67.3274,376
Misiones,2020,14,23.3798,49.1,74.6607,367
Misiones,2020,15,18.4732,23.2083,69.7619,296
Misiones,2020,16,18.2738,8.9583,69.375,274
Misiones,2020,17,23.4524,2.25,64.9583,266
Misiones,2020,18,21.9161,3.2708,69.7738,118
Misiones,2020,19,16.6405,39.5833,74.25,75
Misiones,2020,20,17.7702,32.3208,76.3571,54
Misiones,2020,21,18.1744,92.0,80.2917,37
Misiones,2020,22,16.0565,5.25,74.4881,29
Misiones,2020,23,13.6345,70.675,87.8095,19
Misiones,2020,24,20.2696,47.9667,83.1429,13
Misiones,2020,25,21.972,0.0,73.1667,2
Misiones,2020,26,17.1452,17.25,74.3512,3
Misiones,2020,27,12.7702,47.0792,83.1488,4
Misiones,2020,28,15.3577,111.0792,85.8155,0
Misiones,2020,29,18.0494,6.75,71.9345,0
Misiones,2020,30,18.7792,8.05,67.6548,0
Misiones,2020,31,16.275,6.0583,73.2262,0
Misiones,2020,32,21.4089,0.0,59.3929,0
Misiones,2020,33,16.5327,100.7667,82.1131,0
Misiones,2020,34,14.2155,22.0958,70.75,0
Misiones,2020,35,24.0292,0.0,52.9286,0
Misiones,2020,36,19.5905,2.675,73.8214,0
Misiones,2020,37,23.1226,12.2,73.0476,0
Misiones,2020,38,19.1881,3.4917,76.8393,0
Misiones,2020,39,24.2137,4.475,53.75,0
Misiones,2020,40,26.3321,0.0,59.5952,0
Misiones,2020,41,22.2911,13.0417,69.5714,0
Misiones,2020,42,24.0244,17.4667,62.9524,0
Misiones,2020,43,27.9262,19.0,57.2024,0
Misiones,2020,44,22.028,1.4417,65.3929,0
Misiones,2020,45,24.644,4.75,45.744,0
Misiones,2020,46,24.8845,24.125,70.2857,0
Misiones,2020,47,23.8893,3.375,56.8869,0
Misiones,2020,48,27.6589,50.75,58.9286,0
Misiones,2020,49,24.3393,103.6333,76.1071,0
Misiones,2020,50,27.1089,5.0,59.006,0
Misiones,2020,51,25.5006,50.85,74.7024,0
Misiones,2020,52,26.3262,9.75,59.7857,0
Misiones,2020,53,26.6036,28.9167,67.5298,0
Misiones,2021,1,25.8244,50.275,75.7262,0
Misiones,2021,2,26.1774,88.125,78.1845,2
Misiones,2021,3,24.1804,70.5,83.7976,0
Misiones,2021,4,23.2994,191.1458,90.5952,2
Misiones,2021,5,23.0619,10.725,77.1905,1
Misiones,2021,6,24.4357,6.8,72.6429,7
Misiones,2021,7,25.1345,0.4167,63.9524,3
Misiones,2021,8,27.2435,12.1667,64.7976,3
Misiones,2021,9,24.8667,23.6667,75.3333,9
Misiones,2021,10,25.1429,0.0,56.3333,10
Misiones,2021,11,25.0714,53.3333,73.3333,12
Misiones,2021,12,24.7714,65.1667,80.9048,11
Misiones,2021,13,21.5298,1.05,72.375,4
Misiones,2021,14,24.7071,19.9167,69.1012,3
Misiones,2021,15,21.3738,13.9167,81.3333,6
Misiones,2021,16,21.5607,6.0,74.0238,10
Misiones,2021,17,18.5238,0.0,68.3393,18
Misiones,2021,18,18.4536,40.6875,76.6012,5
Misiones,2021,19,16.9521,5.925,79.3214,7
Misiones,2021,20,17.6524,35.6333,71.619,4
Misiones,2021,21,16.794,2.2417,73.2619,1
Misiones,2021,22,19.4179,34.2333,78.0833,3
Misiones,2021,23,17.0613,28.875,85.9345,0
Misiones,2021,24,13.4982,36.425,85.3333,2
Misiones,2021,25,16.1905,50.75,86.9643,0
Misiones,2021,26,10.419,0.0,74.1726,0
Misiones,2021,27,18.1792,0.0,70.625,0
Misiones,2021,28,16.2637,26.7167,74.1786,0
Misiones,2021,29,16.7298,0.0,61.2798,0
Misiones,2021,30,11.7435,22.7417,65.8333,0
Misiones,2022,1,25.4571,28.6667,69.5238,0
Misiones,2022,2,28.219,15.6667,58.0476,0
Misiones,2022,3,31.0429,7.6667,51.6667,0
Misiones,2022,4,26.5429,56.0667,70.5714,0
Misiones,2022,5,26.2095,68.35,67.5714,0
Misiones,2022,6,26.0881,1.475,55.994,0
Misiones,2022,7,27.5423,11.3708,51.8214,0
Misiones,2022,8,27.4804,71.9583,70.625,0
Misiones,2022,9,26.6482,36.2,77.3274,0
Misiones,2022,10,24.5014,60.325,79.5214,0
Misiones,2022,11,23.481,20.375,78.3571,0
Misiones,2022,12,20.978,197.1667,81.3988,0
Misiones,2022,13,20.3631,113.8333,76.0238,0
Misiones,2022,14,21.6357,151.8583,89.7619,0
Misiones,2022,15,18.6119,40.3167,80.3452,0
Misiones,2022,16,19.8429,71.375,81.3857,0
Misiones,2022,17,23.2857,43.625,80.2381,0
Misiones,2022,18,17.0321,55.125,87.0179,0
Misiones,2022,19,16.856,20.625,87.0,1
Misiones,2022,20,11.7012,0.45,80.3155,0
Misiones,2022,21,18.7336,132.8333,82.6786,0
Misiones,2022,22,12.5756,23.95,87.7083,0
Misiones,2022,23,13.728,18.1917,85.8214,0
Misiones,2022,24,14.4351,29.75,77.8869,0
Misiones,2022,25,17.8208,27.825,90.7917,0
Misiones,2022,26,17.2971,1.6167,79.3571,0
Misiones,2022,27,22.1982,0.0,66.2024,0
Misiones,2022,28,16.7238,47.8333,78.5714,0
Misiones,2022,29,20.4911,17.2083,76.2262,0
Misiones,2022,30,18.4857,2.75,70.381,0
Misiones,2022,31,17.6579,74.6167,80.8,0
Misiones,2022,32,15.6345,11.175,80.2917,0
Misiones,2022,33,15.2327,69.3917,74.9107,0
Misiones,2022,34,20.806,4.75,68.744,0
Misiones,2022,35,15.9619,27.5333,70.4345,0
Misiones,2022,36,17.9827,10.775,77.25,0
Misiones,2022,37,18.1407,24.625,68.2381,0
Misiones,2022,38,16.3952,40.825,78.4821,0
Misiones,2022,39,18.447,40.6083,82.4524,0
Misiones,2022,40,18.8057,91.6833,72.0571,0
Misiones,2022,41,18.8113,70.2083,83.8571,0
Misiones,2022,42,21.1893,83.6167,79.9226,0
Misiones,2022,43,23.4661,66.0,68.1488,0
Misiones,2022,44,17.3,5.6667,63.5833,0
Misiones,2022,45,22.0595,43.275,65.7262,0
Misiones,2022,46,24.3393,12.0417,53.5179,0
Misiones,2022,47,23.3714,18.0,66.8095,0
Misiones,2022,48,25.7077,34.85,70.1429,0
Misiones,2022,49,28.6518,5.5,69.6786,0
Misiones,2022,50,25.1048,21.15,64.3274,0
Misiones,2023,1,25.103,30.1,63.7679,2
Misiones,2023,2,24.9149,52.3667,74.4226,0
Misiones,2023,3,27.0315,22.1,71.4345,0
Misiones,2023,4,28.444,10.4625,64.0298,1
Misiones,2023,5,25.1238,32.2333,77.0952,1
Misiones,2023,6,27.1762,1.6667,61.2381,0
Misiones,2023,7,22.5762,53.7333,74.4762,0
Misiones,2023,8,23.3,57.3333,80.8095,1
Misiones,2023,9,24.281,57.675,80.244,6
Misiones,2023,10,25.8435,17.5417,74.6786,1
Misiones,2023,11,25.735,33.9,81.7619,5
Misiones,2023,12,27.0595,4.375,70.3155,12
Misiones,2023,13,23.7982,33.4083,72.0119,20
Misiones,2023,14,22.2423,24.9167,80.5417,14
Misiones,2023,15,22.8935,52.0833,80.2679,25
Misiones,2023,16,18.6571,7.5,73.0298,29
Misiones,2023,17,20.35,53.075,79.8155,24
Misiones,2023,18,21.0774,111.8167,90.8631,29
Misiones,2023,19,16.3929,0.05,77.2202,27
Misiones,2023,20,19.1315,3.975,75.0833,16
Misiones,2023,21,21.0357,41.2417,77.1786,9
Misiones,2023,22,19.047,2.3333,80.6845,15
Misiones,2023,23,20.2988,21.5,74.5357,12
Misiones,2023,24,11.3298,20.2833,88.4167,6
Misiones,2023,25,18.4548,31.025,82.3036,3
Misiones,2023,26,19.3577,0.8417,79.9524,1
Misiones,2023,27,19.7021,29.1667,78.6286,2
Misiones,2023,28,15.0238,46.6667,87.0952,8
Misiones,2023,29,17.7702,0.0,75.0774,2
Misiones,2023,30,18.2327,10.4167,80.2262,2
Misiones,2023,31,22.9012,2.25,70.1012,3
Misiones,2023,32,18.0667,103.9083,82.5774,5
Misiones,2023,33,19.7125,31.9583,74.9762,5
Misiones,2023,34,19.7149,0.0,68.6845,2
Misiones,2023,35,19.9548,144.0917,74.0595,1
Misiones,2023,36,19.3007,84.0333,86.5714,2
Misiones,2023,37,20.5957,43.575,70.1071,2
Misiones,2023,38,27.3393,43.0833,70.6786,1
Misiones,2023,39,21.6964,4.1333,73.2381,1
Misiones,2023,40,20.6173,103.3667,82.7,5
Misiones,2023,41,20.5429,23.7417,75.8512,4
Misiones,2023,42,23.5298,146.2083,81.8214,2
Misiones,2023,43,21.547,221.1667,86.6607,6
Misiones,2023,44,20.2518,116.9917,83.7024,6
Misiones,2023,45,26.5943,84.7167,67.7429,14
Misiones,2023,46,23.1479,165.5333,85.2786,14
Misiones,2023,47,24.2036,38.2917,76.8393,38
Misiones,2023,48,25.7923,81.2083,81.744,69
Misiones,2023,49,23.745,93.4333,84.9857,159
Misiones,2023,50,28.2756,9.75,68.881,429
Misiones,2023,51,26.4083,63.6417,79.0774,333
Misiones,2023,52,24.1286,40.65,77.256,472
Misiones,2024,1,26.7905,1.6667,68.381,704
Misiones,2024,2,26.4238,26.2,75.5714,867
Misiones,2024,3,26.4905,88.1667,81.9048,750
Misiones,2024,4,23.2667,13.6667,69.6667,994
Misiones,2024,5,28.1774,6.0,60.4524,1107
Misiones,2024,6,28.6887,17.2667,66.9583,1194
Misiones,2024,7,25.2619,64.7083,81.6607,1175
Misiones,2024,8,26.1762,46.275,77.6548,1544
Misiones,2024,9,26.219,65.8,81.4286,1352
Misiones,2024,10,24.8202,31.7583,84.4643,1074
Misiones,2024,11,28.2077,38.4,71.0298,1035
Misiones,2024,12,24.3621,48.075,79.6929,1100
Misiones,2024,13,25.4619,0.0,71.1905,767
Misiones,2024,14,25.75,65.3333,78.3286,937
Misiones,2024,15,24.3579,30.6417,86.2857,973
Misiones,2024,16,20.5286,93.7917,80.2,1030
Misiones,2024,17,23.206,111.8167,88.6905,717
Misiones,2024,18,24.5274,176.625,84.0179,500
Misiones,2024,19,22.9631,33.475,80.3512,253
Misiones,2024,20,14.2667,39.5417,90.6905,86
Misiones,2024,21,16.6202,39.0417,85.5476,85
Misiones,2024,22,14.27,1.5,80.7143,33
Misiones,2024,23,20.7721,0.0,75.8714,1
Misiones,2024,24,23.644,45.1083,71.1369,0
Misiones,2024,25,21.5381,96.975,77.4286,3
Misiones,2024,26,12.6631,15.6417,84.7738,3
Misiones,2024,27,15.7238,26.0,79.0952,0
Misiones,2024,28,8.205,38.175,90.8571,0
Misiones,2024,29,17.5524,0.0,79.4762,0
Misiones,2024,30,20.3833,24.4,76.5714,0
Misiones,2024,31,19.7512,12.1,79.4048,0
Misiones,2024,32,14.7369,39.8917,82.4345,0
Misiones,2024,33,18.4407,0.0,68.4357,0
Misiones,2024,34,18.0333,61.7,77.9524,0
Misiones,2024,35,18.2185,0.0,72.006,0
Misiones,2024,36,19.7857,17.6667,74.3071,0
Misiones,2024,37,22.2621,17.9167,75.0786,0
Misiones,2024,38,21.5768,40.9833,75.9643,0
Misiones,2024,39,24.1661,43.7917,75.7083,0
Misiones,2024,40,23.6679,11.1917,70.7857,0
Misiones,2024,41,21.195,89.2083,86.8643,0
Misiones,2024,42,22.2129,28.0917,80.5143,0
Misiones,2024,43,24.0494,18.125,75.8393,0
Misiones,2024,44,25.4155,19.2167,73.9464,0
Misiones,2024,45,24.4429,45.5917,79.3095,0
Misiones,2024,46,24.3149,1.375,69.0417,0
Misiones,2024,47,24.9343,20.8833,82.6286,0
Misiones,2024,48,26.297,105.8917,78.3155,0
Misiones,2024,49,22.8917,178.775,83.494,1
Misiones,2024,50,23.5012,16.6167,80.5,0
Misiones,2024,51,24.6095,22.4583,73.881,0
Misiones,2024,52,24.3764,4.575,65.7786,0
Misiones,2025,1,27.2875,13.5833,62.6548,0
Misiones,2025,2,27.0315,5.0,61.3988,0
Misiones,2025,3,27.0095,24.25,70.9821,0
Misiones,2025,4,26.0881,48.3833,75.6071,1
Misiones,2025,5,25.9333,28.5667,76.5238,1
Misiones,2025,6,27.4905,23.1667,73.5238,0
Misiones,2025,7,27.9143,35.4667,73.2857,0
Misiones,2025,8,25.6429,43.9,81.0476,0
Misiones,2025,9,28.5264,13.675,72.5,0
Misiones,2025,10,28.3625,17.9583,68.1845,0
Misiones,2025,11,22.8029,21.8,76.6929,0
Misiones,2025,12,25.1363,1.075,68.2143,0
Misiones,2025,13,25.4012,45.45,80.131,0
Misiones,2025,14,21.4238,30.125,82.875,0
Misiones,2025,15,20.135,48.2833,84.4071,0
Misiones,2025,16,22.6506,2.3,79.7083,0
Misiones,2025,17,20.9179,9.0,82.9226,2
Misiones,2025,18,19.0185,0.125,74.8988,0
Misiones,2025,19,21.2421,86.5,81.1929,0
Misiones,2025,20,20.9512,9.425,76.256,0
Misiones,2025,21,19.9018,28.1917,87.6429,0
Misiones,2025,22,13.5155,66.75,85.2679,0
Misiones,2025,23,17.1554,65.7917,92.6667,0
Misiones,2025,24,13.26,30.975,83.5643,0
Misiones,2025,25,18.0443,93.7667,89.6571,0
Misiones,2025,26,11.3643,57.5917,84.3869,0
Misiones,2025,27,10.9943,0.075,79.8786,0
Misiones,2025,28,17.4298,0.0,77.7083,0
Misiones,2025,29,16.4238,15.7667,78.125,0
Misiones,2025,30,18.8315,61.0917,84.0952,0
Misiones,2025,31,16.9345,33.025,72.4464,0
Misiones,2025,32,14.3286,13.7833,87.0774,0
Misiones,2025,33,16.1164,0.2,73.8714,0
Misiones,2025,34,18.0113,55.1667,80.256,0
Misiones,2025,35,17.5064,7.4333,77.7286,0
Misiones,2025,36,17.1507,52.975,81.5071,0
Misiones,2025,37,20.2333,25.3333,70.7143,0
Misiones,2025,38,22.7321,80.075,73.7083,0
Misiones,2025,39,18.9655,23.0,69.7024,0
Misiones,2025,40,22.272,73.725,82.0179,0
Misiones,2025,41,19.4476,47.975,78.0952,0
Misiones,2025,42,20.4161,102.0917,75.7679,0
Neuquén,2018,1,22.9143,0.0,48.2857,0
Neuquén,2018,2,27.1429,0.0,41.5714,0
Neuquén,2018,3,26.5571,9.0,36.1429,0
Neuquén,2018,4,23.3714,0.0,42.8571,0
Neuquén,2018,5,26.4714,12.0,46.8571,0
Neuquén,2018,6,22.5571,0.0,40.4286,0
Neuquén,2018,7,26.6286,0.4,38.5714,0
Neuquén,2018,8,20.1571,7.2,57.5714,0
Neuquén,2018,9,24.3571,4.0,48.8571,0
Neuquén,2018,10,20.2714,3.0,49.8571,0
Neuquén,2018,11,16.4,0.0,45.5714,0
Neuquén,2018,12,15.5571,0.0,46.1429,0
Neuquén,2018,13,17.9429,0.0,54.7143,0
Neuquén,2018,14,17.0571,0.0,51.4286,0
Neuquén,2018,15,15.4429,0.0,52.5714,0
Neuquén,2018,16,14.9857,0.0,60.1429,0
Neuquén,2018,17,12.9429,0.0,63.7143,0
Neuquén,2018,18,12.5857,2.0,69.0,0
Neuquén,2018,19,12.9143,6.0,75.5714,0
Neuquén,2018,20,10.4,8.0,67.4286,0
Neuquén,2018,21,6.8143,0.0,76.2857,0
Neuquén,2018,22,6.6286,9.0,74.0,0
Neuquén,2018,23,6.0571,11.9,70.5714,0
Neuquén,2018,24,3.1714,1.1,82.4286,0
Neuquén,2018,25,7.6286,0.0,62.4286,0
Neuquén,2018,26,10.3143,1.1,58.8571,0
Neuquén,2018,27,5.2,11.0,80.8571,0
Neuquén,2019,1,23.3714,0.0,33.5714,0
Neuquén,2019,2,19.5429,0.0,38.1429,0
Neuquén,2019,3,24.3857,0.0,35.7143,0
Neuquén,2019,4,25.3,0.0,35.2857,0
Neuquén,2019,5,25.0,0.0,31.4286,0
Neuquén,2019,6,25.1571,7.0,38.7143,0
Neuquén,2019,7,23.8143,0.0,45.0,0
Neuquén,2019,8,23.3571,0.7,40.5714,0
Neuquén,2019,9,19.6429,0.0,43.7143,0
Neuquén,2019,10,18.8429,0.0,41.8571,0
Neuquén,2019,11,19.4286,0.0,55.7143,0
Neuquén,2019,12,16.7286,0.0,46.0,0
Neuquén,2019,13,18.4286,0.0,56.4286,0
Neuquén,2019,14,18.8,0.0,50.2857,0
Neuquén,2019,15,17.9429,0.0,51.0,0
Neuquén,2019,16,13.6143,0.0,66.2857,0
Neuquén,2019,17,14.4714,9.0,73.5714,0
Neuquén,2019,18,13.5571,4.2,62.5714,0
Neuquén,2019,19,13.2429,0.2,70.7143,0
Neuquén,2019,20,10.4429,1.0,67.1429,0
Neuquén,2019,21,7.9286,1.0,70.7143,0
Neuquén,2019,22,7.2143,12.0,81.1429,0
Neuquén,2019,23,9.2,0.0,70.4286,0
Neuquén,2019,24,6.8571,8.7,74.0,0
Neuquén,2019,25,8.1,6.0,75.7143,0
Neuquén,2019,26,7.7857,4.0,66.1429,0
Neuquén,2019,27,5.5,7.0,76.7143,0
Neuquén,2019,28,6.7857,0.0,74.8571,0
Neuquén,2019,29,7.4714,0.2,62.7143,0
Neuquén,2019,30,5.6571,0.0,63.8571,0
Neuquén,2019,31,10.7,0.0,49.1429,0
Neuquén,2019,32,8.0143,1.0,49.7143,0
Neuquén,2019,33,5.4571,0.8,73.8571,0
Neuquén,2019,34,8.6,5.0,71.1429,0
Neuquén,2019,35,11.9714,2.0,48.5714,0
Neuquén,2019,36,5.9,7.0,61.2857,0
Neuquén,2019,37,10.1571,4.0,60.7143,0
Neuquén,2019,38,12.5286,0.0,36.1429,0
Neuquén,2019,39,18.1,0.0,39.7143,0
Neuquén,2019,40,11.2286,2.0,48.0,0
Neuquén,2019,41,16.3429,0.0,37.2857,0
Neuquén,2019,42,14.0857,10.2,56.0,0
Neuquén,2019,43,17.1429,0.0,39.7143,0
Neuquén,2019,44,17.7,0.0,34.4286,0
Neuquén,2019,45,18.1857,0.0,35.8571,0
Neuquén,2019,46,21.6143,19.0,46.0,0
Neuquén,2019,47,22.6286,0.0,32.8571,0
Neuquén,2019,48,18.7857,0.0,31.2857,0
Neuquén,2019,49,22.7857,0.0,29.4286,0
Neuquén,2019,50,22.9429,0.0,27.4286,0
Neuquén,2019,51,23.2857,0.0,34.7143,0
Neuquén,2019,52,23.8,0.0,35.4286,0
Neuquén,2020,1,27.3857,0.0,34.8571,0
Neuquén,2020,2,22.0714,0.0,34.5714,0
Neuquén,2020,3,24.2286,8.0,41.8571,0
Neuquén,2020,4,27.4571,4.0,38.4286,0
Neuquén,2020,5,24.1,0.0,35.8571,0
Neuquén,2020,6,21.2429,4.0,51.2857,1
Neuquén,2020,7,23.6857,1.0,44.1429,0
Neuquén,2020,8,21.0143,0.0,36.5714,1
Neuquén,2020,9,23.3857,0.0,41.7143,0
Neuquén,2020,10,26.1,4.0,46.2857,1
Neuquén,2020,11,20.8,0.0,50.7143,1
Neuquén,2020,12,19.7429,0.0,51.5714,0
Neuquén,2020,13,20.6,0.0,50.7143,1
Neuquén,2020,14,16.2,0.0,57.4286,0
Neuquén,2020,15,15.8429,0.0,52.5714,0
Neuquén,2020,16,16.5571,0.0,59.4286,0
Neuquén,2020,17,14.6,1.0,65.7143,0
Neuquén,2020,18,12.2,0.0,68.8571,0
Neuquén,2020,19,11.4286,0.0,60.0,0
Neuquén,2020,20,13.2,0.0,58.2857,0
Neuquén,2020,21,10.0143,3.0,71.2857,0
Neuquén,2020,22,8.2143,57.0,71.5714,0
Neuquén,2020,23,6.1571,0.0,83.1429,0
Neuquén,2020,24,7.9857,0.0,56.8571,0
Neuquén,2020,25,7.2429,1.0,69.2857,0
Neuquén,2020,26,4.4429,13.9,76.1429,0
Neuquén,2020,27,4.8,17.7,89.2857,0
Neuquén,2020,28,6.8,1.3,66.4286,0
Neuquén,2020,29,6.0143,0.3,75.1429,0
Neuquén,2020,30,6.0286,78.5,78.2857,0
Neuquén,2020,31,6.6,0.0,65.8571,0
Neuquén,2020,32,8.8286,0.0,61.8571,0
Neuquén,2020,33,9.0429,0.0,42.8571,0
Neuquén,2020,34,8.4429,0.0,56.2857,0
Neuquén,2020,35,9.4857,0.0,53.4286,0
Neuquén,2020,36,9.7857,0.0,53.7143,0
Neuquén,2020,37,11.9714,0.0,49.2857,0
Neuquén,2020,38,12.4143,3.0,46.5714,0
Neuquén,2020,39,14.4429,2.0,46.0,0
Neuquén,2020,40,10.6571,9.0,48.4286,0
Neuquén,2020,41,13.3857,0.0,51.4286,0
Neuquén,2020,42,20.3714,0.0,40.1429,0
Neuquén,2020,43,17.9,0.0,43.7143,0
Neuquén,2020,44,18.5286,0.0,37.7143,0
Neuquén,2020,45,21.4429,4.0,43.2857,0
Neuquén,2020,46,20.3143,9.0,52.5714,0
Neuquén,2020,47,22.4857,0.0,41.5714,0
Neuquén,2020,48,20.6571,0.0,37.5714,0
Neuquén,2020,49,22.7143,0.0,29.7143,0
Neuquén,2020,50,21.5143,2.0,38.5714,0
Neuquén,2020,51,21.2571,3.0,36.8571,0
Neuquén,2020,52,25.8857,4.7,39.8571,0
Neuquén,2020,53,24.8143,0.6,43.7143,0
Neuquén,2021,1,23.0714,0.0,42.1429,0
Neuquén,2021,2,21.0,0.0,44.1429,0
Neuquén,2021,3,29.3857,0.0,40.1429,0
Neuquén,2021,4,20.6286,5.5,49.7143,0
Neuquén,2021,5,22.9,0.0,50.8571,0
Neuquén,2021,6,24.2571,0.0,49.1429,0
Neuquén,2021,7,19.8429,0.0,45.0,0
Neuquén,2021,8,23.7143,0.0,48.5714,0
Neuquén,2021,9,22.2429,0.0,66.5714,0
Neuquén,2021,10,21.4429,0.0,49.2857,0
Neuquén,2021,11,17.8571,3.0,57.7143,0
Neuquén,2021,12,16.8857,0.0,56.0,0
Neuquén,2021,13,20.5857,0.0,59.7143,0
Neuquén,2021,14,17.7429,0.0,60.7143,0
Neuquén,2021,15,16.8571,0.0,63.0,0
Neuquén,2021,16,15.4571,81.0,77.5714,0
Neuquén,2021,17,13.6286,3.9,80.5714,0
Neuquén,2021,18,9.0286,0.0,75.7143,0
Neuquén,2021,19,7.4,0.0,78.2857,0
Neuquén,2021,20,11.1429,3.1,77.2857,0
Neuquén,2021,21,12.0143,0.0,56.2857,0
Neuquén,2021,22,12.1,0.3,59.5714,0
Neuquén,2021,23,10.8143,0.0,63.1429,0
Neuquén,2021,24,3.0714,9.0,79.4286,0
Neuquén,2021,25,6.6143,0.0,74.4286,0
Neuquén,2021,26,4.1286,0.0,68.4286,0
Neuquén,2021,27,7.6571,0.0,65.7143,0
Neuquén,2021,28,4.7429,0.0,64.8571,0
Neuquén,2021,29,7.5857,0.0,64.2857,0
Neuquén,2021,30,5.5286,0.0,68.0,0
Neuquén,2022,1,25.9429,12.0,43.7143,0
Neuquén,2022,2,27.5571,0.0,31.0,0
Neuquén,2022,3,19.2143,6.1,56.7143,0
Neuquén,2022,4,25.3714,0.0,39.1429,0
Neuquén,2022,5,23.5429,0.0,44.0,0
Neuquén,2022,6,24.1571,0.0,34.8571,0
Neuquén,2022,7,24.8286,35.0,38.5714,0
Neuquén,2022,8,17.6714,43.0,64.1429,0
Neuquén,2022,9,20.4143,0.0,44.7143,0
Neuquén,2022,10,19.0,0.0,49.0,0
Neuquén,2022,11,19.0857,0.0,52.8571,0
Neuquén,2022,12,16.0429,0.0,55.4286,0
Neuquén,2022,13,13.7143,0.0,51.0,0
Neuquén,2022,14,16.3571,0.2,62.1429,0
Neuquén,2022,15,13.7,0.0,60.0,0
Neuquén,2022,16,14.3571,12.5,56.8571,0
Neuquén,2022,17,9.1429,0.0,58.7143,0
Neuquén,2022,18,11.4714,0.0,67.2857,0
Neuquén,2022,19,8.9429,0.3,67.4286,0
Neuquén,2022,20,7.2286,0.5,66.0,0
Neuquén,2022,21,3.5857,0.0,70.7143,0
Neuquén,2022,22,2.6714,1.0,79.5714,0
Neuquén,2022,23,7.1857,0.0,62.7143,0
Neuquén,2022,24,6.6,0.0,66.8571,0
Neuquén,2022,25,3.8571,10.7,84.0,0
Neuquén,2022,26,7.8286,3.0,62.8571,0
Neuquén,2022,27,6.2,0.0,58.1429,0
Neuquén,2022,28,4.8857,6.0,76.8571,0
Neuquén,2022,29,8.0714,0.6,64.5714,0
Neuquén,2022,30,7.6286,1.0,75.8571,0
Neuquén,2022,31,4.6,25.1,79.1429,0
Neuquén,2022,32,8.5,0.0,67.8571,0
Neuquén,2022,33,8.9857,3.3,61.0,0
Neuquén,2022,34,9.2286,0.0,56.2857,0
Neuquén,2022,35,11.1714,0.0,47.8571,0
Neuquén,2022,36,11.9286,0.0,43.2857,0
Neuquén,2022,37,12.7429,0.0,51.2857,0
Neuquén,2022,38,10.6714,0.0,54.2857,0
Neuquén,2022,39,16.2429,0.0,43.0,0
Neuquén,2022,40,14.3,4.0,44.4286,0
Neuquén,2022,41,15.1714,0.0,36.2857,0
Neuquén,2022,42,15.6571,3.7,55.5714,0
Neuquén,2022,43,17.3714,0.0,37.0,0
Neuquén,2022,44,22.0286,0.0,29.2857,0
Neuquén,2022,45,19.8571,29.0,57.8571,0
Neuquén,2022,46,21.8143,0.0,40.1429,0
Neuquén,2022,47,25.2143,0.0,33.5714,0
Neuquén,2022,48,24.5571,0.0,33.0,0
Neuquén,2022,49,24.7143,0.0,33.0,0
Neuquén,2022,50,24.5,0.0,34.1429,0
Neuquén,2023,1,27.9714,0.0,33.1429,0
Neuquén,2023,2,24.7143,0.0,32.7143,0
Neuquén,2023,3,25.9857,0.0,47.2857,0
Neuquén,2023,4,25.0143,0.0,36.8571,0
Neuquén,2023,5,26.5429,0.0,43.7143,0
Neuquén,2023,6,26.9571,0.0,38.1429,1
Neuquén,2023,7,18.5857,0.0,39.2857,0
Neuquén,2023,8,23.4286,0.0,40.4286,0
Neuquén,2023,9,23.5143,0.0,45.0,0
Neuquén,2023,10,23.8429,0.0,43.2857,1
Neuquén,2023,11,21.1,0.0,55.7143,2
Neuquén,2023,12,18.7429,0.0,57.8571,0
Neuquén,2023,13,16.5143,0.0,49.1429,2
Neuquén,2023,14,17.3429,0.0,61.7143,3
Neuquén,2023,15,11.6714,1.8,73.8571,3
Neuquén,2023,16,16.0143,0.0,54.1429,7
Neuquén,2023,17,15.5571,0.0,59.4286,0
Neuquén,2023,18,10.6,0.0,65.0,4
Neuquén,2023,19,11.6143,0.0,70.1429,0
Neuquén,2023,20,10.8429,0.0,63.0,2
Neuquén,2023,21,8.0143,0.0,63.2857,1
Neuquén,2023,22,10.4,0.9,60.0,0
Neuquén,2023,23,7.8286,4.3,62.4286,0
Neuquén,2023,24,5.3,5.0,78.4286,0
Neuquén,2023,25,8.2143,44.5,89.1429,0
Neuquén,2023,26,7.8571,0.0,75.0,0
Neuquén,2023,27,7.5,0.8,69.0,0
Neuquén,2023,28,3.7429,8.8,80.0,0
Neuquén,2023,29,5.8571,0.6,73.1429,1
Neuquén,2023,30,9.5857,3.0,68.1429,0
Neuquén,2023,31,9.7857,0.0,50.2857,0
Neuquén,2023,32,9.6857,0.0,50.0,0
Neuquén,2023,33,8.0286,34.7,74.8571,0
Neuquén,2023,34,7.3429,0.2,65.4286,0
Neuquén,2023,35,10.3,0.0,53.7143,0
Neuquén,2023,36,10.2857,9.2,63.5714,0
Neuquén,2023,37,12.5714,3.0,50.2857,0
Neuquén,2023,38,10.6857,0.0,58.1429,0
Neuquén,2023,39,13.8857,0.3,42.0,0
Neuquén,2023,40,14.4571,0.0,39.7143,0
Neuquén,2023,41,14.6429,0.0,43.2857,0
Neuquén,2023,42,17.2714,3.0,49.4286,0
Neuquén,2023,43,15.3571,1.1,51.8571,0
Neuquén,2023,44,13.5,35.5,58.4286,0
Neuquén,2023,45,18.2857,0.0,37.5714,0
Neuquén,2023,46,16.0714,0.0,37.4286,1
Neuquén,2023,47,21.6714,0.0,34.2857,2
Neuquén,2023,48,20.4571,0.0,34.4286,1
Neuquén,2023,49,23.0714,4.5,37.1429,0
Neuquén,2023,50,23.1429,0.0,30.2857,1
Neuquén,2023,51,21.4857,2.0,41.5714,1
Neuquén,2023,52,26.7143,0.0,35.4286,6
Neuquén,2024,1,26.2714,2.0,41.8571,3
Neuquén,2024,2,23.1571,3.0,34.7143,5
Neuquén,2024,3,25.6143,0.0,33.8571,5
Neuquén,2024,4,30.4286,0.0,33.1429,6
Neuquén,2024,5,27.0286,1.0,34.0,2
Neuquén,2024,6,24.8429,42.0,51.4286,4
Neuquén,2024,7,25.3857,0.0,42.4286,2
Neuquén,2024,8,23.9,3.5,45.1429,2
Neuquén,2024,9,22.4143,0.0,45.2857,6
Neuquén,2024,10,19.8286,0.0,46.7143,7
Neuquén,2024,11,19.2857,0.0,42.8571,7
Neuquén,2024,12,18.3,0.0,45.2857,22
Neuquén,2024,13,19.4571,0.0,52.5714,20
Neuquén,2024,14,16.1429,0.0,52.1429,38
Neuquén,2024,15,12.6857,10.6,67.8571,20
Neuquén,2024,16,13.9429,0.9,63.8571,13
Neuquén,2024,17,12.0429,0.0,55.1429,4
Neuquén,2024,18,8.7714,0.0,56.0,6
Neuquén,2024,19,8.5571,19.5,63.0,3
Neuquén,2024,20,5.2571,3.0,79.0,1
Neuquén,2024,21,6.4429,1.2,76.0,1
Neuquén,2024,22,7.4857,0.2,74.1429,0
Neuquén,2024,23,9.7571,1.0,74.7143,0
Neuquén,2024,24,10.0143,2.8,71.8571,0
Neuquén,2024,25,5.9571,2.9,74.0,0
Neuquén,2024,26,5.9286,0.0,64.8571,0
Neuquén,2024,27,4.9143,0.0,61.4286,0
Neuquén,2024,28,0.9571,0.0,76.1429,0
Neuquén,2024,29,5.4714,0.0,64.7143,0
Neuquén,2024,30,8.2143,0.0,52.0,0
Neuquén,2024,31,8.0143,0.0,55.1429,0
Neuquén,2024,32,7.5571,5.0,61.0,0
Neuquén,2024,33,7.8143,0.0,60.7143,0
Neuquén,2024,34,5.6571,11.0,71.2857,0
Neuquén,2024,35,11.6857,0.0,53.0,0
Neuquén,2024,36,11.8571,0.0,43.5714,0
Neuquén,2024,37,11.9286,2.9,44.0,0
Neuquén,2024,38,14.6857,0.0,36.4286,0
Neuquén,2024,39,13.6429,2.0,42.1429,0
Neuquén,2024,40,13.7429,0.0,39.8571,0
Neuquén,2024,41,16.4,0.4,46.5714,0
Neuquén,2024,42,20.3,0.0,42.2857,0
Neuquén,2024,43,20.1429,0.0,34.1429,0
Neuquén,2024,44,22.3143,0.0,30.7143,0
Neuquén,2024,45,18.6714,0.0,38.1429,0
Neuquén,2024,46,20.1857,0.0,31.5714,0
Neuquén,2024,47,23.1714,0.0,39.2857,0
Neuquén,2024,48,19.9857,0.0,30.0,0
Neuquén,2024,49,18.9143,0.0,34.8571,0
Neuquén,2024,50,24.4429,0.0,35.1429,0
Neuquén,2024,51,24.3286,0.0,30.8571,0
Neuquén,2024,52,25.3429,0.8,34.0,0
Neuquén,2025,1,26.3143,0.0,33.1429,0
Neuquén,2025,2,28.1571,0.0,36.0,0
Neuquén,2025,3,26.2571,0.0,28.1429,0
Neuquén,2025,4,26.8857,0.0,30.2857,0
Neuquén,2025,5,27.4,0.5,35.1429,0
Neuquén,2025,6,25.2571,0.0,36.5714,0
Neuquén,2025,7,23.8857,0.0,37.1429,1
Neuquén,2025,8,25.4143,0.2,40.2857,0
Neuquén,2025,9,23.7571,6.3,51.0,0
Neuquén,2025,10,20.5429,0.0,52.5714,0
Neuquén,2025,11,20.7143,0.0,47.7143,0
Neuquén,2025,12,19.5286,2.2,52.7143,0
Neuquén,2025,13,16.5,2.0,66.8571,1
Neuquén,2025,14,13.3571,0.0,51.7143,1
Neuquén,2025,15,16.6857,0.0,57.8571,1
Neuquén,2025,16,12.8143,4.6,65.7143,0
Neuquén,2025,17,14.5857,5.7,67.2857,0
Neuquén,2025,18,11.3143,3.0,65.5714,0
Neuquén,2025,19,12.1143,0.0,62.7143,0
Neuquén,2025,20,11.2429,0.0,62.7143,0
Neuquén,2025,21,9.5857,0.0,61.0,0
Neuquén,2025,22,7.7857,0.0,58.0,0
Neuquén,2025,23,8.4429,0.0,62.0,0
Neuquén,2025,24,7.5429,1.0,67.1429,0
Neuquén,2025,25,6.4,0.0,59.4286,0
Neuquén,2025,26,6.1857,1.0,51.4286,0
Neuquén,2025,27,2.3571,0.0,77.4286,0
Neuquén,2025,28,5.8571,0.0,66.0,0
Neuquén,2025,29,7.7286,0.0,56.2857,0
Neuquén,2025,30,4.6,20.0,75.7143,0
Neuquén,2025,31,7.3714,0.0,82.1429,0
Neuquén,2025,32,8.3429,0.0,62.2857,0
Neuquén,2025,33,12.0571,0.0,56.5714,0
Neuquén,2025,34,11.1143,0.0,49.2857,0
Neuquén,2025,35,11.5143,13.0,56.7143,0
Neuquén,2025,36,9.2143,0.0,53.0,0
Neuquén,2025,37,14.5571,0.0,42.2857,0
Neuquén,2025,38,13.9857,0.5,54.5714,0
Neuquén,2025,39,14.6286,0.2,47.4286,0
Neuquén,2025,40,16.3286,0.0,34.1429,0
Neuquén,2025,41,17.5429,0.0,38.5714,0
Neuquén,2025,42,18.6,0.0,33.8571,0
Río Negro,2018,1,18.14,14.4,49.4,0
Río Negro,2018,2,22.4743,1.7,42.8286,0
Río Negro,2018,3,22.08,1.2,45.7714,0
Río Negro,2018,4,19.5229,7.04,46.1429,0
Río Negro,2018,5,22.8105,3.24,41.7333,0
Río Negro,2018,6,18.1943,1.2,48.5429,0
Río Negro,2018,7,23.2829,1.4,44.9714,0
Río Negro,2018,8,18.0543,6.74,54.9429,0
Río Negro,2018,9,20.4371,2.4,53.1143,0
Río Negro,2018,10,17.5314,10.7,53.9714,0
Río Negro,2018,11,13.3314,20.6,55.9429,0
Río Negro,2018,12,12.6543,5.48,57.0571,0
Río Negro,2018,13,15.2771,0.0,56.8571,0
Río Negro,2018,14,13.42,9.38,58.2,0
Río Negro,2018,15,11.8371,22.94,61.8,0
Río Negro,2018,16,14.28,3.58,56.6571,0
Río Negro,2018,17,8.98,8.36,66.1714,0
Río Negro,2018,18,8.5314,10.06,70.8286,0
Río Negro,2018,19,11.0714,14.94,76.2286,0
Río Negro,2018,20,7.2171,7.86,76.8286,0
Río Negro,2018,21,7.0229,8.6,73.1143,0
Río Negro,2018,22,4.0857,7.46,76.5714,0
Río Negro,2018,23,3.6571,18.16,77.2,0
Río Negro,2018,24,3.4971,14.0,77.0714,0
Río Negro,2018,25,5.6857,10.46,65.8286,0
Río Negro,2018,26,6.0343,42.44,70.3429,0
Río Negro,2018,27,1.6029,7.48,81.3762,0
Río Negro,2019,1,18.2857,0.0,46.4571,0
Río Negro,2019,2,16.0143,5.94,49.8286,0
Río Negro,2019,3,21.2314,0.1,40.0,0
Río Negro,2019,4,19.96,4.2,45.6571,0
Río Negro,2019,5,19.9171,0.0,44.0286,0
Río Negro,2019,6,20.6143,1.92,44.6857,0
Río Negro,2019,7,21.68,0.16,41.6571,0
Río Negro,2019,8,17.6114,0.2,52.6286,0
Río Negro,2019,9,15.3229,1.74,53.8286,0
Río Negro,2019,10,15.6886,7.7,50.9714,0
Río Negro,2019,11,16.1429,16.64,65.0571,0
Río Negro,2019,12,13.14,0.64,57.5429,0
Río Negro,2019,13,15.7771,0.0,55.7143,0
Río Negro,2019,14,15.5057,4.6,54.8,0
Río Negro,2019,15,13.26,3.4,59.8857,0
Río Negro,2019,16,11.1371,3.5,60.6571,0
Río Negro,2019,17,11.8914,3.64,68.9143,0
Río Negro,2019,18,9.2743,48.7,67.9429,0
Río Negro,2019,19,9.9914,3.34,75.1714,0
Río Negro,2019,20,8.1057,2.54,69.8,0
Río Negro,2019,21,6.1714,0.64,68.4857,0
Río Negro,2019,22,5.4771,13.2,78.2571,0
Río Negro,2019,23,8.5886,38.72,70.9143,0
Río Negro,2019,24,4.3514,13.46,79.4571,0
Río Negro,2019,25,7.5686,37.46,78.5429,0
Río Negro,2019,26,4.3857,18.26,75.3429,0
Río Negro,2019,27,3.2057,3.22,74.8286,0
Río Negro,2019,28,5.0914,5.48,77.9714,0
Río Negro,2019,29,5.4571,38.1,71.7714,0
Río Negro,2019,30,2.5057,7.8,73.0,0
Río Negro,2019,31,6.98,20.0,65.1143,0
Río Negro,2019,32,5.1629,7.9,64.5238,0
Río Negro,2019,33,4.0571,3.34,74.9714,0
Río Negro,2019,34,6.16,9.6,75.8,0
Río Negro,2019,35,7.1971,26.86,64.8571,0
Río Negro,2019,36,4.3171,4.62,67.2286,0
Río Negro,2019,37,7.4171,4.38,65.4857,0
Río Negro,2019,38,8.2143,5.48,54.0,0
Río Negro,2019,39,13.2914,2.2,54.1714,0
Río Negro,2019,40,8.4086,5.14,54.0857,0
Río Negro,2019,41,11.9971,0.16,50.7143,0
Río Negro,2019,42,11.6971,5.2,58.8286,0
Río Negro,2019,43,12.2486,9.46,56.3143,0
Río Negro,2019,44,13.5086,8.42,51.6286,0
Río Negro,2019,45,14.6029,0.02,47.3429,0
Río Negro,2019,46,17.0886,4.96,52.6,0
Río Negro,2019,47,16.7857,7.7,47.2857,0
Río Negro,2019,48,14.8657,7.3,48.4,0
Río Negro,2019,49,17.6457,1.44,45.4,0
Río Negro,2019,50,17.4229,0.02,46.1714,0
Río Negro,2019,51,18.6286,1.2,46.1714,0
Río Negro,2019,52,18.9829,12.3,48.8571,0
Río Negro,2020,1,21.3114,10.68,52.8,0
Río Negro,2020,2,17.2257,8.36,51.2571,0
Río Negro,2020,3,20.1429,8.2,45.0,0
Río Negro,2020,4,22.68,0.0,44.2286,0
Río Negro,2020,5,19.8971,2.0,46.2,0
Río Negro,2020,6,17.3571,5.4,56.8857,0
Río Negro,2020,7,19.8971,4.8,48.3714,0
Río Negro,2020,8,17.1371,0.02,44.8,0
Río Negro,2020,9,19.4714,0.16,48.4286,2
Río Negro,2020,10,20.9314,4.7,49.9714,2
Río Negro,2020,11,17.4914,1.84,53.0286,0
Río Negro,2020,12,17.2114,0.0,53.7429,0
Río Negro,2020,13,16.4743,5.72,61.7714,0
Río Negro,2020,14,12.3457,0.92,57.0,0
Río Negro,2020,15,11.2057,0.14,54.8286,0
Río Negro,2020,16,14.6514,9.56,61.4571,0
Río Negro,2020,17,10.4543,10.26,69.0857,0
Río Negro,2020,18,10.7486,13.84,73.0286,0
Río Negro,2020,19,8.7943,39.38,72.1429,0
Río Negro,2020,20,10.5943,11.28,65.3714,0
Río Negro,2020,21,7.4571,16.3,72.8857,0
Río Negro,2020,22,5.3229,23.28,75.4,0
Río Negro,2020,23,6.4114,6.5,69.7143,0
Río Negro,2020,24,6.5514,23.6,65.8857,0
Río Negro,2020,25,5.8029,22.0,74.0857,0
Río Negro,2020,26,2.2429,21.86,78.8571,0
Río Negro,2020,27,3.2086,8.9,84.4857,0
Río Negro,2020,28,2.2743,35.86,76.7667,0
Río Negro,2020,29,3.2629,11.46,81.2286,0
Río Negro,2020,30,3.9629,46.14,78.8571,0
Río Negro,2020,31,4.3086,1.82,69.2,0
Río Negro,2020,32,5.8971,14.96,71.2,0
Río Negro,2020,33,5.2543,5.82,61.4857,0
Río Negro,2020,34,5.52,1.18,58.0857,0
Río Negro,2020,35,6.3314,7.36,68.0571,0
Río Negro,2020,36,6.4829,0.04,63.9429,0
Río Negro,2020,37,8.5,15.4,59.9714,0
Río Negro,2020,38,9.1629,0.08,51.9429,0
Río Negro,2020,39,10.3857,0.0,52.4857,0
Río Negro,2020,40,7.4057,1.64,59.3429,0
Río Negro,2020,41,11.1943,3.12,53.6286,0
Río Negro,2020,42,16.2229,1.0,43.8857,0
Río Negro,2020,43,13.3829,4.0,53.1714,0
Río Negro,2020,44,15.0429,2.4,43.6857,0
Río Negro,2020,45,16.7486,12.1,53.7143,0
Río Negro,2020,46,16.5629,6.5,57.2571,0
Río Negro,2020,47,19.2914,0.24,46.1429,0
Río Negro,2020,48,15.82,3.46,47.1429,0
Río Negro,2020,49,18.7114,0.0,34.9714,0
Río Negro,2020,50,17.6543,7.74,45.0571,0
Río Negro,2020,51,16.6229,0.02,45.9714,0
Río Negro,2020,52,20.3743,4.0,52.7714,0
Río Negro,2020,53,20.3286,3.84,47.4286,0
Río Negro,2021,1,18.9314,1.92,46.0,0
Río Negro,2021,2,17.4514,2.8,49.1143,0
Río Negro,2021,3,24.1114,0.0,44.7143,0
Río Negro,2021,4,17.0286,3.66,52.0,0
Río Negro,2021,5,22.0657,0.82,45.0286,0
Río Negro,2021,6,21.5286,0.0,51.4571,0
Río Negro,2021,7,17.7229,0.02,45.5714,0
Río Negro,2021,8,20.7143,1.2,46.5048,0
Río Negro,2021,9,20.8086,7.52,60.3429,0
Río Negro,2021,10,17.6914,6.8,49.8857,0
Río Negro,2021,11,14.7571,3.3,61.3429,0
Río Negro,2021,12,14.4171,0.0,51.9714,0
Río Negro,2021,13,16.0171,3.7,63.6857,0
Río Negro,2021,14,14.3229,6.54,67.2857,0
Río Negro,2021,15,14.0114,0.2,62.6,0
Río Negro,2021,16,12.5543,23.2,69.7143,0
Río Negro,2021,17,12.5714,14.02,67.2286,0
Río Negro,2021,18,6.8057,0.0,62.8,0
Río Negro,2021,19,6.5914,0.0,66.1143,0
Río Negro,2021,20,8.0543,18.24,77.9714,0
Río Negro,2021,21,8.1514,18.56,65.5714,0
Río Negro,2021,22,7.1229,19.92,74.1714,0
Río Negro,2021,23,8.9314,19.24,70.3429,0
Río Negro,2021,24,1.0714,0.7,74.2857,0
Río Negro,2021,25,4.7686,11.72,73.6571,0
Río Negro,2021,26,4.5286,1.34,63.8114,0
Río Negro,2021,27,6.6771,15.5,68.7429,0
Río Negro,2021,28,3.2457,2.3,68.6,0
Río Negro,2021,29,6.3057,0.7,64.8857,0
Río Negro,2021,30,3.9829,3.3,63.5714,0
Río Negro,2022,1,22.8429,0.62,41.3714,0
Río Negro,2022,2,22.1914,0.0,40.8286,0
Río Negro,2022,3,15.6805,38.8,63.719,0
Río Negro,2022,4,21.0514,0.1,44.7143,0
Río Negro,2022,5,19.5086,1.72,50.7714,0
Río Negro,2022,6,20.4371,2.12,40.2571,0
Río Negro,2022,7,19.6429,12.76,52.2857,0
Río Negro,2022,8,15.3114,38.1,65.5714,0
Río Negro,2022,9,16.1314,3.66,54.2286,0
Río Negro,2022,10,15.5057,4.7,55.9714,0
Río Negro,2022,11,15.1,1.86,52.6286,0
Río Negro,2022,12,13.4829,4.44,59.0,0
Río Negro,2022,13,11.2971,11.24,55.1714,0
Río Negro,2022,14,12.9343,7.8,71.0857,0
Río Negro,2022,15,11.2629,1.8,64.4,0
Río Negro,2022,16,10.4,34.16,66.5714,0
Río Negro,2022,17,5.8429,20.54,68.0286,0
Río Negro,2022,18,11.5571,0.0,65.3714,0
Río Negro,2022,19,6.2914,3.98,71.2286,0
Río Negro,2022,20,6.2914,19.42,67.4,0
Río Negro,2022,21,1.5086,10.6,71.3952,0
Río Negro,2022,22,1.7314,11.48,73.8214,0
Río Negro,2022,23,4.8886,26.3,68.5429,0
Río Negro,2022,24,4.6057,5.92,71.7143,0
Río Negro,2022,25,1.0229,0.8,75.1143,0
Río Negro,2022,26,5.1229,37.56,68.8857,0
Río Negro,2022,27,4.9029,22.7,66.0571,0
Río Negro,2022,28,2.8543,27.7,77.2,0
Río Negro,2022,29,4.2657,61.9,74.2429,0
Río Negro,2022,30,4.4371,8.4,80.6,0
Río Negro,2022,31,3.0057,6.7,76.4857,0
Río Negro,2022,32,6.1914,26.84,71.3143,0
Río Negro,2022,33,5.7,10.06,68.7143,0
Río Negro,2022,34,6.7457,1.4,59.4571,0
Río Negro,2022,35,8.4543,0.0,52.8857,0
Río Negro,2022,36,9.24,0.18,55.0286,0
Río Negro,2022,37,9.7286,31.14,67.7714,0
Río Negro,2022,38,7.1257,5.12,72.7714,0
Río Negro,2022,39,11.8229,0.0,57.7143,0
Río Negro,2022,40,10.8686,12.84,60.8571,0
Río Negro,2022,41,11.5743,0.16,51.8857,0
Río Negro,2022,42,14.2086,0.32,55.0,0
Río Negro,2022,43,12.5171,10.66,55.1143,0
Río Negro,2022,44,18.4771,0.0,40.8857,0
Río Negro,2022,45,17.1143,10.3,60.7429,0
Río Negro,2022,46,16.8914,9.3,55.9143,0
Río Negro,2022,47,19.5429,10.2,45.6286,0
Río Negro,2022,48,19.06,2.14,49.6571,0
Río Negro,2022,49,19.1457,6.1,48.6286,0
Río Negro,2022,50,19.4571,0.32,48.1143,0
Río Negro,2023,1,23.9371,0.7,42.0571,0
Río Negro,2023,2,19.4257,1.0,50.9143,0
Río Negro,2023,3,22.0629,14.34,56.7714,0
Río Negro,2023,4,20.3743,5.8,47.0,0
Río Negro,2023,5,22.7457,3.4,49.7714,0
Río Negro,2023,6,21.6343,2.7,51.4571,0
Río Negro,2023,7,14.8086,6.7,48.8,0
Río Negro,2023,8,18.5543,0.32,51.1429,0
Río Negro,2023,9,19.8457,0.0,47.9143,0
Río Negro,2023,10,19.4286,6.26,58.4571,0
Río Negro,2023,11,16.9571,8.08,65.8,0
Río Negro,2023,12,14.8629,0.0,60.4571,0
Río Negro,2023,13,12.6057,4.92,55.8286,3
Río Negro,2023,14,14.0743,3.5,65.4,2
Río Negro,2023,15,9.8457,8.66,70.6,3
Río Negro,2023,16,12.2857,0.62,65.6286,2
Río Negro,2023,17,11.82,15.5,69.6286,1
Río Negro,2023,18,9.1486,1.84,70.8857,1
Río Negro,2023,19,10.6371,1.0,71.9429,0
Río Negro,2023,20,8.7771,8.86,66.8857,0
Río Negro,2023,21,5.2514,21.46,71.2286,0
Río Negro,2023,22,7.7029,19.4,68.8,0
Río Negro,2023,23,6.5114,41.86,67.4571,0
Río Negro,2023,24,3.8543,5.56,76.7714,0
Río Negro,2023,25,6.6543,36.0,80.5429,0
Río Negro,2023,26,5.52,17.36,79.7429,0
Río Negro,2023,27,4.8486,38.66,75.8571,0
Río Negro,2023,28,2.0886,5.9,81.5143,0
Río Negro,2023,29,4.5114,26.84,72.9143,0
Río Negro,2023,30,6.5343,18.22,77.6286,0
Río Negro,2023,31,5.6,4.9,61.2571,0
Río Negro,2023,32,6.9257,8.04,64.0571,0
Río Negro,2023,33,6.5543,32.22,77.3714,0
Río Negro,2023,34,4.0543,7.04,67.9429,0
Río Negro,2023,35,6.7829,17.6,58.8571,0
Río Negro,2023,36,6.5343,15.1,73.1714,0
Río Negro,2023,37,8.6429,39.24,64.5714,0
Río Negro,2023,38,7.06,5.32,70.7429,0
Río Negro,2023,39,9.7629,1.7,56.2857,0
Río Negro,2023,40,10.1086,1.64,56.4,0
Río Negro,2023,41,11.1343,0.6,54.6857,0
Río Negro,2023,42,14.3343,5.0,54.6571,0
Río Negro,2023,43,12.5686,27.94,58.6,0
Río Negro,2023,44,10.9914,2.32,61.4,0
Río Negro,2023,45,13.9343,6.04,54.4857,0
Río Negro,2023,46,12.2771,11.46,54.1429,0
Río Negro,2023,47,17.5571,0.24,45.6571,0
Río Negro,2023,48,16.0657,3.0,53.8286,0
Río Negro,2023,49,19.0857,1.4,50.0571,0
Río Negro,2023,50,17.3829,9.38,55.4,0
Río Negro,2023,51,17.2714,4.48,53.7143,0
Río Negro,2023,52,21.72,3.2,47.0286,0
Río Negro,2024,1,21.68,10.92,55.5714,0
Río Negro,2024,2,18.5629,2.74,48.0,1
Río Negro,2024,3,20.9686,0.0,47.9429,5
Río Negro,2024,4,26.6343,0.02,39.6857,1
Río Negro,2024,5,22.1829,0.7,51.3429,0
Río Negro,2024,6,21.58,1.3,55.7714,3
Río Negro,2024,7,22.0057,0.0,42.5143,1
Río Negro,2024,8,19.7914,4.84,52.2286,3
Río Negro,2024,9,17.56,7.44,53.1714,4
Río Negro,2024,10,16.6571,2.84,51.4857,0
Río Negro,2024,11,15.5343,6.0,51.1143,4
Río Negro,2024,12,13.7657,15.34,59.7143,19
Río Negro,2024,13,15.1,1.0,57.2571,10
Río Negro,2024,14,13.2857,9.46,57.9429,15
Río Negro,2024,15,10.1543,1.34,68.2,14
Río Negro,2024,16,11.2314,20.88,67.8286,7
Río Negro,2024,17,8.6029,26.9,64.2857,9
Río Negro,2024,18,6.1571,43.9,67.3429,0
Río Negro,2024,19,5.3771,10.8,73.1714,1
Río Negro,2024,20,3.4943,8.34,74.6571,1
Río Negro,2024,21,3.6257,1.12,77.8286,1
Río Negro,2024,22,5.5029,9.18,74.5429,0
Río Negro,2024,23,7.5829,16.68,79.8,0
Río Negro,2024,24,7.4914,17.72,77.8857,0
Río Negro,2024,25,3.82,19.72,81.7429,0
Río Negro,2024,26,3.7,19.5,77.1143,0
Río Negro,2024,27,1.8514,15.86,75.4,0
Río Negro,2024,28,1.54,0.36,74.4571,0
Río Negro,2024,29,3.5457,2.34,71.6286,0
Río Negro,2024,30,5.5971,5.9,64.8,0
Río Negro,2024,31,6.4971,13.48,66.8,0
Río Negro,2024,32,6.0429,9.12,70.8571,0
Río Negro,2024,33,5.5914,4.4,73.3429,0
Río Negro,2024,34,3.0286,7.5,76.5429,0
Río Negro,2024,35,7.5886,5.42,62.7429,0
Río Negro,2024,36,8.3057,5.98,57.3429,0
Río Negro,2024,37,7.86,2.74,58.8857,0
Río Negro,2024,38,9.9457,27.32,56.3714,0
Río Negro,2024,39,9.6571,17.0,54.4571,0
Río Negro,2024,40,9.74,0.4,56.4,0
Río Negro,2024,41,12.6514,0.52,56.3143,0
Río Negro,2024,42,14.6914,9.06,57.6,0
Río Negro,2024,43,15.5686,1.5,50.4286,0
Río Negro,2024,44,16.5943,5.02,46.7429,0
Río Negro,2024,45,14.4086,10.38,51.8286,0
Río Negro,2024,46,15.12,2.36,49.7429,0
Río Negro,2024,47,17.9857,4.4,51.3429,0
Río Negro,2024,48,14.5914,4.94,57.0286,0
Río Negro,2024,49,14.0229,13.3,57.6857,0
Río Negro,2024,50,18.5143,10.28,57.5143,0
Río Negro,2024,51,18.5686,10.08,50.8,0
Río Negro,2024,52,20.6943,0.26,50.1429,0
Río Negro,2025,1,20.4029,1.86,51.2286,0
Río Negro,2025,2,22.9171,0.2,45.6571,0
Río Negro,2025,3,19.84,2.64,46.4286,0
Río Negro,2025,4,21.4286,7.82,46.1429,0
Río Negro,2025,5,21.7057,0.0,42.5143,0
Río Negro,2025,6,19.6543,0.26,48.7714,0
Río Negro,2025,7,18.4629,3.54,49.0286,0
Río Negro,2025,8,20.6743,1.88,47.9429,0
Río Negro,2025,9,18.6171,12.06,61.9143,0
Río Negro,2025,10,17.1714,8.82,60.0286,0
Río Negro,2025,11,16.5457,2.1,49.8,0
Río Negro,2025,12,16.2171,3.04,58.5143,0
Río Negro,2025,13,14.86,2.66,58.7714,0
Río Negro,2025,14,10.2343,2.2,56.3429,0
Río Negro,2025,15,13.5914,17.84,70.7143,0
Río Negro,2025,16,9.6286,13.98,75.1429,0
Río Negro,2025,17,11.3771,18.86,74.6,0
Río Negro,2025,18,8.94,9.06,73.6857,0
Río Negro,2025,19,9.1257,11.2,70.9429,0
Río Negro,2025,20,10.48,17.08,66.8286,0
Río Negro,2025,21,5.6543,11.82,79.9429,0
Río Negro,2025,22,5.8457,1.04,70.1429,0
Río Negro,2025,23,5.7086,3.04,72.2857,0
Río Negro,2025,24,5.5971,8.78,75.5429,0
Río Negro,2025,25,5.3086,7.22,68.7714,0
Río Negro,2025,26,2.2029,8.8,68.6667,0
Río Negro,2025,27,2.48,0.8,75.8867,0
Río Negro,2025,28,5.0543,0.0,71.7429,0
Río Negro,2025,29,7.16,3.18,63.3429,0
Río Negro,2025,30,1.7829,12.78,81.4905,0
Río Negro,2025,31,6.7971,27.22,80.9143,0
Río Negro,2025,32,5.1514,8.18,76.4,0
Río Negro,2025,33,7.9714,10.2,71.4571,0
Río Negro,2025,34,7.8943,9.34,69.7429,0
Río Negro,2025,35,9.2914,2.52,69.4286,0
Río Negro,2025,36,6.3543,0.7,61.9429,0
Río Negro,2025,37,10.0657,21.56,60.4571,0
Río Negro,2025,38,10.9114,13.2,71.0857,0
Río Negro,2025,39,10.5029,6.04,61.3714,0
Río Negro,2025,40,12.74,2.16,52.5714,0
Río Negro,2025,41,13.0771,2.44,57.6,0
Río Negro,2025,42,14.0,5.64,50.5714,0
Salta,2018,1,24.0,22.5667,71.2381,0
Salta,2018,2,25.2714,66.5333,69.7143,0
Salta,2018,3,23.1048,25.7,79.8095,0
Salta,2018,4,24.181,99.6333,83.619,0
Salta,2018,5,24.2524,85.8667,79.9048,0
Salta,2018,6,25.5571,45.8333,73.9524,0
Salta,2018,7,22.0714,24.2,82.1429,0
Salta,2018,8,22.7381,39.1,78.1905,0
Salta,2018,9,22.3524,33.8,85.5714,0
Salta,2018,10,22.6619,35.6667,85.4286,0
Salta,2018,11,22.7429,19.5333,83.6667,0
Salta,2018,12,19.5524,28.6667,81.7619,0
Salta,2018,13,19.9905,23.6667,79.1429,0
Salta,2018,14,22.1762,29.2,83.619,0
Salta,2018,15,20.6905,6.3333,82.5238,1
Salta,2018,16,22.2714,0.0,79.4286,0
Salta,2018,17,23.2429,29.3333,84.1429,0
Salta,2018,18,22.7952,38.6,86.4286,0
Salta,2018,19,20.5381,0.1667,82.7619,0
Salta,2018,20,16.5905,2.9667,83.1905,6
Salta,2018,21,15.381,0.0,79.381,0
Salta,2018,22,14.3381,4.3,82.6667,0
Salta,2018,23,10.0857,0.0,77.9524,0
Salta,2018,24,10.1857,0.0,70.4762,0
Salta,2018,25,14.1143,0.2,73.1429,0
Salta,2018,26,13.6714,0.0,79.0,0
Salta,2018,27,11.619,7.5667,88.3333,0
Salta,2019,1,25.5762,19.7667,80.0952,0
Salta,2019,2,23.1476,18.6,81.3333,2
Salta,2019,3,22.1143,51.0667,83.6667,7
Salta,2019,4,27.7571,10.0,68.8571,13
Salta,2019,5,24.8714,63.3667,78.1905,44
Salta,2019,6,24.4048,5.6667,76.7143,87
Salta,2019,7,21.9714,63.5667,80.5714,36
Salta,2019,8,26.681,20.0,71.9524,17
Salta,2019,9,22.2905,12.5333,81.0476,21
Salta,2019,10,22.8381,47.3,83.1429,60
Salta,2019,11,20.6476,34.8667,88.3333,69
Salta,2019,12,18.7714,25.3,88.2381,56
Salta,2019,13,19.3762,46.4,87.5238,55
Salta,2019,14,20.4667,53.2333,83.5238,54
Salta,2019,15,19.7,4.0,81.2857,42
Salta,2019,16,22.019,24.3,86.619,31
Salta,2019,17,16.9571,11.1667,88.9048,48
Salta,2019,18,19.3238,9.3667,86.619,55
Salta,2019,19,18.6429,9.0333,85.8571,90
Salta,2019,20,15.8667,0.3333,81.1429,76
Salta,2019,21,12.8429,8.1667,84.619,37
Salta,2019,22,15.0714,5.3,88.1905,10
Salta,2019,23,14.4952,0.0,82.6667,11
Salta,2019,24,16.2095,4.5,85.8571,4
Salta,2019,25,12.3571,1.2,81.7619,6
Salta,2019,26,13.7238,0.8333,78.9048,3
Salta,2019,27,11.0333,0.3333,80.0952,4
Salta,2019,28,14.9143,0.0667,79.5238,1
Salta,2019,29,16.7571,0.0667,77.8095,1
Salta,2019,30,10.4143,5.3333,69.0,2
Salta,2019,31,12.7667,0.0,65.7619,0
Salta,2019,32,12.2429,0.0,60.1905,0
Salta,2019,33,14.9238,0.0,58.9524,0
Salta,2019,34,15.281,0.0,60.2381,0
Salta,2019,35,20.7143,0.0,55.0,0
Salta,2019,36,15.9095,0.0,56.8571,0
Salta,2019,37,18.5095,0.3333,59.6667,0
Salta,2019,38,17.6048,0.0667,51.4762,0
Salta,2019,39,22.8381,0.0,45.1905,0
Salta,2019,40,19.9381,8.3333,59.4286,0
Salta,2019,41,25.519,9.2,50.6667,0
Salta,2019,42,15.919,3.2333,78.8095,0
Salta,2019,43,24.7238,0.0,49.0,0
Salta,2019,44,27.0238,40.2667,59.7143,0
Salta,2019,45,24.6048,42.5333,71.619,0
Salta,2019,46,25.9429,0.3333,59.3333,0
Salta,2019,47,27.3095,24.1,58.0476,0
Salta,2019,48,24.7048,21.0,70.9048,0
Salta,2019,49,22.3905,11.5667,76.5714,0
Salta,2019,50,25.3857,25.7667,67.8571,0
Salta,2019,51,23.6857,13.3333,67.9524,0
Salta,2019,52,27.3667,9.2,62.0476,2
Salta,2020,1,25.819,40.2,71.0476,0
Salta,2020,2,27.0476,73.7667,68.0952,7
Salta,2020,3,24.5571,41.1667,82.1905,8
Salta,2020,4,26.381,25.7333,70.6667,4
Salta,2020,5,24.5476,20.8667,72.9603,26
Salta,2020,6,25.8619,156.6,78.381,41
Salta,2020,7,23.419,114.4333,85.4762,80
Salta,2020,8,21.1571,18.9667,85.4762,134
Salta,2020,9,23.1095,10.6333,76.381,175
Salta,2020,10,24.881,0.0,68.9048,393
Salta,2020,11,26.619,17.6667,69.9048,450
Salta,2020,12,22.3762,7.7,82.1429,528
Salta,2020,13,23.1857,25.4667,79.8095,699
Salta,2020,14,21.9048,40.5667,84.3333,693
Salta,2020,15,18.9524,2.0,78.5714,753
Salta,2020,16,18.9238,0.0,73.2857,746
Salta,2020,17,23.4381,16.7333,75.0,640
Salta,2020,18,19.6,17.4333,85.381,554
Salta,2020,19,16.3381,1.7333,78.3333,437
Salta,2020,20,16.581,0.0,74.4762,419
Salta,2020,21,15.3476,2.0,75.5714,316
Salta,2020,22,15.0048,0.0333,72.1429,123
Salta,2020,23,11.8857,1.7667,73.619,127
Salta,2020,24,15.5952,0.0,77.3333,118
Salta,2020,25,16.7381,0.0,70.7143,17
Salta,2020,26,14.6143,0.0,75.0476,26
Salta,2020,27,11.8714,0.0,64.5714,23
Salta,2020,28,11.4048,1.5,71.5238,7
Salta,2020,29,15.5762,0.0,69.9048,6
Salta,2020,30,13.0,0.7667,75.1905,1
Salta,2020,31,13.381,0.0,55.9524,0
Salta,2020,32,19.5143,0.0,58.2381,0
Salta,2020,33,15.1905,0.0,46.7619,0
Salta,2020,34,12.8857,0.0,46.619,0
Salta,2020,35,20.0762,3.2667,53.0952,0
Salta,2020,36,14.4905,0.6667,63.2857,0
Salta,2020,37,20.7381,3.2667,55.2857,0
Salta,2020,38,19.1238,1.8,53.8571,0
Salta,2020,39,22.9286,0.0,40.2857,0
Salta,2020,40,22.381,0.0,41.0952,0
Salta,2020,41,23.0667,0.0,42.5238,0
Salta,2020,42,24.8238,0.6667,47.5238,0
Salta,2020,43,28.0238,2.0667,53.0952,0
Salta,2020,44,21.9905,14.3333,51.8095,0
Salta,2020,45,25.7762,0.0,40.1905,0
Salta,2020,46,24.7905,17.0333,67.7619,1
Salta,2020,47,22.6524,19.4333,65.381,2
Salta,2020,48,27.4333,40.5333,61.4286,2
Salta,2020,49,21.6238,25.5333,77.5238,0
Salta,2020,50,26.8095,10.3,58.619,1
Salta,2020,51,24.9095,4.6667,62.7619,2
Salta,2020,52,25.919,21.3333,61.7143,2
Salta,2020,53,25.6333,55.1667,71.619,4
Salta,2021,1,23.2571,48.2667,80.6667,6
Salta,2021,2,24.4143,74.2333,80.0476,10
Salta,2021,3,23.8095,28.7333,67.8571,16
Salta,2021,4,25.2762,48.3333,73.2857,25
Salta,2021,5,22.2238,15.0,79.1905,43
Salta,2021,6,22.1095,38.8,79.4762,17
Salta,2021,7,23.2333,22.7,80.381,50
Salta,2021,8,25.1714,42.2667,78.6667,68
Salta,2021,9,23.819,59.2,79.8571,73
Salta,2021,10,24.1048,65.4,77.381,96
Salta,2021,11,21.2667,49.5333,83.8095,121
Salta,2021,12,20.1429,58.8,87.6667,61
Salta,2021,13,19.8429,2.5333,85.0952,92
Salta,2021,14,22.9524,21.8667,84.9524,127
Salta,2021,15,20.7571,18.3333,82.619,129
Salta,2021,16,20.9429,15.0667,85.6667,178
Salta,2021,17,17.3667,0.0,79.5714,221
Salta,2021,18,14.4524,8.3667,81.8095,197
Salta,2021,19,14.7476,9.6,84.9524,122
Salta,2021,20,17.4857,7.7333,79.5238,51
Salta,2021,21,14.7429,0.0,76.0952,98
Salta,2021,22,16.5333,0.0,77.619,85
Salta,2021,23,15.4,0.0,80.9048,43
Salta,2021,24,9.719,7.3,85.4286,24
Salta,2021,25,10.9476,0.4667,77.7619,0
Salta,2021,26,8.981,0.0,68.1429,0
Salta,2021,27,16.3,0.0,70.3333,0
Salta,2021,28,15.2286,0.0,68.2857,0
Salta,2021,29,14.1762,0.0,62.619,0
Salta,2021,30,11.0857,0.0667,59.4762,1
Salta,2022,1,27.0238,18.0,63.8095,0
Salta,2022,2,29.3095,0.0,46.1429,0
Salta,2022,3,26.6667,86.1667,72.3333,0
Salta,2022,4,24.1762,70.8333,77.7619,2
Salta,2022,5,23.819,88.8667,73.6667,3
Salta,2022,6,22.419,16.8333,75.2381,1
Salta,2022,7,23.8714,31.0,77.5238,1
Salta,2022,8,25.181,57.1667,80.8095,1
Salta,2022,9,25.4714,3.6333,76.8095,1
Salta,2022,10,22.1952,59.3333,83.0476,9
Salta,2022,11,21.4,2.1333,74.9524,23
Salta,2022,12,20.9048,10.7667,72.4286,39
Salta,2022,13,18.0476,2.6667,68.5714,37
Salta,2022,14,21.6905,37.7667,83.0952,84
Salta,2022,15,19.1238,33.3333,82.5238,77
Salta,2022,16,20.2381,1.5,79.7143,88
Salta,2022,17,19.4143,3.1667,81.0476,86
Salta,2022,18,15.9048,2.0,75.7143,66
Salta,2022,19,17.1143,0.4,81.8571,36
Salta,2022,20,12.2286,0.0,76.4762,16
Salta,2022,21,15.9238,0.1333,78.0,18
Salta,2022,22,11.1524,0.3,78.8095,6
Salta,2022,23,14.3143,0.1333,79.8095,1
Salta,2022,24,11.5048,0.0,66.9048,0
Salta,2022,25,11.481,0.0333,71.2381,0
Salta,2022,26,12.3476,0.0667,71.9048,0
Salta,2022,27,15.3333,0.0,71.9524,0
Salta,2022,28,12.5095,0.0,59.7143,0
Salta,2022,29,15.3762,0.0,66.5714,0
Salta,2022,30,18.3476,2.1333,66.0476,0
Salta,2022,31,17.0952,0.0,60.9524,0
Salta,2022,32,13.9095,1.3667,63.3333,0
Salta,2022,33,14.4143,0.0,43.0476,0
Salta,2022,34,19.1095,0.0,42.6667,0
Salta,2022,35,16.4143,0.0,42.1905,0
Salta,2022,36,17.1571,0.0,36.1905,0
Salta,2022,37,18.7,0.0,37.5238,0
Salta,2022,38,18.5571,0.1,51.381,0
Salta,2022,39,18.8048,10.3667,58.0476,0
Salta,2022,40,21.9619,0.0,41.0476,0
Salta,2022,41,19.9619,2.3333,41.381,0
Salta,2022,42,21.5714,5.4667,64.0476,0
Salta,2022,43,28.0286,2.0,40.381,0
Salta,2022,44,19.5286,0.0,33.0,0
Salta,2022,45,26.5571,19.0333,46.381,0
Salta,2022,46,28.0429,1.3333,43.4762,0
Salta,2022,47,25.7143,3.1,47.8095,0
Salta,2022,48,26.5857,10.9667,51.5238,0
Salta,2022,49,30.8714,10.7333,47.5238,0
Salta,2022,50,25.9286,17.3667,60.8571,0
Salta,2023,1,26.5571,2.5333,53.1429,0
Salta,2023,2,26.1905,30.5,59.4762,1
Salta,2023,3,30.2762,43.0667,49.381,2
Salta,2023,4,25.7905,59.0667,74.5714,9
Salta,2023,5,25.3762,18.1667,71.1905,15
Salta,2023,6,27.8524,9.6333,63.8571,76
Salta,2023,7,22.7619,30.0333,70.619,130
Salta,2023,8,24.3,42.0333,70.7619,230
Salta,2023,9,25.5524,68.3333,74.5238,347
Salta,2023,10,26.7762,0.1667,71.1905,704
Salta,2023,11,25.8476,31.8,72.5714,1170
Salta,2023,12,25.2238,81.6,76.2857,1837
Salta,2023,13,24.3333,9.4333,82.619,2118
Salta,2023,14,22.1095,48.4,81.6667,1502
Salta,2023,15,19.5667,14.5333,86.1429,1739
Salta,2023,16,19.0619,21.7333,83.619,1315
Salta,2023,17,20.0143,3.0667,83.1905,935
Salta,2023,18,15.4095,0.2333,78.3333,894
Salta,2023,19,17.7762,0.0,77.8571,443
Salta,2023,20,20.3714,0.2667,79.4286,458
Salta,2023,21,19.2619,3.6667,83.0476,318
Salta,2023,22,17.4857,1.8667,83.4762,388
Salta,2023,23,18.9429,0.0,76.8571,229
Salta,2023,24,10.0619,0.0,64.7143,148
Salta,2023,25,16.1048,0.0,74.7619,36
Salta,2023,26,17.3238,0.6333,78.0476,32
Salta,2023,27,18.9714,0.0333,76.7619,30
Salta,2023,28,14.2667,0.3667,77.1429,15
Salta,2023,29,14.6238,0.1,72.0952,6
Salta,2023,30,14.1095,0.0,65.6667,4
Salta,2023,31,20.5286,0.0,62.0476,2
Salta,2023,32,16.9667,0.0,56.7619,0
Salta,2023,33,19.319,0.0,59.619,0
Salta,2023,34,18.7095,0.0,50.0952,0
Salta,2023,35,19.8238,0.4333,54.7143,0
Salta,2023,36,18.1762,0.1333,69.4286,0
Salta,2023,37,21.5571,0.0,41.2381,1
Salta,2023,38,25.1429,0.0,47.1429,1
Salta,2023,39,21.1381,3.6333,56.0952,0
Salta,2023,40,22.6524,0.0,43.9524,1
Salta,2023,41,23.2,0.0,39.4762,0
Salta,2023,42,26.1952,0.4333,52.5714,1
Salta,2023,43,24.4762,9.2,69.5238,0
Salta,2023,44,22.0571,3.6,58.5714,0
Salta,2023,45,30.1,15.6667,45.5714,0
Salta,2023,46,27.2381,0.0,56.0476,0
Salta,2023,47,25.2238,25.8333,67.381,0
Salta,2023,48,28.5,27.5667,64.1905,1
Salta,2023,49,23.1238,22.9667,74.6667,1
Salta,2023,50,29.2762,6.2333,62.6667,0
Salta,2023,51,24.9048,85.4333,79.6667,3
Salta,2023,52,25.6857,60.7,76.8571,3
Salta,2024,1,26.9143,29.6667,73.9048,12
Salta,2024,2,27.4429,25.4333,72.4762,12
Salta,2024,3,27.1619,64.6333,71.9524,28
Salta,2024,4,25.6095,0.0,64.3333,50
Salta,2024,5,29.5905,5.4,55.0476,89
Salta,2024,6,27.3143,74.0333,69.7619,219
Salta,2024,7,25.281,74.7333,77.381,409
Salta,2024,8,25.1095,22.2667,76.619,782
Salta,2024,9,26.8571,21.1,75.9048,1002
Salta,2024,10,25.2619,37.7,82.8571,1434
Salta,2024,11,28.7619,22.9667,74.619,2035
Salta,2024,12,24.8048,2.9667,76.0952,2891
Salta,2024,13,26.0476,8.1333,69.0476,2565
Salta,2024,14,23.0905,33.9667,84.8571,3243
Salta,2024,15,19.4429,27.2,89.0952,3437
Salta,2024,16,20.2762,1.3333,75.0476,2492
Salta,2024,17,21.5762,6.6,85.7619,1414
Salta,2024,18,18.9476,6.9,84.0952,970
Salta,2024,19,17.519,1.2,81.8571,655
Salta,2024,20,11.3667,0.3333,78.4762,259
Salta,2024,21,12.2952,1.6667,78.6667,68
Salta,2024,22,12.981,0.0,73.381,18
Salta,2024,23,16.8571,0.0,70.8571,9
Salta,2024,24,20.2286,0.0,72.0476,4
Salta,2024,25,17.7048,2.3333,73.619,7
Salta,2024,26,10.7286,3.6,73.1429,7
Salta,2024,27,13.219,0.0,61.5238,1
Salta,2024,28,8.2143,0.0,60.1429,0
Salta,2024,29,12.6238,0.0,63.0,0
Salta,2024,30,17.0667,0.0333,66.1429,0
Salta,2024,31,18.4476,0.0,57.3333,0
Salta,2024,32,14.4714,1.9333,56.5238,0
Salta,2024,33,16.5381,0.0,50.1429,0
Salta,2024,34,14.2524,0.0667,66.381,0
Salta,2024,35,15.9476,0.0,51.381,0
Salta,2024,36,19.7381,0.0,48.4762,0
Salta,2024,37,20.8857,0.0,53.0952,0
Salta,2024,38,24.4619,0.0,43.1905,0
Salta,2024,39,23.5143,4.5333,52.5714,0
Salta,2024,40,25.5524,0.0,39.619,0
Salta,2024,41,22.1,35.4667,72.9524,0
Salta,2024,42,25.2,27.8,69.5714,0
Salta,2024,43,24.9429,1.0,55.1905,0
Salta,2024,44,25.8,83.2333,63.4286,1
Salta,2024,45,23.4333,72.2667,80.9048,0
Salta,2024,46,23.419,33.4,61.4286,0
Salta,2024,47,23.0143,7.0667,81.0,1
Salta,2024,48,27.0476,47.2,77.6667,0
Salta,2024,49,23.019,8.3,70.2381,0
Salta,2024,50,23.4905,1.4,74.381,0
Salta,2024,51,26.3429,22.3667,62.0476,0
Salta,2024,52,24.3,9.8667,66.619,0
Salta,2025,1,26.3048,19.8333,69.0,1
Salta,2025,2,25.6333,45.8,69.619,0
Salta,2025,3,27.9571,12.3333,55.1905,0
Salta,2025,4,26.9619,43.6333,67.2857,1
Salta,2025,5,26.9857,20.3333,69.8571,0
Salta,2025,6,29.3143,11.4667,55.8571,1
Salta,2025,7,28.4048,24.6,62.5714,0
Salta,2025,8,25.2857,57.6667,78.381,1
Salta,2025,9,27.3619,30.8,69.8571,3
Salta,2025,10,25.6048,71.3333,71.9048,3
Salta,2025,11,19.8952,30.7,89.2857,6
Salta,2025,12,22.5,36.4,88.0,1
Salta,2025,13,21.281,33.2333,89.0,2
Salta,2025,14,17.1762,11.4667,80.2381,1
Salta,2025,15,18.9,0.7333,80.5714,1
Salta,2025,16,20.7,18.0667,83.2857,1
Salta,2025,17,19.519,11.3667,88.8571,0
Salta,2025,18,19.4476,5.0333,84.0476,1
Salta,2025,19,20.5857,5.6667,86.1429,0
Salta,2025,20,20.6429,0.0,80.7619,0
Salta,2025,21,17.4238,8.3667,85.6667,0
Salta,2025,22,12.9429,1.4333,77.5714,0
Salta,2025,23,15.4,0.2667,81.3333,0
Salta,2025,24,13.9333,0.0,78.3333,0
Salta,2025,25,12.6381,1.7,77.4286,0
Salta,2025,26,9.8619,2.5,72.8571,0
Salta,2025,27,9.3095,0.0667,76.8571,0
Salta,2025,28,17.0143,2.2333,78.0,0
Salta,2025,29,15.0143,0.0,72.1429,0
Salta,2025,30,15.3714,0.5333,79.3333,0
Salta,2025,31,16.5714,0.0,66.0952,0
Salta,2025,32,14.1905,8.0333,68.4286,0
Salta,2025,33,15.7571,0.0,64.6667,0
Salta,2025,34,17.5143,0.0,52.0952,0
Salta,2025,35,17.0143,0.0,48.0476,0
Salta,2025,36,15.4571,0.2667,55.4762,0
Salta,2025,37,21.8905,0.2667,49.619,0
Salta,2025,38,26.3048,2.4667,57.8095,0
Salta,2025,39,22.2857,0.0,42.5238,0
Salta,2025,40,24.5667,5.1667,51.7619,0
Salta,2025,41,21.4524,0.0,35.754,0
Salta,2025,42,24.2151,41.3667,51.8175,0
San Juan,2018,1,26.6857,0.0,34.1429,0
San Juan,2018,2,25.5643,12.5,54.6429,0
San Juan,2018,3,25.0071,5.0,47.2143,0
San Juan,2018,4,25.3929,14.4,53.7857,0
San Juan,2018,5,27.6429,1.5,51.7857,0
San Juan,2018,6,27.3,0.0,39.6429,0
San Juan,2018,7,26.1357,7.5,47.1429,0
San Juan,2018,8,23.2214,4.25,56.5714,0
San Juan,2018,9,23.6,17.0,54.0714,0
San Juan,2018,10,23.1429,0.0,47.1429,0
San Juan,2018,11,21.5286,0.0,37.1429,0
San Juan,2018,12,19.6714,0.0,38.3571,0
San Juan,2018,13,19.8643,4.0,47.0,0
San Juan,2018,14,19.0714,0.0,51.9286,0
San Juan,2018,15,19.0107,0.0,50.7857,0
San Juan,2018,16,20.3786,0.0,54.1429,0
San Juan,2018,17,18.6571,0.0,54.8571,0
San Juan,2018,18,14.7286,0.25,68.8571,0
San Juan,2018,19,14.1143,0.05,70.5714,0
San Juan,2018,20,12.3452,0.0,56.1905,0
San Juan,2018,21,10.55,0.0,62.0,0
San Juan,2018,22,7.7,0.1,67.2143,0
San Juan,2018,23,8.4143,0.0,52.7143,0
San Juan,2018,24,4.5512,0.0,58.5238,0
San Juan,2018,25,7.5929,0.0,60.1429,0
San Juan,2018,26,9.206,0.0,55.6429,0
San Juan,2018,27,4.85,4.55,81.4286,0
San Juan,2019,1,27.1143,14.0,44.5714,0
San Juan,2019,2,23.3429,5.0,45.7143,0
San Juan,2019,3,22.4857,3.2,58.2857,0
San Juan,2019,4,30.2286,3.5,45.631,0
San Juan,2019,5,27.0167,14.0,55.381,0
San Juan,2019,6,27.5976,1.75,50.2738,0
San Juan,2019,7,23.0964,0.25,43.6429,0
San Juan,2019,8,28.8631,0.0,43.3571,0
San Juan,2019,9,23.8845,0.0,39.7381,0
San Juan,2019,10,22.0333,5.75,55.2976,0
San Juan,2019,11,20.6857,4.0,57.5714,0
San Juan,2019,12,19.2714,0.0,45.1429,0
San Juan,2019,13,19.9857,0.0,56.7143,0
San Juan,2019,14,21.5369,0.0,46.5952,0
San Juan,2019,15,20.6905,0.0,42.9524,0
San Juan,2019,16,20.044,0.0,52.8571,0
San Juan,2019,17,14.9738,0.4,72.4762,0
San Juan,2019,18,15.3405,1.0,64.0476,0
San Juan,2019,19,15.1988,0.0,61.5119,0
San Juan,2019,20,13.2655,3.0,61.9881,0
San Juan,2019,21,8.644,1.0,61.7143,0
San Juan,2019,22,9.2571,0.0,60.4524,0
San Juan,2019,23,10.275,0.0,62.4643,0
San Juan,2019,24,6.7595,0.0,67.8452,0
San Juan,2019,25,7.1226,0.0,46.7738,0
San Juan,2019,26,8.2405,0.0,47.0238,0
San Juan,2019,27,5.3762,0.0,56.4286,0
San Juan,2019,28,7.5286,0.0,64.5595,0
San Juan,2019,29,10.1595,0.0,50.9524,0
San Juan,2019,30,6.8095,0.0,42.0357,0
San Juan,2019,31,9.5786,0.0,38.6786,0
San Juan,2019,32,9.2048,0.0,29.0595,0
San Juan,2019,33,9.1333,0.0,40.5714,0
San Juan,2019,34,11.2476,0.0,54.4286,0
San Juan,2019,35,16.1952,0.0,36.25,0
San Juan,2019,36,9.6524,0.0,38.7857,0
San Juan,2019,37,12.1845,0.35,51.9643,0
San Juan,2019,38,13.6464,0.0,31.8571,0
San Juan,2019,39,21.6071,0.0,28.7024,0
San Juan,2019,40,15.8512,0.0,29.8929,0
San Juan,2019,41,22.6619,0.0,30.369,0
San Juan,2019,42,15.2143,1.0,49.7143,0
San Juan,2019,43,22.4583,0.0,34.5119,0
San Juan,2019,44,22.706,0.0,35.9405,0
San Juan,2019,45,24.3821,0.0,41.1905,0
San Juan,2019,46,27.6321,0.0,44.5476,0
San Juan,2019,47,26.8202,4.5,44.75,0
San Juan,2019,48,24.2095,0.0,34.3333,0
San Juan,2019,49,24.8524,3.5,31.6905,0
San Juan,2019,50,27.3143,0.0,25.8571,0
San Juan,2019,51,27.1714,0.0,32.4286,0
San Juan,2019,52,28.5714,0.0,33.5714,0
San Juan,2020,1,29.4286,18.0833,41.8571,0
San Juan,2020,2,27.5595,0.0,32.7262,0
San Juan,2020,3,27.5714,14.5,44.2143,0
San Juan,2020,4,30.756,10.5,38.6905,0
San Juan,2020,5,26.7214,3.25,45.7619,0
San Juan,2020,6,26.4226,12.35,53.2976,0
San Juan,2020,7,24.8774,0.25,57.2262,0
San Juan,2020,8,23.9179,0.0,42.5,0
San Juan,2020,9,26.4631,0.0,36.8571,0
San Juan,2020,10,28.6738,0.0,42.3095,0
San Juan,2020,11,26.2238,10.0,48.5952,5
San Juan,2020,12,23.4226,0.0,45.9286,5
San Juan,2020,13,21.9571,15.5,59.4762,1
San Juan,2020,14,19.2024,1.8,68.7976,2
San Juan,2020,15,17.7726,0.0,50.3929,2
San Juan,2020,16,18.4071,0.0,52.5952,7
San Juan,2020,17,18.5976,0.0,54.3571,12
San Juan,2020,18,16.6964,0.0,58.9048,24
San Juan,2020,19,13.7798,0.0,52.3214,23
San Juan,2020,20,12.1476,0.0,48.4762,14
San Juan,2020,21,10.3476,3.15,57.9762,4
San Juan,2020,22,11.3429,0.2,53.7262,1
San Juan,2020,23,7.7762,4.0,60.3095,1
San Juan,2020,24,11.3012,0.0,48.5,0
San Juan,2020,25,10.2512,0.0,44.4762,1
San Juan,2020,26,5.8071,0.0,65.0,0
San Juan,2020,27,6.681,0.0,57.3929,0
San Juan,2020,28,7.3607,0.0,56.1071,0
San Juan,2020,29,9.1619,0.0,53.4048,0
San Juan,2020,30,6.2821,1.5,65.9286,0
San Juan,2020,31,8.7464,0.0,44.881,0
San Juan,2020,32,10.9833,0.0,48.0714,0
San Juan,2020,33,8.4143,0.0,35.7381,0
San Juan,2020,34,8.0571,0.0,38.9643,0
San Juan,2020,35,11.6893,0.0,41.7143,0
San Juan,2020,36,11.0429,0.0,42.4429,0
San Juan,2020,37,16.7607,0.0,35.4167,0
San Juan,2020,38,15.8702,0.0,27.2619,0
San Juan,2020,39,18.5083,0.0,33.3571,0
San Juan,2020,40,17.2107,0.0,31.1667,0
San Juan,2020,41,18.9571,0.0,29.25,0
San Juan,2020,42,21.894,2.5,39.9643,0
San Juan,2020,43,22.6214,0.0,41.2024,0
San Juan,2020,44,20.8071,0.0,29.9048,0
San Juan,2020,45,24.8071,0.0,29.0833,0
San Juan,2020,46,24.0036,0.0,46.9643,0
San Juan,2020,47,21.8107,11.15,47.4643,0
San Juan,2020,48,26.294,0.0,38.0595,0
San Juan,2020,49,24.3869,0.25,35.5,0
San Juan,2020,50,28.4774,0.0,25.7857,0
San Juan,2020,51,26.3905,1.5,27.4524,0
San Juan,2020,52,28.3357,1.1,35.3214,0
San Juan,2020,53,26.7881,0.0,41.2262,0
San Juan,2021,1,24.694,3.5,48.7024,0
San Juan,2021,2,25.3369,0.0,43.119,0
San Juan,2021,3,28.5464,0.0,28.9405,0
San Juan,2021,4,26.0,8.5,43.4524,0
San Juan,2021,5,22.8798,2.5,47.1429,0
San Juan,2021,6,21.1679,9.0,64.0357,0
San Juan,2021,7,23.8976,0.0,50.4881,0
San Juan,2021,8,26.994,1.5,45.1786,0
San Juan,2021,9,24.5726,6.0,58.4524,0
San Juan,2021,10,24.8083,5.5,50.4524,0
San Juan,2021,11,17.5655,3.1,70.4167,0
San Juan,2021,12,17.6,0.35,60.8452,0
San Juan,2021,13,20.7405,0.0,52.3929,0
San Juan,2021,14,19.6464,0.2,65.7857,0
San Juan,2021,15,19.2857,0.0,52.9286,0
San Juan,2021,16,18.1143,0.0,59.1429,0
San Juan,2021,17,16.8857,0.0,55.5119,0
San Juan,2021,18,11.419,0.0,59.9048,0
San Juan,2021,19,12.8583,0.5,63.2857,0
San Juan,2021,20,12.2274,0.0,63.9762,0
San Juan,2021,21,11.55,0.0,43.4286,0
San Juan,2021,22,12.844,0.0,53.0952,0
San Juan,2021,23,9.594,0.0,61.3095,0
San Juan,2021,24,4.8726,0.25,68.0,0
San Juan,2021,25,7.2464,1.5,56.0714,0
San Juan,2021,26,5.525,0.0,52.881,0
San Juan,2021,27,9.7262,0.0,52.2143,0
San Juan,2021,28,7.6917,0.0,49.9762,0
San Juan,2021,29,8.4107,0.0,37.7143,0
San Juan,2021,30,5.706,0.0,46.25,0
San Juan,2022,1,29.8857,0.0,37.0,0
San Juan,2022,2,32.7857,0.0,32.8571,0
San Juan,2022,3,24.4286,0.0,50.1429,0
San Juan,2022,4,26.4286,18.0,59.0,0
San Juan,2022,5,23.7167,18.1667,49.0,0
San Juan,2022,6,24.0143,0.0,47.0,0
San Juan,2022,7,26.9071,5.5,37.6429,0
San Juan,2022,8,23.0429,4.0,56.5,0
San Juan,2022,9,25.8357,0.0,44.3571,0
San Juan,2022,10,22.9143,12.0,45.3571,0
San Juan,2022,11,22.0786,0.0,48.5714,0
San Juan,2022,12,19.7,0.0,39.7857,0
San Juan,2022,13,17.25,0.0,34.2143,0
San Juan,2022,14,19.8786,0.0,47.7143,0
San Juan,2022,15,17.1143,0.0,50.4286,0
San Juan,2022,16,17.75,0.0,49.1429,0
San Juan,2022,17,14.75,0.0,36.3571,0
San Juan,2022,18,13.5786,0.0,47.9286,0
San Juan,2022,19,14.0643,0.0,58.2857,0
San Juan,2022,20,9.9,0.0,47.4286,0
San Juan,2022,21,8.5214,0.0,64.2143,0
San Juan,2022,22,6.9857,0.0,52.1429,0
San Juan,2022,23,9.0857,0.0,52.2143,0
San Juan,2022,24,6.4143,0.0,50.7143,0
San Juan,2022,25,5.2,1.5,64.5714,0
San Juan,2022,26,7.4714,0.0,54.2857,0
San Juan,2022,27,9.9429,0.0,40.5714,0
San Juan,2022,28,5.7071,4.0,56.8571,0
San Juan,2022,29,9.3786,0.0,50.5,0
San Juan,2022,30,10.7214,0.05,64.8571,0
San Juan,2022,31,9.2143,0.15,59.1429,0
San Juan,2022,32,10.55,0.0,49.2143,0
San Juan,2022,33,11.9929,0.0,35.9286,0
San Juan,2022,34,12.7143,0.0,35.2143,0
San Juan,2022,35,12.65,0.0,32.9286,0
San Juan,2022,36,14.2643,0.0,29.0714,0
San Juan,2022,37,16.6,0.0,30.3571,0
San Juan,2022,38,12.7929,0.0,44.9286,0
San Juan,2022,39,16.3357,14.25,54.4286,0
San Juan,2022,40,19.1214,0.0,32.2143,0
San Juan,2022,41,17.4357,0.0,26.7857,0
San Juan,2022,42,17.9071,3.25,50.2143,0
San Juan,2022,43,23.1714,0.0,28.7143,0
San Juan,2022,44,20.3429,0.0,23.5,0
San Juan,2022,45,23.3786,0.15,46.5,0
San Juan,2022,46,26.6214,0.25,33.3571,0
San Juan,2022,47,27.6429,0.0,29.2143,0
San Juan,2022,48,26.706,0.95,44.119,0
San Juan,2022,49,31.2833,0.25,35.9405,0
San Juan,2022,50,27.2548,2.0,37.881,0
San Juan,2023,1,28.1607,3.25,37.4524,0
San Juan,2023,2,27.2738,10.9,40.6905,0
San Juan,2023,3,27.644,0.0,50.2262,0
San Juan,2023,4,27.65,21.0,48.9048,0
San Juan,2023,5,26.7286,7.9,52.8571,0
San Juan,2023,6,30.4,0.0,40.4286,0
San Juan,2023,7,22.9429,0.0,33.7143,0
San Juan,2023,8,26.6143,0.0,37.1429,0
San Juan,2023,9,27.9857,1.0,37.5714,0
San Juan,2023,10,28.2036,10.8,48.8214,0
San Juan,2023,11,26.2179,5.0,61.1667,0
San Juan,2023,12,21.2476,13.55,79.3929,0
San Juan,2023,13,20.8631,0.0,59.3095,0
San Juan,2023,14,22.2488,0.0,60.0119,1
San Juan,2023,15,17.5857,0.0,63.4524,1
San Juan,2023,16,16.7857,4.1,53.1429,0
San Juan,2023,17,18.5571,0.0,61.7143,1
San Juan,2023,18,12.3214,0.0,53.2262,0
San Juan,2023,19,15.3786,0.0,57.7857,1
San Juan,2023,20,15.45,0.05,60.1429,0
San Juan,2023,21,12.2357,1.55,72.0714,0
San Juan,2023,22,12.3643,0.0,65.1548,0
San Juan,2023,23,13.1024,0.0,58.4286,1
San Juan,2023,24,4.6095,0.0,53.8929,0
San Juan,2023,25,10.3488,0.0,63.0476,0
San Juan,2023,26,9.5536,0.0,53.9405,0
San Juan,2023,27,10.1488,0.0,61.5357,0
San Juan,2023,28,5.7714,0.0,75.1429,0
San Juan,2023,29,7.9857,0.0,57.0,0
San Juan,2023,30,10.1667,0.0,51.5476,0
San Juan,2023,31,13.3036,0.0,48.619,0
San Juan,2023,32,11.3548,0.0,39.5119,0
San Juan,2023,33,14.719,0.0,47.0833,0
San Juan,2023,34,13.769,0.0,51.0238,0
San Juan,2023,35,14.5369,0.0,33.4405,0
San Juan,2023,36,13.8512,0.0,51.4405,0
San Juan,2023,37,18.2048,0.0,30.8929,0
San Juan,2023,38,16.1786,0.0,43.6071,0
San Juan,2023,39,16.0821,0.0,38.0238,0
San Juan,2023,40,18.331,0.0,34.4762,0
San Juan,2023,41,19.4869,0.0,35.619,0
San Juan,2023,42,21.5833,0.0,36.0595,0
San Juan,2023,43,22.65,0.0,45.6786,0
San Juan,2023,44,16.8226,0.45,42.3571,0
San Juan,2023,45,26.1667,0.0,23.8452,0
San Juan,2023,46,22.7369,0.0,22.5238,0
San Juan,2023,47,26.2702,0.25,35.8214,0
San Juan,2023,48,27.1857,0.0,34.4286,0
San Juan,2023,49,25.0881,0.0,37.381,1
San Juan,2023,50,31.3226,0.0,30.7738,1
San Juan,2023,51,23.7571,0.0,46.5595,0
San Juan,2023,52,28.8667,0.0,34.8214,1
San Juan,2024,1,28.9667,1.75,42.119,2
San Juan,2024,2,27.3857,0.0,50.6071,1
San Juan,2024,3,28.7798,1.0,39.3929,1
San Juan,2024,4,30.4595,0.0,35.1905,3
San Juan,2024,5,32.125,0.0,33.7024,5
San Juan,2024,6,28.5571,22.5,57.7143,4
San Juan,2024,7,28.2143,0.0,46.5714,6
San Juan,2024,8,26.2114,4.6667,47.5714,4
San Juan,2024,9,27.7952,2.0,48.9167,30
San Juan,2024,10,26.669,0.15,47.5357,44
San Juan,2024,11,27.006,0.0,47.2262,120
San Juan,2024,12,24.3702,0.0,39.381,268
San Juan,2024,13,25.1179,10.5,51.0119,220
San Juan,2024,14,21.0036,0.0,48.0,233
San Juan,2024,15,15.2071,10.95,64.6667,368
San Juan,2024,16,17.6488,0.0,58.5238,476
San Juan,2024,17,14.9757,0.0,63.2429,183
San Juan,2024,18,13.8429,0.0,48.2857,107
San Juan,2024,19,11.269,0.1,53.0595,67
San Juan,2024,20,7.2024,0.25,64.0,6
San Juan,2024,21,8.0333,2.05,67.5833,7
San Juan,2024,22,8.6083,0.0,60.0952,0
San Juan,2024,23,10.45,0.0,52.369,0
San Juan,2024,24,13.281,0.0,53.1071,0
San Juan,2024,25,13.4048,0.0,45.4524,0
San Juan,2024,26,7.3048,0.0,44.0357,0
San Juan,2024,27,5.4083,0.0,48.3214,0
San Juan,2024,28,2.5476,0.0,56.5595,0
San Juan,2024,29,6.6155,0.0,45.1548,0
San Juan,2024,30,10.2548,0.0,37.9762,0
San Juan,2024,31,10.7643,0.0,36.5595,0
San Juan,2024,32,9.3452,0.0,42.8214,0
San Juan,2024,33,10.6762,0.0,42.3095,0
San Juan,2024,34,6.281,0.15,68.0952,0
San Juan,2024,35,10.6536,11.7,56.631,0
San Juan,2024,36,16.5714,0.0,36.3333,0
San Juan,2024,37,16.3488,0.0,34.1429,0
San Juan,2024,38,21.144,0.0,23.4405,0
San Juan,2024,39,17.6667,0.0,37.131,0
San Juan,2024,40,20.4321,3.5,28.9524,0
San Juan,2024,41,17.0929,22.05,65.6667,0
San Juan,2024,42,24.5595,0.0,48.1905,0
San Juan,2024,43,19.7321,0.7,46.3214,0
San Juan,2024,44,27.1202,0.0,34.5,0
San Juan,2024,45,24.9429,0.0,39.9762,0
San Juan,2024,46,25.156,0.0,30.881,0
San Juan,2024,47,25.5071,0.0,43.5119,0
San Juan,2024,48,25.756,0.0,36.7976,0
San Juan,2024,49,24.019,0.0,31.9524,0
San Juan,2024,50,27.7452,0.0,30.0476,0
San Juan,2024,51,26.9583,5.0,37.869,0
San Juan,2024,52,28.006,9.1,35.1429,0
San Juan,2025,1,29.3774,0.05,38.7024,0
San Juan,2025,2,27.2429,2.25,48.5833,0
San Juan,2025,3,28.119,1.05,42.1071,0
San Juan,2025,4,29.2071,2.85,36.9643,0
San Juan,2025,5,29.5893,2.15,43.3571,0
San Juan,2025,6,30.7786,0.0,40.1667,0
San Juan,2025,7,28.9429,0.0,36.0,0
San Juan,2025,8,29.7714,0.0,37.7143,0
San Juan,2025,9,28.2429,0.0,54.1429,1
San Juan,2025,10,25.8529,23.0,58.3571,0
San Juan,2025,11,21.3417,0.15,56.6786,0
San Juan,2025,12,25.0429,1.5,50.5833,0
San Juan,2025,13,17.3464,0.0,69.2857,0
San Juan,2025,14,16.0048,0.0,45.3929,1
San Juan,2025,15,17.7202,0.0,56.75,0
San Juan,2025,16,17.6595,0.0,58.8095,0
San Juan,2025,17,17.5976,0.0,54.1786,0
San Juan,2025,18,16.719,0.0,55.0119,0
San Juan,2025,19,15.2357,0.0,58.5,0
San Juan,2025,20,16.0476,0.0,59.9167,0
San Juan,2025,21,10.5464,0.0,53.5476,0
San Juan,2025,22,7.7988,1.6,64.3452,0
San Juan,2025,23,9.8774,0.0,58.381,0
San Juan,2025,24,9.9369,0.0,57.6548,0
San Juan,2025,25,8.5095,0.0,53.9524,0
San Juan,2025,26,5.3762,0.05,46.3095,0
San Juan,2025,27,4.2286,0.0,61.0952,0
San Juan,2025,28,9.0274,0.0,58.8214,0
San Juan,2025,29,10.1464,0.0,42.9048,0
San Juan,2025,30,8.6845,0.4,62.5714,0
San Juan,2025,31,11.0298,0.0,50.5952,0
San Juan,2025,32,9.3012,0.0,52.0357,0
San Juan,2025,33,12.6917,0.0,46.0595,0
San Juan,2025,34,12.056,2.0,43.5119,0
San Juan,2025,35,13.5881,25.85,39.7857,0
San Juan,2025,36,10.9357,0.0,59.1786,0
San Juan,2025,37,17.5155,0.0,39.119,0
San Juan,2025,38,19.7869,0.0,44.6071,0
San Juan,2025,39,17.6643,0.0,39.619,0
San Juan,2025,40,22.4119,0.0,33.5595,0
San Juan,2025,41,19.9119,0.0,26.7857,0
San Juan,2025,42,22.0012,0.0,34.8929,0
San Luis,2018,1,24.1143,10.6,49.7143,0
San Luis,2018,2,25.8429,11.5,54.7857,0
San Luis,2018,3,22.7,75.05,61.9286,0
San Luis,2018,4,22.4357,11.6,62.8571,0
San Luis,2018,5,26.5286,0.0,56.2857,0
San Luis,2018,6,24.0214,7.15,54.3571,0
San Luis,2018,7,24.4143,11.5,54.5714,0
San Luis,2018,8,20.7357,36.5,66.1429,0
San Luis,2018,9,22.5357,9.5,63.0714,0
San Luis,2018,10,21.8286,0.0,54.6429,0
San Luis,2018,11,19.9429,0.0,46.5714,0
San Luis,2018,12,17.5714,0.2,46.3571,0
San Luis,2018,13,19.6143,37.75,55.6429,0
San Luis,2018,14,17.9143,5.75,70.3571,0
San Luis,2018,15,18.6429,0.0,64.6429,0
San Luis,2018,16,20.0786,38.05,69.4286,0
San Luis,2018,17,18.5143,1.75,76.6429,0
San Luis,2018,18,15.0286,6.8,89.5714,0
San Luis,2018,19,15.05,34.5,84.0,0
San Luis,2018,20,12.3214,0.0,64.9286,0
San Luis,2018,21,11.7714,0.0,68.3571,0
San Luis,2018,22,8.7429,17.0,80.9286,0
San Luis,2018,23,8.3214,0.0,64.1429,0
San Luis,2018,24,4.3929,4.7,69.6429,0
San Luis,2018,25,9.2571,0.0,57.7857,0
San Luis,2018,26,10.4,1.5,66.0,0
San Luis,2018,27,5.7429,3.1,83.4286,0
San Luis,2019,1,24.7786,21.0,59.7143,0
San Luis,2019,2,20.3929,3.0,67.5714,0
San Luis,2019,3,20.4214,38.25,68.5,0
San Luis,2019,4,27.1143,2.5,69.6429,0
San Luis,2019,5,25.35,12.3,65.8571,0
San Luis,2019,6,24.7286,9.5,65.2143,0
San Luis,2019,7,20.8143,0.0,62.7143,0
San Luis,2019,8,25.6571,1.1,61.4286,0
San Luis,2019,9,22.1286,18.0,57.2857,0
San Luis,2019,10,19.3857,32.1,77.1429,0
San Luis,2019,11,18.1714,44.0,77.1429,0
San Luis,2019,12,16.6286,2.7,66.0714,0
San Luis,2019,13,17.35,21.5,76.7857,0
San Luis,2019,14,19.1286,0.0,60.7143,0
San Luis,2019,15,18.8429,27.5,57.1429,0
San Luis,2019,16,17.4143,14.5,73.5,0
San Luis,2019,17,13.9643,13.0,86.7857,0
San Luis,2019,18,15.9857,3.15,74.0,0
San Luis,2019,19,14.85,10.15,75.3571,0
San Luis,2019,20,13.3714,0.0,66.9286,0
San Luis,2019,21,9.0429,10.65,74.2143,0
San Luis,2019,22,9.5,0.0,81.0,0
San Luis,2019,23,11.4071,0.0,65.5714,0
San Luis,2019,24,9.0357,13.5,85.1429,0
San Luis,2019,25,9.95,0.0,67.7143,0
San Luis,2019,26,7.7286,1.5,60.7857,0
San Luis,2019,27,5.8143,0.0,63.0714,0
San Luis,2019,28,9.6071,0.0,71.0,0
San Luis,2019,29,10.9571,0.0,61.3571,0
San Luis,2019,30,7.4571,0.0,56.4286,0
San Luis,2019,31,9.7286,0.0,48.2857,0
San Luis,2019,32,9.7857,0.0,40.2857,0
San Luis,2019,33,9.1786,0.0,52.7857,0
San Luis,2019,34,11.7786,0.0,58.4286,0
San Luis,2019,35,14.9786,0.0,51.7857,0
San Luis,2019,36,9.5071,0.5,46.4286,0
San Luis,2019,37,11.9571,14.5,65.0,0
San Luis,2019,38,13.5143,0.0,32.0,0
San Luis,2019,39,22.2857,0.0,33.1429,0
San Luis,2019,40,13.8857,0.25,41.0714,0
San Luis,2019,41,21.4929,2.0,46.0714,0
San Luis,2019,42,14.2143,2.65,64.1429,0
San Luis,2019,43,20.3429,17.55,52.2143,0
San Luis,2019,44,20.7,0.05,46.0,0
San Luis,2019,45,22.5643,15.5,48.5714,0
San Luis,2019,46,24.8833,37.0,56.1786,0
San Luis,2019,47,23.9571,55.15,63.5,0
San Luis,2019,48,21.1929,0.0,52.2143,0
San Luis,2019,49,21.8286,4.75,46.9286,0
San Luis,2019,50,25.2071,0.2,36.0,0
San Luis,2019,51,24.5857,44.5,45.1429,0
San Luis,2019,52,25.6857,0.0,54.6429,0
San Luis,2020,1,26.6571,4.55,54.0714,0
San Luis,2020,2,24.6143,10.0,53.9286,0
San Luis,2020,3,25.3286,20.5,56.2857,0
San Luis,2020,4,27.1214,12.0,56.2143,0
San Luis,2020,5,25.3714,20.5,53.0714,0
San Luis,2020,6,24.0714,42.5,73.4286,0
San Luis,2020,7,24.05,7.0,66.1429,0
San Luis,2020,8,20.3214,0.35,57.7857,1
San Luis,2020,9,24.1214,0.0,46.2143,0
San Luis,2020,10,26.9286,0.25,50.5714,1
San Luis,2020,11,22.5929,23.05,69.0714,3
San Luis,2020,12,21.9857,6.85,63.2857,3
San Luis,2020,13,21.9714,44.5,70.6429,10
San Luis,2020,14,18.9929,15.0,72.1429,4
San Luis,2020,15,17.05,10.5,57.2857,2
San Luis,2020,16,17.8714,0.0,60.2143,3
San Luis,2020,17,18.7643,6.6,71.0714,0
San Luis,2020,18,16.1929,1.0,66.5714,0
San Luis,2020,19,13.3286,0.0,59.4286,0
San Luis,2020,20,14.4214,0.0,48.7143,0
San Luis,2020,21,12.2,0.0,58.3571,0
San Luis,2020,22,11.25,0.0,56.2857,0
San Luis,2020,23,9.0714,0.35,62.3571,0
San Luis,2020,24,11.1,0.0,60.3571,0
San Luis,2020,25,11.3357,0.0,49.9286,0
San Luis,2020,26,6.8857,3.6,67.0714,0
San Luis,2020,27,6.8857,0.6,68.5714,0
San Luis,2020,28,7.1429,0.0,59.6429,0
San Luis,2020,29,8.9643,0.0,65.0714,0
San Luis,2020,30,6.75,6.0,76.0,0
San Luis,2020,31,9.6929,0.0,48.5714,0
San Luis,2020,32,14.0571,0.0,53.3571,0
San Luis,2020,33,9.3571,0.0,33.4286,0
San Luis,2020,34,9.5857,0.0,34.6548,0
San Luis,2020,35,12.9357,0.15,48.4286,0
San Luis,2020,36,10.6786,0.0,56.6429,0
San Luis,2020,37,15.6214,0.0,42.5,0
San Luis,2020,38,15.5571,0.0,29.8571,0
San Luis,2020,39,18.1643,6.95,47.2143,0
San Luis,2020,40,15.55,0.0,41.7143,0
San Luis,2020,41,18.1571,0.0,34.2143,0
San Luis,2020,42,25.1643,0.0,35.3571,0
San Luis,2020,43,18.0571,10.2,68.4286,0
San Luis,2020,44,19.6714,0.0,38.3571,0
San Luis,2020,45,24.2429,0.35,38.5714,0
San Luis,2020,46,20.6714,100.0,66.5,0
San Luis,2020,47,21.6,16.5,54.2143,0
San Luis,2020,48,23.6857,16.65,52.2857,0
San Luis,2020,49,21.2643,14.0,47.6429,0
San Luis,2020,50,25.6286,5.5,38.2857,0
San Luis,2020,51,22.6214,22.0,42.5714,0
San Luis,2020,52,26.9571,33.85,44.1429,0
San Luis,2020,53,23.3286,37.75,60.7143,0
San Luis,2021,1,20.8643,44.25,68.7143,0
San Luis,2021,2,21.8571,32.75,61.9286,0
San Luis,2021,3,25.8929,0.0,48.6429,0
San Luis,2021,4,22.2714,76.25,70.8571,0
San Luis,2021,5,20.4286,4.55,67.0,0
San Luis,2021,6,19.7429,17.85,76.7857,0
San Luis,2021,7,20.95,24.0,68.8571,0
San Luis,2021,8,23.8357,25.85,64.3571,0
San Luis,2021,9,24.25,1.15,69.4286,0
San Luis,2021,10,22.4357,37.5,69.3571,2
San Luis,2021,11,16.6786,45.85,77.8571,0
San Luis,2021,12,16.8286,12.35,71.3571,0
San Luis,2021,13,18.5429,0.0,67.0714,0
San Luis,2021,14,18.9,10.0,78.5714,2
San Luis,2021,15,18.9929,0.0,67.9286,0
San Luis,2021,16,17.3929,24.0,73.7143,1
San Luis,2021,17,15.9214,0.0,65.2857,1
San Luis,2021,18,11.3857,0.0,66.4286,1
San Luis,2021,19,11.9,0.0,65.3571,0
San Luis,2021,20,12.0714,7.65,74.1429,0
San Luis,2021,21,11.1286,0.0,57.0,0
San Luis,2021,22,12.55,0.0,61.6429,0
San Luis,2021,23,11.2857,0.0,70.0714,0
San Luis,2021,24,4.6286,15.8,81.5,0
San Luis,2021,25,7.4,2.4,71.3571,0
San Luis,2021,26,6.4357,0.0,52.7143,0
San Luis,2021,27,11.9,1.25,62.7857,0
San Luis,2021,28,8.7929,0.5,50.6429,0
San Luis,2021,29,9.7143,0.0,52.5,0
San Luis,2021,30,6.5429,0.0,47.8571,0
San Luis,2022,1,26.3429,1.0,45.4286,0
San Luis,2022,2,30.9714,0.05,35.1429,0
San Luis,2022,3,21.4071,95.5,76.7857,0
San Luis,2022,4,24.1286,24.6,65.6429,0
San Luis,2022,5,21.4857,20.15,65.1429,0
San Luis,2022,6,21.1429,17.5,59.7143,0
San Luis,2022,7,23.5786,9.25,57.2857,0
San Luis,2022,8,21.1643,12.1,75.3571,1
San Luis,2022,9,22.7286,15.0,65.5,0
San Luis,2022,10,20.0357,1.75,62.9286,0
San Luis,2022,11,20.2786,4.0,54.7857,0
San Luis,2022,12,17.7,5.5,56.7143,0
San Luis,2022,13,15.8286,0.0,44.7143,0
San Luis,2022,14,20.3786,7.0,60.1429,0
San Luis,2022,15,15.2786,0.0,58.3571,0
San Luis,2022,16,16.7143,2.0,62.0714,0
San Luis,2022,17,14.2714,0.0,50.5,0
San Luis,2022,18,14.4286,0.0,54.1429,0
San Luis,2022,19,14.1071,2.05,66.0,0
San Luis,2022,20,8.9,0.0,53.2143,0
San Luis,2022,21,9.4929,0.0,68.5,0
San Luis,2022,22,7.3429,0.0,56.2143,0
San Luis,2022,23,9.5143,0.0,59.3571,0
San Luis,2022,24,8.6643,0.0,49.3571,0
San Luis,2022,25,5.8143,0.7,70.9286,0
San Luis,2022,26,10.2071,0.0,52.2143,0
San Luis,2022,27,9.2214,0.0,47.0,0
San Luis,2022,28,5.7143,2.2,64.5714,0
San Luis,2022,29,11.1643,0.45,62.2143,0
San Luis,2022,30,11.0429,4.0,72.3571,0
San Luis,2022,31,10.1,16.5,67.4286,0
San Luis,2022,32,10.7571,3.0,65.3571,0
San Luis,2022,33,9.9786,0.0,41.2143,0
San Luis,2022,34,13.6143,0.0,41.0,0
San Luis,2022,35,13.3571,0.0,31.2143,0
San Luis,2022,36,14.2143,0.0,28.7143,0
San Luis,2022,37,16.1143,0.6,36.9286,0
San Luis,2022,38,11.4857,6.6,57.2857,0
San Luis,2022,39,16.3143,4.25,55.9286,0
San Luis,2022,40,16.8357,9.05,43.5714,0
San Luis,2022,41,16.8571,0.0,30.1429,0
San Luis,2022,42,17.1571,9.5,58.7857,0
San Luis,2022,43,22.3643,4.5,40.6429,0
San Luis,2022,44,20.1786,0.0,24.2143,0
San Luis,2022,45,22.1643,34.35,51.8571,0
San Luis,2022,46,24.4071,28.05,48.1429,0
San Luis,2022,47,26.3571,0.0,36.2857,0
San Luis,2022,48,25.6143,19.4,45.8571,0
San Luis,2022,49,29.3857,8.0,43.7857,0
San Luis,2022,50,24.7071,1.05,37.4286,0
San Luis,2023,1,25.9571,6.25,44.0,0
San Luis,2023,2,24.8714,31.9,52.0,0
San Luis,2023,3,24.5357,18.45,64.5,0
San Luis,2023,4,24.6214,49.0,68.0,0
San Luis,2023,5,23.3571,39.0,69.5714,0
San Luis,2023,6,27.1,21.5,53.4286,0
San Luis,2023,7,18.7286,15.5,55.4286,0
San Luis,2023,8,22.7214,8.0,54.4286,0
San Luis,2023,9,26.1857,0.0,49.1429,1
San Luis,2023,10,24.6143,47.5,65.0714,1
San Luis,2023,11,23.85,28.5,72.6429,2
San Luis,2023,12,19.6143,57.5,86.7143,1
San Luis,2023,13,19.4714,0.0,62.7857,7
San Luis,2023,14,20.1357,11.0,72.1429,7
San Luis,2023,15,15.2,10.7,81.5714,15
San Luis,2023,16,14.8786,10.25,63.2143,9
San Luis,2023,17,18.0643,0.0,64.3571,7
San Luis,2023,18,12.9786,0.0,55.8571,3
San Luis,2023,19,16.0714,0.0,63.2857,0
San Luis,2023,20,15.7071,2.1,69.9286,1
San Luis,2023,21,13.5714,0.4,76.5,1
San Luis,2023,22,13.0143,0.0,70.0,2
San Luis,2023,23,12.1929,0.0,64.6429,0
San Luis,2023,24,5.45,0.0,58.4286,0
San Luis,2023,25,9.8071,2.75,79.2143,0
San Luis,2023,26,11.3714,0.0,59.0,0
San Luis,2023,27,12.2786,1.0,74.5,0
San Luis,2023,28,5.9429,11.7,82.9286,0
San Luis,2023,29,9.8929,0.0,57.7143,0
San Luis,2023,30,11.0,0.0,54.2857,0
San Luis,2023,31,14.0857,0.0,56.0714,0
San Luis,2023,32,11.1071,0.0,41.5,0
San Luis,2023,33,13.0429,0.25,55.4286,0
San Luis,2023,34,10.4429,0.7,67.1429,0
San Luis,2023,35,13.9214,0.0,43.8571,0
San Luis,2023,36,12.9357,0.75,58.1429,0
San Luis,2023,37,15.3929,0.0,36.3571,0
San Luis,2023,38,15.9357,0.0,57.3571,0
San Luis,2023,39,15.5714,0.0,39.5714,0
San Luis,2023,40,17.1,2.55,41.0,0
San Luis,2023,41,19.0143,0.0,31.2857,0
San Luis,2023,42,19.3786,48.25,50.5,0
San Luis,2023,43,18.45,12.85,65.2857,0
San Luis,2023,44,14.8143,16.85,55.7857,2
San Luis,2023,45,22.4143,8.5,36.5714,0
San Luis,2023,46,20.6214,14.75,38.4286,0
San Luis,2023,47,24.7214,1.05,40.5,0
San Luis,2023,48,23.0286,10.35,55.9286,0
San Luis,2023,49,22.7,17.95,50.7857,1
San Luis,2023,50,26.6143,18.55,56.9286,1
San Luis,2023,51,20.1143,41.15,73.9286,2
San Luis,2023,52,25.4643,1.0,49.3571,2
San Luis,2024,1,24.7429,72.5,64.2857,4
San Luis,2024,2,23.0214,97.8,73.8571,3
San Luis,2024,3,23.7929,6.25,59.6429,6
San Luis,2024,4,26.8929,0.0,44.9286,7
San Luis,2024,5,28.0643,22.0,50.6429,7
San Luis,2024,6,26.4286,56.8,68.7143,5
San Luis,2024,7,22.8857,2.5,66.8571,17
San Luis,2024,8,22.9357,2.25,67.2143,56
San Luis,2024,9,23.6929,20.65,71.0714,105
San Luis,2024,10,23.0643,8.0,70.8571,167
San Luis,2024,11,23.2286,6.9,79.0714,253
San Luis,2024,12,21.9429,2.0,61.2143,384
San Luis,2024,13,23.0143,3.75,62.3571,476
San Luis,2024,14,19.9214,0.0,60.7143,783
San Luis,2024,15,14.0286,33.2,82.9286,633
San Luis,2024,16,16.7286,8.25,71.1429,438
San Luis,2024,17,14.9643,0.1,72.3571,262
San Luis,2024,18,12.7857,0.0,66.0,146
San Luis,2024,19,10.2429,21.5,68.5714,87
San Luis,2024,20,7.3714,0.0,65.5,31
San Luis,2024,21,6.9571,2.95,78.4286,5
San Luis,2024,22,8.4714,0.0,64.7857,3
San Luis,2024,23,11.95,0.0,66.6429,1
San Luis,2024,24,14.0429,0.0,63.6429,1
San Luis,2024,25,11.3071,0.4,71.5714,0
San Luis,2024,26,7.2714,0.5,54.2857,0
San Luis,2024,27,6.6214,0.0,49.4286,0
San Luis,2024,28,3.8929,0.0,57.0,0
San Luis,2024,29,8.0143,0.5,62.3571,0
San Luis,2024,30,10.2714,0.0,54.3571,0
San Luis,2024,31,11.8214,4.0,53.9286,0
San Luis,2024,32,8.2214,1.75,52.4286,0
San Luis,2024,33,9.9857,0.5,55.7857,0
San Luis,2024,34,5.6,6.4,79.1429,0
San Luis,2024,35,11.7143,8.35,57.1429,0
San Luis,2024,36,14.5643,0.0,38.0714,0
San Luis,2024,37,16.05,0.0,39.3571,0
San Luis,2024,38,20.5,0.0,31.0714,0
San Luis,2024,39,17.75,0.0,35.5,0
San Luis,2024,40,19.9571,7.5,29.9286,0
San Luis,2024,41,16.7,30.9,74.0,0
San Luis,2024,42,21.8643,11.0,64.5,0
San Luis,2024,43,17.5929,50.35,62.4286,0
San Luis,2024,44,24.6,4.1,43.5,0
San Luis,2024,45,22.25,0.0,52.0,0
San Luis,2024,46,22.0143,4.5,40.5714,0
San Luis,2024,47,23.3,29.1,58.5714,0
San Luis,2024,48,21.0357,38.65,69.9286,0
San Luis,2024,49,21.0143,1.5,43.2857,0
San Luis,2024,50,24.5929,13.5,43.5714,0
San Luis,2024,51,23.9643,32.05,52.5,0
San Luis,2024,52,26.3714,14.85,42.0,0
San Luis,2025,1,26.8214,33.85,52.7143,0
San Luis,2025,2,26.6214,20.5,55.3571,0
San Luis,2025,3,26.9286,20.5,53.0714,0
San Luis,2025,4,26.2857,3.4,55.5714,0
San Luis,2025,5,28.2357,5.7,52.0,0
San Luis,2025,6,28.1786,36.75,57.8095,1
San Luis,2025,7,25.7786,40.0,59.9286,0
San Luis,2025,8,27.9,1.4,50.6429,2
San Luis,2025,9,24.05,68.85,78.8571,6
San Luis,2025,10,23.2357,46.65,71.0,8
San Luis,2025,11,17.8429,2.15,76.5,6
San Luis,2025,12,21.7786,25.5,66.9286,5
San Luis,2025,13,17.5,28.1,87.7857,5
San Luis,2025,14,13.1,1.0,61.8571,7
San Luis,2025,15,15.5571,12.0,72.5,4
San Luis,2025,16,16.1714,1.0,76.5714,4
San Luis,2025,17,15.9643,7.0,69.6429,0
San Luis,2025,18,16.9214,0.0,66.5714,2
San Luis,2025,19,16.0214,0.5,75.2857,5
San Luis,2025,20,17.4,0.0,66.8571,1
San Luis,2025,21,12.8214,0.0,66.1429,1
San Luis,2025,22,8.2214,7.5,62.8571,2
San Luis,2025,23,10.6429,8.4,69.2857,0
San Luis,2025,24,10.3143,0.0,65.0,0
San Luis,2025,25,8.6929,0.5,58.8571,0
San Luis,2025,26,5.2857,0.0,48.0714,0
San Luis,2025,27,5.2571,0.0,61.3571,0
San Luis,2025,28,10.0071,13.35,81.3571,0
San Luis,2025,29,10.8643,3.0,57.0714,0
San Luis,2025,30,7.9929,3.5,80.1429,0
San Luis,2025,31,10.3357,0.0,72.8571,0
San Luis,2025,32,9.4929,0.0,51.7857,0
San Luis,2025,33,11.5929,1.0,58.9286,0
San Luis,2025,34,10.8071,0.1,53.9286,0
San Luis,2025,35,13.9571,50.5,52.0,0
San Luis,2025,36,10.1714,0.0,57.0,0
San Luis,2025,37,17.1071,0.0,42.6429,0
San Luis,2025,38,18.9,2.25,67.6429,0
San Luis,2025,39,16.3786,35.05,49.5,0
San Luis,2025,40,19.2071,0.0,48.5714,0
San Luis,2025,41,17.65,0.0,35.6429,0
San Luis,2025,42,20.25,9.25,45.8571,0
Santa Cruz,2018,1,13.7865,5.3,51.5992,0
Santa Cruz,2018,2,18.6377,0.3667,40.3294,0
Santa Cruz,2018,3,17.3867,1.1667,43.7476,0
Santa Cruz,2018,4,16.3786,2.0,41.3286,0
Santa Cruz,2018,5,19.2824,11.5167,42.5476,0
Santa Cruz,2018,6,13.6905,1.5,48.8619,0
Santa Cruz,2018,7,17.7495,1.2667,48.7619,0
Santa Cruz,2018,8,16.281,0.1667,42.8714,0
Santa Cruz,2018,9,15.9464,1.8333,44.6587,0
Santa Cruz,2018,10,14.4488,2.6833,49.4127,0
Santa Cruz,2018,11,11.477,3.6833,49.0833,0
Santa Cruz,2018,12,9.8889,1.25,51.3651,0
Santa Cruz,2018,13,11.4095,0.6167,49.631,0
Santa Cruz,2018,14,9.5528,15.8,61.1746,0
Santa Cruz,2018,15,10.3397,5.3833,53.0198,0
Santa Cruz,2018,16,10.6234,5.1333,59.4643,0
Santa Cruz,2018,17,6.7484,4.0333,66.5675,0
Santa Cruz,2018,18,5.5468,0.2333,64.2183,0
Santa Cruz,2018,19,8.5714,20.4667,70.2897,0
Santa Cruz,2018,20,3.4956,2.6667,82.2222,0
Santa Cruz,2018,21,7.5345,2.7833,68.9603,0
Santa Cruz,2018,22,1.579,0.0333,72.3095,0
Santa Cruz,2018,23,1.3476,11.5833,79.1349,0
Santa Cruz,2018,24,1.8052,0.2167,77.3452,0
Santa Cruz,2018,25,2.7456,2.1333,65.246,0
Santa Cruz,2018,26,2.2294,2.55,68.5238,0
Santa Cruz,2018,27,-1.3671,0.05,81.4198,0
Santa Cruz,2019,1,13.7508,2.45,43.3095,0
Santa Cruz,2019,2,13.4631,3.35,46.1429,0
Santa Cruz,2019,3,16.998,9.8833,44.1786,0
Santa Cruz,2019,4,14.7754,0.4167,40.7659,0
Santa Cruz,2019,5,15.5238,1.4,45.9683,0
Santa Cruz,2019,6,17.0401,0.0667,40.9286,0
Santa Cruz,2019,7,18.6444,11.9,43.5833,0
Santa Cruz,2019,8,9.821,7.5333,51.6706,0
Santa Cruz,2019,9,13.3933,4.8833,58.9722,0
Santa Cruz,2019,10,12.7825,4.6333,52.877,0
Santa Cruz,2019,11,14.0242,13.05,64.8849,0
Santa Cruz,2019,12,11.2167,4.4333,65.6548,0
Santa Cruz,2019,13,13.3917,0.5,53.5754,0
Santa Cruz,2019,14,12.1944,12.6333,55.8254,0
Santa Cruz,2019,15,9.1325,4.9333,69.7024,0
Santa Cruz,2019,16,10.3857,2.6333,58.3968,0
Santa Cruz,2019,17,8.2532,5.6167,70.2262,0
Santa Cruz,2019,18,4.8587,1.2,68.7738,0
Santa Cruz,2019,19,8.2214,5.0167,66.9127,0
Santa Cruz,2019,20,7.3579,0.5167,64.2143,0
Santa Cruz,2019,21,7.723,3.5,61.869,0
Santa Cruz,2019,22,1.752,10.5,82.3492,0
Santa Cruz,2019,23,6.229,1.1,69.3929,0
Santa Cruz,2019,24,2.9667,3.1167,78.1667,0
Santa Cruz,2019,25,4.8766,0.4,72.3294,0
Santa Cruz,2019,26,0.4881,1.2667,70.9905,0
Santa Cruz,2019,27,2.3036,3.0,78.2619,0
Santa Cruz,2019,28,2.7381,4.2833,89.4881,0
Santa Cruz,2019,29,3.1881,5.2167,69.0198,0
Santa Cruz,2019,30,5.648,0.35,58.0159,0
Santa Cruz,2019,31,5.1631,15.95,77.6587,0
Santa Cruz,2019,32,3.6143,0.6833,63.627,0
Santa Cruz,2019,33,-0.4488,0.3333,75.1032,0
Santa Cruz,2019,34,4.304,3.7333,70.4722,0
Santa Cruz,2019,35,4.8611,1.3333,57.1746,0
Santa Cruz,2019,36,2.5282,1.4667,66.2302,0
Santa Cruz,2019,37,4.9702,4.1833,61.8532,0
Santa Cruz,2019,38,6.8504,4.9,55.627,0
Santa Cruz,2019,39,11.0437,2.0,47.1389,0
Santa Cruz,2019,40,6.7865,1.0667,53.8611,0
Santa Cruz,2019,41,7.6873,1.0167,43.9087,0
Santa Cruz,2019,42,11.8571,1.2333,44.3254,0
Santa Cruz,2019,43,11.0147,0.05,47.4841,0
Santa Cruz,2019,44,11.0004,2.85,45.6865,0
Santa Cruz,2019,45,10.0405,1.5,47.2857,0
Santa Cruz,2019,46,14.2738,5.7833,52.8413,0
Santa Cruz,2019,47,13.8611,8.0167,45.619,0
Santa Cruz,2019,48,11.0083,4.7333,54.3373,0
Santa Cruz,2019,49,14.6274,5.2167,49.377,0
Santa Cruz,2019,50,13.898,8.05,48.7381,0
Santa Cruz,2019,51,16.1849,1.25,42.8611,0
Santa Cruz,2019,52,15.6357,0.6,39.5079,0
Santa Cruz,2020,1,16.7524,6.3167,47.4603,0
Santa Cruz,2020,2,14.3413,6.25,48.254,0
Santa Cruz,2020,3,16.079,8.0833,46.3651,0
Santa Cruz,2020,4,16.7484,1.85,48.5635,0
Santa Cruz,2020,5,15.3679,6.2667,47.6944,0
Santa Cruz,2020,6,14.5119,4.1333,53.4325,0
Santa Cruz,2020,7,15.256,5.85,48.8929,0
Santa Cruz,2020,8,14.8726,0.8833,43.9841,0
Santa Cruz,2020,9,16.7821,0.2833,46.9405,0
Santa Cruz,2020,10,16.5266,0.2833,52.2302,0
Santa Cruz,2020,11,13.9897,3.1333,60.4881,1
Santa Cruz,2020,12,15.0643,1.15,49.869,0
Santa Cruz,2020,13,12.7448,4.7167,60.3532,1
Santa Cruz,2020,14,10.8861,0.4833,56.0952,1
Santa Cruz,2020,15,12.8778,1.05,51.6746,0
Santa Cruz,2020,16,11.4893,0.1333,57.3889,1
Santa Cruz,2020,17,7.575,1.5667,66.1349,1
Santa Cruz,2020,18,7.5583,3.9,76.5754,0
Santa Cruz,2020,19,6.844,4.7333,80.1032,0
Santa Cruz,2020,20,6.3286,8.8667,70.2937,0
Santa Cruz,2020,21,7.1829,6.7333,68.881,0
Santa Cruz,2020,22,4.8131,1.05,72.0437,1
Santa Cruz,2020,23,7.5794,0.9,59.0317,0
Santa Cruz,2020,24,2.5865,6.9,70.369,0
Santa Cruz,2020,25,2.6119,0.6,79.7897,0
Santa Cruz,2020,26,-1.2996,13.15,85.6171,0
Santa Cruz,2020,27,-1.7825,11.3333,89.5286,0
Santa Cruz,2020,28,-0.6806,0.4167,77.3254,0
Santa Cruz,2020,29,-0.6775,26.2,85.5619,0
Santa Cruz,2020,30,-1.4992,4.4333,84.6754,0
Santa Cruz,2020,31,1.4587,0.15,76.3889,0
Santa Cruz,2020,32,4.1579,0.7167,65.6071,0
Santa Cruz,2020,33,2.8163,1.7333,67.7302,0
Santa Cruz,2020,34,5.7397,4.15,61.2341,0
Santa Cruz,2020,35,2.5155,0.65,67.2024,0
Santa Cruz,2020,36,4.9508,0.8167,64.3095,0
Santa Cruz,2020,37,7.4897,1.1667,53.9841,0
Santa Cruz,2020,38,6.871,0.1,51.373,0
Santa Cruz,2020,39,10.8032,0.3333,43.4246,0
Santa Cruz,2020,40,5.519,1.6,53.0675,0
Santa Cruz,2020,41,10.6718,0.0833,45.7579,0
Santa Cruz,2020,42,12.9262,1.6667,45.0595,0
Santa Cruz,2020,43,10.3857,3.3167,54.1032,0
Santa Cruz,2020,44,13.1079,0.5,41.6865,0
Santa Cruz,2020,45,13.3131,14.75,56.631,0
Santa Cruz,2020,46,14.5107,0.6833,48.1429,0
Santa Cruz,2020,47,18.0484,0.1167,41.7063,0
Santa Cruz,2020,48,12.7944,0.4667,41.0675,0
Santa Cruz,2020,49,14.7175,0.4167,41.5794,0
Santa Cruz,2020,50,14.5329,8.7167,51.7897,0
Santa Cruz,2020,51,13.8548,2.5333,45.7897,0
Santa Cruz,2020,52,17.4369,0.0,36.3016,0
Santa Cruz,2020,53,16.0476,3.7833,49.5357,0
Santa Cruz,2021,1,15.4083,2.7833,44.0079,0
Santa Cruz,2021,2,15.3,3.65,50.3532,0
Santa Cruz,2021,3,17.7143,2.7833,46.1349,0
Santa Cruz,2021,4,13.1167,0.8,44.6746,0
Santa Cruz,2021,5,18.6175,1.45,46.3452,0
Santa Cruz,2021,6,18.5266,0.0167,45.881,0
Santa Cruz,2021,7,14.8369,8.5167,48.5437,0
Santa Cruz,2021,8,17.744,1.6333,50.3254,0
Santa Cruz,2021,9,14.1976,4.9,55.8373,0
Santa Cruz,2021,10,15.6119,0.1833,43.1508,0
Santa Cruz,2021,11,13.0254,1.1,44.7103,0
Santa Cruz,2021,12,13.2194,0.3167,48.7103,0
Santa Cruz,2021,13,11.4675,5.3167,68.0198,0
Santa Cruz,2021,14,10.5036,3.0333,62.5595,0
Santa Cruz,2021,15,12.4579,0.5667,50.5913,0
Santa Cruz,2021,16,9.0135,6.7833,66.1667,0
Santa Cruz,2021,17,10.2821,5.65,63.1111,0
Santa Cruz,2021,18,5.0893,0.9667,70.3968,0
Santa Cruz,2021,19,7.8337,3.7667,67.746,1
Santa Cruz,2021,20,7.0111,6.0667,87.6468,0
Santa Cruz,2021,21,2.3758,7.3667,70.4841,0
Santa Cruz,2021,22,1.4921,11.1833,84.0595,0
Santa Cruz,2021,23,5.8444,2.9,68.4921,0
Santa Cruz,2021,24,0.8631,0.0833,75.8056,0
Santa Cruz,2021,25,2.9619,2.6667,71.1587,0
Santa Cruz,2021,26,5.7048,5.6,63.7817,0
Santa Cruz,2021,27,5.4417,3.3167,64.627,0
Santa Cruz,2021,28,3.5099,2.9333,71.1468,0
Santa Cruz,2021,29,5.3633,1.05,62.2095,0
Santa Cruz,2021,30,5.4929,1.7833,62.6865,0
Santa Cruz,2022,1,16.0516,1.9167,43.6944,0
Santa Cruz,2022,2,14.5877,6.15,44.4841,0
Santa Cruz,2022,3,15.5556,7.3167,52.0675,0
Santa Cruz,2022,4,16.2536,2.3,43.8135,0
Santa Cruz,2022,5,15.6349,0.4833,48.5635,0
Santa Cruz,2022,6,17.0071,0.0667,38.2381,0
Santa Cruz,2022,7,14.4675,11.5167,53.9286,0
Santa Cruz,2022,8,15.4595,3.9333,51.5556,0
Santa Cruz,2022,9,12.3579,1.7333,50.7619,0
Santa Cruz,2022,10,12.2389,8.4833,60.4563,0
Santa Cruz,2022,11,11.9024,2.55,52.4603,0
Santa Cruz,2022,12,12.2389,5.1333,56.4722,0
Santa Cruz,2022,13,9.6587,7.3333,58.3373,0
Santa Cruz,2022,14,7.0012,12.65,74.2024,0
Santa Cruz,2022,15,11.3706,0.8667,59.2778,0
Santa Cruz,2022,16,7.7921,10.2667,68.6746,0
Santa Cruz,2022,17,3.494,7.5667,75.3452,0
Santa Cruz,2022,18,9.5492,4.7333,58.9087,0
Santa Cruz,2022,19,5.7004,3.25,74.5079,0
Santa Cruz,2022,20,4.1496,0.7,76.5317,0
Santa Cruz,2022,21,3.0817,2.75,63.8452,0
Santa Cruz,2022,22,2.0897,0.5,74.119,0
Santa Cruz,2022,23,5.1377,1.0833,58.4087,0
Santa Cruz,2022,24,3.1952,2.0333,72.246,0
Santa Cruz,2022,25,0.0794,2.0333,75.3952,0
Santa Cruz,2022,26,1.7552,2.55,71.7024,0
Santa Cruz,2022,27,-0.4778,1.3833,79.7143,0
Santa Cruz,2022,28,-1.6429,2.9,84.0635,0
Santa Cruz,2022,29,0.8352,0.7167,68.7286,0
Santa Cruz,2022,30,2.7429,1.55,63.0476,0
Santa Cruz,2022,31,2.6825,6.9667,78.5714,0
Santa Cruz,2022,32,4.1571,1.35,68.4167,0
Santa Cruz,2022,33,4.8881,1.95,62.5079,0
Santa Cruz,2022,34,5.5095,2.2833,56.7937,0
Santa Cruz,2022,35,8.7214,0.9333,51.754,0
Santa Cruz,2022,36,6.3881,1.4333,55.9286,0
Santa Cruz,2022,37,5.6317,1.5,60.6627,0
Santa Cruz,2022,38,6.9099,2.5,57.0992,0
Santa Cruz,2022,39,9.9032,0.5,47.3413,0
Santa Cruz,2022,40,9.5794,1.4167,49.6548,0
Santa Cruz,2022,41,10.0742,1.2833,46.5873,0
Santa Cruz,2022,42,12.7532,0.0,37.8095,0
Santa Cruz,2022,43,10.1508,1.4333,45.3492,0
Santa Cruz,2022,44,15.9421,0.0,44.131,0
Santa Cruz,2022,45,13.294,4.6667,56.5833,0
Santa Cruz,2022,46,14.9536,0.2667,38.8968,0
Santa Cruz,2022,47,15.1175,0.05,40.1944,0
Santa Cruz,2022,48,15.1905,0.7333,38.8452,0
Santa Cruz,2022,49,12.6817,9.5167,53.5079,0
Santa Cruz,2022,50,15.8317,0.0,40.8929,0
Santa Cruz,2023,1,19.631,0.2333,40.8429,0
Santa Cruz,2023,2,15.7586,11.45,47.7857,0
Santa Cruz,2023,3,18.8083,1.55,48.2381,0
Santa Cruz,2023,4,17.2254,1.0333,38.1032,0
Santa Cruz,2023,5,18.4675,0.5167,41.4921,0
Santa Cruz,2023,6,17.2639,2.45,43.5357,0
Santa Cruz,2023,7,10.8901,4.8167,49.3611,0
Santa Cruz,2023,8,15.327,0.2667,41.2579,0
Santa Cruz,2023,9,13.5472,2.0,48.3492,1
Santa Cruz,2023,10,13.8262,0.5,48.4048,1
Santa Cruz,2023,11,11.5127,0.0,47.6151,0
Santa Cruz,2023,12,12.3524,0.55,47.3373,3
Santa Cruz,2023,13,8.0893,1.6167,57.2222,1
Santa Cruz,2023,14,11.2944,1.9,49.6548,6
Santa Cruz,2023,15,5.3147,1.0333,60.5119,4
Santa Cruz,2023,16,11.096,2.9167,54.9087,1
Santa Cruz,2023,17,8.5044,10.9167,62.627,1
Santa Cruz,2023,18,9.9516,0.4167,56.2341,0
Santa Cruz,2023,19,7.4385,2.35,65.7222,0
Santa Cruz,2023,20,7.7151,3.4333,58.3571,1
Santa Cruz,2023,21,3.7389,0.8333,61.4246,0
Santa Cruz,2023,22,7.7857,0.5,61.377,1
Santa Cruz,2023,23,4.2889,13.4333,67.9167,1
Santa Cruz,2023,24,3.1659,0.6667,64.4286,0
Santa Cruz,2023,25,2.5595,5.75,78.2524,0
Santa Cruz,2023,26,2.5238,5.4667,83.873,1
Santa Cruz,2023,27,0.8917,1.9833,76.4603,0
Santa Cruz,2023,28,-1.6151,0.9333,83.1619,0
Santa Cruz,2023,29,-0.5206,10.1333,80.1357,0
Santa Cruz,2023,30,-0.2516,3.2167,80.0476,0
Santa Cruz,2023,31,4.3294,3.2333,62.8651,0
Santa Cruz,2023,32,3.6238,3.2333,72.0794,2
Santa Cruz,2023,33,1.3933,14.5667,83.6944,0
Santa Cruz,2023,34,4.1714,1.3833,66.8214,1
Santa Cruz,2023,35,4.6698,1.5333,62.7698,0
Santa Cruz,2023,36,3.5833,10.1833,80.0238,0
Santa Cruz,2023,37,4.8048,9.1833,66.5873,1
Santa Cruz,2023,38,3.9948,1.3,64.1667,0
Santa Cruz,2023,39,7.9433,1.2833,55.1825,0
Santa Cruz,2023,40,8.8433,1.8333,51.1667,1
Santa Cruz,2023,41,8.9698,0.0,50.3294,0
Santa Cruz,2023,42,11.7893,0.0167,45.1865,0
Santa Cruz,2023,43,10.6012,2.0833,50.3968,0
Santa Cruz,2023,44,9.8591,0.45,48.3175,1
Santa Cruz,2023,45,11.4433,4.5,47.627,0
Santa Cruz,2023,46,8.6246,4.2167,53.1905,7
Santa Cruz,2023,47,12.9056,2.45,46.3571,7
Santa Cruz,2023,48,11.5357,0.8,45.3294,4
Santa Cruz,2023,49,15.5008,9.5833,50.2183,1
Santa Cruz,2023,50,13.3254,0.15,46.877,6
Santa Cruz,2023,51,16.4329,0.75,44.4206,13
Santa Cruz,2023,52,16.252,0.2167,41.9206,5
Santa Cruz,2024,1,17.669,2.25,46.0635,16
Santa Cruz,2024,2,14.2476,4.7167,48.623,14
Santa Cruz,2024,3,16.9202,0.9,43.9405,17
Santa Cruz,2024,4,19.2429,0.0,41.0913,9
Santa Cruz,2024,5,17.6361,3.4,47.1111,4
Santa Cruz,2024,6,17.1913,9.55,43.9365,9
Santa Cruz,2024,7,17.4623,3.8306,50.8929,9
Santa Cruz,2024,8,14.6512,3.3333,56.7937,9
Santa Cruz,2024,9,14.202,4.2,58.6389,9
Santa Cruz,2024,10,12.9548,13.0333,57.5,11
Santa Cruz,2024,11,10.6964,3.9,55.3333,17
Santa Cruz,2024,12,9.6417,4.9833,67.4365,19
Santa Cruz,2024,13,12.6833,0.5333,55.0754,22
Santa Cruz,2024,14,10.029,1.9333,55.6706,21
Santa Cruz,2024,15,7.4837,0.9667,60.0357,13
Santa Cruz,2024,16,9.2718,5.6,59.6627,8
Santa Cruz,2024,17,6.131,0.2833,59.0238,9
Santa Cruz,2024,18,3.3504,15.8,77.4563,5
Santa Cruz,2024,19,0.8567,11.5167,84.7262,1
Santa Cruz,2024,20,3.1968,0.3667,77.2897,3
Santa Cruz,2024,21,1.0889,0.2,75.2429,1
Santa Cruz,2024,22,2.7643,13.2333,78.5556,0
Santa Cruz,2024,23,1.9107,25.6333,91.2619,0
Santa Cruz,2024,24,2.304,7.1333,85.8373,0
Santa Cruz,2024,25,-1.6119,28.96,90.8133,0
Santa Cruz,2024,26,-1.5048,4.9667,87.7937,0
Santa Cruz,2024,27,-0.879,5.3,83.8452,0
Santa Cruz,2024,28,2.294,0.0167,80.8333,0
Santa Cruz,2024,29,4.9218,5.3,72.4683,0
Santa Cruz,2024,30,5.8417,2.7667,63.1429,0
Santa Cruz,2024,31,4.0135,22.2667,83.1746,0
Santa Cruz,2024,32,3.1778,4.9167,79.873,0
Santa Cruz,2024,33,4.0321,0.6833,72.631,0
Santa Cruz,2024,34,3.104,1.4,75.627,0
Santa Cruz,2024,35,7.8048,0.8,50.2976,0
Santa Cruz,2024,36,8.2714,0.15,49.9603,0
Santa Cruz,2024,37,6.6734,1.1,51.3175,0
Santa Cruz,2024,38,5.5413,3.1417,61.381,0
Santa Cruz,2024,39,6.3004,0.85,48.7619,0
Santa Cruz,2024,40,7.0087,1.0833,50.3651,0
Santa Cruz,2024,41,11.5937,0.0,42.0159,0
Santa Cruz,2024,42,12.3325,0.3,48.8333,0
Santa Cruz,2024,43,13.1373,2.3333,42.2857,0
Santa Cruz,2024,44,14.6417,3.1167,40.996,0
Santa Cruz,2024,45,11.4401,2.8333,44.2143,0
Santa Cruz,2024,46,12.779,1.6667,44.9722,0
Santa Cruz,2024,47,14.6337,0.0,41.4762,0
Santa Cruz,2024,48,13.2032,5.2833,52.3929,0
Santa Cruz,2024,49,10.9722,6.8333,51.5,0
Santa Cruz,2024,50,15.9032,0.25,44.631,0
Santa Cruz,2024,51,15.5226,2.3833,40.5278,0
Santa Cruz,2024,52,18.5599,0.35,43.127,0
Santa Cruz,2025,1,16.511,15.8333,61.8048,0
Santa Cruz,2025,2,17.4917,2.75,47.619,0
Santa Cruz,2025,3,16.3992,0.2833,40.5119,0
Santa Cruz,2025,4,16.6893,4.5833,54.4881,0
Santa Cruz,2025,5,17.554,2.4167,41.4841,0
Santa Cruz,2025,6,13.0083,12.2333,52.2302,0
Santa Cruz,2025,7,13.6373,2.65,50.1389,0
Santa Cruz,2025,8,16.7643,1.8667,46.6468,0
Santa Cruz,2025,9,13.3167,0.6667,50.1468,0
Santa Cruz,2025,10,12.148,9.9833,56.5437,0
Santa Cruz,2025,11,13.0964,0.1667,52.4603,0
Santa Cruz,2025,12,13.0321,1.0167,49.4325,1
Santa Cruz,2025,13,12.9099,9.0667,59.8254,0
Santa Cruz,2025,14,7.9921,5.3667,63.9206,0
Santa Cruz,2025,15,10.7091,4.2833,63.8849,0
Santa Cruz,2025,16,8.4933,1.55,74.2778,0
Santa Cruz,2025,17,8.3302,14.55,64.3254,0
Santa Cruz,2025,18,7.919,1.5333,71.0437,0
Santa Cruz,2025,19,6.5567,2.4,71.8095,0
Santa Cruz,2025,20,6.2742,9.9,64.7937,0
Santa Cruz,2025,21,2.8516,9.05,76.1349,0
Santa Cruz,2025,22,4.3206,3.35,76.4246,0
Santa Cruz,2025,23,5.529,0.1333,70.0397,0
Santa Cruz,2025,24,5.0159,8.8167,83.5278,0
Santa Cruz,2025,25,3.6274,1.3833,75.1032,0
Santa Cruz,2025,26,-0.0262,2.9333,77.2437,0
Santa Cruz,2025,27,-0.2139,0.45,83.2286,0
Santa Cruz,2025,28,5.5286,2.7833,68.3056,0
Santa Cruz,2025,29,5.6627,5.1333,67.4802,0
Santa Cruz,2025,30,-0.227,2.1833,74.1286,0
Santa Cruz,2025,31,1.927,19.4833,92.25,0
Santa Cruz,2025,32,2.9984,0.35,76.1071,0
Santa Cruz,2025,33,3.1468,0.5833,80.9325,0
Santa Cruz,2025,34,5.4778,2.25,65.4921,0
Santa Cruz,2025,35,6.627,0.1333,64.0198,0
Santa Cruz,2025,36,5.7194,0.7,58.2698,0
Santa Cruz,2025,37,8.479,1.35,61.7262,0
Santa Cruz,2025,38,6.5361,4.2667,63.4683,0
Santa Cruz,2025,39,8.8687,0.1833,51.9841,0
Santa Cruz,2025,40,8.531,4.8833,53.5,0
Santa Cruz,2025,41,10.9119,1.7667,43.8571,0
Santa Cruz,2025,42,11.3405,0.3667,44.2381,0
Santa Fe,2018,1,25.0762,7.6667,60.5238,0
Santa Fe,2018,2,26.9238,25.6833,65.0714,0
Santa Fe,2018,3,25.0452,9.75,67.381,0
Santa Fe,2018,4,25.7333,25.3833,66.1429,0
Santa Fe,2018,5,27.7214,0.0,57.5,0
Santa Fe,2018,6,26.7333,9.8167,61.7619,0
Santa Fe,2018,7,25.2,0.0,57.5952,0
Santa Fe,2018,8,24.0381,3.45,61.0238,0
Santa Fe,2018,9,26.0286,13.15,67.1667,0
Santa Fe,2018,10,22.9762,5.2,59.8333,0
Santa Fe,2018,11,22.7048,9.1667,59.5714,0
Santa Fe,2018,12,19.731,27.15,60.7381,0
Santa Fe,2018,13,21.8024,16.75,66.4286,0
Santa Fe,2018,14,21.5667,55.8667,79.6667,0
Santa Fe,2018,15,21.8262,9.4833,70.2381,1
Santa Fe,2018,16,24.2167,61.8333,76.3095,0
Santa Fe,2018,17,23.481,4.6667,82.3333,0
Santa Fe,2018,18,19.6452,52.5667,92.0952,1
Santa Fe,2018,19,18.1476,93.2667,86.5,2
Santa Fe,2018,20,14.3524,1.4667,77.4048,0
Santa Fe,2018,21,13.031,0.0,75.5238,1
Santa Fe,2018,22,13.9214,7.5333,76.3095,0
Santa Fe,2018,23,10.9643,0.5,75.381,1
Santa Fe,2018,24,7.4786,10.25,78.381,0
Santa Fe,2018,25,12.519,0.1333,65.0476,0
Santa Fe,2018,26,13.1095,0.85,77.3095,0
Santa Fe,2018,27,9.969,0.6167,80.881,0
Santa Fe,2019,1,25.9159,75.5333,74.1984,1
Santa Fe,2019,2,23.3294,56.6833,80.2817,3
Santa Fe,2019,3,22.5762,43.6667,78.619,3
Santa Fe,2019,4,26.6595,61.1333,80.5476,11
Santa Fe,2019,5,26.2147,17.3778,77.0317,18
Santa Fe,2019,6,25.1833,15.6667,71.2857,19
Santa Fe,2019,7,22.0952,4.8333,71.5476,18
Santa Fe,2019,8,27.7167,56.5,72.3095,34
Santa Fe,2019,9,22.2024,59.0,66.9524,28
Santa Fe,2019,10,21.9024,36.4,79.4762,29
Santa Fe,2019,11,20.931,2.5833,80.0,32
Santa Fe,2019,12,19.1476,4.5167,71.119,17
Santa Fe,2019,13,20.6024,21.75,74.7381,37
Santa Fe,2019,14,20.9381,5.5,74.4048,45
Santa Fe,2019,15,19.8357,7.1667,71.3333,49
Santa Fe,2019,16,19.5524,27.6333,78.4048,48
Santa Fe,2019,17,16.8214,59.55,86.3333,31
Santa Fe,2019,18,19.0452,31.8167,79.6667,18
Santa Fe,2019,19,16.4857,18.9,81.7857,20
Santa Fe,2019,20,16.2143,0.2833,81.7381,20
Santa Fe,2019,21,13.3857,10.8167,83.3095,6
Santa Fe,2019,22,13.6095,3.8333,88.3571,4
Santa Fe,2019,23,14.6214,1.1,77.8333,2
Santa Fe,2019,24,15.9976,21.0667,91.4286,2
Santa Fe,2019,25,13.9595,7.2667,80.2143,0
Santa Fe,2019,26,11.7857,0.5,75.1905,0
Santa Fe,2019,27,6.8762,0.0,70.0714,0
Santa Fe,2019,28,13.2143,0.0,76.5714,0
Santa Fe,2019,29,14.4405,0.0667,73.7381,0
Santa Fe,2019,30,9.9714,36.45,79.119,0
Santa Fe,2019,31,11.3857,0.0167,69.6667,0
Santa Fe,2019,32,11.9952,3.8667,69.1905,0
Santa Fe,2019,33,11.381,0.0,68.619,0
Santa Fe,2019,34,12.0667,2.8333,68.7619,0
Santa Fe,2019,35,17.5405,0.1167,65.119,0
Santa Fe,2019,36,11.7786,23.8333,63.3571,0
Santa Fe,2019,37,15.0571,4.7,77.381,0
Santa Fe,2019,38,15.1571,0.0,49.8333,0
Santa Fe,2019,39,20.5929,0.0,52.6429,0
Santa Fe,2019,40,16.7071,18.75,67.1905,0
Santa Fe,2019,41,23.7286,24.1667,63.0952,0
Santa Fe,2019,42,15.2405,19.6,79.5238,0
Santa Fe,2019,43,20.431,13.4333,66.8571,0
Santa Fe,2019,44,21.5905,18.6667,73.7857,0
Santa Fe,2019,45,22.9167,14.4,70.5714,0
Santa Fe,2019,46,24.5786,15.5167,63.2143,0
Santa Fe,2019,47,24.5167,16.3667,65.1587,0
Santa Fe,2019,48,22.2024,38.75,64.8095,0
Santa Fe,2019,49,21.7944,8.8167,57.2619,0
Santa Fe,2019,50,25.1238,94.75,57.4048,0
Santa Fe,2019,51,23.4714,21.0,62.5476,0
Santa Fe,2019,52,25.9619,42.1667,67.9524,0
Santa Fe,2020,1,25.0762,22.35,71.3571,0
Santa Fe,2020,2,25.1262,22.8333,67.4524,0
Santa Fe,2020,3,25.5929,45.9,67.7143,0
Santa Fe,2020,4,26.4976,16.0167,74.0952,0
Santa Fe,2020,5,23.731,13.2167,64.5952,0
Santa Fe,2020,6,26.1714,42.05,74.7143,8
Santa Fe,2020,7,25.1071,17.2,69.3333,28
Santa Fe,2020,8,20.9905,48.25,67.0238,55
Santa Fe,2020,9,23.519,0.3667,62.5952,117
Santa Fe,2020,10,25.8333,0.0,59.4524,157
Santa Fe,2020,11,25.8952,26.35,71.5952,302
Santa Fe,2020,12,21.7905,34.7,72.7381,370
Santa Fe,2020,13,23.6548,31.6833,76.1429,332
Santa Fe,2020,14,21.2476,24.35,74.4286,492
Santa Fe,2020,15,16.7476,3.6333,64.3571,599
Santa Fe,2020,16,17.0643,3.8333,69.1667,586
Santa Fe,2020,17,21.9643,14.1667,70.6667,494
Santa Fe,2020,18,17.9143,38.85,73.9286,415
Santa Fe,2020,19,14.6714,3.8333,70.8095,335
Santa Fe,2020,20,15.8405,0.0,61.5238,170
Santa Fe,2020,21,14.8881,11.8333,71.3571,112
Santa Fe,2020,22,13.5357,0.05,67.9524,68
Santa Fe,2020,23,10.8024,11.8833,77.8095,15
Santa Fe,2020,24,12.181,0.0167,71.7857,6
Santa Fe,2020,25,15.9881,4.75,75.0714,3
Santa Fe,2020,26,10.9167,0.8,74.0,0
Santa Fe,2020,27,9.7119,0.15,75.9286,2
Santa Fe,2020,28,8.7405,0.9667,70.8333,0
Santa Fe,2020,29,11.3976,0.0333,70.5952,0
Santa Fe,2020,30,11.4619,1.4833,75.119,1
Santa Fe,2020,31,11.5024,0.0,59.7857,1
Santa Fe,2020,32,18.9429,1.3833,64.1429,0
Santa Fe,2020,33,11.1425,0.0,49.2341,0
Santa Fe,2020,34,10.819,0.0,45.1429,0
Santa Fe,2020,35,17.5762,6.0,65.8571,0
Santa Fe,2020,36,11.2905,30.05,77.0238,0
Santa Fe,2020,37,16.5429,2.85,66.6905,0
Santa Fe,2020,38,15.0119,0.0833,47.119,0
Santa Fe,2020,39,19.4405,11.8333,54.6429,0
Santa Fe,2020,40,17.7643,2.2167,54.2381,0
Santa Fe,2020,41,18.8238,0.1,50.9524,0
Santa Fe,2020,42,23.2167,3.6,54.119,0
Santa Fe,2020,43,21.5238,74.8667,75.9048,0
Santa Fe,2020,44,17.9286,0.75,57.5714,1
Santa Fe,2020,45,22.0952,2.3833,53.0,0
Santa Fe,2020,46,22.8905,22.5,63.3095,1
Santa Fe,2020,47,23.4071,0.6167,51.119,0
Santa Fe,2020,48,25.7452,52.3833,59.0476,0
Santa Fe,2020,49,21.119,43.3833,64.119,0
Santa Fe,2020,50,24.15,32.45,57.0714,0
Santa Fe,2020,51,23.6857,28.1,58.3571,0
Santa Fe,2020,52,25.8343,0.6,56.6286,0
Santa Fe,2020,53,25.3167,10.8333,56.6905,0
Santa Fe,2021,1,25.631,29.6667,57.2381,1
Santa Fe,2021,2,22.681,66.3333,73.2619,0
Santa Fe,2021,3,26.2452,0.0,62.9762,0
Santa Fe,2021,4,24.081,100.5167,78.4286,0
Santa Fe,2021,5,22.6071,24.95,75.0,1
Santa Fe,2021,6,22.9548,18.1167,77.5952,0
Santa Fe,2021,7,23.269,5.1667,67.1667,0
Santa Fe,2021,8,25.5476,6.4167,65.7381,0
Santa Fe,2021,9,24.5452,3.7833,72.9048,0
Santa Fe,2021,10,23.9952,5.8167,67.8333,0
Santa Fe,2021,11,19.5714,57.85,77.8571,2
Santa Fe,2021,12,20.1714,54.1333,84.0952,1
Santa Fe,2021,13,20.0595,5.5,72.9762,0
Santa Fe,2021,14,21.7238,104.3167,82.6429,6
Santa Fe,2021,15,20.3643,0.3333,78.0714,4
Santa Fe,2021,16,19.7071,29.6667,78.9762,5
Santa Fe,2021,17,17.3476,0.0,73.8571,9
Santa Fe,2021,18,14.069,12.0833,72.8571,6
Santa Fe,2021,19,12.5214,0.0,72.0476,1
Santa Fe,2021,20,13.8548,36.2167,80.3095,2
Santa Fe,2021,21,13.1786,0.5,68.881,1
Santa Fe,2021,22,15.2262,10.5833,69.8333,0
Santa Fe,2021,23,14.3548,0.0833,79.7857,1
Santa Fe,2021,24,9.1629,0.02,76.3143,0
Santa Fe,2021,25,10.4766,12.4833,83.6468,0
Santa Fe,2021,26,7.6659,0.0,71.5833,0
Santa Fe,2021,27,15.1881,1.3333,69.5952,0
Santa Fe,2021,28,11.15,16.4,76.3095,0
Santa Fe,2021,29,12.85,0.1667,64.8095,0
Santa Fe,2021,30,8.1429,0.0,60.119,0
Santa Fe,2022,1,26.5929,6.95,54.0,0
Santa Fe,2022,2,32.3976,31.0,44.2262,0
Santa Fe,2022,3,26.9738,43.4167,74.381,0
Santa Fe,2022,4,24.5643,27.9333,71.3571,0
Santa Fe,2022,5,24.6286,16.0167,66.8095,1
Santa Fe,2022,6,22.4729,3.2833,61.3095,0
Santa Fe,2022,7,25.4143,2.5,59.4,0
Santa Fe,2022,8,25.8,52.98,68.8286,0
Santa Fe,2022,9,24.0057,80.66,77.5714,2
Santa Fe,2022,10,20.6519,52.65,78.0286,2
Santa Fe,2022,11,20.5143,8.48,70.2286,3
Santa Fe,2022,12,19.6114,29.2,76.5143,1
Santa Fe,2022,13,17.2486,4.6,66.2857,3
Santa Fe,2022,14,20.6,43.8667,77.9143,3
Santa Fe,2022,15,16.5486,0.2,72.6571,2
Santa Fe,2022,16,17.8486,13.7833,76.5143,0
Santa Fe,2022,17,17.3657,11.15,71.5714,1
Santa Fe,2022,18,15.0171,0.0,76.3714,2
Santa Fe,2022,19,14.46,1.8333,77.0571,2
Santa Fe,2022,20,11.2686,0.0,74.1714,4
Santa Fe,2022,21,13.6,4.52,79.6,0
Santa Fe,2022,22,8.6657,0.02,71.4,0
Santa Fe,2022,23,9.3029,0.02,77.5714,0
Santa Fe,2022,24,11.2743,0.02,67.4,0
Santa Fe,2022,25,9.1914,0.12,76.2286,0
Santa Fe,2022,26,11.5429,3.12,73.4571,0
Santa Fe,2022,27,14.1057,0.1667,71.4571,0
Santa Fe,2022,28,10.1,5.9167,74.3429,1
Santa Fe,2022,29,14.8771,0.6,78.6571,1
Santa Fe,2022,30,15.6743,2.38,71.4286,0
Santa Fe,2022,31,12.5114,18.56,75.7429,0
Santa Fe,2022,32,13.6743,5.44,74.5714,0
Santa Fe,2022,33,11.0314,0.0333,55.4857,0
Santa Fe,2022,34,17.0571,0.6,63.1714,0
Santa Fe,2022,35,13.86,5.3833,60.2857,0
Santa Fe,2022,36,14.6371,0.0,54.7143,0
Santa Fe,2022,37,17.1571,10.24,56.4,0
Santa Fe,2022,38,14.5457,5.55,66.6,0
Santa Fe,2022,39,18.1057,0.0,57.0286,0
Santa Fe,2022,40,17.98,9.1,52.3714,0
Santa Fe,2022,41,16.6657,5.14,52.9429,0
Santa Fe,2022,42,18.8943,12.7167,70.2857,0
Santa Fe,2022,43,23.4171,23.35,55.3143,0
Santa Fe,2022,44,19.14,0.0,48.2857,0
Santa Fe,2022,45,22.3286,20.38,60.4,0
Santa Fe,2022,46,26.1229,7.04,48.4,0
Santa Fe,2022,47,25.7029,0.66,52.3714,0
Santa Fe,2022,48,26.6743,3.8333,54.6857,0
Santa Fe,2022,49,29.9371,36.06,53.8286,0
Santa Fe,2022,50,25.2029,0.4167,47.9714,0
Santa Fe,2023,1,27.7543,0.0,42.6286,0
Santa Fe,2023,2,27.0371,7.8667,51.4,1
Santa Fe,2023,3,28.6771,40.7,59.0,5
Santa Fe,2023,4,27.1429,33.9,66.0857,14
Santa Fe,2023,5,25.6857,4.5,64.5714,59
Santa Fe,2023,6,29.0743,2.0167,54.2857,293
Santa Fe,2023,7,21.8771,21.7,59.3429,195
Santa Fe,2023,8,24.5857,9.66,64.0286,408
Santa Fe,2023,9,27.4057,14.9333,65.2286,516
Santa Fe,2023,10,28.6086,0.0,58.6857,876
Santa Fe,2023,11,28.3143,12.8,68.7429,1725
Santa Fe,2023,12,23.6,66.88,80.6571,2130
Santa Fe,2023,13,22.3714,6.15,67.0857,2943
Santa Fe,2023,14,21.4771,24.04,75.8,2233
Santa Fe,2023,15,19.1143,6.85,72.2857,3513
Santa Fe,2023,16,16.3857,5.0733,70.1143,2490
Santa Fe,2023,17,20.0629,4.86,75.5143,1078
Santa Fe,2023,18,16.0429,17.1533,74.4286,841
Santa Fe,2023,19,16.4657,0.0,75.4857,587
Santa Fe,2023,20,18.0857,24.25,78.6571,431
Santa Fe,2023,21,18.5886,54.36,81.3714,237
Santa Fe,2023,22,17.4676,15.11,79.519,256
Santa Fe,2023,23,16.8057,0.3,75.7429,185
Santa Fe,2023,24,8.2857,0.0,76.3429,132
Santa Fe,2023,25,12.7314,1.24,87.2,19
Santa Fe,2023,26,14.8143,1.78,76.0857,16
Santa Fe,2023,27,17.7429,4.74,79.7143,17
Santa Fe,2023,28,10.1314,13.1333,83.7714,8
Santa Fe,2023,29,12.7314,0.86,71.2571,12
Santa Fe,2023,30,12.0429,0.0,75.1143,5
Santa Fe,2023,31,18.8829,0.0,67.1429,3
Santa Fe,2023,32,12.3914,2.9,66.6857,2
Santa Fe,2023,33,16.5857,4.16,66.1714,1
Santa Fe,2023,34,13.9771,0.04,64.3714,3
Santa Fe,2023,35,15.6686,25.0,63.8286,2
Santa Fe,2023,36,13.9029,7.98,72.3143,0
Santa Fe,2023,37,17.9286,4.84,55.2,0
Santa Fe,2023,38,17.7371,2.56,76.3429,0
Santa Fe,2023,39,16.5429,1.08,59.4,2
Santa Fe,2023,40,18.38,2.92,51.6571,0
Santa Fe,2023,41,18.5348,4.0,50.7667,1
Santa Fe,2023,42,21.6714,43.5,65.9143,5
Santa Fe,2023,43,21.3229,16.94,73.5429,1
Santa Fe,2023,44,15.9486,41.12,74.2571,0
Santa Fe,2023,45,23.4657,21.78,65.8286,2
Santa Fe,2023,46,21.599,31.8,65.3381,2
Santa Fe,2023,47,24.4352,45.66,63.9524,3
Santa Fe,2023,48,24.8771,58.54,74.0,7
Santa Fe,2023,49,21.9771,6.56,69.5143,5
Santa Fe,2023,50,26.2571,133.74,76.4286,20
Santa Fe,2023,51,23.6057,20.18,78.4857,17
Santa Fe,2023,52,24.6914,22.0,63.9714,27
Santa Fe,2024,1,25.7229,47.74,72.0286,116
Santa Fe,2024,2,25.2057,98.5,76.6857,231
Santa Fe,2024,3,24.9257,35.04,73.3714,482
Santa Fe,2024,4,24.98,0.0,63.1714,733
Santa Fe,2024,5,28.8086,0.0,61.1714,1322
Santa Fe,2024,6,29.5714,52.98,69.8571,1882
Santa Fe,2024,7,23.4657,11.72,72.6,2784
Santa Fe,2024,8,25.4429,47.36,74.9714,4190
Santa Fe,2024,9,25.2486,55.38,83.1714,4920
Santa Fe,2024,10,23.8857,35.42,73.3429,5226
Santa Fe,2024,11,26.8229,74.2,81.6,6851
Santa Fe,2024,12,23.3371,9.98,76.4571,7683
Santa Fe,2024,13,24.0886,22.56,72.7714,5884
Santa Fe,2024,14,19.52,24.2,83.0857,5685
Santa Fe,2024,15,18.8486,78.9,85.4857,4954
Santa Fe,2024,16,20.1743,26.1,76.4286,3690
Santa Fe,2024,17,18.22,10.56,80.7714,2878
Santa Fe,2024,18,16.8714,2.92,81.8571,1055
Santa Fe,2024,19,14.9657,2.98,79.6286,513
Santa Fe,2024,20,9.5543,0.0,75.7143,217
Santa Fe,2024,21,10.4943,1.74,79.5143,61
Santa Fe,2024,22,11.9771,0.0,78.0571,15
Santa Fe,2024,23,16.98,0.0,76.6286,5
Santa Fe,2024,24,18.7057,4.64,74.1429,11
Santa Fe,2024,25,16.38,0.28,86.2286,6
Santa Fe,2024,26,9.0371,0.0,67.0,7
Santa Fe,2024,27,8.9429,0.0,60.6857,1
Santa Fe,2024,28,4.2371,0.0,70.2571,0
Santa Fe,2024,29,12.8486,0.86,79.4,0
Santa Fe,2024,30,14.16,0.0,72.5667,0
Santa Fe,2024,31,16.46,3.52,63.8571,0
Santa Fe,2024,32,10.4429,1.32,66.4857,0
Santa Fe,2024,33,13.22,0.0,62.4857,1
Santa Fe,2024,34,9.9657,3.68,81.2857,0
Santa Fe,2024,35,12.9543,8.78,70.3143,0
Santa Fe,2024,36,16.8114,0.06,55.0,0
Santa Fe,2024,37,16.3086,0.2,65.0857,0
Santa Fe,2024,38,22.3571,0.24,53.2571,0
Santa Fe,2024,39,19.54,5.66,59.3429,0
Santa Fe,2024,40,21.1686,0.8,48.8857,0
Santa Fe,2024,41,19.7086,31.58,72.8857,0
Santa Fe,2024,42,21.9086,11.04,72.2857,0
Santa Fe,2024,43,22.3686,61.6,68.8571,1
Santa Fe,2024,44,23.9943,4.02,65.2,1
Santa Fe,2024,45,22.8714,21.18,65.4571,1
Santa Fe,2024,46,23.1314,12.64,55.8857,1
Santa Fe,2024,47,22.9343,24.46,69.7714,2
Santa Fe,2024,48,23.9057,33.5,78.0286,4
Santa Fe,2024,49,21.7543,26.28,56.7143,2
Santa Fe,2024,50,24.14,23.04,61.6857,0
Santa Fe,2024,51,22.9057,24.06,67.6,0
Santa Fe,2024,52,23.32,9.8,61.0286,2
Santa Fe,2025,1,26.4457,2.84,54.5714,3
Santa Fe,2025,2,27.0657,0.54,50.3143,3
Santa Fe,2025,3,27.6257,25.0,56.7714,6
Santa Fe,2025,4,26.5286,17.3,67.2,18
Santa Fe,2025,5,27.1429,15.96,63.9714,13
Santa Fe,2025,6,28.6571,40.86,63.1143,22
Santa Fe,2025,7,26.9229,46.22,71.1714,44
Santa Fe,2025,8,27.2,3.94,67.1143,109
Santa Fe,2025,9,26.18,110.08,82.0,114
Santa Fe,2025,10,26.9971,32.64,71.1143,188
Santa Fe,2025,11,19.8743,11.08,71.4286,280
Santa Fe,2025,12,24.0914,11.34,70.2,785
Santa Fe,2025,13,22.7886,45.96,83.1429,1080
Santa Fe,2025,14,15.9029,27.5,72.2286,1712
Santa Fe,2025,15,18.6657,10.96,83.5714,1111
Santa Fe,2025,16,18.1514,4.02,71.6857,922
Santa Fe,2025,17,18.8971,7.18,72.9714,1260
Santa Fe,2025,18,18.6629,11.74,70.7143,937
Santa Fe,2025,19,19.7257,15.94,84.7429,755
Santa Fe,2025,20,20.3857,43.98,76.1429,486
Santa Fe,2025,21,14.7171,12.38,80.1143,74
Santa Fe,2025,22,11.0086,12.28,77.4857,31
Santa Fe,2025,23,12.1971,0.38,83.0857,6
Santa Fe,2025,24,10.9571,11.6,80.4571,1
Santa Fe,2025,25,10.8829,2.0,83.4,1
Santa Fe,2025,26,7.4343,0.0,62.9429,0
Santa Fe,2025,27,8.0486,0.02,69.3714,0
Santa Fe,2025,28,14.5714,6.98,80.0571,0
Santa Fe,2025,29,13.4,13.46,70.1143,0
Santa Fe,2025,30,12.2686,28.78,85.2,0
Santa Fe,2025,31,14.4171,6.8,73.2,0
Santa Fe,2025,32,11.1371,0.0,65.3714,0
Santa Fe,2025,33,11.9229,0.0,70.3143,0
Santa Fe,2025,34,13.8543,66.24,71.3714,0
Santa Fe,2025,35,16.6286,71.28,69.3714,0
Santa Fe,2025,36,11.5571,2.0,70.7143,0
Santa Fe,2025,37,17.1714,4.86,63.8571,0
Santa Fe,2025,38,20.5171,46.78,77.9143,0
Santa Fe,2025,39,17.1314,8.86,63.2857,0
Santa Fe,2025,40,21.1429,12.88,68.7429,0
Santa Fe,2025,41,18.92,0.44,54.7429,0
Santa Fe,2025,42,20.9829,2.02,57.7429,1
Santiago del Estero,2018,1,26.0857,3.0,59.1429,0
Santiago del Estero,2018,2,27.9857,37.6,59.4286,0
Santiago del Estero,2018,3,25.3857,27.2,67.0,0
Santiago del Estero,2018,4,26.4286,29.3,73.7143,0
Santiago del Estero,2018,5,27.8143,0.0,64.4286,2
Santiago del Estero,2018,6,28.1143,18.0,58.5714,0
Santiago del Estero,2018,7,24.6143,11.0,65.1429,0
Santiago del Estero,2018,8,25.7857,10.0,59.4286,0
Santiago del Estero,2018,9,27.1714,12.0,59.4286,0
Santiago del Estero,2018,10,25.5429,0.0,61.1429,0
Santiago del Estero,2018,11,24.0143,0.0,58.4286,0
Santiago del Estero,2018,12,22.2143,0.0,53.7143,0
Santiago del Estero,2018,13,22.5571,2.0,56.1429,0
Santiago del Estero,2018,14,22.4,31.2,74.7143,1
Santiago del Estero,2018,15,21.4143,5.2,70.1429,7
Santiago del Estero,2018,16,25.6429,0.0,63.8571,35
Santiago del Estero,2018,17,24.2429,23.1,79.0,35
Santiago del Estero,2018,18,21.1714,6.2,88.2857,20
Santiago del Estero,2018,19,19.3857,3.0,76.5714,0
Santiago del Estero,2018,20,15.3429,4.3,78.7143,0
Santiago del Estero,2018,21,14.1429,0.0,71.1429,0
Santiago del Estero,2018,22,14.8571,0.0,68.4286,0
Santiago del Estero,2018,23,11.0429,0.0,67.2857,0
Santiago del Estero,2018,24,7.8429,0.0,64.2857,0
Santiago del Estero,2018,25,13.8714,0.0,53.8571,0
Santiago del Estero,2018,26,12.9429,0.0,73.0,0
Santiago del Estero,2018,27,10.4857,4.4,82.4286,0
Santiago del Estero,2019,1,26.5571,96.0,72.2857,0
Santiago del Estero,2019,2,23.5143,156.0,79.7143,0
Santiago del Estero,2019,3,22.5857,34.2,80.2857,0
Santiago del Estero,2019,4,29.8857,0.0,65.0,0
Santiago del Estero,2019,5,27.7,110.0,72.1429,1
Santiago del Estero,2019,6,26.3571,0.0,68.8571,0
Santiago del Estero,2019,7,23.0714,6.0,74.7143,0
Santiago del Estero,2019,8,29.7571,0.0,58.0,0
Santiago del Estero,2019,9,24.5286,2.2,69.1429,0
Santiago del Estero,2019,10,22.8571,51.0,80.1429,0
Santiago del Estero,2019,11,22.4571,2.8,78.8571,0
Santiago del Estero,2019,12,21.0857,1.0,75.2857,0
Santiago del Estero,2019,13,20.2143,23.0,85.5714,0
Santiago del Estero,2019,14,21.0714,29.5,80.2857,1
Santiago del Estero,2019,15,21.2,0.0,71.4286,0
Santiago del Estero,2019,16,20.9571,11.9,90.1429,0
Santiago del Estero,2019,17,16.7429,33.0,88.1429,1
Santiago del Estero,2019,18,19.3857,9.7,85.2857,1
Santiago del Estero,2019,19,18.0857,2.3,83.7143,0
Santiago del Estero,2019,20,16.1,0.0,73.4286,0
Santiago del Estero,2019,21,12.1,6.0,79.8571,0
Santiago del Estero,2019,22,14.3286,0.0,82.8571,0
Santiago del Estero,2019,23,14.7429,0.0,73.8571,0
Santiago del Estero,2019,24,15.9286,3.1,83.5714,0
Santiago del Estero,2019,25,12.8714,0.0,74.5714,0
Santiago del Estero,2019,26,11.1571,0.0,75.5714,0
Santiago del Estero,2019,27,8.3714,0.0,69.1429,0
Santiago del Estero,2019,28,14.7714,0.0,69.2857,0
Santiago del Estero,2019,29,15.4857,0.0,72.7143,0
Santiago del Estero,2019,30,10.4,1.1,58.7143,0
Santiago del Estero,2019,31,13.0,0.0,57.4286,0
Santiago del Estero,2019,32,13.3571,0.0,43.2857,0
Santiago del Estero,2019,33,13.1857,0.0,52.4286,0
Santiago del Estero,2019,34,14.9571,0.0,53.5714,0
Santiago del Estero,2019,35,19.6857,0.0,51.5714,0
Santiago del Estero,2019,36,14.0429,0.0,50.8571,0
Santiago del Estero,2019,37,17.6286,0.0,58.8571,0
Santiago del Estero,2019,38,17.1714,0.0,39.5714,0
Santiago del Estero,2019,39,23.8,0.0,37.4286,0
Santiago del Estero,2019,40,19.9571,2.0,51.1429,0
Santiago del Estero,2019,41,27.4286,12.0,44.1429,0
Santiago del Estero,2019,42,16.8,3.0,70.5714,0
Santiago del Estero,2019,43,25.3143,0.0,48.5714,0
Santiago del Estero,2019,44,24.8143,11.7,64.0,0
Santiago del Estero,2019,45,25.4286,3.0,64.7143,0
Santiago del Estero,2019,46,28.0714,3.0,53.8571,0
Santiago del Estero,2019,47,29.1286,8.0,54.4286,0
Santiago del Estero,2019,48,26.9667,65.0,57.3333,0
Santiago del Estero,2019,49,23.3857,19.3,66.0,0
Santiago del Estero,2019,50,27.4571,18.0,65.8571,0
Santiago del Estero,2019,51,26.6429,0.0,62.7143,0
Santiago del Estero,2019,52,29.1571,16.3,62.7143,0
Santiago del Estero,2020,1,28.6857,4.0,64.8571,0
Santiago del Estero,2020,2,28.5,31.5,70.4286,0
Santiago del Estero,2020,3,27.8143,10.0,70.5714,0
Santiago del Estero,2020,4,28.8,34.0,64.1429,0
Santiago del Estero,2020,5,27.5857,0.0,58.8571,1
Santiago del Estero,2020,6,27.6143,116.0,74.4286,0
Santiago del Estero,2020,7,25.6714,8.2,78.5714,0
Santiago del Estero,2020,8,23.9,27.0,63.5714,8
Santiago del Estero,2020,9,25.0571,0.0,60.0,22
Santiago del Estero,2020,10,27.9286,0.0,55.8571,8
Santiago del Estero,2020,11,27.7429,40.0,70.7143,2
Santiago del Estero,2020,12,23.0571,12.0,76.7143,4
Santiago del Estero,2020,13,24.3286,26.7,76.2857,3
Santiago del Estero,2020,14,22.3429,19.0,80.1429,6
Santiago del Estero,2020,15,19.4857,0.0,63.1429,6
Santiago del Estero,2020,16,18.9143,0.5,66.4286,17
Santiago del Estero,2020,17,23.7429,9.9,64.8571,17
Santiago del Estero,2020,18,19.9429,8.0,82.7143,4
Santiago del Estero,2020,19,15.7,0.0,70.0,2
Santiago del Estero,2020,20,16.4714,0.0,60.8571,1
Santiago del Estero,2020,21,15.1857,0.0,60.2857,28
Santiago del Estero,2020,22,13.9286,0.0,60.4286,21
Santiago del Estero,2020,23,11.3143,1.2,67.1429,14
Santiago del Estero,2020,24,16.0571,0.0,66.5714,4
Santiago del Estero,2020,25,15.3571,0.0,63.8571,0
Santiago del Estero,2020,26,11.6143,0.4,72.0,0
Santiago del Estero,2020,27,9.7286,0.0,64.1429,0
Santiago del Estero,2020,28,9.6571,0.0,64.8571,0
Santiago del Estero,2020,29,13.6,0.0,61.1429,0
Santiago del Estero,2020,30,12.3429,0.0,57.5714,0
Santiago del Estero,2020,31,11.2429,0.0,49.7143,0
Santiago del Estero,2020,32,19.8857,0.0,50.7143,0
Santiago del Estero,2020,33,12.9429,0.0,40.4286,0
Santiago del Estero,2020,34,12.1286,0.0,38.0,0
Santiago del Estero,2020,35,18.9714,0.0,47.5714,0
Santiago del Estero,2020,36,14.8,0.0,57.7143,0
Santiago del Estero,2020,37,20.2429,0.0,50.7143,0
Santiago del Estero,2020,38,20.5571,0.0,30.5714,0
Santiago del Estero,2020,39,23.5857,0.0,37.8571,0
Santiago del Estero,2020,40,21.0143,0.0,40.8571,0
Santiago del Estero,2020,41,22.4571,0.0,42.2857,0
Santiago del Estero,2020,42,25.8,2.0,44.1429,0
Santiago del Estero,2020,43,25.3714,7.0,64.8571,0
Santiago del Estero,2020,44,22.6,0.0,37.7143,0
Santiago del Estero,2020,45,25.8429,2.0,38.4286,0
Santiago del Estero,2020,46,25.3,65.0,65.7143,0
Santiago del Estero,2020,47,25.4857,3.0,53.2857,0
Santiago del Estero,2020,48,29.3571,21.0,55.5714,0
Santiago del Estero,2020,49,23.5143,18.0,64.5714,0
Santiago del Estero,2020,50,29.6286,0.0,42.0,0
Santiago del Estero,2020,51,28.5571,0.0,47.4286,0
Santiago del Estero,2020,52,28.7,35.0,52.5714,0
Santiago del Estero,2020,53,27.1,32.0,60.0,0
Santiago del Estero,2021,1,25.5429,39.0,75.7143,0
Santiago del Estero,2021,2,25.4,25.0,77.4286,0
Santiago del Estero,2021,3,27.6571,2.0,56.5714,0
Santiago del Estero,2021,4,28.1714,4.3,64.2857,0
Santiago del Estero,2021,5,24.2429,13.0,68.4286,0
Santiago del Estero,2021,6,24.6143,115.6,76.7143,0
Santiago del Estero,2021,7,24.8857,25.0,73.5714,0
Santiago del Estero,2021,8,27.9571,2.0,67.1429,0
Santiago del Estero,2021,9,26.1429,142.6,74.2857,0
Santiago del Estero,2021,10,25.9,11.0,68.8571,0
Santiago del Estero,2021,11,21.7857,12.0,82.1429,0
Santiago del Estero,2021,12,22.4571,31.0,77.2857,0
Santiago del Estero,2021,13,22.3571,0.0,68.7143,0
Santiago del Estero,2021,14,23.5286,0.4,77.5714,0
Santiago del Estero,2021,15,22.6286,0.0,73.1429,0
Santiago del Estero,2021,16,22.6857,36.0,74.5714,0
Santiago del Estero,2021,17,17.9714,0.0,71.7143,0
Santiago del Estero,2021,18,14.7571,5.0,77.0,0
Santiago del Estero,2021,19,15.0571,0.0,72.5714,0
Santiago del Estero,2021,20,17.5714,0.0,70.4286,0
Santiago del Estero,2021,21,13.0143,0.0,67.2857,0
Santiago del Estero,2021,22,15.7429,0.0,71.8571,0
Santiago del Estero,2021,23,15.1429,0.0,78.8571,0
Santiago del Estero,2021,24,9.1286,1.5,77.0,0
Santiago del Estero,2021,25,9.0286,0.0,77.2857,0
Santiago del Estero,2021,26,7.9286,0.0,55.0,0
Santiago del Estero,2021,27,16.4857,0.0,61.0,0
Santiago del Estero,2021,28,12.7143,0.0,61.2857,0
Santiago del Estero,2021,29,12.3429,0.0,53.7143,0
Santiago del Estero,2021,30,9.7,0.0,51.0,0
Santiago del Estero,2022,1,29.8143,4.0,45.5714,0
Santiago del Estero,2022,2,33.9286,0.0,34.5714,0
Santiago del Estero,2022,3,27.4857,39.8,71.1429,0
Santiago del Estero,2022,4,25.8,23.7,72.0,0
Santiago del Estero,2022,5,27.0429,6.1,59.0,0
Santiago del Estero,2022,6,25.3143,5.0,53.8571,1
Santiago del Estero,2022,7,27.5286,16.4,61.5714,0
Santiago del Estero,2022,8,27.0429,27.4,67.8571,0
Santiago del Estero,2022,9,26.2143,59.0,78.1429,0
Santiago del Estero,2022,10,21.4286,121.0,85.0,0
Santiago del Estero,2022,11,22.6429,0.0,67.8571,0
Santiago del Estero,2022,12,21.5143,0.0,65.1429,0
Santiago del Estero,2022,13,19.4286,1.0,60.2857,0
Santiago del Estero,2022,14,22.6143,0.1,77.0,2
Santiago del Estero,2022,15,18.5571,14.8,77.7143,0
Santiago del Estero,2022,16,19.9286,0.0,72.2857,1
Santiago del Estero,2022,17,19.5857,0.0,62.7143,0
Santiago del Estero,2022,18,16.1429,0.5,64.4286,0
Santiago del Estero,2022,19,18.6714,0.0,71.0,0
Santiago del Estero,2022,20,11.0143,0.0,67.8571,0
Santiago del Estero,2022,21,15.2714,0.0,74.2857,0
Santiago del Estero,2022,22,10.8857,0.0,63.5714,0
Santiago del Estero,2022,23,12.5857,0.0,71.7143,0
Santiago del Estero,2022,24,12.7,0.0,47.1429,0
Santiago del Estero,2022,25,10.3429,8.7,72.2857,0
Santiago del Estero,2022,26,11.5286,0.0,77.1429,0
Santiago del Estero,2022,27,14.7429,0.0,65.4286,0
Santiago del Estero,2022,28,11.2571,0.5,57.2857,0
Santiago del Estero,2022,29,14.8143,0.0,71.1429,0
Santiago del Estero,2022,30,16.7429,0.0,65.0,0
Santiago del Estero,2022,31,14.8,2.7,59.5714,0
Santiago del Estero,2022,32,13.8143,0.0,59.4286,0
Santiago del Estero,2022,33,13.0,0.0,41.5714,0
Santiago del Estero,2022,34,19.0143,0.0,48.0,0
Santiago del Estero,2022,35,15.9857,0.0,40.1429,0
Santiago del Estero,2022,36,16.9,0.0,33.8571,0
Santiago del Estero,2022,37,20.3286,0.0,34.2857,0
Santiago del Estero,2022,38,16.7857,0.3,51.4286,0
Santiago del Estero,2022,39,19.4429,8.0,58.1429,0
Santiago del Estero,2022,40,22.1714,0.1,38.0,0
Santiago del Estero,2022,41,19.1429,2.0,42.2857,0
Santiago del Estero,2022,42,20.9857,3.0,63.5714,0
Santiago del Estero,2022,43,28.0714,0.0,41.2857,0
Santiago del Estero,2022,44,21.2,0.0,31.7143,0
Santiago del Estero,2022,45,25.9571,47.0,52.1429,0
Santiago del Estero,2022,46,28.5714,55.0,45.1429,0
Santiago del Estero,2022,47,25.7429,0.7,54.4286,0
Santiago del Estero,2022,48,26.8857,4.0,54.4286,0
Santiago del Estero,2022,49,32.1286,4.0,48.5714,0
Santiago del Estero,2022,50,28.0,16.0,50.4286,0
Santiago del Estero,2023,1,30.3714,0.0,38.8571,1
Santiago del Estero,2023,2,28.5571,24.0,51.4286,0
Santiago del Estero,2023,3,31.7143,0.1,49.0,2
Santiago del Estero,2023,4,29.3,63.0,65.0,0
Santiago del Estero,2023,5,26.7571,34.5,73.0,1
Santiago del Estero,2023,6,30.4,0.0,55.5714,1
Santiago del Estero,2023,7,23.5143,54.0,70.0,8
Santiago del Estero,2023,8,26.2143,0.0,65.4286,23
Santiago del Estero,2023,9,27.2714,37.0,69.5714,144
Santiago del Estero,2023,10,28.9857,12.0,65.4286,445
Santiago del Estero,2023,11,29.4,0.0,63.7143,449
Santiago del Estero,2023,12,28.0714,98.0,70.4286,1026
Santiago del Estero,2023,13,23.0286,10.0,78.4286,2263
Santiago del Estero,2023,14,22.3429,38.0,85.7143,1692
Santiago del Estero,2023,15,19.8857,16.7,81.1429,1866
Santiago del Estero,2023,16,18.5429,60.0,78.8571,1942
Santiago del Estero,2023,17,19.8857,0.0,83.2857,971
Santiago del Estero,2023,18,16.0714,3.2,74.2857,965
Santiago del Estero,2023,19,17.7857,0.0,76.4286,765
Santiago del Estero,2023,20,19.7429,0.0,77.2857,921
Santiago del Estero,2023,21,19.4,13.0,86.8571,515
Santiago del Estero,2023,22,18.2286,0.0,85.4286,614
Santiago del Estero,2023,23,17.9286,0.0,71.5714,432
Santiago del Estero,2023,24,8.1714,0.0,71.2857,320
Santiago del Estero,2023,25,14.9286,0.0,78.0,297
Santiago del Estero,2023,26,16.8571,2.0,77.4286,58
Santiago del Estero,2023,27,18.7429,0.2,79.0,48
Santiago del Estero,2023,28,12.3571,0.2,77.1429,7
Santiago del Estero,2023,29,13.7714,0.0,63.4286,3
Santiago del Estero,2023,30,13.0143,0.0,65.7143,2
Santiago del Estero,2023,31,19.4857,0.0,60.7143,0
Santiago del Estero,2023,32,14.9286,0.0,53.4286,2
Santiago del Estero,2023,33,18.3857,0.0,57.0,1
Santiago del Estero,2023,34,16.9571,0.0,51.0,0
Santiago del Estero,2023,35,17.4429,3.5,54.1429,0
Santiago del Estero,2023,36,16.8,0.0,69.1429,0
Santiago del Estero,2023,37,21.3286,0.0,37.7143,0
Santiago del Estero,2023,38,22.3429,0.0,55.1429,0
Santiago del Estero,2023,39,21.4286,0.0,48.8571,0
Santiago del Estero,2023,40,23.1286,0.0,40.5714,0
Santiago del Estero,2023,41,23.3714,0.0,37.4286,1
Santiago del Estero,2023,42,24.8857,14.0,61.0,0
Santiago del Estero,2023,43,23.3143,13.9,79.1429,0
Santiago del Estero,2023,44,19.6571,4.0,62.1429,0
Santiago del Estero,2023,45,27.9571,37.7,57.2857,0
Santiago del Estero,2023,46,26.8714,1.1,57.1429,1
Santiago del Estero,2023,47,26.6143,31.0,63.0,0
Santiago del Estero,2023,48,26.6857,42.0,75.1429,2
Santiago del Estero,2023,49,23.5,13.0,73.0,4
Santiago del Estero,2023,50,31.1429,35.0,60.1429,5
Santiago del Estero,2023,51,24.5429,23.1,80.1429,19
Santiago del Estero,2023,52,27.7857,22.0,68.2857,27
Santiago del Estero,2024,1,29.6857,6.0,60.1429,28
Santiago del Estero,2024,2,27.8,35.0,73.1429,77
Santiago del Estero,2024,3,28.1,17.3,64.8571,78
Santiago del Estero,2024,4,28.0143,0.0,55.1429,129
Santiago del Estero,2024,5,32.4714,0.0,47.0,152
Santiago del Estero,2024,6,30.3857,20.0,67.1429,231
Santiago del Estero,2024,7,26.6857,38.2,66.0,392
Santiago del Estero,2024,8,26.5429,19.0,70.8571,545
Santiago del Estero,2024,9,27.2143,78.5,81.8571,656
Santiago del Estero,2024,10,26.0714,8.0,83.1429,1100
Santiago del Estero,2024,11,29.8143,10.8,74.0,1761
Santiago del Estero,2024,12,24.9143,0.0,74.0,2400
Santiago del Estero,2024,13,27.8,0.0,64.0,2482
Santiago del Estero,2024,14,21.3571,6.5,84.4286,2649
Santiago del Estero,2024,15,18.1857,32.9,91.4286,2022
Santiago del Estero,2024,16,21.3,0.0,67.4286,1679
Santiago del Estero,2024,17,17.9571,27.7,91.4286,989
Santiago del Estero,2024,18,17.7571,0.0,84.0,713
Santiago del Estero,2024,19,15.7429,2.0,78.5714,388
Santiago del Estero,2024,20,10.3571,0.0,72.4286,232
Santiago del Estero,2024,21,12.5429,0.0,72.1429,95
Santiago del Estero,2024,22,11.0286,0.0,71.2857,2
Santiago del Estero,2024,23,17.1286,0.0,67.8571,4
Santiago del Estero,2024,24,19.0857,0.0,69.1429,3
Santiago del Estero,2024,25,17.2,0.0,85.1429,3
Santiago del Estero,2024,26,9.5714,0.0,62.7143,2
Santiago del Estero,2024,27,11.5429,0.0,53.2857,0
Santiago del Estero,2024,28,5.9714,0.0,65.4286,0
Santiago del Estero,2024,29,11.2429,2.1,70.4286,0
Santiago del Estero,2024,30,14.2286,0.0,66.8571,0
Santiago del Estero,2024,31,16.8143,0.0,59.5714,0
Santiago del Estero,2024,32,12.6143,0.0,54.0,0
Santiago del Estero,2024,33,14.6857,0.0,50.5714,0
Santiago del Estero,2024,34,12.4857,0.0,71.0,0
Santiago del Estero,2024,35,15.8857,0.0,52.0,0
Santiago del Estero,2024,36,19.9571,0.0,42.4286,0
Santiago del Estero,2024,37,19.8429,0.0,50.5714,0
Santiago del Estero,2024,38,26.5,0.0,42.5714,0
Santiago del Estero,2024,39,23.4714,0.5,47.2857,0
Santiago del Estero,2024,40,25.5857,0.0,40.1429,0
Santiago del Estero,2024,41,22.0571,64.6,77.4286,0
Santiago del Estero,2024,42,25.9286,1.0,66.7143,0
Santiago del Estero,2024,43,25.6714,0.0,50.5714,0
Santiago del Estero,2024,44,26.7286,28.0,59.1429,0
Santiago del Estero,2024,45,24.6571,20.0,72.2857,0
Santiago del Estero,2024,46,25.1286,11.3,53.0,0
Santiago del Estero,2024,47,23.5571,21.0,82.0,0
Santiago del Estero,2024,48,26.6429,89.0,81.2857,0
Santiago del Estero,2024,49,24.3286,0.6,63.4286,0
Santiago del Estero,2024,50,26.5857,15.0,62.5714,0
Santiago del Estero,2024,51,27.9429,0.5,54.5714,0
Santiago del Estero,2024,52,28.2286,12.0,54.7143,0
Santiago del Estero,2025,1,29.6,1.2,53.1429,0
Santiago del Estero,2025,2,28.6714,17.1,60.7143,0
Santiago del Estero,2025,3,30.1,16.0,51.2857,0
Santiago del Estero,2025,4,27.6429,96.0,68.2857,0
Santiago del Estero,2025,5,27.7429,35.0,72.1429,0
Santiago del Estero,2025,6,32.7429,0.0,53.8571,0
Santiago del Estero,2025,7,30.7429,29.6,61.4286,1
Santiago del Estero,2025,8,28.7,4.0,71.5714,0
Santiago del Estero,2025,9,30.0714,22.0,67.8571,0
Santiago del Estero,2025,10,28.7857,14.6,61.4286,0
Santiago del Estero,2025,11,21.3714,0.0,77.2857,0
Santiago del Estero,2025,12,25.4,32.6,71.8571,0
Santiago del Estero,2025,13,20.8,34.8,91.2857,0
Santiago del Estero,2025,14,17.1143,0.8,71.0,0
Santiago del Estero,2025,15,20.0143,0.0,74.7143,0
Santiago del Estero,2025,16,21.8429,1.2,70.2857,0
Santiago del Estero,2025,17,19.8714,3.8,80.2857,0
Santiago del Estero,2025,18,20.4857,0.0,72.5714,0
Santiago del Estero,2025,19,21.8286,5.6,82.2857,0
Santiago del Estero,2025,20,21.9571,1.0,70.4286,0
Santiago del Estero,2025,21,16.1571,11.9,87.8571,0
Santiago del Estero,2025,22,10.8286,2.7,77.2857,0
Santiago del Estero,2025,23,14.1143,0.0,78.5714,0
Santiago del Estero,2025,24,12.5143,0.0,74.1429,0
Santiago del Estero,2025,25,11.2286,0.0,73.2857,0
Santiago del Estero,2025,26,8.9714,0.0,61.4286,0
Santiago del Estero,2025,27,9.8286,0.0,64.1429,0
Santiago del Estero,2025,28,17.1429,1.2,77.7143,0
Santiago del Estero,2025,29,13.8714,0.0,63.5714,0
Santiago del Estero,2025,30,13.1857,5.7,83.4286,0
Santiago del Estero,2025,31,14.8429,0.0,73.1429,0
Santiago del Estero,2025,32,13.9714,0.0,58.4286,0
Santiago del Estero,2025,33,16.0571,0.0,54.1429,0
Santiago del Estero,2025,34,16.5714,0.0,51.2857,0
Santiago del Estero,2025,35,17.8857,0.0,47.7143,0
Santiago del Estero,2025,36,14.8571,0.0,50.8571,0
Santiago del Estero,2025,37,22.0857,0.0,46.1429,0
Santiago del Estero,2025,38,26.0429,0.0,62.1429,0
Santiago del Estero,2025,39,22.6143,0.0,41.4286,0
Santiago del Estero,2025,40,25.5714,0.0,53.0,0
Santiago del Estero,2025,41,22.5571,0.0,36.8571,0
Santiago del Estero,2025,42,24.5714,19.0,54.1429,0
Tierra del Fuego,2018,1,8.4643,14.05,77.2143,0
Tierra del Fuego,2018,2,12.7286,3.15,70.9286,0
Tierra del Fuego,2018,3,11.0429,2.6,68.2857,0
Tierra del Fuego,2018,4,10.9857,1.0,69.2143,0
Tierra del Fuego,2018,5,12.4,3.1,70.8571,0
Tierra del Fuego,2018,6,9.2,2.65,67.0,0
Tierra del Fuego,2018,7,10.6143,7.0,75.8571,0
Tierra del Fuego,2018,8,11.9929,0.4,68.0,0
Tierra del Fuego,2018,9,9.9286,1.25,68.5,0
Tierra del Fuego,2018,10,9.2571,3.75,71.1429,0
Tierra del Fuego,2018,11,6.75,17.9,75.2857,0
Tierra del Fuego,2018,12,7.8143,1.15,70.2143,0
Tierra del Fuego,2018,13,7.8643,3.5,71.2857,0
Tierra del Fuego,2018,14,4.4714,7.95,79.7857,0
Tierra del Fuego,2018,15,7.3429,1.6,74.2857,0
Tierra del Fuego,2018,16,5.3143,6.35,80.6429,0
Tierra del Fuego,2018,17,4.1571,7.2,75.8571,0
Tierra del Fuego,2018,18,5.1786,0.4,77.3571,0
Tierra del Fuego,2018,19,4.75,1.1,78.9286,0
Tierra del Fuego,2018,20,2.6571,2.45,83.2143,0
Tierra del Fuego,2018,21,3.3643,22.15,85.2857,0
Tierra del Fuego,2018,22,3.4357,0.3,73.6429,0
Tierra del Fuego,2018,23,2.1571,0.9,84.9286,0
Tierra del Fuego,2018,24,1.8714,1.25,79.7143,0
Tierra del Fuego,2018,25,-0.0643,34.25,85.7857,0
Tierra del Fuego,2018,26,-0.2286,14.25,84.9286,0
Tierra del Fuego,2018,27,-0.7,1.0,87.1429,0
Tierra del Fuego,2019,1,8.7286,2.45,65.0714,0
Tierra del Fuego,2019,2,9.4,9.1,64.4286,0
Tierra del Fuego,2019,3,11.1786,2.05,64.2143,0
Tierra del Fuego,2019,4,10.5929,4.35,60.1429,0
Tierra del Fuego,2019,5,10.2429,8.55,68.6429,0
Tierra del Fuego,2019,6,11.65,2.5,62.9286,0
Tierra del Fuego,2019,7,10.3571,5.5,65.7143,0
Tierra del Fuego,2019,8,6.0143,11.0,73.8571,0
Tierra del Fuego,2019,9,8.6357,8.55,80.0,0
Tierra del Fuego,2019,10,8.1929,2.45,72.7857,0
Tierra del Fuego,2019,11,8.9857,24.55,80.3571,0
Tierra del Fuego,2019,12,8.9429,10.6,79.9286,0
Tierra del Fuego,2019,13,9.6357,4.15,73.6429,0
Tierra del Fuego,2019,14,6.3643,26.65,79.5714,0
Tierra del Fuego,2019,15,5.4786,14.4,79.2857,0
Tierra del Fuego,2019,16,5.1786,15.85,79.6429,0
Tierra del Fuego,2019,17,6.0143,7.25,80.3571,0
Tierra del Fuego,2019,18,2.2929,0.25,78.9286,0
Tierra del Fuego,2019,19,6.0571,4.8,71.1429,0
Tierra del Fuego,2019,20,5.4071,1.85,81.5,0
Tierra del Fuego,2019,21,4.2357,25.5,83.7143,0
Tierra del Fuego,2019,22,1.7214,6.65,81.2857,0
Tierra del Fuego,2019,23,3.4929,5.25,86.6429,0
Tierra del Fuego,2019,24,0.9429,2.75,86.1429,0
Tierra del Fuego,2019,25,3.1643,13.3,84.9286,0
Tierra del Fuego,2019,26,-1.7857,12.85,88.2143,0
Tierra del Fuego,2019,27,-0.6143,4.85,89.2857,0
Tierra del Fuego,2019,28,3.3,17.6,92.9286,0
Tierra del Fuego,2019,29,2.05,4.2,82.2857,0
Tierra del Fuego,2019,30,2.6571,8.55,83.3571,0
Tierra del Fuego,2019,31,3.0286,12.5,79.9286,0
Tierra del Fuego,2019,32,0.4143,29.2,83.2143,0
Tierra del Fuego,2019,33,0.3143,0.1,79.0714,0
Tierra del Fuego,2019,34,3.4429,3.9,81.1429,0
Tierra del Fuego,2019,35,2.9071,14.95,78.1429,0
Tierra del Fuego,2019,36,2.5214,2.95,78.5714,0
Tierra del Fuego,2019,37,3.4429,8.05,75.2143,0
Tierra del Fuego,2019,38,3.05,11.4,82.0,0
Tierra del Fuego,2019,39,7.1,8.25,73.2857,0
Tierra del Fuego,2019,40,4.3929,6.7,71.7143,0
Tierra del Fuego,2019,41,2.6286,18.25,74.8571,0
Tierra del Fuego,2019,42,8.05,1.55,67.5714,0
Tierra del Fuego,2019,43,8.3071,0.9,66.2143,0
Tierra del Fuego,2019,44,6.5214,4.0,68.0714,0
Tierra del Fuego,2019,45,4.9786,6.1,71.7143,0
Tierra del Fuego,2019,46,9.9071,8.8,74.0714,0
Tierra del Fuego,2019,47,9.4286,7.55,68.2857,0
Tierra del Fuego,2019,48,8.1857,9.45,69.9286,0
Tierra del Fuego,2019,49,9.7429,11.55,69.2143,0
Tierra del Fuego,2019,50,8.7857,12.1,73.7857,0
Tierra del Fuego,2019,51,10.0857,18.55,71.0,0
Tierra del Fuego,2019,52,11.4143,6.05,60.9286,0
Tierra del Fuego,2020,1,11.9429,2.45,62.0714,0
Tierra del Fuego,2020,2,10.15,41.15,76.1429,0
Tierra del Fuego,2020,3,9.9857,33.1,79.4286,0
Tierra del Fuego,2020,4,10.3571,5.0,70.5714,0
Tierra del Fuego,2020,5,10.3857,10.9,72.2143,0
Tierra del Fuego,2020,6,11.2286,5.05,75.2143,0
Tierra del Fuego,2020,7,10.7071,5.25,73.0,0
Tierra del Fuego,2020,8,11.4214,10.95,71.5,0
Tierra del Fuego,2020,9,10.7071,10.3,71.7143,0
Tierra del Fuego,2020,10,11.5357,11.65,73.6429,1
Tierra del Fuego,2020,11,10.3643,8.0,77.3571,0
Tierra del Fuego,2020,12,8.2571,10.35,72.2857,1
Tierra del Fuego,2020,13,8.3286,2.45,73.6429,0
Tierra del Fuego,2020,14,8.1643,2.1,72.7143,0
Tierra del Fuego,2020,15,9.3,1.1,70.9286,0
Tierra del Fuego,2020,16,8.3643,0.45,75.8571,1
Tierra del Fuego,2020,17,4.1714,4.5,76.2143,0
Tierra del Fuego,2020,18,6.0714,2.35,83.6429,0
Tierra del Fuego,2020,19,4.4,6.1,84.6429,1
Tierra del Fuego,2020,20,4.3071,8.5,82.5714,0
Tierra del Fuego,2020,21,4.5,31.25,84.5,0
Tierra del Fuego,2020,22,5.3143,7.55,81.6429,0
Tierra del Fuego,2020,23,5.1571,4.75,76.1429,0
Tierra del Fuego,2020,24,0.4143,5.75,83.7857,0
Tierra del Fuego,2020,25,1.4071,5.4,88.7857,0
Tierra del Fuego,2020,26,-1.2429,6.65,85.9881,0
Tierra del Fuego,2020,27,-3.1357,0.0,86.8571,0
Tierra del Fuego,2020,28,0.05,10.25,84.0,0
Tierra del Fuego,2020,29,-3.2214,5.35,90.7143,0
Tierra del Fuego,2020,30,-1.2929,4.0,86.2619,0
Tierra del Fuego,2020,31,2.2,4.75,83.8571,0
Tierra del Fuego,2020,32,3.4429,0.6,76.8571,0
Tierra del Fuego,2020,33,-0.0643,9.75,84.0,0
Tierra del Fuego,2020,34,2.6857,6.3,81.8571,0
Tierra del Fuego,2020,35,0.5143,12.15,79.6429,0
Tierra del Fuego,2020,36,2.6429,3.9,84.2143,0
Tierra del Fuego,2020,37,4.7929,2.05,76.8571,0
Tierra del Fuego,2020,38,3.1929,12.6,74.8571,0
Tierra del Fuego,2020,39,6.2143,1.9,73.1429,0
Tierra del Fuego,2020,40,2.7,12.9,77.5714,0
Tierra del Fuego,2020,41,6.7571,1.2,67.7143,0
Tierra del Fuego,2020,42,6.7571,14.3,74.0714,0
Tierra del Fuego,2020,43,6.4571,2.7,75.2857,0
Tierra del Fuego,2020,44,8.5,3.8,74.0,0
Tierra del Fuego,2020,45,9.9143,0.45,69.6429,0
Tierra del Fuego,2020,46,9.1571,0.8,67.7143,0
Tierra del Fuego,2020,47,11.3857,1.4,72.5714,0
Tierra del Fuego,2020,48,7.6786,5.7,72.5,0
Tierra del Fuego,2020,49,9.5643,2.5,71.2143,0
Tierra del Fuego,2020,50,9.8143,9.25,79.1429,0
Tierra del Fuego,2020,51,8.3286,9.85,75.0,0
Tierra del Fuego,2020,52,11.4286,0.95,61.1429,0
Tierra del Fuego,2020,53,11.9071,5.4,67.2857,0
Tierra del Fuego,2021,1,11.4571,14.55,65.3571,0
Tierra del Fuego,2021,2,10.2214,3.9,74.0,0
Tierra del Fuego,2021,3,12.0429,6.15,62.6429,0
Tierra del Fuego,2021,4,7.9286,3.55,69.5,0
Tierra del Fuego,2021,5,11.7571,0.9,68.9286,0
Tierra del Fuego,2021,6,12.5643,6.5,73.0714,0
Tierra del Fuego,2021,7,10.4643,5.0,72.7143,0
Tierra del Fuego,2021,8,10.2214,3.95,70.0714,0
Tierra del Fuego,2021,9,10.1,3.25,67.5,0
Tierra del Fuego,2021,10,9.5429,6.3,66.2857,0
Tierra del Fuego,2021,11,8.7786,4.85,72.5,0
Tierra del Fuego,2021,12,8.4857,13.05,74.2857,0
Tierra del Fuego,2021,13,6.8,3.35,79.6429,0
Tierra del Fuego,2021,14,7.3429,7.15,75.7143,0
Tierra del Fuego,2021,15,8.2857,5.4,70.1429,0
Tierra del Fuego,2021,16,6.5929,4.6,82.7857,0
Tierra del Fuego,2021,17,4.3786,5.9,87.2857,0
Tierra del Fuego,2021,18,4.6214,0.25,82.6429,0
Tierra del Fuego,2021,19,7.2357,1.3,74.0,0
Tierra del Fuego,2021,20,6.3286,20.7,91.3571,0
Tierra del Fuego,2021,21,-1.1786,12.05,88.2857,0
Tierra del Fuego,2021,22,-1.0357,8.25,88.7857,0
Tierra del Fuego,2021,23,3.8786,1.9,84.1429,0
Tierra del Fuego,2021,24,2.1429,0.5,86.0714,0
Tierra del Fuego,2021,25,3.5286,4.85,82.2857,0
Tierra del Fuego,2021,26,4.0714,2.75,81.6429,0
Tierra del Fuego,2021,27,3.0214,7.05,82.9286,0
Tierra del Fuego,2021,28,0.3571,18.25,88.6429,0
Tierra del Fuego,2021,29,2.4071,5.15,83.7857,0
Tierra del Fuego,2021,30,3.7214,6.8,80.4286,0
Tierra del Fuego,2022,1,9.4071,4.65,61.7857,0
Tierra del Fuego,2022,2,8.3071,18.35,64.5,0
Tierra del Fuego,2022,3,10.7929,2.4,74.7143,0
Tierra del Fuego,2022,4,10.1286,13.95,73.0714,0
Tierra del Fuego,2022,5,9.0071,6.1,68.2143,0
Tierra del Fuego,2022,6,10.95,17.05,65.4286,0
Tierra del Fuego,2022,7,8.8429,1.0,67.9286,0
Tierra del Fuego,2022,8,11.2143,0.1,73.2143,0
Tierra del Fuego,2022,9,8.0857,17.0,74.5714,0
Tierra del Fuego,2022,10,8.6143,21.5,75.1429,0
Tierra del Fuego,2022,11,5.8571,10.95,78.6429,0
Tierra del Fuego,2022,12,9.0786,6.3,73.2857,0
Tierra del Fuego,2022,13,6.2429,6.45,76.2857,0
Tierra del Fuego,2022,14,3.8643,5.25,78.7857,0
Tierra del Fuego,2022,15,7.1214,5.1,76.5714,0
Tierra del Fuego,2022,16,6.2857,0.4,79.5,0
Tierra del Fuego,2022,17,3.0643,0.35,82.6429,0
Tierra del Fuego,2022,18,5.5,4.85,76.2143,0
Tierra del Fuego,2022,19,5.7071,0.35,81.7857,0
Tierra del Fuego,2022,20,5.15,8.25,83.8571,0
Tierra del Fuego,2022,21,1.6214,6.85,80.3571,0
Tierra del Fuego,2022,22,3.1214,0.95,75.2143,0
Tierra del Fuego,2022,23,4.3,7.5,78.5,0
Tierra del Fuego,2022,24,1.4071,5.05,84.8571,0
Tierra del Fuego,2022,25,2.0071,2.95,82.8571,0
Tierra del Fuego,2022,26,1.4286,1.5,78.3571,0
Tierra del Fuego,2022,27,-1.95,1.05,86.5,0
Tierra del Fuego,2022,28,0.9,2.85,81.6429,0
Tierra del Fuego,2022,29,1.0,4.85,81.9286,0
Tierra del Fuego,2022,30,3.0571,3.8,76.0714,0
Tierra del Fuego,2022,31,2.8286,3.4,85.7857,0
Tierra del Fuego,2022,32,2.35,6.7,83.8571,0
Tierra del Fuego,2022,33,2.9214,5.6,81.2857,0
Tierra del Fuego,2022,34,3.4714,2.0,72.1429,0
Tierra del Fuego,2022,35,4.1857,8.6,82.5,0
Tierra del Fuego,2022,36,3.8786,2.65,73.4286,0
Tierra del Fuego,2022,37,4.1143,0.55,70.2857,0
Tierra del Fuego,2022,38,5.85,2.15,69.5714,0
Tierra del Fuego,2022,39,6.7214,1.15,66.5714,0
Tierra del Fuego,2022,40,6.5286,0.6,72.8571,0
Tierra del Fuego,2022,41,7.1357,3.05,62.0714,0
Tierra del Fuego,2022,42,7.45,3.0,66.2857,0
Tierra del Fuego,2022,43,6.4714,5.0,64.9286,0
Tierra del Fuego,2022,44,9.7357,0.65,71.2857,0
Tierra del Fuego,2022,45,9.4429,1.45,65.2143,0
Tierra del Fuego,2022,46,10.6714,2.2,59.8571,0
Tierra del Fuego,2022,47,9.7714,4.05,60.0714,0
Tierra del Fuego,2022,48,9.6214,1.5,62.5714,0
Tierra del Fuego,2022,49,7.6071,0.3,61.1429,0
Tierra del Fuego,2022,50,10.7929,3.1,61.2143,0
Tierra del Fuego,2023,1,11.2071,8.35,65.5714,0
Tierra del Fuego,2023,2,11.8929,0.0,65.1429,0
Tierra del Fuego,2023,3,12.25,1.1,64.8571,0
Tierra del Fuego,2023,4,11.1071,3.8,62.0,0
Tierra del Fuego,2023,5,12.0286,5.2,62.5,0
Tierra del Fuego,2023,6,11.2071,14.55,66.9286,1
Tierra del Fuego,2023,7,7.3571,14.55,72.5714,0
Tierra del Fuego,2023,8,9.4571,5.3,69.9286,0
Tierra del Fuego,2023,9,6.9571,10.15,75.2143,0
Tierra del Fuego,2023,10,8.3929,2.4,71.0,2
Tierra del Fuego,2023,11,6.8071,14.85,73.2143,1
Tierra del Fuego,2023,12,8.2714,6.6,69.0714,4
Tierra del Fuego,2023,13,4.4929,13.2,76.2143,2
Tierra del Fuego,2023,14,7.2571,3.65,70.8571,3
Tierra del Fuego,2023,15,4.2143,1.8,76.5,4
Tierra del Fuego,2023,16,5.7429,2.95,75.2857,4
Tierra del Fuego,2023,17,4.2143,7.75,79.0714,1
Tierra del Fuego,2023,18,6.6714,4.15,77.2857,2
Tierra del Fuego,2023,19,4.75,4.15,79.4286,1
Tierra del Fuego,2023,20,4.9,8.55,78.8571,0
Tierra del Fuego,2023,21,3.65,4.0,82.3571,0
Tierra del Fuego,2023,22,5.9214,4.2,82.7857,1
Tierra del Fuego,2023,23,2.0143,7.6,85.0714,0
Tierra del Fuego,2023,24,3.0286,1.4,81.1429,0
Tierra del Fuego,2023,25,0.95,3.4,85.5,0
Tierra del Fuego,2023,26,1.5929,6.7,85.1429,0
Tierra del Fuego,2023,27,1.0286,0.0,83.0714,0
Tierra del Fuego,2023,28,0.7786,1.05,84.7143,1
Tierra del Fuego,2023,29,-0.0929,2.0,82.6429,0
Tierra del Fuego,2023,30,-0.1643,2.8,81.7857,0
Tierra del Fuego,2023,31,1.0214,16.45,83.5,0
Tierra del Fuego,2023,32,2.0,3.25,82.5,0
Tierra del Fuego,2023,33,1.8071,6.9,82.0714,0
Tierra del Fuego,2023,34,2.1929,4.65,82.8571,0
Tierra del Fuego,2023,35,2.5357,0.0,78.9286,1
Tierra del Fuego,2023,36,2.85,4.95,81.0,0
Tierra del Fuego,2023,37,2.6643,1.95,78.5714,0
Tierra del Fuego,2023,38,3.3357,3.75,72.7143,0
Tierra del Fuego,2023,39,5.8429,1.2,64.5,0
Tierra del Fuego,2023,40,6.0643,2.8,68.6429,0
Tierra del Fuego,2023,41,6.0286,2.3,68.2143,0
Tierra del Fuego,2023,42,8.6714,0.1,62.1429,0
Tierra del Fuego,2023,43,6.0643,8.75,66.6429,1
Tierra del Fuego,2023,44,6.2929,6.55,63.5714,0
Tierra del Fuego,2023,45,7.6429,5.1,63.7857,1
Tierra del Fuego,2023,46,5.0714,11.1,70.5,0
Tierra del Fuego,2023,47,7.5643,4.45,70.1429,1
Tierra del Fuego,2023,48,7.4571,5.4,66.2857,2
Tierra del Fuego,2023,49,9.5571,1.0,67.9286,1
Tierra del Fuego,2023,50,8.7929,7.15,62.7143,5
Tierra del Fuego,2023,51,11.5786,0.2,62.2857,3
Tierra del Fuego,2023,52,9.7143,6.0,61.2143,7
Tierra del Fuego,2024,1,11.6571,6.6,65.0,6
Tierra del Fuego,2024,2,8.4357,3.1,61.2857,3
Tierra del Fuego,2024,3,10.5643,19.3,67.0714,8
Tierra del Fuego,2024,4,12.7071,0.8,60.2857,8
Tierra del Fuego,2024,5,10.7214,19.6,69.0,10
Tierra del Fuego,2024,6,12.0929,4.4,66.1429,8
Tierra del Fuego,2024,7,11.2643,10.1,69.0714,10
Tierra del Fuego,2024,8,9.4214,14.3,75.2857,9
Tierra del Fuego,2024,9,10.6786,6.15,77.0,10
Tierra del Fuego,2024,10,9.5929,22.65,81.4286,5
Tierra del Fuego,2024,11,6.4571,5.05,72.6429,15
Tierra del Fuego,2024,12,5.7714,1.85,75.7143,12
Tierra del Fuego,2024,13,7.9214,7.9,72.8571,9
Tierra del Fuego,2024,14,6.1571,6.2,68.2143,15
Tierra del Fuego,2024,15,6.4571,2.35,74.8571,4
Tierra del Fuego,2024,16,6.7857,15.6,80.8571,7
Tierra del Fuego,2024,17,4.3429,17.1,84.3571,11
Tierra del Fuego,2024,18,2.1786,19.65,84.0714,6
Tierra del Fuego,2024,19,1.8571,7.15,82.3571,1
Tierra del Fuego,2024,20,5.0714,12.85,79.6429,0
Tierra del Fuego,2024,21,2.3857,2.8,85.0714,2
Tierra del Fuego,2024,22,0.7786,5.2,84.0714,0
Tierra del Fuego,2024,23,-0.5571,5.45,85.8571,0
Tierra del Fuego,2024,24,-1.4,2.65,86.4286,0
Tierra del Fuego,2024,25,-3.8429,0.9,86.7738,0
Tierra del Fuego,2024,26,-2.4357,5.65,87.9643,0
Tierra del Fuego,2024,27,-0.8071,7.95,88.7857,0
Tierra del Fuego,2024,28,3.35,6.35,81.4286,0
Tierra del Fuego,2024,29,3.9214,11.1,82.2143,0
Tierra del Fuego,2024,30,1.7,7.5,79.3571,0
Tierra del Fuego,2024,31,1.3071,9.95,83.5,0
Tierra del Fuego,2024,32,0.4571,4.65,87.9286,0
Tierra del Fuego,2024,33,3.1786,6.05,87.2857,0
Tierra del Fuego,2024,34,4.5,0.15,80.7857,0
Tierra del Fuego,2024,35,5.3571,3.6,76.0,0
Tierra del Fuego,2024,36,5.8214,1.9,68.5714,0
Tierra del Fuego,2024,37,3.5071,6.4,72.8571,0
Tierra del Fuego,2024,38,2.9,4.2,66.7857,0
Tierra del Fuego,2024,39,1.7,3.85,73.0,0
Tierra del Fuego,2024,40,3.4714,3.9,71.0714,0
Tierra del Fuego,2024,41,7.9357,2.85,71.3571,0
Tierra del Fuego,2024,42,8.8286,2.5,64.7857,0
Tierra del Fuego,2024,43,7.4429,5.65,69.1429,0
Tierra del Fuego,2024,44,9.0214,12.0,66.5,0
Tierra del Fuego,2024,45,6.4857,10.8,76.2857,0
Tierra del Fuego,2024,46,8.2071,4.8,69.7857,0
Tierra del Fuego,2024,47,10.4786,7.7,62.4286,0
Tierra del Fuego,2024,48,8.8214,0.4,67.0714,0
Tierra del Fuego,2024,49,7.0714,7.05,70.2143,0
Tierra del Fuego,2024,50,10.9357,0.3,61.3571,0
Tierra del Fuego,2024,51,9.7,3.35,66.0714,0
Tierra del Fuego,2024,52,13.2286,8.2,68.1429,0
Tierra del Fuego,2025,1,12.1071,9.75,75.6429,0
Tierra del Fuego,2025,2,11.9571,15.65,66.2143,0
Tierra del Fuego,2025,3,10.6929,2.3,63.0,0
Tierra del Fuego,2025,4,11.9214,24.35,72.3571,0
Tierra del Fuego,2025,5,11.7357,5.75,67.5714,0
Tierra del Fuego,2025,6,9.2429,1.3,68.0714,0
Tierra del Fuego,2025,7,8.3929,13.5,73.5,0
Tierra del Fuego,2025,8,10.9,7.6,64.0714,0
Tierra del Fuego,2025,9,7.9857,15.35,77.0,0
Tierra del Fuego,2025,10,8.0929,26.95,78.6429,0
Tierra del Fuego,2025,11,9.0286,4.8,71.7857,0
Tierra del Fuego,2025,12,9.15,6.15,66.1429,0
Tierra del Fuego,2025,13,8.0429,7.4,72.7143,0
Tierra del Fuego,2025,14,5.15,7.65,78.4286,0
Tierra del Fuego,2025,15,7.6643,0.4,73.7143,0
Tierra del Fuego,2025,16,7.1286,4.4,84.7857,0
Tierra del Fuego,2025,17,6.3357,10.35,79.0,0
Tierra del Fuego,2025,18,6.2429,1.2,81.9286,0
Tierra del Fuego,2025,19,4.6357,4.55,79.0,1
Tierra del Fuego,2025,20,4.15,2.9,75.0714,0
Tierra del Fuego,2025,21,1.9643,3.0,81.4286,1
Tierra del Fuego,2025,22,2.65,16.9,86.7143,0
Tierra del Fuego,2025,23,2.5286,6.15,88.5714,0
Tierra del Fuego,2025,24,4.5857,1.0,88.0,0
Tierra del Fuego,2025,25,1.8143,6.9,83.2857,0
Tierra del Fuego,2025,26,-0.5214,3.8,84.5714,0
Tierra del Fuego,2025,27,1.95,1.05,86.0714,0
Tierra del Fuego,2025,28,3.3571,4.15,79.2143,0
Tierra del Fuego,2025,29,2.6143,4.4,81.5714,0
Tierra del Fuego,2025,30,1.4929,1.7,80.5714,0
Tierra del Fuego,2025,31,2.0214,2.45,88.0,0
Tierra del Fuego,2025,32,3.7214,0.0,78.3571,0
Tierra del Fuego,2025,33,3.2214,1.0,82.5714,0
Tierra del Fuego,2025,34,3.5786,4.3,79.7143,0
Tierra del Fuego,2025,35,4.4429,2.55,70.9286,0
Tierra del Fuego,2025,36,4.3857,4.0,73.2857,0
Tierra del Fuego,2025,37,6.0071,5.15,78.0714,0
Tierra del Fuego,2025,38,4.9071,1.95,71.1429,0
Tierra del Fuego,2025,39,5.3286,3.1,75.4286,0
Tierra del Fuego,2025,40,5.0214,2.95,67.8571,0
Tierra del Fuego,2025,41,6.9214,9.0,66.6429,0
Tierra del Fuego,2025,42,7.4429,2.85,71.5,0
Tucumán,2018,1,24.8,8.0,68.7143,0
Tucumán,2018,2,25.7143,32.0,71.5714,0
Tucumán,2018,3,24.4429,38.8,72.7143,0
Tucumán,2018,4,24.1143,278.2,83.2857,0
Tucumán,2018,5,26.1286,62.0,73.5714,0
Tucumán,2018,6,26.3571,14.2,69.8571,0
Tucumán,2018,7,22.5714,15.0,77.5714,0
Tucumán,2018,8,23.8,61.3,75.8571,0
Tucumán,2018,9,24.7,71.0,74.2857,0
Tucumán,2018,10,22.9429,6.0,82.2857,0
Tucumán,2018,11,22.5714,0.0,76.7143,0
Tucumán,2018,12,20.0143,5.0,73.1429,0
Tucumán,2018,13,21.9571,20.0,69.2857,0
Tucumán,2018,14,21.8857,2.7,81.1429,1
Tucumán,2018,15,19.3286,2.0,84.7143,0
Tucumán,2018,16,23.8286,0.0,73.8571,0
Tucumán,2018,17,23.2857,2.2,84.7143,0
Tucumán,2018,18,20.8143,17.9,91.0,0
Tucumán,2018,19,19.5429,1.1,82.8571,0
Tucumán,2018,20,15.3286,7.4,81.0,0
Tucumán,2018,21,15.3571,0.0,74.7143,0
Tucumán,2018,22,13.0857,9.0,84.1429,1
Tucumán,2018,23,10.9286,0.0,71.1429,0
Tucumán,2018,24,9.7,0.0,68.0,0
Tucumán,2018,25,13.1714,0.0,66.1429,0
Tucumán,2018,26,13.4857,0.0,71.2857,0
Tucumán,2018,27,9.7,9.6,88.1429,0
Tucumán,2019,1,24.7857,46.1,81.8571,0
Tucumán,2019,2,22.9143,62.0,80.2857,0
Tucumán,2019,3,21.8143,9.5,83.7143,0
Tucumán,2019,4,28.1,3.0,75.2857,0
Tucumán,2019,5,25.7286,121.0,80.0,0
Tucumán,2019,6,25.3571,0.0,75.0,0
Tucumán,2019,7,22.0143,16.0,77.5714,0
Tucumán,2019,8,28.7714,0.1,66.7143,0
Tucumán,2019,9,23.2,6.0,79.5714,0
Tucumán,2019,10,20.7714,83.0,88.8571,0
Tucumán,2019,11,20.5143,74.0,84.2857,0
Tucumán,2019,12,19.8571,30.1,80.5714,0
Tucumán,2019,13,18.8143,14.0,86.4286,1
Tucumán,2019,14,21.3429,38.0,76.5714,0
Tucumán,2019,15,20.6571,0.0,77.5714,1
Tucumán,2019,16,20.5714,61.4,88.7143,0
Tucumán,2019,17,16.4286,11.1,87.4286,0
Tucumán,2019,18,18.7857,27.0,85.2857,0
Tucumán,2019,19,17.9286,6.9,84.5714,1
Tucumán,2019,20,16.6143,7.0,75.2857,1
Tucumán,2019,21,12.4,16.9,79.2857,1
Tucumán,2019,22,14.2143,2.2,84.0,0
Tucumán,2019,23,14.1143,0.0,78.1429,0
Tucumán,2019,24,15.0429,7.0,84.8571,0
Tucumán,2019,25,12.4714,2.0,77.1429,0
Tucumán,2019,26,11.4,5.0,79.2857,0
Tucumán,2019,27,10.5,0.0,75.0,0
Tucumán,2019,28,14.3571,0.0,74.0,0
Tucumán,2019,29,15.1429,0.2,77.7143,0
Tucumán,2019,30,10.7857,0.0,64.8571,0
Tucumán,2019,31,13.7286,0.0,60.5714,0
Tucumán,2019,32,12.8857,0.0,53.1429,0
Tucumán,2019,33,13.0857,0.0,60.7143,0
Tucumán,2019,34,13.9429,0.0,63.4286,0
Tucumán,2019,35,19.6714,0.0,55.1429,0
Tucumán,2019,36,13.7571,0.0,60.8571,0
Tucumán,2019,37,16.2571,3.5,67.8571,0
Tucumán,2019,38,16.4143,0.5,51.4286,0
Tucumán,2019,39,23.5571,0.0,43.0,0
Tucumán,2019,40,19.5,0.0,54.7143,0
Tucumán,2019,41,26.6714,4.0,48.5714,0
Tucumán,2019,42,15.7429,11.0,76.4286,0
Tucumán,2019,43,24.8857,0.0,49.7143,0
Tucumán,2019,44,23.0714,37.1,71.5714,0
Tucumán,2019,45,23.6429,5.7,75.5714,0
Tucumán,2019,46,26.4286,25.0,61.7143,0
Tucumán,2019,47,26.1,60.1,72.2857,0
Tucumán,2019,48,23.0143,31.0,79.4286,0
Tucumán,2019,49,22.0286,28.0,76.1429,0
Tucumán,2019,50,25.8,5.0,64.0,0
Tucumán,2019,51,25.8286,6.0,61.5714,0
Tucumán,2019,52,28.4143,5.0,57.8571,0
Tucumán,2020,1,26.9714,20.5,69.8571,0
Tucumán,2020,2,26.9,144.0,71.1429,0
Tucumán,2020,3,25.2143,92.2,78.8571,0
Tucumán,2020,4,27.3429,38.3,71.8571,0
Tucumán,2020,5,25.1714,2.0,72.5714,0
Tucumán,2020,6,26.0143,157.7,79.5714,1
Tucumán,2020,7,24.2857,0.6,83.7143,0
Tucumán,2020,8,21.3286,50.0,79.1429,0
Tucumán,2020,9,24.5857,1.0,70.5714,2
Tucumán,2020,10,26.2571,0.0,71.5714,10
Tucumán,2020,11,26.5143,21.3,75.4286,15
Tucumán,2020,12,22.8571,2.0,78.5714,74
Tucumán,2020,13,23.4857,29.2,77.5714,125
Tucumán,2020,14,21.6571,54.0,84.1429,372
Tucumán,2020,15,18.7571,6.0,79.0,737
Tucumán,2020,16,19.5286,0.0,72.2857,1198
Tucumán,2020,17,23.0571,1.1,75.0,1409
Tucumán,2020,18,18.4714,0.7,82.2857,1070
Tucumán,2020,19,15.9571,0.0,74.0,971
Tucumán,2020,20,16.2286,0.0,68.1429,917
Tucumán,2020,21,15.4286,0.0,67.2857,579
Tucumán,2020,22,15.0714,0.0,66.0,361
Tucumán,2020,23,11.9714,0.8,68.2857,97
Tucumán,2020,24,15.7143,0.0,69.1429,18
Tucumán,2020,25,14.6857,0.0,67.4286,6
Tucumán,2020,26,12.3,3.0,75.1429,1
Tucumán,2020,27,10.5143,0.0,65.4286,4
Tucumán,2020,28,9.8714,0.0,67.8571,0
Tucumán,2020,29,13.7429,0.0,65.7143,0
Tucumán,2020,30,12.1714,0.0,67.7143,0
Tucumán,2020,31,12.4286,0.0,51.5714,0
Tucumán,2020,32,18.7286,0.0,55.2857,0
Tucumán,2020,33,13.2857,0.0,47.2857,0
Tucumán,2020,34,12.5143,0.0,45.8571,0
Tucumán,2020,35,17.1429,0.2,54.0,0
Tucumán,2020,36,13.7714,0.0,61.1429,0
Tucumán,2020,37,20.0571,0.0,53.7143,0
Tucumán,2020,38,19.6429,0.0,39.0,0
Tucumán,2020,39,23.4857,0.0,39.5714,0
Tucumán,2020,40,20.8857,0.0,42.5714,0
Tucumán,2020,41,22.0857,0.0,45.1429,0
Tucumán,2020,42,25.2714,0.0,44.4286,0
Tucumán,2020,43,24.0,4.5,72.1429,0
Tucumán,2020,44,22.1571,6.0,43.8571,0
Tucumán,2020,45,25.2571,0.0,37.0,0
Tucumán,2020,46,24.0286,61.8,72.4286,0
Tucumán,2020,47,23.8286,39.5,60.2857,0
Tucumán,2020,48,27.6286,40.0,62.4286,0
Tucumán,2020,49,21.9857,18.0,74.0,0
Tucumán,2020,50,27.1429,0.0,58.2857,0
Tucumán,2020,51,26.0571,2.3,55.2857,0
Tucumán,2020,52,26.7143,37.0,59.4286,0
Tucumán,2020,53,25.3857,136.1,72.0,0
Tucumán,2021,1,24.0857,69.3,78.0,0
Tucumán,2021,2,23.7286,72.0,85.3333,0
Tucumán,2021,3,25.1571,0.0,64.4286,0
Tucumán,2021,4,25.9,45.0,70.4286,0
Tucumán,2021,5,22.4143,10.0,78.8571,0
Tucumán,2021,6,22.6286,100.1,77.1429,0
Tucumán,2021,7,23.2857,10.5,82.4286,0
Tucumán,2021,8,25.0571,53.7,83.0,1
Tucumán,2021,9,24.5286,43.0,78.4286,0
Tucumán,2021,10,24.1286,19.0,81.8571,1
Tucumán,2021,11,20.0571,14.1,87.4286,0
Tucumán,2021,12,20.6,17.0,84.8571,0
Tucumán,2021,13,20.9286,0.0,81.5714,0
Tucumán,2021,14,21.9286,3.0,87.5714,0
Tucumán,2021,15,21.0,1.0,79.0,0
Tucumán,2021,16,21.3571,17.4,82.2857,4
Tucumán,2021,17,18.3143,0.0,76.5714,1
Tucumán,2021,18,14.6571,23.0,79.5714,6
Tucumán,2021,19,15.4429,1.6,79.2857,3
Tucumán,2021,20,16.9714,0.0,79.7143,1
Tucumán,2021,21,14.5286,0.0,71.1429,2
Tucumán,2021,22,16.1571,0.0,71.8571,1
Tucumán,2021,23,15.1143,0.0,77.8571,0
Tucumán,2021,24,8.8429,6.3,82.7143,3
Tucumán,2021,25,9.7,3.0,80.1429,0
Tucumán,2021,26,9.3429,0.0,65.0,0
Tucumán,2021,27,15.7857,0.0,64.0,0
Tucumán,2021,28,13.0,0.0,66.1429,0
Tucumán,2021,29,13.5286,0.0,58.2857,0
Tucumán,2021,30,10.5286,0.0,56.5714,0
Tucumán,2022,1,26.8286,22.0,66.0,0
Tucumán,2022,2,31.6143,21.0,40.2857,0
Tucumán,2022,3,25.2143,57.7,79.4286,0
Tucumán,2022,4,23.9571,40.5,80.8571,0
Tucumán,2022,5,24.3857,34.0,71.5714,0
Tucumán,2022,6,23.1286,11.0,72.1429,0
Tucumán,2022,7,25.1714,25.0,71.7143,0
Tucumán,2022,8,23.2714,50.9,85.1429,0
Tucumán,2022,9,24.2857,106.0,83.1429,0
Tucumán,2022,10,20.7571,52.0,88.5714,0
Tucumán,2022,11,20.8571,5.0,78.5714,0
Tucumán,2022,12,19.7429,6.0,72.2857,0
Tucumán,2022,13,18.0286,0.0,62.8571,0
Tucumán,2022,14,21.4429,0.0,79.7143,0
Tucumán,2022,15,18.6286,116.0,82.5714,0
Tucumán,2022,16,18.5571,0.0,81.0,0
Tucumán,2022,17,17.8571,1.0,77.8571,0
Tucumán,2022,18,16.2714,0.0,71.1429,0
Tucumán,2022,19,17.6143,0.3,80.1429,0
Tucumán,2022,20,12.6,0.0,73.4286,0
Tucumán,2022,21,14.0571,0.6,82.8571,0
Tucumán,2022,22,9.6857,0.0,79.2857,0
Tucumán,2022,23,13.6429,1.3,77.4286,0
Tucumán,2022,24,11.7,0.0,64.5714,0
Tucumán,2022,25,9.7857,0.6,77.8571,0
Tucumán,2022,26,11.6714,0.3,72.8571,0
Tucumán,2022,27,14.4286,0.0,63.8571,0
Tucumán,2022,28,10.2571,2.0,62.2857,0
Tucumán,2022,29,14.3857,0.0,68.1429,0
Tucumán,2022,30,16.7714,6.5,72.7143,0
Tucumán,2022,31,14.8286,3.0,65.1429,0
Tucumán,2022,32,13.5571,0.0,64.0,0
Tucumán,2022,33,13.6857,0.0,44.8571,0
Tucumán,2022,34,18.1571,0.0,44.2857,0
Tucumán,2022,35,15.2286,0.0,45.4286,0
Tucumán,2022,36,16.8143,0.0,35.2857,0
Tucumán,2022,37,19.2,0.0,34.1429,0
Tucumán,2022,38,15.9,1.2,56.5714,0
Tucumán,2022,39,18.1,26.0,61.7143,0
Tucumán,2022,40,21.6286,0.0,39.2857,0
Tucumán,2022,41,18.4143,4.0,42.1429,0
Tucumán,2022,42,18.3571,9.3,73.4286,0
Tucumán,2022,43,26.8286,0.0,39.5714,0
Tucumán,2022,44,20.3286,0.0,27.5714,0
Tucumán,2022,45,24.8143,29.0,51.8571,0
Tucumán,2022,46,27.7286,63.3,47.4286,0
Tucumán,2022,47,25.8571,0.0,48.0,0
Tucumán,2022,48,25.8571,4.0,52.5714,0
Tucumán,2022,49,30.4,14.0,49.1429,0
Tucumán,2022,50,24.5714,45.5,66.1429,0
Tucumán,2023,1,25.9857,0.2,55.5714,0
Tucumán,2023,2,26.3,42.0,56.8571,0
Tucumán,2023,3,27.8857,11.0,63.4286,0
Tucumán,2023,4,26.8714,107.6,71.1429,0
Tucumán,2023,5,25.2143,49.3,75.1429,39
Tucumán,2023,6,27.9571,0.0,66.2857,181
Tucumán,2023,7,22.3286,7.2,73.0,197
Tucumán,2023,8,24.5143,51.7,69.1429,180
Tucumán,2023,9,26.8143,0.0,65.1429,390
Tucumán,2023,10,28.1857,17.0,66.2857,1018
Tucumán,2023,11,27.2571,12.6,66.2857,2026
Tucumán,2023,12,26.4286,89.0,73.5714,2959
Tucumán,2023,13,21.5857,10.5,84.2857,3534
Tucumán,2023,14,21.3857,24.0,84.4286,2922
Tucumán,2023,15,19.0714,83.9,85.1429,3417
Tucumán,2023,16,18.6571,23.0,79.0,2376
Tucumán,2023,17,19.5429,0.0,80.5714,1456
Tucumán,2023,18,14.9,0.0,72.2857,881
Tucumán,2023,19,18.4857,0.0,74.4286,537
Tucumán,2023,20,18.4286,11.0,84.2857,471
Tucumán,2023,21,18.0143,11.0,84.8571,440
Tucumán,2023,22,15.6429,1.2,85.8571,456
Tucumán,2023,23,16.7,0.0,79.4286,254
Tucumán,2023,24,9.3857,0.0,68.0,101
Tucumán,2023,25,13.1714,1.4,85.7143,52
Tucumán,2023,26,14.9429,0.7,82.5714,36
Tucumán,2023,27,17.5,4.0,84.8571,73
Tucumán,2023,28,11.7714,8.3,85.5714,113
Tucumán,2023,29,12.0286,3.2,81.0,51
Tucumán,2023,30,13.0286,0.0,68.8571,2
Tucumán,2023,31,19.0714,0.0,66.5714,1
Tucumán,2023,32,14.4857,2.5,60.5714,0
Tucumán,2023,33,17.8286,0.0,58.7143,1
Tucumán,2023,34,17.0143,0.0,55.0,0
Tucumán,2023,35,17.1,3.8,57.4286,0
Tucumán,2023,36,14.5571,2.0,83.4286,0
Tucumán,2023,37,20.0286,0.0,42.0,0
Tucumán,2023,38,20.0429,1.8,61.2857,0
Tucumán,2023,39,18.8143,0.3,64.0,0
Tucumán,2023,40,21.3714,0.0,45.4286,0
Tucumán,2023,41,21.4286,0.0,40.5714,0
Tucumán,2023,42,22.2714,17.0,66.8571,0
Tucumán,2023,43,21.6286,34.9,82.0,0
Tucumán,2023,44,18.6714,1.1,64.5714,0
Tucumán,2023,45,26.2429,0.0,55.7143,0
Tucumán,2023,46,24.6,0.1,61.0,0
Tucumán,2023,47,24.6429,29.0,70.8571,0
Tucumán,2023,48,24.9571,53.3,79.5714,0
Tucumán,2023,49,21.6429,7.2,79.1429,0
Tucumán,2023,50,28.4,11.0,73.0,0
Tucumán,2023,51,23.1714,55.2,87.0,0
Tucumán,2023,52,25.0857,87.0,78.4286,8
Tucumán,2024,1,26.6,17.0,74.5714,24
Tucumán,2024,2,24.5571,68.9,85.1429,37
Tucumán,2024,3,24.7429,21.2,81.5714,57
Tucumán,2024,4,25.4571,0.0,65.7143,115
Tucumán,2024,5,29.1286,0.0,60.2857,222
Tucumán,2024,6,27.4286,45.8,73.0,426
Tucumán,2024,7,24.6857,40.7,79.5714,1221
Tucumán,2024,8,24.3,36.0,81.1429,1573
Tucumán,2024,9,25.0571,41.8,89.0,2362
Tucumán,2024,10,23.7143,66.7,88.8571,4663
Tucumán,2024,11,27.9286,76.2,83.1429,6420
Tucumán,2024,12,23.5429,12.4,82.7143,10820
Tucumán,2024,13,25.4714,0.0,78.8571,10828
Tucumán,2024,14,20.3571,8.3,91.4286,10711
Tucumán,2024,15,17.5714,37.5,92.8571,9684
Tucumán,2024,16,20.4,0.0,73.8571,9188
Tucumán,2024,17,17.9857,6.2,93.8571,6308
Tucumán,2024,18,16.1857,3.1,88.8571,4283
Tucumán,2024,19,14.6429,4.1,84.8571,2294
Tucumán,2024,20,10.3143,0.8,81.0,1292
Tucumán,2024,21,10.9286,5.8,84.5714,612
Tucumán,2024,22,11.8571,0.0,76.5714,125
Tucumán,2024,23,15.3429,0.0,74.8571,32
Tucumán,2024,24,17.0429,0.0,80.8571,25
Tucumán,2024,25,14.6571,6.4,85.1429,9
Tucumán,2024,26,9.7429,0.3,72.7143,43
Tucumán,2024,27,11.2286,0.0,64.1429,0
Tucumán,2024,28,6.7,0.0,67.2857,0
Tucumán,2024,29,11.0571,0.0,67.7143,0
Tucumán,2024,30,14.7,0.0,65.1429,0
Tucumán,2024,31,15.6286,0.0,59.2857,0
Tucumán,2024,32,12.9286,2.9,58.1429,0
Tucumán,2024,33,15.0429,0.0,52.5714,0
Tucumán,2024,34,11.0,4.8,85.0,0
Tucumán,2024,35,14.7714,0.0,57.4286,1
Tucumán,2024,36,18.6714,0.0,49.5714,0
Tucumán,2024,37,18.7571,0.0,56.8571,0
Tucumán,2024,38,24.4143,0.0,41.0,0
Tucumán,2024,39,21.3143,11.1,55.7143,0
Tucumán,2024,40,23.9429,0.0,44.8571,0
Tucumán,2024,41,20.9143,89.8,78.4286,0
Tucumán,2024,42,23.5857,6.0,77.4286,0
Tucumán,2024,43,23.0714,3.0,64.0,0
Tucumán,2024,44,24.8,38.0,67.0,0
Tucumán,2024,45,21.9,19.8,85.1429,1
Tucumán,2024,46,23.8,4.0,58.5714,0
Tucumán,2024,47,22.3429,7.3,83.2857,0
Tucumán,2024,48,24.5143,66.7,87.4286,0
Tucumán,2024,49,22.2286,16.0,69.8571,0
Tucumán,2024,50,24.6,25.1,71.7143,1
Tucumán,2024,51,25.9857,6.8,62.4286,0
Tucumán,2024,52,25.9,2.0,61.8571,0
Tucumán,2025,1,25.7857,26.0,67.4286,2
Tucumán,2025,2,26.0714,13.4,69.7143,1
Tucumán,2025,3,27.4714,14.0,54.1429,6
Tucumán,2025,4,25.7571,44.0,74.8571,9
Tucumán,2025,5,26.4429,37.0,74.2857,8
Tucumán,2025,6,30.3143,1.3,61.0,27
Tucumán,2025,7,27.9286,18.0,68.7143,32
Tucumán,2025,8,26.6714,28.7,73.4286,76
Tucumán,2025,9,27.9429,4.7,70.7143,70
Tucumán,2025,10,26.7429,134.0,68.8571,139
Tucumán,2025,11,19.2714,5.8,89.1429,242
Tucumán,2025,12,23.9857,19.4,76.7143,125
Tucumán,2025,13,20.3429,28.0,92.2857,160
Tucumán,2025,14,16.0429,4.0,78.5714,165
Tucumán,2025,15,18.7571,0.0,80.2857,67
Tucumán,2025,16,19.3286,63.3,84.8571,81
Tucumán,2025,17,18.3286,9.1,88.8571,92
Tucumán,2025,18,19.6286,0.0,79.1429,60
Tucumán,2025,19,20.7429,14.1,85.1429,64
Tucumán,2025,20,19.8429,0.0,79.5714,70
Tucumán,2025,21,15.4286,0.0,86.8571,82
Tucumán,2025,22,11.3429,9.0,78.2857,42
Tucumán,2025,23,14.2286,0.0,82.0,10
Tucumán,2025,24,13.0143,0.6,79.5714,5
Tucumán,2025,25,10.9429,0.0,73.8571,4
Tucumán,2025,26,9.6571,3.0,64.4286,0
Tucumán,2025,27,8.8714,0.0,72.4286,0
Tucumán,2025,28,15.6571,17.7,82.5714,0
Tucumán,2025,29,14.0,0.0,68.8571,0
Tucumán,2025,30,12.7143,2.1,84.1429,0
Tucumán,2025,31,13.0714,0.0,77.4286,0
Tucumán,2025,32,12.9,2.8,69.5714,0
Tucumán,2025,33,14.3286,0.0,67.1429,0
Tucumán,2025,34,14.6143,0.0,56.2857,0
Tucumán,2025,35,16.8143,0.0,44.5714,0
Tucumán,2025,36,13.4143,0.0,62.2857,0
Tucumán,2025,37,20.2143,0.0,50.5714,0
Tucumán,2025,38,24.1714,0.0,65.0,0
Tucumán,2025,39,20.8857,0.0,42.5714,0
Tucumán,2025,40,23.0286,1.6,54.5714,0
Tucumán,2025,41,22.1571,0.0,29.7143,0
Tucumán,2025,42,22.8286,61.0,55.5714,0
