SE,provincia,año,temp_media_prom,precip_media_prom,hum_rel_prom,dias_pp_mas_1mm_prom,casos_acumulados,poblacion_provincial,incidencia_acum
1,Buenos Aires,2018,23.6377,15.0318,48.2078,1.0,0,20689665,0.0
2,Buenos Aires,2018,25.5565,32.9545,59.8831,1.5,0,20689665,0.0
3,Buenos Aires,2018,24.3753,4.6545,61.8896,0.6364,0,20689665,0.0
4,Buenos Aires,2018,22.8721,10.7636,61.6558,0.7727,0,20689665,0.0
5,Buenos Aires,2018,25.1156,5.5591,59.0195,0.4091,0,20689665,0.0
6,Buenos Aires,2018,24.7039,14.6591,56.961,1.1364,2,20689665,0.0097
7,Buenos Aires,2018,23.9701,21.1409,55.3247,0.9545,2,20689665,0.0097
8,Buenos Aires,2018,21.3,1.8136,65.961,0.3182,4,20689665,0.0193
9,Buenos Aires,2018,24.1227,7.2455,65.6948,0.5455,11,20689665,0.0532
10,Buenos Aires,2018,21.026,7.6864,56.9416,0.6364,15,20689665,0.0725
11,Buenos Aires,2018,19.1338,38.9864,58.8766,2.1364,20,20689665,0.0967
12,Buenos Aires,2018,16.5792,10.9864,65.0909,1.3182,19,20689665,0.0918
13,Buenos Aires,2018,19.4552,10.6864,69.987,0.3182,20,20689665,0.0967
14,Buenos Aires,2018,18.1487,30.4455,77.1948,1.7727,33,20689665,0.1595
15,Buenos Aires,2018,18.461,20.6545,70.0325,1.2727,29,20689665,0.1402
16,Buenos Aires,2018,20.8506,33.4909,81.8766,2.0909,30,20689665,0.145
17,Buenos Aires,2018,18.387,55.7091,84.8571,2.2727,23,20689665,0.1112
18,Buenos Aires,2018,15.2701,18.5409,85.539,2.1818,33,20689665,0.1595
19,Buenos Aires,2018,16.5318,50.9773,86.8961,2.2727,12,20689665,0.058
20,Buenos Aires,2018,11.474,7.1727,79.8117,1.4545,3,20689665,0.0145
21,Buenos Aires,2018,11.2636,0.8727,75.1558,0.1818,6,20689665,0.029
22,Buenos Aires,2018,11.1695,42.4364,81.2857,1.9545,0,20689665,0.0
23,Buenos Aires,2018,8.8565,1.9818,78.1364,0.4091,0,20689665,0.0
24,Buenos Aires,2018,6.9156,11.6273,82.0455,1.2727,1,20689665,0.0048
25,Buenos Aires,2018,8.4831,0.5409,66.5649,0.0909,0,20689665,0.0
26,Buenos Aires,2018,10.1156,4.75,75.0195,0.6364,0,20689665,0.0
27,Buenos Aires,2018,7.2318,15.4182,82.3636,1.9091,0,20689665,0.0
1,Buenos Aires,2019,22.9973,43.9455,66.5782,2.4545,0,20689665,0.0
2,Buenos Aires,2019,21.5946,37.8909,69.0272,1.7727,0,20689665,0.0
3,Buenos Aires,2019,21.3321,10.3773,68.8063,1.0909,1,20689665,0.0048
4,Buenos Aires,2019,24.5136,30.9227,73.2727,1.5,0,20689665,0.0
5,Buenos Aires,2019,24.2747,21.0136,67.3377,0.6818,0,20689665,0.0
6,Buenos Aires,2019,23.9182,14.2273,66.7403,0.9545,1,20689665,0.0048
7,Buenos Aires,2019,20.8247,2.7864,64.961,0.6364,5,20689665,0.0242
8,Buenos Aires,2019,24.3694,38.2,68.9026,1.9545,1,20689665,0.0048
9,Buenos Aires,2019,18.3708,34.3727,61.961,1.5,8,20689665,0.0387
10,Buenos Aires,2019,19.974,14.7864,71.4221,0.8182,0,20689665,0.0
11,Buenos Aires,2019,19.8897,34.6455,80.8885,2.2727,4,20689665,0.0193
12,Buenos Aires,2019,16.3448,7.2955,70.8636,0.8636,7,20689665,0.0338
13,Buenos Aires,2019,18.2149,1.8091,74.487,0.3182,10,20689665,0.0483
14,Buenos Aires,2019,18.4091,14.4045,72.1364,1.4091,8,20689665,0.0387
15,Buenos Aires,2019,17.4552,11.1409,71.3701,1.0455,9,20689665,0.0435
16,Buenos Aires,2019,16.5019,0.5909,72.0584,0.0455,9,20689665,0.0435
17,Buenos Aires,2019,15.1753,16.6864,80.2792,1.1818,6,20689665,0.029
18,Buenos Aires,2019,15.1143,8.35,71.7403,0.6818,4,20689665,0.0193
19,Buenos Aires,2019,13.6864,26.3227,80.0455,1.4091,4,20689665,0.0193
20,Buenos Aires,2019,13.6117,12.4364,78.2662,1.2273,0,20689665,0.0
21,Buenos Aires,2019,10.9136,7.5682,76.8442,0.5,2,20689665,0.0097
22,Buenos Aires,2019,10.1487,1.5455,82.526,0.3636,0,20689665,0.0
23,Buenos Aires,2019,12.2682,1.2455,72.5649,0.2273,1,20689665,0.0048
24,Buenos Aires,2019,12.4532,57.65,88.3506,3.5,0,20689665,0.0
25,Buenos Aires,2019,11.6305,44.3636,84.6558,1.5,0,20689665,0.0
26,Buenos Aires,2019,8.7461,8.2636,76.974,1.0909,1,20689665,0.0048
27,Buenos Aires,2019,5.3604,1.8455,70.1623,0.2273,0,20689665,0.0
28,Buenos Aires,2019,8.8792,15.2773,80.0519,0.3636,0,20689665,0.0
29,Buenos Aires,2019,10.9396,8.0318,75.2338,0.4545,0,20689665,0.0
30,Buenos Aires,2019,7.9617,7.0773,74.5,0.6364,0,20689665,0.0
31,Buenos Aires,2019,10.1328,0.1227,66.7652,0.0,0,20689665,0.0
32,Buenos Aires,2019,9.5481,3.7273,64.1623,0.5909,0,20689665,0.0
33,Buenos Aires,2019,7.6331,7.6909,71.0974,0.7727,0,20689665,0.0
34,Buenos Aires,2019,9.137,0.5136,71.3247,0.1818,0,20689665,0.0
35,Buenos Aires,2019,13.5974,4.1,67.8312,0.5455,0,20689665,0.0
36,Buenos Aires,2019,8.5948,1.1,69.7403,0.2273,0,20689665,0.0
37,Buenos Aires,2019,11.8513,11.4182,76.961,1.0909,0,20689665,0.0
38,Buenos Aires,2019,12.7026,0.0,47.4026,0.0,0,20689665,0.0
39,Buenos Aires,2019,17.6571,3.3227,56.6753,0.3182,0,20689665,0.0
40,Buenos Aires,2019,13.2364,17.3364,64.4221,1.7273,0,20689665,0.0
41,Buenos Aires,2019,17.6123,50.4955,60.4156,2.0,0,20689665,0.0
42,Buenos Aires,2019,13.8494,28.6091,73.3701,2.5,0,20689665,0.0
43,Buenos Aires,2019,17.4117,20.85,64.2792,2.0,0,20689665,0.0
44,Buenos Aires,2019,17.5448,9.0136,69.1623,1.1364,0,20689665,0.0
45,Buenos Aires,2019,19.0604,12.5273,60.6883,0.8636,0,20689665,0.0
46,Buenos Aires,2019,22.3838,11.0682,64.6039,1.3636,0,20689665,0.0
47,Buenos Aires,2019,21.511,24.6591,59.7468,1.8636,0,20689665,0.0
48,Buenos Aires,2019,19.9617,8.2455,53.4351,1.0909,0,20689665,0.0
49,Buenos Aires,2019,20.2656,5.3091,52.2532,1.0,1,20689665,0.0048
50,Buenos Aires,2019,23.1825,7.7955,49.2143,1.2727,0,20689665,0.0
51,Buenos Aires,2019,21.6303,13.2045,56.3935,1.4545,1,20689665,0.0048
52,Buenos Aires,2019,23.6877,35.9182,65.4794,2.5455,0,20689665,0.0
1,Buenos Aires,2020,22.7455,52.6545,73.9221,1.9091,1,20689665,0.0048
2,Buenos Aires,2020,22.9292,6.1591,54.1623,0.6364,2,20689665,0.0097
3,Buenos Aires,2020,22.4844,29.7318,60.3571,1.4091,8,20689665,0.0387
4,Buenos Aires,2020,25.6799,10.2909,65.5974,1.0455,16,20689665,0.0773
5,Buenos Aires,2020,22.3006,7.2955,57.0,0.7273,34,20689665,0.1643
6,Buenos Aires,2020,24.0578,37.0227,71.8896,2.0455,54,20689665,0.261
7,Buenos Aires,2020,22.8435,17.6409,66.1364,1.2727,147,20689665,0.7105
8,Buenos Aires,2020,19.189,23.0636,64.9416,1.0455,314,20689665,1.5177
9,Buenos Aires,2020,22.6734,0.4818,60.0455,0.1364,505,20689665,2.4408
10,Buenos Aires,2020,25.211,1.2182,62.2403,0.2727,999,20689665,4.8285
11,Buenos Aires,2020,20.9045,73.1909,74.2468,3.0,1811,20689665,8.7532
12,Buenos Aires,2020,19.8344,23.4818,74.1688,1.7727,1235,20689665,5.9692
13,Buenos Aires,2020,22.4045,23.8409,76.4026,1.4091,1095,20689665,5.2925
14,Buenos Aires,2020,17.9604,42.0,78.8506,2.3182,1760,20689665,8.5067
15,Buenos Aires,2020,14.3955,10.8227,72.2727,0.6818,1480,20689665,7.1533
16,Buenos Aires,2020,15.6195,7.3136,72.1494,0.5909,1109,20689665,5.3602
17,Buenos Aires,2020,16.8565,25.0318,78.5455,2.2273,811,20689665,3.9198
18,Buenos Aires,2020,14.7948,60.0455,82.3636,2.3182,741,20689665,3.5815
19,Buenos Aires,2020,13.0403,6.1318,74.6623,0.8636,429,20689665,2.0735
20,Buenos Aires,2020,13.0117,0.5,67.026,0.0909,273,20689665,1.3195
21,Buenos Aires,2020,12.9461,7.4409,76.2273,0.8182,138,20689665,0.667
22,Buenos Aires,2020,11.3662,1.2091,79.9286,0.3182,75,20689665,0.3625
23,Buenos Aires,2020,10.2318,1.6864,84.7468,0.3636,17,20689665,0.0822
24,Buenos Aires,2020,9.8058,0.6455,73.1364,0.0909,18,20689665,0.087
25,Buenos Aires,2020,12.3766,30.4227,77.8312,1.5455,1,20689665,0.0048
26,Buenos Aires,2020,7.789,6.2455,79.6688,1.0,1,20689665,0.0048
27,Buenos Aires,2020,8.0117,25.6455,83.3766,2.0455,1,20689665,0.0048
28,Buenos Aires,2020,6.5617,1.7955,73.6688,0.4545,0,20689665,0.0
29,Buenos Aires,2020,8.6143,0.5045,73.2727,0.0909,3,20689665,0.0145
30,Buenos Aires,2020,9.6396,21.0818,82.9481,2.0,1,20689665,0.0048
31,Buenos Aires,2020,8.3799,0.1636,69.2857,0.0455,0,20689665,0.0
32,Buenos Aires,2020,13.1734,4.1227,79.0195,0.7273,1,20689665,0.0048
33,Buenos Aires,2020,8.9597,0.0045,52.3052,0.0,0,20689665,0.0
34,Buenos Aires,2020,9.1532,0.3,53.1818,0.0455,0,20689665,0.0
35,Buenos Aires,2020,12.3656,16.4591,74.5195,1.6818,0,20689665,0.0
36,Buenos Aires,2020,8.9961,20.5227,74.7338,1.4091,1,20689665,0.0048
37,Buenos Aires,2020,12.4844,5.1091,67.9935,0.9545,0,20689665,0.0
38,Buenos Aires,2020,12.3,0.0136,52.8052,0.0,1,20689665,0.0048
39,Buenos Aires,2020,14.0091,44.6727,71.3571,2.2727,2,20689665,0.0097
40,Buenos Aires,2020,12.6552,4.1864,62.9545,0.5455,1,20689665,0.0048
41,Buenos Aires,2020,14.1753,5.8636,63.4091,0.6364,0,20689665,0.0
42,Buenos Aires,2020,18.8766,22.7364,67.7338,1.0455,1,20689665,0.0048
43,Buenos Aires,2020,16.0208,65.45,79.6558,3.6364,0,20689665,0.0
44,Buenos Aires,2020,15.5045,2.1545,62.4416,0.3636,1,20689665,0.0048
45,Buenos Aires,2020,19.6331,1.0273,63.7597,0.1818,1,20689665,0.0048
46,Buenos Aires,2020,20.1357,14.0773,69.3571,1.1364,0,20689665,0.0
47,Buenos Aires,2020,20.5065,5.8182,59.3247,0.5909,2,20689665,0.0097
48,Buenos Aires,2020,21.7961,35.75,61.7792,2.3636,5,20689665,0.0242
49,Buenos Aires,2020,19.0773,6.8818,54.2792,0.4545,0,20689665,0.0
50,Buenos Aires,2020,22.9539,14.0136,51.3701,1.6364,0,20689665,0.0
51,Buenos Aires,2020,21.3188,15.2955,52.513,1.3636,1,20689665,0.0048
52,Buenos Aires,2020,25.387,0.7864,53.5714,0.0909,1,20689665,0.0048
53,Buenos Aires,2020,24.4961,15.9,55.1883,1.5,1,20689665,0.0048
1,Buenos Aires,2021,22.3578,81.7045,69.7403,2.8636,0,20689665,0.0
2,Buenos Aires,2021,21.0123,16.9909,62.2078,1.5455,0,20689665,0.0
3,Buenos Aires,2021,26.4948,0.0,56.2987,0.0,0,20689665,0.0
4,Buenos Aires,2021,23.0071,34.5409,62.6948,2.3636,0,20689665,0.0
5,Buenos Aires,2021,21.5883,14.4409,68.4481,1.0909,0,20689665,0.0
6,Buenos Aires,2021,21.2429,28.6091,76.5779,2.7273,0,20689665,0.0
7,Buenos Aires,2021,21.4312,21.6318,59.5649,1.2727,0,20689665,0.0
8,Buenos Aires,2021,23.7896,6.0773,62.4481,0.4091,0,20689665,0.0
9,Buenos Aires,2021,22.987,6.6182,71.0584,0.8636,0,20689665,0.0
10,Buenos Aires,2021,21.4922,5.2455,64.3636,0.5909,3,20689665,0.0145
11,Buenos Aires,2021,17.6052,34.3864,75.0779,2.5455,1,20689665,0.0048
12,Buenos Aires,2021,18.8019,55.2045,81.6688,2.6364,2,20689665,0.0097
13,Buenos Aires,2021,18.5266,0.1364,74.1558,0.0455,2,20689665,0.0097
14,Buenos Aires,2021,20.2123,64.0818,82.2078,2.7727,2,20689665,0.0097
15,Buenos Aires,2021,18.4065,1.9318,77.1299,0.1364,3,20689665,0.0145
16,Buenos Aires,2021,18.3045,24.8409,79.0909,1.5455,0,20689665,0.0
17,Buenos Aires,2021,16.1604,4.2273,75.6948,0.4091,1,20689665,0.0048
18,Buenos Aires,2021,11.2097,9.9318,75.1623,0.7273,0,20689665,0.0
19,Buenos Aires,2021,10.9305,0.0909,70.8766,0.0455,0,20689665,0.0
20,Buenos Aires,2021,11.3818,60.2773,84.7662,3.0,0,20689665,0.0
21,Buenos Aires,2021,11.0721,0.2864,67.1039,0.1364,0,20689665,0.0
22,Buenos Aires,2021,11.5162,1.9636,72.7597,0.3182,0,20689665,0.0
23,Buenos Aires,2021,12.2688,0.5,78.3182,0.0909,0,20689665,0.0
24,Buenos Aires,2021,5.8799,0.7136,77.6104,0.2727,0,20689665,0.0
25,Buenos Aires,2021,9.1857,9.3773,83.0519,1.3636,0,20689665,0.0
26,Buenos Aires,2021,7.3987,0.7364,73.3766,0.1364,0,20689665,0.0
27,Buenos Aires,2021,11.0935,11.2636,78.2078,1.5,0,20689665,0.0
28,Buenos Aires,2021,8.2026,2.7864,73.9935,0.3636,0,20689665,0.0
29,Buenos Aires,2021,10.1688,8.6409,71.487,0.6818,0,20689665,0.0
30,Buenos Aires,2021,6.9883,1.25,66.1883,0.1364,0,20689665,0.0
1,Buenos Aires,2022,24.7318,0.4136,51.7987,0.0909,0,20689665,0.0
2,Buenos Aires,2022,28.9805,21.8364,50.0065,1.3182,0,20689665,0.0
3,Buenos Aires,2022,21.7844,92.6818,82.2208,4.1364,0,20689665,0.0
4,Buenos Aires,2022,23.189,10.7455,64.8831,0.9545,2,20689665,0.0097
5,Buenos Aires,2022,21.2136,27.3909,68.0714,2.8636,0,20689665,0.0
6,Buenos Aires,2022,19.9857,8.4273,65.2792,0.9545,0,20689665,0.0
7,Buenos Aires,2022,22.376,12.8864,64.7727,1.0909,5,20689665,0.0242
8,Buenos Aires,2022,21.2682,46.6318,76.0649,2.7273,7,20689665,0.0338
9,Buenos Aires,2022,21.2461,36.15,67.8117,1.5455,9,20689665,0.0435
10,Buenos Aires,2022,18.8435,5.8364,68.1364,0.7273,11,20689665,0.0532
11,Buenos Aires,2022,18.9513,7.1182,67.6429,0.8636,8,20689665,0.0387
12,Buenos Aires,2022,17.5448,60.1227,80.3896,2.8182,10,20689665,0.0483
13,Buenos Aires,2022,15.2039,4.45,65.7338,0.7273,14,20689665,0.0677
14,Buenos Aires,2022,17.9455,33.7091,73.4675,1.5,23,20689665,0.1112
15,Buenos Aires,2022,14.4662,1.2636,73.8182,0.2727,18,20689665,0.087
16,Buenos Aires,2022,15.9812,22.9818,73.2857,1.3636,15,20689665,0.0725
17,Buenos Aires,2022,12.3916,21.2955,67.1234,0.8636,16,20689665,0.0773
18,Buenos Aires,2022,13.5468,0.0,74.9416,0.0,7,20689665,0.0338
19,Buenos Aires,2022,12.0851,3.5682,75.4156,0.3182,4,20689665,0.0193
20,Buenos Aires,2022,10.2662,0.7818,75.1688,0.1364,4,20689665,0.0193
21,Buenos Aires,2022,8.8286,16.0545,77.9675,1.2727,0,20689665,0.0
22,Buenos Aires,2022,5.7448,0.1455,75.513,0.0455,0,20689665,0.0
23,Buenos Aires,2022,8.0838,0.3045,73.6299,0.0455,0,20689665,0.0
24,Buenos Aires,2022,8.2084,0.2727,71.8182,0.0455,0,20689665,0.0
25,Buenos Aires,2022,5.5669,0.1182,76.6364,0.0455,0,20689665,0.0
26,Buenos Aires,2022,8.3273,1.6591,71.2338,0.5,0,20689665,0.0
27,Buenos Aires,2022,9.3175,1.4773,73.0909,0.2727,0,20689665,0.0
28,Buenos Aires,2022,8.1071,0.7409,75.3182,0.0909,0,20689665,0.0
29,Buenos Aires,2022,9.9766,4.1364,75.5325,0.2727,0,20689665,0.0
30,Buenos Aires,2022,11.8468,39.9636,81.6883,2.4545,0,20689665,0.0
31,Buenos Aires,2022,9.2026,1.0091,80.1948,0.2273,0,20689665,0.0
32,Buenos Aires,2022,11.0591,9.2045,76.0844,0.7273,1,20689665,0.0048
33,Buenos Aires,2022,9.5747,2.6045,60.2597,0.5,0,20689665,0.0
34,Buenos Aires,2022,12.2,8.5409,68.1753,0.7273,0,20689665,0.0
35,Buenos Aires,2022,12.0552,1.3409,62.0325,0.2273,0,20689665,0.0
36,Buenos Aires,2022,12.6565,3.9045,61.4416,0.5,0,20689665,0.0
37,Buenos Aires,2022,15.1247,8.1591,67.0649,0.5909,0,20689665,0.0
38,Buenos Aires,2022,12.9714,2.05,67.6494,0.5,0,20689665,0.0
39,Buenos Aires,2022,14.9604,0.8364,60.3506,0.1364,0,20689665,0.0
40,Buenos Aires,2022,14.4545,6.1955,62.6558,1.2273,1,20689665,0.0048
41,Buenos Aires,2022,14.3266,1.7818,55.3052,0.2727,0,20689665,0.0
42,Buenos Aires,2022,15.8526,7.6864,70.9545,1.1818,0,20689665,0.0
43,Buenos Aires,2022,18.2883,35.6091,65.961,2.7273,0,20689665,0.0
44,Buenos Aires,2022,17.6026,0.05,55.3571,0.0,0,20689665,0.0
45,Buenos Aires,2022,20.4208,30.8364,67.3182,2.0,0,20689665,0.0
46,Buenos Aires,2022,22.1461,19.65,64.6115,2.1818,0,20689665,0.0
47,Buenos Aires,2022,21.6286,2.85,59.7532,0.5909,0,20689665,0.0
48,Buenos Aires,2022,23.2357,25.4227,62.3312,1.2273,3,20689665,0.0145
49,Buenos Aires,2022,26.7864,20.4864,52.8961,2.2273,1,20689665,0.0048
50,Buenos Aires,2022,22.1422,4.1909,50.3506,0.8182,0,20689665,0.0
1,Buenos Aires,2023,25.5325,0.0,50.2468,0.0,7,20689665,0.0338
2,Buenos Aires,2023,24.5455,9.3409,55.1753,0.6364,7,20689665,0.0338
3,Buenos Aires,2023,25.5961,29.8045,64.987,1.9091,6,20689665,0.029
4,Buenos Aires,2023,25.0422,16.1864,63.4221,1.5455,8,20689665,0.0387
5,Buenos Aires,2023,23.4656,13.85,68.7338,1.1818,22,20689665,0.1063
6,Buenos Aires,2023,27.8279,21.5,57.5844,1.4545,25,20689665,0.1208
7,Buenos Aires,2023,18.7429,8.0,57.9221,1.0909,44,20689665,0.2127
8,Buenos Aires,2023,23.4383,4.1864,59.461,0.2727,94,20689665,0.4543
9,Buenos Aires,2023,26.3604,2.4,57.0909,0.4545,265,20689665,1.2808
10,Buenos Aires,2023,26.4494,20.6045,66.2857,0.9545,620,20689665,2.9967
11,Buenos Aires,2023,24.7526,49.8409,76.3766,2.4545,1477,20689665,7.1388
12,Buenos Aires,2023,20.2396,8.3773,71.5649,0.6818,3331,20689665,16.0998
13,Buenos Aires,2023,17.8013,19.7545,65.2078,1.2273,4504,20689665,21.7693
14,Buenos Aires,2023,19.2422,1.7545,74.1039,0.1364,3539,20689665,17.1052
15,Buenos Aires,2023,14.9312,7.0045,72.6818,0.8182,3728,20689665,18.0187
16,Buenos Aires,2023,14.1636,8.3091,73.8442,1.0455,2430,20689665,11.745
17,Buenos Aires,2023,18.0734,6.55,76.4481,0.8182,1120,20689665,5.4133
18,Buenos Aires,2023,12.9214,19.5318,71.7143,1.1364,958,20689665,4.6303
19,Buenos Aires,2023,13.4857,0.0,75.2792,0.0,566,20689665,2.7357
20,Buenos Aires,2023,14.3994,27.45,79.3571,1.7727,318,20689665,1.537
21,Buenos Aires,2023,13.9461,54.95,82.8442,2.3182,157,20689665,0.7588
22,Buenos Aires,2023,13.1095,7.581,77.9524,0.619,135,20689665,0.6525
23,Buenos Aires,2023,11.4653,0.2619,71.4218,0.0476,64,20689665,0.3093
24,Buenos Aires,2023,6.2224,0.4048,72.2109,0.0952,27,20689665,0.1305
25,Buenos Aires,2023,10.1483,5.1524,87.9524,0.8095,9,20689665,0.0435
26,Buenos Aires,2023,9.9381,8.9143,77.3741,0.4762,4,20689665,0.0193
27,Buenos Aires,2023,12.0095,22.0,81.0068,1.7619,8,20689665,0.0387
28,Buenos Aires,2023,6.8585,12.8,79.0884,1.0952,9,20689665,0.0435
29,Buenos Aires,2023,9.2918,4.119,74.1293,0.2857,1,20689665,0.0048
30,Buenos Aires,2023,9.5558,4.2476,78.8844,0.5714,8,20689665,0.0387
31,Buenos Aires,2023,12.283,0.0,67.517,0.0,7,20689665,0.0338
32,Buenos Aires,2023,9.1728,2.9619,66.8231,0.5714,3,20689665,0.0145
33,Buenos Aires,2023,11.9857,43.3333,69.5986,1.7143,0,20689665,0.0
34,Buenos Aires,2023,9.3728,8.0429,64.7075,0.6667,2,20689665,0.0097
35,Buenos Aires,2023,11.6184,18.6048,63.6054,1.2381,1,20689665,0.0048
36,Buenos Aires,2023,11.0367,11.319,71.6735,1.619,0,20689665,0.0
37,Buenos Aires,2023,13.866,9.419,60.2517,0.7619,0,20689665,0.0
38,Buenos Aires,2023,12.649,1.4952,76.3469,0.2857,3,20689665,0.0145
39,Buenos Aires,2023,12.5912,2.5762,65.9932,0.5714,4,20689665,0.0193
40,Buenos Aires,2023,15.3068,5.0952,58.1497,0.8095,4,20689665,0.0193
41,Buenos Aires,2023,15.6401,7.2762,55.0884,1.2857,3,20689665,0.0145
42,Buenos Aires,2023,16.6503,14.1857,69.9388,1.2857,7,20689665,0.0338
43,Buenos Aires,2023,17.7782,22.4048,67.8776,2.4762,0,20689665,0.0
44,Buenos Aires,2023,13.9327,30.4905,66.7755,1.5714,13,20689665,0.0628
45,Buenos Aires,2023,18.998,39.419,60.9456,1.5714,4,20689665,0.0193
46,Buenos Aires,2023,18.3129,8.1,53.1837,0.9524,9,20689665,0.0435
47,Buenos Aires,2023,21.5333,1.9524,50.0476,0.5238,9,20689665,0.0435
48,Buenos Aires,2023,22.1497,63.4286,66.898,2.8571,15,20689665,0.0725
49,Buenos Aires,2023,19.4102,20.5286,70.4694,1.619,13,20689665,0.0628
50,Buenos Aires,2023,24.3286,78.0857,71.4966,3.0,33,20689665,0.1595
51,Buenos Aires,2023,20.2952,36.2857,72.034,2.619,42,20689665,0.203
52,Buenos Aires,2023,21.6463,14.8857,59.0136,1.1429,72,20689665,0.348
1,Buenos Aires,2024,23.6993,24.2381,70.5306,1.9048,211,20689665,1.0198
2,Buenos Aires,2024,22.9673,10.9524,63.7143,1.2857,411,20689665,1.9865
3,Buenos Aires,2024,23.534,6.5905,61.6939,0.8095,412,20689665,1.9913
4,Buenos Aires,2024,25.166,0.0,57.0408,0.0,550,20689665,2.6583
5,Buenos Aires,2024,27.3429,8.3524,56.5578,0.8571,930,20689665,4.495
6,Buenos Aires,2024,25.0252,99.6286,80.034,4.0476,2163,20689665,10.4545
7,Buenos Aires,2024,21.6857,6.881,70.0544,0.5714,4954,20689665,23.9443
8,Buenos Aires,2024,23.034,11.7,71.9524,0.8095,8834,20689665,42.6976
9,Buenos Aires,2024,22.6551,14.4905,70.9116,1.3333,11820,20689665,57.13
10,Buenos Aires,2024,20.602,31.7238,66.9048,2.2857,15179,20689665,73.3651
11,Buenos Aires,2024,21.4007,102.8238,81.3741,2.619,17680,20689665,85.4533
12,Buenos Aires,2024,19.4736,60.1619,75.1043,2.1429,19195,20689665,92.7758
13,Buenos Aires,2024,20.4537,5.8476,74.7483,0.8095,15647,20689665,75.6271
14,Buenos Aires,2024,17.8673,13.3048,70.5714,0.8571,13768,20689665,66.5453
15,Buenos Aires,2024,16.0,61.5143,79.8776,3.0952,8170,20689665,39.4883
16,Buenos Aires,2024,17.5626,52.5,76.7347,2.0952,5674,20689665,27.4243
17,Buenos Aires,2024,13.7408,23.8619,74.4762,2.381,4022,20689665,19.4397
18,Buenos Aires,2024,13.1102,5.5571,73.4286,1.381,2271,20689665,10.9765
19,Buenos Aires,2024,11.6721,3.1619,78.2789,0.9048,1078,20689665,5.2103
20,Buenos Aires,2024,8.0272,0.981,77.0884,0.2857,576,20689665,2.784
21,Buenos Aires,2024,8.3918,0.5048,77.0204,0.1429,219,20689665,1.0585
22,Buenos Aires,2024,10.2088,1.2476,80.7483,0.2381,75,20689665,0.3625
23,Buenos Aires,2024,12.7306,5.6524,81.8231,1.0,29,20689665,0.1402
24,Buenos Aires,2024,14.1109,0.1619,77.8707,0.0,23,20689665,0.1112
25,Buenos Aires,2024,11.3966,20.7286,82.2857,2.1905,11,20689665,0.0532
26,Buenos Aires,2024,6.9109,2.2619,73.2585,0.4286,7,20689665,0.0338
27,Buenos Aires,2024,5.6959,0.1333,66.966,0.0,0,20689665,0.0
28,Buenos Aires,2024,3.1442,0.0,72.1293,0.0,1,20689665,0.0048
29,Buenos Aires,2024,9.1082,1.8381,79.4558,0.5238,0,20689665,0.0
30,Buenos Aires,2024,10.5401,1.7048,70.034,0.2857,0,20689665,0.0
31,Buenos Aires,2024,12.7027,14.7952,67.0612,1.0952,0,20689665,0.0
32,Buenos Aires,2024,9.4218,18.1905,76.3129,2.0952,0,20689665,0.0
33,Buenos Aires,2024,10.1741,0.1333,73.9184,0.0476,0,20689665,0.0
34,Buenos Aires,2024,7.5422,15.0619,80.6735,1.7619,1,20689665,0.0048
35,Buenos Aires,2024,10.215,41.1,76.8435,1.4762,0,20689665,0.0
36,Buenos Aires,2024,12.9769,0.0952,61.9932,0.0476,1,20689665,0.0048
37,Buenos Aires,2024,12.8401,2.5238,70.0272,0.5238,0,20689665,0.0
38,Buenos Aires,2024,17.1109,16.4286,65.4694,1.2857,0,20689665,0.0
39,Buenos Aires,2024,15.6952,2.0714,63.2177,0.381,0,20689665,0.0
40,Buenos Aires,2024,15.4918,1.5762,64.0408,0.1429,0,20689665,0.0
41,Buenos Aires,2024,16.4558,2.8286,71.8299,0.619,1,20689665,0.0048
42,Buenos Aires,2024,19.8633,10.4857,70.619,1.1429,3,20689665,0.0145
43,Buenos Aires,2024,18.5973,33.8095,69.3061,2.1905,2,20689665,0.0097
44,Buenos Aires,2024,22.602,46.6286,63.9728,1.7143,1,20689665,0.0048
45,Buenos Aires,2024,19.0129,29.7714,66.7619,2.3333,2,20689665,0.0097
46,Buenos Aires,2024,19.7986,31.3238,61.0272,1.7143,0,20689665,0.0
47,Buenos Aires,2024,20.7374,16.5381,67.9048,1.0952,1,20689665,0.0048
48,Buenos Aires,2024,20.6415,63.3667,72.7551,4.5238,1,20689665,0.0048
49,Buenos Aires,2024,18.0245,7.8048,58.2245,1.0,4,20689665,0.0193
50,Buenos Aires,2024,22.3456,10.2476,61.9116,1.0952,2,20689665,0.0097
51,Buenos Aires,2024,21.7626,2.7619,58.6122,0.4286,1,20689665,0.0048
52,Buenos Aires,2024,21.017,10.4286,64.3605,1.0,0,20689665,0.0
1,Buenos Aires,2025,22.6544,10.2,61.4422,0.8571,0,20689665,0.0
2,Buenos Aires,2025,24.7088,2.5667,60.2381,0.1905,4,20689665,0.0193
3,Buenos Aires,2025,25.5905,12.2571,58.8299,0.7619,2,20689665,0.0097
4,Buenos Aires,2025,25.6578,11.0286,55.4354,1.0476,2,20689665,0.0097
5,Buenos Aires,2025,25.6578,7.481,60.7211,0.9048,4,20689665,0.0193
6,Buenos Aires,2025,24.7755,46.2905,66.9705,2.0476,10,20689665,0.0483
7,Buenos Aires,2025,23.2347,22.9,65.9184,2.0476,16,20689665,0.0773
8,Buenos Aires,2025,24.1,43.7238,65.0884,1.5714,20,20689665,0.0967
9,Buenos Aires,2025,23.2469,80.7524,81.3878,2.8095,18,20689665,0.087
10,Buenos Aires,2025,22.4306,110.319,81.0261,3.7619,34,20689665,0.1643
11,Buenos Aires,2025,17.3313,2.2619,72.0272,0.5238,78,20689665,0.377
12,Buenos Aires,2025,22.2429,23.8095,76.5442,1.8095,62,20689665,0.2997
13,Buenos Aires,2025,19.5898,36.2524,79.5986,2.1429,77,20689665,0.3722
14,Buenos Aires,2025,14.0544,0.7143,71.966,0.1429,90,20689665,0.435
15,Buenos Aires,2025,17.9218,22.5619,81.0476,1.4286,61,20689665,0.2948
16,Buenos Aires,2025,13.5497,29.081,81.483,2.1429,60,20689665,0.29
17,Buenos Aires,2025,16.1639,17.0524,73.8912,0.9524,43,20689665,0.2078
18,Buenos Aires,2025,15.9435,20.1,74.3673,0.5238,42,20689665,0.203
19,Buenos Aires,2025,15.2558,15.7952,79.9456,1.5714,25,20689665,0.1208
20,Buenos Aires,2025,16.4476,85.0714,81.2313,2.3333,14,20689665,0.0677
21,Buenos Aires,2025,10.9551,3.3286,79.8639,0.9524,12,20689665,0.058
22,Buenos Aires,2025,9.6061,31.4524,77.5238,1.381,1,20689665,0.0048
23,Buenos Aires,2025,9.9837,0.0,79.1973,0.0,2,20689665,0.0097
24,Buenos Aires,2025,8.9932,11.3429,81.7891,1.1905,2,20689665,0.0097
25,Buenos Aires,2025,8.8435,4.1571,79.8707,0.5714,0,20689665,0.0
26,Buenos Aires,2025,5.7714,2.6,67.6054,0.381,1,20689665,0.0048
27,Buenos Aires,2025,5.3901,5.8571,77.119,0.619,1,20689665,0.0048
28,Buenos Aires,2025,10.6619,14.8571,89.9116,1.0,1,20689665,0.0048
29,Buenos Aires,2025,10.7748,28.5286,80.7823,1.4762,0,20689665,0.0
30,Buenos Aires,2025,8.549,4.1333,81.1565,0.8095,0,20689665,0.0
31,Buenos Aires,2025,11.732,18.3952,75.6803,1.6667,1,20689665,0.0048
32,Buenos Aires,2025,8.2231,0.581,75.5986,0.0952,1,20689665,0.0048
33,Buenos Aires,2025,9.7054,0.1667,75.3946,0.0,0,20689665,0.0
34,Buenos Aires,2025,12.1429,58.219,74.0068,2.619,0,20689665,0.0
35,Buenos Aires,2025,14.4571,39.5286,78.3605,1.381,1,20689665,0.0048
36,Buenos Aires,2025,9.5599,4.6095,72.4218,0.9048,0,20689665,0.0
37,Buenos Aires,2025,14.515,2.4095,68.0816,0.381,0,20689665,0.0
38,Buenos Aires,2025,15.8088,54.0143,84.2789,2.8095,0,20689665,0.0
39,Buenos Aires,2025,13.2605,26.5857,73.4694,1.619,0,20689665,0.0
40,Buenos Aires,2025,17.9374,26.3476,72.7347,1.2857,0,20689665,0.0
41,Buenos Aires,2025,16.8619,22.6143,67.3265,1.5714,0,20689665,0.0
42,Buenos Aires,2025,17.5524,2.8905,65.8707,0.5714,0,20689665,0.0
1,Catamarca,2018,27.4714,12.5,50.9286,1.5,0,429556,0.0
2,Catamarca,2018,26.4357,25.0,56.4286,2.5,0,429556,0.0
3,Catamarca,2018,26.8929,1.5,49.1429,0.5,0,429556,0.0
4,Catamarca,2018,26.5071,54.5,61.5714,2.0,0,429556,0.0
5,Catamarca,2018,27.1714,10.5,60.3571,1.5,0,429556,0.0
6,Catamarca,2018,28.5286,0.45,49.5,0.0,0,429556,0.0
7,Catamarca,2018,25.1929,33.0,57.9286,1.5,0,429556,0.0
8,Catamarca,2018,25.3429,1.0,59.2143,0.0,0,429556,0.0
9,Catamarca,2018,25.2286,16.15,55.2143,1.5,0,429556,0.0
10,Catamarca,2018,25.2857,2.75,50.3929,0.5,0,429556,0.0
11,Catamarca,2018,25.3571,0.0,38.5714,0.0,0,429556,0.0
12,Catamarca,2018,23.3286,0.25,34.8571,0.0,0,429556,0.0
13,Catamarca,2018,23.4071,0.8,48.3571,0.0,0,429556,0.0
14,Catamarca,2018,22.8429,0.5,53.2143,0.0,0,429556,0.0
15,Catamarca,2018,20.9929,0.5,61.4286,0.0,0,429556,0.0
16,Catamarca,2018,24.6714,0.0,55.8571,0.0,0,429556,0.0
17,Catamarca,2018,23.8429,0.0,60.5714,0.0,0,429556,0.0
18,Catamarca,2018,20.4286,5.2,72.3571,0.5,0,429556,0.0
19,Catamarca,2018,18.6643,6.0,67.5714,1.0,0,429556,0.0
20,Catamarca,2018,14.8929,1.05,68.8571,0.5,0,429556,0.0
21,Catamarca,2018,14.2,0.0,59.0,0.0,0,429556,0.0
22,Catamarca,2018,11.0,4.25,72.0,1.5,0,429556,0.0
23,Catamarca,2018,10.7929,0.0,57.6429,0.0,0,429556,0.0
24,Catamarca,2018,8.4071,0.0,52.5,0.0,0,429556,0.0
25,Catamarca,2018,11.6,0.0,49.8571,0.0,0,429556,0.0
26,Catamarca,2018,11.7643,0.0,53.5,0.0,0,429556,0.0
27,Catamarca,2018,8.0429,2.9,77.5,1.0,0,429556,0.0
1,Catamarca,2019,27.7571,25.5,55.6429,1.5,0,429556,0.0
2,Catamarca,2019,25.45,7.25,55.0714,1.5,0,429556,0.0
3,Catamarca,2019,23.3857,13.0,66.1429,1.5,0,429556,0.0
4,Catamarca,2019,30.7214,26.85,51.5714,1.5,0,429556,0.0
5,Catamarca,2019,26.2929,80.2,68.2857,3.0,0,429556,0.0
6,Catamarca,2019,27.6857,7.8,53.2857,0.5,0,429556,0.0
7,Catamarca,2019,23.6143,12.5,57.5714,1.0,0,429556,0.0
8,Catamarca,2019,30.85,1.25,47.7857,0.5,0,429556,0.0
9,Catamarca,2019,25.3714,7.0,55.0714,0.5,0,429556,0.0
10,Catamarca,2019,22.7643,40.4,67.0714,2.0,0,429556,0.0
11,Catamarca,2019,21.8571,11.5,64.7143,1.0,0,429556,0.0
12,Catamarca,2019,20.8,8.5,61.1429,0.5,0,429556,0.0
13,Catamarca,2019,20.9286,2.0,66.9286,0.5,0,429556,0.0
14,Catamarca,2019,22.0143,46.5,65.7143,2.0,0,429556,0.0
15,Catamarca,2019,22.0286,0.0,57.6429,0.0,0,429556,0.0
16,Catamarca,2019,21.9357,6.5,66.3571,0.5,0,429556,0.0
17,Catamarca,2019,16.75,2.0,75.6429,0.5,0,429556,0.0
18,Catamarca,2019,18.5714,0.0,71.1429,0.0,0,429556,0.0
19,Catamarca,2019,18.05,0.55,69.7857,0.0,0,429556,0.0
20,Catamarca,2019,16.8357,0.0,59.8571,0.0,0,429556,0.0
21,Catamarca,2019,10.4071,3.4,66.2857,0.5,0,429556,0.0
22,Catamarca,2019,12.2714,0.1,68.3571,0.0,0,429556,0.0
23,Catamarca,2019,13.55,0.25,63.3571,0.0,0,429556,0.0
24,Catamarca,2019,12.3214,0.3,67.5,0.0,0,429556,0.0
25,Catamarca,2019,10.0429,0.0,58.6429,0.0,0,429556,0.0
26,Catamarca,2019,11.4929,0.0,52.3571,0.0,0,429556,0.0
27,Catamarca,2019,10.8357,0.0,57.5,0.0,0,429556,0.0
28,Catamarca,2019,12.0857,0.0,63.7143,0.0,0,429556,0.0
29,Catamarca,2019,14.6357,0.0,55.2143,0.0,0,429556,0.0
30,Catamarca,2019,10.9357,1.15,50.1429,0.5,0,429556,0.0
31,Catamarca,2019,12.7929,0.0,45.5,0.0,0,429556,0.0
32,Catamarca,2019,12.4357,0.0,34.1429,0.0,0,429556,0.0
33,Catamarca,2019,13.9,0.0,42.5,0.0,0,429556,0.0
34,Catamarca,2019,15.8071,0.0,46.3571,0.0,0,429556,0.0
35,Catamarca,2019,20.7714,0.0,38.9286,0.0,0,429556,0.0
36,Catamarca,2019,14.2857,0.0,44.6429,0.0,0,429556,0.0
37,Catamarca,2019,17.0381,6.5,49.5714,1.0,0,429556,0.0
38,Catamarca,2019,17.7286,0.0,35.1429,0.0,0,429556,0.0
39,Catamarca,2019,25.1143,0.0,28.7857,0.0,0,429556,0.0
40,Catamarca,2019,20.1357,0.0,39.2857,0.0,0,429556,0.0
41,Catamarca,2019,27.1786,6.5,35.1429,1.0,0,429556,0.0
42,Catamarca,2019,16.3286,5.25,66.1429,1.5,0,429556,0.0
43,Catamarca,2019,26.4643,0.0,35.2143,0.0,0,429556,0.0
44,Catamarca,2019,26.5571,9.0,48.8571,0.5,0,429556,0.0
45,Catamarca,2019,26.9,0.0,46.5,0.0,0,429556,0.0
46,Catamarca,2019,29.2571,2.55,44.5714,0.5,0,429556,0.0
47,Catamarca,2019,29.4429,0.5,46.5,0.0,0,429556,0.0
48,Catamarca,2019,26.7929,2.75,46.7857,0.5,0,429556,0.0
49,Catamarca,2019,25.1143,12.6,48.5,1.0,0,429556,0.0
50,Catamarca,2019,28.9929,0.0,38.1429,0.0,0,429556,0.0
51,Catamarca,2019,28.2,0.0,39.3571,0.0,0,429556,0.0
52,Catamarca,2019,30.15,25.5,41.7143,1.0,0,429556,0.0
1,Catamarca,2020,29.6,8.25,49.4286,1.0,0,429556,0.0
2,Catamarca,2020,29.4071,9.5,48.8571,1.5,0,429556,0.0
3,Catamarca,2020,28.3857,53.0,56.9286,1.0,0,429556,0.0
4,Catamarca,2020,29.5714,15.5,52.2857,1.5,0,429556,0.0
5,Catamarca,2020,27.4429,5.05,48.2857,1.0,0,429556,0.0
6,Catamarca,2020,27.4786,21.5,61.2857,2.5,0,429556,0.0
7,Catamarca,2020,26.3643,0.5,60.7143,0.0,1,429556,0.2328
8,Catamarca,2020,23.3,10.0,65.2143,1.5,5,429556,1.164
9,Catamarca,2020,27.1429,0.0,51.9286,0.0,11,429556,2.5608
10,Catamarca,2020,29.9786,0.0,41.7143,0.0,11,429556,2.5608
11,Catamarca,2020,28.9786,18.0,54.9286,2.0,43,429556,10.0103
12,Catamarca,2020,25.8857,2.5,58.3571,0.5,70,429556,16.2959
13,Catamarca,2020,24.5786,22.5,57.0,0.5,50,429556,11.6399
14,Catamarca,2020,22.3143,14.1,69.1429,1.0,30,429556,6.984
15,Catamarca,2020,20.3929,0.5,57.5,0.0,12,429556,2.7936
16,Catamarca,2020,21.1571,0.0,48.9286,0.0,15,429556,3.492
17,Catamarca,2020,23.6571,0.0,55.4286,0.0,30,429556,6.984
18,Catamarca,2020,19.8786,0.45,64.1429,0.0,25,429556,5.82
19,Catamarca,2020,16.75,0.0,57.0714,0.0,7,429556,1.6296
20,Catamarca,2020,16.6071,0.0,48.6429,0.0,9,429556,2.0952
21,Catamarca,2020,14.1429,0.5,56.3571,0.0,5,429556,1.164
22,Catamarca,2020,13.8786,0.0,50.7143,0.0,2,429556,0.4656
23,Catamarca,2020,10.8429,0.4,56.2143,0.0,0,429556,0.0
24,Catamarca,2020,14.3214,0.0,53.5714,0.0,0,429556,0.0
25,Catamarca,2020,13.6857,0.0,46.2024,0.0,0,429556,0.0
26,Catamarca,2020,11.4143,0.8,58.2857,0.5,0,429556,0.0
27,Catamarca,2020,11.0786,0.0,48.7143,0.0,0,429556,0.0
28,Catamarca,2020,9.9286,0.0,51.2857,0.0,0,429556,0.0
29,Catamarca,2020,11.6357,0.0,52.5714,0.0,0,429556,0.0
30,Catamarca,2020,10.0071,2.75,57.4286,1.0,0,429556,0.0
31,Catamarca,2020,11.9512,0.0,38.3095,0.0,0,429556,0.0
32,Catamarca,2020,16.8071,0.0,45.3571,0.0,0,429556,0.0
33,Catamarca,2020,13.85,0.0,32.9286,0.0,0,429556,0.0
34,Catamarca,2020,12.8357,0.0,33.2857,0.0,0,429556,0.0
35,Catamarca,2020,17.7,0.0,38.0,0.0,0,429556,0.0
36,Catamarca,2020,14.3786,0.0,44.6429,0.0,0,429556,0.0
37,Catamarca,2020,20.3929,0.0,42.1429,0.0,0,429556,0.0
38,Catamarca,2020,20.6143,0.0,25.7143,0.0,0,429556,0.0
39,Catamarca,2020,22.8714,0.0,31.0714,0.0,0,429556,0.0
40,Catamarca,2020,22.6214,0.0,29.0,0.0,0,429556,0.0
41,Catamarca,2020,23.6214,0.0,33.5714,0.0,0,429556,0.0
42,Catamarca,2020,25.7571,1.65,35.5,0.5,0,429556,0.0
43,Catamarca,2020,25.8143,24.0,52.2857,1.0,0,429556,0.0
44,Catamarca,2020,23.7143,0.0,32.4286,0.0,0,429556,0.0
45,Catamarca,2020,27.5643,0.0,30.3571,0.0,0,429556,0.0
46,Catamarca,2020,25.6929,5.5,50.5,1.0,0,429556,0.0
47,Catamarca,2020,24.7786,17.0,48.8571,1.0,0,429556,0.0
48,Catamarca,2020,29.9571,21.9,43.9286,1.0,0,429556,0.0
49,Catamarca,2020,24.4214,14.0,51.5,1.5,0,429556,0.0
50,Catamarca,2020,30.5286,0.0,38.7143,0.0,0,429556,0.0
51,Catamarca,2020,29.3,0.0,39.4286,0.0,0,429556,0.0
52,Catamarca,2020,30.0869,3.5,43.0,1.0,0,429556,0.0
53,Catamarca,2020,29.35,1.7,49.7143,0.5,0,429556,0.0
1,Catamarca,2021,26.6643,14.35,55.8571,1.0,0,429556,0.0
2,Catamarca,2021,27.0857,28.05,58.3571,1.5,0,429556,0.0
3,Catamarca,2021,29.1929,5.0,42.0,0.5,0,429556,0.0
4,Catamarca,2021,28.2286,0.2,52.7857,0.0,0,429556,0.0
5,Catamarca,2021,24.7357,8.25,60.5714,1.0,0,429556,0.0
6,Catamarca,2021,23.4643,43.75,64.5,2.0,0,429556,0.0
7,Catamarca,2021,26.4071,0.5,57.0714,0.0,0,429556,0.0
8,Catamarca,2021,28.2929,4.6,59.0,1.0,0,429556,0.0
9,Catamarca,2021,25.8071,39.0,63.7143,1.5,0,429556,0.0
10,Catamarca,2021,25.8357,19.5,64.8571,2.0,0,429556,0.0
11,Catamarca,2021,20.4857,3.75,76.0,1.0,0,429556,0.0
12,Catamarca,2021,20.9071,2.85,67.8571,1.0,0,429556,0.0
13,Catamarca,2021,22.9786,0.0,56.0,0.0,0,429556,0.0
14,Catamarca,2021,22.6929,9.9,67.8571,0.5,0,429556,0.0
15,Catamarca,2021,22.8286,0.0,58.8571,0.0,0,429556,0.0
16,Catamarca,2021,22.7286,11.0,58.7143,0.5,0,429556,0.0
17,Catamarca,2021,20.3357,0.0,57.0,0.0,1,429556,0.2328
18,Catamarca,2021,14.5143,7.0,74.1429,1.0,1,429556,0.2328
19,Catamarca,2021,15.7929,0.15,67.8571,0.0,1,429556,0.2328
20,Catamarca,2021,15.6,0.0,63.0714,0.0,0,429556,0.0
21,Catamarca,2021,15.4214,0.0,51.0714,0.0,0,429556,0.0
22,Catamarca,2021,16.1929,0.0,58.1429,0.0,0,429556,0.0
23,Catamarca,2021,14.2643,0.0,60.1429,0.0,0,429556,0.0
24,Catamarca,2021,7.8357,3.0,70.4286,1.0,0,429556,0.0
25,Catamarca,2021,9.6429,2.5,63.2143,0.5,0,429556,0.0
26,Catamarca,2021,8.6714,0.0,48.7143,0.0,0,429556,0.0
27,Catamarca,2021,14.7357,0.0,48.6429,0.0,0,429556,0.0
28,Catamarca,2021,12.2571,0.0,54.1429,0.0,0,429556,0.0
29,Catamarca,2021,13.1857,0.0,43.0714,0.0,0,429556,0.0
30,Catamarca,2021,10.1929,0.0,44.9286,0.0,0,429556,0.0
1,Catamarca,2022,30.0071,8.65,44.7857,1.0,0,429556,0.0
2,Catamarca,2022,33.9429,0.0,32.6429,0.0,0,429556,0.0
3,Catamarca,2022,27.0643,57.25,63.1429,2.5,0,429556,0.0
4,Catamarca,2022,25.7143,38.25,63.7857,3.0,1,429556,0.2328
5,Catamarca,2022,25.6286,1.0,55.5714,0.0,0,429556,0.0
6,Catamarca,2022,24.4714,28.75,57.6429,1.0,0,429556,0.0
7,Catamarca,2022,27.4,5.5,54.3571,1.0,0,429556,0.0
8,Catamarca,2022,26.5714,3.0,60.7857,1.0,0,429556,0.0
9,Catamarca,2022,26.6929,16.5,61.7857,1.0,0,429556,0.0
10,Catamarca,2022,23.0714,22.0,67.5714,2.5,0,429556,0.0
11,Catamarca,2022,23.1857,0.5,57.4286,0.0,0,429556,0.0
12,Catamarca,2022,21.7,0.0,51.3571,0.0,1,429556,0.2328
13,Catamarca,2022,20.1571,0.0,55.3571,0.0,0,429556,0.0
14,Catamarca,2022,23.2429,0.0,61.2857,0.0,0,429556,0.0
15,Catamarca,2022,19.8429,15.55,58.7143,0.5,0,429556,0.0
16,Catamarca,2022,20.8643,0.0,53.2143,0.0,0,429556,0.0
17,Catamarca,2022,19.7143,0.0,50.1429,0.0,0,429556,0.0
18,Catamarca,2022,16.6071,0.0,52.1429,0.0,0,429556,0.0
19,Catamarca,2022,16.95,3.5,64.5,1.0,0,429556,0.0
20,Catamarca,2022,12.55,0.25,61.2143,0.0,0,429556,0.0
21,Catamarca,2022,12.8083,0.0,62.7381,0.0,0,429556,0.0
22,Catamarca,2022,9.0571,0.0,62.5714,0.0,0,429556,0.0
23,Catamarca,2022,12.7643,0.0,55.3571,0.0,0,429556,0.0
24,Catamarca,2022,10.6286,0.0,49.2143,0.0,0,429556,0.0
25,Catamarca,2022,8.1,0.0,61.8571,0.0,0,429556,0.0
26,Catamarca,2022,10.7786,0.0,58.0714,0.0,0,429556,0.0
27,Catamarca,2022,14.6857,0.0,42.4286,0.0,0,429556,0.0
28,Catamarca,2022,9.2786,3.5,48.5,0.5,0,429556,0.0
29,Catamarca,2022,13.1786,0.0,53.3571,0.0,0,429556,0.0
30,Catamarca,2022,15.2786,0.0,59.4286,0.0,0,429556,0.0
31,Catamarca,2022,13.6071,0.1,53.8571,0.0,0,429556,0.0
32,Catamarca,2022,13.5214,0.0,50.0,0.0,0,429556,0.0
33,Catamarca,2022,14.3571,0.0,32.8571,0.0,0,429556,0.0
34,Catamarca,2022,17.7714,0.0,35.0714,0.0,0,429556,0.0
35,Catamarca,2022,15.6143,0.0,33.6429,0.0,0,429556,0.0
36,Catamarca,2022,18.2714,0.0,27.5,0.0,0,429556,0.0
37,Catamarca,2022,20.1071,0.0,30.7143,0.0,0,429556,0.0
38,Catamarca,2022,16.6286,0.0,42.7143,0.0,0,429556,0.0
39,Catamarca,2022,18.15,30.0,56.4286,2.0,0,429556,0.0
40,Catamarca,2022,21.3714,0.7,34.8571,0.5,0,429556,0.0
41,Catamarca,2022,20.25,0.0,31.8571,0.0,0,429556,0.0
42,Catamarca,2022,21.3786,2.1,46.5714,0.5,0,429556,0.0
43,Catamarca,2022,27.5214,0.0,29.7857,0.0,0,429556,0.0
44,Catamarca,2022,22.1643,0.0,26.8571,0.0,0,429556,0.0
45,Catamarca,2022,27.0214,3.5,38.5714,0.5,0,429556,0.0
46,Catamarca,2022,29.5929,8.0,34.5,1.0,0,429556,0.0
47,Catamarca,2022,28.6071,0.0,34.3571,0.0,0,429556,0.0
48,Catamarca,2022,27.1214,23.25,45.4286,1.0,0,429556,0.0
49,Catamarca,2022,32.2857,11.5,38.2857,1.0,0,429556,0.0
50,Catamarca,2022,27.8714,25.1,44.0714,0.5,0,429556,0.0
1,Catamarca,2023,28.5143,9.5,37.2143,1.0,0,429556,0.0
2,Catamarca,2023,27.7786,21.5,43.6429,1.0,0,429556,0.0
3,Catamarca,2023,29.7214,9.0,48.0,1.5,0,429556,0.0
4,Catamarca,2023,28.7571,31.2,56.2857,2.5,0,429556,0.0
5,Catamarca,2023,26.35,50.15,62.5714,2.0,0,429556,0.0
6,Catamarca,2023,30.0643,1.5,46.2143,0.5,0,429556,0.0
7,Catamarca,2023,24.9,24.7,53.2857,1.5,0,429556,0.0
8,Catamarca,2023,26.7143,5.6,49.1429,1.5,0,429556,0.0
9,Catamarca,2023,28.7071,0.45,45.2143,0.0,5,429556,1.164
10,Catamarca,2023,29.9571,9.35,48.5714,0.5,28,429556,6.5184
11,Catamarca,2023,28.6214,1.5,52.7143,0.5,34,429556,7.9151
12,Catamarca,2023,26.3857,33.0,62.2143,2.0,57,429556,13.2695
13,Catamarca,2023,24.4714,0.0,59.7143,0.0,157,429556,36.5494
14,Catamarca,2023,23.4714,16.75,60.3571,1.0,157,429556,36.5494
15,Catamarca,2023,20.6643,10.75,66.4286,2.0,145,429556,33.7558
16,Catamarca,2023,18.5786,10.5,61.8571,0.5,133,429556,30.9622
17,Catamarca,2023,20.0571,0.0,62.4286,0.0,111,429556,25.8406
18,Catamarca,2023,15.9071,0.25,56.3571,0.0,100,429556,23.2799
19,Catamarca,2023,18.7857,0.0,59.5,0.0,39,429556,9.0791
20,Catamarca,2023,19.2857,0.25,62.7143,0.0,35,429556,8.1479
21,Catamarca,2023,16.5429,4.4,70.7143,1.0,35,429556,8.1479
22,Catamarca,2023,14.6,0.0,71.2143,0.0,18,429556,4.1904
23,Catamarca,2023,15.5,0.0,60.3571,0.0,11,429556,2.5608
24,Catamarca,2023,8.4286,0.15,56.4286,0.0,4,429556,0.9312
25,Catamarca,2023,12.2857,0.0,63.0,0.0,0,429556,0.0
26,Catamarca,2023,14.1429,0.0,58.1429,0.0,0,429556,0.0
27,Catamarca,2023,14.8429,0.0,62.8571,0.0,0,429556,0.0
28,Catamarca,2023,10.0,2.8,73.2143,0.5,1,429556,0.2328
29,Catamarca,2023,13.4143,0.0,54.1429,0.0,0,429556,0.0
30,Catamarca,2023,13.7643,0.0,53.2143,0.0,0,429556,0.0
31,Catamarca,2023,18.6143,0.0,52.2143,0.0,0,429556,0.0
32,Catamarca,2023,15.8,0.0,42.2143,0.0,0,429556,0.0
33,Catamarca,2023,18.3071,0.0,42.8571,0.0,0,429556,0.0
34,Catamarca,2023,19.1429,0.0,39.3571,0.0,0,429556,0.0
35,Catamarca,2023,18.2286,0.0,40.2857,0.0,0,429556,0.0
36,Catamarca,2023,17.4,0.0,55.0,0.0,0,429556,0.0
37,Catamarca,2023,22.3143,0.0,28.0,0.0,1,429556,0.2328
38,Catamarca,2023,22.2,0.0,40.5,0.0,0,429556,0.0
39,Catamarca,2023,20.6,1.0,43.3571,0.5,0,429556,0.0
40,Catamarca,2023,22.1929,1.0,35.0,0.5,0,429556,0.0
41,Catamarca,2023,23.6214,0.0,30.7143,0.0,0,429556,0.0
42,Catamarca,2023,25.6643,3.5,42.2143,0.5,0,429556,0.0
43,Catamarca,2023,24.5929,4.8,54.4286,0.5,0,429556,0.0
44,Catamarca,2023,21.8429,6.0,44.5,1.0,1,429556,0.2328
45,Catamarca,2023,30.4857,0.0,30.1429,0.0,0,429556,0.0
46,Catamarca,2023,27.5071,0.0,33.7143,0.0,0,429556,0.0
47,Catamarca,2023,27.8929,5.75,43.7143,0.5,0,429556,0.0
48,Catamarca,2023,28.3429,18.7,52.6429,1.5,0,429556,0.0
49,Catamarca,2023,25.8679,0.0,51.1786,0.0,0,429556,0.0
50,Catamarca,2023,33.0929,1.5,40.5,0.5,0,429556,0.0
51,Catamarca,2023,26.5143,59.0,60.7857,1.5,0,429556,0.0
52,Catamarca,2023,29.3071,18.0,47.5714,1.0,1,429556,0.2328
1,Catamarca,2024,29.9286,3.05,50.5,0.5,2,429556,0.4656
2,Catamarca,2024,29.0214,7.5,56.2857,0.5,6,429556,1.3968
3,Catamarca,2024,29.2714,2.0,48.1429,0.5,32,429556,7.4496
4,Catamarca,2024,29.6071,0.0,41.0714,0.0,124,429556,28.867
5,Catamarca,2024,33.1,0.0,36.4286,0.0,321,429556,74.7283
6,Catamarca,2024,30.4429,6.85,53.2857,1.5,659,429556,153.4142
7,Catamarca,2024,27.6786,5.0,55.7857,1.0,1001,429556,233.0313
8,Catamarca,2024,26.6571,6.0,59.4286,1.5,1026,429556,238.8513
9,Catamarca,2024,28.2429,22.75,61.0714,1.0,886,429556,206.2595
10,Catamarca,2024,27.1429,0.0,62.8571,0.0,1094,429556,254.6816
11,Catamarca,2024,31.0429,1.15,56.7857,0.5,916,429556,213.2434
12,Catamarca,2024,26.8643,0.0,55.6429,0.0,962,429556,223.9522
13,Catamarca,2024,27.7429,1.95,55.2857,0.5,702,429556,163.4246
14,Catamarca,2024,24.3643,0.0,60.5714,0.0,1046,429556,243.5072
15,Catamarca,2024,17.9214,15.05,71.9286,1.5,893,429556,207.8891
16,Catamarca,2024,20.3714,0.0,55.0,0.0,501,429556,116.6321
17,Catamarca,2024,19.4429,2.05,71.4286,0.5,301,429556,70.0724
18,Catamarca,2024,18.1786,4.05,58.7143,0.5,213,429556,49.5861
19,Catamarca,2024,14.4571,0.5,59.5,0.0,125,429556,29.0998
20,Catamarca,2024,10.6571,1.35,65.1429,0.5,37,429556,8.6135
21,Catamarca,2024,10.4714,1.25,64.0,0.5,6,429556,1.3968
22,Catamarca,2024,11.2643,0.0,58.1429,0.0,4,429556,0.9312
23,Catamarca,2024,14.05,0.0,54.5714,0.0,3,429556,0.6984
24,Catamarca,2024,18.0857,0.0,52.0714,0.0,1,429556,0.2328
25,Catamarca,2024,15.5786,2.25,60.1429,0.5,0,429556,0.0
26,Catamarca,2024,9.1571,0.0,60.0714,0.0,0,429556,0.0
27,Catamarca,2024,9.6929,0.0,51.0,0.0,0,429556,0.0
28,Catamarca,2024,5.4429,0.0,55.2143,0.0,0,429556,0.0
29,Catamarca,2024,10.0214,0.35,49.0,0.0,0,429556,0.0
30,Catamarca,2024,13.1714,0.0,48.7857,0.0,0,429556,0.0
31,Catamarca,2024,16.1429,0.0,39.7857,0.0,0,429556,0.0
32,Catamarca,2024,12.5286,0.0,43.5,0.0,0,429556,0.0
33,Catamarca,2024,14.6286,0.0,37.5714,0.0,0,429556,0.0
34,Catamarca,2024,11.2643,0.5,59.0714,0.0,0,429556,0.0
35,Catamarca,2024,15.05,0.0,46.3571,0.0,0,429556,0.0
36,Catamarca,2024,20.45,0.0,34.6429,0.0,0,429556,0.0
37,Catamarca,2024,20.7571,0.0,38.0,0.0,0,429556,0.0
38,Catamarca,2024,25.6,0.0,26.5714,0.0,0,429556,0.0
39,Catamarca,2024,23.0714,0.65,36.8571,0.5,0,429556,0.0
40,Catamarca,2024,25.3857,0.0,30.0,0.0,0,429556,0.0
41,Catamarca,2024,22.1643,21.9,64.4286,2.5,0,429556,0.0
42,Catamarca,2024,26.9714,4.25,53.7857,0.5,0,429556,0.0
43,Catamarca,2024,23.1643,18.6,53.4286,1.0,0,429556,0.0
44,Catamarca,2024,28.0786,2.2,45.3571,0.5,0,429556,0.0
45,Catamarca,2024,27.1143,1.0,48.7143,0.5,0,429556,0.0
46,Catamarca,2024,27.4643,0.35,35.9286,0.0,0,429556,0.0
47,Catamarca,2024,26.8071,0.0,51.7857,0.0,0,429556,0.0
48,Catamarca,2024,28.45,4.9,56.9286,0.5,0,429556,0.0
49,Catamarca,2024,26.1214,0.25,44.4286,0.0,0,429556,0.0
50,Catamarca,2024,28.45,3.5,39.9286,0.5,0,429556,0.0
51,Catamarca,2024,28.9714,1.25,43.1429,0.5,0,429556,0.0
52,Catamarca,2024,27.9214,14.5,42.7857,1.5,0,429556,0.0
1,Catamarca,2025,30.0071,8.5,43.7857,1.5,0,429556,0.0
2,Catamarca,2025,27.6286,19.25,51.5714,1.5,0,429556,0.0
3,Catamarca,2025,28.9786,15.85,43.0,0.5,2,429556,0.4656
4,Catamarca,2025,28.9714,41.0,50.3571,2.0,0,429556,0.0
5,Catamarca,2025,29.9214,0.5,51.0,0.0,1,429556,0.2328
6,Catamarca,2025,33.3143,0.0,40.7857,0.0,0,429556,0.0
7,Catamarca,2025,30.5714,22.05,48.5714,1.5,0,429556,0.0
8,Catamarca,2025,29.0,32.0,54.3571,1.5,0,429556,0.0
9,Catamarca,2025,29.8857,31.4,56.8571,2.0,1,429556,0.2328
10,Catamarca,2025,27.8429,19.5,59.7857,2.5,2,429556,0.4656
11,Catamarca,2025,22.1143,2.5,64.9286,1.0,3,429556,0.6984
12,Catamarca,2025,26.2143,3.25,55.3571,0.5,1,429556,0.2328
13,Catamarca,2025,21.1143,8.6,68.9286,1.5,0,429556,0.0
14,Catamarca,2025,17.8143,0.5,56.5,0.0,3,429556,0.6984
15,Catamarca,2025,19.7571,0.0,61.5,0.0,1,429556,0.2328
16,Catamarca,2025,20.8143,5.25,63.7143,1.0,0,429556,0.0
17,Catamarca,2025,20.0857,1.5,68.2857,0.5,0,429556,0.0
18,Catamarca,2025,20.4143,0.1,59.0,0.0,0,429556,0.0
19,Catamarca,2025,20.0571,0.4,65.2143,0.0,0,429556,0.0
20,Catamarca,2025,19.8786,0.0,62.2857,0.0,1,429556,0.2328
21,Catamarca,2025,15.0214,0.0,61.5714,0.0,1,429556,0.2328
22,Catamarca,2025,10.0857,4.8,66.2143,0.5,0,429556,0.0
23,Catamarca,2025,12.85,0.0,63.3571,0.0,0,429556,0.0
24,Catamarca,2025,13.5429,0.0,57.0714,0.0,0,429556,0.0
25,Catamarca,2025,11.4429,0.0,56.7857,0.0,1,429556,0.2328
26,Catamarca,2025,8.0429,0.25,47.1429,0.0,0,429556,0.0
27,Catamarca,2025,6.8643,0.0,62.2857,0.0,0,429556,0.0
28,Catamarca,2025,13.8286,0.1,64.5,0.0,0,429556,0.0
29,Catamarca,2025,12.7786,0.25,50.0714,0.0,0,429556,0.0
30,Catamarca,2025,11.8143,3.2,64.7143,1.0,0,429556,0.0
31,Catamarca,2025,15.1643,0.0,53.2143,0.0,0,429556,0.0
32,Catamarca,2025,13.3286,2.55,53.7143,0.5,0,429556,0.0
33,Catamarca,2025,15.4286,0.0,47.2143,0.0,0,429556,0.0
34,Catamarca,2025,15.6357,0.0,43.2143,0.0,0,429556,0.0
35,Catamarca,2025,18.0214,2.55,34.0714,0.5,0,429556,0.0
36,Catamarca,2025,14.4643,0.4,49.8571,0.0,0,429556,0.0
37,Catamarca,2025,22.1286,0.0,35.4286,0.0,0,429556,0.0
38,Catamarca,2025,25.15,0.0,44.2857,0.0,0,429556,0.0
39,Catamarca,2025,22.3929,0.0,33.0714,0.0,0,429556,0.0
40,Catamarca,2025,24.8357,0.0,39.5,0.0,0,429556,0.0
41,Catamarca,2025,23.1286,0.0,30.2143,0.0,0,429556,0.0
42,Catamarca,2025,24.9286,5.5,40.0714,0.5,0,429556,0.0
1,Chaco,2018,26.3929,5.0,61.0,1.0,0,1142963,0.0
2,Chaco,2018,27.4857,63.7,69.0714,1.5,0,1142963,0.0
3,Chaco,2018,25.8143,231.45,78.1429,4.0,0,1142963,0.0
4,Chaco,2018,26.3143,100.0,86.0,5.0,1,1142963,0.0875
5,Chaco,2018,27.9071,0.0,73.5,0.0,0,1142963,0.0
6,Chaco,2018,28.1357,4.0,71.6429,1.0,0,1142963,0.0
7,Chaco,2018,25.0571,8.0,68.8571,1.0,0,1142963,0.0
8,Chaco,2018,24.7929,0.3,70.0714,0.0,0,1142963,0.0
9,Chaco,2018,25.8571,12.05,78.7143,1.5,0,1142963,0.0
10,Chaco,2018,24.7286,13.15,72.6429,0.5,1,1142963,0.0875
11,Chaco,2018,26.2857,89.15,75.4286,4.0,1,1142963,0.0875
12,Chaco,2018,21.8,18.8,77.6429,1.5,7,1142963,0.6124
13,Chaco,2018,21.6786,4.5,82.6429,0.5,14,1142963,1.2249
14,Chaco,2018,24.7429,3.0,74.1429,0.5,17,1142963,1.4874
15,Chaco,2018,24.1357,0.3,75.2143,0.0,13,1142963,1.1374
16,Chaco,2018,25.5786,0.0,73.7857,0.0,56,1142963,4.8995
17,Chaco,2018,24.8571,26.5,80.5714,1.0,76,1142963,6.6494
18,Chaco,2018,24.8286,98.4,80.0714,1.5,84,1142963,7.3493
19,Chaco,2018,20.9929,42.35,84.5,1.0,139,1142963,12.1614
20,Chaco,2018,17.5214,70.9,85.3571,3.0,105,1142963,9.1866
21,Chaco,2018,14.65,0.0,82.2143,0.0,35,1142963,3.0622
22,Chaco,2018,16.5857,6.5,80.5,1.5,16,1142963,1.3999
23,Chaco,2018,13.2143,0.0,82.5,0.0,15,1142963,1.3124
24,Chaco,2018,9.3786,0.0,83.0714,0.0,0,1142963,0.0
25,Chaco,2018,17.5857,13.0,75.6429,0.5,0,1142963,0.0
26,Chaco,2018,16.7929,4.5,82.1429,0.5,0,1142963,0.0
27,Chaco,2018,13.5357,0.25,87.0714,0.0,1,1142963,0.0875
1,Chaco,2019,27.3143,75.15,84.5,4.0,0,1142963,0.0
2,Chaco,2019,24.5214,237.5,89.6429,5.5,1,1142963,0.0875
3,Chaco,2019,25.0286,109.5,85.7143,4.5,0,1142963,0.0
4,Chaco,2019,29.8214,1.75,75.0,0.5,0,1142963,0.0
5,Chaco,2019,28.1786,53.0,76.2143,2.5,0,1142963,0.0
6,Chaco,2019,25.7143,26.0,75.0714,1.0,0,1142963,0.0
7,Chaco,2019,23.9857,36.0,78.8571,1.5,0,1142963,0.0
8,Chaco,2019,29.1214,2.5,68.8571,0.5,1,1142963,0.0875
9,Chaco,2019,23.8286,37.5,72.9286,1.0,0,1142963,0.0
10,Chaco,2019,23.5214,126.6,83.2143,4.0,1,1142963,0.0875
11,Chaco,2019,22.9286,25.3,84.8571,1.5,2,1142963,0.175
12,Chaco,2019,21.7286,0.3,77.0,0.0,3,1142963,0.2625
13,Chaco,2019,23.0429,65.5,78.1429,1.5,2,1142963,0.175
14,Chaco,2019,21.5,11.5,86.4286,1.0,4,1142963,0.35
15,Chaco,2019,21.2929,0.0,79.5714,0.0,7,1142963,0.6124
16,Chaco,2019,22.4786,225.35,87.3571,3.5,2,1142963,0.175
17,Chaco,2019,20.3143,15.9,91.3571,2.0,3,1142963,0.2625
18,Chaco,2019,21.8429,40.95,89.0714,2.5,8,1142963,0.6999
19,Chaco,2019,20.7,82.8,92.6429,3.5,23,1142963,2.0123
20,Chaco,2019,18.2429,20.45,87.8571,1.5,33,1142963,2.8872
21,Chaco,2019,16.2571,59.2,92.7143,3.5,16,1142963,1.3999
22,Chaco,2019,17.0143,0.85,91.7857,0.0,6,1142963,0.525
23,Chaco,2019,17.1143,2.0,86.0,0.5,0,1142963,0.0
24,Chaco,2019,21.55,1.75,83.0,0.5,2,1142963,0.175
25,Chaco,2019,16.3571,0.0,83.4286,0.0,1,1142963,0.0875
26,Chaco,2019,15.9,0.45,81.6429,0.0,2,1142963,0.175
27,Chaco,2019,9.4429,0.0,79.6429,0.0,1,1142963,0.0875
28,Chaco,2019,18.4071,0.0,75.0,0.0,0,1142963,0.0
29,Chaco,2019,17.65,1.5,75.2143,0.5,0,1142963,0.0
30,Chaco,2019,11.15,37.1,89.5714,1.5,0,1142963,0.0
31,Chaco,2019,13.4071,0.0,77.5714,0.0,0,1142963,0.0
32,Chaco,2019,14.3143,1.5,78.7857,0.5,0,1142963,0.0
33,Chaco,2019,15.6714,0.0,69.2857,0.0,0,1142963,0.0
34,Chaco,2019,15.3714,28.5,65.7857,0.5,0,1142963,0.0
35,Chaco,2019,21.05,17.0,68.6429,1.5,0,1142963,0.0
36,Chaco,2019,16.2071,0.0,68.9286,0.0,1,1142963,0.0875
37,Chaco,2019,18.7,11.25,77.2857,1.5,0,1142963,0.0
38,Chaco,2019,18.5786,0.05,55.0714,0.0,0,1142963,0.0
39,Chaco,2019,22.7286,0.0,53.6429,0.0,0,1142963,0.0
40,Chaco,2019,20.1,26.25,82.1429,3.0,0,1142963,0.0
41,Chaco,2019,26.5,31.5,60.0714,1.0,0,1142963,0.0
42,Chaco,2019,16.55,18.95,89.7857,3.0,0,1142963,0.0
43,Chaco,2019,22.6429,0.0,64.5,0.0,0,1142963,0.0
44,Chaco,2019,27.6071,36.5,70.7143,3.0,0,1142963,0.0
45,Chaco,2019,24.9429,32.5,79.2143,1.0,0,1142963,0.0
46,Chaco,2019,25.25,53.5,72.4286,2.0,0,1142963,0.0
47,Chaco,2019,27.4643,6.0,68.5,1.0,0,1142963,0.0
48,Chaco,2019,24.8786,77.0,73.4286,3.5,1,1142963,0.0875
49,Chaco,2019,23.2071,0.0,62.1429,0.0,0,1142963,0.0
50,Chaco,2019,26.6571,14.0,67.4286,2.0,0,1142963,0.0
51,Chaco,2019,25.0571,18.0,67.9286,1.0,0,1142963,0.0
52,Chaco,2019,27.2,26.5,69.2857,3.0,0,1142963,0.0
1,Chaco,2020,26.5857,28.0,72.3571,2.0,0,1142963,0.0
2,Chaco,2020,27.85,12.0,70.9286,2.5,0,1142963,0.0
3,Chaco,2020,27.4214,53.65,76.8571,2.5,2,1142963,0.175
4,Chaco,2020,26.5071,74.25,78.9286,2.0,4,1142963,0.35
5,Chaco,2020,25.8071,31.9,76.2857,1.0,7,1142963,0.6124
6,Chaco,2020,28.8786,24.5,74.7143,1.0,15,1142963,1.3124
7,Chaco,2020,26.85,158.4,74.3571,2.5,22,1142963,1.9248
8,Chaco,2020,23.6214,10.45,73.5,1.0,55,1142963,4.8121
9,Chaco,2020,23.7929,0.0,69.0714,0.0,95,1142963,8.3117
10,Chaco,2020,26.2786,0.0,62.9286,0.0,151,1142963,13.2113
11,Chaco,2020,29.8,21.5,60.1429,1.5,215,1142963,18.8108
12,Chaco,2020,23.9286,41.0,78.2143,2.0,187,1142963,16.361
13,Chaco,2020,24.8714,38.05,75.5714,1.5,209,1142963,18.2858
14,Chaco,2020,22.4286,44.2,82.3571,2.5,238,1142963,20.8231
15,Chaco,2020,18.1571,0.0,70.0,0.0,224,1142963,19.5982
16,Chaco,2020,16.8571,0.0,75.5,0.0,371,1142963,32.4595
17,Chaco,2020,23.2357,30.5,70.3571,1.0,279,1142963,24.4102
18,Chaco,2020,21.9643,27.0,72.2143,1.5,263,1142963,23.0104
19,Chaco,2020,16.4786,7.5,74.4286,0.5,448,1142963,39.1964
20,Chaco,2020,17.3786,0.0,74.1429,0.0,282,1142963,24.6727
21,Chaco,2020,16.8286,16.75,76.1429,1.5,146,1142963,12.7738
22,Chaco,2020,15.1214,0.0,72.1429,0.0,72,1142963,6.2994
23,Chaco,2020,12.1714,5.9,79.7857,1.5,33,1142963,2.8872
24,Chaco,2020,18.1714,0.1,76.5,0.0,23,1142963,2.0123
25,Chaco,2020,23.2857,0.0,66.5714,0.0,14,1142963,1.2249
26,Chaco,2020,15.8143,16.0,74.5,1.5,13,1142963,1.1374
27,Chaco,2020,12.9857,6.6,77.5714,0.5,10,1142963,0.8749
28,Chaco,2020,12.6143,9.75,83.6429,1.5,0,1142963,0.0
29,Chaco,2020,16.7143,0.3,66.0714,0.0,0,1142963,0.0
30,Chaco,2020,15.5286,7.0,73.5,1.0,0,1142963,0.0
31,Chaco,2020,15.1857,0.0,59.2857,0.0,1,1142963,0.0875
32,Chaco,2020,22.8857,0.0,50.5,0.0,0,1142963,0.0
33,Chaco,2020,14.6071,0.1,60.5714,0.0,4,1142963,0.35
34,Chaco,2020,12.2571,0.0,50.3571,0.0,0,1142963,0.0
35,Chaco,2020,23.3857,0.4,59.8571,0.0,0,1142963,0.0
36,Chaco,2020,14.3214,0.4,70.0,0.0,1,1142963,0.0875
37,Chaco,2020,21.9429,0.25,68.3571,0.0,1,1142963,0.0875
38,Chaco,2020,18.25,1.0,54.0714,0.5,0,1142963,0.0
39,Chaco,2020,24.5357,3.0,43.5,0.5,0,1142963,0.0
40,Chaco,2020,23.45,0.0,54.3571,0.0,1,1142963,0.0875
41,Chaco,2020,22.1643,0.0,52.1429,0.0,0,1142963,0.0
42,Chaco,2020,25.1857,6.1,56.2143,1.0,0,1142963,0.0
43,Chaco,2020,29.1786,56.0,57.4286,2.0,14,1142963,1.2249
44,Chaco,2020,21.8286,0.0,58.0714,0.0,0,1142963,0.0
45,Chaco,2020,23.85,3.5,47.5,1.5,0,1142963,0.0
46,Chaco,2020,24.3929,30.5,70.7143,2.0,0,1142963,0.0
47,Chaco,2020,25.0214,0.1,50.0,0.0,0,1142963,0.0
48,Chaco,2020,28.2357,94.75,60.8571,3.0,0,1142963,0.0
49,Chaco,2020,23.5857,11.5,76.3571,1.5,1,1142963,0.0875
50,Chaco,2020,26.8286,32.5,59.0714,1.0,0,1142963,0.0
51,Chaco,2020,25.9,21.9,70.6429,1.5,0,1142963,0.0
52,Chaco,2020,26.7429,1.5,59.4286,0.5,0,1142963,0.0
53,Chaco,2020,28.1071,8.0,56.0714,1.0,0,1142963,0.0
1,Chaco,2021,28.5286,4.0,61.5714,1.5,0,1142963,0.0
2,Chaco,2021,27.15,57.5,72.6429,4.0,0,1142963,0.0
3,Chaco,2021,25.9214,2.4,69.3571,0.5,0,1142963,0.0
4,Chaco,2021,26.5357,74.0,78.4286,3.0,0,1142963,0.0
5,Chaco,2021,24.0429,15.95,77.2857,1.0,0,1142963,0.0
6,Chaco,2021,24.0357,17.0,76.7143,2.5,0,1142963,0.0
7,Chaco,2021,25.9429,2.0,64.9286,0.5,0,1142963,0.0
8,Chaco,2021,28.2857,0.1,60.3571,0.0,0,1142963,0.0
9,Chaco,2021,26.45,3.5,67.7143,0.5,0,1142963,0.0
10,Chaco,2021,26.2143,2.5,54.4286,1.0,0,1142963,0.0
11,Chaco,2021,24.2357,75.5,72.8571,2.0,0,1142963,0.0
12,Chaco,2021,23.4071,64.25,83.9286,2.5,0,1142963,0.0
13,Chaco,2021,20.8571,0.1,77.0714,0.0,0,1142963,0.0
14,Chaco,2021,24.6071,63.0,80.4286,2.0,1,1142963,0.0875
15,Chaco,2021,21.7286,23.5,82.7857,1.5,0,1142963,0.0
16,Chaco,2021,21.7214,58.5,81.4286,4.0,0,1142963,0.0
17,Chaco,2021,17.3643,0.0,78.8571,0.0,0,1142963,0.0
18,Chaco,2021,16.5643,17.55,82.7143,2.0,1,1142963,0.0875
19,Chaco,2021,15.0071,4.5,85.0,1.0,0,1142963,0.0
20,Chaco,2021,16.9286,1.0,76.9286,0.5,0,1142963,0.0
21,Chaco,2021,15.3786,0.0,75.1429,0.0,0,1142963,0.0
22,Chaco,2021,18.6071,12.4,76.2143,1.0,0,1142963,0.0
23,Chaco,2021,16.4571,0.0,84.9286,0.0,0,1142963,0.0
24,Chaco,2021,11.9286,0.7,79.3571,0.0,0,1142963,0.0
25,Chaco,2021,13.4857,60.5,87.5,3.0,0,1142963,0.0
26,Chaco,2021,9.4214,0.0,73.8571,0.0,0,1142963,0.0
27,Chaco,2021,19.4286,0.0,68.7857,0.0,0,1142963,0.0
28,Chaco,2021,14.7929,0.0,75.5,0.0,0,1142963,0.0
29,Chaco,2021,15.6286,0.0,62.2857,0.0,0,1142963,0.0
30,Chaco,2021,9.3,0.0,64.0,0.0,0,1142963,0.0
1,Chaco,2022,26.85,0.5,63.4286,0.0,0,1142963,0.0
2,Chaco,2022,31.35,0.0,46.7857,0.0,0,1142963,0.0
3,Chaco,2022,32.5357,4.0,53.6429,0.5,0,1142963,0.0
4,Chaco,2022,28.2143,4.4,60.2857,1.0,0,1142963,0.0
5,Chaco,2022,27.35,42.75,57.7857,2.0,0,1142963,0.0
6,Chaco,2022,24.3357,8.75,59.0,1.5,0,1142963,0.0
7,Chaco,2022,27.7286,1.0,53.5714,0.5,0,1142963,0.0
8,Chaco,2022,29.8857,2.3,61.1429,0.5,0,1142963,0.0
9,Chaco,2022,28.3857,32.75,71.7857,2.0,0,1142963,0.0
10,Chaco,2022,23.3571,108.15,79.5714,3.5,0,1142963,0.0
11,Chaco,2022,21.65,0.0,69.0,0.0,0,1142963,0.0
12,Chaco,2022,21.45,128.4,79.2143,2.5,0,1142963,0.0
13,Chaco,2022,19.1,38.85,77.2857,2.0,0,1142963,0.0
14,Chaco,2022,21.7643,133.0,92.1429,5.0,0,1142963,0.0
15,Chaco,2022,18.3286,8.3,82.5714,0.5,0,1142963,0.0
16,Chaco,2022,20.2643,7.05,83.8571,1.0,0,1142963,0.0
17,Chaco,2022,22.0571,16.95,81.1429,1.5,0,1142963,0.0
18,Chaco,2022,16.1286,6.0,86.6429,1.0,0,1142963,0.0
19,Chaco,2022,16.0571,7.5,87.1429,1.0,0,1142963,0.0
20,Chaco,2022,11.2214,0.0,80.2143,0.0,0,1142963,0.0
21,Chaco,2022,17.7,13.1,87.5,2.0,0,1142963,0.0
22,Chaco,2022,11.85,30.5,78.8571,1.0,0,1142963,0.0
23,Chaco,2022,12.3571,10.05,88.3571,1.0,0,1142963,0.0
24,Chaco,2022,12.6714,0.0,78.2143,0.0,0,1142963,0.0
25,Chaco,2022,12.7286,1.8,87.9286,0.5,0,1142963,0.0
26,Chaco,2022,14.6714,3.2,86.8571,0.5,0,1142963,0.0
27,Chaco,2022,20.0214,0.0,79.3571,0.0,0,1142963,0.0
28,Chaco,2022,13.15,3.9,83.0714,0.5,0,1142963,0.0
29,Chaco,2022,19.85,0.0,76.0714,0.0,0,1142963,0.0
30,Chaco,2022,18.2071,0.0,68.0714,0.0,0,1142963,0.0
31,Chaco,2022,16.4,11.2,77.4286,1.0,0,1142963,0.0
32,Chaco,2022,15.7357,0.0,77.0714,0.0,0,1142963,0.0
33,Chaco,2022,14.1786,0.0,61.5,0.0,0,1142963,0.0
34,Chaco,2022,21.7,5.0,59.6429,1.5,0,1142963,0.0
35,Chaco,2022,16.1643,2.5,62.0,0.5,0,1142963,0.0
36,Chaco,2022,16.4643,0.0,56.2143,0.0,0,1142963,0.0
37,Chaco,2022,18.2786,7.25,54.2143,0.5,0,1142963,0.0
38,Chaco,2022,17.5714,0.35,66.3571,0.0,0,1142963,0.0
39,Chaco,2022,20.4071,0.0,56.9286,0.0,0,1142963,0.0
40,Chaco,2022,19.6071,34.3,57.6429,1.5,0,1142963,0.0
41,Chaco,2022,19.8929,0.0,62.8571,0.0,0,1142963,0.0
42,Chaco,2022,21.7071,18.25,72.5714,1.0,0,1142963,0.0
43,Chaco,2022,26.1571,21.0,57.2143,1.5,0,1142963,0.0
44,Chaco,2022,18.7071,0.0,52.0,0.0,0,1142963,0.0
45,Chaco,2022,23.35,48.85,62.7143,3.0,0,1142963,0.0
46,Chaco,2022,25.0357,19.5,57.5,1.5,0,1142963,0.0
47,Chaco,2022,24.2571,0.6,60.3571,0.0,0,1142963,0.0
48,Chaco,2022,26.8929,36.5,62.7143,2.0,0,1142963,0.0
49,Chaco,2022,29.9929,10.0,62.6429,1.0,0,1142963,0.0
50,Chaco,2022,26.2,4.05,54.4286,0.5,0,1142963,0.0
1,Chaco,2023,26.5214,0.1,53.8571,0.0,17,1142963,1.4874
2,Chaco,2023,27.0786,57.5,60.2143,1.0,7,1142963,0.6124
3,Chaco,2023,30.0643,0.0,57.2143,0.0,2,1142963,0.175
4,Chaco,2023,29.4571,14.0,62.9286,1.0,2,1142963,0.175
5,Chaco,2023,26.7571,5.0,65.7143,0.5,6,1142963,0.525
6,Chaco,2023,30.0214,13.5,55.1429,1.0,5,1142963,0.4375
7,Chaco,2023,24.4071,24.0,59.6429,1.5,2,1142963,0.175
8,Chaco,2023,25.0929,28.5,69.7857,2.5,5,1142963,0.4375
9,Chaco,2023,25.7714,43.25,78.6429,2.0,5,1142963,0.4375
10,Chaco,2023,27.0071,2.5,74.2143,0.5,7,1142963,0.6124
11,Chaco,2023,27.3714,17.65,78.2143,2.0,17,1142963,1.4874
12,Chaco,2023,27.1,13.25,76.1429,1.0,62,1142963,5.4245
13,Chaco,2023,25.4571,13.3,67.6429,1.0,227,1142963,19.8607
14,Chaco,2023,22.4214,27.5,79.2857,1.5,316,1142963,27.6474
15,Chaco,2023,22.3929,41.0,80.2143,1.5,791,1142963,69.2061
16,Chaco,2023,18.5786,1.5,76.1429,0.5,821,1142963,71.8308
17,Chaco,2023,20.2857,8.0,81.8571,2.0,844,1142963,73.8432
18,Chaco,2023,16.7429,51.65,93.5,4.0,774,1142963,67.7187
19,Chaco,2023,15.8929,0.0,80.1429,0.0,765,1142963,66.9313
20,Chaco,2023,19.7,23.9,80.2143,2.0,946,1142963,82.7673
21,Chaco,2023,21.4714,0.1,79.9286,0.0,806,1142963,70.5185
22,Chaco,2023,19.4786,12.65,81.4286,0.5,1308,1142963,114.4394
23,Chaco,2023,21.2571,1.0,75.2143,0.5,1045,1142963,91.429
24,Chaco,2023,10.4071,0.0,77.9286,0.0,719,1142963,62.9067
25,Chaco,2023,18.1571,3.15,84.2143,0.5,296,1142963,25.8976
26,Chaco,2023,20.2,0.0,73.4286,0.0,356,1142963,31.1471
27,Chaco,2023,21.3,1.8,77.0714,0.5,504,1142963,44.0959
28,Chaco,2023,14.2643,8.3,81.3571,1.5,515,1142963,45.0583
29,Chaco,2023,17.4429,0.0,65.6429,0.0,208,1142963,18.1983
30,Chaco,2023,13.9929,2.3,77.4286,0.5,130,1142963,11.3739
31,Chaco,2023,24.6429,0.5,61.2143,0.0,144,1142963,12.5988
32,Chaco,2023,17.75,0.05,65.3571,0.0,216,1142963,18.8982
33,Chaco,2023,20.8786,18.9,64.4286,1.0,183,1142963,16.011
34,Chaco,2023,18.8857,0.0,56.2857,0.0,117,1142963,10.2366
35,Chaco,2023,20.4143,68.9,64.7857,2.5,103,1142963,9.0117
36,Chaco,2023,17.3429,7.65,83.1429,1.5,91,1142963,7.9618
37,Chaco,2023,21.0571,9.0,62.0,1.5,91,1142963,7.9618
38,Chaco,2023,24.2929,0.1,70.7143,0.0,102,1142963,8.9242
39,Chaco,2023,19.2929,0.0,64.5714,0.0,108,1142963,9.4491
40,Chaco,2023,22.7786,2.5,48.9286,0.5,88,1142963,7.6993
41,Chaco,2023,22.1857,0.3,49.5,0.0,103,1142963,9.0117
42,Chaco,2023,25.9714,20.35,70.6429,2.0,143,1142963,12.5113
43,Chaco,2023,24.2714,60.25,73.9286,3.5,117,1142963,10.2366
44,Chaco,2023,20.1214,3.45,76.3571,1.0,142,1142963,12.4238
45,Chaco,2023,30.2571,7.75,57.5,1.0,200,1142963,17.4984
46,Chaco,2023,24.4643,84.0,80.6429,3.0,215,1142963,18.8108
47,Chaco,2023,26.7,15.6,65.6429,1.0,377,1142963,32.9844
48,Chaco,2023,27.2071,22.3,77.5,3.0,529,1142963,46.2832
49,Chaco,2023,24.8929,19.55,74.7143,1.5,562,1142963,49.1704
50,Chaco,2023,30.1286,35.9,65.6429,1.5,882,1142963,77.1679
51,Chaco,2023,26.2714,75.6,80.2857,3.5,1062,1142963,92.9164
52,Chaco,2023,26.0786,38.05,73.0714,2.0,1286,1142963,112.5146
1,Chaco,2024,27.9714,0.0,65.2857,0.0,1845,1142963,161.4225
2,Chaco,2024,27.6857,60.4,73.6429,1.0,2248,1142963,196.6818
3,Chaco,2024,27.55,5.25,75.3571,1.0,2266,1142963,198.2566
4,Chaco,2024,26.4429,0.0,60.5714,0.0,2612,1142963,228.5288
5,Chaco,2024,30.5214,2.0,52.6429,0.5,1973,1142963,172.6215
6,Chaco,2024,30.8357,16.55,63.7857,2.0,1815,1142963,158.7978
7,Chaco,2024,25.25,61.5,74.9286,2.0,990,1142963,86.617
8,Chaco,2024,28.25,21.5,69.0714,2.0,978,1142963,85.5671
9,Chaco,2024,27.0643,175.85,83.7857,5.0,668,1142963,58.4446
10,Chaco,2024,26.8214,16.65,75.5714,0.5,497,1142963,43.4835
11,Chaco,2024,31.1357,23.75,67.2143,1.0,621,1142963,54.3325
12,Chaco,2024,26.5429,35.25,74.0,1.5,774,1142963,67.7187
13,Chaco,2024,26.3929,0.5,72.4286,0.0,464,1142963,40.5962
14,Chaco,2024,25.4071,70.95,84.0714,3.5,442,1142963,38.6714
15,Chaco,2024,21.9357,138.05,92.0,4.5,469,1142963,41.0337
16,Chaco,2024,20.5071,20.65,79.5714,0.5,481,1142963,42.0836
17,Chaco,2024,24.3143,25.65,87.5,2.0,519,1142963,45.4083
18,Chaco,2024,22.0,23.5,89.0,2.5,475,1142963,41.5587
19,Chaco,2024,20.6857,8.2,78.9286,1.5,432,1142963,37.7965
20,Chaco,2024,12.6357,0.0,78.3571,0.0,334,1142963,29.2223
21,Chaco,2024,12.95,5.55,82.4286,1.0,132,1142963,11.5489
22,Chaco,2024,13.2786,0.0,78.6429,0.0,92,1142963,8.0493
23,Chaco,2024,19.8286,0.0,72.4286,0.0,60,1142963,5.2495
24,Chaco,2024,23.8071,0.55,68.4286,0.5,98,1142963,8.5742
25,Chaco,2024,21.2857,0.1,85.6429,0.0,70,1142963,6.1244
26,Chaco,2024,10.7143,0.0,72.4286,0.0,66,1142963,5.7745
27,Chaco,2024,13.9071,0.0,62.5714,0.0,2,1142963,0.175
28,Chaco,2024,7.2286,0.0,67.5,0.0,0,1142963,0.0
29,Chaco,2024,15.7929,0.0,75.3571,0.0,0,1142963,0.0
30,Chaco,2024,19.0571,4.5,73.3571,0.5,0,1142963,0.0
31,Chaco,2024,20.6286,0.0,60.2857,0.0,0,1142963,0.0
32,Chaco,2024,14.1786,48.05,68.6429,1.5,1,1142963,0.0875
33,Chaco,2024,16.7143,0.0,64.0714,0.0,0,1142963,0.0
34,Chaco,2024,13.0786,49.35,81.5,2.0,0,1142963,0.0
35,Chaco,2024,14.8786,0.0,70.6429,0.0,0,1142963,0.0
36,Chaco,2024,18.1071,0.0,67.2143,0.0,0,1142963,0.0
37,Chaco,2024,19.1143,1.05,73.2857,0.5,0,1142963,0.0
38,Chaco,2024,24.0571,15.5,62.2143,1.0,0,1142963,0.0
39,Chaco,2024,21.7286,25.0,75.0714,1.5,0,1142963,0.0
40,Chaco,2024,23.9643,3.75,58.8571,1.0,0,1142963,0.0
41,Chaco,2024,21.4429,26.2,77.7143,2.0,0,1142963,0.0
42,Chaco,2024,23.3357,44.2,76.5714,1.5,0,1142963,0.0
43,Chaco,2024,24.7929,3.4,63.8571,0.5,0,1142963,0.0
44,Chaco,2024,25.2929,19.3,69.0,1.0,0,1142963,0.0
45,Chaco,2024,24.7214,161.25,75.0714,3.0,0,1142963,0.0
46,Chaco,2024,24.15,56.1,62.2857,1.0,0,1142963,0.0
47,Chaco,2024,25.2929,11.5,77.4286,1.5,0,1142963,0.0
48,Chaco,2024,27.1714,103.0,77.3571,5.0,0,1142963,0.0
49,Chaco,2024,23.9429,46.4,69.7143,2.5,0,1142963,0.0
50,Chaco,2024,23.85,56.85,74.7857,3.0,0,1142963,0.0
51,Chaco,2024,25.3143,24.5,70.0,1.0,0,1142963,0.0
52,Chaco,2024,23.5143,18.75,66.9286,1.5,0,1142963,0.0
1,Chaco,2025,27.2786,1.9,59.6429,0.5,0,1142963,0.0
2,Chaco,2025,27.6929,0.0,50.3571,0.0,0,1142963,0.0
3,Chaco,2025,29.0429,0.15,54.7143,0.0,0,1142963,0.0
4,Chaco,2025,27.5571,8.7,66.0714,2.0,0,1142963,0.0
5,Chaco,2025,27.7714,32.95,66.0714,1.5,0,1142963,0.0
6,Chaco,2025,32.6714,1.0,51.8571,0.5,0,1142963,0.0
7,Chaco,2025,31.5071,8.5,56.5,0.5,1,1142963,0.0875
8,Chaco,2025,29.0571,4.5,66.2857,1.0,1,1142963,0.0875
9,Chaco,2025,31.9,0.15,55.3571,0.0,0,1142963,0.0
10,Chaco,2025,31.05,0.65,51.5714,0.0,0,1142963,0.0
11,Chaco,2025,24.7786,0.25,51.9286,0.0,1,1142963,0.0875
12,Chaco,2025,24.7643,53.4,65.8571,2.0,1,1142963,0.0875
13,Chaco,2025,24.6643,114.6,86.5714,4.0,0,1142963,0.0
14,Chaco,2025,18.3286,15.8,80.1429,2.5,2,1142963,0.175
15,Chaco,2025,19.35,3.9,81.8571,1.0,0,1142963,0.0
16,Chaco,2025,21.5643,0.0,68.7857,0.0,0,1142963,0.0
17,Chaco,2025,20.9071,4.05,78.5714,1.0,0,1142963,0.0
18,Chaco,2025,18.6857,22.2,74.5,1.5,0,1142963,0.0
19,Chaco,2025,21.8429,188.4,87.7857,4.5,1,1142963,0.0875
20,Chaco,2025,22.0286,25.3,79.8571,1.5,4,1142963,0.35
21,Chaco,2025,19.2857,17.45,88.4286,4.0,3,1142963,0.2625
22,Chaco,2025,12.65,9.75,81.5,1.0,0,1142963,0.0
23,Chaco,2025,15.3571,0.75,85.4286,0.5,0,1142963,0.0
24,Chaco,2025,13.1429,47.9,81.0714,1.5,0,1142963,0.0
25,Chaco,2025,14.35,28.5,93.4286,2.5,0,1142963,0.0
26,Chaco,2025,9.5643,0.0,76.2857,0.0,0,1142963,0.0
27,Chaco,2025,9.7214,0.0,72.9286,0.0,0,1142963,0.0
28,Chaco,2025,18.0214,0.0,76.6429,0.0,0,1142963,0.0
29,Chaco,2025,14.85,0.15,71.0,0.0,0,1142963,0.0
30,Chaco,2025,17.7071,22.35,84.1429,2.0,0,1142963,0.0
31,Chaco,2025,17.8929,0.0,71.8571,0.0,0,1142963,0.0
32,Chaco,2025,13.55,1.75,74.0714,0.5,0,1142963,0.0
33,Chaco,2025,14.3429,0.05,72.3571,0.0,0,1142963,0.0
34,Chaco,2025,17.0,47.3,74.2143,3.5,0,1142963,0.0
35,Chaco,2025,17.4929,3.8,67.6429,1.0,0,1142963,0.0
36,Chaco,2025,14.4929,8.1,74.5,1.0,0,1142963,0.0
37,Chaco,2025,19.5857,28.75,73.2857,2.0,0,1142963,0.0
38,Chaco,2025,24.2714,36.0,75.6429,2.0,0,1142963,0.0
39,Chaco,2025,19.3,22.5,65.6429,1.0,0,1142963,0.0
40,Chaco,2025,23.3357,52.2,79.9286,2.5,0,1142963,0.0
41,Chaco,2025,19.8,18.5,66.6429,1.0,0,1142963,0.0
42,Chaco,2025,21.3429,65.0,70.0714,2.0,0,1142963,0.0
1,Chubut,2018,17.4286,2.7667,44.0952,0.6667,0,603120,0.0
2,Chubut,2018,21.919,0.1333,40.7143,0.0,0,603120,0.0
3,Chubut,2018,21.5667,0.0,43.8095,0.0,0,603120,0.0
4,Chubut,2018,19.4286,0.2,39.9048,0.0,0,603120,0.0
5,Chubut,2018,22.1762,1.6667,39.7619,0.3333,0,603120,0.0
6,Chubut,2018,17.0048,5.5333,48.6667,1.3333,0,603120,0.0
7,Chubut,2018,22.6095,0.0,42.4286,0.0,0,603120,0.0
8,Chubut,2018,18.7714,0.0,45.7619,0.0,0,603120,0.0
9,Chubut,2018,19.2429,1.0,48.8095,0.3333,0,603120,0.0
10,Chubut,2018,17.6524,4.0,49.2381,1.3333,0,603120,0.0
11,Chubut,2018,13.8476,1.8333,47.0476,0.3333,0,603120,0.0
12,Chubut,2018,12.1333,6.1333,53.619,1.0,0,603120,0.0
13,Chubut,2018,14.781,0.0333,52.9524,0.0,0,603120,0.0
14,Chubut,2018,13.1524,11.7,54.9524,1.3333,0,603120,0.0
15,Chubut,2018,12.7524,6.3333,53.1905,0.6667,0,603120,0.0
16,Chubut,2018,15.0905,3.4,47.2857,0.6667,0,603120,0.0
17,Chubut,2018,9.4286,2.0,57.9524,0.6667,0,603120,0.0
18,Chubut,2018,8.4905,2.0,61.1429,0.6667,0,603120,0.0
19,Chubut,2018,11.1905,3.3333,67.8571,0.6667,0,603120,0.0
20,Chubut,2018,6.5048,17.1,79.0952,2.0,0,603120,0.0
21,Chubut,2018,9.4476,2.6667,60.5238,0.3333,0,603120,0.0
22,Chubut,2018,3.6476,0.0,70.4762,0.0,0,603120,0.0
23,Chubut,2018,4.1619,11.7333,69.5238,1.6667,0,603120,0.0
24,Chubut,2018,3.9524,3.4,73.619,0.6667,0,603120,0.0
25,Chubut,2018,5.9619,3.8667,58.4762,0.3333,0,603120,0.0
26,Chubut,2018,5.3714,7.4667,59.1429,1.0,0,603120,0.0
27,Chubut,2018,0.8095,1.1,79.2476,0.3333,0,603120,0.0
1,Chubut,2019,17.3333,0.3333,40.8571,0.0,0,603120,0.0
2,Chubut,2019,15.7143,3.0,41.4286,1.0,0,603120,0.0
3,Chubut,2019,21.6333,0.0,33.3333,0.0,0,603120,0.0
4,Chubut,2019,18.6476,0.0,37.8095,0.0,0,603120,0.0
5,Chubut,2019,18.9048,0.2667,40.0952,0.0,0,603120,0.0
6,Chubut,2019,20.019,0.1333,40.6667,0.0,0,603120,0.0
7,Chubut,2019,22.3476,0.0,38.1905,0.0,0,603120,0.0
8,Chubut,2019,14.719,2.6,45.7619,0.6667,0,603120,0.0
9,Chubut,2019,15.1714,4.4,55.1905,1.0,0,603120,0.0
10,Chubut,2019,16.6905,8.9,45.619,1.0,0,603120,0.0
11,Chubut,2019,16.319,24.8,64.619,1.6667,0,603120,0.0
12,Chubut,2019,13.0095,3.3333,59.0476,0.6667,0,603120,0.0
13,Chubut,2019,16.619,0.0,52.7619,0.0,0,603120,0.0
14,Chubut,2019,16.081,0.0,48.2857,0.0,0,603120,0.0
15,Chubut,2019,13.0571,3.7333,57.619,0.3333,0,603120,0.0
16,Chubut,2019,12.1,2.6667,55.8571,0.3333,0,603120,0.0
17,Chubut,2019,11.6095,4.9333,66.9048,0.6667,0,603120,0.0
18,Chubut,2019,8.6143,20.4667,64.5714,2.3333,0,603120,0.0
19,Chubut,2019,10.8857,0.0,66.7619,0.0,0,603120,0.0
20,Chubut,2019,10.3905,0.0,56.9524,0.0,0,603120,0.0
21,Chubut,2019,7.4476,0.0,59.1429,0.0,0,603120,0.0
22,Chubut,2019,4.7714,4.4,75.619,1.0,0,603120,0.0
23,Chubut,2019,10.0381,19.4333,56.2857,1.3333,0,603120,0.0
24,Chubut,2019,4.8762,26.0667,77.7619,2.3333,0,603120,0.0
25,Chubut,2019,8.3,16.0,71.619,1.3333,0,603120,0.0
26,Chubut,2019,2.8571,7.3,71.1429,1.3333,0,603120,0.0
27,Chubut,2019,3.8095,4.0,73.8571,0.6667,0,603120,0.0
28,Chubut,2019,6.3667,0.2667,74.6667,0.0,0,603120,0.0
29,Chubut,2019,5.9762,25.9333,68.0476,2.3333,0,603120,0.0
30,Chubut,2019,5.7143,1.1667,61.3333,0.3333,0,603120,0.0
31,Chubut,2019,8.1762,6.8,59.8571,1.0,0,603120,0.0
32,Chubut,2019,6.5524,7.9667,58.7143,1.6667,0,603120,0.0
33,Chubut,2019,3.1524,2.9667,74.7619,1.0,0,603120,0.0
34,Chubut,2019,7.0,4.7333,69.5714,1.3333,0,603120,0.0
35,Chubut,2019,7.6952,10.1,51.7619,0.3333,0,603120,0.0
36,Chubut,2019,4.3095,1.7,68.4762,0.3333,0,603120,0.0
37,Chubut,2019,7.0619,2.9667,63.5238,1.0,0,603120,0.0
38,Chubut,2019,9.0238,3.1333,45.9524,0.3333,0,603120,0.0
39,Chubut,2019,14.1667,0.6667,48.619,0.3333,0,603120,0.0
40,Chubut,2019,8.3143,1.1333,51.0952,0.3333,0,603120,0.0
41,Chubut,2019,10.7,1.1333,50.1905,0.3333,0,603120,0.0
42,Chubut,2019,12.8762,2.0,51.8095,0.6667,0,603120,0.0
43,Chubut,2019,12.5857,0.7,52.9048,0.0,0,603120,0.0
44,Chubut,2019,13.2429,3.7667,48.8095,1.0,0,603120,0.0
45,Chubut,2019,13.2238,0.2667,43.0952,0.0,0,603120,0.0
46,Chubut,2019,16.4381,5.6,48.0952,0.6667,0,603120,0.0
47,Chubut,2019,16.819,2.8667,41.2381,1.0,0,603120,0.0
48,Chubut,2019,14.0381,1.3333,45.8571,0.3333,0,603120,0.0
49,Chubut,2019,16.4,19.5,50.7619,1.0,0,603120,0.0
50,Chubut,2019,17.1476,0.0,42.5238,0.0,0,603120,0.0
51,Chubut,2019,18.4476,0.4333,39.5714,0.0,0,603120,0.0
52,Chubut,2019,18.0905,1.2333,42.7143,0.3333,0,603120,0.0
1,Chubut,2020,20.2333,1.6,50.8571,0.3333,0,603120,0.0
2,Chubut,2020,16.4476,11.1333,45.2381,0.6667,0,603120,0.0
3,Chubut,2020,19.4238,0.0333,41.1905,0.0,0,603120,0.0
4,Chubut,2020,21.5238,0.0,41.6667,0.0,0,603120,0.0
5,Chubut,2020,18.8857,1.3333,41.9524,0.3333,0,603120,0.0
6,Chubut,2020,15.6333,15.6667,61.9048,2.3333,0,603120,0.0
7,Chubut,2020,19.119,1.5667,47.619,0.3333,0,603120,0.0
8,Chubut,2020,16.7571,1.0,44.8095,0.3333,0,603120,0.0
9,Chubut,2020,19.3762,0.0667,51.5238,0.0,0,603120,0.0
10,Chubut,2020,19.919,0.3,52.7619,0.0,0,603120,0.0
11,Chubut,2020,16.5619,4.6667,58.7143,0.3333,0,603120,0.0
12,Chubut,2020,17.6048,1.3333,54.3333,0.3333,0,603120,0.0
13,Chubut,2020,16.7,0.0,53.5238,0.0,0,603120,0.0
14,Chubut,2020,13.0952,0.7667,51.1905,0.0,0,603120,0.0
15,Chubut,2020,13.2762,1.5667,49.2381,0.3333,0,603120,0.0
16,Chubut,2020,14.9857,8.1333,61.0476,1.3333,1,603120,0.1658
17,Chubut,2020,9.7143,10.0667,72.0476,1.6667,0,603120,0.0
18,Chubut,2020,11.5095,1.6,73.4762,0.3333,0,603120,0.0
19,Chubut,2020,10.4238,18.5667,68.6667,1.6667,0,603120,0.0
20,Chubut,2020,10.8143,14.1667,61.9524,1.6667,0,603120,0.0
21,Chubut,2020,9.3143,6.3,58.2381,1.0,0,603120,0.0
22,Chubut,2020,6.3333,7.9333,70.0952,0.6667,0,603120,0.0
23,Chubut,2020,8.6524,2.1,56.5238,0.6667,0,603120,0.0
24,Chubut,2020,6.881,12.7333,63.0952,1.6667,0,603120,0.0
25,Chubut,2020,7.1286,4.0333,66.7619,0.6667,0,603120,0.0
26,Chubut,2020,1.4905,13.1667,76.9524,2.3333,1,603120,0.1658
27,Chubut,2020,3.3762,16.4,87.4286,3.0,0,603120,0.0
28,Chubut,2020,2.6381,9.0,72.1905,1.0,0,603120,0.0
29,Chubut,2020,3.2905,10.2667,81.3333,1.3333,0,603120,0.0
30,Chubut,2020,3.1667,20.8333,79.8571,3.3333,0,603120,0.0
31,Chubut,2020,5.3714,0.0,64.2857,0.0,0,603120,0.0
32,Chubut,2020,7.1238,5.8,58.3333,0.6667,0,603120,0.0
33,Chubut,2020,6.2476,5.6667,54.9524,1.3333,0,603120,0.0
34,Chubut,2020,7.619,0.3333,51.7619,0.0,0,603120,0.0
35,Chubut,2020,5.7762,8.6667,67.1429,1.3333,0,603120,0.0
36,Chubut,2020,7.0857,0.0667,61.9048,0.0,0,603120,0.0
37,Chubut,2020,9.2619,6.5667,48.9524,1.0,0,603120,0.0
38,Chubut,2020,9.0905,0.0667,47.3333,0.0,0,603120,0.0
39,Chubut,2020,11.6,0.0,44.0,0.0,0,603120,0.0
40,Chubut,2020,7.5,5.7667,53.3333,1.0,0,603120,0.0
41,Chubut,2020,11.7952,1.5,44.5714,0.3333,0,603120,0.0
42,Chubut,2020,15.9143,0.2,37.5714,0.0,0,603120,0.0
43,Chubut,2020,12.9524,0.1,48.0476,0.0,0,603120,0.0
44,Chubut,2020,14.4286,0.0333,43.8571,0.0,0,603120,0.0
45,Chubut,2020,16.1333,0.4667,51.4286,0.0,0,603120,0.0
46,Chubut,2020,17.0619,0.1333,49.8095,0.0,0,603120,0.0
47,Chubut,2020,19.0095,1.0667,45.8095,0.3333,0,603120,0.0
48,Chubut,2020,15.1381,5.3333,41.9048,0.6667,0,603120,0.0
49,Chubut,2020,16.6952,0.0,40.5714,0.0,0,603120,0.0
50,Chubut,2020,17.219,2.6667,41.4286,1.0,0,603120,0.0
51,Chubut,2020,16.0714,0.7,44.5714,0.3333,0,603120,0.0
52,Chubut,2020,19.9476,0.6667,44.7143,0.3333,0,603120,0.0
53,Chubut,2020,20.419,5.4,43.4286,0.6667,0,603120,0.0
1,Chubut,2021,18.0714,0.5333,42.8571,0.0,0,603120,0.0
2,Chubut,2021,16.4524,8.7333,53.0476,0.6667,0,603120,0.0
3,Chubut,2021,22.8095,0.0,45.6667,0.0,0,603120,0.0
4,Chubut,2021,16.1095,0.2,47.0476,0.0,0,603120,0.0
5,Chubut,2021,21.7333,1.4333,47.4762,0.3333,0,603120,0.0
6,Chubut,2021,20.9,1.3333,52.619,0.3333,0,603120,0.0
7,Chubut,2021,16.1905,3.5333,49.9048,0.6667,0,603120,0.0
8,Chubut,2021,19.9952,1.3333,52.381,0.3333,0,603120,0.0
9,Chubut,2021,18.6571,10.6,63.7143,1.6667,0,603120,0.0
10,Chubut,2021,17.6429,8.0,47.0476,0.6667,0,603120,0.0
11,Chubut,2021,14.8,5.6667,55.4762,0.6667,0,603120,0.0
12,Chubut,2021,15.1905,0.0,47.1905,0.0,0,603120,0.0
13,Chubut,2021,15.9048,12.0,70.1429,1.0,0,603120,0.0
14,Chubut,2021,13.3857,11.3667,69.1429,1.3333,0,603120,0.0
15,Chubut,2021,15.5524,0.0,53.8095,0.0,0,603120,0.0
16,Chubut,2021,11.719,19.1333,72.619,2.0,0,603120,0.0
17,Chubut,2021,13.2333,6.6667,62.1429,1.3333,0,603120,0.0
18,Chubut,2021,7.6333,1.8333,64.619,0.3333,0,603120,0.0
19,Chubut,2021,8.1333,0.7,66.381,0.3333,0,603120,0.0
20,Chubut,2021,8.8429,8.2,78.4762,1.3333,0,603120,0.0
21,Chubut,2021,7.0762,17.7,64.0952,1.6667,0,603120,0.0
22,Chubut,2021,5.9238,12.6667,74.2381,2.3333,0,603120,0.0
23,Chubut,2021,9.5571,10.1,61.5238,2.0,0,603120,0.0
24,Chubut,2021,1.419,0.0,76.3333,0.0,0,603120,0.0
25,Chubut,2021,4.9095,2.3667,70.9048,0.3333,0,603120,0.0
26,Chubut,2021,7.2667,1.3333,55.2381,0.3333,0,603120,0.0
27,Chubut,2021,8.0429,6.3333,59.1429,1.0,0,603120,0.0
28,Chubut,2021,5.6143,0.2,59.0476,0.0,0,603120,0.0
29,Chubut,2021,7.5238,0.2667,57.5714,0.0,0,603120,0.0
30,Chubut,2021,6.5714,0.0,54.8095,0.0,0,603120,0.0
1,Chubut,2022,21.019,0.2667,43.8571,0.0,0,603120,0.0
2,Chubut,2022,20.7571,0.0333,37.0476,0.0,0,603120,0.0
3,Chubut,2022,15.7667,21.9,58.2381,2.0,0,603120,0.0
4,Chubut,2022,19.7667,0.3333,47.381,0.0,0,603120,0.0
5,Chubut,2022,18.719,2.6667,52.5714,0.6667,0,603120,0.0
6,Chubut,2022,19.7571,0.0,40.381,0.0,0,603120,0.0
7,Chubut,2022,18.5714,15.4667,51.0476,1.6667,0,603120,0.0
8,Chubut,2022,15.6762,17.3667,60.2381,1.3333,0,603120,0.0
9,Chubut,2022,16.4619,0.3,40.9524,0.0,0,603120,0.0
10,Chubut,2022,14.981,5.0667,55.0952,0.3333,0,603120,0.0
11,Chubut,2022,14.581,4.5333,50.2381,1.3333,0,603120,0.0
12,Chubut,2022,14.0048,3.3667,54.0952,0.6667,0,603120,0.0
13,Chubut,2022,12.3476,4.0,48.9524,0.6667,0,603120,0.0
14,Chubut,2022,12.781,33.3667,72.4762,2.3333,0,603120,0.0
15,Chubut,2022,12.6381,0.4333,58.381,0.0,0,603120,0.0
16,Chubut,2022,11.0238,20.7667,58.1429,2.3333,0,603120,0.0
17,Chubut,2022,6.0143,2.0667,65.1429,0.3333,0,603120,0.0
18,Chubut,2022,13.6095,0.5667,55.4762,0.0,0,603120,0.0
19,Chubut,2022,7.5333,9.9333,69.5714,1.3333,0,603120,0.0
20,Chubut,2022,7.3714,18.2333,66.0476,1.0,0,603120,0.0
21,Chubut,2022,2.1,4.6667,68.8095,0.6667,0,603120,0.0
22,Chubut,2022,3.0524,1.1,74.2381,0.3333,0,603120,0.0
23,Chubut,2022,6.1762,12.3667,63.4286,1.3333,0,603120,0.0
24,Chubut,2022,5.2286,7.0333,69.7619,1.0,0,603120,0.0
25,Chubut,2022,0.3429,0.0,74.0952,0.0,0,603120,0.0
26,Chubut,2022,5.119,17.8,65.3333,1.3333,0,603120,0.0
27,Chubut,2022,5.2905,12.9667,65.2381,1.3333,0,603120,0.0
28,Chubut,2022,1.6429,11.4,79.2857,1.0,0,603120,0.0
29,Chubut,2022,3.619,37.6667,69.0952,2.3333,0,603120,0.0
30,Chubut,2022,4.7429,4.2333,74.6667,1.3333,0,603120,0.0
31,Chubut,2022,3.3333,11.8,75.7619,1.6667,0,603120,0.0
32,Chubut,2022,6.7952,9.0333,64.8095,0.6667,0,603120,0.0
33,Chubut,2022,7.2429,0.4,61.1429,0.0,0,603120,0.0
34,Chubut,2022,8.2238,0.0667,51.5714,0.0,0,603120,0.0
35,Chubut,2022,10.1667,0.0,49.9048,0.0,0,603120,0.0
36,Chubut,2022,8.6476,9.6333,62.0,1.6667,0,603120,0.0
37,Chubut,2022,8.8048,11.0667,65.7143,1.6667,0,603120,0.0
38,Chubut,2022,7.1714,61.3,74.0,1.6667,0,603120,0.0
39,Chubut,2022,12.0143,0.0,51.4762,0.0,0,603120,0.0
40,Chubut,2022,11.1143,6.4333,53.3333,1.3333,0,603120,0.0
41,Chubut,2022,11.1667,0.0333,53.3333,0.0,0,603120,0.0
42,Chubut,2022,14.7524,0.0,46.9524,0.0,0,603120,0.0
43,Chubut,2022,12.4714,3.7667,48.0952,1.0,0,603120,0.0
44,Chubut,2022,17.8667,0.0,42.6667,0.0,0,603120,0.0
45,Chubut,2022,15.8667,21.1333,67.4762,2.3333,0,603120,0.0
46,Chubut,2022,17.2857,0.3333,46.619,0.0,0,603120,0.0
47,Chubut,2022,18.4857,0.0,45.9524,0.0,0,603120,0.0
48,Chubut,2022,18.2286,0.0,41.8571,0.0,0,603120,0.0
49,Chubut,2022,18.019,4.4667,44.0476,1.0,0,603120,0.0
50,Chubut,2022,18.5238,1.0,41.9048,0.3333,0,603120,0.0
1,Chubut,2023,22.7,0.0,40.381,0.0,0,603120,0.0
2,Chubut,2023,17.0286,20.9,59.619,1.3333,0,603120,0.0
3,Chubut,2023,21.281,3.8,57.8095,1.0,0,603120,0.0
4,Chubut,2023,19.3714,1.3333,43.8571,0.3333,0,603120,0.0
5,Chubut,2023,21.7048,0.0,45.5238,0.0,0,603120,0.0
6,Chubut,2023,21.1143,0.0667,42.8095,0.0,0,603120,0.0
7,Chubut,2023,13.8476,1.1,46.619,0.0,0,603120,0.0
8,Chubut,2023,18.5857,0.0333,41.1905,0.0,0,603120,0.0
9,Chubut,2023,19.5095,0.0333,40.6667,0.0,0,603120,0.0
10,Chubut,2023,18.8238,0.7333,47.4286,0.0,1,603120,0.1658
11,Chubut,2023,15.3143,0.0333,52.3333,0.0,0,603120,0.0
12,Chubut,2023,14.9095,0.0,52.1905,0.0,0,603120,0.0
13,Chubut,2023,12.5429,5.1333,47.619,1.0,0,603120,0.0
14,Chubut,2023,14.5381,3.4333,53.6667,0.3333,1,603120,0.1658
15,Chubut,2023,8.3619,2.5667,68.4762,0.3333,2,603120,0.3316
16,Chubut,2023,13.5714,0.0667,55.9524,0.0,2,603120,0.3316
17,Chubut,2023,12.1143,12.8,62.0952,1.0,0,603120,0.0
18,Chubut,2023,10.9571,1.3667,63.619,0.3333,0,603120,0.0
19,Chubut,2023,11.8524,3.2667,67.4286,1.0,0,603120,0.0
20,Chubut,2023,10.1048,2.7,52.1905,0.6667,0,603120,0.0
21,Chubut,2023,5.781,9.6,59.381,1.0,0,603120,0.0
22,Chubut,2023,9.2238,5.4333,58.1429,1.0,0,603120,0.0
23,Chubut,2023,7.8857,18.3333,56.9524,1.3333,0,603120,0.0
24,Chubut,2023,3.6476,0.6,69.8095,0.0,0,603120,0.0
25,Chubut,2023,6.4619,19.8667,73.4762,3.0,0,603120,0.0
26,Chubut,2023,5.9095,10.1,72.2857,1.0,0,603120,0.0
27,Chubut,2023,4.4238,16.1333,71.0,2.3333,0,603120,0.0
28,Chubut,2023,1.7667,6.7333,80.0476,0.6667,0,603120,0.0
29,Chubut,2023,4.3524,5.4,72.1429,1.0,0,603120,0.0
30,Chubut,2023,6.1952,11.9333,70.7143,1.0,0,603120,0.0
31,Chubut,2023,6.8857,2.5333,52.8095,0.3333,1,603120,0.1658
32,Chubut,2023,8.1857,2.7667,58.5714,0.6667,0,603120,0.0
33,Chubut,2023,5.2714,23.8333,79.9524,3.3333,0,603120,0.0
34,Chubut,2023,5.7238,2.1333,59.3333,0.3333,0,603120,0.0
35,Chubut,2023,7.3524,7.7333,51.5714,1.6667,0,603120,0.0
36,Chubut,2023,6.281,13.0,73.2381,2.3333,0,603120,0.0
37,Chubut,2023,8.3381,19.1667,60.1429,2.0,0,603120,0.0
38,Chubut,2023,5.4857,2.2,70.5714,0.6667,0,603120,0.0
39,Chubut,2023,10.1095,0.6667,53.4762,0.3333,0,603120,0.0
40,Chubut,2023,10.6429,0.0,45.4286,0.0,0,603120,0.0
41,Chubut,2023,10.419,0.0667,52.4762,0.0,0,603120,0.0
42,Chubut,2023,13.6952,0.4667,49.5238,0.3333,0,603120,0.0
43,Chubut,2023,12.1619,15.8667,53.2381,1.3333,0,603120,0.0
44,Chubut,2023,10.9714,4.1,57.6667,1.0,0,603120,0.0
45,Chubut,2023,13.8238,0.2333,46.8095,0.0,0,603120,0.0
46,Chubut,2023,11.8095,2.9,43.4286,0.6667,0,603120,0.0
47,Chubut,2023,16.4095,0.0333,41.619,0.0,0,603120,0.0
48,Chubut,2023,15.4,0.0,43.4286,0.0,0,603120,0.0
49,Chubut,2023,16.8714,3.5,52.8095,0.6667,0,603120,0.0
50,Chubut,2023,16.5571,9.5333,48.5714,1.6667,0,603120,0.0
51,Chubut,2023,17.2048,0.6667,47.9048,0.3333,2,603120,0.3316
52,Chubut,2023,19.5095,0.0,45.9048,0.0,0,603120,0.0
1,Chubut,2024,20.5143,0.0,48.619,0.0,0,603120,0.0
2,Chubut,2024,17.681,0.0,44.0,0.0,2,603120,0.3316
3,Chubut,2024,19.819,0.0,44.0952,0.0,2,603120,0.3316
4,Chubut,2024,24.0905,7.7667,40.3333,0.3333,3,603120,0.4974
5,Chubut,2024,21.8095,0.0,39.0,0.0,2,603120,0.3316
6,Chubut,2024,20.9238,0.0,40.9524,0.0,3,603120,0.4974
7,Chubut,2024,20.8905,0.0,40.7143,0.0,3,603120,0.4974
8,Chubut,2024,18.0952,16.0333,53.0952,1.0,3,603120,0.4974
9,Chubut,2024,16.4333,3.6667,52.5238,0.6667,3,603120,0.4974
10,Chubut,2024,15.2952,1.3333,49.2857,0.6667,2,603120,0.3316
11,Chubut,2024,15.1714,2.3667,42.1905,0.3333,9,603120,1.4922
12,Chubut,2024,14.2238,13.1,54.1905,0.6667,4,603120,0.6632
13,Chubut,2024,15.6333,0.0,48.0,0.0,4,603120,0.6632
14,Chubut,2024,12.9333,9.6667,49.0476,1.3333,10,603120,1.658
15,Chubut,2024,9.519,0.0,60.2381,0.0,3,603120,0.4974
16,Chubut,2024,11.8238,21.6667,56.381,1.0,3,603120,0.4974
17,Chubut,2024,8.8667,11.3667,54.9048,1.3333,1,603120,0.1658
18,Chubut,2024,6.0524,3.2333,61.6667,0.3333,0,603120,0.0
19,Chubut,2024,4.7143,26.0667,76.381,2.0,1,603120,0.1658
20,Chubut,2024,4.9857,0.8333,69.8095,0.3333,2,603120,0.3316
21,Chubut,2024,3.5952,0.0,68.381,0.0,0,603120,0.0
22,Chubut,2024,6.4048,1.7,64.4286,0.3333,2,603120,0.3316
23,Chubut,2024,7.481,5.2333,76.5714,1.0,0,603120,0.0
24,Chubut,2024,7.1381,3.3333,71.9524,0.3333,1,603120,0.1658
25,Chubut,2024,2.5952,41.9333,84.5238,3.3333,0,603120,0.0
26,Chubut,2024,3.2952,4.9667,72.4286,1.0,0,603120,0.0
27,Chubut,2024,2.3,8.9333,69.4762,0.6667,0,603120,0.0
28,Chubut,2024,2.6905,0.0667,73.1905,0.0,0,603120,0.0
29,Chubut,2024,5.481,0.3,62.0952,0.0,0,603120,0.0
30,Chubut,2024,8.0619,3.0,51.1429,0.6667,0,603120,0.0
31,Chubut,2024,6.8476,7.3667,64.0,1.6667,0,603120,0.0
32,Chubut,2024,6.0,15.1,75.619,1.6667,0,603120,0.0
33,Chubut,2024,5.9762,7.6333,67.5238,0.6667,0,603120,0.0
34,Chubut,2024,4.0952,3.4333,73.8571,0.3333,0,603120,0.0
35,Chubut,2024,9.4095,2.2667,47.3333,0.3333,0,603120,0.0
36,Chubut,2024,9.5048,0.9667,47.0,0.3333,0,603120,0.0
37,Chubut,2024,8.8143,0.3,47.619,0.0,0,603120,0.0
38,Chubut,2024,10.0619,14.5,53.381,2.3333,0,603120,0.0
39,Chubut,2024,9.1095,15.9333,47.3333,1.6667,0,603120,0.0
40,Chubut,2024,8.4857,0.8667,58.0476,0.3333,0,603120,0.0
41,Chubut,2024,13.1762,0.6667,44.6667,0.3333,0,603120,0.0
42,Chubut,2024,14.4619,4.6667,51.7619,0.3333,0,603120,0.0
43,Chubut,2024,15.7095,0.2,40.5238,0.0,0,603120,0.0
44,Chubut,2024,16.5238,2.8667,40.8571,0.3333,0,603120,0.0
45,Chubut,2024,13.981,12.7,41.7143,1.0,0,603120,0.0
46,Chubut,2024,15.6857,1.3333,41.1905,0.6667,0,603120,0.0
47,Chubut,2024,16.6571,1.0,47.2381,0.3333,1,603120,0.1658
48,Chubut,2024,13.6524,12.5667,59.1905,2.3333,0,603120,0.0
49,Chubut,2024,12.5333,24.6,58.5714,2.0,0,603120,0.0
50,Chubut,2024,17.6048,0.0333,48.9524,0.0,0,603120,0.0
51,Chubut,2024,17.5571,2.4667,46.9524,1.0,0,603120,0.0
52,Chubut,2024,19.5524,1.6667,47.4762,0.6667,0,603120,0.0
1,Chubut,2025,18.0381,12.9333,59.8095,2.0,0,603120,0.0
2,Chubut,2025,20.9381,0.6667,43.9524,0.3333,0,603120,0.0
3,Chubut,2025,18.7143,0.0,39.8571,0.0,0,603120,0.0
4,Chubut,2025,19.5619,0.8,50.8095,0.3333,0,603120,0.0
5,Chubut,2025,20.2952,0.0,38.381,0.0,0,603120,0.0
6,Chubut,2025,17.3095,2.1667,43.6667,0.6667,0,603120,0.0
7,Chubut,2025,16.8952,1.0,46.9524,0.3333,0,603120,0.0
8,Chubut,2025,20.6857,0.0,40.4286,0.0,0,603120,0.0
9,Chubut,2025,17.6762,2.4667,51.2857,0.6667,0,603120,0.0
10,Chubut,2025,15.9476,9.2667,53.8571,2.3333,0,603120,0.0
11,Chubut,2025,15.4667,0.0,51.381,0.0,0,603120,0.0
12,Chubut,2025,16.5524,2.8667,49.0952,0.3333,1,603120,0.1658
13,Chubut,2025,16.0286,13.7667,52.2381,0.6667,1,603120,0.1658
14,Chubut,2025,10.3381,2.8667,53.4762,0.6667,1,603120,0.1658
15,Chubut,2025,14.1571,10.2667,64.619,1.0,1,603120,0.1658
16,Chubut,2025,10.1381,8.4,73.0952,1.3333,0,603120,0.0
17,Chubut,2025,11.5286,2.8333,62.381,1.0,0,603120,0.0
18,Chubut,2025,9.6048,8.8,66.2857,1.3333,0,603120,0.0
19,Chubut,2025,9.5476,4.5,61.7619,1.0,0,603120,0.0
20,Chubut,2025,10.2714,7.8667,59.8095,1.0,0,603120,0.0
21,Chubut,2025,6.019,1.2333,66.0952,0.3333,0,603120,0.0
22,Chubut,2025,7.319,0.3333,57.8095,0.0,0,603120,0.0
23,Chubut,2025,7.1,1.0333,64.9048,0.3333,0,603120,0.0
24,Chubut,2025,7.2143,3.7667,69.2381,0.6667,0,603120,0.0
25,Chubut,2025,6.6095,3.0333,60.1905,0.6667,0,603120,0.0
26,Chubut,2025,2.0762,4.1667,65.0556,1.0,0,603120,0.0
27,Chubut,2025,2.9429,0.2667,69.9921,0.0,0,603120,0.0
28,Chubut,2025,8.2429,0.0,58.5238,0.0,0,603120,0.0
29,Chubut,2025,9.0238,0.0,54.0,0.0,0,603120,0.0
30,Chubut,2025,1.8571,6.5333,71.7619,1.6667,0,603120,0.0
31,Chubut,2025,7.6286,7.3333,75.6667,1.6667,0,603120,0.0
32,Chubut,2025,6.0429,7.6667,71.5238,1.0,0,603120,0.0
33,Chubut,2025,7.2524,7.6,75.4762,0.6667,0,603120,0.0
34,Chubut,2025,8.619,2.5333,58.1429,0.6667,0,603120,0.0
35,Chubut,2025,9.1571,0.0,68.2381,0.0,0,603120,0.0
36,Chubut,2025,6.9143,0.0,53.0,0.0,0,603120,0.0
37,Chubut,2025,10.7,4.3667,54.8571,1.0,0,603120,0.0
38,Chubut,2025,9.7667,3.5,68.1905,0.6667,0,603120,0.0
39,Chubut,2025,11.3095,2.9,49.8571,0.3333,0,603120,0.0
40,Chubut,2025,12.2714,3.0,44.5238,1.0,0,603120,0.0
41,Chubut,2025,13.4667,8.0667,44.7143,0.6667,0,603120,0.0
42,Chubut,2025,14.2857,0.8,36.619,0.3333,0,603120,0.0
1,Corrientes,2018,26.1619,6.8333,58.619,1.6667,0,1197553,0.0
2,Corrientes,2018,27.3238,33.7333,67.381,1.3333,0,1197553,0.0
3,Corrientes,2018,25.7762,90.0,72.5238,3.0,0,1197553,0.0
4,Corrientes,2018,25.9905,59.0,79.8571,3.3333,0,1197553,0.0
5,Corrientes,2018,27.1238,0.0,65.2857,0.0,0,1197553,0.0
6,Corrientes,2018,27.1619,12.4333,69.381,1.0,0,1197553,0.0
7,Corrientes,2018,24.6095,11.3333,64.6667,0.6667,0,1197553,0.0
8,Corrientes,2018,24.7143,7.6667,67.2857,0.6667,0,1197553,0.0
9,Corrientes,2018,26.3238,19.3,71.9524,1.3333,0,1197553,0.0
10,Corrientes,2018,24.519,3.9667,62.381,0.6667,0,1197553,0.0
11,Corrientes,2018,24.7238,107.0,69.0476,3.0,1,1197553,0.0835
12,Corrientes,2018,21.3667,70.6667,71.8095,2.3333,0,1197553,0.0
13,Corrientes,2018,22.1286,2.0,80.5714,0.3333,0,1197553,0.0
14,Corrientes,2018,23.6905,3.7,75.381,0.3333,0,1197553,0.0
15,Corrientes,2018,23.6524,13.6333,74.8095,1.6667,0,1197553,0.0
16,Corrientes,2018,25.0048,49.0,76.619,1.0,1,1197553,0.0835
17,Corrientes,2018,24.3524,9.6667,82.8095,1.3333,1,1197553,0.0835
18,Corrientes,2018,21.9143,95.1333,87.1905,4.0,1,1197553,0.0835
19,Corrientes,2018,19.8286,67.1333,85.8571,2.6667,3,1197553,0.2505
20,Corrientes,2018,15.8333,24.7667,81.6667,1.6667,6,1197553,0.501
21,Corrientes,2018,14.1762,0.0,78.8571,0.0,1,1197553,0.0835
22,Corrientes,2018,16.2048,28.9333,80.381,2.3333,0,1197553,0.0
23,Corrientes,2018,12.5429,7.3333,80.381,0.3333,1,1197553,0.0835
24,Corrientes,2018,9.8952,0.8,79.8571,0.3333,0,1197553,0.0
25,Corrientes,2018,14.7381,7.3333,76.4762,0.6667,0,1197553,0.0
26,Corrientes,2018,14.4762,22.4333,87.5714,2.0,0,1197553,0.0
27,Corrientes,2018,13.0476,8.7,83.619,1.0,0,1197553,0.0
1,Corrientes,2019,26.4762,127.4,81.8095,4.3333,0,1197553,0.0
2,Corrientes,2019,23.7952,224.9667,88.2381,5.6667,0,1197553,0.0
3,Corrientes,2019,23.8619,144.3,85.5714,3.3333,0,1197553,0.0
4,Corrientes,2019,27.6143,48.3333,78.9048,1.6667,0,1197553,0.0
5,Corrientes,2019,27.5524,35.0,75.3333,1.3333,0,1197553,0.0
6,Corrientes,2019,25.9,15.3333,70.9524,0.6667,0,1197553,0.0
7,Corrientes,2019,23.581,27.0,74.4762,1.0,0,1197553,0.0
8,Corrientes,2019,28.2476,35.1667,69.5238,1.0,0,1197553,0.0
9,Corrientes,2019,22.681,9.3333,68.8095,0.3333,0,1197553,0.0
10,Corrientes,2019,23.3238,78.1333,78.8571,2.6667,0,1197553,0.0
11,Corrientes,2019,22.4143,21.1,82.0,1.6667,0,1197553,0.0
12,Corrientes,2019,21.2333,1.0,71.3333,0.3333,0,1197553,0.0
13,Corrientes,2019,21.9524,5.3,75.3333,0.3333,0,1197553,0.0
14,Corrientes,2019,22.4048,24.5,78.619,1.0,0,1197553,0.0
15,Corrientes,2019,21.1333,0.2333,75.2381,0.0,0,1197553,0.0
16,Corrientes,2019,21.0619,89.5333,82.8571,3.0,0,1197553,0.0
17,Corrientes,2019,19.9238,93.7333,86.5238,3.0,0,1197553,0.0
18,Corrientes,2019,20.7238,34.6667,86.6667,3.0,0,1197553,0.0
19,Corrientes,2019,19.0667,93.4333,87.7143,2.0,0,1197553,0.0
20,Corrientes,2019,18.0952,32.3333,83.8095,1.6667,0,1197553,0.0
21,Corrientes,2019,16.5857,44.7667,89.4762,2.0,0,1197553,0.0
22,Corrientes,2019,16.381,5.6667,89.1905,0.6667,0,1197553,0.0
23,Corrientes,2019,16.5714,1.0,81.2857,0.3333,0,1197553,0.0
24,Corrientes,2019,21.5286,11.7667,81.8571,1.0,0,1197553,0.0
25,Corrientes,2019,16.7619,0.2,82.4286,0.0,0,1197553,0.0
26,Corrientes,2019,15.8333,10.8,78.6667,1.6667,0,1197553,0.0
27,Corrientes,2019,8.4857,0.0,72.2381,0.0,0,1197553,0.0
28,Corrientes,2019,16.6429,2.0,74.2381,0.3333,0,1197553,0.0
29,Corrientes,2019,16.1857,2.1667,72.4286,0.6667,0,1197553,0.0
30,Corrientes,2019,12.6571,73.1,88.3333,3.3333,0,1197553,0.0
31,Corrientes,2019,13.281,3.4,76.4286,0.3333,0,1197553,0.0
32,Corrientes,2019,14.9714,8.0667,79.5714,0.6667,0,1197553,0.0
33,Corrientes,2019,14.5524,0.0,68.6667,0.0,0,1197553,0.0
34,Corrientes,2019,13.2048,39.6667,67.8571,1.0,0,1197553,0.0
35,Corrientes,2019,19.0952,5.0,73.381,0.3333,0,1197553,0.0
36,Corrientes,2019,14.7381,5.6333,69.0476,0.6667,0,1197553,0.0
37,Corrientes,2019,17.7714,25.0333,79.9524,2.3333,0,1197553,0.0
38,Corrientes,2019,16.8952,0.0667,59.4286,0.0,0,1197553,0.0
39,Corrientes,2019,20.4905,0.0,55.4286,0.0,0,1197553,0.0
40,Corrientes,2019,20.5667,45.4667,76.2857,2.3333,0,1197553,0.0
41,Corrientes,2019,25.1286,29.0,63.1429,1.0,0,1197553,0.0
42,Corrientes,2019,17.0714,49.1,83.2857,4.3333,0,1197553,0.0
43,Corrientes,2019,20.6429,20.0,67.3333,1.3333,0,1197553,0.0
44,Corrientes,2019,25.0429,41.8333,77.2381,3.3333,0,1197553,0.0
45,Corrientes,2019,23.6857,49.6667,75.7619,1.0,0,1197553,0.0
46,Corrientes,2019,24.2095,43.6667,68.5714,1.6667,0,1197553,0.0
47,Corrientes,2019,26.0619,15.2333,64.2381,1.0,0,1197553,0.0
48,Corrientes,2019,23.3667,75.5,72.1905,2.6667,0,1197553,0.0
49,Corrientes,2019,22.5238,1.0333,57.9048,0.3333,0,1197553,0.0
50,Corrientes,2019,25.4762,54.6667,63.8571,2.3333,0,1197553,0.0
51,Corrientes,2019,24.0667,20.3333,66.7143,1.0,0,1197553,0.0
52,Corrientes,2019,27.1381,23.4,66.4286,1.6667,0,1197553,0.0
1,Corrientes,2020,26.6143,10.6667,67.5238,1.0,0,1197553,0.0
2,Corrientes,2020,26.6143,7.7333,68.7143,1.0,0,1197553,0.0
3,Corrientes,2020,26.3,45.1333,71.5238,2.0,1,1197553,0.0835
4,Corrientes,2020,25.9429,67.3333,75.6667,2.3333,2,1197553,0.167
5,Corrientes,2020,25.5238,24.7667,70.5238,1.3333,10,1197553,0.835
6,Corrientes,2020,28.9476,12.0,67.6667,0.6667,10,1197553,0.835
7,Corrientes,2020,25.5238,83.6667,71.7143,3.0,19,1197553,1.5866
8,Corrientes,2020,22.2,57.0,70.9048,2.0,27,1197553,2.2546
9,Corrientes,2020,23.7667,0.0,63.0476,0.0,103,1197553,8.6009
10,Corrientes,2020,25.4429,0.0,61.4762,0.0,144,1197553,12.0245
11,Corrientes,2020,28.5429,21.0,63.4762,1.3333,118,1197553,9.8534
12,Corrientes,2020,23.819,37.0667,72.8095,1.0,215,1197553,17.9533
13,Corrientes,2020,25.4238,2.3333,69.0952,0.6667,141,1197553,11.774
14,Corrientes,2020,22.6571,35.3333,73.8095,2.6667,200,1197553,16.7007
15,Corrientes,2020,18.081,0.0,64.8571,0.0,108,1197553,9.0184
16,Corrientes,2020,17.6714,0.7333,67.0,0.3333,176,1197553,14.6966
17,Corrientes,2020,23.2762,15.0,65.8571,1.0,171,1197553,14.2791
18,Corrientes,2020,20.3524,12.3333,67.0,2.0,213,1197553,17.7863
19,Corrientes,2020,16.0,29.0,71.8095,1.0,296,1197553,24.7171
20,Corrientes,2020,17.5476,0.8333,69.4286,0.3333,243,1197553,20.2914
21,Corrientes,2020,17.2333,101.3333,77.3333,2.6667,118,1197553,9.8534
22,Corrientes,2020,15.5333,0.6667,72.9048,0.3333,71,1197553,5.9288
23,Corrientes,2020,12.55,28.0,85.5,3.0,36,1197553,3.0061
24,Corrientes,2020,15.8381,4.5,76.9048,0.3333,20,1197553,1.6701
25,Corrientes,2020,21.4762,0.2333,73.7143,0.0,22,1197553,1.8371
26,Corrientes,2020,16.5952,11.7667,68.0952,1.3333,26,1197553,2.1711
27,Corrientes,2020,12.2381,20.3,79.7143,1.0,13,1197553,1.0855
28,Corrientes,2020,12.4143,10.6667,77.6667,1.6667,6,1197553,0.501
29,Corrientes,2020,15.3095,4.9,66.7143,0.6667,4,1197553,0.334
30,Corrientes,2020,16.7619,11.1667,72.5238,1.3333,5,1197553,0.4175
31,Corrientes,2020,14.7429,0.0667,64.8571,0.0,0,1197553,0.0
32,Corrientes,2020,22.7095,0.0,57.619,0.0,1,1197553,0.0835
33,Corrientes,2020,14.3381,0.0,62.2857,0.0,0,1197553,0.0
34,Corrientes,2020,13.2286,0.0,49.2381,0.0,0,1197553,0.0
35,Corrientes,2020,22.1429,7.7667,63.4286,1.6667,2,1197553,0.167
36,Corrientes,2020,13.8429,20.9,74.619,1.0,1,1197553,0.0835
37,Corrientes,2020,19.4,19.0667,76.381,1.3333,0,1197553,0.0
38,Corrientes,2020,17.3619,1.7,58.619,0.6667,0,1197553,0.0
39,Corrientes,2020,22.6571,17.8667,54.4762,0.6667,0,1197553,0.0
40,Corrientes,2020,21.0333,6.0667,64.0,0.6667,0,1197553,0.0
41,Corrientes,2020,20.7333,0.0,56.5714,0.0,0,1197553,0.0
42,Corrientes,2020,23.8048,3.3333,56.7619,0.3333,0,1197553,0.0
43,Corrientes,2020,27.1048,58.9333,62.0476,2.3333,0,1197553,0.0
44,Corrientes,2020,21.0619,0.1667,57.9048,0.0,0,1197553,0.0
45,Corrientes,2020,23.2286,0.6667,50.0476,0.3333,0,1197553,0.0
46,Corrientes,2020,24.7762,11.3333,62.7143,1.3333,0,1197553,0.0
47,Corrientes,2020,24.5476,3.6667,46.1429,0.3333,0,1197553,0.0
48,Corrientes,2020,27.2333,100.2,62.0476,3.0,0,1197553,0.0
49,Corrientes,2020,23.9952,45.0,67.2857,1.0,1,1197553,0.0835
50,Corrientes,2020,26.0905,27.3333,62.2857,1.6667,0,1197553,0.0
51,Corrientes,2020,25.6762,37.5667,64.5714,1.6667,0,1197553,0.0
52,Corrientes,2020,26.5571,22.4,58.2857,0.6667,1,1197553,0.0835
53,Corrientes,2020,27.2143,9.0,56.8095,1.0,0,1197553,0.0
1,Corrientes,2021,27.6429,3.8,60.619,0.6667,0,1197553,0.0
2,Corrientes,2021,26.0143,65.3,72.619,3.0,0,1197553,0.0
3,Corrientes,2021,26.4476,6.0,65.2857,0.6667,0,1197553,0.0
4,Corrientes,2021,25.619,84.4,81.5714,4.3333,0,1197553,0.0
5,Corrientes,2021,23.6476,43.6,77.0,2.0,0,1197553,0.0
6,Corrientes,2021,24.5524,15.1667,74.7143,1.6667,0,1197553,0.0
7,Corrientes,2021,25.3714,0.0333,63.0,0.0,1,1197553,0.0835
8,Corrientes,2021,26.7714,5.1333,64.9524,1.0,0,1197553,0.0
9,Corrientes,2021,25.781,18.0,69.0,0.6667,0,1197553,0.0
10,Corrientes,2021,25.581,0.0,58.2857,0.0,0,1197553,0.0
11,Corrientes,2021,22.9286,40.8,75.0952,2.0,1,1197553,0.0835
12,Corrientes,2021,23.1048,55.3667,82.9048,2.6667,0,1197553,0.0
13,Corrientes,2021,21.081,0.1333,74.2857,0.0,0,1197553,0.0
14,Corrientes,2021,24.6476,29.7,76.4762,1.3333,2,1197553,0.167
15,Corrientes,2021,21.5048,6.0,79.2857,0.6667,6,1197553,0.501
16,Corrientes,2021,21.3238,27.3333,76.0952,1.3333,2,1197553,0.167
17,Corrientes,2021,17.6571,0.0,73.9048,0.0,0,1197553,0.0
18,Corrientes,2021,16.1429,29.8667,78.4286,2.0,2,1197553,0.167
19,Corrientes,2021,14.3429,0.7667,79.381,0.3333,0,1197553,0.0
20,Corrientes,2021,15.0905,62.7667,79.1905,2.0,0,1197553,0.0
21,Corrientes,2021,14.3238,17.3333,76.2381,1.0,0,1197553,0.0
22,Corrientes,2021,17.0143,31.3333,76.7143,1.0,0,1197553,0.0
23,Corrientes,2021,15.8238,3.6333,83.1905,1.0,0,1197553,0.0
24,Corrientes,2021,11.4667,0.1,79.5714,0.0,0,1197553,0.0
25,Corrientes,2021,12.7857,68.0,87.1429,2.0,0,1197553,0.0
26,Corrientes,2021,9.5238,0.0,76.4286,0.0,0,1197553,0.0
27,Corrientes,2021,17.6095,0.0333,76.3333,0.0,0,1197553,0.0
28,Corrientes,2021,14.6,8.7667,75.9524,0.6667,0,1197553,0.0
29,Corrientes,2021,15.2857,10.5,66.3333,0.6667,0,1197553,0.0
30,Corrientes,2021,10.181,0.4,66.0,0.0,0,1197553,0.0
1,Corrientes,2022,27.0714,4.8667,56.2857,0.6667,0,1197553,0.0
2,Corrientes,2022,31.8762,3.5,43.8095,0.6667,0,1197553,0.0
3,Corrientes,2022,31.4524,18.9333,59.0952,1.6667,0,1197553,0.0
4,Corrientes,2022,27.7238,1.2,59.0476,0.3333,0,1197553,0.0
5,Corrientes,2022,27.6762,13.9667,55.8571,1.0,0,1197553,0.0
6,Corrientes,2022,24.981,6.3333,53.2381,0.6667,0,1197553,0.0
7,Corrientes,2022,28.0333,0.3,45.8095,0.0,0,1197553,0.0
8,Corrientes,2022,29.0476,24.5,58.4762,1.6667,0,1197553,0.0
9,Corrientes,2022,26.519,39.0333,72.8095,2.0,0,1197553,0.0
10,Corrientes,2022,22.6619,70.0,76.0952,3.3333,0,1197553,0.0
11,Corrientes,2022,21.9905,0.1333,66.3333,0.0,0,1197553,0.0
12,Corrientes,2022,20.5333,55.5667,78.0952,2.0,0,1197553,0.0
13,Corrientes,2022,18.5905,60.9667,72.1905,2.6667,0,1197553,0.0
14,Corrientes,2022,21.5095,52.6667,87.8571,2.6667,0,1197553,0.0
15,Corrientes,2022,18.1524,14.3333,74.5714,0.3333,0,1197553,0.0
16,Corrientes,2022,19.5762,13.7667,78.2381,0.6667,0,1197553,0.0
17,Corrientes,2022,20.4238,70.8667,79.2381,3.0,0,1197553,0.0
18,Corrientes,2022,16.6571,4.0,80.8095,0.3333,0,1197553,0.0
19,Corrientes,2022,16.6238,2.8333,80.2857,0.3333,0,1197553,0.0
20,Corrientes,2022,12.1286,0.0,76.4762,0.0,0,1197553,0.0
21,Corrientes,2022,17.3,60.5667,86.1905,2.3333,0,1197553,0.0
22,Corrientes,2022,10.3762,9.2333,76.7143,0.6667,0,1197553,0.0
23,Corrientes,2022,12.3143,3.8667,84.381,0.3333,0,1197553,0.0
24,Corrientes,2022,12.5095,4.4,77.381,0.6667,0,1197553,0.0
25,Corrientes,2022,12.6952,4.3333,88.1905,0.6667,0,1197553,0.0
26,Corrientes,2022,13.8524,7.8333,85.4762,1.0,0,1197553,0.0
27,Corrientes,2022,19.1714,1.6333,78.619,0.3333,0,1197553,0.0
28,Corrientes,2022,13.7571,47.9,84.5714,3.0,0,1197553,0.0
29,Corrientes,2022,18.5333,3.4,81.5714,0.6667,0,1197553,0.0
30,Corrientes,2022,17.4905,5.3333,76.1905,0.6667,0,1197553,0.0
31,Corrientes,2022,14.2429,73.6667,83.8571,2.3333,1,1197553,0.0835
32,Corrientes,2022,14.981,2.6333,79.0476,0.6667,0,1197553,0.0
33,Corrientes,2022,13.1857,0.4,69.8095,0.0,0,1197553,0.0
34,Corrientes,2022,18.9429,6.8667,71.0476,1.0,0,1197553,0.0
35,Corrientes,2022,14.4,20.3667,71.3333,1.0,0,1197553,0.0
36,Corrientes,2022,15.719,0.0,69.7619,0.0,0,1197553,0.0
37,Corrientes,2022,16.7905,7.6667,66.5238,1.0,0,1197553,0.0
38,Corrientes,2022,16.2952,11.2,72.619,0.6667,0,1197553,0.0
39,Corrientes,2022,18.3905,0.0,66.0952,0.0,0,1197553,0.0
40,Corrientes,2022,18.2238,27.6667,63.381,1.6667,0,1197553,0.0
41,Corrientes,2022,18.4476,0.0,64.5238,0.0,0,1197553,0.0
42,Corrientes,2022,20.8095,35.8,74.0476,2.0,0,1197553,0.0
43,Corrientes,2022,22.7619,29.5,67.1429,2.0,0,1197553,0.0
44,Corrientes,2022,18.1286,0.0,55.8095,0.0,0,1197553,0.0
45,Corrientes,2022,22.481,20.3333,63.2857,1.6667,0,1197553,0.0
46,Corrientes,2022,25.3714,8.3333,54.0952,1.0,0,1197553,0.0
47,Corrientes,2022,24.3238,3.7,60.9524,0.6667,0,1197553,0.0
48,Corrientes,2022,26.8429,5.8,63.6667,0.3333,0,1197553,0.0
49,Corrientes,2022,29.9571,3.7333,57.6667,0.3333,0,1197553,0.0
50,Corrientes,2022,26.2,0.0,48.9524,0.0,0,1197553,0.0
1,Corrientes,2023,27.4,0.0,48.0476,0.0,0,1197553,0.0
2,Corrientes,2023,27.4095,16.3,55.4286,1.3333,1,1197553,0.0835
3,Corrientes,2023,30.0619,2.0,56.0476,0.6667,0,1197553,0.0
4,Corrientes,2023,29.481,16.6333,58.4286,1.6667,0,1197553,0.0
5,Corrientes,2023,27.7381,13.0,55.3333,0.6667,0,1197553,0.0
6,Corrientes,2023,29.8381,7.3333,52.0952,1.0,0,1197553,0.0
7,Corrientes,2023,24.0476,13.3333,57.2857,1.6667,1,1197553,0.0835
8,Corrientes,2023,26.619,18.0,60.8571,1.3333,7,1197553,0.5845
9,Corrientes,2023,26.7,25.0667,69.9048,2.0,5,1197553,0.4175
10,Corrientes,2023,28.6667,0.0,61.0952,0.0,11,1197553,0.9185
11,Corrientes,2023,27.381,37.3,76.2857,3.0,34,1197553,2.8391
12,Corrientes,2023,25.9857,50.3333,77.1429,2.0,49,1197553,4.0917
13,Corrientes,2023,23.1905,53.2,70.6667,1.6667,71,1197553,5.9288
14,Corrientes,2023,21.9333,15.9,74.1905,0.6667,58,1197553,4.8432
15,Corrientes,2023,21.3476,26.8,75.2857,1.0,110,1197553,9.1854
16,Corrientes,2023,18.1381,1.0,68.0,0.3333,118,1197553,9.8534
17,Corrientes,2023,20.6619,10.1667,77.619,1.6667,172,1197553,14.3626
18,Corrientes,2023,17.0238,69.9333,91.1905,5.3333,90,1197553,7.5153
19,Corrientes,2023,16.2,0.0,78.0952,0.0,86,1197553,7.1813
20,Corrientes,2023,19.0952,19.9,80.5238,1.6667,103,1197553,8.6009
21,Corrientes,2023,20.1095,17.0,79.5238,0.6667,105,1197553,8.7679
22,Corrientes,2023,18.3286,13.6667,82.2381,0.6667,127,1197553,10.605
23,Corrientes,2023,19.4524,3.5,77.1905,0.6667,111,1197553,9.2689
24,Corrientes,2023,11.2238,0.5,77.3333,0.0,65,1197553,5.4277
25,Corrientes,2023,16.6381,11.7667,88.1429,1.3333,25,1197553,2.0876
26,Corrientes,2023,17.9143,3.4,77.7619,0.6667,19,1197553,1.5866
27,Corrientes,2023,19.4524,18.7333,81.619,0.6667,60,1197553,5.0102
28,Corrientes,2023,12.8333,15.0,84.1905,2.0,56,1197553,4.6762
29,Corrientes,2023,15.7238,1.3333,72.2381,0.3333,36,1197553,3.0061
30,Corrientes,2023,13.5714,7.8,81.381,1.3333,13,1197553,1.0855
31,Corrientes,2023,22.2333,2.3333,74.1429,0.3333,13,1197553,1.0855
32,Corrientes,2023,15.1048,1.1667,72.0,0.3333,17,1197553,1.4196
33,Corrientes,2023,19.2,35.5667,70.2381,1.0,13,1197553,1.0855
34,Corrientes,2023,16.5476,0.0,64.6667,0.0,6,1197553,0.501
35,Corrientes,2023,17.781,70.5,73.4762,3.3333,8,1197553,0.668
36,Corrientes,2023,16.1857,35.8,85.1429,2.3333,3,1197553,0.2505
37,Corrientes,2023,18.5667,38.1,72.0952,2.0,11,1197553,0.9185
38,Corrientes,2023,21.8524,21.5,84.4286,1.6667,7,1197553,0.5845
39,Corrientes,2023,16.9095,13.1667,74.2857,1.3333,8,1197553,0.668
40,Corrientes,2023,19.0429,10.5333,63.0476,1.0,6,1197553,0.501
41,Corrientes,2023,18.8905,8.2333,63.8571,1.3333,9,1197553,0.7515
42,Corrientes,2023,21.9095,99.2,80.8095,3.6667,7,1197553,0.5845
43,Corrientes,2023,21.4333,28.8,82.5714,2.0,11,1197553,0.9185
44,Corrientes,2023,19.3238,11.9667,78.7619,1.6667,23,1197553,1.9206
45,Corrientes,2023,25.7762,57.4333,73.8571,2.3333,29,1197553,2.4216
46,Corrientes,2023,23.1476,58.9667,80.5238,3.0,25,1197553,2.0876
47,Corrientes,2023,24.4143,22.4333,69.7619,1.6667,34,1197553,2.8391
48,Corrientes,2023,25.4524,92.5,81.0952,3.3333,101,1197553,8.4339
49,Corrientes,2023,23.5476,10.1,74.5238,0.6667,96,1197553,8.0163
50,Corrientes,2023,27.1048,81.5,78.1905,2.0,192,1197553,16.0327
51,Corrientes,2023,25.1333,59.9333,83.5714,3.0,308,1197553,25.7191
52,Corrientes,2023,24.4476,45.3667,70.5714,1.3333,630,1197553,52.6073
1,Corrientes,2024,25.819,15.9667,73.2857,0.6667,692,1197553,57.7845
2,Corrientes,2024,24.6476,68.6667,82.9524,3.6667,621,1197553,51.8557
3,Corrientes,2024,26.1762,25.9,81.0,1.6667,725,1197553,60.5401
4,Corrientes,2024,24.3524,0.0,66.9048,0.0,619,1197553,51.6887
5,Corrientes,2024,28.7095,0.2333,60.9048,0.0,594,1197553,49.6011
6,Corrientes,2024,30.5857,6.9667,67.2857,0.6667,636,1197553,53.1083
7,Corrientes,2024,24.819,20.4,73.9524,1.0,545,1197553,45.5095
8,Corrientes,2024,27.4619,15.9,71.0476,1.6667,494,1197553,41.2508
9,Corrientes,2024,26.5619,179.9667,84.6667,5.0,562,1197553,46.929
10,Corrientes,2024,24.4286,44.9333,77.1429,1.6667,592,1197553,49.4341
11,Corrientes,2024,27.4952,170.7333,78.5238,2.6667,589,1197553,49.1836
12,Corrientes,2024,23.9048,48.8667,81.1429,1.3333,634,1197553,52.9413
13,Corrientes,2024,24.5095,2.5,76.4762,0.3333,567,1197553,47.3465
14,Corrientes,2024,23.0429,113.9333,85.2857,2.3333,589,1197553,49.1836
15,Corrientes,2024,21.5762,101.7333,89.0476,3.3333,602,1197553,50.2692
16,Corrientes,2024,20.9048,36.9667,80.0476,1.6667,564,1197553,47.096
17,Corrientes,2024,22.0619,76.5333,83.619,3.6667,432,1197553,36.0736
18,Corrientes,2024,21.0476,25.4,89.9048,3.0,251,1197553,20.9594
19,Corrientes,2024,19.8286,14.8333,82.2381,3.0,240,1197553,20.0409
20,Corrientes,2024,11.9143,0.0,78.1905,0.0,135,1197553,11.273
21,Corrientes,2024,12.7095,25.7333,84.4762,2.6667,45,1197553,3.7577
22,Corrientes,2024,14.0381,0.0333,83.7619,0.0,14,1197553,1.1691
23,Corrientes,2024,18.6952,0.0,78.381,0.0,22,1197553,1.8371
24,Corrientes,2024,22.1048,9.6333,77.7619,1.0,31,1197553,2.5886
25,Corrientes,2024,20.2286,4.9,86.8571,1.0,12,1197553,1.002
26,Corrientes,2024,10.6286,0.0,74.2857,0.0,5,1197553,0.4175
27,Corrientes,2024,11.8952,0.0,68.4762,0.0,1,1197553,0.0835
28,Corrientes,2024,7.1333,0.3667,78.1429,0.0,0,1197553,0.0
29,Corrientes,2024,15.8762,0.0,82.0952,0.0,0,1197553,0.0
30,Corrientes,2024,18.5714,5.9333,78.9524,0.3333,0,1197553,0.0
31,Corrientes,2024,18.3238,0.4667,68.0476,0.0,0,1197553,0.0
32,Corrientes,2024,13.8238,40.4,76.2381,2.3333,0,1197553,0.0
33,Corrientes,2024,15.119,1.6667,69.8571,0.3333,0,1197553,0.0
34,Corrientes,2024,13.3143,76.4,84.1905,2.3333,0,1197553,0.0
35,Corrientes,2024,14.5476,2.0,75.2381,0.6667,0,1197553,0.0
36,Corrientes,2024,16.3524,12.3333,75.8571,1.3333,0,1197553,0.0
37,Corrientes,2024,17.419,6.6667,82.381,0.3333,0,1197553,0.0
38,Corrientes,2024,22.281,9.5,70.619,0.6667,0,1197553,0.0
39,Corrientes,2024,20.7857,61.7667,82.7619,2.0,0,1197553,0.0
40,Corrientes,2024,21.3286,16.2333,65.3333,2.0,0,1197553,0.0
41,Corrientes,2024,20.2429,19.6667,80.5238,1.3333,0,1197553,0.0
42,Corrientes,2024,22.2524,21.6667,76.1905,2.6667,0,1197553,0.0
43,Corrientes,2024,23.781,27.0333,68.6667,1.3333,0,1197553,0.0
44,Corrientes,2024,24.219,31.8333,72.9524,1.3333,0,1197553,0.0
45,Corrientes,2024,23.6905,20.9667,71.3333,1.6667,0,1197553,0.0
46,Corrientes,2024,23.1143,26.4333,64.4762,1.6667,0,1197553,0.0
47,Corrientes,2024,23.4238,56.9333,78.2857,2.3333,0,1197553,0.0
48,Corrientes,2024,25.1143,134.0,82.8571,5.0,0,1197553,0.0
49,Corrientes,2024,22.6952,19.3333,67.4762,1.3333,0,1197553,0.0
50,Corrientes,2024,23.6714,30.0,71.5714,2.3333,0,1197553,0.0
51,Corrientes,2024,24.281,6.1667,68.8095,0.6667,0,1197553,0.0
52,Corrientes,2024,23.019,3.0,63.3333,0.3333,0,1197553,0.0
1,Corrientes,2025,26.7143,0.0,55.7143,0.0,0,1197553,0.0
2,Corrientes,2025,26.7238,0.0,51.0952,0.0,0,1197553,0.0
3,Corrientes,2025,28.5857,5.7667,57.0476,0.6667,0,1197553,0.0
4,Corrientes,2025,27.1714,16.5,67.381,1.0,0,1197553,0.0
5,Corrientes,2025,26.9381,29.8333,67.4286,2.0,3,1197553,0.2505
6,Corrientes,2025,30.6143,2.0333,57.0952,0.6667,0,1197553,0.0
7,Corrientes,2025,29.1905,44.9667,65.5714,1.6667,0,1197553,0.0
8,Corrientes,2025,26.7238,7.8667,75.0,1.3333,1,1197553,0.0835
9,Corrientes,2025,29.0714,8.7,70.9524,1.0,6,1197553,0.501
10,Corrientes,2025,29.7714,10.3333,62.381,1.6667,4,1197553,0.334
11,Corrientes,2025,22.1095,0.4333,60.381,0.0,6,1197553,0.501
12,Corrientes,2025,25.1762,18.5,61.6667,2.0,3,1197553,0.2505
13,Corrientes,2025,24.4857,62.7333,82.1429,3.6667,1,1197553,0.0835
14,Corrientes,2025,18.2571,43.7333,78.1429,2.0,5,1197553,0.4175
15,Corrientes,2025,19.9476,30.4667,82.1429,1.0,0,1197553,0.0
16,Corrientes,2025,19.9333,1.0,69.0476,0.3333,16,1197553,1.3361
17,Corrientes,2025,20.1667,3.5,74.7619,0.6667,0,1197553,0.0
18,Corrientes,2025,18.3476,2.7,72.2857,0.6667,5,1197553,0.4175
19,Corrientes,2025,20.9762,143.7,85.8571,3.6667,0,1197553,0.0
20,Corrientes,2025,20.8714,28.2667,80.5238,1.6667,0,1197553,0.0
21,Corrientes,2025,16.981,71.6667,84.1429,2.3333,4,1197553,0.334
22,Corrientes,2025,12.6,96.0,84.619,2.3333,0,1197553,0.0
23,Corrientes,2025,14.2048,4.1667,86.3333,0.3333,0,1197553,0.0
24,Corrientes,2025,12.2238,45.6,83.0476,2.0,0,1197553,0.0
25,Corrientes,2025,14.3762,60.7,93.0476,3.3333,0,1197553,0.0
26,Corrientes,2025,9.7048,0.0,72.381,0.0,0,1197553,0.0
27,Corrientes,2025,9.3381,0.0,77.1429,0.0,0,1197553,0.0
28,Corrientes,2025,14.3095,1.2,83.1429,0.3333,0,1197553,0.0
29,Corrientes,2025,14.319,8.6333,81.8095,0.6667,0,1197553,0.0
30,Corrientes,2025,15.881,66.7667,85.2381,2.3333,0,1197553,0.0
31,Corrientes,2025,16.4571,3.0,72.5714,0.3333,0,1197553,0.0
32,Corrientes,2025,12.0571,2.1667,75.0476,0.6667,0,1197553,0.0
33,Corrientes,2025,13.3762,1.6667,77.4762,0.3333,0,1197553,0.0
34,Corrientes,2025,16.1619,42.9,77.2857,3.3333,0,1197553,0.0
35,Corrientes,2025,17.8714,18.1667,70.9524,0.6667,0,1197553,0.0
36,Corrientes,2025,14.3381,21.3333,78.0476,2.6667,0,1197553,0.0
37,Corrientes,2025,17.7667,24.8333,76.2381,2.0,0,1197553,0.0
38,Corrientes,2025,20.9619,85.0667,83.7619,3.3333,0,1197553,0.0
39,Corrientes,2025,17.7238,24.8333,69.9524,1.3333,0,1197553,0.0
40,Corrientes,2025,22.3476,28.6667,79.9524,1.6667,0,1197553,0.0
41,Corrientes,2025,19.3619,11.0,67.9048,0.3333,0,1197553,0.0
42,Corrientes,2025,20.8381,43.9,67.4286,1.6667,0,1197553,0.0
1,Córdoba,2018,24.325,0.8,57.7143,0.25,0,3978984,0.0
2,Córdoba,2018,25.2411,36.4375,62.6429,2.375,0,3978984,0.0
3,Córdoba,2018,22.8768,26.3,67.8393,1.625,0,3978984,0.0
4,Córdoba,2018,23.0821,15.375,69.7143,1.375,0,3978984,0.0
5,Córdoba,2018,25.9125,6.2875,62.0714,0.5,0,3978984,0.0
6,Córdoba,2018,23.8,34.1125,66.0714,2.125,0,3978984,0.0
7,Córdoba,2018,23.2107,1.25,62.6964,0.25,0,3978984,0.0
8,Córdoba,2018,21.5964,14.975,67.8036,1.625,0,3978984,0.0
9,Córdoba,2018,23.475,7.0375,69.1964,0.75,0,3978984,0.0
10,Córdoba,2018,21.9857,1.2,60.2857,0.375,1,3978984,0.0251
11,Córdoba,2018,20.8679,5.625,53.7321,0.125,0,3978984,0.0
12,Córdoba,2018,18.2893,4.7125,55.2857,0.625,7,3978984,0.1759
13,Córdoba,2018,20.1464,15.025,60.7679,1.25,5,3978984,0.1257
14,Córdoba,2018,18.7446,26.7625,79.9286,2.25,0,3978984,0.0
15,Córdoba,2018,19.5571,1.7625,70.8214,0.5,1,3978984,0.0251
16,Córdoba,2018,22.8964,17.25,74.1071,0.75,2,3978984,0.0503
17,Córdoba,2018,20.9696,6.7375,80.1429,1.0,1,3978984,0.0251
18,Córdoba,2018,16.9286,30.1,94.1071,4.25,0,3978984,0.0
19,Córdoba,2018,16.6268,72.7625,84.6429,3.0,0,3978984,0.0
20,Córdoba,2018,13.0857,0.0,73.1964,0.0,0,3978984,0.0
21,Córdoba,2018,12.2036,0.0,73.0179,0.0,1,3978984,0.0251
22,Córdoba,2018,11.1714,5.925,79.1786,0.75,0,3978984,0.0
23,Córdoba,2018,8.9464,0.0,72.2143,0.0,0,3978984,0.0
24,Córdoba,2018,5.9214,3.75,71.5,0.375,0,3978984,0.0
25,Córdoba,2018,10.3018,0.0,61.5536,0.0,0,3978984,0.0
26,Córdoba,2018,11.6821,0.5125,72.1071,0.25,0,3978984,0.0
27,Córdoba,2018,7.4661,0.6875,80.3929,0.125,0,3978984,0.0
1,Córdoba,2019,24.6214,42.15,70.8214,2.25,0,3978984,0.0
2,Córdoba,2019,21.0589,29.925,78.4643,2.25,0,3978984,0.0
3,Córdoba,2019,20.4018,33.375,77.7321,2.375,0,3978984,0.0
4,Córdoba,2019,26.1554,64.8,79.2143,1.75,0,3978984,0.0
5,Córdoba,2019,25.0125,21.9625,78.8036,1.25,0,3978984,0.0
6,Córdoba,2019,23.5714,27.4125,72.3214,1.125,0,3978984,0.0
7,Córdoba,2019,20.1411,3.275,74.7321,0.125,0,3978984,0.0
8,Córdoba,2019,26.2036,14.5375,71.1071,1.125,0,3978984,0.0
9,Córdoba,2019,21.5321,61.375,68.4107,1.25,1,3978984,0.0251
10,Córdoba,2019,20.225,9.75,81.3929,1.5,0,3978984,0.0
11,Córdoba,2019,18.8929,39.775,83.8929,2.375,0,3978984,0.0
12,Córdoba,2019,17.0946,0.625,75.6786,0.125,0,3978984,0.0
13,Córdoba,2019,18.3786,47.6625,81.5714,2.5,0,3978984,0.0
14,Córdoba,2019,19.2018,6.775,72.6964,0.875,0,3978984,0.0
15,Córdoba,2019,18.6857,4.75,69.3929,0.5,0,3978984,0.0
16,Córdoba,2019,18.4536,16.15,78.3393,1.75,0,3978984,0.0
17,Córdoba,2019,14.9321,46.1,88.1607,3.375,1,3978984,0.0251
18,Córdoba,2019,16.9161,9.6,78.2679,2.0,0,3978984,0.0
19,Córdoba,2019,15.0589,8.7625,79.9464,1.625,1,3978984,0.0251
20,Córdoba,2019,13.9839,0.0,75.1429,0.0,0,3978984,0.0
21,Córdoba,2019,10.7893,9.7125,79.1071,1.25,0,3978984,0.0
22,Córdoba,2019,11.0286,2.9,86.9286,0.25,0,3978984,0.0
23,Córdoba,2019,12.4643,0.0,73.2143,0.0,0,3978984,0.0
24,Córdoba,2019,12.1107,8.25,87.5893,1.5,0,3978984,0.0
25,Córdoba,2019,11.5804,1.65,73.5714,0.125,0,3978984,0.0
26,Córdoba,2019,9.2321,0.025,66.6786,0.0,0,3978984,0.0
27,Córdoba,2019,6.4554,0.0,66.7321,0.0,0,3978984,0.0
28,Córdoba,2019,11.2518,0.0,73.0,0.0,0,3978984,0.0
29,Córdoba,2019,12.4643,0.0,68.2321,0.0,0,3978984,0.0
30,Córdoba,2019,8.4036,7.0625,67.0714,0.5,0,3978984,0.0
31,Córdoba,2019,10.525,0.0,59.2857,0.0,0,3978984,0.0
32,Córdoba,2019,10.9786,0.0125,50.2321,0.0,0,3978984,0.0
33,Córdoba,2019,9.5464,0.0,60.0536,0.0,0,3978984,0.0
34,Córdoba,2019,11.1625,0.0,66.0536,0.0,0,3978984,0.0
35,Córdoba,2019,16.1196,0.0,58.6607,0.0,0,3978984,0.0
36,Córdoba,2019,10.0446,2.3125,55.1607,0.75,0,3978984,0.0
37,Córdoba,2019,13.1286,5.0625,70.3929,1.25,0,3978984,0.0
38,Córdoba,2019,14.4196,0.0,38.8393,0.0,0,3978984,0.0
39,Córdoba,2019,20.5911,0.0,45.9643,0.0,0,3978984,0.0
40,Córdoba,2019,14.8929,3.4,54.8214,0.625,0,3978984,0.0
41,Córdoba,2019,22.8321,22.8625,56.1786,1.625,0,3978984,0.0
42,Córdoba,2019,14.3,10.0625,75.0,1.875,0,3978984,0.0
43,Córdoba,2019,20.4411,15.375,61.4107,1.125,0,3978984,0.0
44,Córdoba,2019,20.4268,1.7625,60.1429,0.25,0,3978984,0.0
45,Córdoba,2019,22.2768,22.1875,61.5893,2.25,0,3978984,0.0
46,Córdoba,2019,24.7214,32.825,60.9643,2.125,0,3978984,0.0
47,Córdoba,2019,23.975,37.2875,64.6607,2.375,0,3978984,0.0
48,Córdoba,2019,21.8804,13.1125,56.375,1.0,0,3978984,0.0
49,Córdoba,2019,21.7607,21.7125,55.6964,2.625,0,3978984,0.0
50,Córdoba,2019,24.9125,24.0125,50.6786,1.75,0,3978984,0.0
51,Córdoba,2019,23.7,27.8625,52.8571,0.75,0,3978984,0.0
52,Córdoba,2019,25.0125,69.5,63.3571,2.125,0,3978984,0.0
1,Córdoba,2020,24.7054,18.125,68.2857,1.25,0,3978984,0.0
2,Córdoba,2020,24.0607,32.8375,65.6071,2.375,0,3978984,0.0
3,Córdoba,2020,24.9768,23.55,64.0893,1.125,0,3978984,0.0
4,Córdoba,2020,26.1589,15.9375,68.9464,1.0,2,3978984,0.0503
5,Córdoba,2020,23.3929,7.35,62.9821,1.0,10,3978984,0.2513
6,Córdoba,2020,23.8286,124.7625,79.125,4.25,13,3978984,0.3267
7,Córdoba,2020,23.1179,24.65,76.1786,0.75,35,3978984,0.8796
8,Córdoba,2020,19.9804,13.1,67.9107,0.875,107,3978984,2.6891
9,Córdoba,2020,22.1607,10.0,66.0179,0.625,77,3978984,1.9352
10,Córdoba,2020,24.4661,0.0,63.8036,0.0,149,3978984,3.7447
11,Córdoba,2020,23.0857,26.9,76.7321,2.75,318,3978984,7.992
12,Córdoba,2020,20.7304,17.2875,74.4821,1.5,396,3978984,9.9523
13,Córdoba,2020,21.65,53.275,79.0893,2.0,488,3978984,12.2644
14,Córdoba,2020,19.85,11.2,74.6429,1.375,490,3978984,12.3147
15,Córdoba,2020,16.3964,10.875,61.5,1.0,424,3978984,10.656
16,Córdoba,2020,16.8232,0.0,65.8393,0.0,323,3978984,8.1177
17,Córdoba,2020,20.3482,19.4875,71.875,1.5,260,3978984,6.5343
18,Córdoba,2020,16.8161,8.5375,71.3929,0.375,186,3978984,4.6746
19,Córdoba,2020,13.8304,0.0,64.5357,0.0,143,3978984,3.5939
20,Córdoba,2020,14.4143,0.0,56.875,0.0,106,3978984,2.664
21,Córdoba,2020,13.475,0.375,61.2679,0.125,53,3978984,1.332
22,Córdoba,2020,12.3036,0.0,60.8393,0.0,18,3978984,0.4524
23,Córdoba,2020,9.0768,0.875,68.5893,0.125,4,3978984,0.1005
24,Córdoba,2020,11.2464,0.0,66.4821,0.0,1,3978984,0.0251
25,Córdoba,2020,12.2661,0.0125,65.0179,0.0,3,3978984,0.0754
26,Córdoba,2020,8.1143,0.1375,66.1071,0.0,0,3978984,0.0
27,Córdoba,2020,7.8732,0.0,69.8929,0.0,1,3978984,0.0251
28,Córdoba,2020,6.8071,0.0,65.875,0.0,0,3978984,0.0
29,Córdoba,2020,9.2429,0.0625,68.9286,0.0,0,3978984,0.0
30,Córdoba,2020,9.1429,0.275,68.0179,0.0,0,3978984,0.0
31,Córdoba,2020,10.225,0.0,50.2143,0.0,0,3978984,0.0
32,Córdoba,2020,16.5411,0.125,57.5714,0.0,0,3978984,0.0
33,Córdoba,2020,9.7696,0.0,38.625,0.0,0,3978984,0.0
34,Córdoba,2020,9.5732,0.0,38.1429,0.0,0,3978984,0.0
35,Córdoba,2020,14.5946,0.4125,56.125,0.125,0,3978984,0.0
36,Córdoba,2020,10.4929,8.625,69.6964,0.875,0,3978984,0.0
37,Córdoba,2020,15.3286,0.275,53.7857,0.0,0,3978984,0.0
38,Córdoba,2020,14.9625,0.0,36.8393,0.0,0,3978984,0.0
39,Córdoba,2020,18.6946,5.275,47.25,0.25,0,3978984,0.0
40,Córdoba,2020,16.9054,0.0125,42.9107,0.0,0,3978984,0.0
41,Córdoba,2020,18.1339,0.0,41.3393,0.0,0,3978984,0.0
42,Córdoba,2020,23.3929,5.5,46.7679,0.625,0,3978984,0.0
43,Córdoba,2020,18.4946,42.025,78.6786,2.875,0,3978984,0.0
44,Córdoba,2020,18.0036,1.5,47.375,0.375,0,3978984,0.0
45,Córdoba,2020,22.3714,1.65,45.7321,0.375,0,3978984,0.0
46,Córdoba,2020,21.9607,40.0625,62.0893,2.75,0,3978984,0.0
47,Córdoba,2020,22.2357,4.65,53.5893,0.875,0,3978984,0.0
48,Córdoba,2020,25.0018,20.45,55.3571,2.125,0,3978984,0.0
49,Córdoba,2020,20.5036,28.5,58.7143,2.0,0,3978984,0.0
50,Córdoba,2020,24.8821,4.375,46.2679,0.75,0,3978984,0.0
51,Córdoba,2020,23.5339,24.7125,47.1786,1.375,1,3978984,0.0251
52,Córdoba,2020,26.0464,15.4,51.4286,1.25,0,3978984,0.0
53,Córdoba,2020,23.2339,40.0375,63.1607,3.25,0,3978984,0.0
1,Córdoba,2021,23.3143,33.5625,64.1429,2.125,0,3978984,0.0
2,Córdoba,2021,21.9875,39.025,69.8929,3.0,0,3978984,0.0
3,Córdoba,2021,25.1482,1.5,58.8929,0.25,0,3978984,0.0
4,Córdoba,2021,22.9321,110.125,76.8571,5.0,0,3978984,0.0
5,Córdoba,2021,21.0911,13.5625,73.8036,1.75,0,3978984,0.0
6,Córdoba,2021,21.2357,17.75,78.25,1.375,0,3978984,0.0
7,Córdoba,2021,22.1429,16.45,71.125,1.5,0,3978984,0.0
8,Córdoba,2021,23.5411,16.825,70.6786,1.75,0,3978984,0.0
9,Córdoba,2021,24.0018,6.125,76.0357,0.625,0,3978984,0.0
10,Córdoba,2021,22.6339,25.5875,72.7321,2.5,0,3978984,0.0
11,Córdoba,2021,17.9571,45.4375,78.3571,1.75,2,3978984,0.0503
12,Córdoba,2021,18.4179,35.625,76.8036,1.75,0,3978984,0.0
13,Córdoba,2021,18.9643,0.0,70.9821,0.0,0,3978984,0.0
14,Córdoba,2021,19.9518,68.175,81.8036,3.125,0,3978984,0.0
15,Córdoba,2021,19.2429,0.0,74.0714,0.0,1,3978984,0.0251
16,Córdoba,2021,18.575,17.7375,76.7143,1.125,1,3978984,0.0251
17,Córdoba,2021,16.3875,0.0,68.3571,0.0,1,3978984,0.0251
18,Córdoba,2021,11.9893,8.0,72.6964,1.0,4,3978984,0.1005
19,Córdoba,2021,11.9143,0.0,68.3214,0.0,0,3978984,0.0
20,Córdoba,2021,13.5036,19.55,74.5536,1.5,0,3978984,0.0
21,Córdoba,2021,12.4375,0.0,59.6607,0.0,0,3978984,0.0
22,Córdoba,2021,13.8571,0.0375,63.4405,0.0,0,3978984,0.0
23,Córdoba,2021,12.9357,0.0,72.6429,0.0,0,3978984,0.0
24,Córdoba,2021,6.675,7.175,77.375,1.375,0,3978984,0.0
25,Córdoba,2021,9.2679,0.725,74.6429,0.25,0,3978984,0.0
26,Córdoba,2021,6.7321,0.0,56.9286,0.0,0,3978984,0.0
27,Córdoba,2021,13.2964,0.5625,64.7143,0.125,0,3978984,0.0
28,Córdoba,2021,9.8018,1.6,58.0893,0.5,0,3978984,0.0
29,Córdoba,2021,11.5875,0.0,53.8571,0.0,0,3978984,0.0
30,Córdoba,2021,7.2768,0.0,49.75,0.0,0,3978984,0.0
1,Córdoba,2022,26.0357,5.625,50.2143,0.75,0,3978984,0.0
2,Córdoba,2022,31.4375,14.5,40.3036,0.875,0,3978984,0.0
3,Córdoba,2022,23.1875,87.425,78.6964,2.875,0,3978984,0.0
4,Córdoba,2022,23.4768,13.5125,71.3571,1.25,0,3978984,0.0
5,Córdoba,2022,22.6554,16.9,67.9286,1.375,0,3978984,0.0
6,Córdoba,2022,20.8804,24.6875,65.3571,1.875,0,3978984,0.0
7,Córdoba,2022,23.2518,23.5,67.8929,2.0,0,3978984,0.0
8,Córdoba,2022,22.6643,21.9625,76.8393,2.25,0,3978984,0.0
9,Córdoba,2022,22.7643,36.9125,74.3571,2.875,0,3978984,0.0
10,Córdoba,2022,19.7286,9.5125,72.75,0.625,0,3978984,0.0
11,Córdoba,2022,20.0964,24.625,67.8214,1.125,0,3978984,0.0
12,Córdoba,2022,18.5732,8.95,64.875,0.625,0,3978984,0.0
13,Córdoba,2022,16.5643,0.0,55.0179,0.0,1,3978984,0.0251
14,Córdoba,2022,20.0482,10.6,68.8929,0.625,0,3978984,0.0
15,Córdoba,2022,15.3714,2.95,68.2679,0.5,0,3978984,0.0
16,Córdoba,2022,17.3732,9.55,67.875,1.125,1,3978984,0.0251
17,Córdoba,2022,14.8911,3.6125,58.5536,0.375,1,3978984,0.0251
18,Córdoba,2022,14.5143,0.375,65.25,0.125,0,3978984,0.0
19,Córdoba,2022,14.7732,8.75,73.5893,0.75,0,3978984,0.0
20,Córdoba,2022,9.5679,0.0,65.3036,0.0,0,3978984,0.0
21,Córdoba,2022,11.5071,0.0375,70.8571,0.0,1,3978984,0.0251
22,Córdoba,2022,7.8179,0.0,62.9464,0.0,0,3978984,0.0
23,Córdoba,2022,9.9357,0.0,66.3214,0.0,0,3978984,0.0
24,Córdoba,2022,9.9982,0.0,54.3393,0.0,0,3978984,0.0
25,Córdoba,2022,6.8839,0.525,70.1786,0.125,0,3978984,0.0
26,Córdoba,2022,10.2232,3.3125,63.0,0.5,0,3978984,0.0
27,Córdoba,2022,10.55,0.25,54.8571,0.125,0,3978984,0.0
28,Córdoba,2022,7.9857,0.3375,62.4286,0.0,0,3978984,0.0
29,Córdoba,2022,12.2214,0.0625,66.875,0.0,0,3978984,0.0
30,Córdoba,2022,13.3607,0.2375,67.2321,0.0,0,3978984,0.0
31,Córdoba,2022,11.8268,9.65,65.4643,1.375,0,3978984,0.0
32,Córdoba,2022,11.7357,4.85,69.25,0.375,0,3978984,0.0
33,Córdoba,2022,10.4161,0.0,42.9464,0.0,0,3978984,0.0
34,Córdoba,2022,14.8,0.6625,51.8929,0.125,0,3978984,0.0
35,Córdoba,2022,12.75,0.625,41.8393,0.125,0,3978984,0.0
36,Córdoba,2022,14.3143,0.0,35.7679,0.0,0,3978984,0.0
37,Córdoba,2022,16.6321,4.8125,41.5357,0.5,0,3978984,0.0
38,Córdoba,2022,12.6161,5.5375,60.1964,1.375,0,3978984,0.0
39,Córdoba,2022,16.2696,4.3625,55.7321,1.0,0,3978984,0.0
40,Córdoba,2022,17.1018,10.1875,45.5,1.125,1,3978984,0.0251
41,Córdoba,2022,15.2054,3.6875,43.8571,0.25,0,3978984,0.0
42,Córdoba,2022,17.1054,10.3,64.6786,1.25,0,3978984,0.0
43,Córdoba,2022,22.8018,24.0125,46.6607,1.0,0,3978984,0.0
44,Córdoba,2022,18.5786,0.0,37.6071,0.0,0,3978984,0.0
45,Córdoba,2022,21.5196,38.125,55.8036,2.625,0,3978984,0.0
46,Córdoba,2022,25.1375,19.0875,46.75,1.75,0,3978984,0.0
47,Córdoba,2022,25.8143,0.0,41.8036,0.0,0,3978984,0.0
48,Córdoba,2022,25.125,8.8,49.625,0.75,2,3978984,0.0503
49,Córdoba,2022,29.3982,25.2625,48.6607,1.375,0,3978984,0.0
50,Córdoba,2022,24.5375,5.6625,42.1607,0.75,1,3978984,0.0251
1,Córdoba,2023,25.9125,1.1625,45.5536,0.125,2,3978984,0.0503
2,Córdoba,2023,24.8536,23.7125,55.7143,2.25,2,3978984,0.0503
3,Córdoba,2023,26.5143,31.4125,62.875,2.125,0,3978984,0.0
4,Córdoba,2023,24.6143,54.9125,73.0536,2.75,2,3978984,0.0503
5,Córdoba,2023,23.9661,21.2375,71.0179,1.125,3,3978984,0.0754
6,Córdoba,2023,27.3464,10.8,57.9464,0.75,0,3978984,0.0
7,Córdoba,2023,20.1143,7.875,57.3393,0.875,9,3978984,0.2262
8,Córdoba,2023,22.6875,10.3625,62.9464,1.0,11,3978984,0.2765
9,Córdoba,2023,26.3429,2.15,58.7857,0.375,24,3978984,0.6032
10,Córdoba,2023,26.6911,11.25,60.125,0.875,116,3978984,2.9153
11,Córdoba,2023,26.0286,27.875,67.5714,1.5,305,3978984,7.6653
12,Córdoba,2023,21.1732,67.7125,85.3036,3.625,687,3978984,17.2657
13,Córdoba,2023,20.0589,2.2,66.9821,0.5,1109,3978984,27.8714
14,Córdoba,2023,20.7571,5.4,75.8929,0.75,1280,3978984,32.169
15,Córdoba,2023,17.3036,9.025,72.8393,1.0,1341,3978984,33.7021
16,Córdoba,2023,16.0036,5.525,65.7679,1.0,1083,3978984,27.218
17,Córdoba,2023,18.7643,0.4375,71.1607,0.125,692,3978984,17.3914
18,Córdoba,2023,14.2089,12.6,63.3214,1.5,455,3978984,11.4351
19,Córdoba,2023,16.0625,0.0,70.9107,0.0,273,3978984,6.861
20,Córdoba,2023,16.7268,7.8,74.0893,1.0,205,3978984,5.1521
21,Córdoba,2023,16.1054,5.15,79.4286,0.75,128,3978984,3.2169
22,Córdoba,2023,14.8875,2.4,75.7143,0.125,113,3978984,2.8399
23,Córdoba,2023,14.5286,0.0,67.0893,0.0,85,3978984,2.1362
24,Córdoba,2023,6.0393,0.0,64.9821,0.0,65,3978984,1.6336
25,Córdoba,2023,11.2,2.025,82.2143,0.25,2,3978984,0.0503
26,Córdoba,2023,12.625,0.0,66.0179,0.0,6,3978984,0.1508
27,Córdoba,2023,15.1893,4.225,76.4107,0.875,5,3978984,0.1257
28,Córdoba,2023,7.6982,12.1625,84.8929,1.875,2,3978984,0.0503
29,Córdoba,2023,10.5982,0.0,62.8036,0.0,4,3978984,0.1005
30,Córdoba,2023,11.1357,0.0,62.875,0.0,0,3978984,0.0
31,Córdoba,2023,16.1,0.0,58.2143,0.0,0,3978984,0.0
32,Córdoba,2023,11.0429,0.0,51.8929,0.0,1,3978984,0.0251
33,Córdoba,2023,14.6679,0.55,55.8393,0.25,0,3978984,0.0
34,Córdoba,2023,12.4054,0.75,59.5,0.25,0,3978984,0.0
35,Córdoba,2023,14.1661,11.65,52.1964,0.875,1,3978984,0.0251
36,Córdoba,2023,13.1232,1.0,63.0,0.375,1,3978984,0.0251
37,Córdoba,2023,17.1321,0.0,38.0,0.0,0,3978984,0.0
38,Córdoba,2023,16.8357,0.6,61.4464,0.25,1,3978984,0.0251
39,Córdoba,2023,16.4768,0.4125,43.8571,0.125,5,3978984,0.1257
40,Córdoba,2023,18.1857,2.825,43.4821,0.375,0,3978984,0.0
41,Córdoba,2023,18.8786,0.4375,36.5714,0.125,1,3978984,0.0251
42,Córdoba,2023,20.9232,22.4875,53.0893,1.5,0,3978984,0.0
43,Córdoba,2023,20.2321,20.8,70.3393,2.75,1,3978984,0.0251
44,Córdoba,2023,15.2429,23.35,63.4107,1.375,3,3978984,0.0754
45,Córdoba,2023,22.8643,5.375,44.6786,0.625,2,3978984,0.0503
46,Córdoba,2023,20.9411,14.075,48.9821,1.25,4,3978984,0.1005
47,Córdoba,2023,24.6464,7.3125,47.875,0.5,3,3978984,0.0754
48,Córdoba,2023,23.4411,42.075,66.25,2.875,5,3978984,0.1257
49,Córdoba,2023,20.3946,13.0625,65.8214,1.875,3,3978984,0.0754
50,Córdoba,2023,26.0857,50.2625,68.4464,2.5,3,3978984,0.0754
51,Córdoba,2023,21.4357,27.7,77.7679,3.0,16,3978984,0.4021
52,Córdoba,2023,24.9589,27.5625,56.75,1.25,19,3978984,0.4775
1,Córdoba,2024,24.9125,75.0625,68.0714,2.125,76,3978984,1.91
2,Córdoba,2024,23.7089,44.375,75.0,2.25,95,3978984,2.3875
3,Córdoba,2024,23.3268,19.8125,67.9286,1.0,115,3978984,2.8902
4,Córdoba,2024,24.0393,0.0,58.2857,0.0,140,3978984,3.5185
5,Córdoba,2024,27.1286,8.775,56.0714,0.625,177,3978984,4.4484
6,Córdoba,2024,26.6696,78.1375,73.625,2.375,708,3978984,17.7935
7,Córdoba,2024,21.5679,14.8625,75.1071,1.0,1413,3978984,35.5116
8,Córdoba,2024,22.9339,62.0125,76.8929,2.75,1962,3978984,49.3091
9,Córdoba,2024,23.8232,13.4125,81.9286,1.375,3296,3978984,82.8352
10,Córdoba,2024,22.8214,6.55,75.1786,0.5,4307,3978984,108.2437
11,Córdoba,2024,24.6857,20.225,84.4286,2.375,9256,3978984,232.6222
12,Córdoba,2024,22.0571,3.0,68.6071,0.5,18251,3978984,458.6849
13,Córdoba,2024,23.3286,14.0125,68.9643,0.625,20134,3978984,506.0086
14,Córdoba,2024,18.6393,31.375,74.7857,1.375,22364,3978984,562.053
15,Córdoba,2024,15.1679,69.1375,88.5357,4.875,9740,3978984,244.7861
16,Córdoba,2024,18.7661,4.1625,70.7857,0.625,4408,3978984,110.782
17,Córdoba,2024,15.6786,5.4625,77.1607,0.875,3726,3978984,93.642
18,Córdoba,2024,14.725,0.425,75.0536,0.125,2048,3978984,51.4704
19,Córdoba,2024,11.7071,4.6,72.4464,0.625,1087,3978984,27.3185
20,Córdoba,2024,7.6929,0.0,71.1429,0.0,421,3978984,10.5806
21,Córdoba,2024,8.4179,3.625,77.125,0.5,162,3978984,4.0714
22,Córdoba,2024,8.9607,0.0,71.6964,0.0,15,3978984,0.377
23,Córdoba,2024,13.4089,0.0,74.4286,0.0,4,3978984,0.1005
24,Córdoba,2024,15.2304,0.1,68.5893,0.0,4,3978984,0.1005
25,Córdoba,2024,12.7375,1.0875,80.0357,0.25,1,3978984,0.0251
26,Córdoba,2024,8.3893,0.0,57.9821,0.0,1,3978984,0.0251
27,Córdoba,2024,7.2643,0.0,53.6964,0.0,0,3978984,0.0
28,Córdoba,2024,3.3089,0.0,63.4107,0.0,0,3978984,0.0
29,Córdoba,2024,9.1286,2.4,75.1786,0.5,0,3978984,0.0
30,Córdoba,2024,11.5911,0.0,63.6964,0.0,1,3978984,0.0251
31,Córdoba,2024,13.5732,3.125,59.1429,0.25,0,3978984,0.0
32,Córdoba,2024,9.2107,0.025,54.6964,0.0,0,3978984,0.0
33,Córdoba,2024,12.1,0.0,54.0,0.0,0,3978984,0.0
34,Córdoba,2024,8.0482,2.425,75.4821,0.625,0,3978984,0.0
35,Córdoba,2024,11.75,1.9875,60.8214,0.25,1,3978984,0.0251
36,Córdoba,2024,16.2518,0.0,41.0357,0.0,0,3978984,0.0
37,Córdoba,2024,16.4143,0.075,46.1607,0.0,0,3978984,0.0
38,Córdoba,2024,21.2643,0.25,42.8929,0.125,0,3978984,0.0
39,Córdoba,2024,18.9911,0.0625,43.9643,0.0,0,3978984,0.0
40,Córdoba,2024,20.8179,2.5,35.7321,0.625,0,3978984,0.0
41,Córdoba,2024,18.0446,50.8,76.9107,3.5,2,3978984,0.0503
42,Córdoba,2024,21.5696,10.5375,71.3393,1.125,0,3978984,0.0
43,Córdoba,2024,19.8357,67.625,64.0714,1.875,0,3978984,0.0
44,Córdoba,2024,23.3982,11.775,57.1786,0.875,2,3978984,0.0503
45,Córdoba,2024,22.5446,12.2875,58.875,1.75,4,3978984,0.1005
46,Córdoba,2024,23.2196,9.25,46.4464,0.375,0,3978984,0.0
47,Córdoba,2024,22.9286,39.525,64.3571,2.375,1,3978984,0.0251
48,Córdoba,2024,21.7214,60.7625,79.7321,3.25,0,3978984,0.0
49,Córdoba,2024,21.1643,5.1625,53.9107,0.5,0,3978984,0.0
50,Córdoba,2024,24.4589,18.2,53.2857,0.75,0,3978984,0.0
51,Córdoba,2024,22.8089,44.45,64.0893,2.25,2,3978984,0.0503
52,Córdoba,2024,23.6929,21.65,59.5179,1.125,0,3978984,0.0
1,Córdoba,2025,25.7696,20.5125,58.3393,1.375,1,3978984,0.0251
2,Córdoba,2025,26.2375,8.1875,56.8929,0.875,3,3978984,0.0754
3,Córdoba,2025,25.8518,36.1625,58.3214,2.25,14,3978984,0.3518
4,Córdoba,2025,25.5857,27.0,66.4286,1.5,22,3978984,0.5529
5,Córdoba,2025,26.1411,12.1625,66.75,0.75,47,3978984,1.1812
6,Córdoba,2025,27.7375,17.2875,62.6607,0.75,53,3978984,1.332
7,Córdoba,2025,25.4143,36.95,71.0714,3.125,79,3978984,1.9854
8,Córdoba,2025,26.625,0.0,63.6964,0.0,175,3978984,4.3981
9,Córdoba,2025,24.7518,87.6875,80.25,4.125,277,3978984,6.9616
10,Córdoba,2025,25.0268,64.575,71.4643,2.0,415,3978984,10.4298
11,Córdoba,2025,18.5179,43.7625,78.0714,1.75,632,3978984,15.8835
12,Córdoba,2025,22.2893,20.8,74.1607,2.5,483,3978984,12.1388
13,Córdoba,2025,19.9125,36.5,87.4286,3.375,513,3978984,12.8927
14,Córdoba,2025,13.8768,5.625,69.0,0.25,427,3978984,10.7314
15,Córdoba,2025,17.0107,9.2375,79.375,1.375,197,3978984,4.951
16,Córdoba,2025,16.9429,6.8125,75.3929,1.125,103,3978984,2.5886
17,Córdoba,2025,18.1018,6.6,69.9286,0.75,121,3978984,3.041
18,Córdoba,2025,18.5714,0.375,67.5357,0.125,85,3978984,2.1362
19,Córdoba,2025,17.8357,3.15,83.0714,0.75,71,3978984,1.7844
20,Córdoba,2025,19.1393,3.0125,72.1429,0.625,72,3978984,1.8095
21,Córdoba,2025,13.3214,0.3875,74.5536,0.0,52,3978984,1.3069
22,Córdoba,2025,9.5482,1.75,67.25,0.5,20,3978984,0.5026
23,Córdoba,2025,11.2893,0.2625,74.9821,0.0,7,3978984,0.1759
24,Córdoba,2025,10.4446,0.6,70.5536,0.125,1,3978984,0.0251
25,Córdoba,2025,9.4464,0.0375,63.8036,0.0,0,3978984,0.0
26,Córdoba,2025,6.3232,0.2,50.0357,0.0,0,3978984,0.0
27,Córdoba,2025,6.8786,0.5,61.4464,0.125,0,3978984,0.0
28,Córdoba,2025,12.6821,18.05,82.1786,1.625,1,3978984,0.0251
29,Córdoba,2025,12.3321,6.1875,63.7679,0.25,1,3978984,0.0251
30,Córdoba,2025,9.3571,12.7875,86.1964,1.5,0,3978984,0.0
31,Córdoba,2025,12.2179,0.0,73.7143,0.0,0,3978984,0.0
32,Córdoba,2025,10.1036,0.0,57.4107,0.0,0,3978984,0.0
33,Córdoba,2025,11.8339,0.275,61.875,0.0,0,3978984,0.0
34,Córdoba,2025,12.4768,18.5125,57.4286,1.625,0,3978984,0.0
35,Córdoba,2025,14.9714,75.55,59.375,1.875,0,3978984,0.0
36,Córdoba,2025,10.6286,0.0,62.5536,0.0,0,3978984,0.0
37,Córdoba,2025,16.7071,0.025,54.3929,0.0,0,3978984,0.0
38,Córdoba,2025,19.8304,3.8875,73.7143,0.25,0,3978984,0.0
39,Córdoba,2025,16.7875,21.9875,53.3036,0.875,0,3978984,0.0
40,Córdoba,2025,20.0357,21.5125,57.8393,0.625,0,3978984,0.0
41,Córdoba,2025,19.1107,0.0,40.2679,0.0,0,3978984,0.0
42,Córdoba,2025,20.5089,5.35,49.4107,0.5,0,3978984,0.0
1,Entre Ríos,2018,24.7381,2.6667,58.619,0.3333,0,1426426,0.0
2,Entre Ríos,2018,26.7,21.5667,62.5238,1.3333,0,1426426,0.0
3,Entre Ríos,2018,25.2762,2.6667,65.9048,0.6667,0,1426426,0.0
4,Entre Ríos,2018,25.6476,38.4333,62.619,1.6667,0,1426426,0.0
5,Entre Ríos,2018,26.8476,0.0,54.9048,0.0,0,1426426,0.0
6,Entre Ríos,2018,26.4429,29.5,63.7143,1.6667,0,1426426,0.0
7,Entre Ríos,2018,24.0476,1.0,58.9048,0.3333,0,1426426,0.0
8,Entre Ríos,2018,23.7238,10.7667,65.9524,0.6667,0,1426426,0.0
9,Entre Ríos,2018,25.2857,12.6667,65.8095,1.0,0,1426426,0.0
10,Entre Ríos,2018,22.5143,6.0,57.9524,0.6667,0,1426426,0.0
11,Entre Ríos,2018,22.4048,13.9333,60.9524,1.0,0,1426426,0.0
12,Entre Ríos,2018,19.9476,19.0,61.7619,0.6667,0,1426426,0.0
13,Entre Ríos,2018,21.519,0.0,69.8095,0.0,0,1426426,0.0
14,Entre Ríos,2018,21.5,28.0333,79.0952,2.0,1,1426426,0.0701
15,Entre Ríos,2018,21.9857,9.3333,70.3333,0.6667,0,1426426,0.0
16,Entre Ríos,2018,23.5524,79.6667,77.4286,2.3333,2,1426426,0.1402
17,Entre Ríos,2018,23.0714,56.0,83.9524,1.0,0,1426426,0.0
18,Entre Ríos,2018,18.9095,121.0,93.1429,5.3333,0,1426426,0.0
19,Entre Ríos,2018,18.3952,99.6667,88.8095,3.6667,0,1426426,0.0
20,Entre Ríos,2018,13.6524,5.8333,80.0476,0.3333,1,1426426,0.0701
21,Entre Ríos,2018,12.5381,0.0,78.619,0.0,0,1426426,0.0
22,Entre Ríos,2018,14.4333,29.4,80.7143,2.0,0,1426426,0.0
23,Entre Ríos,2018,11.0952,4.0,81.0476,0.3333,0,1426426,0.0
24,Entre Ríos,2018,7.8524,2.3333,82.2381,0.3333,0,1426426,0.0
25,Entre Ríos,2018,11.7381,1.3,71.6667,0.3333,0,1426426,0.0
26,Entre Ríos,2018,12.3381,14.1667,83.2857,1.0,0,1426426,0.0
27,Entre Ríos,2018,10.1952,3.7333,83.9048,0.6667,0,1426426,0.0
1,Entre Ríos,2019,25.181,81.0,71.7619,3.3333,0,1426426,0.0
2,Entre Ríos,2019,23.4667,95.4333,80.2381,2.6667,0,1426426,0.0
3,Entre Ríos,2019,22.1143,73.3,79.3333,3.0,0,1426426,0.0
4,Entre Ríos,2019,26.219,60.6667,79.2381,2.6667,0,1426426,0.0
5,Entre Ríos,2019,25.681,75.3333,78.3333,2.3333,0,1426426,0.0
6,Entre Ríos,2019,25.5143,12.3333,65.8095,0.6667,0,1426426,0.0
7,Entre Ríos,2019,22.1286,5.4,70.2381,0.6667,0,1426426,0.0
8,Entre Ríos,2019,27.2952,89.9333,70.8095,2.0,0,1426426,0.0
9,Entre Ríos,2019,21.5333,22.3333,65.5714,0.6667,0,1426426,0.0
10,Entre Ríos,2019,22.2524,56.2,78.8571,1.6667,0,1426426,0.0
11,Entre Ríos,2019,21.0381,24.9,80.8571,2.0,0,1426426,0.0
12,Entre Ríos,2019,18.9048,6.3333,73.381,1.0,0,1426426,0.0
13,Entre Ríos,2019,20.3857,9.2,76.619,1.0,0,1426426,0.0
14,Entre Ríos,2019,21.0381,3.1,77.7619,0.6667,0,1426426,0.0
15,Entre Ríos,2019,19.2048,0.0,72.8571,0.0,0,1426426,0.0
16,Entre Ríos,2019,18.8,19.6667,77.8571,1.3333,0,1426426,0.0
17,Entre Ríos,2019,17.1095,51.9,87.7619,3.3333,0,1426426,0.0
18,Entre Ríos,2019,18.3095,35.0,83.0,1.6667,0,1426426,0.0
19,Entre Ríos,2019,16.4714,30.7,83.0,1.3333,0,1426426,0.0
20,Entre Ríos,2019,16.3476,9.4,82.619,1.0,0,1426426,0.0
21,Entre Ríos,2019,14.0667,12.7333,87.7143,1.0,0,1426426,0.0
22,Entre Ríos,2019,14.1048,2.6667,87.5238,0.3333,0,1426426,0.0
23,Entre Ríos,2019,14.6095,2.0,78.4762,0.6667,0,1426426,0.0
24,Entre Ríos,2019,17.8905,96.3333,92.7619,5.3333,0,1426426,0.0
25,Entre Ríos,2019,14.881,16.7,82.8571,0.6667,0,1426426,0.0
26,Entre Ríos,2019,12.781,1.4333,78.2857,0.3333,0,1426426,0.0
27,Entre Ríos,2019,6.6857,0.0,71.9524,0.0,0,1426426,0.0
28,Entre Ríos,2019,13.3905,0.3333,78.1905,0.0,0,1426426,0.0
29,Entre Ríos,2019,14.3238,5.1,76.2381,0.6667,0,1426426,0.0
30,Entre Ríos,2019,11.0286,46.2333,84.4286,3.0,0,1426426,0.0
31,Entre Ríos,2019,11.3333,3.0,74.0952,0.6667,0,1426426,0.0
32,Entre Ríos,2019,12.4857,23.3333,78.2381,2.0,0,1426426,0.0
33,Entre Ríos,2019,11.4524,0.0,72.4762,0.0,0,1426426,0.0
34,Entre Ríos,2019,10.9952,15.0,70.7143,0.6667,0,1426426,0.0
35,Entre Ríos,2019,16.9429,22.3333,72.9524,1.0,0,1426426,0.0
36,Entre Ríos,2019,11.3857,62.7333,69.381,1.3333,0,1426426,0.0
37,Entre Ríos,2019,14.8667,12.3333,78.8095,1.0,0,1426426,0.0
38,Entre Ríos,2019,15.1238,0.0,54.619,0.0,0,1426426,0.0
39,Entre Ríos,2019,19.0714,0.0,54.9524,0.0,0,1426426,0.0
40,Entre Ríos,2019,17.0333,46.2,73.8571,2.6667,0,1426426,0.0
41,Entre Ríos,2019,22.1524,32.3,70.6667,2.6667,0,1426426,0.0
42,Entre Ríos,2019,15.3238,30.4333,80.381,3.6667,0,1426426,0.0
43,Entre Ríos,2019,19.7667,13.6333,68.9524,1.0,0,1426426,0.0
44,Entre Ríos,2019,21.5381,43.8333,79.2381,3.6667,0,1426426,0.0
45,Entre Ríos,2019,22.2571,23.0,70.6667,1.0,0,1426426,0.0
46,Entre Ríos,2019,24.1905,3.0,61.6667,0.6667,0,1426426,0.0
47,Entre Ríos,2019,24.3905,25.7333,61.5714,0.6667,0,1426426,0.0
48,Entre Ríos,2019,22.1048,29.3,64.6667,1.6667,0,1426426,0.0
49,Entre Ríos,2019,21.5524,5.4333,55.8095,1.3333,0,1426426,0.0
50,Entre Ríos,2019,24.7048,105.6667,59.1429,2.6667,0,1426426,0.0
51,Entre Ríos,2019,22.6381,29.3333,62.7619,1.3333,0,1426426,0.0
52,Entre Ríos,2019,26.219,11.0,63.1905,1.0,0,1426426,0.0
1,Entre Ríos,2020,24.8762,32.2667,70.381,1.3333,0,1426426,0.0
2,Entre Ríos,2020,25.0333,28.7333,64.5238,2.0,1,1426426,0.0701
3,Entre Ríos,2020,25.2095,55.6667,65.6667,2.3333,0,1426426,0.0
4,Entre Ríos,2020,26.2429,20.0,72.7619,1.6667,4,1426426,0.2804
5,Entre Ríos,2020,23.8905,20.0,64.0952,0.6667,1,1426426,0.0701
6,Entre Ríos,2020,27.319,1.0,67.381,0.3333,8,1426426,0.5608
7,Entre Ríos,2020,25.0714,17.0,66.9048,1.6667,8,1426426,0.5608
8,Entre Ríos,2020,20.8667,41.0,65.9048,1.0,10,1426426,0.7011
9,Entre Ríos,2020,23.6619,0.0,60.1429,0.0,18,1426426,1.2619
10,Entre Ríos,2020,25.7857,0.0,54.7619,0.0,24,1426426,1.6825
11,Entre Ríos,2020,26.119,38.0,69.7619,2.0,27,1426426,1.8928
12,Entre Ríos,2020,21.7,50.6667,73.8095,1.0,46,1426426,3.2248
13,Entre Ríos,2020,24.2238,8.3333,72.6667,1.0,93,1426426,6.5198
14,Entre Ríos,2020,21.1286,9.3333,74.0952,1.0,115,1426426,8.0621
15,Entre Ríos,2020,16.481,1.0,66.0476,0.3333,83,1426426,5.8187
16,Entre Ríos,2020,16.4952,6.0,70.7619,1.0,44,1426426,3.0846
17,Entre Ríos,2020,21.7905,10.3333,70.619,1.3333,38,1426426,2.664
18,Entre Ríos,2020,17.3429,89.0,77.8095,2.3333,25,1426426,1.7526
19,Entre Ríos,2020,14.7619,15.0,73.1905,1.0,18,1426426,1.2619
20,Entre Ríos,2020,16.1095,0.0,63.7143,0.0,10,1426426,0.7011
21,Entre Ríos,2020,15.7333,47.5,79.0,2.3333,6,1426426,0.4206
22,Entre Ríos,2020,13.5952,0.0,77.3333,0.0,0,1426426,0.0
23,Entre Ríos,2020,11.3667,47.2667,85.5238,1.3333,1,1426426,0.0701
24,Entre Ríos,2020,12.1286,1.0,77.1905,0.3333,1,1426426,0.0701
25,Entre Ríos,2020,16.1333,27.0,81.7619,1.0,0,1426426,0.0
26,Entre Ríos,2020,11.6143,7.3,80.5238,1.3333,0,1426426,0.0
27,Entre Ríos,2020,9.681,6.8333,82.8571,1.0,0,1426426,0.0
28,Entre Ríos,2020,9.0571,1.5667,74.6667,0.3333,0,1426426,0.0
29,Entre Ríos,2020,12.0714,0.0,69.6667,0.0,0,1426426,0.0
30,Entre Ríos,2020,12.6714,12.8,81.619,1.6667,0,1426426,0.0
31,Entre Ríos,2020,11.6381,0.0,67.381,0.0,0,1426426,0.0
32,Entre Ríos,2020,19.4905,6.1,69.3333,1.0,0,1426426,0.0
33,Entre Ríos,2020,11.281,0.0333,58.1429,0.0,0,1426426,0.0
34,Entre Ríos,2020,10.8667,0.0,52.6667,0.0,0,1426426,0.0
35,Entre Ríos,2020,17.8952,14.6667,70.1905,1.0,0,1426426,0.0
36,Entre Ríos,2020,11.2857,58.2667,80.0952,2.3333,0,1426426,0.0
37,Entre Ríos,2020,15.881,5.5,74.5714,0.6667,0,1426426,0.0
38,Entre Ríos,2020,14.3143,0.6667,52.4762,0.3333,0,1426426,0.0
39,Entre Ríos,2020,18.381,7.5,61.2857,0.6667,0,1426426,0.0
40,Entre Ríos,2020,16.8048,4.1,59.9048,0.6667,0,1426426,0.0
41,Entre Ríos,2020,18.0714,0.1667,58.4762,0.0,0,1426426,0.0
42,Entre Ríos,2020,22.3524,0.0,58.8095,0.0,0,1426426,0.0
43,Entre Ríos,2020,21.4714,57.5,77.7143,4.0,0,1426426,0.0
44,Entre Ríos,2020,17.6714,0.0,60.6667,0.0,0,1426426,0.0
45,Entre Ríos,2020,21.5762,3.3333,53.4286,0.6667,0,1426426,0.0
46,Entre Ríos,2020,22.1048,6.6667,66.7619,1.0,0,1426426,0.0
47,Entre Ríos,2020,23.081,4.3333,50.2857,0.3333,0,1426426,0.0
48,Entre Ríos,2020,25.0619,57.3333,62.4762,3.0,0,1426426,0.0
49,Entre Ríos,2020,20.8857,34.8333,66.381,1.3333,0,1426426,0.0
50,Entre Ríos,2020,23.2429,41.6667,64.9048,2.3333,0,1426426,0.0
51,Entre Ríos,2020,23.3381,24.6667,63.8571,1.0,0,1426426,0.0
52,Entre Ríos,2020,25.8143,5.6667,57.8095,0.3333,0,1426426,0.0
53,Entre Ríos,2020,25.4476,17.6667,56.7143,1.3333,0,1426426,0.0
1,Entre Ríos,2021,26.2571,12.1667,56.619,1.0,0,1426426,0.0
2,Entre Ríos,2021,22.8143,52.3,72.2857,2.0,0,1426426,0.0
3,Entre Ríos,2021,27.0714,0.0,56.4286,0.0,0,1426426,0.0
4,Entre Ríos,2021,24.5905,83.0333,78.4762,3.6667,0,1426426,0.0
5,Entre Ríos,2021,22.719,34.3667,76.5238,1.3333,0,1426426,0.0
6,Entre Ríos,2021,23.6,22.1667,74.4286,2.0,0,1426426,0.0
7,Entre Ríos,2021,23.981,0.0,60.2381,0.0,0,1426426,0.0
8,Entre Ríos,2021,25.9571,1.3333,59.3333,0.3333,0,1426426,0.0
9,Entre Ríos,2021,24.4762,19.3333,72.381,2.0,0,1426426,0.0
10,Entre Ríos,2021,24.7571,1.3333,63.381,0.3333,0,1426426,0.0
11,Entre Ríos,2021,20.2905,57.3333,76.7619,2.6667,0,1426426,0.0
12,Entre Ríos,2021,20.6,56.9333,85.5714,1.6667,0,1426426,0.0
13,Entre Ríos,2021,20.0857,0.0,74.0,0.0,4,1426426,0.2804
14,Entre Ríos,2021,22.081,131.8667,82.5714,3.0,1,1426426,0.0701
15,Entre Ríos,2021,20.219,0.0,77.5714,0.0,3,1426426,0.2103
16,Entre Ríos,2021,20.0095,22.3333,75.4762,1.3333,5,1426426,0.3505
17,Entre Ríos,2021,17.2429,0.0,75.0,0.0,4,1426426,0.2804
18,Entre Ríos,2021,14.4905,20.6667,74.2381,1.0,0,1426426,0.0
19,Entre Ríos,2021,12.7571,0.0,73.4286,0.0,0,1426426,0.0
20,Entre Ríos,2021,13.081,61.9667,81.4286,3.3333,0,1426426,0.0
21,Entre Ríos,2021,12.7714,0.0,72.8571,0.0,0,1426426,0.0
22,Entre Ríos,2021,14.8095,50.5,75.0,2.0,0,1426426,0.0
23,Entre Ríos,2021,14.181,0.0667,81.5714,0.0,0,1426426,0.0
24,Entre Ríos,2021,9.1381,0.0,79.5238,0.0,0,1426426,0.0
25,Entre Ríos,2021,10.7762,22.0667,86.9524,0.6667,0,1426426,0.0
26,Entre Ríos,2021,7.8048,0.0,77.7143,0.0,0,1426426,0.0
27,Entre Ríos,2021,14.8667,3.7667,73.8095,0.6667,0,1426426,0.0
28,Entre Ríos,2021,11.8183,26.4667,82.9841,1.6667,0,1426426,0.0
29,Entre Ríos,2021,13.0714,5.3333,72.2857,1.0,0,1426426,0.0
30,Entre Ríos,2021,8.5714,0.0,67.4762,0.0,0,1426426,0.0
1,Entre Ríos,2022,26.0238,5.0,53.0,0.6667,0,1426426,0.0
2,Entre Ríos,2022,31.6333,28.8333,44.8571,2.0,0,1426426,0.0
3,Entre Ríos,2022,26.9333,78.4667,77.1905,4.3333,0,1426426,0.0
4,Entre Ríos,2022,24.1381,48.7667,72.6667,2.0,0,1426426,0.0
5,Entre Ríos,2022,24.2048,9.3333,67.3333,1.0,0,1426426,0.0
6,Entre Ríos,2022,22.1857,7.0,62.9048,0.6667,0,1426426,0.0
7,Entre Ríos,2022,25.2714,0.3333,59.7619,0.0,0,1426426,0.0
8,Entre Ríos,2022,24.7048,112.8333,73.0952,3.6667,0,1426426,0.0
9,Entre Ríos,2022,23.3429,92.3333,79.5714,4.0,0,1426426,0.0
10,Entre Ríos,2022,19.8905,36.0,76.6667,1.6667,0,1426426,0.0
11,Entre Ríos,2022,20.2714,7.3,69.619,1.0,0,1426426,0.0
12,Entre Ríos,2022,19.3905,48.0,78.9048,3.3333,0,1426426,0.0
13,Entre Ríos,2022,17.0857,7.5667,68.2381,1.0,0,1426426,0.0
14,Entre Ríos,2022,20.719,27.6667,77.5238,0.6667,0,1426426,0.0
15,Entre Ríos,2022,16.9048,0.0,69.5714,0.0,0,1426426,0.0
16,Entre Ríos,2022,17.3667,50.0,79.3333,3.3333,0,1426426,0.0
17,Entre Ríos,2022,16.7048,32.6667,76.9048,2.0,0,1426426,0.0
18,Entre Ríos,2022,15.019,0.0,79.7143,0.0,0,1426426,0.0
19,Entre Ríos,2022,14.4238,2.0,79.0952,0.6667,0,1426426,0.0
20,Entre Ríos,2022,11.3667,0.0,79.3333,0.0,0,1426426,0.0
21,Entre Ríos,2022,13.6667,38.0,84.4286,2.3333,0,1426426,0.0
22,Entre Ríos,2022,8.1381,0.0,74.619,0.0,0,1426426,0.0
23,Entre Ríos,2022,9.319,0.0,81.0952,0.0,0,1426426,0.0
24,Entre Ríos,2022,11.0143,3.6667,72.6667,0.3333,0,1426426,0.0
25,Entre Ríos,2022,9.4143,0.3333,81.5238,0.0,0,1426426,0.0
26,Entre Ríos,2022,10.9143,13.0333,81.0952,1.6667,0,1426426,0.0
27,Entre Ríos,2022,14.4095,6.0667,76.0476,1.0,0,1426426,0.0
28,Entre Ríos,2022,10.4429,13.1333,83.2857,1.3333,0,1426426,0.0
29,Entre Ríos,2022,15.1524,1.7667,85.2381,0.6667,0,1426426,0.0
30,Entre Ríos,2022,15.8714,9.5,77.6667,1.3333,0,1426426,0.0
31,Entre Ríos,2022,11.7381,37.9,82.6667,2.0,0,1426426,0.0
32,Entre Ríos,2022,13.4429,17.4667,78.7619,1.0,0,1426426,0.0
33,Entre Ríos,2022,10.7524,0.0,62.7143,0.0,0,1426426,0.0
34,Entre Ríos,2022,16.0762,15.8667,71.7619,1.3333,0,1426426,0.0
35,Entre Ríos,2022,13.2143,17.9333,70.0,1.6667,0,1426426,0.0
36,Entre Ríos,2022,14.4095,1.0,64.2381,0.3333,0,1426426,0.0
37,Entre Ríos,2022,16.2952,9.4667,65.0476,1.0,0,1426426,0.0
38,Entre Ríos,2022,14.6,11.8667,73.3333,1.3333,0,1426426,0.0
39,Entre Ríos,2022,17.1905,0.0,61.7619,0.0,0,1426426,0.0
40,Entre Ríos,2022,17.3381,0.3333,54.2857,0.0,0,1426426,0.0
41,Entre Ríos,2022,16.119,6.2667,57.4286,0.6667,0,1426426,0.0
42,Entre Ríos,2022,18.6333,49.7667,76.0476,2.0,0,1426426,0.0
43,Entre Ríos,2022,21.9524,37.4,62.9524,2.6667,0,1426426,0.0
44,Entre Ríos,2022,18.4333,0.0,53.5238,0.0,0,1426426,0.0
45,Entre Ríos,2022,21.9476,23.0667,62.0,1.6667,0,1426426,0.0
46,Entre Ríos,2022,25.781,14.6667,52.4762,1.3333,0,1426426,0.0
47,Entre Ríos,2022,24.5476,2.6667,59.9524,0.6667,0,1426426,0.0
48,Entre Ríos,2022,26.0571,4.0,55.7143,0.3333,0,1426426,0.0
49,Entre Ríos,2022,29.6143,30.5333,53.0476,1.6667,0,1426426,0.0
50,Entre Ríos,2022,24.3762,0.2,46.6667,0.0,0,1426426,0.0
1,Entre Ríos,2023,27.5333,0.0,40.4762,0.0,0,1426426,0.0
2,Entre Ríos,2023,27.3952,0.7333,44.619,0.0,0,1426426,0.0
3,Entre Ríos,2023,29.619,21.9667,51.8095,1.0,0,1426426,0.0
4,Entre Ríos,2023,27.8619,21.1667,59.6667,1.6667,0,1426426,0.0
5,Entre Ríos,2023,26.0,3.2667,60.2381,1.0,0,1426426,0.0
6,Entre Ríos,2023,30.1476,12.5667,46.1905,0.6667,0,1426426,0.0
7,Entre Ríos,2023,21.581,28.6667,60.381,2.3333,0,1426426,0.0
8,Entre Ríos,2023,25.081,3.6667,60.0476,1.0,2,1426426,0.1402
9,Entre Ríos,2023,28.4905,7.6667,57.9048,0.6667,5,1426426,0.3505
10,Entre Ríos,2023,30.0238,0.0,50.8095,0.0,5,1426426,0.3505
11,Entre Ríos,2023,28.1048,18.6667,70.5714,2.3333,20,1426426,1.4021
12,Entre Ríos,2023,23.0,137.9333,82.7143,3.6667,52,1426426,3.6455
13,Entre Ríos,2023,21.6,22.3333,68.4762,1.6667,70,1426426,4.9074
14,Entre Ríos,2023,20.8286,8.2,74.1905,0.6667,110,1426426,7.7116
15,Entre Ríos,2023,18.7524,6.6,72.2857,1.3333,142,1426426,9.955
16,Entre Ríos,2023,16.1,1.0,68.5714,0.3333,84,1426426,5.8888
17,Entre Ríos,2023,19.9095,17.5,78.381,2.0,54,1426426,3.7857
18,Entre Ríos,2023,16.281,25.0,78.5714,1.6667,50,1426426,3.5053
19,Entre Ríos,2023,15.5333,0.0,77.3333,0.0,28,1426426,1.9629
20,Entre Ríos,2023,17.9143,20.8,80.8095,1.6667,26,1426426,1.8227
21,Entre Ríos,2023,17.8571,105.5333,82.5714,2.6667,6,1426426,0.4206
22,Entre Ríos,2023,17.1619,5.4667,81.7619,0.3333,10,1426426,0.7011
23,Entre Ríos,2023,16.6619,0.4,76.0,0.0,7,1426426,0.4907
24,Entre Ríos,2023,9.1667,0.0,75.0952,0.0,4,1426426,0.2804
25,Entre Ríos,2023,12.7429,5.9,88.9048,0.6667,1,1426426,0.0701
26,Entre Ríos,2023,14.519,3.2667,78.1905,0.6667,2,1426426,0.1402
27,Entre Ríos,2023,17.1095,15.3333,84.0,1.3333,1,1426426,0.0701
28,Entre Ríos,2023,10.219,62.8333,84.6667,2.0,2,1426426,0.1402
29,Entre Ríos,2023,13.1143,0.2,72.6667,0.0,0,1426426,0.0
30,Entre Ríos,2023,11.9333,5.0667,80.381,0.3333,0,1426426,0.0
31,Entre Ríos,2023,18.3762,0.6667,73.4286,0.3333,0,1426426,0.0
32,Entre Ríos,2023,12.1238,0.0,68.1905,0.0,0,1426426,0.0
33,Entre Ríos,2023,16.6952,12.8667,68.1905,1.0,0,1426426,0.0
34,Entre Ríos,2023,13.6238,0.0,65.5714,0.0,0,1426426,0.0
35,Entre Ríos,2023,15.6286,19.0333,65.8571,1.6667,0,1426426,0.0
36,Entre Ríos,2023,13.581,29.6667,76.4286,1.3333,0,1426426,0.0
37,Entre Ríos,2023,17.519,16.8333,62.8571,1.3333,0,1426426,0.0
38,Entre Ríos,2023,17.1905,3.1,82.619,0.6667,0,1426426,0.0
39,Entre Ríos,2023,15.719,3.7333,63.7143,1.0,0,1426426,0.0
40,Entre Ríos,2023,18.0,2.5,54.0476,0.6667,0,1426426,0.0
41,Entre Ríos,2023,18.0762,7.6667,57.0,0.6667,0,1426426,0.0
42,Entre Ríos,2023,20.9286,72.0,67.4762,2.6667,0,1426426,0.0
43,Entre Ríos,2023,21.0333,19.5333,70.9524,1.6667,1,1426426,0.0701
44,Entre Ríos,2023,15.3905,55.5667,78.8571,3.0,0,1426426,0.0
45,Entre Ríos,2023,22.7429,77.1667,68.0,3.6667,0,1426426,0.0
46,Entre Ríos,2023,21.3381,26.3667,67.7619,2.3333,0,1426426,0.0
47,Entre Ríos,2023,23.7476,48.6667,60.2857,1.0,0,1426426,0.0
48,Entre Ríos,2023,25.2714,26.5667,72.1429,1.3333,0,1426426,0.0
49,Entre Ríos,2023,22.1429,19.0,67.1905,1.6667,2,1426426,0.1402
50,Entre Ríos,2023,24.7524,155.8,79.5714,5.0,0,1426426,0.0
51,Entre Ríos,2023,23.2762,43.7333,77.2381,2.0,2,1426426,0.1402
52,Entre Ríos,2023,24.1048,20.3667,60.7143,0.6667,10,1426426,0.7011
1,Entre Ríos,2024,25.4714,9.6667,70.4286,1.0,34,1426426,2.3836
2,Entre Ríos,2024,25.7667,31.9,69.2857,1.6667,55,1426426,3.8558
3,Entre Ríos,2024,24.3714,75.7667,70.4286,1.6667,73,1426426,5.1177
4,Entre Ríos,2024,24.7333,0.0,57.7619,0.0,118,1426426,8.2724
5,Entre Ríos,2024,28.9952,2.6667,56.8571,0.3333,217,1426426,15.2128
6,Entre Ríos,2024,29.8762,37.6667,68.3333,1.0,220,1426426,15.4232
7,Entre Ríos,2024,23.3333,26.8667,72.0952,1.0,379,1426426,26.5699
8,Entre Ríos,2024,25.4333,32.9667,73.619,1.6667,579,1426426,40.591
9,Entre Ríos,2024,25.3667,66.3333,79.9048,1.3333,857,1426426,60.0802
10,Entre Ríos,2024,23.9048,47.1667,68.1905,1.3333,1537,1426426,107.7518
11,Entre Ríos,2024,25.0095,125.2333,83.5714,4.3333,2090,1426426,146.52
12,Entre Ríos,2024,22.8571,45.3333,76.3333,1.6667,2434,1426426,170.6363
13,Entre Ríos,2024,22.9,54.8667,74.0476,1.3333,2064,1426426,144.6973
14,Entre Ríos,2024,18.8381,47.8,82.0,2.6667,2361,1426426,165.5186
15,Entre Ríos,2024,19.3381,79.8,84.5714,3.0,1985,1426426,139.159
16,Entre Ríos,2024,20.4619,23.5333,76.2857,2.0,1514,1426426,106.1394
17,Entre Ríos,2024,18.4905,13.2667,78.1429,1.3333,1195,1426426,83.7758
18,Entre Ríos,2024,16.7095,27.1,84.1905,3.0,931,1426426,65.268
19,Entre Ríos,2024,15.4571,55.0667,85.3333,3.3333,460,1426426,32.2484
20,Entre Ríos,2024,9.9571,0.0,76.619,0.0,216,1426426,15.1427
21,Entre Ríos,2024,10.6619,20.6667,82.1905,1.6667,44,1426426,3.0846
22,Entre Ríos,2024,12.8429,0.1667,82.9524,0.0,9,1426426,0.6309
23,Entre Ríos,2024,16.7476,0.0,80.4762,0.0,7,1426426,0.4907
24,Entre Ríos,2024,18.6333,7.4,76.5714,0.6667,9,1426426,0.6309
25,Entre Ríos,2024,16.7762,2.8667,86.0476,1.0,7,1426426,0.4907
26,Entre Ríos,2024,9.0429,0.4333,70.619,0.0,0,1426426,0.0
27,Entre Ríos,2024,8.9571,0.0,64.1429,0.0,0,1426426,0.0
28,Entre Ríos,2024,5.4762,0.6333,69.4286,0.3333,0,1426426,0.0
29,Entre Ríos,2024,12.9286,8.3667,83.3333,0.6667,0,1426426,0.0
30,Entre Ríos,2024,15.4381,2.1,75.2857,0.6667,0,1426426,0.0
31,Entre Ríos,2024,16.1762,5.4,68.1429,0.6667,0,1426426,0.0
32,Entre Ríos,2024,11.3095,19.9,76.5714,1.3333,0,1426426,0.0
33,Entre Ríos,2024,12.8619,0.3333,69.0,0.0,0,1426426,0.0
34,Entre Ríos,2024,10.7476,16.4667,84.619,2.3333,0,1426426,0.0
35,Entre Ríos,2024,12.9238,7.5667,76.2381,1.6667,0,1426426,0.0
36,Entre Ríos,2024,15.6667,0.0,63.0952,0.0,0,1426426,0.0
37,Entre Ríos,2024,15.3619,0.2667,72.7619,0.0,0,1426426,0.0
38,Entre Ríos,2024,21.1381,11.6,61.5238,1.0,0,1426426,0.0
39,Entre Ríos,2024,18.5238,14.5,69.6667,0.6667,0,1426426,0.0
40,Entre Ríos,2024,19.7571,17.0,59.6667,1.3333,0,1426426,0.0
41,Entre Ríos,2024,19.0286,32.1,74.7143,2.0,0,1426426,0.0
42,Entre Ríos,2024,21.0667,16.8333,72.9048,2.0,0,1426426,0.0
43,Entre Ríos,2024,22.2,49.1333,72.0476,2.0,0,1426426,0.0
44,Entre Ríos,2024,24.1429,10.3333,65.7619,1.3333,1,1426426,0.0701
45,Entre Ríos,2024,22.419,43.0,65.381,2.6667,0,1426426,0.0
46,Entre Ríos,2024,22.7048,8.1667,59.4762,1.0,0,1426426,0.0
47,Entre Ríos,2024,22.6857,74.7,69.4762,2.0,0,1426426,0.0
48,Entre Ríos,2024,23.0619,39.0,81.2381,3.3333,0,1426426,0.0
49,Entre Ríos,2024,21.0,24.6667,60.2857,1.6667,0,1426426,0.0
50,Entre Ríos,2024,23.7095,8.8,63.5714,0.6667,3,1426426,0.2103
51,Entre Ríos,2024,22.6952,17.5667,66.3333,2.0,0,1426426,0.0
52,Entre Ríos,2024,22.6762,1.1667,59.4286,0.3333,1,1426426,0.0701
1,Entre Ríos,2025,26.1429,0.0,51.5238,0.0,1,1426426,0.0701
2,Entre Ríos,2025,26.6905,0.0,46.5714,0.0,2,1426426,0.1402
3,Entre Ríos,2025,28.0143,30.4667,56.9524,2.0,0,1426426,0.0
4,Entre Ríos,2025,26.981,17.2,63.6667,1.3333,0,1426426,0.0
5,Entre Ríos,2025,27.4619,6.0333,60.2381,1.0,2,1426426,0.1402
6,Entre Ríos,2025,28.4476,29.4667,60.4762,1.0,6,1426426,0.4206
7,Entre Ríos,2025,25.6286,94.8,77.1905,5.0,5,1426426,0.3505
8,Entre Ríos,2025,26.0667,34.1667,70.9286,1.0,8,1426426,0.5608
9,Entre Ríos,2025,25.3571,116.1667,86.1905,3.6667,3,1426426,0.2103
10,Entre Ríos,2025,27.0048,20.8,72.1905,1.6667,10,1426426,0.7011
11,Entre Ríos,2025,19.4,20.8333,71.9524,2.3333,8,1426426,0.5608
12,Entre Ríos,2025,24.0429,7.3,70.9524,0.6667,10,1426426,0.7011
13,Entre Ríos,2025,22.9857,24.7,80.6667,2.6667,13,1426426,0.9114
14,Entre Ríos,2025,16.4619,38.2,73.2381,2.0,11,1426426,0.7712
15,Entre Ríos,2025,19.1762,50.0333,86.0476,1.3333,10,1426426,0.7011
16,Entre Ríos,2025,17.5048,0.8333,72.6667,0.3333,12,1426426,0.8413
17,Entre Ríos,2025,18.7571,1.7333,73.3333,0.3333,6,1426426,0.4206
18,Entre Ríos,2025,18.3,8.1667,71.0,0.3333,2,1426426,0.1402
19,Entre Ríos,2025,19.6476,11.2,84.8095,1.3333,6,1426426,0.4206
20,Entre Ríos,2025,19.6095,55.5667,77.6667,1.0,1,1426426,0.0701
21,Entre Ríos,2025,13.8095,15.6333,80.7619,2.6667,3,1426426,0.2103
22,Entre Ríos,2025,11.2048,25.8333,82.3333,1.6667,1,1426426,0.0701
23,Entre Ríos,2025,11.8524,0.0,84.5714,0.0,1,1426426,0.0701
24,Entre Ríos,2025,10.6143,25.4,83.7619,1.6667,0,1426426,0.0
25,Entre Ríos,2025,11.2381,4.9667,83.7619,0.6667,0,1426426,0.0
26,Entre Ríos,2025,7.8143,0.0,63.7619,0.0,0,1426426,0.0
27,Entre Ríos,2025,7.8524,0.0,73.9524,0.0,0,1426426,0.0
28,Entre Ríos,2025,12.9,3.3333,79.2381,1.0,0,1426426,0.0
29,Entre Ríos,2025,12.6667,27.5,81.9524,2.0,1,1426426,0.0701
30,Entre Ríos,2025,11.881,45.8333,85.9048,2.3333,0,1426426,0.0
31,Entre Ríos,2025,14.6857,8.6667,72.2857,1.0,0,1426426,0.0
32,Entre Ríos,2025,10.4286,0.1333,69.7143,0.0,0,1426426,0.0
33,Entre Ríos,2025,11.1286,0.2,76.0476,0.0,0,1426426,0.0
34,Entre Ríos,2025,14.2762,81.5,74.4762,2.0,0,1426426,0.0
35,Entre Ríos,2025,17.0667,57.1,71.9524,1.6667,0,1426426,0.0
36,Entre Ríos,2025,11.2095,13.9,76.0476,1.3333,0,1426426,0.0
37,Entre Ríos,2025,16.8905,2.8333,68.1429,0.6667,0,1426426,0.0
38,Entre Ríos,2025,19.2905,24.0667,82.5238,2.6667,0,1426426,0.0
39,Entre Ríos,2025,16.6095,5.3333,63.2857,1.0,0,1426426,0.0
40,Entre Ríos,2025,20.6381,16.3,70.4762,1.6667,0,1426426,0.0
41,Entre Ríos,2025,18.7286,1.4333,59.5714,0.6667,0,1426426,0.0
42,Entre Ríos,2025,20.9619,2.4333,56.5238,0.3333,0,1426426,0.0
1,Formosa,2018,27.3714,8.5,65.0,1.0,3,606041,0.495
2,Formosa,2018,28.6571,20.0,67.6429,1.5,0,606041,0.0
3,Formosa,2018,27.0143,101.25,78.0714,3.5,1,606041,0.165
4,Formosa,2018,27.5643,68.0,81.6429,5.5,0,606041,0.0
5,Formosa,2018,28.8286,16.8,71.1429,0.5,0,606041,0.0
6,Formosa,2018,29.6929,16.5,65.7857,1.5,0,606041,0.0
7,Formosa,2018,26.2429,27.5,67.2143,1.0,2,606041,0.33
8,Formosa,2018,26.7429,2.5,65.3571,0.5,1,606041,0.165
9,Formosa,2018,25.5786,90.5,85.0714,4.5,2,606041,0.33
10,Formosa,2018,26.3571,16.2,74.2857,1.0,2,606041,0.33
11,Formosa,2018,28.5,17.5,76.3571,2.5,4,606041,0.66
12,Formosa,2018,23.5143,35.65,75.5,1.5,3,606041,0.495
13,Formosa,2018,23.4571,8.0,76.8571,0.5,1,606041,0.165
14,Formosa,2018,26.4143,10.0,68.2143,0.5,0,606041,0.0
15,Formosa,2018,25.3357,19.25,74.6429,0.5,0,606041,0.0
16,Formosa,2018,27.3071,0.0,69.6429,0.0,0,606041,0.0
17,Formosa,2018,27.5643,0.0,66.5,0.0,0,606041,0.0
18,Formosa,2018,26.8143,61.85,70.8571,1.5,1,606041,0.165
19,Formosa,2018,22.6714,9.0,76.3571,1.0,1,606041,0.165
20,Formosa,2018,19.6214,31.0,82.8571,2.0,2,606041,0.33
21,Formosa,2018,17.4357,0.0,72.9286,0.0,0,606041,0.0
22,Formosa,2018,18.3,27.5,74.2857,1.0,0,606041,0.0
23,Formosa,2018,15.7071,0.0,75.6429,0.0,0,606041,0.0
24,Formosa,2018,12.6571,0.25,71.6429,0.0,0,606041,0.0
25,Formosa,2018,20.0143,2.05,67.6429,0.5,0,606041,0.0
26,Formosa,2018,19.5,3.5,76.2143,0.5,0,606041,0.0
27,Formosa,2018,15.6143,0.45,84.6429,0.0,0,606041,0.0
1,Formosa,2019,28.9214,77.0,76.7857,3.5,2,606041,0.33
2,Formosa,2019,26.65,106.5,80.7857,3.5,4,606041,0.66
3,Formosa,2019,27.7786,12.0,71.9286,1.5,7,606041,1.155
4,Formosa,2019,32.3071,0.0,61.0,0.0,0,606041,0.0
5,Formosa,2019,30.3286,0.3,63.3571,0.0,0,606041,0.0
6,Formosa,2019,28.5714,20.5,62.0714,1.0,0,606041,0.0
7,Formosa,2019,25.7357,75.0,73.2143,2.5,0,606041,0.0
8,Formosa,2019,31.2071,0.0,59.7857,0.0,0,606041,0.0
9,Formosa,2019,26.2429,16.0,63.2143,1.0,0,606041,0.0
10,Formosa,2019,25.3071,100.75,79.4286,3.0,0,606041,0.0
11,Formosa,2019,24.2214,38.5,85.2857,2.5,0,606041,0.0
12,Formosa,2019,23.5214,0.0,73.5714,0.0,0,606041,0.0
13,Formosa,2019,24.4071,4.8,74.6429,1.0,0,606041,0.0
14,Formosa,2019,22.6143,51.7,82.7143,3.0,1,606041,0.165
15,Formosa,2019,23.9071,0.0,73.8571,0.0,0,606041,0.0
16,Formosa,2019,25.0929,92.5,80.6429,2.5,0,606041,0.0
17,Formosa,2019,21.6929,59.25,90.6429,2.5,0,606041,0.0
18,Formosa,2019,23.4071,80.7,85.5714,3.0,0,606041,0.0
19,Formosa,2019,22.0786,66.0,88.7857,3.0,0,606041,0.0
20,Formosa,2019,19.7786,9.5,80.7143,1.0,0,606041,0.0
21,Formosa,2019,17.2214,67.5,89.0714,3.0,0,606041,0.0
22,Formosa,2019,18.4071,3.5,88.4286,0.5,0,606041,0.0
23,Formosa,2019,18.6214,0.0,80.2857,0.0,0,606041,0.0
24,Formosa,2019,23.0357,0.0,75.5,0.0,0,606041,0.0
25,Formosa,2019,18.6857,1.5,78.5714,0.5,0,606041,0.0
26,Formosa,2019,18.8929,0.25,72.3571,0.0,0,606041,0.0
27,Formosa,2019,12.1429,0.45,72.8571,0.0,0,606041,0.0
28,Formosa,2019,20.6143,4.0,67.9286,1.0,0,606041,0.0
29,Formosa,2019,20.1143,0.0,69.2857,0.0,0,606041,0.0
30,Formosa,2019,12.6286,85.15,82.9286,3.5,0,606041,0.0
31,Formosa,2019,16.75,2.0,69.5714,0.5,0,606041,0.0
32,Formosa,2019,17.0357,0.0,69.7143,0.0,0,606041,0.0
33,Formosa,2019,18.6857,0.0,61.0714,0.0,0,606041,0.0
34,Formosa,2019,17.9,8.5,61.5714,0.5,0,606041,0.0
35,Formosa,2019,22.8786,12.05,64.0,1.0,0,606041,0.0
36,Formosa,2019,19.65,0.0,60.6429,0.0,0,606041,0.0
37,Formosa,2019,22.0929,2.5,65.3571,0.5,0,606041,0.0
38,Formosa,2019,20.9786,0.0,54.0714,0.0,0,606041,0.0
39,Formosa,2019,25.3571,0.0,48.0714,0.0,0,606041,0.0
40,Formosa,2019,22.2143,47.75,73.9286,2.5,0,606041,0.0
41,Formosa,2019,28.8214,11.5,53.9286,0.5,0,606041,0.0
42,Formosa,2019,19.1214,7.4,82.6429,1.5,0,606041,0.0
43,Formosa,2019,25.3357,0.5,55.4286,0.0,0,606041,0.0
44,Formosa,2019,31.5786,3.5,55.4286,1.0,0,606041,0.0
45,Formosa,2019,27.2786,101.0,75.3571,4.0,0,606041,0.0
46,Formosa,2019,26.8357,20.0,67.0714,1.5,0,606041,0.0
47,Formosa,2019,29.4357,4.5,61.7857,0.5,0,606041,0.0
48,Formosa,2019,27.35,56.2,68.2857,1.0,0,606041,0.0
49,Formosa,2019,25.2286,0.0,56.9286,0.0,0,606041,0.0
50,Formosa,2019,29.0286,5.5,63.7143,1.0,0,606041,0.0
51,Formosa,2019,26.9357,54.0,62.8571,1.0,0,606041,0.0
52,Formosa,2019,29.2786,1.5,62.1429,0.5,0,606041,0.0
1,Formosa,2020,29.3429,6.5,60.4286,1.0,3,606041,0.495
2,Formosa,2020,29.7143,8.6,68.7857,1.0,2,606041,0.33
3,Formosa,2020,29.6714,3.75,69.7143,0.5,4,606041,0.66
4,Formosa,2020,28.7357,20.0,66.2857,1.5,27,606041,4.4551
5,Formosa,2020,28.3929,33.6,64.3571,1.0,39,606041,6.4352
6,Formosa,2020,30.1643,66.0,69.5714,2.0,50,606041,8.2503
7,Formosa,2020,29.5429,12.5,62.5,1.5,93,606041,15.3455
8,Formosa,2020,26.0786,8.5,61.3571,1.0,201,606041,33.1661
9,Formosa,2020,26.55,8.0,54.9286,1.5,272,606041,44.8815
10,Formosa,2020,29.2643,0.0,47.9286,0.0,260,606041,42.9014
11,Formosa,2020,32.0571,3.0,48.6429,1.0,172,606041,28.3809
12,Formosa,2020,25.9643,61.5,70.7857,2.0,144,606041,23.7608
13,Formosa,2020,26.6429,60.5,67.1429,1.5,103,606041,16.9955
14,Formosa,2020,25.35,38.9,71.7143,2.0,174,606041,28.7109
15,Formosa,2020,20.7214,0.0,61.2143,0.0,144,606041,23.7608
16,Formosa,2020,20.1286,0.5,63.8571,0.0,206,606041,33.9911
17,Formosa,2020,26.3643,0.0,58.8571,0.0,209,606041,34.4861
18,Formosa,2020,24.2357,13.0,67.6429,0.5,103,606041,16.9955
19,Formosa,2020,19.9214,0.0,61.7143,0.0,141,606041,23.2658
20,Formosa,2020,19.8714,4.5,67.0,0.5,222,606041,36.6312
21,Formosa,2020,19.7643,7.5,66.3571,1.0,152,606041,25.0808
22,Formosa,2020,17.7,0.5,64.2143,0.0,106,606041,17.4906
23,Formosa,2020,14.5786,13.1,72.8571,1.5,54,606041,8.9103
24,Formosa,2020,21.5429,0.05,71.6429,0.0,56,606041,9.2403
25,Formosa,2020,25.5143,0.0,61.3571,0.0,47,606041,7.7553
26,Formosa,2020,18.5857,7.5,64.6429,0.5,36,606041,5.9402
27,Formosa,2020,16.0786,11.5,69.5714,0.5,20,606041,3.3001
28,Formosa,2020,15.5214,14.0,79.4286,1.5,14,606041,2.3101
29,Formosa,2020,20.45,0.0,59.0714,0.0,10,606041,1.6501
30,Formosa,2020,18.3214,3.0,65.5,1.0,19,606041,3.1351
31,Formosa,2020,18.2643,1.0,55.4286,0.5,0,606041,0.0
32,Formosa,2020,24.9,0.0,45.2143,0.0,3,606041,0.495
33,Formosa,2020,17.4786,4.5,60.0714,1.0,1,606041,0.165
34,Formosa,2020,16.0643,0.0,47.7143,0.0,1,606041,0.165
35,Formosa,2020,26.6857,0.0,49.1429,0.0,2,606041,0.33
36,Formosa,2020,18.0214,0.0,60.8571,0.0,2,606041,0.33
37,Formosa,2020,24.6929,34.0,61.3571,1.5,3,606041,0.495
38,Formosa,2020,19.8071,8.0,64.0,1.5,0,606041,0.0
39,Formosa,2020,26.5643,0.1,43.3571,0.0,2,606041,0.33
40,Formosa,2020,26.6929,0.0,48.3571,0.0,2,606041,0.33
41,Formosa,2020,25.6286,0.1,47.0,0.0,0,606041,0.0
42,Formosa,2020,27.3143,8.0,56.3571,1.0,2,606041,0.33
43,Formosa,2020,30.8286,60.0,55.2857,2.0,0,606041,0.0
44,Formosa,2020,23.7643,0.2,55.1429,0.0,2,606041,0.33
45,Formosa,2020,26.8786,5.5,39.6429,0.5,3,606041,0.495
46,Formosa,2020,26.1214,48.5,70.3571,2.5,0,606041,0.0
47,Formosa,2020,26.5714,8.0,51.3571,0.5,0,606041,0.0
48,Formosa,2020,30.7857,73.0,54.7857,2.5,0,606041,0.0
49,Formosa,2020,24.9786,36.0,75.2143,2.5,0,606041,0.0
50,Formosa,2020,29.2571,47.5,53.6429,1.5,0,606041,0.0
51,Formosa,2020,26.2143,100.1,75.1429,4.0,0,606041,0.0
52,Formosa,2020,26.9643,13.0,66.2143,1.0,0,606041,0.0
53,Formosa,2020,28.5286,25.0,67.0,2.0,0,606041,0.0
1,Formosa,2021,27.5214,29.0,75.0,2.5,13,606041,2.1451
2,Formosa,2021,28.7929,58.0,69.8571,2.0,12,606041,1.9801
3,Formosa,2021,27.2,8.0,68.2857,1.5,16,606041,2.6401
4,Formosa,2021,27.8929,68.0,76.1429,2.5,20,606041,3.3001
5,Formosa,2021,25.3,87.5,76.0,2.5,51,606041,8.4153
6,Formosa,2021,25.5643,6.35,73.9286,1.5,73,606041,12.0454
7,Formosa,2021,27.9786,0.0,62.7143,0.0,42,606041,6.9302
8,Formosa,2021,29.9571,24.5,61.1429,1.0,53,606041,8.7453
9,Formosa,2021,28.0071,16.5,68.2857,0.5,13,606041,2.1451
10,Formosa,2021,27.7929,0.0,56.9286,0.0,43,606041,7.0952
11,Formosa,2021,25.4643,97.5,75.1429,4.0,24,606041,3.9601
12,Formosa,2021,24.5286,113.4,82.3571,2.0,2,606041,0.33
13,Formosa,2021,22.8857,0.0,73.1429,0.0,9,606041,1.485
14,Formosa,2021,26.1071,33.5,75.6429,2.5,2,606041,0.33
15,Formosa,2021,23.85,5.0,76.8571,1.0,4,606041,0.66
16,Formosa,2021,22.9429,51.5,76.7857,3.0,16,606041,2.6401
17,Formosa,2021,19.6048,0.0,72.369,0.0,5,606041,0.825
18,Formosa,2021,18.7,26.0,79.0,2.0,3,606041,0.495
19,Formosa,2021,18.15,0.25,78.4286,0.0,0,606041,0.0
20,Formosa,2021,20.2929,3.5,72.5,0.5,0,606041,0.0
21,Formosa,2021,18.5,0.0,69.6429,0.0,0,606041,0.0
22,Formosa,2021,22.1357,9.0,70.5,0.5,0,606041,0.0
23,Formosa,2021,18.0143,14.75,82.8571,0.5,0,606041,0.0
24,Formosa,2021,14.0786,1.0,75.7857,0.5,0,606041,0.0
25,Formosa,2021,16.25,4.5,79.5,1.0,0,606041,0.0
26,Formosa,2021,12.5571,0.0,61.5714,0.0,0,606041,0.0
27,Formosa,2021,21.8786,0.0,58.2143,0.0,0,606041,0.0
28,Formosa,2021,18.1786,7.5,64.0,1.0,0,606041,0.0
29,Formosa,2021,18.4429,1.0,55.0714,0.5,0,606041,0.0
30,Formosa,2021,13.1357,0.3,54.1429,0.0,0,606041,0.0
1,Formosa,2022,29.7,6.0,54.2143,0.5,0,606041,0.0
2,Formosa,2022,33.4929,0.0,39.2143,0.0,0,606041,0.0
3,Formosa,2022,34.9714,1.0,42.3571,0.5,0,606041,0.0
4,Formosa,2022,30.2,31.0,55.8571,2.0,0,606041,0.0
5,Formosa,2022,29.5786,29.5,53.8571,1.0,0,606041,0.0
6,Formosa,2022,26.9357,25.65,51.4286,1.0,0,606041,0.0
7,Formosa,2022,28.95,14.45,54.2857,1.5,0,606041,0.0
8,Formosa,2022,30.6071,6.5,62.8571,1.5,0,606041,0.0
9,Formosa,2022,30.2786,13.5,65.8571,1.0,0,606041,0.0
10,Formosa,2022,26.6429,19.5,65.7143,1.5,0,606041,0.0
11,Formosa,2022,25.6,4.0,52.8571,0.5,0,606041,0.0
12,Formosa,2022,24.2429,79.0,69.0,1.5,0,606041,0.0
13,Formosa,2022,22.3714,23.5,62.7857,2.0,0,606041,0.0
14,Formosa,2022,24.1143,66.0,84.8571,2.5,0,606041,0.0
15,Formosa,2022,20.5929,27.0,72.0,1.0,0,606041,0.0
16,Formosa,2022,24.2571,30.5,70.7143,1.0,0,606041,0.0
17,Formosa,2022,25.3786,2.5,69.5,1.0,0,606041,0.0
18,Formosa,2022,18.6643,14.0,76.3571,1.0,0,606041,0.0
19,Formosa,2022,18.0929,29.5,82.7143,3.0,0,606041,0.0
20,Formosa,2022,14.0357,0.0,69.6429,0.0,0,606041,0.0
21,Formosa,2022,19.6,14.1,82.4286,2.0,0,606041,0.0
22,Formosa,2022,14.8357,7.0,71.2857,0.5,0,606041,0.0
23,Formosa,2022,14.4286,27.0,85.1429,1.0,0,606041,0.0
24,Formosa,2022,16.0071,0.0,64.7143,0.0,0,606041,0.0
25,Formosa,2022,15.5429,1.05,82.7857,0.0,0,606041,0.0
26,Formosa,2022,17.9571,0.0,77.7143,0.0,0,606041,0.0
27,Formosa,2022,22.9143,0.0,69.7143,0.0,0,606041,0.0
28,Formosa,2022,16.4286,0.1,71.2857,0.0,0,606041,0.0
29,Formosa,2022,21.6286,1.5,66.7857,0.5,0,606041,0.0
30,Formosa,2022,20.6,0.0,57.5,0.0,0,606041,0.0
31,Formosa,2022,20.3714,3.0,64.2857,1.0,0,606041,0.0
32,Formosa,2022,18.2286,0.0,65.2143,0.0,0,606041,0.0
33,Formosa,2022,17.8929,0.0,52.6429,0.0,0,606041,0.0
34,Formosa,2022,24.4071,1.5,51.2143,0.5,0,606041,0.0
35,Formosa,2022,18.519,4.0,54.2738,0.5,0,606041,0.0
36,Formosa,2022,20.0571,0.0,52.2143,0.0,0,606041,0.0
37,Formosa,2022,21.45,12.0,48.2143,1.0,0,606041,0.0
38,Formosa,2022,20.1643,0.05,60.4286,0.0,0,606041,0.0
39,Formosa,2022,21.7929,10.75,64.8571,0.5,0,606041,0.0
40,Formosa,2022,21.9786,44.15,57.0714,2.0,0,606041,0.0
41,Formosa,2022,22.7,0.05,59.3571,0.0,0,606041,0.0
42,Formosa,2022,23.8357,33.5,68.3571,2.0,0,606041,0.0
43,Formosa,2022,27.6286,74.55,61.1429,2.5,0,606041,0.0
44,Formosa,2022,20.7286,0.0,50.5,0.0,0,606041,0.0
45,Formosa,2022,24.7857,48.75,64.0714,3.0,0,606041,0.0
46,Formosa,2022,26.9571,36.0,55.9286,1.0,0,606041,0.0
47,Formosa,2022,25.8071,9.5,61.3571,0.5,0,606041,0.0
48,Formosa,2022,29.1429,0.5,59.0714,0.0,0,606041,0.0
49,Formosa,2022,32.4786,42.0,58.3571,1.5,0,606041,0.0
50,Formosa,2022,27.5857,5.0,58.5,0.5,0,606041,0.0
1,Formosa,2023,27.7571,3.75,57.2857,1.0,0,606041,0.0
2,Formosa,2023,28.9857,25.0,56.0714,2.0,1,606041,0.165
3,Formosa,2023,32.6857,0.0,52.3571,0.0,4,606041,0.66
4,Formosa,2023,30.9571,9.0,60.3571,1.0,1,606041,0.165
5,Formosa,2023,28.5357,10.4,62.6429,0.5,0,606041,0.0
6,Formosa,2023,31.7143,4.0,54.0,0.5,5,606041,0.825
7,Formosa,2023,26.4357,16.0,56.2143,1.0,3,606041,0.495
8,Formosa,2023,26.7357,41.5,68.5,2.5,4,606041,0.66
9,Formosa,2023,27.5143,23.25,73.0,2.0,6,606041,0.99
10,Formosa,2023,28.6429,33.5,68.3571,0.5,22,606041,3.6301
11,Formosa,2023,27.9429,2.3,75.9286,0.5,23,606041,3.7951
12,Formosa,2023,28.4071,8.65,70.8571,0.5,18,606041,2.9701
13,Formosa,2023,27.2286,15.5,66.2857,1.0,46,606041,7.5902
14,Formosa,2023,23.8429,19.3,75.2143,1.0,57,606041,9.4053
15,Formosa,2023,24.1143,64.0,78.5714,3.5,54,606041,8.9103
16,Formosa,2023,21.15,1.0,70.9286,0.5,54,606041,8.9103
17,Formosa,2023,22.0643,3.0,78.5714,1.0,52,606041,8.5803
18,Formosa,2023,17.7286,36.9,90.6429,4.0,42,606041,6.9302
19,Formosa,2023,18.4286,0.0,72.7143,0.0,45,606041,7.4252
20,Formosa,2023,21.2857,82.15,74.7857,2.5,8,606041,1.32
21,Formosa,2023,22.75,6.0,79.6429,0.5,21,606041,3.4651
22,Formosa,2023,21.0143,5.5,79.7143,0.5,32,606041,5.2802
23,Formosa,2023,22.15,1.5,73.9286,0.5,22,606041,3.6301
24,Formosa,2023,11.9714,0.0,72.7143,0.0,2,606041,0.33
25,Formosa,2023,20.2143,0.15,80.3571,0.0,1,606041,0.165
26,Formosa,2023,21.4143,1.25,72.8571,0.5,7,606041,1.155
27,Formosa,2023,23.1714,1.0,69.7143,0.5,10,606041,1.6501
28,Formosa,2023,16.4214,4.05,80.9286,0.5,8,606041,1.32
29,Formosa,2023,19.2429,0.0,60.3571,0.0,11,606041,1.8151
30,Formosa,2023,17.2214,1.0,72.2857,0.5,10,606041,1.6501
31,Formosa,2023,26.7429,10.25,53.0,0.5,12,606041,1.9801
32,Formosa,2023,20.05,1.0,64.9286,0.5,10,606041,1.6501
33,Formosa,2023,22.7357,8.0,60.2857,1.0,12,606041,1.9801
34,Formosa,2023,21.9429,0.0,52.6429,0.0,12,606041,1.9801
35,Formosa,2023,23.6571,58.75,61.0714,2.0,38,606041,6.2702
36,Formosa,2023,20.3286,23.0,78.5714,1.5,87,606041,14.3555
37,Formosa,2023,23.7071,2.5,55.5714,1.0,74,606041,12.2104
38,Formosa,2023,29.594,0.0,54.6786,0.0,60,606041,9.9003
39,Formosa,2023,22.2143,0.0,59.7143,0.0,15,606041,2.4751
40,Formosa,2023,24.1143,14.25,57.75,1.0,139,606041,22.9357
41,Formosa,2023,25.5929,2.5,51.0714,0.5,134,606041,22.1107
42,Formosa,2023,29.3571,7.0,61.1429,1.0,132,606041,21.7807
43,Formosa,2023,25.9643,21.75,73.0,2.5,282,606041,46.5315
44,Formosa,2023,23.8071,24.75,64.6429,1.0,308,606041,50.8216
45,Formosa,2023,33.2357,55.0,49.9286,1.0,266,606041,43.8914
46,Formosa,2023,26.95,46.75,74.0,1.5,388,606041,64.0221
47,Formosa,2023,27.7429,75.85,68.8571,2.5,635,606041,104.7784
48,Formosa,2023,29.7857,61.0,71.5,2.0,619,606041,102.1383
49,Formosa,2023,26.0429,130.5,79.4286,3.5,241,606041,39.7663
50,Formosa,2023,32.2429,22.5,60.9286,1.0,749,606041,123.589
51,Formosa,2023,27.6714,115.85,78.7857,4.0,1016,606041,167.6454
52,Formosa,2023,27.8857,14.0,68.9286,1.5,1100,606041,181.5059
1,Formosa,2024,30.8286,0.0,58.9286,0.0,1325,606041,218.6321
2,Formosa,2024,30.7071,89.5,67.0714,2.0,1266,606041,208.8968
3,Formosa,2024,30.1929,4.7,67.8571,1.0,1238,606041,204.2766
4,Formosa,2024,27.9857,0.0,57.0714,0.0,1039,606041,171.4405
5,Formosa,2024,32.2643,0.0,50.4286,0.0,922,606041,152.1349
6,Formosa,2024,31.9714,16.5,61.2857,1.0,900,606041,148.5048
7,Formosa,2024,27.7143,49.15,69.9286,1.0,559,606041,92.238
8,Formosa,2024,29.9286,9.6,63.5,1.0,411,606041,67.8172
9,Formosa,2024,30.7786,9.65,67.0,1.5,379,606041,62.537
10,Formosa,2024,29.3929,20.75,69.3571,1.0,326,606041,53.7917
11,Formosa,2024,33.9143,2.25,56.5714,1.0,346,606041,57.0918
12,Formosa,2024,28.8929,18.75,65.4286,1.5,252,606041,41.5813
13,Formosa,2024,29.2286,0.5,62.5714,0.0,213,606041,35.1461
14,Formosa,2024,28.0857,103.5,79.3571,3.5,201,606041,33.1661
15,Formosa,2024,23.6357,80.75,92.3571,4.0,166,606041,27.3909
16,Formosa,2024,22.4071,4.5,74.7857,0.5,153,606041,25.2458
17,Formosa,2024,26.4357,44.75,82.5714,2.5,139,606041,22.9357
18,Formosa,2024,24.2357,38.85,83.9286,1.5,137,606041,22.6057
19,Formosa,2024,22.35,4.95,78.0714,1.0,201,606041,33.1661
20,Formosa,2024,14.0,0.4,79.5,0.0,138,606041,22.7707
21,Formosa,2024,15.6857,1.8,76.3571,0.5,29,606041,4.7852
22,Formosa,2024,15.7857,0.0,69.7143,0.0,30,606041,4.9502
23,Formosa,2024,22.0929,0.0,66.5714,0.0,22,606041,3.6301
24,Formosa,2024,25.3643,4.5,62.7143,1.0,38,606041,6.2702
25,Formosa,2024,22.9286,4.05,83.5714,1.0,35,606041,5.7752
26,Formosa,2024,13.45,1.0,70.8571,0.5,28,606041,4.6201
27,Formosa,2024,16.0357,3.95,69.1429,1.0,11,606041,1.8151
28,Formosa,2024,9.8571,0.25,64.4286,0.0,7,606041,1.155
29,Formosa,2024,17.9214,0.05,69.7857,0.0,3,606041,0.495
30,Formosa,2024,21.7714,3.75,68.6429,0.5,3,606041,0.495
31,Formosa,2024,22.6071,1.5,62.0,0.5,8,606041,1.32
32,Formosa,2024,16.7857,29.5,64.8571,1.5,7,606041,1.155
33,Formosa,2024,20.4143,0.0,57.5,0.0,9,606041,1.485
34,Formosa,2024,15.6286,16.0,75.1429,1.5,5,606041,0.825
35,Formosa,2024,18.2857,0.0,60.7143,0.0,5,606041,0.825
36,Formosa,2024,20.9714,0.0,58.3571,0.0,6,606041,0.99
37,Formosa,2024,22.2357,0.0,64.5714,0.0,5,606041,0.825
38,Formosa,2024,27.0,5.0,52.5,0.5,5,606041,0.825
39,Formosa,2024,25.3929,26.0,62.8571,1.5,6,606041,0.99
40,Formosa,2024,26.8571,9.15,52.2143,1.0,6,606041,0.99
41,Formosa,2024,24.2286,53.75,72.0714,3.5,8,606041,1.32
42,Formosa,2024,25.1857,26.2,73.8571,1.5,4,606041,0.66
43,Formosa,2024,27.3143,0.0,56.2857,0.0,10,606041,1.6501
44,Formosa,2024,27.2714,27.9,66.0,1.5,8,606041,1.32
45,Formosa,2024,26.6857,26.9,70.2143,1.0,12,606041,1.9801
46,Formosa,2024,27.35,7.4,51.2143,0.5,18,606041,2.9701
47,Formosa,2024,27.1214,36.65,75.4286,1.0,21,606041,3.4651
48,Formosa,2024,30.1857,52.25,66.7857,3.5,8,606041,1.32
49,Formosa,2024,25.1429,16.0,71.7143,3.0,13,606041,2.1451
50,Formosa,2024,25.5929,61.25,71.8571,2.0,12,606041,1.9801
51,Formosa,2024,27.4357,64.0,67.1429,1.0,13,606041,2.1451
52,Formosa,2024,25.8071,11.0,62.2857,1.0,15,606041,2.4751
1,Formosa,2025,29.5643,16.5,56.9286,0.5,14,606041,2.3101
2,Formosa,2025,29.3571,0.0,48.3571,0.0,17,606041,2.8051
3,Formosa,2025,31.6929,2.25,49.1429,0.5,17,606041,2.8051
4,Formosa,2025,29.6929,31.0,60.5,2.0,16,606041,2.6401
5,Formosa,2025,29.8429,17.8,63.1429,1.0,13,606041,2.1451
6,Formosa,2025,33.1143,0.0,52.1429,0.0,6,606041,0.99
7,Formosa,2025,32.7,12.0,54.5,0.5,2,606041,0.33
8,Formosa,2025,28.8429,55.25,73.7143,2.5,5,606041,0.825
9,Formosa,2025,31.4571,0.0,61.0714,0.0,5,606041,0.825
10,Formosa,2025,31.0643,15.5,57.2143,1.5,5,606041,0.825
11,Formosa,2025,24.5714,7.5,69.2857,1.0,8,606041,1.32
12,Formosa,2025,25.4143,32.75,71.5714,3.0,1,606041,0.165
13,Formosa,2025,25.0286,75.25,85.5,4.0,6,606041,0.99
14,Formosa,2025,19.7143,29.85,79.8571,2.5,4,606041,0.66
15,Formosa,2025,20.9,27.75,80.8571,2.0,5,606041,0.825
16,Formosa,2025,24.2071,0.0,72.0714,0.0,5,606041,0.825
17,Formosa,2025,21.9357,34.15,84.0,2.5,5,606041,0.825
18,Formosa,2025,21.0143,14.5,73.1429,1.0,9,606041,1.485
19,Formosa,2025,23.8357,57.4,82.2143,4.0,3,606041,0.495
20,Formosa,2025,23.6071,21.75,74.5714,0.5,10,606041,1.6501
21,Formosa,2025,21.3143,45.65,89.9286,2.5,7,606041,1.155
22,Formosa,2025,15.4071,3.0,74.2143,1.0,5,606041,0.825
23,Formosa,2025,18.4929,0.5,83.0,0.0,9,606041,1.485
24,Formosa,2025,15.4571,15.75,75.7857,1.0,11,606041,1.8151
25,Formosa,2025,16.2714,32.45,94.1429,4.0,7,606041,1.155
26,Formosa,2025,11.7286,18.05,75.5,1.0,8,606041,1.32
27,Formosa,2025,12.35,0.0,68.6429,0.0,5,606041,0.825
28,Formosa,2025,19.5929,0.0,72.8571,0.0,4,606041,0.66
29,Formosa,2025,17.3857,0.0,66.8571,0.0,3,606041,0.495
30,Formosa,2025,19.7857,34.5,80.6429,3.0,4,606041,0.66
31,Formosa,2025,20.0429,2.0,66.6429,0.5,1,606041,0.165
32,Formosa,2025,15.6143,0.85,74.5,0.0,1,606041,0.165
33,Formosa,2025,17.7714,1.0,64.7143,0.5,0,606041,0.0
34,Formosa,2025,20.1714,20.75,68.3571,2.5,0,606041,0.0
35,Formosa,2025,20.6643,0.5,56.4286,0.0,0,606041,0.0
36,Formosa,2025,17.4143,7.0,67.1429,1.0,0,606041,0.0
37,Formosa,2025,22.5786,24.0,67.9286,1.0,0,606041,0.0
38,Formosa,2025,27.5071,11.5,64.7143,1.5,0,606041,0.0
39,Formosa,2025,22.5143,2.0,53.9286,0.5,0,606041,0.0
40,Formosa,2025,25.6857,37.45,73.2857,2.5,0,606041,0.0
41,Formosa,2025,22.2571,4.5,60.0,0.5,0,606041,0.0
42,Formosa,2025,24.6,12.5,59.6429,1.5,0,606041,0.0
1,Jujuy,2018,19.5476,16.6,69.0952,2.6667,0,797955,0.0
2,Jujuy,2018,19.3,29.8667,71.9048,3.0,0,797955,0.0
3,Jujuy,2018,19.1619,12.8333,75.4762,2.3333,0,797955,0.0
4,Jujuy,2018,19.4381,62.5667,81.6667,4.0,0,797955,0.0
5,Jujuy,2018,19.5714,34.0333,79.0,2.3333,0,797955,0.0
6,Jujuy,2018,20.1476,66.6667,74.0476,4.3333,0,797955,0.0
7,Jujuy,2018,17.5571,29.7667,79.6667,2.6667,0,797955,0.0
8,Jujuy,2018,18.1048,29.1667,75.7619,2.0,0,797955,0.0
9,Jujuy,2018,18.2286,29.6333,81.0952,2.0,0,797955,0.0
10,Jujuy,2018,18.3048,31.8333,76.381,3.0,0,797955,0.0
11,Jujuy,2018,19.881,14.7667,75.9048,1.3333,0,797955,0.0
12,Jujuy,2018,17.2952,7.4667,73.6667,1.0,0,797955,0.0
13,Jujuy,2018,15.9857,25.5333,73.2857,1.0,0,797955,0.0
14,Jujuy,2018,17.4762,57.7667,75.4286,1.6667,0,797955,0.0
15,Jujuy,2018,16.8905,20.7,78.5714,1.0,0,797955,0.0
16,Jujuy,2018,17.419,0.0,73.7143,0.0,0,797955,0.0
17,Jujuy,2018,18.619,25.9333,78.619,2.0,0,797955,0.0
18,Jujuy,2018,18.2905,15.7667,76.5238,2.0,0,797955,0.0
19,Jujuy,2018,15.2762,3.6667,71.7143,1.3333,0,797955,0.0
20,Jujuy,2018,12.4952,2.4,66.5714,1.0,0,797955,0.0
21,Jujuy,2018,10.6571,0.0,62.7143,0.0,0,797955,0.0
22,Jujuy,2018,9.6333,3.7333,65.5714,1.0,0,797955,0.0
23,Jujuy,2018,8.4667,0.0,63.4286,0.0,0,797955,0.0
24,Jujuy,2018,6.9143,0.0,64.2381,0.0,0,797955,0.0
25,Jujuy,2018,10.1048,0.3333,56.9048,0.0,0,797955,0.0
26,Jujuy,2018,9.6381,0.0,55.6667,0.0,0,797955,0.0
27,Jujuy,2018,8.5857,5.7333,64.1429,1.0,0,797955,0.0
1,Jujuy,2019,20.7667,38.3,72.2857,3.0,0,797955,0.0
2,Jujuy,2019,19.8619,16.7333,67.5238,2.0,0,797955,0.0
3,Jujuy,2019,18.3286,33.5,75.8095,4.0,0,797955,0.0
4,Jujuy,2019,22.8619,2.5,61.7619,0.6667,0,797955,0.0
5,Jujuy,2019,19.7286,35.5,73.5714,3.3333,0,797955,0.0
6,Jujuy,2019,19.7238,12.2667,67.4762,1.6667,0,797955,0.0
7,Jujuy,2019,18.3714,30.3667,71.7143,2.3333,2,797955,0.2506
8,Jujuy,2019,22.1825,4.0333,62.6349,0.6667,1,797955,0.1253
9,Jujuy,2019,18.2,9.1333,72.0,2.3333,4,797955,0.5013
10,Jujuy,2019,19.0333,71.6667,74.619,4.3333,10,797955,1.2532
11,Jujuy,2019,17.6714,13.9667,71.9048,2.3333,13,797955,1.6292
12,Jujuy,2019,16.0857,11.3333,73.6667,1.6667,7,797955,0.8772
13,Jujuy,2019,15.5952,31.2333,79.1905,3.0,20,797955,2.5064
14,Jujuy,2019,16.3048,55.4667,73.4286,2.6667,33,797955,4.1356
15,Jujuy,2019,15.5952,1.5,66.8095,0.3333,41,797955,5.1381
16,Jujuy,2019,18.1286,13.6,69.4286,1.3333,37,797955,4.6369
17,Jujuy,2019,14.1095,10.7333,73.5238,3.0,69,797955,8.6471
18,Jujuy,2019,15.2,1.9333,66.7619,0.3333,66,797955,8.2711
19,Jujuy,2019,14.6952,0.3,68.9048,0.0,93,797955,11.6548
20,Jujuy,2019,11.881,0.0,65.2857,0.0,73,797955,9.1484
21,Jujuy,2019,9.6143,5.3333,62.0952,0.6667,48,797955,6.0154
22,Jujuy,2019,11.4143,0.1,68.4762,0.0,9,797955,1.1279
23,Jujuy,2019,10.5476,0.6667,64.7619,0.3333,16,797955,2.0051
24,Jujuy,2019,11.6619,5.9,69.9524,1.3333,7,797955,0.8772
25,Jujuy,2019,9.4048,0.0,65.0476,0.0,4,797955,0.5013
26,Jujuy,2019,10.2905,2.1333,63.8571,0.6667,0,797955,0.0
27,Jujuy,2019,8.3667,1.6,69.1429,0.3333,0,797955,0.0
28,Jujuy,2019,11.0,0.1667,64.2857,0.0,0,797955,0.0
29,Jujuy,2019,11.8524,0.2,59.1905,0.0,1,797955,0.1253
30,Jujuy,2019,7.781,0.1333,51.0476,0.0,0,797955,0.0
31,Jujuy,2019,8.9667,0.2,48.0,0.0,0,797955,0.0
32,Jujuy,2019,9.6524,0.0,45.1429,0.0,0,797955,0.0
33,Jujuy,2019,11.8095,0.0,49.8095,0.0,0,797955,0.0
34,Jujuy,2019,12.2667,0.0,51.0476,0.0,0,797955,0.0
35,Jujuy,2019,16.1762,0.0,46.6667,0.0,0,797955,0.0
36,Jujuy,2019,12.6048,0.0,54.2857,0.0,0,797955,0.0
37,Jujuy,2019,15.0952,0.5,49.5238,0.0,0,797955,0.0
38,Jujuy,2019,15.3286,0.7667,44.619,0.3333,0,797955,0.0
39,Jujuy,2019,19.3905,0.0,45.8095,0.0,0,797955,0.0
40,Jujuy,2019,17.0429,0.0,50.0952,0.0,0,797955,0.0
41,Jujuy,2019,20.7095,9.0,49.2381,0.6667,0,797955,0.0
42,Jujuy,2019,13.8333,4.4667,69.3333,1.0,0,797955,0.0
43,Jujuy,2019,20.0905,0.0,47.5714,0.0,0,797955,0.0
44,Jujuy,2019,22.0429,4.6667,59.4762,1.0,0,797955,0.0
45,Jujuy,2019,20.2143,11.4667,65.9048,2.0,0,797955,0.0
46,Jujuy,2019,20.5952,4.2333,58.381,0.6667,0,797955,0.0
47,Jujuy,2019,21.981,16.0667,57.7143,1.0,0,797955,0.0
48,Jujuy,2019,21.0286,28.1333,63.4762,2.0,0,797955,0.0
49,Jujuy,2019,18.8286,31.8333,71.8571,1.3333,0,797955,0.0
50,Jujuy,2019,20.5571,9.5333,67.381,1.3333,0,797955,0.0
51,Jujuy,2019,19.7952,12.0,65.0476,1.3333,0,797955,0.0
52,Jujuy,2019,21.7619,4.1333,63.9524,1.3333,0,797955,0.0
1,Jujuy,2020,20.6571,37.3,69.0952,3.3333,0,797955,0.0
2,Jujuy,2020,22.0238,37.2667,65.3333,2.0,0,797955,0.0
3,Jujuy,2020,20.1095,30.6,77.5238,1.6667,3,797955,0.376
4,Jujuy,2020,21.3857,47.2,68.5238,2.3333,4,797955,0.5013
5,Jujuy,2020,19.3476,27.0667,71.5238,3.3333,8,797955,1.0026
6,Jujuy,2020,21.019,88.4,73.7143,3.3333,24,797955,3.0077
7,Jujuy,2020,19.0905,59.7,79.0,2.6667,15,797955,1.8798
8,Jujuy,2020,17.8952,19.3333,78.9048,3.0,21,797955,2.6317
9,Jujuy,2020,18.7952,20.8667,74.4762,2.0,39,797955,4.8875
10,Jujuy,2020,19.9429,2.0,65.3333,0.6667,86,797955,10.7776
11,Jujuy,2020,20.8429,20.3667,68.3333,2.6667,124,797955,15.5397
12,Jujuy,2020,18.4143,10.4,76.4286,2.0,292,797955,36.5935
13,Jujuy,2020,19.0762,26.1667,73.8095,2.3333,510,797955,63.9134
14,Jujuy,2020,17.781,58.3333,79.4286,3.0,448,797955,56.1435
15,Jujuy,2020,14.9,7.8667,72.619,1.6667,279,797955,34.9644
16,Jujuy,2020,14.4333,0.1,70.1429,0.0,643,797955,80.581
17,Jujuy,2020,18.2905,1.1667,70.1905,0.3333,676,797955,84.7166
18,Jujuy,2020,16.2286,2.2333,75.381,0.6667,587,797955,73.563
19,Jujuy,2020,13.4286,0.6667,66.619,0.3333,629,797955,78.8265
20,Jujuy,2020,12.7571,0.0,59.6667,0.0,443,797955,55.5169
21,Jujuy,2020,11.7905,2.3333,59.9048,0.6667,264,797955,33.0846
22,Jujuy,2020,12.0524,1.0,58.0,0.3333,93,797955,11.6548
23,Jujuy,2020,9.2571,3.0,63.0476,0.6667,25,797955,3.133
24,Jujuy,2020,11.5381,0.0,69.5238,0.0,8,797955,1.0026
25,Jujuy,2020,12.7952,0.0,59.9048,0.0,6,797955,0.7519
26,Jujuy,2020,9.5429,1.0,63.619,0.3333,3,797955,0.376
27,Jujuy,2020,8.4952,0.0,53.0476,0.0,0,797955,0.0
28,Jujuy,2020,7.6762,0.0,55.8571,0.0,1,797955,0.1253
29,Jujuy,2020,11.0,0.0,55.5714,0.0,0,797955,0.0
30,Jujuy,2020,9.2381,3.4667,61.2381,0.6667,0,797955,0.0
31,Jujuy,2020,9.7905,0.0,46.381,0.0,0,797955,0.0
32,Jujuy,2020,15.1524,0.0,56.4762,0.0,0,797955,0.0
33,Jujuy,2020,11.2238,0.0,39.3333,0.0,0,797955,0.0
34,Jujuy,2020,9.4238,0.0,48.2381,0.0,0,797955,0.0
35,Jujuy,2020,16.2381,1.8,48.9524,0.3333,0,797955,0.0
36,Jujuy,2020,12.6238,0.8667,50.3333,0.3333,0,797955,0.0
37,Jujuy,2020,16.8667,0.3333,48.8095,0.0,0,797955,0.0
38,Jujuy,2020,14.9714,5.0,52.0,1.0,0,797955,0.0
39,Jujuy,2020,18.4476,0.0,39.0476,0.0,0,797955,0.0
40,Jujuy,2020,18.7095,0.0,43.4762,0.0,0,797955,0.0
41,Jujuy,2020,19.7143,0.2667,46.8095,0.0,0,797955,0.0
42,Jujuy,2020,19.7619,6.6667,51.2381,0.6667,0,797955,0.0
43,Jujuy,2020,22.319,3.5333,55.2381,1.0,0,797955,0.0
44,Jujuy,2020,17.6476,12.4667,52.619,0.6667,0,797955,0.0
45,Jujuy,2020,20.5048,1.2,45.5238,0.3333,0,797955,0.0
46,Jujuy,2020,20.5,10.7667,62.2381,1.3333,0,797955,0.0
47,Jujuy,2020,18.6381,6.6,56.0952,1.0,0,797955,0.0
48,Jujuy,2020,22.6714,17.6,58.8095,2.0,0,797955,0.0
49,Jujuy,2020,18.2,22.2333,70.6667,2.6667,0,797955,0.0
50,Jujuy,2020,21.8286,9.4667,54.2381,1.3333,0,797955,0.0
51,Jujuy,2020,20.9095,9.1667,60.9048,1.0,0,797955,0.0
52,Jujuy,2020,21.1429,17.6667,61.5238,2.3333,0,797955,0.0
53,Jujuy,2020,20.1381,38.2,72.4286,3.6667,0,797955,0.0
1,Jujuy,2021,18.5429,48.3333,75.8571,4.0,0,797955,0.0
2,Jujuy,2021,20.3952,48.1667,71.9524,3.3333,0,797955,0.0
3,Jujuy,2021,18.9476,28.3333,67.0476,2.3333,0,797955,0.0
4,Jujuy,2021,20.3429,8.8667,63.4286,1.6667,0,797955,0.0
5,Jujuy,2021,18.9714,21.0667,70.7143,2.3333,0,797955,0.0
6,Jujuy,2021,17.5143,35.5,73.4286,2.6667,0,797955,0.0
7,Jujuy,2021,18.4,34.5,74.2381,4.0,1,797955,0.1253
8,Jujuy,2021,20.3333,41.3333,73.5714,3.3333,0,797955,0.0
9,Jujuy,2021,18.781,34.2,74.9048,3.3333,0,797955,0.0
10,Jujuy,2021,19.0667,48.0333,72.7619,2.3333,3,797955,0.376
11,Jujuy,2021,16.9571,45.7,78.1429,3.0,5,797955,0.6266
12,Jujuy,2021,16.5714,27.3333,80.381,3.3333,9,797955,1.1279
13,Jujuy,2021,16.3143,1.6,78.381,0.3333,11,797955,1.3785
14,Jujuy,2021,18.8762,15.0667,74.381,2.0,10,797955,1.2532
15,Jujuy,2021,16.7952,6.3333,75.2381,1.0,13,797955,1.6292
16,Jujuy,2021,16.1619,9.6333,72.4762,1.3333,33,797955,4.1356
17,Jujuy,2021,12.8714,0.0,68.9524,0.0,36,797955,4.5115
18,Jujuy,2021,11.9429,2.5667,67.0,0.6667,24,797955,3.0077
19,Jujuy,2021,11.4667,3.6,70.0476,0.6667,13,797955,1.6292
20,Jujuy,2021,12.7429,0.6667,62.0476,0.3333,5,797955,0.6266
21,Jujuy,2021,11.7,0.0,59.1429,0.0,11,797955,1.3785
22,Jujuy,2021,11.4429,0.0,61.8571,0.0,5,797955,0.6266
23,Jujuy,2021,9.8571,0.0,64.7143,0.0,7,797955,0.8772
24,Jujuy,2021,6.5667,5.1333,72.7143,1.3333,2,797955,0.2506
25,Jujuy,2021,7.2714,2.6667,66.5238,0.6667,1,797955,0.1253
26,Jujuy,2021,5.981,0.0,58.619,0.0,0,797955,0.0
27,Jujuy,2021,11.2524,0.0,57.1905,0.0,0,797955,0.0
28,Jujuy,2021,11.1857,0.3333,61.2381,0.0,0,797955,0.0
29,Jujuy,2021,11.0429,0.0,53.9048,0.0,0,797955,0.0
30,Jujuy,2021,7.9381,0.0,56.8571,0.0,0,797955,0.0
1,Jujuy,2022,20.9762,10.5,66.7619,1.6667,0,797955,0.0
2,Jujuy,2022,22.7762,9.3333,52.5714,1.3333,0,797955,0.0
3,Jujuy,2022,20.6048,99.8333,75.0476,4.0,0,797955,0.0
4,Jujuy,2022,18.9333,90.4667,79.381,4.6667,0,797955,0.0
5,Jujuy,2022,18.3333,49.2667,73.6667,3.3333,0,797955,0.0
6,Jujuy,2022,17.6333,13.2333,73.2857,2.0,0,797955,0.0
7,Jujuy,2022,19.7571,4.9333,69.8571,1.3333,0,797955,0.0
8,Jujuy,2022,20.2333,32.6,76.1429,2.3333,0,797955,0.0
9,Jujuy,2022,20.9238,34.3333,72.619,2.0,0,797955,0.0
10,Jujuy,2022,17.5,86.9,79.2857,3.3333,0,797955,0.0
11,Jujuy,2022,16.9143,9.1,73.4286,1.6667,0,797955,0.0
12,Jujuy,2022,17.1952,1.1667,68.7143,0.3333,0,797955,0.0
13,Jujuy,2022,14.9667,1.3333,63.619,0.3333,0,797955,0.0
14,Jujuy,2022,17.9476,5.1,71.8095,1.3333,0,797955,0.0
15,Jujuy,2022,14.4,21.0,70.0952,1.6667,0,797955,0.0
16,Jujuy,2022,15.581,0.0667,63.8095,0.0,0,797955,0.0
17,Jujuy,2022,15.1524,2.3,65.2857,0.6667,0,797955,0.0
18,Jujuy,2022,11.7952,0.5333,64.6667,0.0,0,797955,0.0
19,Jujuy,2022,12.2,5.7333,64.619,0.6667,0,797955,0.0
20,Jujuy,2022,9.0333,2.6667,69.7619,0.6667,0,797955,0.0
21,Jujuy,2022,11.6333,0.2667,62.8571,0.0,0,797955,0.0
22,Jujuy,2022,8.0048,0.1,65.7619,0.0,0,797955,0.0
23,Jujuy,2022,9.3333,0.0,68.0952,0.0,0,797955,0.0
24,Jujuy,2022,7.4476,0.0,56.1905,0.0,0,797955,0.0
25,Jujuy,2022,7.6381,0.4,63.8571,0.0,0,797955,0.0
26,Jujuy,2022,9.219,0.0,57.0,0.0,0,797955,0.0
27,Jujuy,2022,11.6857,0.0,60.1429,0.0,0,797955,0.0
28,Jujuy,2022,8.2,0.0,54.7619,0.0,0,797955,0.0
29,Jujuy,2022,11.619,0.0,56.619,0.0,0,797955,0.0
30,Jujuy,2022,13.9333,1.3667,61.381,0.3333,0,797955,0.0
31,Jujuy,2022,11.9381,0.0,53.7143,0.0,0,797955,0.0
32,Jujuy,2022,9.9238,1.9,54.6667,0.3333,0,797955,0.0
33,Jujuy,2022,10.7857,0.0,39.1429,0.0,0,797955,0.0
34,Jujuy,2022,14.2524,0.0,41.4762,0.0,0,797955,0.0
35,Jujuy,2022,12.1905,0.0,46.0952,0.0,0,797955,0.0
36,Jujuy,2022,13.9905,0.0,35.4286,0.0,0,797955,0.0
37,Jujuy,2022,14.8571,0.0,38.5238,0.0,0,797955,0.0
38,Jujuy,2022,14.3571,1.0,46.2381,0.3333,0,797955,0.0
39,Jujuy,2022,14.0,7.6667,52.8571,1.0,0,797955,0.0
40,Jujuy,2022,17.3381,0.0,38.8095,0.0,0,797955,0.0
41,Jujuy,2022,15.2524,0.0,46.9524,0.0,0,797955,0.0
42,Jujuy,2022,17.0952,1.3667,59.5238,0.3333,0,797955,0.0
43,Jujuy,2022,21.9667,0.0,41.0,0.0,0,797955,0.0
44,Jujuy,2022,15.3095,0.0,38.8571,0.0,0,797955,0.0
45,Jujuy,2022,20.8524,0.0,41.8571,0.0,0,797955,0.0
46,Jujuy,2022,22.2571,1.3333,45.381,0.6667,0,797955,0.0
47,Jujuy,2022,20.4667,2.8667,47.2381,1.0,0,797955,0.0
48,Jujuy,2022,19.2762,19.0333,58.0476,2.6667,0,797955,0.0
49,Jujuy,2022,23.381,21.5,53.3333,2.0,0,797955,0.0
50,Jujuy,2022,20.6333,11.8333,60.0952,1.0,0,797955,0.0
1,Jujuy,2023,19.5524,18.7,57.2381,2.3333,0,797955,0.0
2,Jujuy,2023,20.281,7.6667,57.4762,2.0,0,797955,0.0
3,Jujuy,2023,23.1762,27.8333,50.7143,1.3333,0,797955,0.0
4,Jujuy,2023,20.4952,42.3333,71.5714,2.6667,2,797955,0.2506
5,Jujuy,2023,19.1714,28.5667,71.8095,3.0,6,797955,0.7519
6,Jujuy,2023,20.8143,14.3333,64.9524,2.3333,19,797955,2.3811
7,Jujuy,2023,17.6619,27.9333,69.8095,3.3333,52,797955,6.5167
8,Jujuy,2023,19.2952,11.8333,67.8571,1.0,63,797955,7.8952
9,Jujuy,2023,20.4905,24.1,68.5238,2.0,45,797955,5.6394
10,Jujuy,2023,21.1571,1.6,63.7143,0.3333,151,797955,18.9234
11,Jujuy,2023,20.5714,12.0,63.9524,1.6667,342,797955,42.8596
12,Jujuy,2023,19.8667,29.4333,68.2857,1.6667,656,797955,82.2101
13,Jujuy,2023,19.3429,17.0667,74.2857,2.3333,1045,797955,130.9598
14,Jujuy,2023,16.7238,34.6,77.5714,3.0,807,797955,101.1335
15,Jujuy,2023,16.0238,14.0667,68.3333,2.0,800,797955,100.2563
16,Jujuy,2023,15.0571,16.6667,66.7143,1.6667,373,797955,46.7445
17,Jujuy,2023,15.5429,3.6667,64.4286,0.6667,333,797955,41.7317
18,Jujuy,2023,13.0429,0.5667,58.9048,0.0,197,797955,24.6881
19,Jujuy,2023,13.2905,0.0,62.0952,0.0,129,797955,16.1663
20,Jujuy,2023,15.5952,0.0333,60.3333,0.0,132,797955,16.5423
21,Jujuy,2023,14.0571,0.2667,58.381,0.0,73,797955,9.1484
22,Jujuy,2023,12.0714,0.2,60.6667,0.0,104,797955,13.0333
23,Jujuy,2023,13.1429,0.6667,57.1429,0.3333,19,797955,2.3811
24,Jujuy,2023,6.1238,0.0,53.8095,0.0,26,797955,3.2583
25,Jujuy,2023,11.4857,0.0667,57.4286,0.0,8,797955,1.0026
26,Jujuy,2023,11.8238,0.3667,60.9524,0.0,9,797955,1.1279
27,Jujuy,2023,13.2286,0.0,57.0476,0.0,9,797955,1.1279
28,Jujuy,2023,10.2,2.0,58.619,0.6667,4,797955,0.5013
29,Jujuy,2023,10.6048,0.1,57.4762,0.0,1,797955,0.1253
30,Jujuy,2023,9.9762,0.0,53.8095,0.0,0,797955,0.0
31,Jujuy,2023,15.4476,0.0,48.619,0.0,2,797955,0.2506
32,Jujuy,2023,13.0571,1.4,50.9048,0.3333,0,797955,0.0
33,Jujuy,2023,14.6381,0.0,46.7619,0.0,0,797955,0.0
34,Jujuy,2023,14.7048,0.0,35.2381,0.0,1,797955,0.1253
35,Jujuy,2023,15.4619,0.0667,43.1905,0.0,0,797955,0.0
36,Jujuy,2023,14.1714,0.2,53.5238,0.0,0,797955,0.0
37,Jujuy,2023,17.1286,0.0,34.0,0.0,0,797955,0.0
38,Jujuy,2023,20.2095,0.0,42.2381,0.0,0,797955,0.0
39,Jujuy,2023,17.3048,6.8,52.5238,0.6667,0,797955,0.0
40,Jujuy,2023,18.3429,0.0,37.4762,0.0,0,797955,0.0
41,Jujuy,2023,19.6,0.0,35.9524,0.0,0,797955,0.0
42,Jujuy,2023,20.3476,20.3333,58.8571,2.0,0,797955,0.0
43,Jujuy,2023,20.4429,4.5,54.4286,1.0,1,797955,0.1253
44,Jujuy,2023,18.5238,3.3333,51.9524,0.6667,0,797955,0.0
45,Jujuy,2023,23.8952,13.3333,47.0476,1.6667,0,797955,0.0
46,Jujuy,2023,22.5048,0.3333,46.2381,0.0,0,797955,0.0
47,Jujuy,2023,20.6333,16.5333,64.619,2.6667,0,797955,0.0
48,Jujuy,2023,23.0333,35.2667,61.1429,2.6667,0,797955,0.0
49,Jujuy,2023,19.7048,16.0,67.4286,2.0,0,797955,0.0
50,Jujuy,2023,23.6429,18.7,63.381,2.6667,0,797955,0.0
51,Jujuy,2023,20.9,56.7,72.3333,3.6667,0,797955,0.0
52,Jujuy,2023,20.4048,49.0,76.6667,3.6667,1,797955,0.1253
1,Jujuy,2024,21.4,25.5667,72.0476,2.3333,5,797955,0.6266
2,Jujuy,2024,21.8571,42.0,69.8095,1.3333,3,797955,0.376
3,Jujuy,2024,21.5905,54.3333,72.0,2.6667,5,797955,0.6266
4,Jujuy,2024,20.3714,11.1667,69.0,1.3333,8,797955,1.0026
5,Jujuy,2024,22.2571,18.6,61.7143,1.6667,30,797955,3.7596
6,Jujuy,2024,21.5143,31.1667,69.619,1.6667,26,797955,3.2583
7,Jujuy,2024,20.3619,77.1,76.9524,3.6667,108,797955,13.5346
8,Jujuy,2024,19.8571,39.9667,77.0952,2.6667,161,797955,20.1766
9,Jujuy,2024,20.5762,97.2667,77.619,3.6667,177,797955,22.1817
10,Jujuy,2024,20.0,45.5667,78.9524,3.6667,288,797955,36.0923
11,Jujuy,2024,22.9524,27.3333,74.2381,2.3333,475,797955,59.5272
12,Jujuy,2024,20.0714,0.0667,72.1429,0.0,1374,797955,172.1902
13,Jujuy,2024,19.7524,3.8,69.1905,0.6667,1704,797955,213.5459
14,Jujuy,2024,19.3095,29.6667,77.7619,3.3333,2399,797955,300.6435
15,Jujuy,2024,16.5333,31.4,80.9048,3.3333,2621,797955,328.4646
16,Jujuy,2024,16.4619,0.0,64.6667,0.0,1789,797955,224.1981
17,Jujuy,2024,18.8429,1.3333,69.9048,0.3333,1191,797955,149.2565
18,Jujuy,2024,15.519,2.4,65.0476,0.3333,861,797955,107.9008
19,Jujuy,2024,14.1286,3.7333,68.0,0.6667,603,797955,75.5682
20,Jujuy,2024,9.0381,3.4333,70.7143,0.6667,211,797955,26.4426
21,Jujuy,2024,9.0762,3.4667,66.3333,1.0,53,797955,6.642
22,Jujuy,2024,9.4476,0.0,61.5238,0.0,26,797955,3.2583
23,Jujuy,2024,12.7476,0.0,62.5714,0.0,11,797955,1.3785
24,Jujuy,2024,14.4667,0.0,61.7619,0.0,0,797955,0.0
25,Jujuy,2024,12.2865,0.8667,58.627,0.3333,6,797955,0.7519
26,Jujuy,2024,8.0762,2.2,64.7714,0.6667,2,797955,0.2506
27,Jujuy,2024,9.0381,0.0,57.0,0.0,0,797955,0.0
28,Jujuy,2024,5.4619,0.0,52.7143,0.0,0,797955,0.0
29,Jujuy,2024,8.7619,0.4333,56.619,0.3333,0,797955,0.0
30,Jujuy,2024,12.681,0.0,58.4286,0.0,0,797955,0.0
31,Jujuy,2024,12.8905,0.0,52.4762,0.0,0,797955,0.0
32,Jujuy,2024,9.9143,0.0,46.619,0.0,0,797955,0.0
33,Jujuy,2024,12.2905,0.0,46.8571,0.0,0,797955,0.0
34,Jujuy,2024,10.5762,2.2,60.7619,0.6667,0,797955,0.0
35,Jujuy,2024,12.8333,0.0,48.4286,0.0,0,797955,0.0
36,Jujuy,2024,16.2952,0.0,44.381,0.0,0,797955,0.0
37,Jujuy,2024,16.4667,0.2,52.8095,0.0,0,797955,0.0
38,Jujuy,2024,19.519,0.0,43.5714,0.0,0,797955,0.0
39,Jujuy,2024,19.1143,0.7333,53.381,0.3333,0,797955,0.0
40,Jujuy,2024,21.1857,0.0,40.0476,0.0,0,797955,0.0
41,Jujuy,2024,18.1762,12.9,61.4286,2.3333,0,797955,0.0
42,Jujuy,2024,20.7,26.3333,64.0476,1.0,0,797955,0.0
43,Jujuy,2024,20.3429,3.3,58.0952,0.3333,0,797955,0.0
44,Jujuy,2024,21.1333,41.8,60.3333,2.3333,0,797955,0.0
45,Jujuy,2024,19.6714,12.2333,72.381,2.3333,0,797955,0.0
46,Jujuy,2024,19.6619,29.5,60.4762,2.3333,0,797955,0.0
47,Jujuy,2024,19.0667,16.1667,76.1429,2.6667,0,797955,0.0
48,Jujuy,2024,22.219,76.9333,74.0,2.6667,0,797955,0.0
49,Jujuy,2024,19.5048,7.3667,63.0476,1.0,0,797955,0.0
50,Jujuy,2024,19.7667,1.6667,66.8571,0.6667,0,797955,0.0
51,Jujuy,2024,21.0238,13.0667,62.7619,1.6667,0,797955,0.0
52,Jujuy,2024,19.4048,3.7667,65.7619,1.0,0,797955,0.0
1,Jujuy,2025,21.023,53.9,71.0556,2.6667,0,797955,0.0
2,Jujuy,2025,18.9143,22.6,78.381,5.0,0,797955,0.0
3,Jujuy,2025,20.4952,5.5,62.5238,1.6667,0,797955,0.0
4,Jujuy,2025,21.2429,70.1,71.0952,2.6667,0,797955,0.0
5,Jujuy,2025,21.3905,15.6333,71.0476,1.3333,0,797955,0.0
6,Jujuy,2025,22.2619,42.7333,59.9524,1.6667,0,797955,0.0
7,Jujuy,2025,21.7143,32.4667,68.0,2.3333,0,797955,0.0
8,Jujuy,2025,20.2524,45.4667,74.0,2.0,0,797955,0.0
9,Jujuy,2025,21.5905,41.2333,69.2381,2.3333,0,797955,0.0
10,Jujuy,2025,19.3286,44.2667,77.4762,3.3333,0,797955,0.0
11,Jujuy,2025,16.1952,57.5,83.0476,3.0,0,797955,0.0
12,Jujuy,2025,18.8476,23.2,78.5714,2.3333,0,797955,0.0
13,Jujuy,2025,18.331,8.3333,74.6587,1.0,0,797955,0.0
14,Jujuy,2025,14.3143,4.8333,75.9524,1.0,0,797955,0.0
15,Jujuy,2025,15.7556,0.1,68.9683,0.0,0,797955,0.0
16,Jujuy,2025,15.9762,16.8,71.8095,1.6667,0,797955,0.0
17,Jujuy,2025,15.3333,7.0667,78.381,1.3333,0,797955,0.0
18,Jujuy,2025,15.3,0.1,75.1429,0.0,0,797955,0.0
19,Jujuy,2025,15.8619,0.0,68.2381,0.0,0,797955,0.0
20,Jujuy,2025,16.0619,0.0,67.619,0.0,0,797955,0.0
21,Jujuy,2025,13.5143,0.2667,69.5238,0.0,0,797955,0.0
22,Jujuy,2025,9.5095,1.2333,63.7143,0.3333,0,797955,0.0
23,Jujuy,2025,10.6571,0.1333,67.0476,0.0,0,797955,0.0
24,Jujuy,2025,9.5286,0.0,68.5714,0.0,0,797955,0.0
25,Jujuy,2025,9.7048,0.8667,64.8095,0.3333,0,797955,0.0
26,Jujuy,2025,7.1333,2.7,63.381,0.6667,0,797955,0.0
27,Jujuy,2025,6.3619,0.3667,69.5714,0.0,0,797955,0.0
28,Jujuy,2025,12.0952,1.5333,69.1429,0.3333,0,797955,0.0
29,Jujuy,2025,11.0238,0.4,62.5238,0.3333,0,797955,0.0
30,Jujuy,2025,11.3619,0.2667,63.9524,0.0,0,797955,0.0
31,Jujuy,2025,12.0714,0.1667,59.2857,0.0,0,797955,0.0
32,Jujuy,2025,10.1714,3.9333,57.4286,0.6667,0,797955,0.0
33,Jujuy,2025,11.6048,0.0,56.4286,0.0,0,797955,0.0
34,Jujuy,2025,13.1619,0.0,45.381,0.0,0,797955,0.0
35,Jujuy,2025,13.0143,0.0,41.3333,0.0,0,797955,0.0
36,Jujuy,2025,11.9048,2.0667,57.381,0.6667,0,797955,0.0
37,Jujuy,2025,17.1381,0.0,47.619,0.0,0,797955,0.0
38,Jujuy,2025,20.0476,3.9,56.0,0.3333,0,797955,0.0
39,Jujuy,2025,17.4476,0.0,47.8095,0.0,0,797955,0.0
40,Jujuy,2025,19.2429,4.8333,52.381,0.6667,0,797955,0.0
41,Jujuy,2025,17.0762,0.0,45.1984,0.0,0,797955,0.0
42,Jujuy,2025,18.7952,32.0667,59.8571,2.3333,0,797955,0.0
1,La Pampa,2018,24.5214,6.0,40.0714,0.5,0,366022,0.0
2,La Pampa,2018,26.6071,9.0,52.4286,1.0,0,366022,0.0
3,La Pampa,2018,25.5857,8.55,51.4286,0.5,0,366022,0.0
4,La Pampa,2018,22.6714,24.0,57.0714,2.5,0,366022,0.0
5,La Pampa,2018,26.5286,0.0,57.5,0.0,0,366022,0.0
6,La Pampa,2018,24.5286,0.6,46.5,0.0,0,366022,0.0
7,La Pampa,2018,25.2143,2.0,53.3571,0.5,0,366022,0.0
8,La Pampa,2018,21.2,10.1,65.0,1.0,0,366022,0.0
9,La Pampa,2018,24.9143,18.25,62.9286,1.0,0,366022,0.0
10,La Pampa,2018,20.7214,4.5,58.5714,0.5,0,366022,0.0
11,La Pampa,2018,19.3214,10.1,43.1429,1.0,0,366022,0.0
12,La Pampa,2018,16.1143,1.55,56.0,0.5,0,366022,0.0
13,La Pampa,2018,19.4357,6.0,59.6429,0.5,0,366022,0.0
14,La Pampa,2018,17.85,0.7,68.2857,0.0,0,366022,0.0
15,La Pampa,2018,18.1429,3.25,64.1429,1.0,0,366022,0.0
16,La Pampa,2018,20.5929,11.0,74.7857,1.0,0,366022,0.0
17,La Pampa,2018,17.7857,9.7,78.6429,2.0,0,366022,0.0
18,La Pampa,2018,13.6714,30.85,90.3571,3.0,0,366022,0.0
19,La Pampa,2018,15.6,8.75,82.9286,1.5,0,366022,0.0
20,La Pampa,2018,11.4286,3.55,73.1429,1.0,0,366022,0.0
21,La Pampa,2018,10.8929,0.0,71.2143,0.0,0,366022,0.0
22,La Pampa,2018,8.4214,3.4,78.9286,0.5,0,366022,0.0
23,La Pampa,2018,7.6286,0.0,70.2143,0.0,0,366022,0.0
24,La Pampa,2018,4.9071,11.2,79.0714,1.5,0,366022,0.0
25,La Pampa,2018,7.9429,0.0,59.6429,0.0,0,366022,0.0
26,La Pampa,2018,10.3571,3.5,67.8571,1.0,0,366022,0.0
27,La Pampa,2018,5.7786,3.75,83.3571,1.0,0,366022,0.0
1,La Pampa,2019,22.9429,36.4,63.7857,2.5,0,366022,0.0
2,La Pampa,2019,20.8071,80.4,62.6429,3.5,0,366022,0.0
3,La Pampa,2019,21.5,3.0,64.0714,0.5,0,366022,0.0
4,La Pampa,2019,25.4071,13.35,72.5714,1.0,0,366022,0.0
5,La Pampa,2019,24.95,11.0,63.3571,0.5,0,366022,0.0
6,La Pampa,2019,23.6143,0.4,67.1429,0.0,0,366022,0.0
7,La Pampa,2019,20.5857,5.0,63.6429,0.5,0,366022,0.0
8,La Pampa,2019,24.1143,29.75,63.6429,1.5,0,366022,0.0
9,La Pampa,2019,19.1929,7.0,56.0,1.0,0,366022,0.0
10,La Pampa,2019,19.3357,1.0,66.0714,0.5,0,366022,0.0
11,La Pampa,2019,18.7429,24.5,79.8571,2.5,0,366022,0.0
12,La Pampa,2019,16.3857,0.95,64.8571,0.0,0,366022,0.0
13,La Pampa,2019,17.7571,3.0,73.0714,1.0,0,366022,0.0
14,La Pampa,2019,19.4571,0.45,59.2857,0.0,0,366022,0.0
15,La Pampa,2019,18.0929,0.1,61.1429,0.0,0,366022,0.0
16,La Pampa,2019,17.2286,0.0,64.8571,0.0,0,366022,0.0
17,La Pampa,2019,15.1643,20.0,77.1429,1.5,0,366022,0.0
18,La Pampa,2019,15.7071,0.0,61.6429,0.0,0,366022,0.0
19,La Pampa,2019,13.1286,35.5,76.4286,3.0,0,366022,0.0
20,La Pampa,2019,12.9429,6.5,70.6429,0.5,0,366022,0.0
21,La Pampa,2019,9.4214,7.0,76.7143,0.5,0,366022,0.0
22,La Pampa,2019,9.1429,1.75,84.5,0.5,0,366022,0.0
23,La Pampa,2019,11.1214,0.0,73.7143,0.0,0,366022,0.0
24,La Pampa,2019,8.6286,20.45,88.5,3.0,0,366022,0.0
25,La Pampa,2019,9.7857,1.75,77.6429,0.5,0,366022,0.0
26,La Pampa,2019,7.4,3.15,69.5,1.0,0,366022,0.0
27,La Pampa,2019,5.6429,0.0,68.5714,0.0,0,366022,0.0
28,La Pampa,2019,6.9214,0.0,80.0714,0.0,0,366022,0.0
29,La Pampa,2019,9.7643,0.0,66.2143,0.0,0,366022,0.0
30,La Pampa,2019,6.6286,0.0,64.0,0.0,0,366022,0.0
31,La Pampa,2019,10.1071,0.0,55.9286,0.0,0,366022,0.0
32,La Pampa,2019,8.85,0.0,51.0714,0.0,0,366022,0.0
33,La Pampa,2019,7.0571,0.0,63.3571,0.0,0,366022,0.0
34,La Pampa,2019,9.4714,1.75,72.6429,0.5,0,366022,0.0
35,La Pampa,2019,13.7,1.0,57.8571,0.5,0,366022,0.0
36,La Pampa,2019,7.1714,0.4,60.0714,0.0,0,366022,0.0
37,La Pampa,2019,11.6786,5.75,69.7143,0.5,0,366022,0.0
38,La Pampa,2019,13.0643,0.0,37.5,0.0,0,366022,0.0
39,La Pampa,2019,20.3929,2.35,47.7857,1.0,0,366022,0.0
40,La Pampa,2019,13.7786,0.0,44.0714,0.0,0,366022,0.0
41,La Pampa,2019,18.8643,1.25,39.5,0.5,0,366022,0.0
42,La Pampa,2019,14.0571,13.45,67.7857,1.5,0,366022,0.0
43,La Pampa,2019,18.4571,3.5,51.2857,0.5,0,366022,0.0
44,La Pampa,2019,18.9857,11.4,53.0714,1.0,0,366022,0.0
45,La Pampa,2019,21.1214,2.5,44.3571,0.5,0,366022,0.0
46,La Pampa,2019,25.1214,20.0,51.8571,1.5,0,366022,0.0
47,La Pampa,2019,22.7857,49.0,53.1429,2.5,0,366022,0.0
48,La Pampa,2019,19.8357,7.15,52.5714,1.0,0,366022,0.0
49,La Pampa,2019,21.8929,4.5,45.2857,0.5,0,366022,0.0
50,La Pampa,2019,24.6357,0.5,31.7143,0.0,0,366022,0.0
51,La Pampa,2019,23.55,51.5,48.9286,2.0,0,366022,0.0
52,La Pampa,2019,24.1643,30.0,63.5,2.5,0,366022,0.0
1,La Pampa,2020,24.0143,31.0,69.7143,2.0,0,366022,0.0
2,La Pampa,2020,23.2857,3.35,49.7857,0.5,0,366022,0.0
3,La Pampa,2020,22.4929,56.5,63.7143,1.5,0,366022,0.0
4,La Pampa,2020,26.7429,68.0,64.1429,1.0,0,366022,0.0
5,La Pampa,2020,23.4571,23.75,60.9286,1.5,0,366022,0.0
6,La Pampa,2020,23.15,35.5,73.2143,1.5,0,366022,0.0
7,La Pampa,2020,22.7714,32.9,66.2857,3.0,0,366022,0.0
8,La Pampa,2020,18.55,15.5,62.9286,1.0,0,366022,0.0
9,La Pampa,2020,23.1357,0.0,55.6429,0.0,2,366022,0.5464
10,La Pampa,2020,25.6571,2.0,58.4286,0.5,0,366022,0.0
11,La Pampa,2020,20.2214,86.9,78.2143,3.5,1,366022,0.2732
12,La Pampa,2020,20.4357,27.1,73.6429,1.5,0,366022,0.0
13,La Pampa,2020,21.5,36.0,78.2857,1.0,0,366022,0.0
14,La Pampa,2020,17.5786,34.15,77.7857,1.5,2,366022,0.5464
15,La Pampa,2020,15.0929,14.5,64.0714,1.0,1,366022,0.2732
16,La Pampa,2020,17.3571,0.0,65.2857,0.0,0,366022,0.0
17,La Pampa,2020,17.1,35.15,70.7857,1.0,0,366022,0.0
18,La Pampa,2020,15.0,24.0,75.1429,1.0,0,366022,0.0
19,La Pampa,2020,12.7,1.0,68.4286,0.5,0,366022,0.0
20,La Pampa,2020,13.1786,0.0,64.0714,0.0,0,366022,0.0
21,La Pampa,2020,12.1357,0.0,69.6429,0.0,0,366022,0.0
22,La Pampa,2020,10.1143,0.0,75.1429,0.0,0,366022,0.0
23,La Pampa,2020,9.1429,0.0,76.8571,0.0,0,366022,0.0
24,La Pampa,2020,9.8071,0.0,65.5714,0.0,0,366022,0.0
25,La Pampa,2020,9.35,0.1,71.1429,0.0,0,366022,0.0
26,La Pampa,2020,6.4786,5.4,79.0,1.0,0,366022,0.0
27,La Pampa,2020,7.0857,8.3,83.2143,2.0,0,366022,0.0
28,La Pampa,2020,6.2071,0.4,74.0,0.0,0,366022,0.0
29,La Pampa,2020,8.0571,0.25,72.9286,0.0,0,366022,0.0
30,La Pampa,2020,7.6929,16.35,80.8571,2.0,0,366022,0.0
31,La Pampa,2020,8.0214,0.0,58.2143,0.0,0,366022,0.0
32,La Pampa,2020,12.0214,0.0,71.8571,0.0,0,366022,0.0
33,La Pampa,2020,7.9143,0.0,40.0,0.0,0,366022,0.0
34,La Pampa,2020,8.5714,0.0,44.0,0.0,0,366022,0.0
35,La Pampa,2020,11.0071,2.45,66.7143,0.5,0,366022,0.0
36,La Pampa,2020,9.1143,17.0,65.7857,1.0,0,366022,0.0
37,La Pampa,2020,13.6512,1.0,52.75,0.5,0,366022,0.0
38,La Pampa,2020,14.6071,0.0,38.8571,0.0,0,366022,0.0
39,La Pampa,2020,15.9857,64.0,58.9286,3.0,0,366022,0.0
40,La Pampa,2020,12.6714,1.2,57.9286,0.0,0,366022,0.0
41,La Pampa,2020,15.15,0.0,49.8571,0.0,0,366022,0.0
42,La Pampa,2020,22.2,9.0,49.6429,0.5,0,366022,0.0
43,La Pampa,2020,15.9143,17.0,74.0,2.0,0,366022,0.0
44,La Pampa,2020,17.2286,15.0,51.2857,0.5,0,366022,0.0
45,La Pampa,2020,20.9929,6.5,55.2143,1.5,0,366022,0.0
46,La Pampa,2020,21.7143,25.0,61.5714,2.5,0,366022,0.0
47,La Pampa,2020,22.7571,0.25,48.3571,0.0,0,366022,0.0
48,La Pampa,2020,23.3357,28.75,52.5714,3.0,0,366022,0.0
49,La Pampa,2020,21.45,0.0,41.8571,0.0,0,366022,0.0
50,La Pampa,2020,24.9929,22.0,39.6429,1.5,0,366022,0.0
51,La Pampa,2020,23.15,8.0,44.0714,1.0,0,366022,0.0
52,La Pampa,2020,28.3214,19.4,43.5714,0.5,0,366022,0.0
53,La Pampa,2020,25.6,7.75,49.2143,1.0,0,366022,0.0
1,La Pampa,2021,22.0929,85.5,64.6429,3.0,0,366022,0.0
2,La Pampa,2021,21.5929,51.5,59.9286,3.0,0,366022,0.0
3,La Pampa,2021,27.7643,0.0,52.2143,0.0,0,366022,0.0
4,La Pampa,2021,22.9286,12.45,57.0,2.0,0,366022,0.0
5,La Pampa,2021,22.6643,0.4,61.3571,0.0,0,366022,0.0
6,La Pampa,2021,21.6714,8.5,68.7857,0.5,0,366022,0.0
7,La Pampa,2021,22.7143,14.0,52.8571,1.5,0,366022,0.0
8,La Pampa,2021,24.1143,13.5,54.6429,0.5,0,366022,0.0
9,La Pampa,2021,24.8214,7.55,68.7857,1.0,0,366022,0.0
10,La Pampa,2021,22.6286,19.5,62.8571,2.0,1,366022,0.2732
11,La Pampa,2021,16.7071,21.25,76.2857,2.5,0,366022,0.0
12,La Pampa,2021,17.6286,82.2,75.7857,2.0,0,366022,0.0
13,La Pampa,2021,19.0,0.0,67.8571,0.0,0,366022,0.0
14,La Pampa,2021,19.3286,71.0,78.7143,4.0,0,366022,0.0
15,La Pampa,2021,19.0857,40.0,71.9286,1.5,0,366022,0.0
16,La Pampa,2021,16.3,98.5,81.2143,3.5,0,366022,0.0
17,La Pampa,2021,16.7643,0.0,70.9286,0.0,0,366022,0.0
18,La Pampa,2021,10.7286,2.0,68.0714,0.5,0,366022,0.0
19,La Pampa,2021,11.95,0.0,64.2143,0.0,0,366022,0.0
20,La Pampa,2021,11.3726,41.95,84.7738,3.5,0,366022,0.0
21,La Pampa,2021,11.9857,0.0,60.5,0.0,0,366022,0.0
22,La Pampa,2021,11.8143,3.15,69.5714,1.0,0,366022,0.0
23,La Pampa,2021,11.6357,0.0,74.9286,0.0,0,366022,0.0
24,La Pampa,2021,5.5786,0.0,72.0714,0.0,0,366022,0.0
25,La Pampa,2021,8.2429,2.0,78.6429,0.5,0,366022,0.0
26,La Pampa,2021,7.3143,0.0,58.2857,0.0,0,366022,0.0
27,La Pampa,2021,9.9786,0.0,71.8571,0.0,0,366022,0.0
28,La Pampa,2021,7.0643,0.0,58.3571,0.0,0,366022,0.0
29,La Pampa,2021,10.0143,0.0,54.7857,0.0,0,366022,0.0
30,La Pampa,2021,7.1643,0.0,53.2143,0.0,0,366022,0.0
1,La Pampa,2022,24.6571,7.05,50.2143,0.5,0,366022,0.0
2,La Pampa,2022,28.8857,10.0,46.1429,1.5,0,366022,0.0
3,La Pampa,2022,20.2071,54.25,84.2857,3.0,0,366022,0.0
4,La Pampa,2022,23.6429,13.25,64.1429,1.5,0,366022,0.0
5,La Pampa,2022,21.5357,14.85,64.0,1.5,0,366022,0.0
6,La Pampa,2022,19.9857,17.0,63.6429,0.5,0,366022,0.0
7,La Pampa,2022,22.3143,5.65,63.6429,1.0,0,366022,0.0
8,La Pampa,2022,20.6571,50.0,72.5,1.5,0,366022,0.0
9,La Pampa,2022,21.2357,31.0,59.9286,2.0,0,366022,0.0
10,La Pampa,2022,18.3071,9.5,65.9286,1.0,0,366022,0.0
11,La Pampa,2022,19.4071,0.3,62.2857,0.0,0,366022,0.0
12,La Pampa,2022,16.0429,41.25,71.6429,2.0,0,366022,0.0
13,La Pampa,2022,14.6214,0.0,53.3571,0.0,0,366022,0.0
14,La Pampa,2022,19.0571,65.0,64.7857,2.5,0,366022,0.0
15,La Pampa,2022,13.5857,0.0,65.0,0.0,0,366022,0.0
16,La Pampa,2022,15.7,4.05,65.1429,0.5,0,366022,0.0
17,La Pampa,2022,11.3929,0.5,57.3571,0.0,0,366022,0.0
18,La Pampa,2022,14.3286,0.0,65.2857,0.0,0,366022,0.0
19,La Pampa,2022,11.4643,0.0,71.4286,0.0,0,366022,0.0
20,La Pampa,2022,8.6357,0.0,67.7143,0.0,0,366022,0.0
21,La Pampa,2022,7.8214,0.45,70.3571,0.0,0,366022,0.0
22,La Pampa,2022,5.4714,0.0,68.2143,0.0,0,366022,0.0
23,La Pampa,2022,8.6857,0.0,62.9286,0.0,0,366022,0.0
24,La Pampa,2022,7.7071,0.0,62.7143,0.0,0,366022,0.0
25,La Pampa,2022,5.1357,0.0,73.7857,0.0,0,366022,0.0
26,La Pampa,2022,8.4286,0.0,58.7857,0.0,0,366022,0.0
27,La Pampa,2022,7.9214,0.0,56.4286,0.0,0,366022,0.0
28,La Pampa,2022,6.5286,0.05,69.9286,0.0,0,366022,0.0
29,La Pampa,2022,9.35,0.0,63.4286,0.0,0,366022,0.0
30,La Pampa,2022,10.2571,19.7,78.7857,2.0,0,366022,0.0
31,La Pampa,2022,9.1929,4.9,77.0,1.0,0,366022,0.0
32,La Pampa,2022,10.1714,0.5,72.3571,0.0,0,366022,0.0
33,La Pampa,2022,9.7857,5.5,51.2143,1.0,0,366022,0.0
34,La Pampa,2022,11.95,0.0,50.4286,0.0,0,366022,0.0
35,La Pampa,2022,12.5429,0.0,40.4286,0.0,0,366022,0.0
36,La Pampa,2022,12.95,0.0,42.0,0.0,0,366022,0.0
37,La Pampa,2022,15.3929,30.2,51.3571,1.5,0,366022,0.0
38,La Pampa,2022,11.3286,7.6,67.0,1.0,0,366022,0.0
39,La Pampa,2022,16.3786,0.25,52.7857,0.0,0,366022,0.0
40,La Pampa,2022,15.5286,20.8,54.7143,1.5,0,366022,0.0
41,La Pampa,2022,14.9214,0.0,43.5714,0.0,0,366022,0.0
42,La Pampa,2022,15.4071,8.5,66.7143,2.0,0,366022,0.0
43,La Pampa,2022,18.5857,25.25,53.4286,1.0,0,366022,0.0
44,La Pampa,2022,19.5071,0.0,36.7857,0.0,0,366022,0.0
45,La Pampa,2022,20.6,68.15,60.4286,3.5,0,366022,0.0
46,La Pampa,2022,21.0071,41.75,65.7143,4.0,0,366022,0.0
47,La Pampa,2022,23.4643,0.15,50.5714,0.0,0,366022,0.0
48,La Pampa,2022,24.8786,8.5,50.9286,1.0,0,366022,0.0
49,La Pampa,2022,27.3714,3.95,46.7143,1.0,0,366022,0.0
50,La Pampa,2022,24.1786,2.5,39.3571,0.5,0,366022,0.0
1,La Pampa,2023,27.0929,0.0,39.5,0.0,0,366022,0.0
2,La Pampa,2023,25.1357,11.5,48.6429,1.0,0,366022,0.0
3,La Pampa,2023,24.7643,56.2,66.0,2.5,0,366022,0.0
4,La Pampa,2023,24.9571,50.3,61.0,2.5,0,366022,0.0
5,La Pampa,2023,23.9786,6.0,69.2857,1.0,0,366022,0.0
6,La Pampa,2023,28.4214,4.75,54.5714,0.5,0,366022,0.0
7,La Pampa,2023,18.9929,0.0,42.4286,0.0,0,366022,0.0
8,La Pampa,2023,23.8571,0.0,46.2857,0.0,0,366022,0.0
9,La Pampa,2023,26.6571,0.0,44.2143,0.0,0,366022,0.0
10,La Pampa,2023,24.3571,31.5,69.5714,3.0,0,366022,0.0
11,La Pampa,2023,22.4714,8.5,77.8571,2.0,1,366022,0.2732
12,La Pampa,2023,19.0,4.0,76.7143,0.5,0,366022,0.0
13,La Pampa,2023,17.6643,4.5,60.0,0.5,6,366022,1.6392
14,La Pampa,2023,20.1357,40.75,72.5714,1.0,3,366022,0.8196
15,La Pampa,2023,15.1357,1.8,67.7143,0.5,8,366022,2.1857
16,La Pampa,2023,15.0429,0.0,64.1429,0.0,2,366022,0.5464
17,La Pampa,2023,17.7857,1.2,68.9286,0.0,2,366022,0.5464
18,La Pampa,2023,12.7286,3.0,60.9286,0.5,1,366022,0.2732
19,La Pampa,2023,13.9786,0.0,67.4286,0.0,1,366022,0.2732
20,La Pampa,2023,13.2286,19.0,76.1429,1.0,1,366022,0.2732
21,La Pampa,2023,12.5143,3.5,83.0,1.0,0,366022,0.0
22,La Pampa,2023,12.15,0.0,74.2857,0.0,0,366022,0.0
23,La Pampa,2023,10.8571,0.0,62.2857,0.0,0,366022,0.0
24,La Pampa,2023,6.3214,0.35,65.5,0.0,1,366022,0.2732
25,La Pampa,2023,10.1571,13.0,88.0714,2.5,0,366022,0.0
26,La Pampa,2023,9.9929,0.0,67.0714,0.0,0,366022,0.0
27,La Pampa,2023,9.9357,4.5,79.2143,1.0,1,366022,0.2732
28,La Pampa,2023,5.3571,27.6,81.7857,2.5,0,366022,0.0
29,La Pampa,2023,7.5714,0.0,66.7857,0.0,0,366022,0.0
30,La Pampa,2023,8.6857,0.4,72.8571,0.0,0,366022,0.0
31,La Pampa,2023,11.4071,0.0,55.1429,0.0,0,366022,0.0
32,La Pampa,2023,8.9071,0.0,54.7857,0.0,0,366022,0.0
33,La Pampa,2023,9.6214,8.75,68.9286,2.0,0,366022,0.0
34,La Pampa,2023,8.8857,2.8,66.9286,1.0,0,366022,0.0
35,La Pampa,2023,11.4714,1.0,50.1429,0.5,0,366022,0.0
36,La Pampa,2023,10.8429,3.15,65.4286,1.0,0,366022,0.0
37,La Pampa,2023,14.3357,0.5,41.5714,0.0,0,366022,0.0
38,La Pampa,2023,12.6286,0.0,67.1429,0.0,0,366022,0.0
39,La Pampa,2023,13.5643,0.95,45.4286,0.5,0,366022,0.0
40,La Pampa,2023,15.9714,20.8,50.0,2.0,0,366022,0.0
41,La Pampa,2023,16.8571,2.6,39.3571,0.5,0,366022,0.0
42,La Pampa,2023,16.7571,26.1,65.5,1.5,0,366022,0.0
43,La Pampa,2023,17.8143,18.2,67.0,1.5,0,366022,0.0
44,La Pampa,2023,13.8429,21.45,62.5714,2.0,0,366022,0.0
45,La Pampa,2023,19.6071,27.45,50.0,1.0,0,366022,0.0
46,La Pampa,2023,18.95,0.25,39.0,0.0,0,366022,0.0
47,La Pampa,2023,24.0357,2.0,34.5714,0.5,0,366022,0.0
48,La Pampa,2023,22.6857,46.15,55.2143,3.0,0,366022,0.0
49,La Pampa,2023,20.1071,33.1,66.0,2.5,0,366022,0.0
50,La Pampa,2023,24.1643,68.2,67.7143,2.5,0,366022,0.0
51,La Pampa,2023,20.0786,35.15,69.0,4.0,0,366022,0.0
52,La Pampa,2023,22.7929,12.5,56.9286,2.0,1,366022,0.2732
1,La Pampa,2024,24.4643,15.7,65.5,1.0,4,366022,1.0928
2,La Pampa,2024,22.55,20.0,63.1429,2.5,3,366022,0.8196
3,La Pampa,2024,24.2929,2.5,50.5,0.5,4,366022,1.0928
4,La Pampa,2024,26.0286,0.0,51.7143,0.0,2,366022,0.5464
5,La Pampa,2024,28.6429,0.3,48.2143,0.0,1,366022,0.2732
6,La Pampa,2024,25.7143,68.0,76.7143,3.5,7,366022,1.9125
7,La Pampa,2024,22.0786,0.0,67.6429,0.0,9,366022,2.4589
8,La Pampa,2024,22.8214,27.25,72.2857,1.0,10,366022,2.7321
9,La Pampa,2024,22.9429,1.25,69.1429,0.5,21,366022,5.7374
10,La Pampa,2024,21.4,25.7,65.8571,1.5,23,366022,6.2838
11,La Pampa,2024,21.5357,28.8,71.8571,1.5,46,366022,12.5676
12,La Pampa,2024,19.1,42.25,67.3571,1.5,82,366022,22.403
13,La Pampa,2024,21.2429,30.0,68.3571,1.0,75,366022,20.4906
14,La Pampa,2024,18.1071,3.55,64.3571,0.5,125,366022,34.151
15,La Pampa,2024,14.0571,66.8,81.5714,4.5,67,366022,18.3049
16,La Pampa,2024,16.1357,34.9,75.0714,2.0,32,366022,8.7426
17,La Pampa,2024,12.4214,2.1,71.8571,0.5,22,366022,6.0106
18,La Pampa,2024,11.7071,2.5,68.0714,1.0,11,366022,3.0053
19,La Pampa,2024,9.6286,0.4,71.5,0.0,6,366022,1.6392
20,La Pampa,2024,7.1643,0.3,76.5714,0.0,1,366022,0.2732
21,La Pampa,2024,7.0786,0.2,74.4286,0.0,0,366022,0.0
22,La Pampa,2024,8.0857,0.0,69.8571,0.0,0,366022,0.0
23,La Pampa,2024,11.3857,9.75,77.2143,0.5,0,366022,0.0
24,La Pampa,2024,12.6143,0.15,73.1429,0.0,0,366022,0.0
25,La Pampa,2024,9.1571,8.55,78.7143,1.5,0,366022,0.0
26,La Pampa,2024,6.3357,0.0,67.5,0.0,1,366022,0.2732
27,La Pampa,2024,4.9571,0.0,57.2143,0.0,0,366022,0.0
28,La Pampa,2024,3.7429,0.0,64.2857,0.0,0,366022,0.0
29,La Pampa,2024,8.1286,0.0,69.5,0.0,0,366022,0.0
30,La Pampa,2024,9.7643,0.0,56.3571,0.0,0,366022,0.0
31,La Pampa,2024,11.2286,0.0,58.4286,0.0,0,366022,0.0
32,La Pampa,2024,7.9929,7.7,61.7857,1.5,0,366022,0.0
33,La Pampa,2024,10.0714,0.0,61.7857,0.0,0,366022,0.0
34,La Pampa,2024,6.0714,4.95,77.6429,1.0,0,366022,0.0
35,La Pampa,2024,10.7071,3.5,64.6429,0.5,0,366022,0.0
36,La Pampa,2024,13.0714,0.0,43.9286,0.0,0,366022,0.0
37,La Pampa,2024,13.2571,3.1,48.7143,0.5,0,366022,0.0
38,La Pampa,2024,17.9357,5.75,45.5,1.5,0,366022,0.0
39,La Pampa,2024,15.4786,0.35,50.9286,0.0,0,366022,0.0
40,La Pampa,2024,16.9857,0.75,43.6429,0.0,0,366022,0.0
41,La Pampa,2024,16.7357,0.7,65.0,0.0,0,366022,0.0
42,La Pampa,2024,20.9071,19.05,63.8571,2.0,0,366022,0.0
43,La Pampa,2024,18.5571,47.35,58.5,2.5,0,366022,0.0
44,La Pampa,2024,23.6857,41.4,51.0,2.5,0,366022,0.0
45,La Pampa,2024,19.2786,17.35,63.0714,2.5,0,366022,0.0
46,La Pampa,2024,20.4286,5.85,48.6429,1.0,0,366022,0.0
47,La Pampa,2024,21.3857,4.2,60.8571,1.0,0,366022,0.0
48,La Pampa,2024,21.1071,16.0,60.5714,3.0,0,366022,0.0
49,La Pampa,2024,19.6071,6.5,46.0,1.0,0,366022,0.0
50,La Pampa,2024,24.0071,5.25,52.9286,1.0,0,366022,0.0
51,La Pampa,2024,23.4429,24.15,52.1429,1.5,0,366022,0.0
52,La Pampa,2024,23.8643,2.0,50.6429,0.5,0,366022,0.0
1,La Pampa,2025,26.0786,12.75,45.8571,1.0,1,366022,0.2732
2,La Pampa,2025,26.9071,4.0,56.8571,1.0,0,366022,0.0
3,La Pampa,2025,26.3714,23.6,53.2143,2.5,0,366022,0.0
4,La Pampa,2025,27.0571,67.5,47.7143,2.0,1,366022,0.2732
5,La Pampa,2025,26.6929,4.5,57.5,1.5,1,366022,0.2732
6,La Pampa,2025,25.3214,22.5,64.8571,1.5,6,366022,1.6392
7,La Pampa,2025,23.8571,33.25,60.2857,1.5,7,366022,1.9125
8,La Pampa,2025,26.0857,9.6,56.7857,0.5,6,366022,1.6392
9,La Pampa,2025,23.2286,66.15,80.5,2.5,4,366022,1.0928
10,La Pampa,2025,21.7643,89.35,78.4286,3.5,28,366022,7.6498
11,La Pampa,2025,17.9786,0.0,67.6429,0.0,25,366022,6.8302
12,La Pampa,2025,22.3,32.5,72.2143,2.0,40,366022,10.9283
13,La Pampa,2025,17.8929,58.5,84.1429,3.0,31,366022,8.4694
14,La Pampa,2025,13.1571,0.0,65.0,0.0,38,366022,10.3819
15,La Pampa,2025,16.5071,25.25,79.2143,2.0,18,366022,4.9177
16,La Pampa,2025,12.8143,34.25,79.8571,2.0,5,366022,1.366
17,La Pampa,2025,15.2786,5.5,73.1429,0.5,0,366022,0.0
18,La Pampa,2025,16.8929,0.0,64.8571,0.0,1,366022,0.2732
19,La Pampa,2025,14.6643,6.9,78.2857,1.0,3,366022,0.8196
20,La Pampa,2025,16.3643,0.2,77.7143,0.0,0,366022,0.0
21,La Pampa,2025,12.0,0.7,70.3571,0.5,0,366022,0.0
22,La Pampa,2025,9.1286,6.7,65.8571,1.0,0,366022,0.0
23,La Pampa,2025,10.8,0.15,71.5714,0.0,0,366022,0.0
24,La Pampa,2025,9.3643,0.0,74.2143,0.0,0,366022,0.0
25,La Pampa,2025,9.0,0.5,61.3571,0.0,0,366022,0.0
26,La Pampa,2025,5.4,0.0,51.2143,0.0,0,366022,0.0
27,La Pampa,2025,5.4214,0.0,65.7857,0.0,0,366022,0.0
28,La Pampa,2025,9.9357,0.15,84.5,0.0,0,366022,0.0
29,La Pampa,2025,11.5286,1.75,61.7143,0.5,0,366022,0.0
30,La Pampa,2025,7.5,0.0,76.0,0.0,0,366022,0.0
31,La Pampa,2025,10.6214,3.0,72.7143,0.5,0,366022,0.0
32,La Pampa,2025,9.1571,0.05,60.6429,0.0,0,366022,0.0
33,La Pampa,2025,10.3786,0.0,64.2143,0.0,0,366022,0.0
34,La Pampa,2025,11.7,4.65,56.5,0.5,0,366022,0.0
35,La Pampa,2025,14.7286,30.75,63.7857,2.0,0,366022,0.0
36,La Pampa,2025,10.2214,0.0,59.5,0.0,0,366022,0.0
37,La Pampa,2025,15.4286,0.0,53.5,0.0,0,366022,0.0
38,La Pampa,2025,18.4429,59.25,73.6429,3.0,0,366022,0.0
39,La Pampa,2025,14.6571,20.3,63.2143,1.0,0,366022,0.0
40,La Pampa,2025,18.3714,0.0,58.2143,0.0,0,366022,0.0
41,La Pampa,2025,18.2643,3.05,51.2143,1.5,0,366022,0.0
42,La Pampa,2025,19.95,0.9,46.5714,0.5,0,366022,0.0
1,La Rioja,2018,27.3952,0.1667,55.1429,0.0,0,384607,0.0
2,La Rioja,2018,27.6429,19.6,58.7619,2.0,0,384607,0.0
3,La Rioja,2018,26.5627,2.0333,57.0556,0.3333,0,384607,0.0
4,La Rioja,2018,25.8619,37.9667,67.9048,2.3333,0,384607,0.0
5,La Rioja,2018,27.3333,25.3333,65.8571,1.3333,0,384607,0.0
6,La Rioja,2018,27.9,3.0,56.9524,0.3333,0,384607,0.0
7,La Rioja,2018,25.1667,5.1667,63.5714,1.0,0,384607,0.0
8,La Rioja,2018,24.9238,19.4667,66.4762,2.0,0,384607,0.0
9,La Rioja,2018,25.2008,11.3333,62.6349,1.3333,0,384607,0.0
10,La Rioja,2018,24.8286,8.0,62.2381,0.6667,0,384607,0.0
11,La Rioja,2018,23.9619,6.6667,56.8095,0.3333,0,384607,0.0
12,La Rioja,2018,22.2381,5.3333,50.3333,0.6667,0,384607,0.0
13,La Rioja,2018,22.4619,31.6667,53.3333,1.3333,0,384607,0.0
14,La Rioja,2018,21.8048,1.3667,66.1905,0.3333,0,384607,0.0
15,La Rioja,2018,19.5524,0.0,70.119,0.0,0,384607,0.0
16,La Rioja,2018,24.2286,0.0,61.9048,0.0,0,384607,0.0
17,La Rioja,2018,22.7524,0.0333,69.9048,0.0,0,384607,0.0
18,La Rioja,2018,20.1857,2.7,72.7143,0.6667,0,384607,0.0
19,La Rioja,2018,17.3714,13.6,75.2381,1.3333,0,384607,0.0
20,La Rioja,2018,14.419,0.2,73.9127,0.0,0,384607,0.0
21,La Rioja,2018,13.7476,0.0,70.7143,0.0,0,384607,0.0
22,La Rioja,2018,11.769,0.3667,74.6905,0.0,0,384607,0.0
23,La Rioja,2018,9.7714,0.0,67.7619,0.0,0,384607,0.0
24,La Rioja,2018,6.7952,0.0,63.619,0.0,0,384607,0.0
25,La Rioja,2018,11.2286,0.0,59.381,0.0,0,384607,0.0
26,La Rioja,2018,12.1333,0.0,66.2857,0.0,0,384607,0.0
27,La Rioja,2018,7.5,13.2,86.5238,3.0,0,384607,0.0
1,La Rioja,2019,26.8714,14.5,63.4762,0.6667,0,384607,0.0
2,La Rioja,2019,24.5714,18.1333,63.5238,1.3333,0,384607,0.0
3,La Rioja,2019,23.0429,10.2333,68.8095,1.3333,0,384607,0.0
4,La Rioja,2019,30.2857,54.8333,60.0476,1.6667,0,384607,0.0
5,La Rioja,2019,26.7008,33.6667,71.2222,3.3333,0,384607,0.0
6,La Rioja,2019,26.5857,8.0,64.0476,0.6667,0,384607,0.0
7,La Rioja,2019,23.5238,0.0667,59.2381,0.0,0,384607,0.0
8,La Rioja,2019,31.0619,0.0,50.381,0.0,0,384607,0.0
9,La Rioja,2019,24.7571,0.3333,62.4762,0.0,0,384607,0.0
10,La Rioja,2019,21.7905,77.0,76.2381,4.0,0,384607,0.0
11,La Rioja,2019,20.4762,50.3,79.1429,1.3333,0,384607,0.0
12,La Rioja,2019,20.3571,0.0,69.0952,0.0,0,384607,0.0
13,La Rioja,2019,19.0476,1.9667,80.4286,0.6667,0,384607,0.0
14,La Rioja,2019,21.7238,26.3333,70.2857,1.3333,0,384607,0.0
15,La Rioja,2019,21.1476,0.0,65.4286,0.0,0,384607,0.0
16,La Rioja,2019,20.3286,9.6667,77.5238,1.0,0,384607,0.0
17,La Rioja,2019,15.8143,1.9667,83.3333,0.6667,0,384607,0.0
18,La Rioja,2019,18.2333,12.8667,78.7143,1.6667,0,384607,0.0
19,La Rioja,2019,17.0333,2.1667,78.8571,1.0,0,384607,0.0
20,La Rioja,2019,15.2333,0.0,71.2381,0.0,0,384607,0.0
21,La Rioja,2019,10.4524,3.3333,72.2857,0.6667,0,384607,0.0
22,La Rioja,2019,12.2048,0.0,78.5238,0.0,0,384607,0.0
23,La Rioja,2019,12.881,0.0,73.0476,0.0,0,384607,0.0
24,La Rioja,2019,11.8714,0.0,75.0,0.0,0,384607,0.0
25,La Rioja,2019,10.0762,0.0,64.0952,0.0,0,384607,0.0
26,La Rioja,2019,9.9952,0.0,60.3333,0.0,0,384607,0.0
27,La Rioja,2019,8.4905,0.0,66.2857,0.0,0,384607,0.0
28,La Rioja,2019,11.9524,0.0,67.9444,0.0,0,384607,0.0
29,La Rioja,2019,13.7238,0.6667,67.0476,0.3333,0,384607,0.0
30,La Rioja,2019,10.0,0.0,60.1429,0.0,0,384607,0.0
31,La Rioja,2019,11.9048,0.0,50.8095,0.0,0,384607,0.0
32,La Rioja,2019,11.4905,0.0,42.7143,0.0,0,384607,0.0
33,La Rioja,2019,12.3389,0.0,47.8889,0.0,0,384607,0.0
34,La Rioja,2019,14.3857,0.0,53.8095,0.0,0,384607,0.0
35,La Rioja,2019,19.5143,0.0,46.619,0.0,0,384607,0.0
36,La Rioja,2019,13.69,0.0,43.6825,0.0,0,384607,0.0
37,La Rioja,2019,16.0714,5.6667,57.7619,0.6667,0,384607,0.0
38,La Rioja,2019,17.1476,0.0,32.8095,0.0,0,384607,0.0
39,La Rioja,2019,24.381,0.0,32.1905,0.0,0,384607,0.0
40,La Rioja,2019,19.8286,0.0,40.381,0.0,0,384607,0.0
41,La Rioja,2019,27.0143,26.0,40.3333,1.3333,0,384607,0.0
42,La Rioja,2019,15.8952,19.0,69.7619,1.0,0,384607,0.0
43,La Rioja,2019,25.0,0.0,44.381,0.0,0,384607,0.0
44,La Rioja,2019,25.2429,0.2667,50.9524,0.0,0,384607,0.0
45,La Rioja,2019,25.7381,1.6667,53.7619,0.3333,0,384607,0.0
46,La Rioja,2019,28.9762,8.7333,45.4762,1.0,0,384607,0.0
47,La Rioja,2019,27.8095,24.1667,55.1429,1.3333,0,384607,0.0
48,La Rioja,2019,25.8333,0.8333,49.8571,0.3333,0,384607,0.0
49,La Rioja,2019,24.7524,12.6667,50.5714,2.3333,0,384607,0.0
50,La Rioja,2019,29.0238,11.0,38.2857,0.3333,0,384607,0.0
51,La Rioja,2019,27.2286,0.1,45.1667,0.0,0,384607,0.0
52,La Rioja,2019,29.0333,34.6667,48.619,1.0,0,384607,0.0
1,La Rioja,2020,28.8143,13.5,53.9048,1.6667,0,384607,0.0
2,La Rioja,2020,28.4905,2.3333,51.9048,0.3333,0,384607,0.0
3,La Rioja,2020,29.0762,8.3333,52.619,0.3333,0,384607,0.0
4,La Rioja,2020,30.1905,24.2778,51.3333,1.3889,2,384607,0.52
5,La Rioja,2020,27.7746,3.0,49.3333,0.6667,7,384607,1.82
6,La Rioja,2020,26.7571,59.1,69.3333,3.0,5,384607,1.3
7,La Rioja,2020,25.8,0.2333,65.8571,0.0,20,384607,5.2001
8,La Rioja,2020,23.5238,13.8667,61.2857,1.0,18,384607,4.6801
9,La Rioja,2020,26.5,0.6667,47.7143,0.3333,90,384607,23.4005
10,La Rioja,2020,29.0905,0.0,46.0476,0.0,131,384607,34.0607
11,La Rioja,2020,28.2238,5.6667,52.9048,0.3333,194,384607,50.4411
12,La Rioja,2020,24.9048,2.6667,59.9048,0.6667,251,384607,65.2614
13,La Rioja,2020,23.7095,9.4667,67.6667,1.0,67,384607,17.4204
14,La Rioja,2020,21.2571,4.9333,73.381,0.6667,38,384607,9.8802
15,La Rioja,2020,19.4333,1.0,57.4762,0.3333,18,384607,4.6801
16,La Rioja,2020,20.3286,0.0,55.1429,0.0,17,384607,4.4201
17,La Rioja,2020,23.3619,0.6667,58.4762,0.3333,28,384607,7.2802
18,La Rioja,2020,19.1952,0.0333,67.9524,0.0,6,384607,1.56
19,La Rioja,2020,16.1524,0.0,62.4762,0.0,9,384607,2.3401
20,La Rioja,2020,15.9667,0.0,54.5238,0.0,11,384607,2.8601
21,La Rioja,2020,14.0524,1.3333,59.4762,0.6667,2,384607,0.52
22,La Rioja,2020,13.8619,0.0,55.8571,0.0,1,384607,0.26
23,La Rioja,2020,10.9365,0.2,64.9841,0.0,1,384607,0.26
24,La Rioja,2020,13.1952,0.0,64.8571,0.0,0,384607,0.0
25,La Rioja,2020,13.0619,0.0,54.4286,0.0,3,384607,0.78
26,La Rioja,2020,10.0952,0.0,63.2381,0.0,0,384607,0.0
27,La Rioja,2020,8.5571,0.0,62.7619,0.0,0,384607,0.0
28,La Rioja,2020,9.4143,0.0,59.5238,0.0,0,384607,0.0
29,La Rioja,2020,11.3857,0.0,60.5238,0.0,0,384607,0.0
30,La Rioja,2020,9.8667,0.0,58.0476,0.0,0,384607,0.0
31,La Rioja,2020,11.4048,0.0,44.6667,0.0,0,384607,0.0
32,La Rioja,2020,16.7,0.0,48.8571,0.0,0,384607,0.0
33,La Rioja,2020,12.6048,0.0,36.2381,0.0,0,384607,0.0
34,La Rioja,2020,11.4476,0.0,39.3333,0.0,0,384607,0.0
35,La Rioja,2020,16.3095,0.0,43.0476,0.0,0,384607,0.0
36,La Rioja,2020,14.0857,0.0,49.2143,0.0,0,384607,0.0
37,La Rioja,2020,19.9571,0.0,45.8095,0.0,0,384607,0.0
38,La Rioja,2020,19.3619,0.0,32.7143,0.0,0,384607,0.0
39,La Rioja,2020,22.1429,0.0,37.1429,0.0,0,384607,0.0
40,La Rioja,2020,20.5571,0.0,37.4286,0.0,0,384607,0.0
41,La Rioja,2020,22.5762,0.0,33.6667,0.0,0,384607,0.0
42,La Rioja,2020,25.6476,0.1,37.7143,0.0,0,384607,0.0
43,La Rioja,2020,24.8143,1.0333,55.8095,0.3333,0,384607,0.0
44,La Rioja,2020,23.0524,0.0,32.1905,0.0,0,384607,0.0
45,La Rioja,2020,26.1333,0.0,32.2381,0.0,0,384607,0.0
46,La Rioja,2020,24.7143,6.4,57.6667,1.0,0,384607,0.0
47,La Rioja,2020,23.9143,7.9333,51.7619,1.6667,0,384607,0.0
48,La Rioja,2020,28.3905,7.3333,48.7143,0.3333,0,384607,0.0
49,La Rioja,2020,23.5857,29.6667,57.7143,2.3333,0,384607,0.0
50,La Rioja,2020,29.0095,0.0,39.8571,0.0,0,384607,0.0
51,La Rioja,2020,28.1333,0.0,39.381,0.0,0,384607,0.0
52,La Rioja,2020,29.0476,31.1667,45.9048,1.3333,0,384607,0.0
53,La Rioja,2020,27.6143,13.4667,52.381,0.6667,0,384607,0.0
1,La Rioja,2021,25.9429,13.8333,58.7619,1.0,1,384607,0.26
2,La Rioja,2021,25.4286,18.3333,64.7619,1.3333,0,384607,0.0
3,La Rioja,2021,28.5286,0.0,42.9524,0.0,2,384607,0.52
4,La Rioja,2021,26.9571,30.6667,56.0952,2.3333,3,384607,0.78
5,La Rioja,2021,23.4905,31.3333,62.9048,2.3333,1,384607,0.26
6,La Rioja,2021,23.1095,55.2,67.9524,3.6667,11,384607,2.8601
7,La Rioja,2021,25.1143,1.6667,59.7619,0.3333,16,384607,4.1601
8,La Rioja,2021,27.2048,1.7,60.1429,0.3333,15,384607,3.9001
9,La Rioja,2021,24.9619,63.0,69.6667,2.0,25,384607,6.5001
10,La Rioja,2021,24.8238,17.4333,65.8571,1.3333,54,384607,14.0403
11,La Rioja,2021,19.6,13.4667,76.5238,1.3333,61,384607,15.8603
12,La Rioja,2021,20.7238,1.3333,65.381,0.3333,69,384607,17.9404
13,La Rioja,2021,21.9333,0.0,60.5714,0.0,61,384607,15.8603
14,La Rioja,2021,21.6944,2.9,73.6508,0.6667,91,384607,23.6605
15,La Rioja,2021,21.8071,0.0,67.0714,0.0,134,384607,34.8408
16,La Rioja,2021,22.3929,12.0,62.5,0.5,144,384607,37.4408
17,La Rioja,2021,18.4333,0.0,62.5714,0.0,129,384607,33.5407
18,La Rioja,2021,13.8619,13.8333,74.8571,1.3333,171,384607,44.461
19,La Rioja,2021,14.4095,0.2667,70.0952,0.0,122,384607,31.7207
20,La Rioja,2021,15.119,0.0,69.4762,0.0,42,384607,10.9202
21,La Rioja,2021,13.1571,0.0,59.8095,0.0,26,384607,6.7601
22,La Rioja,2021,15.3,0.0,63.0,0.0,7,384607,1.82
23,La Rioja,2021,13.2175,0.0,74.6508,0.0,5,384607,1.3
24,La Rioja,2021,7.5286,8.2,78.1429,1.0,1,384607,0.26
25,La Rioja,2021,9.1905,0.0,70.619,0.0,1,384607,0.26
26,La Rioja,2021,8.0286,0.0,54.0476,0.0,0,384607,0.0
27,La Rioja,2021,13.6754,0.0,56.3333,0.0,0,384607,0.0
28,La Rioja,2021,11.7857,0.0,51.1905,0.0,0,384607,0.0
29,La Rioja,2021,12.0,0.0,48.9524,0.0,0,384607,0.0
30,La Rioja,2021,9.7063,0.0,45.0952,0.0,0,384607,0.0
1,La Rioja,2022,29.5857,14.4333,44.0476,1.0,0,384607,0.0
2,La Rioja,2022,34.381,5.3333,29.1429,0.3333,0,384607,0.0
3,La Rioja,2022,27.1667,13.3333,58.1429,1.3333,0,384607,0.0
4,La Rioja,2022,25.5524,86.0333,66.0476,2.6667,0,384607,0.0
5,La Rioja,2022,25.5667,22.6667,58.7143,1.0,0,384607,0.0
6,La Rioja,2022,23.9857,34.8333,61.3333,1.6667,0,384607,0.0
7,La Rioja,2022,26.7143,9.2667,58.619,1.0,0,384607,0.0
8,La Rioja,2022,24.7048,16.8,69.3333,1.6667,0,384607,0.0
9,La Rioja,2022,25.7429,7.9333,69.0476,0.3333,0,384607,0.0
10,La Rioja,2022,23.0524,16.0,68.0476,1.3333,0,384607,0.0
11,La Rioja,2022,22.3286,3.9333,61.0,0.3333,0,384607,0.0
12,La Rioja,2022,21.1381,0.0,51.4286,0.0,0,384607,0.0
13,La Rioja,2022,18.8571,0.6667,49.4286,0.3333,0,384607,0.0
14,La Rioja,2022,22.2571,0.0,64.7143,0.0,0,384607,0.0
15,La Rioja,2022,19.0905,9.2667,61.381,0.3333,0,384607,0.0
16,La Rioja,2022,19.8429,0.0,62.4286,0.0,0,384607,0.0
17,La Rioja,2022,17.8476,0.0,53.1905,0.0,0,384607,0.0
18,La Rioja,2022,15.8714,0.0,57.9524,0.0,0,384607,0.0
19,La Rioja,2022,17.0429,1.9,68.6667,0.6667,0,384607,0.0
20,La Rioja,2022,12.0397,0.0,58.9286,0.0,0,384607,0.0
21,La Rioja,2022,13.1095,0.0,66.3333,0.0,0,384607,0.0
22,La Rioja,2022,9.5,0.0,61.9524,0.0,0,384607,0.0
23,La Rioja,2022,12.1952,0.0333,64.8095,0.0,0,384607,0.0
24,La Rioja,2022,10.419,0.0,53.2381,0.0,0,384607,0.0
25,La Rioja,2022,8.519,0.0,66.7619,0.0,0,384607,0.0
26,La Rioja,2022,10.4,0.0,63.4286,0.0,0,384607,0.0
27,La Rioja,2022,12.7667,0.0,50.2857,0.0,0,384607,0.0
28,La Rioja,2022,8.5095,0.0,53.8571,0.0,0,384607,0.0
29,La Rioja,2022,13.1286,0.0,62.0476,0.0,0,384607,0.0
30,La Rioja,2022,15.5278,0.0,59.9365,0.0,0,384607,0.0
31,La Rioja,2022,13.1667,1.0,59.2381,0.3333,0,384607,0.0
32,La Rioja,2022,12.8286,0.0,55.0476,0.0,0,384607,0.0
33,La Rioja,2022,13.0,0.0,36.619,0.0,0,384607,0.0
34,La Rioja,2022,17.481,0.0,37.9524,0.0,0,384607,0.0
35,La Rioja,2022,15.1762,0.0,34.9048,0.0,0,384607,0.0
36,La Rioja,2022,16.8429,0.0,28.381,0.0,0,384607,0.0
37,La Rioja,2022,19.1238,0.0,31.7619,0.0,0,384607,0.0
38,La Rioja,2022,16.3976,0.0,43.5397,0.0,0,384607,0.0
39,La Rioja,2022,17.6238,27.6,59.0952,2.0,0,384607,0.0
40,La Rioja,2022,21.0571,0.3333,34.381,0.0,0,384607,0.0
41,La Rioja,2022,19.3952,0.0,33.4762,0.0,0,384607,0.0
42,La Rioja,2022,20.6524,0.2667,50.1429,0.0,0,384607,0.0
43,La Rioja,2022,26.6048,0.0,33.2381,0.0,0,384607,0.0
44,La Rioja,2022,21.4952,0.0,27.7619,0.0,0,384607,0.0
45,La Rioja,2022,25.9333,6.0,41.6667,1.0,0,384607,0.0
46,La Rioja,2022,29.3429,0.0,33.7619,0.0,0,384607,0.0
47,La Rioja,2022,29.5619,0.0,28.9524,0.0,0,384607,0.0
48,La Rioja,2022,27.8667,28.8333,43.4286,1.6667,0,384607,0.0
49,La Rioja,2022,32.4476,2.9667,39.7619,0.3333,0,384607,0.0
50,La Rioja,2022,28.0238,19.5,42.619,1.6667,0,384607,0.0
1,La Rioja,2023,29.0571,3.75,39.1429,1.0,0,384607,0.0
2,La Rioja,2023,28.3071,13.5,43.6429,1.0,0,384607,0.0
3,La Rioja,2023,29.9929,29.25,50.7143,1.5,0,384607,0.0
4,La Rioja,2023,28.1357,37.75,62.5,3.0,0,384607,0.0
5,La Rioja,2023,27.3714,28.0,63.5714,1.0,0,384607,0.0
6,La Rioja,2023,30.55,0.0,46.9286,0.0,0,384607,0.0
7,La Rioja,2023,25.0,8.0,52.1429,0.5,0,384607,0.0
8,La Rioja,2023,26.8214,17.0,52.3571,2.0,1,384607,0.26
9,La Rioja,2023,28.8152,3.0,47.781,1.0,0,384607,0.0
10,La Rioja,2023,29.7286,3.3333,53.2381,0.6667,0,384607,0.0
11,La Rioja,2023,28.7111,3.6667,54.1825,0.6667,3,384607,0.78
12,La Rioja,2023,25.2762,30.1,70.9048,1.6667,13,384607,3.3801
13,La Rioja,2023,23.0619,0.6667,65.9048,0.3333,22,384607,5.7201
14,La Rioja,2023,23.3429,0.0,66.4286,0.0,30,384607,7.8002
15,La Rioja,2023,19.4762,15.0,71.0,2.0,67,384607,17.4204
16,La Rioja,2023,18.2762,15.3333,64.619,1.3333,46,384607,11.9603
17,La Rioja,2023,19.3476,0.0,71.0476,0.0,43,384607,11.1802
18,La Rioja,2023,15.1714,0.0,58.1905,0.0,60,384607,15.6003
19,La Rioja,2023,18.3714,0.0,65.4286,0.0,33,384607,8.5802
20,La Rioja,2023,18.4667,0.0,67.8571,0.0,32,384607,8.3202
21,La Rioja,2023,16.181,7.5,79.2857,1.6667,22,384607,5.7201
22,La Rioja,2023,15.0714,0.0,77.0,0.0,15,384607,3.9001
23,La Rioja,2023,15.7143,0.0,68.0476,0.0,5,384607,1.3
24,La Rioja,2023,8.2143,0.0,60.9524,0.0,9,384607,2.3401
25,La Rioja,2023,12.2524,0.1667,73.7143,0.0,0,384607,0.0
26,La Rioja,2023,13.5476,0.0,65.7143,0.0,0,384607,0.0
27,La Rioja,2023,15.7143,0.0,68.4286,0.0,0,384607,0.0
28,La Rioja,2023,9.0952,5.3,81.9524,1.0,0,384607,0.0
29,La Rioja,2023,11.55,0.0,61.4286,0.0,0,384607,0.0
30,La Rioja,2023,12.8143,0.0,57.1429,0.0,0,384607,0.0
31,La Rioja,2023,18.1333,0.0,53.4762,0.0,0,384607,0.0
32,La Rioja,2023,13.8619,0.0,47.0476,0.0,0,384607,0.0
33,La Rioja,2023,17.0524,0.0,47.9524,0.0,0,384607,0.0
34,La Rioja,2023,16.4905,0.0,43.0952,0.0,0,384607,0.0
35,La Rioja,2023,17.4238,0.0,38.3333,0.0,0,384607,0.0
36,La Rioja,2023,16.8667,0.0,53.9048,0.0,0,384607,0.0
37,La Rioja,2023,20.5857,0.0,28.619,0.0,0,384607,0.0
38,La Rioja,2023,20.9143,0.0,46.9048,0.0,0,384607,0.0
39,La Rioja,2023,20.1095,0.0,39.9524,0.0,0,384607,0.0
40,La Rioja,2023,21.6905,0.0,36.1429,0.0,0,384607,0.0
41,La Rioja,2023,22.4286,0.0,31.2857,0.0,0,384607,0.0
42,La Rioja,2023,24.6238,2.7667,45.4762,0.6667,0,384607,0.0
43,La Rioja,2023,23.3286,4.1,61.0476,1.3333,0,384607,0.0
44,La Rioja,2023,20.6524,0.1667,45.9524,0.0,0,384607,0.0
45,La Rioja,2023,28.6238,0.0,35.2381,0.0,0,384607,0.0
46,La Rioja,2023,26.5429,0.0,36.381,0.0,0,384607,0.0
47,La Rioja,2023,27.9333,11.7,46.381,1.0,0,384607,0.0
48,La Rioja,2023,27.0048,17.3333,57.9048,1.3333,0,384607,0.0
49,La Rioja,2023,24.981,1.6667,54.7619,0.3333,0,384607,0.0
50,La Rioja,2023,31.5571,1.7333,48.0476,0.3333,0,384607,0.0
51,La Rioja,2023,25.4429,11.6667,63.4286,1.6667,0,384607,0.0
52,La Rioja,2023,28.8714,25.4667,51.5238,1.3333,0,384607,0.0
1,La Rioja,2024,29.4357,4.15,54.0714,1.0,10,384607,2.6001
2,La Rioja,2024,27.7286,8.7,64.0714,1.0,16,384607,4.1601
3,La Rioja,2024,28.9,1.0,52.8571,0.5,15,384607,3.9001
4,La Rioja,2024,29.3714,0.0,44.0714,0.0,24,384607,6.2401
5,La Rioja,2024,33.0571,0.0,40.0,0.0,28,384607,7.2802
6,La Rioja,2024,30.2143,27.0,58.7143,1.0,26,384607,6.7601
7,La Rioja,2024,27.0357,11.0,58.7143,1.0,30,384607,7.8002
8,La Rioja,2024,26.2857,21.3,64.7143,1.0,57,384607,14.8203
9,La Rioja,2024,27.6714,13.25,69.9286,1.0,118,384607,30.6807
10,La Rioja,2024,26.4286,9.3333,67.7619,0.3333,262,384607,68.1215
11,La Rioja,2024,29.9286,11.0667,62.9048,1.3333,528,384607,137.283
12,La Rioja,2024,25.5762,0.0,58.8095,0.0,1227,384607,319.027
13,La Rioja,2024,26.8238,0.3333,55.7143,0.0,1693,384607,440.1896
14,La Rioja,2024,23.2905,0.2,62.1905,0.0,1967,384607,511.4311
15,La Rioja,2024,16.3762,21.6667,85.1905,3.0,2181,384607,567.0724
16,La Rioja,2024,19.9,0.0,62.7619,0.0,1066,384607,277.166
17,La Rioja,2024,17.9619,3.1333,75.4762,1.0,1237,384607,321.627
18,La Rioja,2024,16.9381,0.4,66.2857,0.3333,606,384607,157.5634
19,La Rioja,2024,13.8476,0.0,59.5238,0.0,378,384607,98.2821
20,La Rioja,2024,10.1048,0.3333,66.7143,0.0,169,384607,43.941
21,La Rioja,2024,9.819,0.2,70.3333,0.0,64,384607,16.6404
22,La Rioja,2024,10.5952,0.0,64.2381,0.0,20,384607,5.2001
23,La Rioja,2024,13.7762,0.0,59.9524,0.0,8,384607,2.08
24,La Rioja,2024,16.0778,0.0,61.5556,0.0,1,384607,0.26
25,La Rioja,2024,13.6381,0.0,76.1429,0.0,2,384607,0.52
26,La Rioja,2024,9.1286,0.1,59.3333,0.0,1,384607,0.26
27,La Rioja,2024,9.9238,0.0,49.9048,0.0,0,384607,0.0
28,La Rioja,2024,5.1286,0.0,59.9048,0.0,0,384607,0.0
29,La Rioja,2024,10.0857,0.0,55.9048,0.0,0,384607,0.0
30,La Rioja,2024,13.3952,0.0,48.2857,0.0,0,384607,0.0
31,La Rioja,2024,14.5619,0.0,46.0476,0.0,0,384607,0.0
32,La Rioja,2024,11.7714,0.0,45.8571,0.0,0,384607,0.0
33,La Rioja,2024,14.0667,0.0,42.2857,0.0,0,384607,0.0
34,La Rioja,2024,10.8,0.0667,58.7619,0.0,0,384607,0.0
35,La Rioja,2024,14.0667,3.0667,50.2381,1.0,0,384607,0.0
36,La Rioja,2024,19.4181,0.0,34.1143,0.0,0,384607,0.0
37,La Rioja,2024,20.3829,0.0,35.8476,0.0,0,384607,0.0
38,La Rioja,2024,24.9357,0.0,27.5714,0.0,0,384607,0.0
39,La Rioja,2024,22.2929,0.0,35.1429,0.0,0,384607,0.0
40,La Rioja,2024,25.1071,0.0,30.8571,0.0,0,384607,0.0
41,La Rioja,2024,20.8357,77.7,72.9286,2.6667,0,384607,0.0
42,La Rioja,2024,25.8714,0.6667,61.7857,0.3333,0,384607,0.0
43,La Rioja,2024,22.1214,13.1667,57.6429,1.0,0,384607,0.0
44,La Rioja,2024,26.6857,1.8333,50.0714,0.3333,0,384607,0.0
45,La Rioja,2024,26.3286,2.1667,52.7143,0.3333,0,384607,0.0
46,La Rioja,2024,27.2,0.0,35.2143,0.0,0,384607,0.0
47,La Rioja,2024,25.7143,2.8333,58.5,1.0,0,384607,0.0
48,La Rioja,2024,26.2929,8.8333,67.3571,1.6667,0,384607,0.0
49,La Rioja,2024,25.4214,3.3333,43.7143,0.6667,0,384607,0.0
50,La Rioja,2024,28.5429,6.3333,41.0714,0.6667,0,384607,0.0
51,La Rioja,2024,27.7869,0.8667,44.8929,0.3333,0,384607,0.0
52,La Rioja,2024,28.6857,51.1,42.7857,1.1333,0,384607,0.0
1,La Rioja,2025,30.4571,8.45,43.0,1.0,1,384607,0.26
2,La Rioja,2025,28.9357,17.2,51.0714,1.5,0,384607,0.0
3,La Rioja,2025,30.4286,11.5,42.3571,1.0,1,384607,0.26
4,La Rioja,2025,29.5214,21.5,52.8571,2.0,1,384607,0.26
5,La Rioja,2025,28.3714,40.0,60.9286,1.5,2,384607,0.52
6,La Rioja,2025,33.4143,0.0,45.0,0.0,0,384607,0.0
7,La Rioja,2025,30.8786,9.7,53.7143,1.0,0,384607,0.0
8,La Rioja,2025,29.8143,21.1,58.8333,1.0,0,384607,0.0
9,La Rioja,2025,29.0071,39.5,64.7857,2.5,5,384607,1.3
10,La Rioja,2025,27.6857,26.5333,62.1429,2.1333,25,384607,6.5001
11,La Rioja,2025,21.0714,11.0,73.5714,1.3333,11,384607,2.8601
12,La Rioja,2025,25.1071,18.5,62.3571,1.3333,1,384607,0.26
13,La Rioja,2025,19.9929,9.8667,84.7143,1.0,13,384607,3.3801
14,La Rioja,2025,16.4214,1.4667,63.9286,0.3333,12,384607,3.1201
15,La Rioja,2025,18.9857,0.0,69.1429,0.0,9,384607,2.3401
16,La Rioja,2025,20.2429,4.9,69.4286,1.3333,5,384607,1.3
17,La Rioja,2025,19.6429,0.0,71.9286,0.0,0,384607,0.0
18,La Rioja,2025,19.8857,0.0,67.2857,0.0,3,384607,0.78
19,La Rioja,2025,20.4714,0.0,73.7857,0.0,10,384607,2.6001
20,La Rioja,2025,19.6857,0.0,70.3571,0.0,4,384607,1.04
21,La Rioja,2025,14.7571,0.5667,71.8571,0.3333,1,384607,0.26
22,La Rioja,2025,10.3071,4.1667,67.7143,0.6667,1,384607,0.26
23,La Rioja,2025,13.0643,0.0,72.0714,0.0,0,384607,0.0
24,La Rioja,2025,12.2286,0.0,66.2143,0.0,0,384607,0.0
25,La Rioja,2025,10.9214,0.0,63.5,0.0,0,384607,0.0
26,La Rioja,2025,7.3929,0.0,51.2857,0.0,0,384607,0.0
27,La Rioja,2025,7.4714,0.0,61.3571,0.0,0,384607,0.0
28,La Rioja,2025,14.2786,0.0,68.2857,0.0,0,384607,0.0
29,La Rioja,2025,12.8929,0.0,52.0714,0.0,0,384607,0.0
30,La Rioja,2025,11.6571,3.7,78.0714,1.3333,0,384607,0.0
31,La Rioja,2025,12.9714,0.1667,67.5714,0.0,0,384607,0.0
32,La Rioja,2025,13.1071,0.3333,51.8571,0.0,0,384607,0.0
33,La Rioja,2025,14.6643,0.0,48.5,0.0,0,384607,0.0
34,La Rioja,2025,14.7143,1.0,43.2143,0.3333,0,384607,0.0
35,La Rioja,2025,17.0429,13.4333,39.2857,0.6667,0,384607,0.0
36,La Rioja,2025,13.6214,1.0,52.6429,0.3333,0,384607,0.0
37,La Rioja,2025,20.3714,0.0,39.7143,0.0,0,384607,0.0
38,La Rioja,2025,23.7214,0.6667,55.7857,0.3333,0,384607,0.0
39,La Rioja,2025,21.0929,0.0,34.4286,0.0,0,384607,0.0
40,La Rioja,2025,23.8857,0.9778,42.3571,0.3333,0,384607,0.0
41,La Rioja,2025,22.4571,0.0,26.0714,0.0,0,384607,0.0
42,La Rioja,2025,25.1214,0.5333,38.0,0.3333,0,384607,0.0
1,Mendoza,2018,24.3143,0.0,33.3714,0.0,0,2014533,0.0
2,Mendoza,2018,24.9343,22.06,52.6571,2.2,0,2014533,0.0
3,Mendoza,2018,23.5771,3.5,48.8286,0.6,0,2014533,0.0
4,Mendoza,2018,23.3571,1.38,50.7714,0.4,0,2014533,0.0
5,Mendoza,2018,26.1686,11.4,53.9429,1.4,0,2014533,0.0
6,Mendoza,2018,24.1743,1.1,42.9143,0.4,0,2014533,0.0
7,Mendoza,2018,24.0829,3.44,49.1429,0.4,0,2014533,0.0
8,Mendoza,2018,20.62,15.32,59.3714,1.2,0,2014533,0.0
9,Mendoza,2018,22.4343,16.76,54.1143,1.6,0,2014533,0.0
10,Mendoza,2018,21.0771,0.12,47.5143,0.0,0,2014533,0.0
11,Mendoza,2018,18.44,0.0,38.2286,0.0,0,2014533,0.0
12,Mendoza,2018,16.7457,0.0,40.9143,0.0,0,2014533,0.0
13,Mendoza,2018,19.0343,8.88,50.4286,0.6,0,2014533,0.0
14,Mendoza,2018,17.1886,0.0,58.8,0.0,0,2014533,0.0
15,Mendoza,2018,15.9857,0.0,56.6571,0.0,0,2014533,0.0
16,Mendoza,2018,18.0343,0.0,58.0857,0.0,0,2014533,0.0
17,Mendoza,2018,15.44,0.0,65.2,0.0,0,2014533,0.0
18,Mendoza,2018,12.9829,9.18,75.9429,0.8,0,2014533,0.0
19,Mendoza,2018,13.5,8.64,76.5143,1.6,0,2014533,0.0
20,Mendoza,2018,10.5714,0.0,60.5714,0.0,0,2014533,0.0
21,Mendoza,2018,10.3257,0.0,63.0286,0.0,0,2014533,0.0
22,Mendoza,2018,6.98,5.26,73.1714,1.6,0,2014533,0.0
23,Mendoza,2018,6.2343,0.92,63.1714,0.2,0,2014533,0.0
24,Mendoza,2018,3.7486,0.0,64.4,0.0,0,2014533,0.0
25,Mendoza,2018,8.3971,0.0,54.0,0.0,0,2014533,0.0
26,Mendoza,2018,9.4429,0.3,56.6286,0.0,0,2014533,0.0
27,Mendoza,2018,3.18,6.1,87.2,1.2,0,2014533,0.0
1,Mendoza,2019,24.6171,1.2,43.4,0.4,0,2014533,0.0
2,Mendoza,2019,20.54,10.08,47.0286,1.2,0,2014533,0.0
3,Mendoza,2019,20.8229,9.92,57.0,1.4,0,2014533,0.0
4,Mendoza,2019,27.46,10.44,53.0,0.6,0,2014533,0.0
5,Mendoza,2019,24.9057,18.7,59.5714,2.0,0,2014533,0.0
6,Mendoza,2019,24.7771,5.4,57.9143,0.4,0,2014533,0.0
7,Mendoza,2019,21.7229,1.6,48.7143,0.2,0,2014533,0.0
8,Mendoza,2019,24.9229,0.8,45.6857,0.4,0,2014533,0.0
9,Mendoza,2019,21.2229,0.4,42.2857,0.2,0,2014533,0.0
10,Mendoza,2019,18.38,20.14,64.5429,2.6,0,2014533,0.0
11,Mendoza,2019,17.7143,11.2,66.0286,1.2,0,2014533,0.0
12,Mendoza,2019,16.2886,0.0,50.9429,0.0,0,2014533,0.0
13,Mendoza,2019,16.92,5.12,65.8571,0.6,0,2014533,0.0
14,Mendoza,2019,19.1371,0.0,49.0,0.0,0,2014533,0.0
15,Mendoza,2019,17.9429,0.0,48.4286,0.0,0,2014533,0.0
16,Mendoza,2019,16.7457,6.3,59.3143,1.0,0,2014533,0.0
17,Mendoza,2019,13.1114,8.92,79.6286,0.8,0,2014533,0.0
18,Mendoza,2019,14.5457,1.06,64.8857,0.4,0,2014533,0.0
19,Mendoza,2019,13.0943,5.8,69.3429,0.6,0,2014533,0.0
20,Mendoza,2019,11.5971,2.7,66.8857,0.4,0,2014533,0.0
21,Mendoza,2019,6.74,18.16,71.3429,1.0,0,2014533,0.0
22,Mendoza,2019,7.3686,0.64,72.1429,0.2,0,2014533,0.0
23,Mendoza,2019,9.5057,0.6,66.9143,0.2,0,2014533,0.0
24,Mendoza,2019,6.9257,6.66,69.2571,1.0,0,2014533,0.0
25,Mendoza,2019,7.7143,0.0,55.9143,0.0,0,2014533,0.0
26,Mendoza,2019,6.7914,0.0,53.3714,0.0,0,2014533,0.0
27,Mendoza,2019,5.0771,0.0,63.1429,0.0,0,2014533,0.0
28,Mendoza,2019,8.0657,0.0,65.6,0.0,0,2014533,0.0
29,Mendoza,2019,8.3657,0.04,56.2857,0.0,0,2014533,0.0
30,Mendoza,2019,6.2943,0.0,50.3143,0.0,0,2014533,0.0
31,Mendoza,2019,8.8257,0.0,43.4286,0.0,0,2014533,0.0
32,Mendoza,2019,7.6971,0.0,37.2,0.0,0,2014533,0.0
33,Mendoza,2019,7.7686,1.26,53.3429,0.2,0,2014533,0.0
34,Mendoza,2019,10.02,0.0,61.9143,0.0,0,2014533,0.0
35,Mendoza,2019,13.2143,0.4,46.4571,0.2,0,2014533,0.0
36,Mendoza,2019,7.9829,0.0,48.7429,0.0,0,2014533,0.0
37,Mendoza,2019,10.5514,5.92,58.7429,1.0,0,2014533,0.0
38,Mendoza,2019,12.32,0.0,31.7714,0.0,0,2014533,0.0
39,Mendoza,2019,19.8286,0.0,34.0571,0.0,0,2014533,0.0
40,Mendoza,2019,12.8057,0.1,38.4857,0.0,0,2014533,0.0
41,Mendoza,2019,19.2029,0.84,34.8571,0.2,0,2014533,0.0
42,Mendoza,2019,12.4457,6.24,60.0857,0.8,0,2014533,0.0
43,Mendoza,2019,19.36,0.0,35.4286,0.0,0,2014533,0.0
44,Mendoza,2019,19.1829,0.0,36.4857,0.0,0,2014533,0.0
45,Mendoza,2019,21.8457,3.8,37.4571,0.4,0,2014533,0.0
46,Mendoza,2019,24.3257,9.8,47.9429,1.4,0,2014533,0.0
47,Mendoza,2019,22.9343,9.34,54.2286,1.6,0,2014533,0.0
48,Mendoza,2019,20.6914,3.38,43.4,0.6,0,2014533,0.0
49,Mendoza,2019,22.1943,5.6,39.1429,0.6,0,2014533,0.0
50,Mendoza,2019,23.8514,0.54,32.9714,0.2,0,2014533,0.0
51,Mendoza,2019,24.2543,0.18,37.2857,0.0,0,2014533,0.0
52,Mendoza,2019,25.4114,0.2,38.7143,0.0,0,2014533,0.0
1,Mendoza,2020,26.5657,3.84,47.8857,0.4,0,2014533,0.0
2,Mendoza,2020,24.0371,4.3,39.8286,0.4,0,2014533,0.0
3,Mendoza,2020,24.7829,7.82,49.7429,0.6,0,2014533,0.0
4,Mendoza,2020,27.8771,5.88,45.2,0.8,2,2014533,0.0993
5,Mendoza,2020,25.3486,10.2,46.6857,1.2,0,2014533,0.0
6,Mendoza,2020,22.7914,40.92,65.1429,3.6,1,2014533,0.0496
7,Mendoza,2020,22.9257,0.0,56.6571,0.0,1,2014533,0.0496
8,Mendoza,2020,20.76,0.0,47.1429,0.0,0,2014533,0.0
9,Mendoza,2020,23.4686,1.28,40.9714,0.4,1,2014533,0.0496
10,Mendoza,2020,26.38,0.0,47.1429,0.0,1,2014533,0.0496
11,Mendoza,2020,22.8886,0.2,53.4571,0.0,1,2014533,0.0496
12,Mendoza,2020,21.3514,0.2,47.9429,0.0,1,2014533,0.0496
13,Mendoza,2020,20.7486,19.22,57.4571,1.4,0,2014533,0.0
14,Mendoza,2020,17.2029,3.1,67.6857,0.6,1,2014533,0.0496
15,Mendoza,2020,15.3886,7.2,56.2571,0.8,0,2014533,0.0
16,Mendoza,2020,16.7857,0.0,61.7714,0.0,0,2014533,0.0
17,Mendoza,2020,15.9457,0.28,61.8857,0.0,0,2014533,0.0
18,Mendoza,2020,13.9286,2.4,65.0571,0.4,0,2014533,0.0
19,Mendoza,2020,12.4486,0.0,56.6857,0.0,1,2014533,0.0496
20,Mendoza,2020,12.5429,0.0,49.2286,0.0,1,2014533,0.0496
21,Mendoza,2020,10.2686,4.4,63.3143,0.8,0,2014533,0.0
22,Mendoza,2020,10.12,0.46,59.8857,0.2,0,2014533,0.0
23,Mendoza,2020,7.2457,8.2,68.0571,1.0,0,2014533,0.0
24,Mendoza,2020,8.4114,2.8,55.2286,0.2,0,2014533,0.0
25,Mendoza,2020,8.3914,4.06,58.1429,0.2,0,2014533,0.0
26,Mendoza,2020,4.82,0.9,70.7714,0.2,0,2014533,0.0
27,Mendoza,2020,4.8229,17.52,70.8286,1.8,0,2014533,0.0
28,Mendoza,2020,6.08,1.42,69.9714,0.2,0,2014533,0.0
29,Mendoza,2020,7.4514,0.42,65.5429,0.2,0,2014533,0.0
30,Mendoza,2020,6.1257,6.26,67.3714,1.0,0,2014533,0.0
31,Mendoza,2020,7.4543,0.0,51.9143,0.0,0,2014533,0.0
32,Mendoza,2020,10.48,0.0,48.7714,0.0,0,2014533,0.0
33,Mendoza,2020,7.8886,0.0,32.6,0.0,0,2014533,0.0
34,Mendoza,2020,6.9571,0.74,43.1429,0.2,0,2014533,0.0
35,Mendoza,2020,9.9686,1.6,48.8286,0.4,0,2014533,0.0
36,Mendoza,2020,9.3714,0.0,48.3429,0.0,0,2014533,0.0
37,Mendoza,2020,13.6743,0.0,40.3143,0.0,0,2014533,0.0
38,Mendoza,2020,13.9971,0.0,32.7429,0.0,0,2014533,0.0
39,Mendoza,2020,16.3771,1.42,39.0286,0.2,0,2014533,0.0
40,Mendoza,2020,12.3286,5.2,43.9714,0.8,0,2014533,0.0
41,Mendoza,2020,15.5771,0.0,35.6571,0.0,0,2014533,0.0
42,Mendoza,2020,21.4629,0.0,35.4857,0.0,0,2014533,0.0
43,Mendoza,2020,18.5171,1.62,53.1429,0.2,0,2014533,0.0
44,Mendoza,2020,17.7314,0.0,34.9714,0.0,0,2014533,0.0
45,Mendoza,2020,22.4,5.1,33.5143,0.6,0,2014533,0.0
46,Mendoza,2020,20.2114,41.72,58.6571,1.8,0,2014533,0.0
47,Mendoza,2020,20.2229,12.98,50.8286,1.8,0,2014533,0.0
48,Mendoza,2020,22.5429,1.08,40.0571,0.4,0,2014533,0.0
49,Mendoza,2020,21.3543,9.8,43.2,0.8,0,2014533,0.0
50,Mendoza,2020,24.56,0.0,32.2286,0.0,0,2014533,0.0
51,Mendoza,2020,22.2229,5.6,36.7714,0.6,0,2014533,0.0
52,Mendoza,2020,25.5171,21.6,41.0,1.0,0,2014533,0.0
53,Mendoza,2020,23.5486,15.82,48.0857,1.6,0,2014533,0.0
1,Mendoza,2021,21.1486,27.7,58.1143,1.6,0,2014533,0.0
2,Mendoza,2021,22.1371,4.72,48.5429,0.8,0,2014533,0.0
3,Mendoza,2021,26.7743,0.0,35.2286,0.0,0,2014533,0.0
4,Mendoza,2021,22.0057,21.46,52.1143,2.0,0,2014533,0.0
5,Mendoza,2021,20.6857,24.2,57.9429,1.4,0,2014533,0.0
6,Mendoza,2021,19.6857,16.44,70.8571,3.0,0,2014533,0.0
7,Mendoza,2021,20.2314,21.7,63.6571,1.4,0,2014533,0.0
8,Mendoza,2021,23.6457,20.76,57.3714,1.8,0,2014533,0.0
9,Mendoza,2021,24.4229,3.06,61.8286,0.2,0,2014533,0.0
10,Mendoza,2021,21.8886,8.18,58.4286,0.8,0,2014533,0.0
11,Mendoza,2021,15.2286,21.82,75.9429,2.6,0,2014533,0.0
12,Mendoza,2021,15.7771,6.36,66.6286,0.6,0,2014533,0.0
13,Mendoza,2021,18.4914,0.08,65.7714,0.0,1,2014533,0.0496
14,Mendoza,2021,16.38,5.44,74.8571,1.2,0,2014533,0.0
15,Mendoza,2021,17.6086,0.1,61.8286,0.0,0,2014533,0.0
16,Mendoza,2021,15.38,22.26,74.5429,0.8,0,2014533,0.0
17,Mendoza,2021,14.6029,0.0,67.0286,0.0,0,2014533,0.0
18,Mendoza,2021,10.1171,2.8,72.1429,0.4,0,2014533,0.0
19,Mendoza,2021,11.08,0.0,68.6286,0.0,0,2014533,0.0
20,Mendoza,2021,10.7343,14.6,71.8571,1.6,0,2014533,0.0
21,Mendoza,2021,10.48,0.0,59.5143,0.0,0,2014533,0.0
22,Mendoza,2021,11.6171,0.0,62.2,0.0,0,2014533,0.0
23,Mendoza,2021,9.6771,0.0,66.2286,0.0,0,2014533,0.0
24,Mendoza,2021,3.5943,3.12,79.1429,0.8,0,2014533,0.0
25,Mendoza,2021,5.34,3.42,68.5429,0.6,0,2014533,0.0
26,Mendoza,2021,5.2657,0.0,57.0857,0.0,0,2014533,0.0
27,Mendoza,2021,8.8114,0.0,53.7429,0.0,0,2014533,0.0
28,Mendoza,2021,6.44,0.0,53.2571,0.0,0,2014533,0.0
29,Mendoza,2021,8.0286,0.0,50.1143,0.0,0,2014533,0.0
30,Mendoza,2021,5.8743,0.0,51.5714,0.0,0,2014533,0.0
1,Mendoza,2022,26.3229,5.0,44.8,0.6,0,2014533,0.0
2,Mendoza,2022,28.88,0.12,39.7143,0.0,0,2014533,0.0
3,Mendoza,2022,20.6829,4.26,57.6286,0.6,0,2014533,0.0
4,Mendoza,2022,23.9514,24.06,62.3143,1.4,0,2014533,0.0
5,Mendoza,2022,21.5057,8.6,55.5429,1.4,0,2014533,0.0
6,Mendoza,2022,22.0943,3.9,47.8857,0.6,0,2014533,0.0
7,Mendoza,2022,23.8057,5.5,43.7429,0.8,0,2014533,0.0
8,Mendoza,2022,19.2771,36.6,71.0571,2.6,0,2014533,0.0
9,Mendoza,2022,22.1371,1.0,53.7714,0.2,0,2014533,0.0
10,Mendoza,2022,19.5029,1.9,50.4286,0.6,0,2014533,0.0
11,Mendoza,2022,19.9714,0.0,50.2,0.0,1,2014533,0.0496
12,Mendoza,2022,17.2771,0.0,48.4857,0.0,0,2014533,0.0
13,Mendoza,2022,14.9743,0.0,40.3714,0.0,0,2014533,0.0
14,Mendoza,2022,17.7257,0.18,54.2286,0.0,0,2014533,0.0
15,Mendoza,2022,14.6029,0.0,54.8,0.0,0,2014533,0.0
16,Mendoza,2022,15.1657,4.0,59.0857,0.2,0,2014533,0.0
17,Mendoza,2022,11.6571,1.8,48.7143,0.2,0,2014533,0.0
18,Mendoza,2022,13.1657,0.0,53.9143,0.0,0,2014533,0.0
19,Mendoza,2022,12.6629,0.0,60.4,0.0,0,2014533,0.0
20,Mendoza,2022,8.44,0.0,54.0571,0.0,0,2014533,0.0
21,Mendoza,2022,7.1857,1.34,69.0286,0.6,0,2014533,0.0
22,Mendoza,2022,4.8629,0.0,60.8571,0.0,0,2014533,0.0
23,Mendoza,2022,8.4486,0.0,54.8,0.0,0,2014533,0.0
24,Mendoza,2022,7.5886,0.0,49.4,0.0,0,2014533,0.0
25,Mendoza,2022,3.5029,3.58,77.4,0.8,0,2014533,0.0
26,Mendoza,2022,6.9457,2.1,56.6857,0.2,0,2014533,0.0
27,Mendoza,2022,7.2429,0.12,48.6286,0.0,0,2014533,0.0
28,Mendoza,2022,4.5057,8.6,64.1714,1.6,0,2014533,0.0
29,Mendoza,2022,9.0371,0.16,55.5143,0.0,0,2014533,0.0
30,Mendoza,2022,9.4286,1.14,70.6857,0.2,0,2014533,0.0
31,Mendoza,2022,8.0657,3.26,65.3714,0.6,0,2014533,0.0
32,Mendoza,2022,7.9314,0.4,61.4857,0.2,0,2014533,0.0
33,Mendoza,2022,9.3857,1.3,44.2,0.2,0,2014533,0.0
34,Mendoza,2022,11.94,0.0,41.2,0.0,0,2014533,0.0
35,Mendoza,2022,11.6429,0.0,35.4571,0.0,0,2014533,0.0
36,Mendoza,2022,11.96,0.0,31.6286,0.0,0,2014533,0.0
37,Mendoza,2022,14.1829,1.3,36.2286,0.2,0,2014533,0.0
38,Mendoza,2022,11.2029,1.68,51.2857,0.6,0,2014533,0.0
39,Mendoza,2022,15.3457,0.9,52.6286,0.2,0,2014533,0.0
40,Mendoza,2022,15.9343,2.08,38.3429,0.6,0,2014533,0.0
41,Mendoza,2022,15.1171,0.0,30.2571,0.0,1,2014533,0.0496
42,Mendoza,2022,14.7029,27.2,61.5714,2.2,0,2014533,0.0
43,Mendoza,2022,20.32,0.38,35.2571,0.0,0,2014533,0.0
44,Mendoza,2022,18.6571,0.0,27.2571,0.0,1,2014533,0.0496
45,Mendoza,2022,19.4829,14.14,54.6857,2.2,0,2014533,0.0
46,Mendoza,2022,23.3486,2.18,43.1429,0.4,0,2014533,0.0
47,Mendoza,2022,24.6457,0.3,37.5714,0.0,0,2014533,0.0
48,Mendoza,2022,24.7686,5.6,40.4,1.0,0,2014533,0.0
49,Mendoza,2022,27.7971,1.32,32.4857,0.2,0,2014533,0.0
50,Mendoza,2022,23.9743,17.68,36.7429,1.2,0,2014533,0.0
1,Mendoza,2023,25.8486,3.56,37.2571,0.4,1,2014533,0.0496
2,Mendoza,2023,24.2114,12.8,44.4571,1.4,0,2014533,0.0
3,Mendoza,2023,24.7971,1.82,52.0286,0.4,1,2014533,0.0496
4,Mendoza,2023,25.0114,10.38,50.8571,1.0,0,2014533,0.0
5,Mendoza,2023,24.4914,3.5,56.9143,1.0,0,2014533,0.0
6,Mendoza,2023,27.5629,0.6,42.0286,0.2,0,2014533,0.0
7,Mendoza,2023,20.22,0.0,34.3429,0.0,0,2014533,0.0
8,Mendoza,2023,23.8314,0.9,39.4571,0.2,0,2014533,0.0
9,Mendoza,2023,24.8714,4.0,42.0,0.6,0,2014533,0.0
10,Mendoza,2023,24.0686,11.2,58.7143,0.6,0,2014533,0.0
11,Mendoza,2023,22.4286,18.4,71.3429,1.2,0,2014533,0.0
12,Mendoza,2023,20.1114,5.08,73.5429,0.8,3,2014533,0.1489
13,Mendoza,2023,17.4029,0.0,54.2286,0.0,0,2014533,0.0
14,Mendoza,2023,20.3086,0.0,61.0571,0.0,4,2014533,0.1986
15,Mendoza,2023,14.6057,8.56,72.2857,0.6,6,2014533,0.2978
16,Mendoza,2023,14.8514,0.0,54.5429,0.0,6,2014533,0.2978
17,Mendoza,2023,16.08,2.2,59.6286,0.2,5,2014533,0.2482
18,Mendoza,2023,11.4229,0.0,53.7143,0.0,5,2014533,0.2482
19,Mendoza,2023,14.0229,0.0,58.3714,0.0,1,2014533,0.0496
20,Mendoza,2023,12.9486,5.1,64.1429,0.2,3,2014533,0.1489
21,Mendoza,2023,11.5571,0.46,65.0286,0.0,0,2014533,0.0
22,Mendoza,2023,10.8371,0.22,66.8,0.0,0,2014533,0.0
23,Mendoza,2023,10.3629,2.0,57.5429,0.2,1,2014533,0.0496
24,Mendoza,2023,4.6686,0.0,59.4286,0.0,0,2014533,0.0
25,Mendoza,2023,8.5457,4.6,73.8,0.6,0,2014533,0.0
26,Mendoza,2023,9.2657,0.0,55.3714,0.0,0,2014533,0.0
27,Mendoza,2023,9.3857,0.08,62.1143,0.0,0,2014533,0.0
28,Mendoza,2023,5.1657,2.16,75.7429,0.8,1,2014533,0.0496
29,Mendoza,2023,7.9543,2.6,58.0571,0.2,0,2014533,0.0
30,Mendoza,2023,9.44,0.0,52.6286,0.0,0,2014533,0.0
31,Mendoza,2023,12.8114,0.0,47.5143,0.0,0,2014533,0.0
32,Mendoza,2023,9.1914,0.0,43.0,0.0,0,2014533,0.0
33,Mendoza,2023,11.3971,3.8,50.1714,0.2,0,2014533,0.0
34,Mendoza,2023,8.1257,27.24,65.7429,0.6,0,2014533,0.0
35,Mendoza,2023,11.5514,0.06,45.2857,0.0,0,2014533,0.0
36,Mendoza,2023,10.6257,6.0,63.4,1.4,0,2014533,0.0
37,Mendoza,2023,13.7743,1.1,38.3143,0.2,0,2014533,0.0
38,Mendoza,2023,13.8486,0.0,51.7429,0.0,0,2014533,0.0
39,Mendoza,2023,13.8114,0.1,40.5429,0.0,0,2014533,0.0
40,Mendoza,2023,15.5371,1.56,37.1714,0.4,0,2014533,0.0
41,Mendoza,2023,16.6029,0.0,32.4,0.0,1,2014533,0.0496
42,Mendoza,2023,18.2457,4.78,43.5429,1.4,0,2014533,0.0
43,Mendoza,2023,18.4057,2.64,51.3714,0.6,0,2014533,0.0
44,Mendoza,2023,14.2343,12.1,49.1714,0.6,0,2014533,0.0
45,Mendoza,2023,20.2143,0.2,33.0857,0.0,0,2014533,0.0
46,Mendoza,2023,19.2857,0.0,27.5714,0.0,0,2014533,0.0
47,Mendoza,2023,23.2229,2.12,36.1143,0.4,0,2014533,0.0
48,Mendoza,2023,22.8286,4.48,38.6,0.8,0,2014533,0.0
49,Mendoza,2023,22.1829,8.14,42.4857,0.8,0,2014533,0.0
50,Mendoza,2023,26.9143,0.2,37.4571,0.0,2,2014533,0.0993
51,Mendoza,2023,20.8057,11.4,53.6857,1.0,2,2014533,0.0993
52,Mendoza,2023,25.4657,3.0,40.7143,0.4,1,2014533,0.0496
1,Mendoza,2024,25.9,3.72,45.0571,0.4,4,2014533,0.1986
2,Mendoza,2024,23.98,8.4,51.4857,1.4,4,2014533,0.1986
3,Mendoza,2024,25.4543,12.1,39.3143,1.2,3,2014533,0.1489
4,Mendoza,2024,27.7286,1.86,42.5714,0.2,11,2014533,0.546
5,Mendoza,2024,28.2457,4.72,42.6,1.0,4,2014533,0.1986
6,Mendoza,2024,26.1343,18.36,58.4571,1.6,5,2014533,0.2482
7,Mendoza,2024,25.0086,6.52,48.2286,0.6,8,2014533,0.3971
8,Mendoza,2024,23.7714,10.96,55.6857,1.2,14,2014533,0.695
9,Mendoza,2024,23.9086,3.82,58.7429,0.6,36,2014533,1.787
10,Mendoza,2024,23.22,3.8,58.0,0.2,164,2014533,8.1408
11,Mendoza,2024,22.7714,0.04,56.8857,0.0,350,2014533,17.3738
12,Mendoza,2024,20.6971,3.66,48.9429,0.4,677,2014533,33.6058
13,Mendoza,2024,22.2486,4.16,51.2,0.6,829,2014533,41.151
14,Mendoza,2024,18.8486,0.08,51.3429,0.0,1098,2014533,54.5039
15,Mendoza,2024,13.1338,24.12,70.7333,1.8,861,2014533,42.7394
16,Mendoza,2024,15.8314,0.82,64.2286,0.2,356,2014533,17.6716
17,Mendoza,2024,12.9114,0.14,64.0571,0.0,198,2014533,9.8286
18,Mendoza,2024,11.1914,0.0,53.6286,0.0,107,2014533,5.3114
19,Mendoza,2024,8.9629,5.7,60.2857,0.4,31,2014533,1.5388
20,Mendoza,2024,6.3743,1.86,70.4857,0.4,12,2014533,0.5957
21,Mendoza,2024,6.1714,11.24,79.7714,2.2,3,2014533,0.1489
22,Mendoza,2024,7.5743,0.0,70.7429,0.0,0,2014533,0.0
23,Mendoza,2024,9.46,0.0,62.2571,0.0,0,2014533,0.0
24,Mendoza,2024,11.2229,1.4,59.8,0.4,0,2014533,0.0
25,Mendoza,2024,8.4943,1.68,67.6286,0.6,0,2014533,0.0
26,Mendoza,2024,6.0057,0.34,54.6571,0.2,0,2014533,0.0
27,Mendoza,2024,5.6257,0.0,46.8,0.0,0,2014533,0.0
28,Mendoza,2024,2.8057,0.0,56.1714,0.0,1,2014533,0.0496
29,Mendoza,2024,6.68,1.26,51.6,0.2,0,2014533,0.0
30,Mendoza,2024,9.5057,0.0,43.0571,0.0,0,2014533,0.0
31,Mendoza,2024,9.6171,0.0,45.5429,0.0,0,2014533,0.0
32,Mendoza,2024,7.52,2.52,52.3143,0.4,0,2014533,0.0
33,Mendoza,2024,10.0771,2.48,50.4,0.4,0,2014533,0.0
34,Mendoza,2024,5.2629,5.52,71.5143,0.6,0,2014533,0.0
35,Mendoza,2024,10.6857,9.48,58.6,1.0,0,2014533,0.0
36,Mendoza,2024,13.3543,0.0,37.4,0.0,0,2014533,0.0
37,Mendoza,2024,14.1086,0.0,37.4857,0.0,0,2014533,0.0
38,Mendoza,2024,17.8543,0.0,26.4857,0.0,0,2014533,0.0
39,Mendoza,2024,15.88,0.0,34.2,0.0,0,2014533,0.0
40,Mendoza,2024,17.1086,0.0,33.4857,0.0,0,2014533,0.0
41,Mendoza,2024,15.4971,62.14,65.0286,2.6,0,2014533,0.0
42,Mendoza,2024,21.0514,0.0,53.4571,0.0,1,2014533,0.0496
43,Mendoza,2024,17.6771,20.58,52.5429,2.0,0,2014533,0.0
44,Mendoza,2024,23.4029,0.7,39.2857,0.2,3,2014533,0.1489
45,Mendoza,2024,21.0057,0.4,44.4571,0.2,1,2014533,0.0496
46,Mendoza,2024,21.7029,0.18,33.3143,0.0,1,2014533,0.0496
47,Mendoza,2024,22.2457,1.06,51.6857,0.2,0,2014533,0.0
48,Mendoza,2024,21.6114,0.44,38.8,0.2,0,2014533,0.0
49,Mendoza,2024,20.4486,0.0,33.8857,0.0,2,2014533,0.0993
50,Mendoza,2024,24.9171,0.82,32.9714,0.4,1,2014533,0.0496
51,Mendoza,2024,24.3886,7.4,43.5429,1.0,1,2014533,0.0496
52,Mendoza,2024,25.7257,2.44,34.2286,0.6,0,2014533,0.0
1,Mendoza,2025,26.6343,5.4,44.7429,0.8,0,2014533,0.0
2,Mendoza,2025,25.4829,20.54,51.7143,1.6,0,2014533,0.0
3,Mendoza,2025,26.32,9.92,42.8857,1.0,1,2014533,0.0496
4,Mendoza,2025,26.4029,3.04,42.6857,0.8,0,2014533,0.0
5,Mendoza,2025,27.0143,15.08,49.3714,1.0,0,2014533,0.0
6,Mendoza,2025,27.4886,2.0,44.4,0.4,0,2014533,0.0
7,Mendoza,2025,25.54,3.5,39.1429,0.4,0,2014533,0.0
8,Mendoza,2025,26.3771,3.72,40.6857,0.8,0,2014533,0.0
9,Mendoza,2025,24.5657,5.92,61.0286,0.4,1,2014533,0.0496
10,Mendoza,2025,21.9657,16.28,64.2571,1.8,2,2014533,0.0993
11,Mendoza,2025,19.1086,0.68,58.1143,0.2,0,2014533,0.0
12,Mendoza,2025,21.0229,6.88,56.4571,1.0,0,2014533,0.0
13,Mendoza,2025,16.0857,7.02,72.2571,1.0,0,2014533,0.0
14,Mendoza,2025,13.2486,0.0,51.4571,0.0,0,2014533,0.0
15,Mendoza,2025,14.6857,2.74,66.2,0.4,0,2014533,0.0
16,Mendoza,2025,14.86,0.54,66.2571,0.2,2,2014533,0.0993
17,Mendoza,2025,14.8914,0.56,62.2,0.2,0,2014533,0.0
18,Mendoza,2025,15.3686,0.0,56.9714,0.0,0,2014533,0.0
19,Mendoza,2025,13.7971,0.4,58.4857,0.0,0,2014533,0.0
20,Mendoza,2025,14.6686,0.08,60.0286,0.0,0,2014533,0.0
21,Mendoza,2025,10.4829,0.0,57.7429,0.0,0,2014533,0.0
22,Mendoza,2025,7.6914,9.96,64.7714,0.8,0,2014533,0.0
23,Mendoza,2025,10.4543,0.0,57.8286,0.0,0,2014533,0.0
24,Mendoza,2025,8.4743,0.0,63.5143,0.0,0,2014533,0.0
25,Mendoza,2025,8.0,0.0,53.1714,0.0,2,2014533,0.0993
26,Mendoza,2025,4.0143,1.82,54.9429,0.4,0,2014533,0.0
27,Mendoza,2025,4.4657,0.0,62.8857,0.0,0,2014533,0.0
28,Mendoza,2025,8.0629,0.0,62.3143,0.0,0,2014533,0.0
29,Mendoza,2025,9.4229,0.28,47.9143,0.2,0,2014533,0.0
30,Mendoza,2025,6.8171,1.96,69.0571,0.4,0,2014533,0.0
31,Mendoza,2025,8.4848,4.54,69.0667,0.4,0,2014533,0.0
32,Mendoza,2025,8.6571,3.26,61.0,0.4,0,2014533,0.0
33,Mendoza,2025,11.2886,0.52,58.4,0.2,0,2014533,0.0
34,Mendoza,2025,10.4057,7.8,51.1143,0.6,0,2014533,0.0
35,Mendoza,2025,12.461,63.42,46.519,2.2,0,2014533,0.0
36,Mendoza,2025,9.3229,0.0,60.2571,0.0,0,2014533,0.0
37,Mendoza,2025,14.9914,0.0,42.5143,0.0,0,2014533,0.0
38,Mendoza,2025,17.0229,0.92,48.8,0.2,0,2014533,0.0
39,Mendoza,2025,15.0657,2.14,43.4286,0.2,0,2014533,0.0
40,Mendoza,2025,18.7457,0.1,42.2286,0.0,0,2014533,0.0
41,Mendoza,2025,17.3486,0.0,30.9714,0.0,0,2014533,0.0
42,Mendoza,2025,19.2229,0.0,36.0,0.0,0,2014533,0.0
1,Misiones,2018,24.9571,41.075,71.3929,2.25,0,1280960,0.0
2,Misiones,2018,24.2393,122.75,82.7857,3.75,1,1280960,0.0781
3,Misiones,2018,24.2821,114.55,86.25,4.25,0,1280960,0.0
4,Misiones,2018,24.8393,64.125,82.4286,4.0,0,1280960,0.0
5,Misiones,2018,26.3393,0.75,66.25,0.25,0,1280960,0.0
6,Misiones,2018,26.4429,36.75,70.0357,2.5,0,1280960,0.0
7,Misiones,2018,23.8821,18.25,73.2857,1.25,0,1280960,0.0
8,Misiones,2018,23.6179,28.95,76.0714,1.75,2,1280960,0.1561
9,Misiones,2018,25.172,67.2,79.7679,3.6667,0,1280960,0.0
10,Misiones,2018,24.7833,6.625,71.9286,0.5,2,1280960,0.1561
11,Misiones,2018,25.3881,72.5,77.9643,2.75,4,1280960,0.3123
12,Misiones,2018,22.7964,111.175,80.1548,3.25,6,1280960,0.4684
13,Misiones,2018,21.7464,97.925,86.5,3.5,5,1280960,0.3903
14,Misiones,2018,22.7869,0.0,72.4524,0.0,10,1280960,0.7807
15,Misiones,2018,24.3839,1.15,73.7679,0.25,6,1280960,0.4684
16,Misiones,2018,24.0726,6.125,72.5595,0.5,6,1280960,0.4684
17,Misiones,2018,24.9863,0.0,71.4048,0.0,21,1280960,1.6394
18,Misiones,2018,24.3506,7.0,71.8214,1.5,18,1280960,1.4052
19,Misiones,2018,21.1613,17.3167,75.7143,1.0417,29,1280960,2.2639
20,Misiones,2018,17.6637,69.825,82.9821,3.0,19,1280960,1.4833
21,Misiones,2018,15.8375,0.0,72.6964,0.0,8,1280960,0.6245
22,Misiones,2018,17.5339,29.5333,76.2321,2.3333,5,1280960,0.3903
23,Misiones,2018,13.0929,3.75,77.8095,0.75,0,1280960,0.0
24,Misiones,2018,12.1345,13.375,78.375,0.7917,0,1280960,0.0
25,Misiones,2018,18.4155,10.2083,74.1845,1.0417,0,1280960,0.0
26,Misiones,2018,17.3762,41.0,86.9048,3.5,3,1280960,0.2342
27,Misiones,2018,18.3732,3.8667,82.6071,0.5,0,1280960,0.0
1,Misiones,2019,27.3458,23.2083,78.5893,1.7917,5,1280960,0.3903
2,Misiones,2019,25.0857,42.2333,80.2857,2.6667,3,1280960,0.2342
3,Misiones,2019,25.6,42.9667,79.5238,3.0,6,1280960,0.4684
4,Misiones,2019,27.919,4.1667,70.3333,1.0,6,1280960,0.4684
5,Misiones,2019,27.7286,25.1,68.381,1.6667,9,1280960,0.7026
6,Misiones,2019,26.3018,10.0,69.1071,1.75,21,1280960,1.6394
7,Misiones,2019,23.5405,80.1208,81.7083,3.625,18,1280960,1.4052
8,Misiones,2019,26.7911,24.0,71.619,1.75,25,1280960,1.9517
9,Misiones,2019,22.8452,45.1667,68.8988,1.0417,11,1280960,0.8587
10,Misiones,2019,23.9464,191.625,82.0179,3.9167,19,1280960,1.4833
11,Misiones,2019,22.769,95.825,88.2262,5.0,40,1280960,3.1227
12,Misiones,2019,22.0387,8.2958,79.0655,0.5,41,1280960,3.2007
13,Misiones,2019,23.6232,0.0,70.4821,0.0,8,1280960,0.6245
14,Misiones,2019,22.1548,78.9708,87.3988,2.0417,30,1280960,2.342
15,Misiones,2019,23.0845,0.0,77.1548,0.0,43,1280960,3.3569
16,Misiones,2019,22.25,76.25,81.7202,2.5,32,1280960,2.4981
17,Misiones,2019,21.9339,85.575,88.8393,4.0,26,1280960,2.0297
18,Misiones,2019,21.7089,35.6583,86.3333,2.0833,26,1280960,2.0297
19,Misiones,2019,20.0738,186.875,92.5357,5.4583,39,1280960,3.0446
20,Misiones,2019,17.8619,1.0917,82.8155,0.25,57,1280960,4.4498
21,Misiones,2019,17.3488,63.25,89.6845,4.0,29,1280960,2.2639
22,Misiones,2019,18.5679,64.175,91.7083,3.625,23,1280960,1.7955
23,Misiones,2019,17.425,0.025,77.7024,0.0,5,1280960,0.3903
24,Misiones,2019,22.1714,0.0,72.6131,0.0,2,1280960,0.1561
25,Misiones,2019,19.5917,4.425,76.6488,0.5417,0,1280960,0.0
26,Misiones,2019,18.7262,26.3,75.3095,2.0833,0,1280960,0.0
27,Misiones,2019,10.3827,9.0208,77.1667,1.2917,0,1280960,0.0
28,Misiones,2019,17.9226,8.5833,69.0179,1.2917,0,1280960,0.0
29,Misiones,2019,15.6911,13.8,75.8512,1.0833,0,1280960,0.0
30,Misiones,2019,15.1244,57.0,85.3095,2.625,0,1280960,0.0
31,Misiones,2019,16.0494,14.8833,73.7619,1.8333,0,1280960,0.0
32,Misiones,2019,18.0083,14.4833,74.6786,1.3333,0,1280960,0.0
33,Misiones,2019,17.4238,1.0417,64.1905,0.25,0,1280960,0.0
34,Misiones,2019,16.5714,1.0,66.3333,0.3333,0,1280960,0.0
35,Misiones,2019,20.8393,35.25,68.625,2.625,0,1280960,0.0
36,Misiones,2019,19.2268,1.5,62.875,0.25,1,1280960,0.0781
37,Misiones,2019,22.35,7.4583,70.9643,1.0417,0,1280960,0.0
38,Misiones,2019,20.1446,22.125,71.7857,1.2917,0,1280960,0.0
39,Misiones,2019,21.947,0.0,56.619,0.0,1,1280960,0.0781
40,Misiones,2019,23.5417,51.05,71.875,3.6667,0,1280960,0.0
41,Misiones,2019,26.2268,7.5,57.256,1.0417,1,1280960,0.0781
42,Misiones,2019,21.822,50.85,83.744,3.9167,0,1280960,0.0
43,Misiones,2019,22.4518,25.45,65.4881,1.2917,1,1280960,0.0781
44,Misiones,2019,26.5726,69.625,71.7321,2.875,3,1280960,0.2342
45,Misiones,2019,24.6345,53.0417,81.7262,2.5833,4,1280960,0.3123
46,Misiones,2019,24.0851,42.8583,70.0833,1.5417,6,1280960,0.4684
47,Misiones,2019,27.3167,0.5,63.0119,0.25,0,1280960,0.0
48,Misiones,2019,23.9726,92.2,78.25,2.25,9,1280960,0.7026
49,Misiones,2019,23.2464,43.375,67.3333,1.7917,5,1280960,0.3903
50,Misiones,2019,25.5405,53.55,75.3988,3.0833,7,1280960,0.5465
51,Misiones,2019,23.3524,35.7917,78.0536,1.5417,9,1280960,0.7026
52,Misiones,2019,27.6696,12.4167,62.1667,0.5417,1,1280960,0.0781
1,Misiones,2020,26.6393,22.0,72.1905,1.5,47,1280960,3.6691
2,Misiones,2020,27.0686,61.8833,77.4571,2.875,142,1280960,11.0854
3,Misiones,2020,25.7506,81.7083,80.3333,2.875,124,1280960,9.6802
4,Misiones,2020,24.9476,53.2917,76.1607,2.5833,134,1280960,10.4609
5,Misiones,2020,25.4756,92.875,75.5179,2.95,107,1280960,8.3531
6,Misiones,2020,27.2048,7.2667,71.0,0.6667,200,1280960,15.6133
7,Misiones,2020,25.0714,54.6333,73.2381,2.0,245,1280960,19.1263
8,Misiones,2020,23.919,23.6667,70.3333,1.0,396,1280960,30.9143
9,Misiones,2020,23.5429,54.6667,69.8095,1.6667,543,1280960,42.3901
10,Misiones,2020,24.9655,1.75,64.3333,0.5,527,1280960,41.141
11,Misiones,2020,28.5905,0.5,58.6369,0.25,618,1280960,48.2451
12,Misiones,2020,24.678,53.25,72.9881,1.8333,412,1280960,32.1634
13,Misiones,2020,24.8214,9.275,67.3274,1.0,376,1280960,29.353
14,Misiones,2020,23.3798,49.1,74.6607,2.5,367,1280960,28.6504
15,Misiones,2020,18.4732,23.2083,69.7619,1.0417,296,1280960,23.1077
16,Misiones,2020,18.2738,8.9583,69.375,0.7917,274,1280960,21.3902
17,Misiones,2020,23.4524,2.25,64.9583,0.5,266,1280960,20.7657
18,Misiones,2020,21.9161,3.2708,69.7738,0.5,118,1280960,9.2118
19,Misiones,2020,16.6405,39.5833,74.25,1.5833,75,1280960,5.855
20,Misiones,2020,17.7702,32.3208,76.3571,2.0417,54,1280960,4.2156
21,Misiones,2020,18.1744,92.0,80.2917,3.5,37,1280960,2.8885
22,Misiones,2020,16.0565,5.25,74.4881,0.75,29,1280960,2.2639
23,Misiones,2020,13.6345,70.675,87.8095,3.5,19,1280960,1.4833
24,Misiones,2020,20.2696,47.9667,83.1429,3.375,13,1280960,1.0149
25,Misiones,2020,21.972,0.0,73.1667,0.0,2,1280960,0.1561
26,Misiones,2020,17.1452,17.25,74.3512,2.0,3,1280960,0.2342
27,Misiones,2020,12.7702,47.0792,83.1488,2.0833,4,1280960,0.3123
28,Misiones,2020,15.3577,111.0792,85.8155,2.0833,0,1280960,0.0
29,Misiones,2020,18.0494,6.75,71.9345,0.7917,0,1280960,0.0
30,Misiones,2020,18.7792,8.05,67.6548,0.7917,0,1280960,0.0
31,Misiones,2020,16.275,6.0583,73.2262,0.7917,0,1280960,0.0
32,Misiones,2020,21.4089,0.0,59.3929,0.0,0,1280960,0.0
33,Misiones,2020,16.5327,100.7667,82.1131,3.625,0,1280960,0.0
34,Misiones,2020,14.2155,22.0958,70.75,0.75,0,1280960,0.0
35,Misiones,2020,24.0292,0.0,52.9286,0.0,0,1280960,0.0
36,Misiones,2020,19.5905,2.675,73.8214,0.75,0,1280960,0.0
37,Misiones,2020,23.1226,12.2,73.0476,0.75,0,1280960,0.0
38,Misiones,2020,19.1881,3.4917,76.8393,0.7917,0,1280960,0.0
39,Misiones,2020,24.2137,4.475,53.75,0.5,0,1280960,0.0
40,Misiones,2020,26.3321,0.0,59.5952,0.0,0,1280960,0.0
41,Misiones,2020,22.2911,13.0417,69.5714,1.8333,0,1280960,0.0
42,Misiones,2020,24.0244,17.4667,62.9524,1.2917,0,1280960,0.0
43,Misiones,2020,27.9262,19.0,57.2024,1.5,0,1280960,0.0
44,Misiones,2020,22.028,1.4417,65.3929,0.25,0,1280960,0.0
45,Misiones,2020,24.644,4.75,45.744,1.0,0,1280960,0.0
46,Misiones,2020,24.8845,24.125,70.2857,3.0,0,1280960,0.0
47,Misiones,2020,23.8893,3.375,56.8869,0.75,0,1280960,0.0
48,Misiones,2020,27.6589,50.75,58.9286,2.75,0,1280960,0.0
49,Misiones,2020,24.3393,103.6333,76.1071,2.5417,0,1280960,0.0
50,Misiones,2020,27.1089,5.0,59.006,0.25,0,1280960,0.0
51,Misiones,2020,25.5006,50.85,74.7024,2.25,0,1280960,0.0
52,Misiones,2020,26.3262,9.75,59.7857,0.5,0,1280960,0.0
53,Misiones,2020,26.6036,28.9167,67.5298,2.375,0,1280960,0.0
1,Misiones,2021,25.8244,50.275,75.7262,3.0,0,1280960,0.0
2,Misiones,2021,26.1774,88.125,78.1845,3.5,2,1280960,0.1561
3,Misiones,2021,24.1804,70.5,83.7976,4.25,0,1280960,0.0
4,Misiones,2021,23.2994,191.1458,90.5952,6.2083,2,1280960,0.1561
5,Misiones,2021,23.0619,10.725,77.1905,1.6,1,1280960,0.0781
6,Misiones,2021,24.4357,6.8,72.6429,1.0,7,1280960,0.5465
7,Misiones,2021,25.1345,0.4167,63.9524,0.0,3,1280960,0.2342
8,Misiones,2021,27.2435,12.1667,64.7976,1.0417,3,1280960,0.2342
9,Misiones,2021,24.8667,23.6667,75.3333,2.3333,9,1280960,0.7026
10,Misiones,2021,25.1429,0.0,56.3333,0.0,10,1280960,0.7807
11,Misiones,2021,25.0714,53.3333,73.3333,3.0,12,1280960,0.9368
12,Misiones,2021,24.7714,65.1667,80.9048,2.3333,11,1280960,0.8587
13,Misiones,2021,21.5298,1.05,72.375,0.25,4,1280960,0.3123
14,Misiones,2021,24.7071,19.9167,69.1012,1.2917,3,1280960,0.2342
15,Misiones,2021,21.3738,13.9167,81.3333,1.0417,6,1280960,0.4684
16,Misiones,2021,21.5607,6.0,74.0238,1.25,10,1280960,0.7807
17,Misiones,2021,18.5238,0.0,68.3393,0.0,18,1280960,1.4052
18,Misiones,2021,18.4536,40.6875,76.6012,2.3333,5,1280960,0.3903
19,Misiones,2021,16.9521,5.925,79.3214,0.95,7,1280960,0.5465
20,Misiones,2021,17.6524,35.6333,71.619,1.0,4,1280960,0.3123
21,Misiones,2021,16.794,2.2417,73.2619,0.25,1,1280960,0.0781
22,Misiones,2021,19.4179,34.2333,78.0833,2.3333,3,1280960,0.2342
23,Misiones,2021,17.0613,28.875,85.9345,3.375,0,1280960,0.0
24,Misiones,2021,13.4982,36.425,85.3333,2.25,2,1280960,0.1561
25,Misiones,2021,16.1905,50.75,86.9643,3.5,0,1280960,0.0
26,Misiones,2021,10.419,0.0,74.1726,0.0,0,1280960,0.0
27,Misiones,2021,18.1792,0.0,70.625,0.0,0,1280960,0.0
28,Misiones,2021,16.2637,26.7167,74.1786,1.0417,0,1280960,0.0
29,Misiones,2021,16.7298,0.0,61.2798,0.0,0,1280960,0.0
30,Misiones,2021,11.7435,22.7417,65.8333,1.0417,0,1280960,0.0
1,Misiones,2022,25.4571,28.6667,69.5238,1.3333,0,1280960,0.0
2,Misiones,2022,28.219,15.6667,58.0476,0.3333,0,1280960,0.0
3,Misiones,2022,31.0429,7.6667,51.6667,0.3333,0,1280960,0.0
4,Misiones,2022,26.5429,56.0667,70.5714,2.6667,0,1280960,0.0
5,Misiones,2022,26.2095,68.35,67.5714,3.3,0,1280960,0.0
6,Misiones,2022,26.0881,1.475,55.994,0.5,0,1280960,0.0
7,Misiones,2022,27.5423,11.3708,51.8214,0.7917,0,1280960,0.0
8,Misiones,2022,27.4804,71.9583,70.625,1.875,0,1280960,0.0
9,Misiones,2022,26.6482,36.2,77.3274,2.7917,0,1280960,0.0
10,Misiones,2022,24.5014,60.325,79.5214,2.0417,0,1280960,0.0
11,Misiones,2022,23.481,20.375,78.3571,0.7917,0,1280960,0.0
12,Misiones,2022,20.978,197.1667,81.3988,3.375,0,1280960,0.0
13,Misiones,2022,20.3631,113.8333,76.0238,2.875,0,1280960,0.0
14,Misiones,2022,21.6357,151.8583,89.7619,4.375,0,1280960,0.0
15,Misiones,2022,18.6119,40.3167,80.3452,1.5417,0,1280960,0.0
16,Misiones,2022,19.8429,71.375,81.3857,1.95,0,1280960,0.0
17,Misiones,2022,23.2857,43.625,80.2381,2.8333,0,1280960,0.0
18,Misiones,2022,17.0321,55.125,87.0179,2.3333,0,1280960,0.0
19,Misiones,2022,16.856,20.625,87.0,1.5,1,1280960,0.0781
20,Misiones,2022,11.7012,0.45,80.3155,0.0,0,1280960,0.0
21,Misiones,2022,18.7336,132.8333,82.6786,4.1667,0,1280960,0.0
22,Misiones,2022,12.5756,23.95,87.7083,1.2917,0,1280960,0.0
23,Misiones,2022,13.728,18.1917,85.8214,1.2917,0,1280960,0.0
24,Misiones,2022,14.4351,29.75,77.8869,1.7917,0,1280960,0.0
25,Misiones,2022,17.8208,27.825,90.7917,1.8333,0,1280960,0.0
26,Misiones,2022,17.2971,1.6167,79.3571,0.25,0,1280960,0.0
27,Misiones,2022,22.1982,0.0,66.2024,0.0,0,1280960,0.0
28,Misiones,2022,16.7238,47.8333,78.5714,4.375,0,1280960,0.0
29,Misiones,2022,20.4911,17.2083,76.2262,1.2917,0,1280960,0.0
30,Misiones,2022,18.4857,2.75,70.381,0.5,0,1280960,0.0
31,Misiones,2022,17.6579,74.6167,80.8,2.5833,0,1280960,0.0
32,Misiones,2022,15.6345,11.175,80.2917,1.5417,0,1280960,0.0
33,Misiones,2022,15.2327,69.3917,74.9107,2.3333,0,1280960,0.0
34,Misiones,2022,20.806,4.75,68.744,0.5,0,1280960,0.0
35,Misiones,2022,15.9619,27.5333,70.4345,1.2917,0,1280960,0.0
36,Misiones,2022,17.9827,10.775,77.25,1.5,0,1280960,0.0
37,Misiones,2022,18.1407,24.625,68.2381,1.5417,0,1280960,0.0
38,Misiones,2022,16.3952,40.825,78.4821,2.2917,0,1280960,0.0
39,Misiones,2022,18.447,40.6083,82.4524,2.5833,0,1280960,0.0
40,Misiones,2022,18.8057,91.6833,72.0571,2.5833,0,1280960,0.0
41,Misiones,2022,18.8113,70.2083,83.8571,3.0417,0,1280960,0.0
42,Misiones,2022,21.1893,83.6167,79.9226,2.5833,0,1280960,0.0
43,Misiones,2022,23.4661,66.0,68.1488,3.125,0,1280960,0.0
44,Misiones,2022,17.3,5.6667,63.5833,0.7917,0,1280960,0.0
45,Misiones,2022,22.0595,43.275,65.7262,1.2917,0,1280960,0.0
46,Misiones,2022,24.3393,12.0417,53.5179,0.25,0,1280960,0.0
47,Misiones,2022,23.3714,18.0,66.8095,1.3333,0,1280960,0.0
48,Misiones,2022,25.7077,34.85,70.1429,2.0,0,1280960,0.0
49,Misiones,2022,28.6518,5.5,69.6786,1.0,0,1280960,0.0
50,Misiones,2022,25.1048,21.15,64.3274,1.0417,0,1280960,0.0
1,Misiones,2023,25.103,30.1,63.7679,0.75,2,1280960,0.1561
2,Misiones,2023,24.9149,52.3667,74.4226,3.375,0,1280960,0.0
3,Misiones,2023,27.0315,22.1,71.4345,1.25,0,1280960,0.0
4,Misiones,2023,28.444,10.4625,64.0298,1.0,1,1280960,0.0781
5,Misiones,2023,25.1238,32.2333,77.0952,2.6667,1,1280960,0.0781
6,Misiones,2023,27.1762,1.6667,61.2381,0.3333,0,1280960,0.0
7,Misiones,2023,22.5762,53.7333,74.4762,2.6667,0,1280960,0.0
8,Misiones,2023,23.3,57.3333,80.8095,3.0,1,1280960,0.0781
9,Misiones,2023,24.281,57.675,80.244,2.0833,6,1280960,0.4684
10,Misiones,2023,25.8435,17.5417,74.6786,1.5417,1,1280960,0.0781
11,Misiones,2023,25.735,33.9,81.7619,3.6,5,1280960,0.3903
12,Misiones,2023,27.0595,4.375,70.3155,0.75,12,1280960,0.9368
13,Misiones,2023,23.7982,33.4083,72.0119,1.0417,20,1280960,1.5613
14,Misiones,2023,22.2423,24.9167,80.5417,1.8333,14,1280960,1.0929
15,Misiones,2023,22.8935,52.0833,80.2679,2.375,25,1280960,1.9517
16,Misiones,2023,18.6571,7.5,73.0298,0.5,29,1280960,2.2639
17,Misiones,2023,20.35,53.075,79.8155,2.0833,24,1280960,1.8736
18,Misiones,2023,21.0774,111.8167,90.8631,4.4167,29,1280960,2.2639
19,Misiones,2023,16.3929,0.05,77.2202,0.0,27,1280960,2.1078
20,Misiones,2023,19.1315,3.975,75.0833,0.5,16,1280960,1.2491
21,Misiones,2023,21.0357,41.2417,77.1786,1.7917,9,1280960,0.7026
22,Misiones,2023,19.047,2.3333,80.6845,0.2917,15,1280960,1.171
23,Misiones,2023,20.2988,21.5,74.5357,1.0,12,1280960,0.9368
24,Misiones,2023,11.3298,20.2833,88.4167,2.5833,6,1280960,0.4684
25,Misiones,2023,18.4548,31.025,82.3036,1.5833,3,1280960,0.2342
26,Misiones,2023,19.3577,0.8417,79.9524,0.25,1,1280960,0.0781
27,Misiones,2023,19.7021,29.1667,78.6286,2.0833,2,1280960,0.1561
28,Misiones,2023,15.0238,46.6667,87.0952,2.6667,8,1280960,0.6245
29,Misiones,2023,17.7702,0.0,75.0774,0.0,2,1280960,0.1561
30,Misiones,2023,18.2327,10.4167,80.2262,2.0417,2,1280960,0.1561
31,Misiones,2023,22.9012,2.25,70.1012,0.25,3,1280960,0.2342
32,Misiones,2023,18.0667,103.9083,82.5774,4.7083,5,1280960,0.3903
33,Misiones,2023,19.7125,31.9583,74.9762,1.5833,5,1280960,0.3903
34,Misiones,2023,19.7149,0.0,68.6845,0.0,2,1280960,0.1561
35,Misiones,2023,19.9548,144.0917,74.0595,3.375,1,1280960,0.0781
36,Misiones,2023,19.3007,84.0333,86.5714,3.125,2,1280960,0.1561
37,Misiones,2023,20.5957,43.575,70.1071,2.2,2,1280960,0.1561
38,Misiones,2023,27.3393,43.0833,70.6786,1.3333,1,1280960,0.0781
39,Misiones,2023,21.6964,4.1333,73.2381,0.7917,1,1280960,0.0781
40,Misiones,2023,20.6173,103.3667,82.7,3.3333,5,1280960,0.3903
41,Misiones,2023,20.5429,23.7417,75.8512,1.0417,4,1280960,0.3123
42,Misiones,2023,23.5298,146.2083,81.8214,3.9167,2,1280960,0.1561
43,Misiones,2023,21.547,221.1667,86.6607,4.625,6,1280960,0.4684
44,Misiones,2023,20.2518,116.9917,83.7024,3.9167,6,1280960,0.4684
45,Misiones,2023,26.5943,84.7167,67.7429,2.625,14,1280960,1.0929
46,Misiones,2023,23.1479,165.5333,85.2786,4.4583,14,1280960,1.0929
47,Misiones,2023,24.2036,38.2917,76.8393,1.8333,38,1280960,2.9665
48,Misiones,2023,25.7923,81.2083,81.744,3.625,69,1280960,5.3866
49,Misiones,2023,23.745,93.4333,84.9857,4.125,159,1280960,12.4126
50,Misiones,2023,28.2756,9.75,68.881,0.5,429,1280960,33.4905
51,Misiones,2023,26.4083,63.6417,79.0774,3.9167,333,1280960,25.9961
52,Misiones,2023,24.1286,40.65,77.256,2.625,472,1280960,36.8474
1,Misiones,2024,26.7905,1.6667,68.381,0.3333,704,1280960,54.9588
2,Misiones,2024,26.4238,26.2,75.5714,1.3333,867,1280960,67.6836
3,Misiones,2024,26.4905,88.1667,81.9048,4.3333,750,1280960,58.5498
4,Misiones,2024,23.2667,13.6667,69.6667,1.6667,994,1280960,77.5981
5,Misiones,2024,28.1774,6.0,60.4524,1.0,1107,1280960,86.4196
6,Misiones,2024,28.6887,17.2667,66.9583,1.5833,1194,1280960,93.2113
7,Misiones,2024,25.2619,64.7083,81.6607,3.8333,1175,1280960,91.7281
8,Misiones,2024,26.1762,46.275,77.6548,2.0833,1544,1280960,120.5346
9,Misiones,2024,26.219,65.8,81.4286,4.375,1352,1280960,105.5458
10,Misiones,2024,24.8202,31.7583,84.4643,2.875,1074,1280960,83.8434
11,Misiones,2024,28.2077,38.4,71.0298,1.5417,1035,1280960,80.7988
12,Misiones,2024,24.3621,48.075,79.6929,2.625,1100,1280960,85.8731
13,Misiones,2024,25.4619,0.0,71.1905,0.0,767,1280960,59.877
14,Misiones,2024,25.75,65.3333,78.3286,2.2917,937,1280960,73.1483
15,Misiones,2024,24.3579,30.6417,86.2857,2.5833,973,1280960,75.9587
16,Misiones,2024,20.5286,93.7917,80.2,2.3333,1030,1280960,80.4084
17,Misiones,2024,23.206,111.8167,88.6905,3.625,717,1280960,55.9736
18,Misiones,2024,24.5274,176.625,84.0179,3.125,500,1280960,39.0332
19,Misiones,2024,22.9631,33.475,80.3512,2.5833,253,1280960,19.7508
20,Misiones,2024,14.2667,39.5417,90.6905,3.6667,86,1280960,6.7137
21,Misiones,2024,16.6202,39.0417,85.5476,2.3333,85,1280960,6.6356
22,Misiones,2024,14.27,1.5,80.7143,0.25,33,1280960,2.5762
23,Misiones,2024,20.7721,0.0,75.8714,0.0,1,1280960,0.0781
24,Misiones,2024,23.644,45.1083,71.1369,2.0417,0,1280960,0.0
25,Misiones,2024,21.5381,96.975,77.4286,3.6667,3,1280960,0.2342
26,Misiones,2024,12.6631,15.6417,84.7738,1.2917,3,1280960,0.2342
27,Misiones,2024,15.7238,26.0,79.0952,1.75,0,1280960,0.0
28,Misiones,2024,8.205,38.175,90.8571,2.0,0,1280960,0.0
29,Misiones,2024,17.5524,0.0,79.4762,0.0,0,1280960,0.0
30,Misiones,2024,20.3833,24.4,76.5714,1.5417,0,1280960,0.0
31,Misiones,2024,19.7512,12.1,79.4048,0.75,0,1280960,0.0
32,Misiones,2024,14.7369,39.8917,82.4345,2.125,0,1280960,0.0
33,Misiones,2024,18.4407,0.0,68.4357,0.0,0,1280960,0.0
34,Misiones,2024,18.0333,61.7,77.9524,1.7917,0,1280960,0.0
35,Misiones,2024,18.2185,0.0,72.006,0.0,0,1280960,0.0
36,Misiones,2024,19.7857,17.6667,74.3071,1.0417,0,1280960,0.0
37,Misiones,2024,22.2621,17.9167,75.0786,2.5833,0,1280960,0.0
38,Misiones,2024,21.5768,40.9833,75.9643,1.0417,0,1280960,0.0
39,Misiones,2024,24.1661,43.7917,75.7083,1.2917,0,1280960,0.0
40,Misiones,2024,23.6679,11.1917,70.7857,1.5833,0,1280960,0.0
41,Misiones,2024,21.195,89.2083,86.8643,3.9167,0,1280960,0.0
42,Misiones,2024,22.2129,28.0917,80.5143,2.3333,0,1280960,0.0
43,Misiones,2024,24.0494,18.125,75.8393,2.0833,0,1280960,0.0
44,Misiones,2024,25.4155,19.2167,73.9464,1.5417,0,1280960,0.0
45,Misiones,2024,24.4429,45.5917,79.3095,1.8333,0,1280960,0.0
46,Misiones,2024,24.3149,1.375,69.0417,0.5,0,1280960,0.0
47,Misiones,2024,24.9343,20.8833,82.6286,2.3333,0,1280960,0.0
48,Misiones,2024,26.297,105.8917,78.3155,3.125,0,1280960,0.0
49,Misiones,2024,22.8917,178.775,83.494,3.2,1,1280960,0.0781
50,Misiones,2024,23.5012,16.6167,80.5,2.3333,0,1280960,0.0
51,Misiones,2024,24.6095,22.4583,73.881,1.5833,0,1280960,0.0
52,Misiones,2024,24.3764,4.575,65.7786,0.25,0,1280960,0.0
1,Misiones,2025,27.2875,13.5833,62.6548,1.0417,0,1280960,0.0
2,Misiones,2025,27.0315,5.0,61.3988,0.5,0,1280960,0.0
3,Misiones,2025,27.0095,24.25,70.9821,1.8333,0,1280960,0.0
4,Misiones,2025,26.0881,48.3833,75.6071,2.5833,1,1280960,0.0781
5,Misiones,2025,25.9333,28.5667,76.5238,2.6667,1,1280960,0.0781
6,Misiones,2025,27.4905,23.1667,73.5238,2.3333,0,1280960,0.0
7,Misiones,2025,27.9143,35.4667,73.2857,2.6667,0,1280960,0.0
8,Misiones,2025,25.6429,43.9,81.0476,2.6667,0,1280960,0.0
9,Misiones,2025,28.5264,13.675,72.5,1.85,0,1280960,0.0
10,Misiones,2025,28.3625,17.9583,68.1845,1.2917,0,1280960,0.0
11,Misiones,2025,22.8029,21.8,76.6929,0.5,0,1280960,0.0
12,Misiones,2025,25.1363,1.075,68.2143,0.25,0,1280960,0.0
13,Misiones,2025,25.4012,45.45,80.131,1.7917,0,1280960,0.0
14,Misiones,2025,21.4238,30.125,82.875,2.3333,0,1280960,0.0
15,Misiones,2025,20.135,48.2833,84.4071,2.7917,0,1280960,0.0
16,Misiones,2025,22.6506,2.3,79.7083,0.25,0,1280960,0.0
17,Misiones,2025,20.9179,9.0,82.9226,1.0,2,1280960,0.1561
18,Misiones,2025,19.0185,0.125,74.8988,0.0,0,1280960,0.0
19,Misiones,2025,21.2421,86.5,81.1929,2.9167,0,1280960,0.0
20,Misiones,2025,20.9512,9.425,76.256,0.5,0,1280960,0.0
21,Misiones,2025,19.9018,28.1917,87.6429,2.8333,0,1280960,0.0
22,Misiones,2025,13.5155,66.75,85.2679,2.3333,0,1280960,0.0
23,Misiones,2025,17.1554,65.7917,92.6667,2.8333,0,1280960,0.0
24,Misiones,2025,13.26,30.975,83.5643,1.0,0,1280960,0.0
25,Misiones,2025,18.0443,93.7667,89.6571,3.625,0,1280960,0.0
26,Misiones,2025,11.3643,57.5917,84.3869,2.75,0,1280960,0.0
27,Misiones,2025,10.9943,0.075,79.8786,0.0,0,1280960,0.0
28,Misiones,2025,17.4298,0.0,77.7083,0.0,0,1280960,0.0
29,Misiones,2025,16.4238,15.7667,78.125,1.0417,0,1280960,0.0
30,Misiones,2025,18.8315,61.0917,84.0952,3.0833,0,1280960,0.0
31,Misiones,2025,16.9345,33.025,72.4464,1.2917,0,1280960,0.0
32,Misiones,2025,14.3286,13.7833,87.0774,1.8333,0,1280960,0.0
33,Misiones,2025,16.1164,0.2,73.8714,0.0,0,1280960,0.0
34,Misiones,2025,18.0113,55.1667,80.256,3.875,0,1280960,0.0
35,Misiones,2025,17.5064,7.4333,77.7286,1.2917,0,1280960,0.0
36,Misiones,2025,17.1507,52.975,81.5071,3.55,0,1280960,0.0
37,Misiones,2025,20.2333,25.3333,70.7143,2.0417,0,1280960,0.0
38,Misiones,2025,22.7321,80.075,73.7083,2.3333,0,1280960,0.0
39,Misiones,2025,18.9655,23.0,69.7024,0.75,0,1280960,0.0
40,Misiones,2025,22.272,73.725,82.0179,3.625,0,1280960,0.0
41,Misiones,2025,19.4476,47.975,78.0952,1.75,0,1280960,0.0
42,Misiones,2025,20.4161,102.0917,75.7679,2.625,0,1280960,0.0
1,Neuquén,2018,22.9143,0.0,48.2857,0.0,0,726590,0.0
2,Neuquén,2018,27.1429,0.0,41.5714,0.0,0,726590,0.0
3,Neuquén,2018,26.5571,9.0,36.1429,1.0,0,726590,0.0
4,Neuquén,2018,23.3714,0.0,42.8571,0.0,0,726590,0.0
5,Neuquén,2018,26.4714,12.0,46.8571,1.0,0,726590,0.0
6,Neuquén,2018,22.5571,0.0,40.4286,0.0,0,726590,0.0
7,Neuquén,2018,26.6286,0.4,38.5714,0.0,0,726590,0.0
8,Neuquén,2018,20.1571,7.2,57.5714,1.0,0,726590,0.0
9,Neuquén,2018,24.3571,4.0,48.8571,1.0,0,726590,0.0
10,Neuquén,2018,20.2714,3.0,49.8571,1.0,0,726590,0.0
11,Neuquén,2018,16.4,0.0,45.5714,0.0,0,726590,0.0
12,Neuquén,2018,15.5571,0.0,46.1429,0.0,0,726590,0.0
13,Neuquén,2018,17.9429,0.0,54.7143,0.0,0,726590,0.0
14,Neuquén,2018,17.0571,0.0,51.4286,0.0,0,726590,0.0
15,Neuquén,2018,15.4429,0.0,52.5714,0.0,0,726590,0.0
16,Neuquén,2018,14.9857,0.0,60.1429,0.0,0,726590,0.0
17,Neuquén,2018,12.9429,0.0,63.7143,0.0,0,726590,0.0
18,Neuquén,2018,12.5857,2.0,69.0,1.0,0,726590,0.0
19,Neuquén,2018,12.9143,6.0,75.5714,1.0,0,726590,0.0
20,Neuquén,2018,10.4,8.0,67.4286,1.0,0,726590,0.0
21,Neuquén,2018,6.8143,0.0,76.2857,0.0,0,726590,0.0
22,Neuquén,2018,6.6286,9.0,74.0,1.0,0,726590,0.0
23,Neuquén,2018,6.0571,11.9,70.5714,1.0,0,726590,0.0
24,Neuquén,2018,3.1714,1.1,82.4286,1.0,0,726590,0.0
25,Neuquén,2018,7.6286,0.0,62.4286,0.0,0,726590,0.0
26,Neuquén,2018,10.3143,1.1,58.8571,0.0,0,726590,0.0
27,Neuquén,2018,5.2,11.0,80.8571,3.0,0,726590,0.0
1,Neuquén,2019,23.3714,0.0,33.5714,0.0,0,726590,0.0
2,Neuquén,2019,19.5429,0.0,38.1429,0.0,0,726590,0.0
3,Neuquén,2019,24.3857,0.0,35.7143,0.0,0,726590,0.0
4,Neuquén,2019,25.3,0.0,35.2857,0.0,0,726590,0.0
5,Neuquén,2019,25.0,0.0,31.4286,0.0,0,726590,0.0
6,Neuquén,2019,25.1571,7.0,38.7143,1.0,0,726590,0.0
7,Neuquén,2019,23.8143,0.0,45.0,0.0,0,726590,0.0
8,Neuquén,2019,23.3571,0.7,40.5714,0.0,0,726590,0.0
9,Neuquén,2019,19.6429,0.0,43.7143,0.0,0,726590,0.0
10,Neuquén,2019,18.8429,0.0,41.8571,0.0,0,726590,0.0
11,Neuquén,2019,19.4286,0.0,55.7143,0.0,0,726590,0.0
12,Neuquén,2019,16.7286,0.0,46.0,0.0,0,726590,0.0
13,Neuquén,2019,18.4286,0.0,56.4286,0.0,0,726590,0.0
14,Neuquén,2019,18.8,0.0,50.2857,0.0,0,726590,0.0
15,Neuquén,2019,17.9429,0.0,51.0,0.0,0,726590,0.0
16,Neuquén,2019,13.6143,0.0,66.2857,0.0,0,726590,0.0
17,Neuquén,2019,14.4714,9.0,73.5714,2.0,0,726590,0.0
18,Neuquén,2019,13.5571,4.2,62.5714,1.0,0,726590,0.0
19,Neuquén,2019,13.2429,0.2,70.7143,0.0,0,726590,0.0
20,Neuquén,2019,10.4429,1.0,67.1429,0.0,0,726590,0.0
21,Neuquén,2019,7.9286,1.0,70.7143,0.0,0,726590,0.0
22,Neuquén,2019,7.2143,12.0,81.1429,1.0,0,726590,0.0
23,Neuquén,2019,9.2,0.0,70.4286,0.0,0,726590,0.0
24,Neuquén,2019,6.8571,8.7,74.0,1.0,0,726590,0.0
25,Neuquén,2019,8.1,6.0,75.7143,1.0,0,726590,0.0
26,Neuquén,2019,7.7857,4.0,66.1429,2.0,0,726590,0.0
27,Neuquén,2019,5.5,7.0,76.7143,1.0,0,726590,0.0
28,Neuquén,2019,6.7857,0.0,74.8571,0.0,0,726590,0.0
29,Neuquén,2019,7.4714,0.2,62.7143,0.0,0,726590,0.0
30,Neuquén,2019,5.6571,0.0,63.8571,0.0,0,726590,0.0
31,Neuquén,2019,10.7,0.0,49.1429,0.0,0,726590,0.0
32,Neuquén,2019,8.0143,1.0,49.7143,0.0,0,726590,0.0
33,Neuquén,2019,5.4571,0.8,73.8571,0.0,0,726590,0.0
34,Neuquén,2019,8.6,5.0,71.1429,1.0,0,726590,0.0
35,Neuquén,2019,11.9714,2.0,48.5714,1.0,0,726590,0.0
36,Neuquén,2019,5.9,7.0,61.2857,2.0,0,726590,0.0
37,Neuquén,2019,10.1571,4.0,60.7143,2.0,0,726590,0.0
38,Neuquén,2019,12.5286,0.0,36.1429,0.0,0,726590,0.0
39,Neuquén,2019,18.1,0.0,39.7143,0.0,0,726590,0.0
40,Neuquén,2019,11.2286,2.0,48.0,1.0,0,726590,0.0
41,Neuquén,2019,16.3429,0.0,37.2857,0.0,0,726590,0.0
42,Neuquén,2019,14.0857,10.2,56.0,1.0,0,726590,0.0
43,Neuquén,2019,17.1429,0.0,39.7143,0.0,0,726590,0.0
44,Neuquén,2019,17.7,0.0,34.4286,0.0,0,726590,0.0
45,Neuquén,2019,18.1857,0.0,35.8571,0.0,0,726590,0.0
46,Neuquén,2019,21.6143,19.0,46.0,1.0,0,726590,0.0
47,Neuquén,2019,22.6286,0.0,32.8571,0.0,0,726590,0.0
48,Neuquén,2019,18.7857,0.0,31.2857,0.0,0,726590,0.0
49,Neuquén,2019,22.7857,0.0,29.4286,0.0,0,726590,0.0
50,Neuquén,2019,22.9429,0.0,27.4286,0.0,0,726590,0.0
51,Neuquén,2019,23.2857,0.0,34.7143,0.0,0,726590,0.0
52,Neuquén,2019,23.8,0.0,35.4286,0.0,0,726590,0.0
1,Neuquén,2020,27.3857,0.0,34.8571,0.0,0,726590,0.0
2,Neuquén,2020,22.0714,0.0,34.5714,0.0,0,726590,0.0
3,Neuquén,2020,24.2286,8.0,41.8571,1.0,0,726590,0.0
4,Neuquén,2020,27.4571,4.0,38.4286,1.0,0,726590,0.0
5,Neuquén,2020,24.1,0.0,35.8571,0.0,0,726590,0.0
6,Neuquén,2020,21.2429,4.0,51.2857,1.0,1,726590,0.1376
7,Neuquén,2020,23.6857,1.0,44.1429,0.0,0,726590,0.0
8,Neuquén,2020,21.0143,0.0,36.5714,0.0,1,726590,0.1376
9,Neuquén,2020,23.3857,0.0,41.7143,0.0,0,726590,0.0
10,Neuquén,2020,26.1,4.0,46.2857,1.0,1,726590,0.1376
11,Neuquén,2020,20.8,0.0,50.7143,0.0,1,726590,0.1376
12,Neuquén,2020,19.7429,0.0,51.5714,0.0,0,726590,0.0
13,Neuquén,2020,20.6,0.0,50.7143,0.0,1,726590,0.1376
14,Neuquén,2020,16.2,0.0,57.4286,0.0,0,726590,0.0
15,Neuquén,2020,15.8429,0.0,52.5714,0.0,0,726590,0.0
16,Neuquén,2020,16.5571,0.0,59.4286,0.0,0,726590,0.0
17,Neuquén,2020,14.6,1.0,65.7143,0.0,0,726590,0.0
18,Neuquén,2020,12.2,0.0,68.8571,0.0,0,726590,0.0
19,Neuquén,2020,11.4286,0.0,60.0,0.0,0,726590,0.0
20,Neuquén,2020,13.2,0.0,58.2857,0.0,0,726590,0.0
21,Neuquén,2020,10.0143,3.0,71.2857,1.0,0,726590,0.0
22,Neuquén,2020,8.2143,57.0,71.5714,2.0,0,726590,0.0
23,Neuquén,2020,6.1571,0.0,83.1429,0.0,0,726590,0.0
24,Neuquén,2020,7.9857,0.0,56.8571,0.0,0,726590,0.0
25,Neuquén,2020,7.2429,1.0,69.2857,0.0,0,726590,0.0
26,Neuquén,2020,4.4429,13.9,76.1429,2.0,0,726590,0.0
27,Neuquén,2020,4.8,17.7,89.2857,3.0,0,726590,0.0
28,Neuquén,2020,6.8,1.3,66.4286,0.0,0,726590,0.0
29,Neuquén,2020,6.0143,0.3,75.1429,0.0,0,726590,0.0
30,Neuquén,2020,6.0286,78.5,78.2857,3.0,0,726590,0.0
31,Neuquén,2020,6.6,0.0,65.8571,0.0,0,726590,0.0
32,Neuquén,2020,8.8286,0.0,61.8571,0.0,0,726590,0.0
33,Neuquén,2020,9.0429,0.0,42.8571,0.0,0,726590,0.0
34,Neuquén,2020,8.4429,0.0,56.2857,0.0,0,726590,0.0
35,Neuquén,2020,9.4857,0.0,53.4286,0.0,0,726590,0.0
36,Neuquén,2020,9.7857,0.0,53.7143,0.0,0,726590,0.0
37,Neuquén,2020,11.9714,0.0,49.2857,0.0,0,726590,0.0
38,Neuquén,2020,12.4143,3.0,46.5714,1.0,0,726590,0.0
39,Neuquén,2020,14.4429,2.0,46.0,1.0,0,726590,0.0
40,Neuquén,2020,10.6571,9.0,48.4286,2.0,0,726590,0.0
41,Neuquén,2020,13.3857,0.0,51.4286,0.0,0,726590,0.0
42,Neuquén,2020,20.3714,0.0,40.1429,0.0,0,726590,0.0
43,Neuquén,2020,17.9,0.0,43.7143,0.0,0,726590,0.0
44,Neuquén,2020,18.5286,0.0,37.7143,0.0,0,726590,0.0
45,Neuquén,2020,21.4429,4.0,43.2857,1.0,0,726590,0.0
46,Neuquén,2020,20.3143,9.0,52.5714,1.0,0,726590,0.0
47,Neuquén,2020,22.4857,0.0,41.5714,0.0,0,726590,0.0
48,Neuquén,2020,20.6571,0.0,37.5714,0.0,0,726590,0.0
49,Neuquén,2020,22.7143,0.0,29.7143,0.0,0,726590,0.0
50,Neuquén,2020,21.5143,2.0,38.5714,1.0,0,726590,0.0
51,Neuquén,2020,21.2571,3.0,36.8571,1.0,0,726590,0.0
52,Neuquén,2020,25.8857,4.7,39.8571,1.0,0,726590,0.0
53,Neuquén,2020,24.8143,0.6,43.7143,0.0,0,726590,0.0
1,Neuquén,2021,23.0714,0.0,42.1429,0.0,0,726590,0.0
2,Neuquén,2021,21.0,0.0,44.1429,0.0,0,726590,0.0
3,Neuquén,2021,29.3857,0.0,40.1429,0.0,0,726590,0.0
4,Neuquén,2021,20.6286,5.5,49.7143,2.0,0,726590,0.0
5,Neuquén,2021,22.9,0.0,50.8571,0.0,0,726590,0.0
6,Neuquén,2021,24.2571,0.0,49.1429,0.0,0,726590,0.0
7,Neuquén,2021,19.8429,0.0,45.0,0.0,0,726590,0.0
8,Neuquén,2021,23.7143,0.0,48.5714,0.0,0,726590,0.0
9,Neuquén,2021,22.2429,0.0,66.5714,0.0,0,726590,0.0
10,Neuquén,2021,21.4429,0.0,49.2857,0.0,0,726590,0.0
11,Neuquén,2021,17.8571,3.0,57.7143,1.0,0,726590,0.0
12,Neuquén,2021,16.8857,0.0,56.0,0.0,0,726590,0.0
13,Neuquén,2021,20.5857,0.0,59.7143,0.0,0,726590,0.0
14,Neuquén,2021,17.7429,0.0,60.7143,0.0,0,726590,0.0
15,Neuquén,2021,16.8571,0.0,63.0,0.0,0,726590,0.0
16,Neuquén,2021,15.4571,81.0,77.5714,3.0,0,726590,0.0
17,Neuquén,2021,13.6286,3.9,80.5714,1.0,0,726590,0.0
18,Neuquén,2021,9.0286,0.0,75.7143,0.0,0,726590,0.0
19,Neuquén,2021,7.4,0.0,78.2857,0.0,0,726590,0.0
20,Neuquén,2021,11.1429,3.1,77.2857,1.0,0,726590,0.0
21,Neuquén,2021,12.0143,0.0,56.2857,0.0,0,726590,0.0
22,Neuquén,2021,12.1,0.3,59.5714,0.0,0,726590,0.0
23,Neuquén,2021,10.8143,0.0,63.1429,0.0,0,726590,0.0
24,Neuquén,2021,3.0714,9.0,79.4286,2.0,0,726590,0.0
25,Neuquén,2021,6.6143,0.0,74.4286,0.0,0,726590,0.0
26,Neuquén,2021,4.1286,0.0,68.4286,0.0,0,726590,0.0
27,Neuquén,2021,7.6571,0.0,65.7143,0.0,0,726590,0.0
28,Neuquén,2021,4.7429,0.0,64.8571,0.0,0,726590,0.0
29,Neuquén,2021,7.5857,0.0,64.2857,0.0,0,726590,0.0
30,Neuquén,2021,5.5286,0.0,68.0,0.0,0,726590,0.0
1,Neuquén,2022,25.9429,12.0,43.7143,2.0,0,726590,0.0
2,Neuquén,2022,27.5571,0.0,31.0,0.0,0,726590,0.0
3,Neuquén,2022,19.2143,6.1,56.7143,1.0,0,726590,0.0
4,Neuquén,2022,25.3714,0.0,39.1429,0.0,0,726590,0.0
5,Neuquén,2022,23.5429,0.0,44.0,0.0,0,726590,0.0
6,Neuquén,2022,24.1571,0.0,34.8571,0.0,0,726590,0.0
7,Neuquén,2022,24.8286,35.0,38.5714,1.0,0,726590,0.0
8,Neuquén,2022,17.6714,43.0,64.1429,2.0,0,726590,0.0
9,Neuquén,2022,20.4143,0.0,44.7143,0.0,0,726590,0.0
10,Neuquén,2022,19.0,0.0,49.0,0.0,0,726590,0.0
11,Neuquén,2022,19.0857,0.0,52.8571,0.0,0,726590,0.0
12,Neuquén,2022,16.0429,0.0,55.4286,0.0,0,726590,0.0
13,Neuquén,2022,13.7143,0.0,51.0,0.0,0,726590,0.0
14,Neuquén,2022,16.3571,0.2,62.1429,0.0,0,726590,0.0
15,Neuquén,2022,13.7,0.0,60.0,0.0,0,726590,0.0
16,Neuquén,2022,14.3571,12.5,56.8571,1.0,0,726590,0.0
17,Neuquén,2022,9.1429,0.0,58.7143,0.0,0,726590,0.0
18,Neuquén,2022,11.4714,0.0,67.2857,0.0,0,726590,0.0
19,Neuquén,2022,8.9429,0.3,67.4286,0.0,0,726590,0.0
20,Neuquén,2022,7.2286,0.5,66.0,0.0,0,726590,0.0
21,Neuquén,2022,3.5857,0.0,70.7143,0.0,0,726590,0.0
22,Neuquén,2022,2.6714,1.0,79.5714,0.0,0,726590,0.0
23,Neuquén,2022,7.1857,0.0,62.7143,0.0,0,726590,0.0
24,Neuquén,2022,6.6,0.0,66.8571,0.0,0,726590,0.0
25,Neuquén,2022,3.8571,10.7,84.0,2.0,0,726590,0.0
26,Neuquén,2022,7.8286,3.0,62.8571,1.0,0,726590,0.0
27,Neuquén,2022,6.2,0.0,58.1429,0.0,0,726590,0.0
28,Neuquén,2022,4.8857,6.0,76.8571,1.0,0,726590,0.0
29,Neuquén,2022,8.0714,0.6,64.5714,0.0,0,726590,0.0
30,Neuquén,2022,7.6286,1.0,75.8571,0.0,0,726590,0.0
31,Neuquén,2022,4.6,25.1,79.1429,3.0,0,726590,0.0
32,Neuquén,2022,8.5,0.0,67.8571,0.0,0,726590,0.0
33,Neuquén,2022,8.9857,3.3,61.0,1.0,0,726590,0.0
34,Neuquén,2022,9.2286,0.0,56.2857,0.0,0,726590,0.0
35,Neuquén,2022,11.1714,0.0,47.8571,0.0,0,726590,0.0
36,Neuquén,2022,11.9286,0.0,43.2857,0.0,0,726590,0.0
37,Neuquén,2022,12.7429,0.0,51.2857,0.0,0,726590,0.0
38,Neuquén,2022,10.6714,0.0,54.2857,0.0,0,726590,0.0
39,Neuquén,2022,16.2429,0.0,43.0,0.0,0,726590,0.0
40,Neuquén,2022,14.3,4.0,44.4286,1.0,0,726590,0.0
41,Neuquén,2022,15.1714,0.0,36.2857,0.0,0,726590,0.0
42,Neuquén,2022,15.6571,3.7,55.5714,1.0,0,726590,0.0
43,Neuquén,2022,17.3714,0.0,37.0,0.0,0,726590,0.0
44,Neuquén,2022,22.0286,0.0,29.2857,0.0,0,726590,0.0
45,Neuquén,2022,19.8571,29.0,57.8571,3.0,0,726590,0.0
46,Neuquén,2022,21.8143,0.0,40.1429,0.0,0,726590,0.0
47,Neuquén,2022,25.2143,0.0,33.5714,0.0,0,726590,0.0
48,Neuquén,2022,24.5571,0.0,33.0,0.0,0,726590,0.0
49,Neuquén,2022,24.7143,0.0,33.0,0.0,0,726590,0.0
50,Neuquén,2022,24.5,0.0,34.1429,0.0,0,726590,0.0
1,Neuquén,2023,27.9714,0.0,33.1429,0.0,0,726590,0.0
2,Neuquén,2023,24.7143,0.0,32.7143,0.0,0,726590,0.0
3,Neuquén,2023,25.9857,0.0,47.2857,0.0,0,726590,0.0
4,Neuquén,2023,25.0143,0.0,36.8571,0.0,0,726590,0.0
5,Neuquén,2023,26.5429,0.0,43.7143,0.0,0,726590,0.0
6,Neuquén,2023,26.9571,0.0,38.1429,0.0,1,726590,0.1376
7,Neuquén,2023,18.5857,0.0,39.2857,0.0,0,726590,0.0
8,Neuquén,2023,23.4286,0.0,40.4286,0.0,0,726590,0.0
9,Neuquén,2023,23.5143,0.0,45.0,0.0,0,726590,0.0
10,Neuquén,2023,23.8429,0.0,43.2857,0.0,1,726590,0.1376
11,Neuquén,2023,21.1,0.0,55.7143,0.0,2,726590,0.2753
12,Neuquén,2023,18.7429,0.0,57.8571,0.0,0,726590,0.0
13,Neuquén,2023,16.5143,0.0,49.1429,0.0,2,726590,0.2753
14,Neuquén,2023,17.3429,0.0,61.7143,0.0,3,726590,0.4129
15,Neuquén,2023,11.6714,1.8,73.8571,1.0,3,726590,0.4129
16,Neuquén,2023,16.0143,0.0,54.1429,0.0,7,726590,0.9634
17,Neuquén,2023,15.5571,0.0,59.4286,0.0,0,726590,0.0
18,Neuquén,2023,10.6,0.0,65.0,0.0,4,726590,0.5505
19,Neuquén,2023,11.6143,0.0,70.1429,0.0,0,726590,0.0
20,Neuquén,2023,10.8429,0.0,63.0,0.0,2,726590,0.2753
21,Neuquén,2023,8.0143,0.0,63.2857,0.0,1,726590,0.1376
22,Neuquén,2023,10.4,0.9,60.0,0.0,0,726590,0.0
23,Neuquén,2023,7.8286,4.3,62.4286,1.0,0,726590,0.0
24,Neuquén,2023,5.3,5.0,78.4286,1.0,0,726590,0.0
25,Neuquén,2023,8.2143,44.5,89.1429,3.0,0,726590,0.0
26,Neuquén,2023,7.8571,0.0,75.0,0.0,0,726590,0.0
27,Neuquén,2023,7.5,0.8,69.0,0.0,0,726590,0.0
28,Neuquén,2023,3.7429,8.8,80.0,2.0,0,726590,0.0
29,Neuquén,2023,5.8571,0.6,73.1429,0.0,1,726590,0.1376
30,Neuquén,2023,9.5857,3.0,68.1429,1.0,0,726590,0.0
31,Neuquén,2023,9.7857,0.0,50.2857,0.0,0,726590,0.0
32,Neuquén,2023,9.6857,0.0,50.0,0.0,0,726590,0.0
33,Neuquén,2023,8.0286,34.7,74.8571,3.0,0,726590,0.0
34,Neuquén,2023,7.3429,0.2,65.4286,0.0,0,726590,0.0
35,Neuquén,2023,10.3,0.0,53.7143,0.0,0,726590,0.0
36,Neuquén,2023,10.2857,9.2,63.5714,2.0,0,726590,0.0
37,Neuquén,2023,12.5714,3.0,50.2857,1.0,0,726590,0.0
38,Neuquén,2023,10.6857,0.0,58.1429,0.0,0,726590,0.0
39,Neuquén,2023,13.8857,0.3,42.0,0.0,0,726590,0.0
40,Neuquén,2023,14.4571,0.0,39.7143,0.0,0,726590,0.0
41,Neuquén,2023,14.6429,0.0,43.2857,0.0,0,726590,0.0
42,Neuquén,2023,17.2714,3.0,49.4286,1.0,0,726590,0.0
43,Neuquén,2023,15.3571,1.1,51.8571,0.0,0,726590,0.0
44,Neuquén,2023,13.5,35.5,58.4286,2.0,0,726590,0.0
45,Neuquén,2023,18.2857,0.0,37.5714,0.0,0,726590,0.0
46,Neuquén,2023,16.0714,0.0,37.4286,0.0,1,726590,0.1376
47,Neuquén,2023,21.6714,0.0,34.2857,0.0,2,726590,0.2753
48,Neuquén,2023,20.4571,0.0,34.4286,0.0,1,726590,0.1376
49,Neuquén,2023,23.0714,4.5,37.1429,1.0,0,726590,0.0
50,Neuquén,2023,23.1429,0.0,30.2857,0.0,1,726590,0.1376
51,Neuquén,2023,21.4857,2.0,41.5714,1.0,1,726590,0.1376
52,Neuquén,2023,26.7143,0.0,35.4286,0.0,6,726590,0.8258
1,Neuquén,2024,26.2714,2.0,41.8571,1.0,3,726590,0.4129
2,Neuquén,2024,23.1571,3.0,34.7143,1.0,5,726590,0.6881
3,Neuquén,2024,25.6143,0.0,33.8571,0.0,5,726590,0.6881
4,Neuquén,2024,30.4286,0.0,33.1429,0.0,6,726590,0.8258
5,Neuquén,2024,27.0286,1.0,34.0,0.0,2,726590,0.2753
6,Neuquén,2024,24.8429,42.0,51.4286,2.0,4,726590,0.5505
7,Neuquén,2024,25.3857,0.0,42.4286,0.0,2,726590,0.2753
8,Neuquén,2024,23.9,3.5,45.1429,1.0,2,726590,0.2753
9,Neuquén,2024,22.4143,0.0,45.2857,0.0,6,726590,0.8258
10,Neuquén,2024,19.8286,0.0,46.7143,0.0,7,726590,0.9634
11,Neuquén,2024,19.2857,0.0,42.8571,0.0,7,726590,0.9634
12,Neuquén,2024,18.3,0.0,45.2857,0.0,22,726590,3.0278
13,Neuquén,2024,19.4571,0.0,52.5714,0.0,20,726590,2.7526
14,Neuquén,2024,16.1429,0.0,52.1429,0.0,38,726590,5.2299
15,Neuquén,2024,12.6857,10.6,67.8571,3.0,20,726590,2.7526
16,Neuquén,2024,13.9429,0.9,63.8571,0.0,13,726590,1.7892
17,Neuquén,2024,12.0429,0.0,55.1429,0.0,4,726590,0.5505
18,Neuquén,2024,8.7714,0.0,56.0,0.0,6,726590,0.8258
19,Neuquén,2024,8.5571,19.5,63.0,2.0,3,726590,0.4129
20,Neuquén,2024,5.2571,3.0,79.0,1.0,1,726590,0.1376
21,Neuquén,2024,6.4429,1.2,76.0,1.0,1,726590,0.1376
22,Neuquén,2024,7.4857,0.2,74.1429,0.0,0,726590,0.0
23,Neuquén,2024,9.7571,1.0,74.7143,0.0,0,726590,0.0
24,Neuquén,2024,10.0143,2.8,71.8571,1.0,0,726590,0.0
25,Neuquén,2024,5.9571,2.9,74.0,2.0,0,726590,0.0
26,Neuquén,2024,5.9286,0.0,64.8571,0.0,0,726590,0.0
27,Neuquén,2024,4.9143,0.0,61.4286,0.0,0,726590,0.0
28,Neuquén,2024,0.9571,0.0,76.1429,0.0,0,726590,0.0
29,Neuquén,2024,5.4714,0.0,64.7143,0.0,0,726590,0.0
30,Neuquén,2024,8.2143,0.0,52.0,0.0,0,726590,0.0
31,Neuquén,2024,8.0143,0.0,55.1429,0.0,0,726590,0.0
32,Neuquén,2024,7.5571,5.0,61.0,1.0,0,726590,0.0
33,Neuquén,2024,7.8143,0.0,60.7143,0.0,0,726590,0.0
34,Neuquén,2024,5.6571,11.0,71.2857,2.0,0,726590,0.0
35,Neuquén,2024,11.6857,0.0,53.0,0.0,0,726590,0.0
36,Neuquén,2024,11.8571,0.0,43.5714,0.0,0,726590,0.0
37,Neuquén,2024,11.9286,2.9,44.0,1.0,0,726590,0.0
38,Neuquén,2024,14.6857,0.0,36.4286,0.0,0,726590,0.0
39,Neuquén,2024,13.6429,2.0,42.1429,1.0,0,726590,0.0
40,Neuquén,2024,13.7429,0.0,39.8571,0.0,0,726590,0.0
41,Neuquén,2024,16.4,0.4,46.5714,0.0,0,726590,0.0
42,Neuquén,2024,20.3,0.0,42.2857,0.0,0,726590,0.0
43,Neuquén,2024,20.1429,0.0,34.1429,0.0,0,726590,0.0
44,Neuquén,2024,22.3143,0.0,30.7143,0.0,0,726590,0.0
45,Neuquén,2024,18.6714,0.0,38.1429,0.0,0,726590,0.0
46,Neuquén,2024,20.1857,0.0,31.5714,0.0,0,726590,0.0
47,Neuquén,2024,23.1714,0.0,39.2857,0.0,0,726590,0.0
48,Neuquén,2024,19.9857,0.0,30.0,0.0,0,726590,0.0
49,Neuquén,2024,18.9143,0.0,34.8571,0.0,0,726590,0.0
50,Neuquén,2024,24.4429,0.0,35.1429,0.0,0,726590,0.0
51,Neuquén,2024,24.3286,0.0,30.8571,0.0,0,726590,0.0
52,Neuquén,2024,25.3429,0.8,34.0,0.0,0,726590,0.0
1,Neuquén,2025,26.3143,0.0,33.1429,0.0,0,726590,0.0
2,Neuquén,2025,28.1571,0.0,36.0,0.0,0,726590,0.0
3,Neuquén,2025,26.2571,0.0,28.1429,0.0,0,726590,0.0
4,Neuquén,2025,26.8857,0.0,30.2857,0.0,0,726590,0.0
5,Neuquén,2025,27.4,0.5,35.1429,0.0,0,726590,0.0
6,Neuquén,2025,25.2571,0.0,36.5714,0.0,0,726590,0.0
7,Neuquén,2025,23.8857,0.0,37.1429,0.0,1,726590,0.1376
8,Neuquén,2025,25.4143,0.2,40.2857,0.0,0,726590,0.0
9,Neuquén,2025,23.7571,6.3,51.0,1.0,0,726590,0.0
10,Neuquén,2025,20.5429,0.0,52.5714,0.0,0,726590,0.0
11,Neuquén,2025,20.7143,0.0,47.7143,0.0,0,726590,0.0
12,Neuquén,2025,19.5286,2.2,52.7143,1.0,0,726590,0.0
13,Neuquén,2025,16.5,2.0,66.8571,1.0,1,726590,0.1376
14,Neuquén,2025,13.3571,0.0,51.7143,0.0,1,726590,0.1376
15,Neuquén,2025,16.6857,0.0,57.8571,0.0,1,726590,0.1376
16,Neuquén,2025,12.8143,4.6,65.7143,1.0,0,726590,0.0
17,Neuquén,2025,14.5857,5.7,67.2857,1.0,0,726590,0.0
18,Neuquén,2025,11.3143,3.0,65.5714,1.0,0,726590,0.0
19,Neuquén,2025,12.1143,0.0,62.7143,0.0,0,726590,0.0
20,Neuquén,2025,11.2429,0.0,62.7143,0.0,0,726590,0.0
21,Neuquén,2025,9.5857,0.0,61.0,0.0,0,726590,0.0
22,Neuquén,2025,7.7857,0.0,58.0,0.0,0,726590,0.0
23,Neuquén,2025,8.4429,0.0,62.0,0.0,0,726590,0.0
24,Neuquén,2025,7.5429,1.0,67.1429,0.0,0,726590,0.0
25,Neuquén,2025,6.4,0.0,59.4286,0.0,0,726590,0.0
26,Neuquén,2025,6.1857,1.0,51.4286,0.0,0,726590,0.0
27,Neuquén,2025,2.3571,0.0,77.4286,0.0,0,726590,0.0
28,Neuquén,2025,5.8571,0.0,66.0,0.0,0,726590,0.0
29,Neuquén,2025,7.7286,0.0,56.2857,0.0,0,726590,0.0
30,Neuquén,2025,4.6,20.0,75.7143,3.0,0,726590,0.0
31,Neuquén,2025,7.3714,0.0,82.1429,0.0,0,726590,0.0
32,Neuquén,2025,8.3429,0.0,62.2857,0.0,0,726590,0.0
33,Neuquén,2025,12.0571,0.0,56.5714,0.0,0,726590,0.0
34,Neuquén,2025,11.1143,0.0,49.2857,0.0,0,726590,0.0
35,Neuquén,2025,11.5143,13.0,56.7143,2.0,0,726590,0.0
36,Neuquén,2025,9.2143,0.0,53.0,0.0,0,726590,0.0
37,Neuquén,2025,14.5571,0.0,42.2857,0.0,0,726590,0.0
38,Neuquén,2025,13.9857,0.5,54.5714,0.0,0,726590,0.0
39,Neuquén,2025,14.6286,0.2,47.4286,0.0,0,726590,0.0
40,Neuquén,2025,16.3286,0.0,34.1429,0.0,0,726590,0.0
41,Neuquén,2025,17.5429,0.0,38.5714,0.0,0,726590,0.0
42,Neuquén,2025,18.6,0.0,33.8571,0.0,0,726590,0.0
1,Río Negro,2018,18.14,14.4,49.4,1.0,0,762067,0.0
2,Río Negro,2018,22.4743,1.7,42.8286,0.2,0,762067,0.0
3,Río Negro,2018,22.08,1.2,45.7714,0.6,0,762067,0.0
4,Río Negro,2018,19.5229,7.04,46.1429,1.0,0,762067,0.0
5,Río Negro,2018,22.8105,3.24,41.7333,0.6,0,762067,0.0
6,Río Negro,2018,18.1943,1.2,48.5429,0.4,0,762067,0.0
7,Río Negro,2018,23.2829,1.4,44.9714,0.4,0,762067,0.0
8,Río Negro,2018,18.0543,6.74,54.9429,0.6,0,762067,0.0
9,Río Negro,2018,20.4371,2.4,53.1143,0.6,0,762067,0.0
10,Río Negro,2018,17.5314,10.7,53.9714,2.0,0,762067,0.0
11,Río Negro,2018,13.3314,20.6,55.9429,2.8,0,762067,0.0
12,Río Negro,2018,12.6543,5.48,57.0571,0.8,0,762067,0.0
13,Río Negro,2018,15.2771,0.0,56.8571,0.0,0,762067,0.0
14,Río Negro,2018,13.42,9.38,58.2,1.2,0,762067,0.0
15,Río Negro,2018,11.8371,22.94,61.8,1.2,0,762067,0.0
16,Río Negro,2018,14.28,3.58,56.6571,0.4,0,762067,0.0
17,Río Negro,2018,8.98,8.36,66.1714,0.8,0,762067,0.0
18,Río Negro,2018,8.5314,10.06,70.8286,1.4,0,762067,0.0
19,Río Negro,2018,11.0714,14.94,76.2286,1.0,0,762067,0.0
20,Río Negro,2018,7.2171,7.86,76.8286,1.4,0,762067,0.0
21,Río Negro,2018,7.0229,8.6,73.1143,0.8,0,762067,0.0
22,Río Negro,2018,4.0857,7.46,76.5714,1.0,0,762067,0.0
23,Río Negro,2018,3.6571,18.16,77.2,2.4,0,762067,0.0
24,Río Negro,2018,3.4971,14.0,77.0714,1.2,0,762067,0.0
25,Río Negro,2018,5.6857,10.46,65.8286,2.0,0,762067,0.0
26,Río Negro,2018,6.0343,42.44,70.3429,2.6,0,762067,0.0
27,Río Negro,2018,1.6029,7.48,81.3762,1.4,0,762067,0.0
1,Río Negro,2019,18.2857,0.0,46.4571,0.0,0,762067,0.0
2,Río Negro,2019,16.0143,5.94,49.8286,0.8,0,762067,0.0
3,Río Negro,2019,21.2314,0.1,40.0,0.0,0,762067,0.0
4,Río Negro,2019,19.96,4.2,45.6571,0.4,0,762067,0.0
5,Río Negro,2019,19.9171,0.0,44.0286,0.0,0,762067,0.0
6,Río Negro,2019,20.6143,1.92,44.6857,0.4,0,762067,0.0
7,Río Negro,2019,21.68,0.16,41.6571,0.0,0,762067,0.0
8,Río Negro,2019,17.6114,0.2,52.6286,0.0,0,762067,0.0
9,Río Negro,2019,15.3229,1.74,53.8286,0.4,0,762067,0.0
10,Río Negro,2019,15.6886,7.7,50.9714,0.6,0,762067,0.0
11,Río Negro,2019,16.1429,16.64,65.0571,1.4,0,762067,0.0
12,Río Negro,2019,13.14,0.64,57.5429,0.2,0,762067,0.0
13,Río Negro,2019,15.7771,0.0,55.7143,0.0,0,762067,0.0
14,Río Negro,2019,15.5057,4.6,54.8,0.8,0,762067,0.0
15,Río Negro,2019,13.26,3.4,59.8857,0.6,0,762067,0.0
16,Río Negro,2019,11.1371,3.5,60.6571,0.2,0,762067,0.0
17,Río Negro,2019,11.8914,3.64,68.9143,0.4,0,762067,0.0
18,Río Negro,2019,9.2743,48.7,67.9429,2.8,0,762067,0.0
19,Río Negro,2019,9.9914,3.34,75.1714,0.6,0,762067,0.0
20,Río Negro,2019,8.1057,2.54,69.8,0.4,0,762067,0.0
21,Río Negro,2019,6.1714,0.64,68.4857,0.2,0,762067,0.0
22,Río Negro,2019,5.4771,13.2,78.2571,2.2,0,762067,0.0
23,Río Negro,2019,8.5886,38.72,70.9143,2.4,0,762067,0.0
24,Río Negro,2019,4.3514,13.46,79.4571,1.4,0,762067,0.0
25,Río Negro,2019,7.5686,37.46,78.5429,2.2,0,762067,0.0
26,Río Negro,2019,4.3857,18.26,75.3429,2.0,0,762067,0.0
27,Río Negro,2019,3.2057,3.22,74.8286,0.8,0,762067,0.0
28,Río Negro,2019,5.0914,5.48,77.9714,1.2,0,762067,0.0
29,Río Negro,2019,5.4571,38.1,71.7714,2.8,0,762067,0.0
30,Río Negro,2019,2.5057,7.8,73.0,0.6,0,762067,0.0
31,Río Negro,2019,6.98,20.0,65.1143,1.2,0,762067,0.0
32,Río Negro,2019,5.1629,7.9,64.5238,1.6,0,762067,0.0
33,Río Negro,2019,4.0571,3.34,74.9714,0.8,0,762067,0.0
34,Río Negro,2019,6.16,9.6,75.8,1.8,0,762067,0.0
35,Río Negro,2019,7.1971,26.86,64.8571,1.0,0,762067,0.0
36,Río Negro,2019,4.3171,4.62,67.2286,1.0,0,762067,0.0
37,Río Negro,2019,7.4171,4.38,65.4857,0.6,0,762067,0.0
38,Río Negro,2019,8.2143,5.48,54.0,0.4,0,762067,0.0
39,Río Negro,2019,13.2914,2.2,54.1714,0.4,0,762067,0.0
40,Río Negro,2019,8.4086,5.14,54.0857,1.2,0,762067,0.0
41,Río Negro,2019,11.9971,0.16,50.7143,0.0,0,762067,0.0
42,Río Negro,2019,11.6971,5.2,58.8286,1.2,0,762067,0.0
43,Río Negro,2019,12.2486,9.46,56.3143,0.6,0,762067,0.0
44,Río Negro,2019,13.5086,8.42,51.6286,1.6,0,762067,0.0
45,Río Negro,2019,14.6029,0.02,47.3429,0.0,0,762067,0.0
46,Río Negro,2019,17.0886,4.96,52.6,0.8,0,762067,0.0
47,Río Negro,2019,16.7857,7.7,47.2857,1.2,0,762067,0.0
48,Río Negro,2019,14.8657,7.3,48.4,0.6,0,762067,0.0
49,Río Negro,2019,17.6457,1.44,45.4,0.4,0,762067,0.0
50,Río Negro,2019,17.4229,0.02,46.1714,0.0,0,762067,0.0
51,Río Negro,2019,18.6286,1.2,46.1714,0.4,0,762067,0.0
52,Río Negro,2019,18.9829,12.3,48.8571,1.2,0,762067,0.0
1,Río Negro,2020,21.3114,10.68,52.8,0.6,0,762067,0.0
2,Río Negro,2020,17.2257,8.36,51.2571,0.8,0,762067,0.0
3,Río Negro,2020,20.1429,8.2,45.0,0.6,0,762067,0.0
4,Río Negro,2020,22.68,0.0,44.2286,0.0,0,762067,0.0
5,Río Negro,2020,19.8971,2.0,46.2,0.6,0,762067,0.0
6,Río Negro,2020,17.3571,5.4,56.8857,1.0,0,762067,0.0
7,Río Negro,2020,19.8971,4.8,48.3714,0.6,0,762067,0.0
8,Río Negro,2020,17.1371,0.02,44.8,0.0,0,762067,0.0
9,Río Negro,2020,19.4714,0.16,48.4286,0.0,2,762067,0.2624
10,Río Negro,2020,20.9314,4.7,49.9714,0.2,2,762067,0.2624
11,Río Negro,2020,17.4914,1.84,53.0286,0.4,0,762067,0.0
12,Río Negro,2020,17.2114,0.0,53.7429,0.0,0,762067,0.0
13,Río Negro,2020,16.4743,5.72,61.7714,0.6,0,762067,0.0
14,Río Negro,2020,12.3457,0.92,57.0,0.4,0,762067,0.0
15,Río Negro,2020,11.2057,0.14,54.8286,0.0,0,762067,0.0
16,Río Negro,2020,14.6514,9.56,61.4571,1.4,0,762067,0.0
17,Río Negro,2020,10.4543,10.26,69.0857,1.6,0,762067,0.0
18,Río Negro,2020,10.7486,13.84,73.0286,1.4,0,762067,0.0
19,Río Negro,2020,8.7943,39.38,72.1429,2.4,0,762067,0.0
20,Río Negro,2020,10.5943,11.28,65.3714,1.2,0,762067,0.0
21,Río Negro,2020,7.4571,16.3,72.8857,1.6,0,762067,0.0
22,Río Negro,2020,5.3229,23.28,75.4,1.6,0,762067,0.0
23,Río Negro,2020,6.4114,6.5,69.7143,1.0,0,762067,0.0
24,Río Negro,2020,6.5514,23.6,65.8857,1.8,0,762067,0.0
25,Río Negro,2020,5.8029,22.0,74.0857,2.0,0,762067,0.0
26,Río Negro,2020,2.2429,21.86,78.8571,2.8,0,762067,0.0
27,Río Negro,2020,3.2086,8.9,84.4857,1.8,0,762067,0.0
28,Río Negro,2020,2.2743,35.86,76.7667,3.4,0,762067,0.0
29,Río Negro,2020,3.2629,11.46,81.2286,1.4,0,762067,0.0
30,Río Negro,2020,3.9629,46.14,78.8571,3.4,0,762067,0.0
31,Río Negro,2020,4.3086,1.82,69.2,0.4,0,762067,0.0
32,Río Negro,2020,5.8971,14.96,71.2,1.6,0,762067,0.0
33,Río Negro,2020,5.2543,5.82,61.4857,0.8,0,762067,0.0
34,Río Negro,2020,5.52,1.18,58.0857,0.4,0,762067,0.0
35,Río Negro,2020,6.3314,7.36,68.0571,1.4,0,762067,0.0
36,Río Negro,2020,6.4829,0.04,63.9429,0.0,0,762067,0.0
37,Río Negro,2020,8.5,15.4,59.9714,2.0,0,762067,0.0
38,Río Negro,2020,9.1629,0.08,51.9429,0.0,0,762067,0.0
39,Río Negro,2020,10.3857,0.0,52.4857,0.0,0,762067,0.0
40,Río Negro,2020,7.4057,1.64,59.3429,0.6,0,762067,0.0
41,Río Negro,2020,11.1943,3.12,53.6286,0.6,0,762067,0.0
42,Río Negro,2020,16.2229,1.0,43.8857,0.4,0,762067,0.0
43,Río Negro,2020,13.3829,4.0,53.1714,0.4,0,762067,0.0
44,Río Negro,2020,15.0429,2.4,43.6857,0.6,0,762067,0.0
45,Río Negro,2020,16.7486,12.1,53.7143,1.4,0,762067,0.0
46,Río Negro,2020,16.5629,6.5,57.2571,0.4,0,762067,0.0
47,Río Negro,2020,19.2914,0.24,46.1429,0.0,0,762067,0.0
48,Río Negro,2020,15.82,3.46,47.1429,0.6,0,762067,0.0
49,Río Negro,2020,18.7114,0.0,34.9714,0.0,0,762067,0.0
50,Río Negro,2020,17.6543,7.74,45.0571,1.2,0,762067,0.0
51,Río Negro,2020,16.6229,0.02,45.9714,0.0,0,762067,0.0
52,Río Negro,2020,20.3743,4.0,52.7714,0.8,0,762067,0.0
53,Río Negro,2020,20.3286,3.84,47.4286,0.8,0,762067,0.0
1,Río Negro,2021,18.9314,1.92,46.0,0.4,0,762067,0.0
2,Río Negro,2021,17.4514,2.8,49.1143,0.6,0,762067,0.0
3,Río Negro,2021,24.1114,0.0,44.7143,0.0,0,762067,0.0
4,Río Negro,2021,17.0286,3.66,52.0,0.8,0,762067,0.0
5,Río Negro,2021,22.0657,0.82,45.0286,0.2,0,762067,0.0
6,Río Negro,2021,21.5286,0.0,51.4571,0.0,0,762067,0.0
7,Río Negro,2021,17.7229,0.02,45.5714,0.0,0,762067,0.0
8,Río Negro,2021,20.7143,1.2,46.5048,0.2,0,762067,0.0
9,Río Negro,2021,20.8086,7.52,60.3429,0.6,0,762067,0.0
10,Río Negro,2021,17.6914,6.8,49.8857,0.8,0,762067,0.0
11,Río Negro,2021,14.7571,3.3,61.3429,0.6,0,762067,0.0
12,Río Negro,2021,14.4171,0.0,51.9714,0.0,0,762067,0.0
13,Río Negro,2021,16.0171,3.7,63.6857,0.4,0,762067,0.0
14,Río Negro,2021,14.3229,6.54,67.2857,0.6,0,762067,0.0
15,Río Negro,2021,14.0114,0.2,62.6,0.0,0,762067,0.0
16,Río Negro,2021,12.5543,23.2,69.7143,1.6,0,762067,0.0
17,Río Negro,2021,12.5714,14.02,67.2286,1.2,0,762067,0.0
18,Río Negro,2021,6.8057,0.0,62.8,0.0,0,762067,0.0
19,Río Negro,2021,6.5914,0.0,66.1143,0.0,0,762067,0.0
20,Río Negro,2021,8.0543,18.24,77.9714,2.2,0,762067,0.0
21,Río Negro,2021,8.1514,18.56,65.5714,1.6,0,762067,0.0
22,Río Negro,2021,7.1229,19.92,74.1714,2.2,0,762067,0.0
23,Río Negro,2021,8.9314,19.24,70.3429,1.8,0,762067,0.0
24,Río Negro,2021,1.0714,0.7,74.2857,0.2,0,762067,0.0
25,Río Negro,2021,4.7686,11.72,73.6571,1.6,0,762067,0.0
26,Río Negro,2021,4.5286,1.34,63.8114,0.4,0,762067,0.0
27,Río Negro,2021,6.6771,15.5,68.7429,0.8,0,762067,0.0
28,Río Negro,2021,3.2457,2.3,68.6,0.4,0,762067,0.0
29,Río Negro,2021,6.3057,0.7,64.8857,0.2,0,762067,0.0
30,Río Negro,2021,3.9829,3.3,63.5714,0.6,0,762067,0.0
1,Río Negro,2022,22.8429,0.62,41.3714,0.2,0,762067,0.0
2,Río Negro,2022,22.1914,0.0,40.8286,0.0,0,762067,0.0
3,Río Negro,2022,15.6805,38.8,63.719,4.0,0,762067,0.0
4,Río Negro,2022,21.0514,0.1,44.7143,0.0,0,762067,0.0
5,Río Negro,2022,19.5086,1.72,50.7714,0.4,0,762067,0.0
6,Río Negro,2022,20.4371,2.12,40.2571,0.4,0,762067,0.0
7,Río Negro,2022,19.6429,12.76,52.2857,1.6,0,762067,0.0
8,Río Negro,2022,15.3114,38.1,65.5714,2.8,0,762067,0.0
9,Río Negro,2022,16.1314,3.66,54.2286,0.4,0,762067,0.0
10,Río Negro,2022,15.5057,4.7,55.9714,0.4,0,762067,0.0
11,Río Negro,2022,15.1,1.86,52.6286,0.4,0,762067,0.0
12,Río Negro,2022,13.4829,4.44,59.0,1.0,0,762067,0.0
13,Río Negro,2022,11.2971,11.24,55.1714,1.6,0,762067,0.0
14,Río Negro,2022,12.9343,7.8,71.0857,1.6,0,762067,0.0
15,Río Negro,2022,11.2629,1.8,64.4,0.6,0,762067,0.0
16,Río Negro,2022,10.4,34.16,66.5714,3.0,0,762067,0.0
17,Río Negro,2022,5.8429,20.54,68.0286,1.2,0,762067,0.0
18,Río Negro,2022,11.5571,0.0,65.3714,0.0,0,762067,0.0
19,Río Negro,2022,6.2914,3.98,71.2286,0.8,0,762067,0.0
20,Río Negro,2022,6.2914,19.42,67.4,1.4,0,762067,0.0
21,Río Negro,2022,1.5086,10.6,71.3952,1.0,0,762067,0.0
22,Río Negro,2022,1.7314,11.48,73.8214,1.2,0,762067,0.0
23,Río Negro,2022,4.8886,26.3,68.5429,1.0,0,762067,0.0
24,Río Negro,2022,4.6057,5.92,71.7143,1.2,0,762067,0.0
25,Río Negro,2022,1.0229,0.8,75.1143,0.2,0,762067,0.0
26,Río Negro,2022,5.1229,37.56,68.8857,2.2,0,762067,0.0
27,Río Negro,2022,4.9029,22.7,66.0571,1.8,0,762067,0.0
28,Río Negro,2022,2.8543,27.7,77.2,3.0,0,762067,0.0
29,Río Negro,2022,4.2657,61.9,74.2429,3.4,0,762067,0.0
30,Río Negro,2022,4.4371,8.4,80.6,1.8,0,762067,0.0
31,Río Negro,2022,3.0057,6.7,76.4857,1.2,0,762067,0.0
32,Río Negro,2022,6.1914,26.84,71.3143,1.4,0,762067,0.0
33,Río Negro,2022,5.7,10.06,68.7143,1.0,0,762067,0.0
34,Río Negro,2022,6.7457,1.4,59.4571,0.4,0,762067,0.0
35,Río Negro,2022,8.4543,0.0,52.8857,0.0,0,762067,0.0
36,Río Negro,2022,9.24,0.18,55.0286,0.0,0,762067,0.0
37,Río Negro,2022,9.7286,31.14,67.7714,2.0,0,762067,0.0
38,Río Negro,2022,7.1257,5.12,72.7714,1.0,0,762067,0.0
39,Río Negro,2022,11.8229,0.0,57.7143,0.0,0,762067,0.0
40,Río Negro,2022,10.8686,12.84,60.8571,1.8,0,762067,0.0
41,Río Negro,2022,11.5743,0.16,51.8857,0.0,0,762067,0.0
42,Río Negro,2022,14.2086,0.32,55.0,0.0,0,762067,0.0
43,Río Negro,2022,12.5171,10.66,55.1143,2.2,0,762067,0.0
44,Río Negro,2022,18.4771,0.0,40.8857,0.0,0,762067,0.0
45,Río Negro,2022,17.1143,10.3,60.7429,1.8,0,762067,0.0
46,Río Negro,2022,16.8914,9.3,55.9143,0.4,0,762067,0.0
47,Río Negro,2022,19.5429,10.2,45.6286,0.6,0,762067,0.0
48,Río Negro,2022,19.06,2.14,49.6571,0.2,0,762067,0.0
49,Río Negro,2022,19.1457,6.1,48.6286,1.2,0,762067,0.0
50,Río Negro,2022,19.4571,0.32,48.1143,0.0,0,762067,0.0
1,Río Negro,2023,23.9371,0.7,42.0571,0.2,0,762067,0.0
2,Río Negro,2023,19.4257,1.0,50.9143,0.4,0,762067,0.0
3,Río Negro,2023,22.0629,14.34,56.7714,1.6,0,762067,0.0
4,Río Negro,2023,20.3743,5.8,47.0,0.6,0,762067,0.0
5,Río Negro,2023,22.7457,3.4,49.7714,0.2,0,762067,0.0
6,Río Negro,2023,21.6343,2.7,51.4571,0.4,0,762067,0.0
7,Río Negro,2023,14.8086,6.7,48.8,0.6,0,762067,0.0
8,Río Negro,2023,18.5543,0.32,51.1429,0.2,0,762067,0.0
9,Río Negro,2023,19.8457,0.0,47.9143,0.0,0,762067,0.0
10,Río Negro,2023,19.4286,6.26,58.4571,1.0,0,762067,0.0
11,Río Negro,2023,16.9571,8.08,65.8,1.2,0,762067,0.0
12,Río Negro,2023,14.8629,0.0,60.4571,0.0,0,762067,0.0
13,Río Negro,2023,12.6057,4.92,55.8286,0.8,3,762067,0.3937
14,Río Negro,2023,14.0743,3.5,65.4,0.4,2,762067,0.2624
15,Río Negro,2023,9.8457,8.66,70.6,1.4,3,762067,0.3937
16,Río Negro,2023,12.2857,0.62,65.6286,0.2,2,762067,0.2624
17,Río Negro,2023,11.82,15.5,69.6286,1.2,1,762067,0.1312
18,Río Negro,2023,9.1486,1.84,70.8857,0.4,1,762067,0.1312
19,Río Negro,2023,10.6371,1.0,71.9429,0.2,0,762067,0.0
20,Río Negro,2023,8.7771,8.86,66.8857,1.4,0,762067,0.0
21,Río Negro,2023,5.2514,21.46,71.2286,1.8,0,762067,0.0
22,Río Negro,2023,7.7029,19.4,68.8,2.0,0,762067,0.0
23,Río Negro,2023,6.5114,41.86,67.4571,1.8,0,762067,0.0
24,Río Negro,2023,3.8543,5.56,76.7714,1.0,0,762067,0.0
25,Río Negro,2023,6.6543,36.0,80.5429,3.0,0,762067,0.0
26,Río Negro,2023,5.52,17.36,79.7429,2.0,0,762067,0.0
27,Río Negro,2023,4.8486,38.66,75.8571,2.6,0,762067,0.0
28,Río Negro,2023,2.0886,5.9,81.5143,0.8,0,762067,0.0
29,Río Negro,2023,4.5114,26.84,72.9143,1.8,0,762067,0.0
30,Río Negro,2023,6.5343,18.22,77.6286,2.2,0,762067,0.0
31,Río Negro,2023,5.6,4.9,61.2571,0.6,0,762067,0.0
32,Río Negro,2023,6.9257,8.04,64.0571,1.0,0,762067,0.0
33,Río Negro,2023,6.5543,32.22,77.3714,4.0,0,762067,0.0
34,Río Negro,2023,4.0543,7.04,67.9429,1.0,0,762067,0.0
35,Río Negro,2023,6.7829,17.6,58.8571,1.4,0,762067,0.0
36,Río Negro,2023,6.5343,15.1,73.1714,3.4,0,762067,0.0
37,Río Negro,2023,8.6429,39.24,64.5714,2.2,0,762067,0.0
38,Río Negro,2023,7.06,5.32,70.7429,0.8,0,762067,0.0
39,Río Negro,2023,9.7629,1.7,56.2857,0.2,0,762067,0.0
40,Río Negro,2023,10.1086,1.64,56.4,0.6,0,762067,0.0
41,Río Negro,2023,11.1343,0.6,54.6857,0.2,0,762067,0.0
42,Río Negro,2023,14.3343,5.0,54.6571,0.4,0,762067,0.0
43,Río Negro,2023,12.5686,27.94,58.6,1.6,0,762067,0.0
44,Río Negro,2023,10.9914,2.32,61.4,0.2,0,762067,0.0
45,Río Negro,2023,13.9343,6.04,54.4857,0.8,0,762067,0.0
46,Río Negro,2023,12.2771,11.46,54.1429,1.0,0,762067,0.0
47,Río Negro,2023,17.5571,0.24,45.6571,0.2,0,762067,0.0
48,Río Negro,2023,16.0657,3.0,53.8286,0.6,0,762067,0.0
49,Río Negro,2023,19.0857,1.4,50.0571,0.2,0,762067,0.0
50,Río Negro,2023,17.3829,9.38,55.4,1.0,0,762067,0.0
51,Río Negro,2023,17.2714,4.48,53.7143,0.6,0,762067,0.0
52,Río Negro,2023,21.72,3.2,47.0286,0.2,0,762067,0.0
1,Río Negro,2024,21.68,10.92,55.5714,0.8,0,762067,0.0
2,Río Negro,2024,18.5629,2.74,48.0,0.4,1,762067,0.1312
3,Río Negro,2024,20.9686,0.0,47.9429,0.0,5,762067,0.6561
4,Río Negro,2024,26.6343,0.02,39.6857,0.0,1,762067,0.1312
5,Río Negro,2024,22.1829,0.7,51.3429,0.2,0,762067,0.0
6,Río Negro,2024,21.58,1.3,55.7714,0.4,3,762067,0.3937
7,Río Negro,2024,22.0057,0.0,42.5143,0.0,1,762067,0.1312
8,Río Negro,2024,19.7914,4.84,52.2286,0.6,3,762067,0.3937
9,Río Negro,2024,17.56,7.44,53.1714,0.4,4,762067,0.5249
10,Río Negro,2024,16.6571,2.84,51.4857,0.4,0,762067,0.0
11,Río Negro,2024,15.5343,6.0,51.1143,0.6,4,762067,0.5249
12,Río Negro,2024,13.7657,15.34,59.7143,1.0,19,762067,2.4932
13,Río Negro,2024,15.1,1.0,57.2571,0.4,10,762067,1.3122
14,Río Negro,2024,13.2857,9.46,57.9429,1.0,15,762067,1.9683
15,Río Negro,2024,10.1543,1.34,68.2,0.2,14,762067,1.8371
16,Río Negro,2024,11.2314,20.88,67.8286,1.4,7,762067,0.9186
17,Río Negro,2024,8.6029,26.9,64.2857,2.8,9,762067,1.181
18,Río Negro,2024,6.1571,43.9,67.3429,2.2,0,762067,0.0
19,Río Negro,2024,5.3771,10.8,73.1714,1.8,1,762067,0.1312
20,Río Negro,2024,3.4943,8.34,74.6571,0.8,1,762067,0.1312
21,Río Negro,2024,3.6257,1.12,77.8286,0.4,1,762067,0.1312
22,Río Negro,2024,5.5029,9.18,74.5429,1.2,0,762067,0.0
23,Río Negro,2024,7.5829,16.68,79.8,2.0,0,762067,0.0
24,Río Negro,2024,7.4914,17.72,77.8857,2.4,0,762067,0.0
25,Río Negro,2024,3.82,19.72,81.7429,2.6,0,762067,0.0
26,Río Negro,2024,3.7,19.5,77.1143,1.6,0,762067,0.0
27,Río Negro,2024,1.8514,15.86,75.4,1.2,0,762067,0.0
28,Río Negro,2024,1.54,0.36,74.4571,0.2,0,762067,0.0
29,Río Negro,2024,3.5457,2.34,71.6286,0.4,0,762067,0.0
30,Río Negro,2024,5.5971,5.9,64.8,0.8,0,762067,0.0
31,Río Negro,2024,6.4971,13.48,66.8,1.4,0,762067,0.0
32,Río Negro,2024,6.0429,9.12,70.8571,1.8,0,762067,0.0
33,Río Negro,2024,5.5914,4.4,73.3429,0.8,0,762067,0.0
34,Río Negro,2024,3.0286,7.5,76.5429,1.0,0,762067,0.0
35,Río Negro,2024,7.5886,5.42,62.7429,0.4,0,762067,0.0
36,Río Negro,2024,8.3057,5.98,57.3429,1.0,0,762067,0.0
37,Río Negro,2024,7.86,2.74,58.8857,0.4,0,762067,0.0
38,Río Negro,2024,9.9457,27.32,56.3714,2.0,0,762067,0.0
39,Río Negro,2024,9.6571,17.0,54.4571,1.0,0,762067,0.0
40,Río Negro,2024,9.74,0.4,56.4,0.2,0,762067,0.0
41,Río Negro,2024,12.6514,0.52,56.3143,0.0,0,762067,0.0
42,Río Negro,2024,14.6914,9.06,57.6,1.6,0,762067,0.0
43,Río Negro,2024,15.5686,1.5,50.4286,0.4,0,762067,0.0
44,Río Negro,2024,16.5943,5.02,46.7429,0.8,0,762067,0.0
45,Río Negro,2024,14.4086,10.38,51.8286,1.6,0,762067,0.0
46,Río Negro,2024,15.12,2.36,49.7429,0.4,0,762067,0.0
47,Río Negro,2024,17.9857,4.4,51.3429,0.8,0,762067,0.0
48,Río Negro,2024,14.5914,4.94,57.0286,0.8,0,762067,0.0
49,Río Negro,2024,14.0229,13.3,57.6857,1.8,0,762067,0.0
50,Río Negro,2024,18.5143,10.28,57.5143,0.8,0,762067,0.0
51,Río Negro,2024,18.5686,10.08,50.8,1.0,0,762067,0.0
52,Río Negro,2024,20.6943,0.26,50.1429,0.0,0,762067,0.0
1,Río Negro,2025,20.4029,1.86,51.2286,0.4,0,762067,0.0
2,Río Negro,2025,22.9171,0.2,45.6571,0.0,0,762067,0.0
3,Río Negro,2025,19.84,2.64,46.4286,0.4,0,762067,0.0
4,Río Negro,2025,21.4286,7.82,46.1429,0.4,0,762067,0.0
5,Río Negro,2025,21.7057,0.0,42.5143,0.0,0,762067,0.0
6,Río Negro,2025,19.6543,0.26,48.7714,0.0,0,762067,0.0
7,Río Negro,2025,18.4629,3.54,49.0286,0.4,0,762067,0.0
8,Río Negro,2025,20.6743,1.88,47.9429,0.6,0,762067,0.0
9,Río Negro,2025,18.6171,12.06,61.9143,1.4,0,762067,0.0
10,Río Negro,2025,17.1714,8.82,60.0286,1.2,0,762067,0.0
11,Río Negro,2025,16.5457,2.1,49.8,0.2,0,762067,0.0
12,Río Negro,2025,16.2171,3.04,58.5143,0.4,0,762067,0.0
13,Río Negro,2025,14.86,2.66,58.7714,0.6,0,762067,0.0
14,Río Negro,2025,10.2343,2.2,56.3429,0.2,0,762067,0.0
15,Río Negro,2025,13.5914,17.84,70.7143,2.2,0,762067,0.0
16,Río Negro,2025,9.6286,13.98,75.1429,1.6,0,762067,0.0
17,Río Negro,2025,11.3771,18.86,74.6,2.6,0,762067,0.0
18,Río Negro,2025,8.94,9.06,73.6857,1.6,0,762067,0.0
19,Río Negro,2025,9.1257,11.2,70.9429,1.8,0,762067,0.0
20,Río Negro,2025,10.48,17.08,66.8286,1.8,0,762067,0.0
21,Río Negro,2025,5.6543,11.82,79.9429,1.6,0,762067,0.0
22,Río Negro,2025,5.8457,1.04,70.1429,0.2,0,762067,0.0
23,Río Negro,2025,5.7086,3.04,72.2857,0.6,0,762067,0.0
24,Río Negro,2025,5.5971,8.78,75.5429,0.6,0,762067,0.0
25,Río Negro,2025,5.3086,7.22,68.7714,1.2,0,762067,0.0
26,Río Negro,2025,2.2029,8.8,68.6667,1.4,0,762067,0.0
27,Río Negro,2025,2.48,0.8,75.8867,0.2,0,762067,0.0
28,Río Negro,2025,5.0543,0.0,71.7429,0.0,0,762067,0.0
29,Río Negro,2025,7.16,3.18,63.3429,0.6,0,762067,0.0
30,Río Negro,2025,1.7829,12.78,81.4905,2.8,0,762067,0.0
31,Río Negro,2025,6.7971,27.22,80.9143,2.4,0,762067,0.0
32,Río Negro,2025,5.1514,8.18,76.4,1.0,0,762067,0.0
33,Río Negro,2025,7.9714,10.2,71.4571,0.4,0,762067,0.0
34,Río Negro,2025,7.8943,9.34,69.7429,1.8,0,762067,0.0
35,Río Negro,2025,9.2914,2.52,69.4286,0.6,0,762067,0.0
36,Río Negro,2025,6.3543,0.7,61.9429,0.0,0,762067,0.0
37,Río Negro,2025,10.0657,21.56,60.4571,1.0,0,762067,0.0
38,Río Negro,2025,10.9114,13.2,71.0857,1.6,0,762067,0.0
39,Río Negro,2025,10.5029,6.04,61.3714,0.8,0,762067,0.0
40,Río Negro,2025,12.74,2.16,52.5714,0.6,0,762067,0.0
41,Río Negro,2025,13.0771,2.44,57.6,0.4,0,762067,0.0
42,Río Negro,2025,14.0,5.64,50.5714,0.6,0,762067,0.0
1,Salta,2018,24.0,22.5667,71.2381,2.6667,0,1440672,0.0
2,Salta,2018,25.2714,66.5333,69.7143,2.0,0,1440672,0.0
3,Salta,2018,23.1048,25.7,79.8095,2.0,0,1440672,0.0
4,Salta,2018,24.181,99.6333,83.619,4.0,0,1440672,0.0
5,Salta,2018,24.2524,85.8667,79.9048,2.6667,0,1440672,0.0
6,Salta,2018,25.5571,45.8333,73.9524,2.3333,0,1440672,0.0
7,Salta,2018,22.0714,24.2,82.1429,1.3333,0,1440672,0.0
8,Salta,2018,22.7381,39.1,78.1905,2.3333,0,1440672,0.0
9,Salta,2018,22.3524,33.8,85.5714,4.3333,0,1440672,0.0
10,Salta,2018,22.6619,35.6667,85.4286,3.3333,0,1440672,0.0
11,Salta,2018,22.7429,19.5333,83.6667,1.6667,0,1440672,0.0
12,Salta,2018,19.5524,28.6667,81.7619,1.0,0,1440672,0.0
13,Salta,2018,19.9905,23.6667,79.1429,1.3333,0,1440672,0.0
14,Salta,2018,22.1762,29.2,83.619,1.3333,0,1440672,0.0
15,Salta,2018,20.6905,6.3333,82.5238,1.0,1,1440672,0.0694
16,Salta,2018,22.2714,0.0,79.4286,0.0,0,1440672,0.0
17,Salta,2018,23.2429,29.3333,84.1429,1.6667,0,1440672,0.0
18,Salta,2018,22.7952,38.6,86.4286,2.6667,0,1440672,0.0
19,Salta,2018,20.5381,0.1667,82.7619,0.0,0,1440672,0.0
20,Salta,2018,16.5905,2.9667,83.1905,0.6667,6,1440672,0.4165
21,Salta,2018,15.381,0.0,79.381,0.0,0,1440672,0.0
22,Salta,2018,14.3381,4.3,82.6667,1.0,0,1440672,0.0
23,Salta,2018,10.0857,0.0,77.9524,0.0,0,1440672,0.0
24,Salta,2018,10.1857,0.0,70.4762,0.0,0,1440672,0.0
25,Salta,2018,14.1143,0.2,73.1429,0.0,0,1440672,0.0
26,Salta,2018,13.6714,0.0,79.0,0.0,0,1440672,0.0
27,Salta,2018,11.619,7.5667,88.3333,2.0,0,1440672,0.0
1,Salta,2019,25.5762,19.7667,80.0952,1.3333,0,1440672,0.0
2,Salta,2019,23.1476,18.6,81.3333,2.0,2,1440672,0.1388
3,Salta,2019,22.1143,51.0667,83.6667,3.3333,7,1440672,0.4859
4,Salta,2019,27.7571,10.0,68.8571,0.6667,13,1440672,0.9024
5,Salta,2019,24.8714,63.3667,78.1905,3.0,44,1440672,3.0541
6,Salta,2019,24.4048,5.6667,76.7143,0.6667,87,1440672,6.0388
7,Salta,2019,21.9714,63.5667,80.5714,2.6667,36,1440672,2.4988
8,Salta,2019,26.681,20.0,71.9524,0.3333,17,1440672,1.18
9,Salta,2019,22.2905,12.5333,81.0476,1.3333,21,1440672,1.4577
10,Salta,2019,22.8381,47.3,83.1429,4.0,60,1440672,4.1647
11,Salta,2019,20.6476,34.8667,88.3333,4.0,69,1440672,4.7894
12,Salta,2019,18.7714,25.3,88.2381,2.3333,56,1440672,3.8871
13,Salta,2019,19.3762,46.4,87.5238,2.3333,55,1440672,3.8177
14,Salta,2019,20.4667,53.2333,83.5238,2.6667,54,1440672,3.7483
15,Salta,2019,19.7,4.0,81.2857,1.0,42,1440672,2.9153
16,Salta,2019,22.019,24.3,86.619,2.6667,31,1440672,2.1518
17,Salta,2019,16.9571,11.1667,88.9048,2.0,48,1440672,3.3318
18,Salta,2019,19.3238,9.3667,86.619,1.0,55,1440672,3.8177
19,Salta,2019,18.6429,9.0333,85.8571,2.0,90,1440672,6.2471
20,Salta,2019,15.8667,0.3333,81.1429,0.0,76,1440672,5.2753
21,Salta,2019,12.8429,8.1667,84.619,1.3333,37,1440672,2.5682
22,Salta,2019,15.0714,5.3,88.1905,1.0,10,1440672,0.6941
23,Salta,2019,14.4952,0.0,82.6667,0.0,11,1440672,0.7635
24,Salta,2019,16.2095,4.5,85.8571,0.6667,4,1440672,0.2776
25,Salta,2019,12.3571,1.2,81.7619,0.3333,6,1440672,0.4165
26,Salta,2019,13.7238,0.8333,78.9048,0.0,3,1440672,0.2082
27,Salta,2019,11.0333,0.3333,80.0952,0.0,4,1440672,0.2776
28,Salta,2019,14.9143,0.0667,79.5238,0.0,1,1440672,0.0694
29,Salta,2019,16.7571,0.0667,77.8095,0.0,1,1440672,0.0694
30,Salta,2019,10.4143,5.3333,69.0,0.6667,2,1440672,0.1388
31,Salta,2019,12.7667,0.0,65.7619,0.0,0,1440672,0.0
32,Salta,2019,12.2429,0.0,60.1905,0.0,0,1440672,0.0
33,Salta,2019,14.9238,0.0,58.9524,0.0,0,1440672,0.0
34,Salta,2019,15.281,0.0,60.2381,0.0,0,1440672,0.0
35,Salta,2019,20.7143,0.0,55.0,0.0,0,1440672,0.0
36,Salta,2019,15.9095,0.0,56.8571,0.0,0,1440672,0.0
37,Salta,2019,18.5095,0.3333,59.6667,0.0,0,1440672,0.0
38,Salta,2019,17.6048,0.0667,51.4762,0.0,0,1440672,0.0
39,Salta,2019,22.8381,0.0,45.1905,0.0,0,1440672,0.0
40,Salta,2019,19.9381,8.3333,59.4286,1.0,0,1440672,0.0
41,Salta,2019,25.519,9.2,50.6667,1.0,0,1440672,0.0
42,Salta,2019,15.919,3.2333,78.8095,0.6667,0,1440672,0.0
43,Salta,2019,24.7238,0.0,49.0,0.0,0,1440672,0.0
44,Salta,2019,27.0238,40.2667,59.7143,1.0,0,1440672,0.0
45,Salta,2019,24.6048,42.5333,71.619,2.0,0,1440672,0.0
46,Salta,2019,25.9429,0.3333,59.3333,0.0,0,1440672,0.0
47,Salta,2019,27.3095,24.1,58.0476,1.0,0,1440672,0.0
48,Salta,2019,24.7048,21.0,70.9048,2.6667,0,1440672,0.0
49,Salta,2019,22.3905,11.5667,76.5714,3.0,0,1440672,0.0
50,Salta,2019,25.3857,25.7667,67.8571,2.0,0,1440672,0.0
51,Salta,2019,23.6857,13.3333,67.9524,1.6667,0,1440672,0.0
52,Salta,2019,27.3667,9.2,62.0476,1.3333,2,1440672,0.1388
1,Salta,2020,25.819,40.2,71.0476,2.0,0,1440672,0.0
2,Salta,2020,27.0476,73.7667,68.0952,2.3333,7,1440672,0.4859
3,Salta,2020,24.5571,41.1667,82.1905,1.6667,8,1440672,0.5553
4,Salta,2020,26.381,25.7333,70.6667,2.0,4,1440672,0.2776
5,Salta,2020,24.5476,20.8667,72.9603,2.3333,26,1440672,1.8047
6,Salta,2020,25.8619,156.6,78.381,4.0,41,1440672,2.8459
7,Salta,2020,23.419,114.4333,85.4762,3.0,80,1440672,5.553
8,Salta,2020,21.1571,18.9667,85.4762,2.0,134,1440672,9.3012
9,Salta,2020,23.1095,10.6333,76.381,1.0,175,1440672,12.1471
10,Salta,2020,24.881,0.0,68.9048,0.0,393,1440672,27.2789
11,Salta,2020,26.619,17.6667,69.9048,1.3333,450,1440672,31.2354
12,Salta,2020,22.3762,7.7,82.1429,1.6667,528,1440672,36.6496
13,Salta,2020,23.1857,25.4667,79.8095,2.6667,699,1440672,48.519
14,Salta,2020,21.9048,40.5667,84.3333,1.6667,693,1440672,48.1026
15,Salta,2020,18.9524,2.0,78.5714,0.3333,753,1440672,52.2673
16,Salta,2020,18.9238,0.0,73.2857,0.0,746,1440672,51.7814
17,Salta,2020,23.4381,16.7333,75.0,0.6667,640,1440672,44.4237
18,Salta,2020,19.6,17.4333,85.381,1.3333,554,1440672,38.4543
19,Salta,2020,16.3381,1.7333,78.3333,0.3333,437,1440672,30.3331
20,Salta,2020,16.581,0.0,74.4762,0.0,419,1440672,29.0836
21,Salta,2020,15.3476,2.0,75.5714,0.6667,316,1440672,21.9342
22,Salta,2020,15.0048,0.0333,72.1429,0.0,123,1440672,8.5377
23,Salta,2020,11.8857,1.7667,73.619,0.3333,127,1440672,8.8153
24,Salta,2020,15.5952,0.0,77.3333,0.0,118,1440672,8.1906
25,Salta,2020,16.7381,0.0,70.7143,0.0,17,1440672,1.18
26,Salta,2020,14.6143,0.0,75.0476,0.0,26,1440672,1.8047
27,Salta,2020,11.8714,0.0,64.5714,0.0,23,1440672,1.5965
28,Salta,2020,11.4048,1.5,71.5238,0.3333,7,1440672,0.4859
29,Salta,2020,15.5762,0.0,69.9048,0.0,6,1440672,0.4165
30,Salta,2020,13.0,0.7667,75.1905,0.0,1,1440672,0.0694
31,Salta,2020,13.381,0.0,55.9524,0.0,0,1440672,0.0
32,Salta,2020,19.5143,0.0,58.2381,0.0,0,1440672,0.0
33,Salta,2020,15.1905,0.0,46.7619,0.0,0,1440672,0.0
34,Salta,2020,12.8857,0.0,46.619,0.0,0,1440672,0.0
35,Salta,2020,20.0762,3.2667,53.0952,0.6667,0,1440672,0.0
36,Salta,2020,14.4905,0.6667,63.2857,0.0,0,1440672,0.0
37,Salta,2020,20.7381,3.2667,55.2857,0.6667,0,1440672,0.0
38,Salta,2020,19.1238,1.8,53.8571,0.6667,0,1440672,0.0
39,Salta,2020,22.9286,0.0,40.2857,0.0,0,1440672,0.0
40,Salta,2020,22.381,0.0,41.0952,0.0,0,1440672,0.0
41,Salta,2020,23.0667,0.0,42.5238,0.0,0,1440672,0.0
42,Salta,2020,24.8238,0.6667,47.5238,0.3333,0,1440672,0.0
43,Salta,2020,28.0238,2.0667,53.0952,0.6667,0,1440672,0.0
44,Salta,2020,21.9905,14.3333,51.8095,1.3333,0,1440672,0.0
45,Salta,2020,25.7762,0.0,40.1905,0.0,0,1440672,0.0
46,Salta,2020,24.7905,17.0333,67.7619,2.0,1,1440672,0.0694
47,Salta,2020,22.6524,19.4333,65.381,1.6667,2,1440672,0.1388
48,Salta,2020,27.4333,40.5333,61.4286,2.3333,2,1440672,0.1388
49,Salta,2020,21.6238,25.5333,77.5238,2.3333,0,1440672,0.0
50,Salta,2020,26.8095,10.3,58.619,1.0,1,1440672,0.0694
51,Salta,2020,24.9095,4.6667,62.7619,1.0,2,1440672,0.1388
52,Salta,2020,25.919,21.3333,61.7143,1.6667,2,1440672,0.1388
53,Salta,2020,25.6333,55.1667,71.619,2.6667,4,1440672,0.2776
1,Salta,2021,23.2571,48.2667,80.6667,3.6667,6,1440672,0.4165
2,Salta,2021,24.4143,74.2333,80.0476,3.3333,10,1440672,0.6941
3,Salta,2021,23.8095,28.7333,67.8571,1.0,16,1440672,1.1106
4,Salta,2021,25.2762,48.3333,73.2857,1.6667,25,1440672,1.7353
5,Salta,2021,22.2238,15.0,79.1905,2.6667,43,1440672,2.9847
6,Salta,2021,22.1095,38.8,79.4762,3.0,17,1440672,1.18
7,Salta,2021,23.2333,22.7,80.381,2.0,50,1440672,3.4706
8,Salta,2021,25.1714,42.2667,78.6667,1.3333,68,1440672,4.72
9,Salta,2021,23.819,59.2,79.8571,2.6667,73,1440672,5.0671
10,Salta,2021,24.1048,65.4,77.381,2.0,96,1440672,6.6636
11,Salta,2021,21.2667,49.5333,83.8095,3.0,121,1440672,8.3989
12,Salta,2021,20.1429,58.8,87.6667,2.3333,61,1440672,4.2341
13,Salta,2021,19.8429,2.5333,85.0952,0.6667,92,1440672,6.3859
14,Salta,2021,22.9524,21.8667,84.9524,3.0,127,1440672,8.8153
15,Salta,2021,20.7571,18.3333,82.619,1.6667,129,1440672,8.9542
16,Salta,2021,20.9429,15.0667,85.6667,1.6667,178,1440672,12.3553
17,Salta,2021,17.3667,0.0,79.5714,0.0,221,1440672,15.3401
18,Salta,2021,14.4524,8.3667,81.8095,1.3333,197,1440672,13.6742
19,Salta,2021,14.7476,9.6,84.9524,1.3333,122,1440672,8.4683
20,Salta,2021,17.4857,7.7333,79.5238,0.6667,51,1440672,3.54
21,Salta,2021,14.7429,0.0,76.0952,0.0,98,1440672,6.8024
22,Salta,2021,16.5333,0.0,77.619,0.0,85,1440672,5.9
23,Salta,2021,15.4,0.0,80.9048,0.0,43,1440672,2.9847
24,Salta,2021,9.719,7.3,85.4286,1.3333,24,1440672,1.6659
25,Salta,2021,10.9476,0.4667,77.7619,0.0,0,1440672,0.0
26,Salta,2021,8.981,0.0,68.1429,0.0,0,1440672,0.0
27,Salta,2021,16.3,0.0,70.3333,0.0,0,1440672,0.0
28,Salta,2021,15.2286,0.0,68.2857,0.0,0,1440672,0.0
29,Salta,2021,14.1762,0.0,62.619,0.0,0,1440672,0.0
30,Salta,2021,11.0857,0.0667,59.4762,0.0,1,1440672,0.0694
1,Salta,2022,27.0238,18.0,63.8095,1.6667,0,1440672,0.0
2,Salta,2022,29.3095,0.0,46.1429,0.0,0,1440672,0.0
3,Salta,2022,26.6667,86.1667,72.3333,3.3333,0,1440672,0.0
4,Salta,2022,24.1762,70.8333,77.7619,2.6667,2,1440672,0.1388
5,Salta,2022,23.819,88.8667,73.6667,2.0,3,1440672,0.2082
6,Salta,2022,22.419,16.8333,75.2381,1.3333,1,1440672,0.0694
7,Salta,2022,23.8714,31.0,77.5238,2.0,1,1440672,0.0694
8,Salta,2022,25.181,57.1667,80.8095,2.6667,1,1440672,0.0694
9,Salta,2022,25.4714,3.6333,76.8095,0.3333,1,1440672,0.0694
10,Salta,2022,22.1952,59.3333,83.0476,3.3333,9,1440672,0.6247
11,Salta,2022,21.4,2.1333,74.9524,0.6667,23,1440672,1.5965
12,Salta,2022,20.9048,10.7667,72.4286,0.6667,39,1440672,2.7071
13,Salta,2022,18.0476,2.6667,68.5714,0.6667,37,1440672,2.5682
14,Salta,2022,21.6905,37.7667,83.0952,2.3333,84,1440672,5.8306
15,Salta,2022,19.1238,33.3333,82.5238,2.6667,77,1440672,5.3447
16,Salta,2022,20.2381,1.5,79.7143,0.3333,88,1440672,6.1083
17,Salta,2022,19.4143,3.1667,81.0476,0.6667,86,1440672,5.9694
18,Salta,2022,15.9048,2.0,75.7143,0.3333,66,1440672,4.5812
19,Salta,2022,17.1143,0.4,81.8571,0.0,36,1440672,2.4988
20,Salta,2022,12.2286,0.0,76.4762,0.0,16,1440672,1.1106
21,Salta,2022,15.9238,0.1333,78.0,0.0,18,1440672,1.2494
22,Salta,2022,11.1524,0.3,78.8095,0.0,6,1440672,0.4165
23,Salta,2022,14.3143,0.1333,79.8095,0.0,1,1440672,0.0694
24,Salta,2022,11.5048,0.0,66.9048,0.0,0,1440672,0.0
25,Salta,2022,11.481,0.0333,71.2381,0.0,0,1440672,0.0
26,Salta,2022,12.3476,0.0667,71.9048,0.0,0,1440672,0.0
27,Salta,2022,15.3333,0.0,71.9524,0.0,0,1440672,0.0
28,Salta,2022,12.5095,0.0,59.7143,0.0,0,1440672,0.0
29,Salta,2022,15.3762,0.0,66.5714,0.0,0,1440672,0.0
30,Salta,2022,18.3476,2.1333,66.0476,0.6667,0,1440672,0.0
31,Salta,2022,17.0952,0.0,60.9524,0.0,0,1440672,0.0
32,Salta,2022,13.9095,1.3667,63.3333,0.6667,0,1440672,0.0
33,Salta,2022,14.4143,0.0,43.0476,0.0,0,1440672,0.0
34,Salta,2022,19.1095,0.0,42.6667,0.0,0,1440672,0.0
35,Salta,2022,16.4143,0.0,42.1905,0.0,0,1440672,0.0
36,Salta,2022,17.1571,0.0,36.1905,0.0,0,1440672,0.0
37,Salta,2022,18.7,0.0,37.5238,0.0,0,1440672,0.0
38,Salta,2022,18.5571,0.1,51.381,0.0,0,1440672,0.0
39,Salta,2022,18.8048,10.3667,58.0476,1.6667,0,1440672,0.0
40,Salta,2022,21.9619,0.0,41.0476,0.0,0,1440672,0.0
41,Salta,2022,19.9619,2.3333,41.381,0.6667,0,1440672,0.0
42,Salta,2022,21.5714,5.4667,64.0476,0.3333,0,1440672,0.0
43,Salta,2022,28.0286,2.0,40.381,0.3333,0,1440672,0.0
44,Salta,2022,19.5286,0.0,33.0,0.0,0,1440672,0.0
45,Salta,2022,26.5571,19.0333,46.381,0.6667,0,1440672,0.0
46,Salta,2022,28.0429,1.3333,43.4762,0.3333,0,1440672,0.0
47,Salta,2022,25.7143,3.1,47.8095,0.3333,0,1440672,0.0
48,Salta,2022,26.5857,10.9667,51.5238,2.3333,0,1440672,0.0
49,Salta,2022,30.8714,10.7333,47.5238,1.0,0,1440672,0.0
50,Salta,2022,25.9286,17.3667,60.8571,1.6667,0,1440672,0.0
1,Salta,2023,26.5571,2.5333,53.1429,0.3333,0,1440672,0.0
2,Salta,2023,26.1905,30.5,59.4762,2.6667,1,1440672,0.0694
3,Salta,2023,30.2762,43.0667,49.381,1.0,2,1440672,0.1388
4,Salta,2023,25.7905,59.0667,74.5714,3.6667,9,1440672,0.6247
5,Salta,2023,25.3762,18.1667,71.1905,1.6667,15,1440672,1.0412
6,Salta,2023,27.8524,9.6333,63.8571,0.6667,76,1440672,5.2753
7,Salta,2023,22.7619,30.0333,70.619,3.0,130,1440672,9.0236
8,Salta,2023,24.3,42.0333,70.7619,3.3333,230,1440672,15.9648
9,Salta,2023,25.5524,68.3333,74.5238,1.3333,347,1440672,24.086
10,Salta,2023,26.7762,0.1667,71.1905,0.0,704,1440672,48.8661
11,Salta,2023,25.8476,31.8,72.5714,2.6667,1170,1440672,81.2121
12,Salta,2023,25.2238,81.6,76.2857,2.6667,1837,1440672,127.5099
13,Salta,2023,24.3333,9.4333,82.619,1.0,2118,1440672,147.0147
14,Salta,2023,22.1095,48.4,81.6667,2.0,1502,1440672,104.2569
15,Salta,2023,19.5667,14.5333,86.1429,2.3333,1739,1440672,120.7076
16,Salta,2023,19.0619,21.7333,83.619,1.6667,1315,1440672,91.2768
17,Salta,2023,20.0143,3.0667,83.1905,1.0,935,1440672,64.9003
18,Salta,2023,15.4095,0.2333,78.3333,0.0,894,1440672,62.0544
19,Salta,2023,17.7762,0.0,77.8571,0.0,443,1440672,30.7495
20,Salta,2023,20.3714,0.2667,79.4286,0.0,458,1440672,31.7907
21,Salta,2023,19.2619,3.6667,83.0476,0.6667,318,1440672,22.073
22,Salta,2023,17.4857,1.8667,83.4762,0.3333,388,1440672,26.9319
23,Salta,2023,18.9429,0.0,76.8571,0.0,229,1440672,15.8954
24,Salta,2023,10.0619,0.0,64.7143,0.0,148,1440672,10.273
25,Salta,2023,16.1048,0.0,74.7619,0.0,36,1440672,2.4988
26,Salta,2023,17.3238,0.6333,78.0476,0.0,32,1440672,2.2212
27,Salta,2023,18.9714,0.0333,76.7619,0.0,30,1440672,2.0824
28,Salta,2023,14.2667,0.3667,77.1429,0.0,15,1440672,1.0412
29,Salta,2023,14.6238,0.1,72.0952,0.0,6,1440672,0.4165
30,Salta,2023,14.1095,0.0,65.6667,0.0,4,1440672,0.2776
31,Salta,2023,20.5286,0.0,62.0476,0.0,2,1440672,0.1388
32,Salta,2023,16.9667,0.0,56.7619,0.0,0,1440672,0.0
33,Salta,2023,19.319,0.0,59.619,0.0,0,1440672,0.0
34,Salta,2023,18.7095,0.0,50.0952,0.0,0,1440672,0.0
35,Salta,2023,19.8238,0.4333,54.7143,0.3333,0,1440672,0.0
36,Salta,2023,18.1762,0.1333,69.4286,0.0,0,1440672,0.0
37,Salta,2023,21.5571,0.0,41.2381,0.0,1,1440672,0.0694
38,Salta,2023,25.1429,0.0,47.1429,0.0,1,1440672,0.0694
39,Salta,2023,21.1381,3.6333,56.0952,0.3333,0,1440672,0.0
40,Salta,2023,22.6524,0.0,43.9524,0.0,1,1440672,0.0694
41,Salta,2023,23.2,0.0,39.4762,0.0,0,1440672,0.0
42,Salta,2023,26.1952,0.4333,52.5714,0.0,1,1440672,0.0694
43,Salta,2023,24.4762,9.2,69.5238,2.3333,0,1440672,0.0
44,Salta,2023,22.0571,3.6,58.5714,1.0,0,1440672,0.0
45,Salta,2023,30.1,15.6667,45.5714,1.3333,0,1440672,0.0
46,Salta,2023,27.2381,0.0,56.0476,0.0,0,1440672,0.0
47,Salta,2023,25.2238,25.8333,67.381,2.6667,0,1440672,0.0
48,Salta,2023,28.5,27.5667,64.1905,2.6667,1,1440672,0.0694
49,Salta,2023,23.1238,22.9667,74.6667,2.6667,1,1440672,0.0694
50,Salta,2023,29.2762,6.2333,62.6667,0.6667,0,1440672,0.0
51,Salta,2023,24.9048,85.4333,79.6667,3.0,3,1440672,0.2082
52,Salta,2023,25.6857,60.7,76.8571,3.0,3,1440672,0.2082
1,Salta,2024,26.9143,29.6667,73.9048,2.3333,12,1440672,0.8329
2,Salta,2024,27.4429,25.4333,72.4762,2.0,12,1440672,0.8329
3,Salta,2024,27.1619,64.6333,71.9524,3.0,28,1440672,1.9435
4,Salta,2024,25.6095,0.0,64.3333,0.0,50,1440672,3.4706
5,Salta,2024,29.5905,5.4,55.0476,1.3333,89,1440672,6.1777
6,Salta,2024,27.3143,74.0333,69.7619,3.0,219,1440672,15.2012
7,Salta,2024,25.281,74.7333,77.381,2.6667,409,1440672,28.3895
8,Salta,2024,25.1095,22.2667,76.619,1.6667,782,1440672,54.2802
9,Salta,2024,26.8571,21.1,75.9048,1.6667,1002,1440672,69.5509
10,Salta,2024,25.2619,37.7,82.8571,3.0,1434,1440672,99.5369
11,Salta,2024,28.7619,22.9667,74.619,1.6667,2035,1440672,141.2535
12,Salta,2024,24.8048,2.9667,76.0952,0.3333,2891,1440672,200.6702
13,Salta,2024,26.0476,8.1333,69.0476,1.3333,2565,1440672,178.0419
14,Salta,2024,23.0905,33.9667,84.8571,3.0,3243,1440672,225.1033
15,Salta,2024,19.4429,27.2,89.0952,4.0,3437,1440672,238.5692
16,Salta,2024,20.2762,1.3333,75.0476,0.3333,2492,1440672,172.9748
17,Salta,2024,21.5762,6.6,85.7619,2.0,1414,1440672,98.1486
18,Salta,2024,18.9476,6.9,84.0952,1.3333,970,1440672,67.3297
19,Salta,2024,17.519,1.2,81.8571,0.0,655,1440672,45.4649
20,Salta,2024,11.3667,0.3333,78.4762,0.0,259,1440672,17.9777
21,Salta,2024,12.2952,1.6667,78.6667,0.3333,68,1440672,4.72
22,Salta,2024,12.981,0.0,73.381,0.0,18,1440672,1.2494
23,Salta,2024,16.8571,0.0,70.8571,0.0,9,1440672,0.6247
24,Salta,2024,20.2286,0.0,72.0476,0.0,4,1440672,0.2776
25,Salta,2024,17.7048,2.3333,73.619,0.3333,7,1440672,0.4859
26,Salta,2024,10.7286,3.6,73.1429,0.6667,7,1440672,0.4859
27,Salta,2024,13.219,0.0,61.5238,0.0,1,1440672,0.0694
28,Salta,2024,8.2143,0.0,60.1429,0.0,0,1440672,0.0
29,Salta,2024,12.6238,0.0,63.0,0.0,0,1440672,0.0
30,Salta,2024,17.0667,0.0333,66.1429,0.0,0,1440672,0.0
31,Salta,2024,18.4476,0.0,57.3333,0.0,0,1440672,0.0
32,Salta,2024,14.4714,1.9333,56.5238,0.3333,0,1440672,0.0
33,Salta,2024,16.5381,0.0,50.1429,0.0,0,1440672,0.0
34,Salta,2024,14.2524,0.0667,66.381,0.0,0,1440672,0.0
35,Salta,2024,15.9476,0.0,51.381,0.0,0,1440672,0.0
36,Salta,2024,19.7381,0.0,48.4762,0.0,0,1440672,0.0
37,Salta,2024,20.8857,0.0,53.0952,0.0,0,1440672,0.0
38,Salta,2024,24.4619,0.0,43.1905,0.0,0,1440672,0.0
39,Salta,2024,23.5143,4.5333,52.5714,1.0,0,1440672,0.0
40,Salta,2024,25.5524,0.0,39.619,0.0,0,1440672,0.0
41,Salta,2024,22.1,35.4667,72.9524,3.3333,0,1440672,0.0
42,Salta,2024,25.2,27.8,69.5714,2.3333,0,1440672,0.0
43,Salta,2024,24.9429,1.0,55.1905,0.3333,0,1440672,0.0
44,Salta,2024,25.8,83.2333,63.4286,2.3333,1,1440672,0.0694
45,Salta,2024,23.4333,72.2667,80.9048,3.3333,0,1440672,0.0
46,Salta,2024,23.419,33.4,61.4286,1.6667,0,1440672,0.0
47,Salta,2024,23.0143,7.0667,81.0,1.6667,1,1440672,0.0694
48,Salta,2024,27.0476,47.2,77.6667,4.0,0,1440672,0.0
49,Salta,2024,23.019,8.3,70.2381,1.0,0,1440672,0.0
50,Salta,2024,23.4905,1.4,74.381,0.3333,0,1440672,0.0
51,Salta,2024,26.3429,22.3667,62.0476,1.6667,0,1440672,0.0
52,Salta,2024,24.3,9.8667,66.619,1.3333,0,1440672,0.0
1,Salta,2025,26.3048,19.8333,69.0,1.6667,1,1440672,0.0694
2,Salta,2025,25.6333,45.8,69.619,3.3333,0,1440672,0.0
3,Salta,2025,27.9571,12.3333,55.1905,1.6667,0,1440672,0.0
4,Salta,2025,26.9619,43.6333,67.2857,2.3333,1,1440672,0.0694
5,Salta,2025,26.9857,20.3333,69.8571,1.6667,0,1440672,0.0
6,Salta,2025,29.3143,11.4667,55.8571,1.0,1,1440672,0.0694
7,Salta,2025,28.4048,24.6,62.5714,1.6667,0,1440672,0.0
8,Salta,2025,25.2857,57.6667,78.381,2.6667,1,1440672,0.0694
9,Salta,2025,27.3619,30.8,69.8571,1.3333,3,1440672,0.2082
10,Salta,2025,25.6048,71.3333,71.9048,2.3333,3,1440672,0.2082
11,Salta,2025,19.8952,30.7,89.2857,3.6667,6,1440672,0.4165
12,Salta,2025,22.5,36.4,88.0,3.3333,1,1440672,0.0694
13,Salta,2025,21.281,33.2333,89.0,4.3333,2,1440672,0.1388
14,Salta,2025,17.1762,11.4667,80.2381,2.0,1,1440672,0.0694
15,Salta,2025,18.9,0.7333,80.5714,0.3333,1,1440672,0.0694
16,Salta,2025,20.7,18.0667,83.2857,2.0,1,1440672,0.0694
17,Salta,2025,19.519,11.3667,88.8571,2.0,0,1440672,0.0
18,Salta,2025,19.4476,5.0333,84.0476,1.0,1,1440672,0.0694
19,Salta,2025,20.5857,5.6667,86.1429,1.0,0,1440672,0.0
20,Salta,2025,20.6429,0.0,80.7619,0.0,0,1440672,0.0
21,Salta,2025,17.4238,8.3667,85.6667,2.6667,0,1440672,0.0
22,Salta,2025,12.9429,1.4333,77.5714,0.3333,0,1440672,0.0
23,Salta,2025,15.4,0.2667,81.3333,0.0,0,1440672,0.0
24,Salta,2025,13.9333,0.0,78.3333,0.0,0,1440672,0.0
25,Salta,2025,12.6381,1.7,77.4286,0.3333,0,1440672,0.0
26,Salta,2025,9.8619,2.5,72.8571,0.3333,0,1440672,0.0
27,Salta,2025,9.3095,0.0667,76.8571,0.0,0,1440672,0.0
28,Salta,2025,17.0143,2.2333,78.0,0.6667,0,1440672,0.0
29,Salta,2025,15.0143,0.0,72.1429,0.0,0,1440672,0.0
30,Salta,2025,15.3714,0.5333,79.3333,0.3333,0,1440672,0.0
31,Salta,2025,16.5714,0.0,66.0952,0.0,0,1440672,0.0
32,Salta,2025,14.1905,8.0333,68.4286,0.6667,0,1440672,0.0
33,Salta,2025,15.7571,0.0,64.6667,0.0,0,1440672,0.0
34,Salta,2025,17.5143,0.0,52.0952,0.0,0,1440672,0.0
35,Salta,2025,17.0143,0.0,48.0476,0.0,0,1440672,0.0
36,Salta,2025,15.4571,0.2667,55.4762,0.0,0,1440672,0.0
37,Salta,2025,21.8905,0.2667,49.619,0.0,0,1440672,0.0
38,Salta,2025,26.3048,2.4667,57.8095,0.6667,0,1440672,0.0
39,Salta,2025,22.2857,0.0,42.5238,0.0,0,1440672,0.0
40,Salta,2025,24.5667,5.1667,51.7619,0.6667,0,1440672,0.0
41,Salta,2025,21.4524,0.0,35.754,0.0,0,1440672,0.0
42,Salta,2025,24.2151,41.3667,51.8175,2.0,0,1440672,0.0
1,San Juan,2018,26.6857,0.0,34.1429,0.0,0,818234,0.0
2,San Juan,2018,25.5643,12.5,54.6429,3.0,0,818234,0.0
3,San Juan,2018,25.0071,5.0,47.2143,1.0,0,818234,0.0
4,San Juan,2018,25.3929,14.4,53.7857,2.0,0,818234,0.0
5,San Juan,2018,27.6429,1.5,51.7857,0.5,0,818234,0.0
6,San Juan,2018,27.3,0.0,39.6429,0.0,0,818234,0.0
7,San Juan,2018,26.1357,7.5,47.1429,1.0,0,818234,0.0
8,San Juan,2018,23.2214,4.25,56.5714,0.5,0,818234,0.0
9,San Juan,2018,23.6,17.0,54.0714,1.5,0,818234,0.0
10,San Juan,2018,23.1429,0.0,47.1429,0.0,0,818234,0.0
11,San Juan,2018,21.5286,0.0,37.1429,0.0,0,818234,0.0
12,San Juan,2018,19.6714,0.0,38.3571,0.0,0,818234,0.0
13,San Juan,2018,19.8643,4.0,47.0,0.5,0,818234,0.0
14,San Juan,2018,19.0714,0.0,51.9286,0.0,0,818234,0.0
15,San Juan,2018,19.0107,0.0,50.7857,0.0,0,818234,0.0
16,San Juan,2018,20.3786,0.0,54.1429,0.0,0,818234,0.0
17,San Juan,2018,18.6571,0.0,54.8571,0.0,0,818234,0.0
18,San Juan,2018,14.7286,0.25,68.8571,0.0,0,818234,0.0
19,San Juan,2018,14.1143,0.05,70.5714,0.0,0,818234,0.0
20,San Juan,2018,12.3452,0.0,56.1905,0.0,0,818234,0.0
21,San Juan,2018,10.55,0.0,62.0,0.0,0,818234,0.0
22,San Juan,2018,7.7,0.1,67.2143,0.0,0,818234,0.0
23,San Juan,2018,8.4143,0.0,52.7143,0.0,0,818234,0.0
24,San Juan,2018,4.5512,0.0,58.5238,0.0,0,818234,0.0
25,San Juan,2018,7.5929,0.0,60.1429,0.0,0,818234,0.0
26,San Juan,2018,9.206,0.0,55.6429,0.0,0,818234,0.0
27,San Juan,2018,4.85,4.55,81.4286,1.0,0,818234,0.0
1,San Juan,2019,27.1143,14.0,44.5714,1.0,0,818234,0.0
2,San Juan,2019,23.3429,5.0,45.7143,1.0,0,818234,0.0
3,San Juan,2019,22.4857,3.2,58.2857,1.0,0,818234,0.0
4,San Juan,2019,30.2286,3.5,45.631,1.0,0,818234,0.0
5,San Juan,2019,27.0167,14.0,55.381,2.0,0,818234,0.0
6,San Juan,2019,27.5976,1.75,50.2738,0.5,0,818234,0.0
7,San Juan,2019,23.0964,0.25,43.6429,0.0,0,818234,0.0
8,San Juan,2019,28.8631,0.0,43.3571,0.0,0,818234,0.0
9,San Juan,2019,23.8845,0.0,39.7381,0.0,0,818234,0.0
10,San Juan,2019,22.0333,5.75,55.2976,1.0,0,818234,0.0
11,San Juan,2019,20.6857,4.0,57.5714,1.0,0,818234,0.0
12,San Juan,2019,19.2714,0.0,45.1429,0.0,0,818234,0.0
13,San Juan,2019,19.9857,0.0,56.7143,0.0,0,818234,0.0
14,San Juan,2019,21.5369,0.0,46.5952,0.0,0,818234,0.0
15,San Juan,2019,20.6905,0.0,42.9524,0.0,0,818234,0.0
16,San Juan,2019,20.044,0.0,52.8571,0.0,0,818234,0.0
17,San Juan,2019,14.9738,0.4,72.4762,0.0,0,818234,0.0
18,San Juan,2019,15.3405,1.0,64.0476,0.5,0,818234,0.0
19,San Juan,2019,15.1988,0.0,61.5119,0.0,0,818234,0.0
20,San Juan,2019,13.2655,3.0,61.9881,1.0,0,818234,0.0
21,San Juan,2019,8.644,1.0,61.7143,0.0,0,818234,0.0
22,San Juan,2019,9.2571,0.0,60.4524,0.0,0,818234,0.0
23,San Juan,2019,10.275,0.0,62.4643,0.0,0,818234,0.0
24,San Juan,2019,6.7595,0.0,67.8452,0.0,0,818234,0.0
25,San Juan,2019,7.1226,0.0,46.7738,0.0,0,818234,0.0
26,San Juan,2019,8.2405,0.0,47.0238,0.0,0,818234,0.0
27,San Juan,2019,5.3762,0.0,56.4286,0.0,0,818234,0.0
28,San Juan,2019,7.5286,0.0,64.5595,0.0,0,818234,0.0
29,San Juan,2019,10.1595,0.0,50.9524,0.0,0,818234,0.0
30,San Juan,2019,6.8095,0.0,42.0357,0.0,0,818234,0.0
31,San Juan,2019,9.5786,0.0,38.6786,0.0,0,818234,0.0
32,San Juan,2019,9.2048,0.0,29.0595,0.0,0,818234,0.0
33,San Juan,2019,9.1333,0.0,40.5714,0.0,0,818234,0.0
34,San Juan,2019,11.2476,0.0,54.4286,0.0,0,818234,0.0
35,San Juan,2019,16.1952,0.0,36.25,0.0,0,818234,0.0
36,San Juan,2019,9.6524,0.0,38.7857,0.0,0,818234,0.0
37,San Juan,2019,12.1845,0.35,51.9643,0.0,0,818234,0.0
38,San Juan,2019,13.6464,0.0,31.8571,0.0,0,818234,0.0
39,San Juan,2019,21.6071,0.0,28.7024,0.0,0,818234,0.0
40,San Juan,2019,15.8512,0.0,29.8929,0.0,0,818234,0.0
41,San Juan,2019,22.6619,0.0,30.369,0.0,0,818234,0.0
42,San Juan,2019,15.2143,1.0,49.7143,0.0,0,818234,0.0
43,San Juan,2019,22.4583,0.0,34.5119,0.0,0,818234,0.0
44,San Juan,2019,22.706,0.0,35.9405,0.0,0,818234,0.0
45,San Juan,2019,24.3821,0.0,41.1905,0.0,0,818234,0.0
46,San Juan,2019,27.6321,0.0,44.5476,0.0,0,818234,0.0
47,San Juan,2019,26.8202,4.5,44.75,0.5,0,818234,0.0
48,San Juan,2019,24.2095,0.0,34.3333,0.0,0,818234,0.0
49,San Juan,2019,24.8524,3.5,31.6905,0.5,0,818234,0.0
50,San Juan,2019,27.3143,0.0,25.8571,0.0,0,818234,0.0
51,San Juan,2019,27.1714,0.0,32.4286,0.0,0,818234,0.0
52,San Juan,2019,28.5714,0.0,33.5714,0.0,0,818234,0.0
1,San Juan,2020,29.4286,18.0833,41.8571,1.75,0,818234,0.0
2,San Juan,2020,27.5595,0.0,32.7262,0.0,0,818234,0.0
3,San Juan,2020,27.5714,14.5,44.2143,1.0,0,818234,0.0
4,San Juan,2020,30.756,10.5,38.6905,1.5,0,818234,0.0
5,San Juan,2020,26.7214,3.25,45.7619,1.0,0,818234,0.0
6,San Juan,2020,26.4226,12.35,53.2976,2.5,0,818234,0.0
7,San Juan,2020,24.8774,0.25,57.2262,0.0,0,818234,0.0
8,San Juan,2020,23.9179,0.0,42.5,0.0,0,818234,0.0
9,San Juan,2020,26.4631,0.0,36.8571,0.0,0,818234,0.0
10,San Juan,2020,28.6738,0.0,42.3095,0.0,0,818234,0.0
11,San Juan,2020,26.2238,10.0,48.5952,0.5,5,818234,0.6111
12,San Juan,2020,23.4226,0.0,45.9286,0.0,5,818234,0.6111
13,San Juan,2020,21.9571,15.5,59.4762,1.5,1,818234,0.1222
14,San Juan,2020,19.2024,1.8,68.7976,0.5,2,818234,0.2444
15,San Juan,2020,17.7726,0.0,50.3929,0.0,2,818234,0.2444
16,San Juan,2020,18.4071,0.0,52.5952,0.0,7,818234,0.8555
17,San Juan,2020,18.5976,0.0,54.3571,0.0,12,818234,1.4666
18,San Juan,2020,16.6964,0.0,58.9048,0.0,24,818234,2.9331
19,San Juan,2020,13.7798,0.0,52.3214,0.0,23,818234,2.8109
20,San Juan,2020,12.1476,0.0,48.4762,0.0,14,818234,1.711
21,San Juan,2020,10.3476,3.15,57.9762,0.5,4,818234,0.4889
22,San Juan,2020,11.3429,0.2,53.7262,0.0,1,818234,0.1222
23,San Juan,2020,7.7762,4.0,60.3095,0.5,1,818234,0.1222
24,San Juan,2020,11.3012,0.0,48.5,0.0,0,818234,0.0
25,San Juan,2020,10.2512,0.0,44.4762,0.0,1,818234,0.1222
26,San Juan,2020,5.8071,0.0,65.0,0.0,0,818234,0.0
27,San Juan,2020,6.681,0.0,57.3929,0.0,0,818234,0.0
28,San Juan,2020,7.3607,0.0,56.1071,0.0,0,818234,0.0
29,San Juan,2020,9.1619,0.0,53.4048,0.0,0,818234,0.0
30,San Juan,2020,6.2821,1.5,65.9286,0.5,0,818234,0.0
31,San Juan,2020,8.7464,0.0,44.881,0.0,0,818234,0.0
32,San Juan,2020,10.9833,0.0,48.0714,0.0,0,818234,0.0
33,San Juan,2020,8.4143,0.0,35.7381,0.0,0,818234,0.0
34,San Juan,2020,8.0571,0.0,38.9643,0.0,0,818234,0.0
35,San Juan,2020,11.6893,0.0,41.7143,0.0,0,818234,0.0
36,San Juan,2020,11.0429,0.0,42.4429,0.0,0,818234,0.0
37,San Juan,2020,16.7607,0.0,35.4167,0.0,0,818234,0.0
38,San Juan,2020,15.8702,0.0,27.2619,0.0,0,818234,0.0
39,San Juan,2020,18.5083,0.0,33.3571,0.0,0,818234,0.0
40,San Juan,2020,17.2107,0.0,31.1667,0.0,0,818234,0.0
41,San Juan,2020,18.9571,0.0,29.25,0.0,0,818234,0.0
42,San Juan,2020,21.894,2.5,39.9643,0.5,0,818234,0.0
43,San Juan,2020,22.6214,0.0,41.2024,0.0,0,818234,0.0
44,San Juan,2020,20.8071,0.0,29.9048,0.0,0,818234,0.0
45,San Juan,2020,24.8071,0.0,29.0833,0.0,0,818234,0.0
46,San Juan,2020,24.0036,0.0,46.9643,0.0,0,818234,0.0
47,San Juan,2020,21.8107,11.15,47.4643,1.0,0,818234,0.0
48,San Juan,2020,26.294,0.0,38.0595,0.0,0,818234,0.0
49,San Juan,2020,24.3869,0.25,35.5,0.0,0,818234,0.0
50,San Juan,2020,28.4774,0.0,25.7857,0.0,0,818234,0.0
51,San Juan,2020,26.3905,1.5,27.4524,0.5,0,818234,0.0
52,San Juan,2020,28.3357,1.1,35.3214,0.5,0,818234,0.0
53,San Juan,2020,26.7881,0.0,41.2262,0.0,0,818234,0.0
1,San Juan,2021,24.694,3.5,48.7024,0.5,0,818234,0.0
2,San Juan,2021,25.3369,0.0,43.119,0.0,0,818234,0.0
3,San Juan,2021,28.5464,0.0,28.9405,0.0,0,818234,0.0
4,San Juan,2021,26.0,8.5,43.4524,1.0,0,818234,0.0
5,San Juan,2021,22.8798,2.5,47.1429,1.0,0,818234,0.0
6,San Juan,2021,21.1679,9.0,64.0357,1.5,0,818234,0.0
7,San Juan,2021,23.8976,0.0,50.4881,0.0,0,818234,0.0
8,San Juan,2021,26.994,1.5,45.1786,0.5,0,818234,0.0
9,San Juan,2021,24.5726,6.0,58.4524,1.5,0,818234,0.0
10,San Juan,2021,24.8083,5.5,50.4524,1.5,0,818234,0.0
11,San Juan,2021,17.5655,3.1,70.4167,0.5,0,818234,0.0
12,San Juan,2021,17.6,0.35,60.8452,0.0,0,818234,0.0
13,San Juan,2021,20.7405,0.0,52.3929,0.0,0,818234,0.0
14,San Juan,2021,19.6464,0.2,65.7857,0.0,0,818234,0.0
15,San Juan,2021,19.2857,0.0,52.9286,0.0,0,818234,0.0
16,San Juan,2021,18.1143,0.0,59.1429,0.0,0,818234,0.0
17,San Juan,2021,16.8857,0.0,55.5119,0.0,0,818234,0.0
18,San Juan,2021,11.419,0.0,59.9048,0.0,0,818234,0.0
19,San Juan,2021,12.8583,0.5,63.2857,0.0,0,818234,0.0
20,San Juan,2021,12.2274,0.0,63.9762,0.0,0,818234,0.0
21,San Juan,2021,11.55,0.0,43.4286,0.0,0,818234,0.0
22,San Juan,2021,12.844,0.0,53.0952,0.0,0,818234,0.0
23,San Juan,2021,9.594,0.0,61.3095,0.0,0,818234,0.0
24,San Juan,2021,4.8726,0.25,68.0,0.0,0,818234,0.0
25,San Juan,2021,7.2464,1.5,56.0714,0.5,0,818234,0.0
26,San Juan,2021,5.525,0.0,52.881,0.0,0,818234,0.0
27,San Juan,2021,9.7262,0.0,52.2143,0.0,0,818234,0.0
28,San Juan,2021,7.6917,0.0,49.9762,0.0,0,818234,0.0
29,San Juan,2021,8.4107,0.0,37.7143,0.0,0,818234,0.0
30,San Juan,2021,5.706,0.0,46.25,0.0,0,818234,0.0
1,San Juan,2022,29.8857,0.0,37.0,0.0,0,818234,0.0
2,San Juan,2022,32.7857,0.0,32.8571,0.0,0,818234,0.0
3,San Juan,2022,24.4286,0.0,50.1429,0.0,0,818234,0.0
4,San Juan,2022,26.4286,18.0,59.0,2.0,0,818234,0.0
5,San Juan,2022,23.7167,18.1667,49.0,1.0833,0,818234,0.0
6,San Juan,2022,24.0143,0.0,47.0,0.0,0,818234,0.0
7,San Juan,2022,26.9071,5.5,37.6429,0.5,0,818234,0.0
8,San Juan,2022,23.0429,4.0,56.5,1.0,0,818234,0.0
9,San Juan,2022,25.8357,0.0,44.3571,0.0,0,818234,0.0
10,San Juan,2022,22.9143,12.0,45.3571,0.5,0,818234,0.0
11,San Juan,2022,22.0786,0.0,48.5714,0.0,0,818234,0.0
12,San Juan,2022,19.7,0.0,39.7857,0.0,0,818234,0.0
13,San Juan,2022,17.25,0.0,34.2143,0.0,0,818234,0.0
14,San Juan,2022,19.8786,0.0,47.7143,0.0,0,818234,0.0
15,San Juan,2022,17.1143,0.0,50.4286,0.0,0,818234,0.0
16,San Juan,2022,17.75,0.0,49.1429,0.0,0,818234,0.0
17,San Juan,2022,14.75,0.0,36.3571,0.0,0,818234,0.0
18,San Juan,2022,13.5786,0.0,47.9286,0.0,0,818234,0.0
19,San Juan,2022,14.0643,0.0,58.2857,0.0,0,818234,0.0
20,San Juan,2022,9.9,0.0,47.4286,0.0,0,818234,0.0
21,San Juan,2022,8.5214,0.0,64.2143,0.0,0,818234,0.0
22,San Juan,2022,6.9857,0.0,52.1429,0.0,0,818234,0.0
23,San Juan,2022,9.0857,0.0,52.2143,0.0,0,818234,0.0
24,San Juan,2022,6.4143,0.0,50.7143,0.0,0,818234,0.0
25,San Juan,2022,5.2,1.5,64.5714,0.5,0,818234,0.0
26,San Juan,2022,7.4714,0.0,54.2857,0.0,0,818234,0.0
27,San Juan,2022,9.9429,0.0,40.5714,0.0,0,818234,0.0
28,San Juan,2022,5.7071,4.0,56.8571,0.5,0,818234,0.0
29,San Juan,2022,9.3786,0.0,50.5,0.0,0,818234,0.0
30,San Juan,2022,10.7214,0.05,64.8571,0.0,0,818234,0.0
31,San Juan,2022,9.2143,0.15,59.1429,0.0,0,818234,0.0
32,San Juan,2022,10.55,0.0,49.2143,0.0,0,818234,0.0
33,San Juan,2022,11.9929,0.0,35.9286,0.0,0,818234,0.0
34,San Juan,2022,12.7143,0.0,35.2143,0.0,0,818234,0.0
35,San Juan,2022,12.65,0.0,32.9286,0.0,0,818234,0.0
36,San Juan,2022,14.2643,0.0,29.0714,0.0,0,818234,0.0
37,San Juan,2022,16.6,0.0,30.3571,0.0,0,818234,0.0
38,San Juan,2022,12.7929,0.0,44.9286,0.0,0,818234,0.0
39,San Juan,2022,16.3357,14.25,54.4286,1.5,0,818234,0.0
40,San Juan,2022,19.1214,0.0,32.2143,0.0,0,818234,0.0
41,San Juan,2022,17.4357,0.0,26.7857,0.0,0,818234,0.0
42,San Juan,2022,17.9071,3.25,50.2143,1.0,0,818234,0.0
43,San Juan,2022,23.1714,0.0,28.7143,0.0,0,818234,0.0
44,San Juan,2022,20.3429,0.0,23.5,0.0,0,818234,0.0
45,San Juan,2022,23.3786,0.15,46.5,0.0,0,818234,0.0
46,San Juan,2022,26.6214,0.25,33.3571,0.0,0,818234,0.0
47,San Juan,2022,27.6429,0.0,29.2143,0.0,0,818234,0.0
48,San Juan,2022,26.706,0.95,44.119,0.0,0,818234,0.0
49,San Juan,2022,31.2833,0.25,35.9405,0.0,0,818234,0.0
50,San Juan,2022,27.2548,2.0,37.881,0.5,0,818234,0.0
1,San Juan,2023,28.1607,3.25,37.4524,0.5,0,818234,0.0
2,San Juan,2023,27.2738,10.9,40.6905,0.5,0,818234,0.0
3,San Juan,2023,27.644,0.0,50.2262,0.0,0,818234,0.0
4,San Juan,2023,27.65,21.0,48.9048,1.0,0,818234,0.0
5,San Juan,2023,26.7286,7.9,52.8571,2.0,0,818234,0.0
6,San Juan,2023,30.4,0.0,40.4286,0.0,0,818234,0.0
7,San Juan,2023,22.9429,0.0,33.7143,0.0,0,818234,0.0
8,San Juan,2023,26.6143,0.0,37.1429,0.0,0,818234,0.0
9,San Juan,2023,27.9857,1.0,37.5714,0.5,0,818234,0.0
10,San Juan,2023,28.2036,10.8,48.8214,1.5,0,818234,0.0
11,San Juan,2023,26.2179,5.0,61.1667,0.5,0,818234,0.0
12,San Juan,2023,21.2476,13.55,79.3929,2.0,0,818234,0.0
13,San Juan,2023,20.8631,0.0,59.3095,0.0,0,818234,0.0
14,San Juan,2023,22.2488,0.0,60.0119,0.0,1,818234,0.1222
15,San Juan,2023,17.5857,0.0,63.4524,0.0,1,818234,0.1222
16,San Juan,2023,16.7857,4.1,53.1429,1.0,0,818234,0.0
17,San Juan,2023,18.5571,0.0,61.7143,0.0,1,818234,0.1222
18,San Juan,2023,12.3214,0.0,53.2262,0.0,0,818234,0.0
19,San Juan,2023,15.3786,0.0,57.7857,0.0,1,818234,0.1222
20,San Juan,2023,15.45,0.05,60.1429,0.0,0,818234,0.0
21,San Juan,2023,12.2357,1.55,72.0714,0.5,0,818234,0.0
22,San Juan,2023,12.3643,0.0,65.1548,0.0,0,818234,0.0
23,San Juan,2023,13.1024,0.0,58.4286,0.0,1,818234,0.1222
24,San Juan,2023,4.6095,0.0,53.8929,0.0,0,818234,0.0
25,San Juan,2023,10.3488,0.0,63.0476,0.0,0,818234,0.0
26,San Juan,2023,9.5536,0.0,53.9405,0.0,0,818234,0.0
27,San Juan,2023,10.1488,0.0,61.5357,0.0,0,818234,0.0
28,San Juan,2023,5.7714,0.0,75.1429,0.0,0,818234,0.0
29,San Juan,2023,7.9857,0.0,57.0,0.0,0,818234,0.0
30,San Juan,2023,10.1667,0.0,51.5476,0.0,0,818234,0.0
31,San Juan,2023,13.3036,0.0,48.619,0.0,0,818234,0.0
32,San Juan,2023,11.3548,0.0,39.5119,0.0,0,818234,0.0
33,San Juan,2023,14.719,0.0,47.0833,0.0,0,818234,0.0
34,San Juan,2023,13.769,0.0,51.0238,0.0,0,818234,0.0
35,San Juan,2023,14.5369,0.0,33.4405,0.0,0,818234,0.0
36,San Juan,2023,13.8512,0.0,51.4405,0.0,0,818234,0.0
37,San Juan,2023,18.2048,0.0,30.8929,0.0,0,818234,0.0
38,San Juan,2023,16.1786,0.0,43.6071,0.0,0,818234,0.0
39,San Juan,2023,16.0821,0.0,38.0238,0.0,0,818234,0.0
40,San Juan,2023,18.331,0.0,34.4762,0.0,0,818234,0.0
41,San Juan,2023,19.4869,0.0,35.619,0.0,0,818234,0.0
42,San Juan,2023,21.5833,0.0,36.0595,0.0,0,818234,0.0
43,San Juan,2023,22.65,0.0,45.6786,0.0,0,818234,0.0
44,San Juan,2023,16.8226,0.45,42.3571,0.0,0,818234,0.0
45,San Juan,2023,26.1667,0.0,23.8452,0.0,0,818234,0.0
46,San Juan,2023,22.7369,0.0,22.5238,0.0,0,818234,0.0
47,San Juan,2023,26.2702,0.25,35.8214,0.0,0,818234,0.0
48,San Juan,2023,27.1857,0.0,34.4286,0.0,0,818234,0.0
49,San Juan,2023,25.0881,0.0,37.381,0.0,1,818234,0.1222
50,San Juan,2023,31.3226,0.0,30.7738,0.0,1,818234,0.1222
51,San Juan,2023,23.7571,0.0,46.5595,0.0,0,818234,0.0
52,San Juan,2023,28.8667,0.0,34.8214,0.0,1,818234,0.1222
1,San Juan,2024,28.9667,1.75,42.119,0.5,2,818234,0.2444
2,San Juan,2024,27.3857,0.0,50.6071,0.0,1,818234,0.1222
3,San Juan,2024,28.7798,1.0,39.3929,0.5,1,818234,0.1222
4,San Juan,2024,30.4595,0.0,35.1905,0.0,3,818234,0.3666
5,San Juan,2024,32.125,0.0,33.7024,0.0,5,818234,0.6111
6,San Juan,2024,28.5571,22.5,57.7143,2.0,4,818234,0.4889
7,San Juan,2024,28.2143,0.0,46.5714,0.0,6,818234,0.7333
8,San Juan,2024,26.2114,4.6667,47.5714,1.1667,4,818234,0.4889
9,San Juan,2024,27.7952,2.0,48.9167,0.5,30,818234,3.6664
10,San Juan,2024,26.669,0.15,47.5357,0.0,44,818234,5.3774
11,San Juan,2024,27.006,0.0,47.2262,0.0,120,818234,14.6657
12,San Juan,2024,24.3702,0.0,39.381,0.0,268,818234,32.7535
13,San Juan,2024,25.1179,10.5,51.0119,1.5,220,818234,26.8872
14,San Juan,2024,21.0036,0.0,48.0,0.0,233,818234,28.476
15,San Juan,2024,15.2071,10.95,64.6667,1.5,368,818234,44.9749
16,San Juan,2024,17.6488,0.0,58.5238,0.0,476,818234,58.1741
17,San Juan,2024,14.9757,0.0,63.2429,0.0,183,818234,22.3652
18,San Juan,2024,13.8429,0.0,48.2857,0.0,107,818234,13.0769
19,San Juan,2024,11.269,0.1,53.0595,0.0,67,818234,8.1884
20,San Juan,2024,7.2024,0.25,64.0,0.0,6,818234,0.7333
21,San Juan,2024,8.0333,2.05,67.5833,0.5,7,818234,0.8555
22,San Juan,2024,8.6083,0.0,60.0952,0.0,0,818234,0.0
23,San Juan,2024,10.45,0.0,52.369,0.0,0,818234,0.0
24,San Juan,2024,13.281,0.0,53.1071,0.0,0,818234,0.0
25,San Juan,2024,13.4048,0.0,45.4524,0.0,0,818234,0.0
26,San Juan,2024,7.3048,0.0,44.0357,0.0,0,818234,0.0
27,San Juan,2024,5.4083,0.0,48.3214,0.0,0,818234,0.0
28,San Juan,2024,2.5476,0.0,56.5595,0.0,0,818234,0.0
29,San Juan,2024,6.6155,0.0,45.1548,0.0,0,818234,0.0
30,San Juan,2024,10.2548,0.0,37.9762,0.0,0,818234,0.0
31,San Juan,2024,10.7643,0.0,36.5595,0.0,0,818234,0.0
32,San Juan,2024,9.3452,0.0,42.8214,0.0,0,818234,0.0
33,San Juan,2024,10.6762,0.0,42.3095,0.0,0,818234,0.0
34,San Juan,2024,6.281,0.15,68.0952,0.0,0,818234,0.0
35,San Juan,2024,10.6536,11.7,56.631,1.5,0,818234,0.0
36,San Juan,2024,16.5714,0.0,36.3333,0.0,0,818234,0.0
37,San Juan,2024,16.3488,0.0,34.1429,0.0,0,818234,0.0
38,San Juan,2024,21.144,0.0,23.4405,0.0,0,818234,0.0
39,San Juan,2024,17.6667,0.0,37.131,0.0,0,818234,0.0
40,San Juan,2024,20.4321,3.5,28.9524,0.5,0,818234,0.0
41,San Juan,2024,17.0929,22.05,65.6667,2.5,0,818234,0.0
42,San Juan,2024,24.5595,0.0,48.1905,0.0,0,818234,0.0
43,San Juan,2024,19.7321,0.7,46.3214,0.0,0,818234,0.0
44,San Juan,2024,27.1202,0.0,34.5,0.0,0,818234,0.0
45,San Juan,2024,24.9429,0.0,39.9762,0.0,0,818234,0.0
46,San Juan,2024,25.156,0.0,30.881,0.0,0,818234,0.0
47,San Juan,2024,25.5071,0.0,43.5119,0.0,0,818234,0.0
48,San Juan,2024,25.756,0.0,36.7976,0.0,0,818234,0.0
49,San Juan,2024,24.019,0.0,31.9524,0.0,0,818234,0.0
50,San Juan,2024,27.7452,0.0,30.0476,0.0,0,818234,0.0
51,San Juan,2024,26.9583,5.0,37.869,0.5,0,818234,0.0
52,San Juan,2024,28.006,9.1,35.1429,0.5,0,818234,0.0
1,San Juan,2025,29.3774,0.05,38.7024,0.0,0,818234,0.0
2,San Juan,2025,27.2429,2.25,48.5833,1.0,0,818234,0.0
3,San Juan,2025,28.119,1.05,42.1071,0.5,0,818234,0.0
4,San Juan,2025,29.2071,2.85,36.9643,1.0,0,818234,0.0
5,San Juan,2025,29.5893,2.15,43.3571,0.5,0,818234,0.0
6,San Juan,2025,30.7786,0.0,40.1667,0.0,0,818234,0.0
7,San Juan,2025,28.9429,0.0,36.0,0.0,0,818234,0.0
8,San Juan,2025,29.7714,0.0,37.7143,0.0,0,818234,0.0
9,San Juan,2025,28.2429,0.0,54.1429,0.0,1,818234,0.1222
10,San Juan,2025,25.8529,23.0,58.3571,3.0,0,818234,0.0
11,San Juan,2025,21.3417,0.15,56.6786,0.0,0,818234,0.0
12,San Juan,2025,25.0429,1.5,50.5833,0.5,0,818234,0.0
13,San Juan,2025,17.3464,0.0,69.2857,0.0,0,818234,0.0
14,San Juan,2025,16.0048,0.0,45.3929,0.0,1,818234,0.1222
15,San Juan,2025,17.7202,0.0,56.75,0.0,0,818234,0.0
16,San Juan,2025,17.6595,0.0,58.8095,0.0,0,818234,0.0
17,San Juan,2025,17.5976,0.0,54.1786,0.0,0,818234,0.0
18,San Juan,2025,16.719,0.0,55.0119,0.0,0,818234,0.0
19,San Juan,2025,15.2357,0.0,58.5,0.0,0,818234,0.0
20,San Juan,2025,16.0476,0.0,59.9167,0.0,0,818234,0.0
21,San Juan,2025,10.5464,0.0,53.5476,0.0,0,818234,0.0
22,San Juan,2025,7.7988,1.6,64.3452,0.5,0,818234,0.0
23,San Juan,2025,9.8774,0.0,58.381,0.0,0,818234,0.0
24,San Juan,2025,9.9369,0.0,57.6548,0.0,0,818234,0.0
25,San Juan,2025,8.5095,0.0,53.9524,0.0,0,818234,0.0
26,San Juan,2025,5.3762,0.05,46.3095,0.0,0,818234,0.0
27,San Juan,2025,4.2286,0.0,61.0952,0.0,0,818234,0.0
28,San Juan,2025,9.0274,0.0,58.8214,0.0,0,818234,0.0
29,San Juan,2025,10.1464,0.0,42.9048,0.0,0,818234,0.0
30,San Juan,2025,8.6845,0.4,62.5714,0.0,0,818234,0.0
31,San Juan,2025,11.0298,0.0,50.5952,0.0,0,818234,0.0
32,San Juan,2025,9.3012,0.0,52.0357,0.0,0,818234,0.0
33,San Juan,2025,12.6917,0.0,46.0595,0.0,0,818234,0.0
34,San Juan,2025,12.056,2.0,43.5119,0.5,0,818234,0.0
35,San Juan,2025,13.5881,25.85,39.7857,1.5,0,818234,0.0
36,San Juan,2025,10.9357,0.0,59.1786,0.0,0,818234,0.0
37,San Juan,2025,17.5155,0.0,39.119,0.0,0,818234,0.0
38,San Juan,2025,19.7869,0.0,44.6071,0.0,0,818234,0.0
39,San Juan,2025,17.6643,0.0,39.619,0.0,0,818234,0.0
40,San Juan,2025,22.4119,0.0,33.5595,0.0,0,818234,0.0
41,San Juan,2025,19.9119,0.0,26.7857,0.0,0,818234,0.0
42,San Juan,2025,22.0012,0.0,34.8929,0.0,0,818234,0.0
1,San Luis,2018,24.1143,10.6,49.7143,0.5,0,540905,0.0
2,San Luis,2018,25.8429,11.5,54.7857,2.0,0,540905,0.0
3,San Luis,2018,22.7,75.05,61.9286,3.0,0,540905,0.0
4,San Luis,2018,22.4357,11.6,62.8571,2.5,0,540905,0.0
5,San Luis,2018,26.5286,0.0,56.2857,0.0,0,540905,0.0
6,San Luis,2018,24.0214,7.15,54.3571,1.0,0,540905,0.0
7,San Luis,2018,24.4143,11.5,54.5714,1.0,0,540905,0.0
8,San Luis,2018,20.7357,36.5,66.1429,3.0,0,540905,0.0
9,San Luis,2018,22.5357,9.5,63.0714,1.5,0,540905,0.0
10,San Luis,2018,21.8286,0.0,54.6429,0.0,0,540905,0.0
11,San Luis,2018,19.9429,0.0,46.5714,0.0,0,540905,0.0
12,San Luis,2018,17.5714,0.2,46.3571,0.0,0,540905,0.0
13,San Luis,2018,19.6143,37.75,55.6429,1.0,0,540905,0.0
14,San Luis,2018,17.9143,5.75,70.3571,1.5,0,540905,0.0
15,San Luis,2018,18.6429,0.0,64.6429,0.0,0,540905,0.0
16,San Luis,2018,20.0786,38.05,69.4286,1.0,0,540905,0.0
17,San Luis,2018,18.5143,1.75,76.6429,0.5,0,540905,0.0
18,San Luis,2018,15.0286,6.8,89.5714,1.5,0,540905,0.0
19,San Luis,2018,15.05,34.5,84.0,3.0,0,540905,0.0
20,San Luis,2018,12.3214,0.0,64.9286,0.0,0,540905,0.0
21,San Luis,2018,11.7714,0.0,68.3571,0.0,0,540905,0.0
22,San Luis,2018,8.7429,17.0,80.9286,2.0,0,540905,0.0
23,San Luis,2018,8.3214,0.0,64.1429,0.0,0,540905,0.0
24,San Luis,2018,4.3929,4.7,69.6429,1.0,0,540905,0.0
25,San Luis,2018,9.2571,0.0,57.7857,0.0,0,540905,0.0
26,San Luis,2018,10.4,1.5,66.0,0.5,0,540905,0.0
27,San Luis,2018,5.7429,3.1,83.4286,1.0,0,540905,0.0
1,San Luis,2019,24.7786,21.0,59.7143,2.0,0,540905,0.0
2,San Luis,2019,20.3929,3.0,67.5714,0.5,0,540905,0.0
3,San Luis,2019,20.4214,38.25,68.5,2.5,0,540905,0.0
4,San Luis,2019,27.1143,2.5,69.6429,0.5,0,540905,0.0
5,San Luis,2019,25.35,12.3,65.8571,1.5,0,540905,0.0
6,San Luis,2019,24.7286,9.5,65.2143,1.0,0,540905,0.0
7,San Luis,2019,20.8143,0.0,62.7143,0.0,0,540905,0.0
8,San Luis,2019,25.6571,1.1,61.4286,0.5,0,540905,0.0
9,San Luis,2019,22.1286,18.0,57.2857,1.0,0,540905,0.0
10,San Luis,2019,19.3857,32.1,77.1429,2.0,0,540905,0.0
11,San Luis,2019,18.1714,44.0,77.1429,3.5,0,540905,0.0
12,San Luis,2019,16.6286,2.7,66.0714,1.0,0,540905,0.0
13,San Luis,2019,17.35,21.5,76.7857,3.0,0,540905,0.0
14,San Luis,2019,19.1286,0.0,60.7143,0.0,0,540905,0.0
15,San Luis,2019,18.8429,27.5,57.1429,1.0,0,540905,0.0
16,San Luis,2019,17.4143,14.5,73.5,1.5,0,540905,0.0
17,San Luis,2019,13.9643,13.0,86.7857,1.5,0,540905,0.0
18,San Luis,2019,15.9857,3.15,74.0,0.5,0,540905,0.0
19,San Luis,2019,14.85,10.15,75.3571,1.5,0,540905,0.0
20,San Luis,2019,13.3714,0.0,66.9286,0.0,0,540905,0.0
21,San Luis,2019,9.0429,10.65,74.2143,1.5,0,540905,0.0
22,San Luis,2019,9.5,0.0,81.0,0.0,0,540905,0.0
23,San Luis,2019,11.4071,0.0,65.5714,0.0,0,540905,0.0
24,San Luis,2019,9.0357,13.5,85.1429,2.0,0,540905,0.0
25,San Luis,2019,9.95,0.0,67.7143,0.0,0,540905,0.0
26,San Luis,2019,7.7286,1.5,60.7857,0.5,0,540905,0.0
27,San Luis,2019,5.8143,0.0,63.0714,0.0,0,540905,0.0
28,San Luis,2019,9.6071,0.0,71.0,0.0,0,540905,0.0
29,San Luis,2019,10.9571,0.0,61.3571,0.0,0,540905,0.0
30,San Luis,2019,7.4571,0.0,56.4286,0.0,0,540905,0.0
31,San Luis,2019,9.7286,0.0,48.2857,0.0,0,540905,0.0
32,San Luis,2019,9.7857,0.0,40.2857,0.0,0,540905,0.0
33,San Luis,2019,9.1786,0.0,52.7857,0.0,0,540905,0.0
34,San Luis,2019,11.7786,0.0,58.4286,0.0,0,540905,0.0
35,San Luis,2019,14.9786,0.0,51.7857,0.0,0,540905,0.0
36,San Luis,2019,9.5071,0.5,46.4286,0.0,0,540905,0.0
37,San Luis,2019,11.9571,14.5,65.0,2.5,0,540905,0.0
38,San Luis,2019,13.5143,0.0,32.0,0.0,0,540905,0.0
39,San Luis,2019,22.2857,0.0,33.1429,0.0,0,540905,0.0
40,San Luis,2019,13.8857,0.25,41.0714,0.0,0,540905,0.0
41,San Luis,2019,21.4929,2.0,46.0714,0.5,0,540905,0.0
42,San Luis,2019,14.2143,2.65,64.1429,1.0,0,540905,0.0
43,San Luis,2019,20.3429,17.55,52.2143,2.5,0,540905,0.0
44,San Luis,2019,20.7,0.05,46.0,0.0,0,540905,0.0
45,San Luis,2019,22.5643,15.5,48.5714,1.5,0,540905,0.0
46,San Luis,2019,24.8833,37.0,56.1786,3.0,0,540905,0.0
47,San Luis,2019,23.9571,55.15,63.5,3.5,0,540905,0.0
48,San Luis,2019,21.1929,0.0,52.2143,0.0,0,540905,0.0
49,San Luis,2019,21.8286,4.75,46.9286,1.0,0,540905,0.0
50,San Luis,2019,25.2071,0.2,36.0,0.0,0,540905,0.0
51,San Luis,2019,24.5857,44.5,45.1429,1.0,0,540905,0.0
52,San Luis,2019,25.6857,0.0,54.6429,0.0,0,540905,0.0
1,San Luis,2020,26.6571,4.55,54.0714,1.0,0,540905,0.0
2,San Luis,2020,24.6143,10.0,53.9286,1.5,0,540905,0.0
3,San Luis,2020,25.3286,20.5,56.2857,2.0,0,540905,0.0
4,San Luis,2020,27.1214,12.0,56.2143,1.0,0,540905,0.0
5,San Luis,2020,25.3714,20.5,53.0714,1.0,0,540905,0.0
6,San Luis,2020,24.0714,42.5,73.4286,3.0,0,540905,0.0
7,San Luis,2020,24.05,7.0,66.1429,0.5,0,540905,0.0
8,San Luis,2020,20.3214,0.35,57.7857,0.0,1,540905,0.1849
9,San Luis,2020,24.1214,0.0,46.2143,0.0,0,540905,0.0
10,San Luis,2020,26.9286,0.25,50.5714,0.0,1,540905,0.1849
11,San Luis,2020,22.5929,23.05,69.0714,1.0,3,540905,0.5546
12,San Luis,2020,21.9857,6.85,63.2857,1.0,3,540905,0.5546
13,San Luis,2020,21.9714,44.5,70.6429,2.0,10,540905,1.8488
14,San Luis,2020,18.9929,15.0,72.1429,2.5,4,540905,0.7395
15,San Luis,2020,17.05,10.5,57.2857,1.0,2,540905,0.3698
16,San Luis,2020,17.8714,0.0,60.2143,0.0,3,540905,0.5546
17,San Luis,2020,18.7643,6.6,71.0714,1.0,0,540905,0.0
18,San Luis,2020,16.1929,1.0,66.5714,0.5,0,540905,0.0
19,San Luis,2020,13.3286,0.0,59.4286,0.0,0,540905,0.0
20,San Luis,2020,14.4214,0.0,48.7143,0.0,0,540905,0.0
21,San Luis,2020,12.2,0.0,58.3571,0.0,0,540905,0.0
22,San Luis,2020,11.25,0.0,56.2857,0.0,0,540905,0.0
23,San Luis,2020,9.0714,0.35,62.3571,0.0,0,540905,0.0
24,San Luis,2020,11.1,0.0,60.3571,0.0,0,540905,0.0
25,San Luis,2020,11.3357,0.0,49.9286,0.0,0,540905,0.0
26,San Luis,2020,6.8857,3.6,67.0714,0.5,0,540905,0.0
27,San Luis,2020,6.8857,0.6,68.5714,0.0,0,540905,0.0
28,San Luis,2020,7.1429,0.0,59.6429,0.0,0,540905,0.0
29,San Luis,2020,8.9643,0.0,65.0714,0.0,0,540905,0.0
30,San Luis,2020,6.75,6.0,76.0,1.5,0,540905,0.0
31,San Luis,2020,9.6929,0.0,48.5714,0.0,0,540905,0.0
32,San Luis,2020,14.0571,0.0,53.3571,0.0,0,540905,0.0
33,San Luis,2020,9.3571,0.0,33.4286,0.0,0,540905,0.0
34,San Luis,2020,9.5857,0.0,34.6548,0.0,0,540905,0.0
35,San Luis,2020,12.9357,0.15,48.4286,0.0,0,540905,0.0
36,San Luis,2020,10.6786,0.0,56.6429,0.0,0,540905,0.0
37,San Luis,2020,15.6214,0.0,42.5,0.0,0,540905,0.0
38,San Luis,2020,15.5571,0.0,29.8571,0.0,0,540905,0.0
39,San Luis,2020,18.1643,6.95,47.2143,0.5,0,540905,0.0
40,San Luis,2020,15.55,0.0,41.7143,0.0,0,540905,0.0
41,San Luis,2020,18.1571,0.0,34.2143,0.0,0,540905,0.0
42,San Luis,2020,25.1643,0.0,35.3571,0.0,0,540905,0.0
43,San Luis,2020,18.0571,10.2,68.4286,1.0,0,540905,0.0
44,San Luis,2020,19.6714,0.0,38.3571,0.0,0,540905,0.0
45,San Luis,2020,24.2429,0.35,38.5714,0.0,0,540905,0.0
46,San Luis,2020,20.6714,100.0,66.5,4.0,0,540905,0.0
47,San Luis,2020,21.6,16.5,54.2143,1.0,0,540905,0.0
48,San Luis,2020,23.6857,16.65,52.2857,1.5,0,540905,0.0
49,San Luis,2020,21.2643,14.0,47.6429,1.0,0,540905,0.0
50,San Luis,2020,25.6286,5.5,38.2857,1.0,0,540905,0.0
51,San Luis,2020,22.6214,22.0,42.5714,1.5,0,540905,0.0
52,San Luis,2020,26.9571,33.85,44.1429,1.0,0,540905,0.0
53,San Luis,2020,23.3286,37.75,60.7143,1.5,0,540905,0.0
1,San Luis,2021,20.8643,44.25,68.7143,3.5,0,540905,0.0
2,San Luis,2021,21.8571,32.75,61.9286,1.5,0,540905,0.0
3,San Luis,2021,25.8929,0.0,48.6429,0.0,0,540905,0.0
4,San Luis,2021,22.2714,76.25,70.8571,4.0,0,540905,0.0
5,San Luis,2021,20.4286,4.55,67.0,1.0,0,540905,0.0
6,San Luis,2021,19.7429,17.85,76.7857,2.0,0,540905,0.0
7,San Luis,2021,20.95,24.0,68.8571,2.0,0,540905,0.0
8,San Luis,2021,23.8357,25.85,64.3571,1.5,0,540905,0.0
9,San Luis,2021,24.25,1.15,69.4286,0.5,0,540905,0.0
10,San Luis,2021,22.4357,37.5,69.3571,3.0,2,540905,0.3698
11,San Luis,2021,16.6786,45.85,77.8571,3.5,0,540905,0.0
12,San Luis,2021,16.8286,12.35,71.3571,1.0,0,540905,0.0
13,San Luis,2021,18.5429,0.0,67.0714,0.0,0,540905,0.0
14,San Luis,2021,18.9,10.0,78.5714,2.0,2,540905,0.3698
15,San Luis,2021,18.9929,0.0,67.9286,0.0,0,540905,0.0
16,San Luis,2021,17.3929,24.0,73.7143,2.5,1,540905,0.1849
17,San Luis,2021,15.9214,0.0,65.2857,0.0,1,540905,0.1849
18,San Luis,2021,11.3857,0.0,66.4286,0.0,1,540905,0.1849
19,San Luis,2021,11.9,0.0,65.3571,0.0,0,540905,0.0
20,San Luis,2021,12.0714,7.65,74.1429,1.5,0,540905,0.0
21,San Luis,2021,11.1286,0.0,57.0,0.0,0,540905,0.0
22,San Luis,2021,12.55,0.0,61.6429,0.0,0,540905,0.0
23,San Luis,2021,11.2857,0.0,70.0714,0.0,0,540905,0.0
24,San Luis,2021,4.6286,15.8,81.5,2.0,0,540905,0.0
25,San Luis,2021,7.4,2.4,71.3571,0.5,0,540905,0.0
26,San Luis,2021,6.4357,0.0,52.7143,0.0,0,540905,0.0
27,San Luis,2021,11.9,1.25,62.7857,0.5,0,540905,0.0
28,San Luis,2021,8.7929,0.5,50.6429,0.0,0,540905,0.0
29,San Luis,2021,9.7143,0.0,52.5,0.0,0,540905,0.0
30,San Luis,2021,6.5429,0.0,47.8571,0.0,0,540905,0.0
1,San Luis,2022,26.3429,1.0,45.4286,0.5,0,540905,0.0
2,San Luis,2022,30.9714,0.05,35.1429,0.0,0,540905,0.0
3,San Luis,2022,21.4071,95.5,76.7857,2.0,0,540905,0.0
4,San Luis,2022,24.1286,24.6,65.6429,2.0,0,540905,0.0
5,San Luis,2022,21.4857,20.15,65.1429,1.5,0,540905,0.0
6,San Luis,2022,21.1429,17.5,59.7143,1.5,0,540905,0.0
7,San Luis,2022,23.5786,9.25,57.2857,0.5,0,540905,0.0
8,San Luis,2022,21.1643,12.1,75.3571,2.0,1,540905,0.1849
9,San Luis,2022,22.7286,15.0,65.5,2.5,0,540905,0.0
10,San Luis,2022,20.0357,1.75,62.9286,0.5,0,540905,0.0
11,San Luis,2022,20.2786,4.0,54.7857,1.0,0,540905,0.0
12,San Luis,2022,17.7,5.5,56.7143,1.0,0,540905,0.0
13,San Luis,2022,15.8286,0.0,44.7143,0.0,0,540905,0.0
14,San Luis,2022,20.3786,7.0,60.1429,0.5,0,540905,0.0
15,San Luis,2022,15.2786,0.0,58.3571,0.0,0,540905,0.0
16,San Luis,2022,16.7143,2.0,62.0714,0.5,0,540905,0.0
17,San Luis,2022,14.2714,0.0,50.5,0.0,0,540905,0.0
18,San Luis,2022,14.4286,0.0,54.1429,0.0,0,540905,0.0
19,San Luis,2022,14.1071,2.05,66.0,0.5,0,540905,0.0
20,San Luis,2022,8.9,0.0,53.2143,0.0,0,540905,0.0
21,San Luis,2022,9.4929,0.0,68.5,0.0,0,540905,0.0
22,San Luis,2022,7.3429,0.0,56.2143,0.0,0,540905,0.0
23,San Luis,2022,9.5143,0.0,59.3571,0.0,0,540905,0.0
24,San Luis,2022,8.6643,0.0,49.3571,0.0,0,540905,0.0
25,San Luis,2022,5.8143,0.7,70.9286,0.0,0,540905,0.0
26,San Luis,2022,10.2071,0.0,52.2143,0.0,0,540905,0.0
27,San Luis,2022,9.2214,0.0,47.0,0.0,0,540905,0.0
28,San Luis,2022,5.7143,2.2,64.5714,1.0,0,540905,0.0
29,San Luis,2022,11.1643,0.45,62.2143,0.0,0,540905,0.0
30,San Luis,2022,11.0429,4.0,72.3571,1.0,0,540905,0.0
31,San Luis,2022,10.1,16.5,67.4286,1.0,0,540905,0.0
32,San Luis,2022,10.7571,3.0,65.3571,0.5,0,540905,0.0
33,San Luis,2022,9.9786,0.0,41.2143,0.0,0,540905,0.0
34,San Luis,2022,13.6143,0.0,41.0,0.0,0,540905,0.0
35,San Luis,2022,13.3571,0.0,31.2143,0.0,0,540905,0.0
36,San Luis,2022,14.2143,0.0,28.7143,0.0,0,540905,0.0
37,San Luis,2022,16.1143,0.6,36.9286,0.0,0,540905,0.0
38,San Luis,2022,11.4857,6.6,57.2857,2.0,0,540905,0.0
39,San Luis,2022,16.3143,4.25,55.9286,1.0,0,540905,0.0
40,San Luis,2022,16.8357,9.05,43.5714,1.5,0,540905,0.0
41,San Luis,2022,16.8571,0.0,30.1429,0.0,0,540905,0.0
42,San Luis,2022,17.1571,9.5,58.7857,2.0,0,540905,0.0
43,San Luis,2022,22.3643,4.5,40.6429,1.0,0,540905,0.0
44,San Luis,2022,20.1786,0.0,24.2143,0.0,0,540905,0.0
45,San Luis,2022,22.1643,34.35,51.8571,3.0,0,540905,0.0
46,San Luis,2022,24.4071,28.05,48.1429,2.0,0,540905,0.0
47,San Luis,2022,26.3571,0.0,36.2857,0.0,0,540905,0.0
48,San Luis,2022,25.6143,19.4,45.8571,1.5,0,540905,0.0
49,San Luis,2022,29.3857,8.0,43.7857,1.0,0,540905,0.0
50,San Luis,2022,24.7071,1.05,37.4286,0.5,0,540905,0.0
1,San Luis,2023,25.9571,6.25,44.0,1.0,0,540905,0.0
2,San Luis,2023,24.8714,31.9,52.0,2.5,0,540905,0.0
3,San Luis,2023,24.5357,18.45,64.5,1.5,0,540905,0.0
4,San Luis,2023,24.6214,49.0,68.0,3.0,0,540905,0.0
5,San Luis,2023,23.3571,39.0,69.5714,1.5,0,540905,0.0
6,San Luis,2023,27.1,21.5,53.4286,1.0,0,540905,0.0
7,San Luis,2023,18.7286,15.5,55.4286,1.0,0,540905,0.0
8,San Luis,2023,22.7214,8.0,54.4286,1.0,0,540905,0.0
9,San Luis,2023,26.1857,0.0,49.1429,0.0,1,540905,0.1849
10,San Luis,2023,24.6143,47.5,65.0714,2.0,1,540905,0.1849
11,San Luis,2023,23.85,28.5,72.6429,1.5,2,540905,0.3698
12,San Luis,2023,19.6143,57.5,86.7143,3.5,1,540905,0.1849
13,San Luis,2023,19.4714,0.0,62.7857,0.0,7,540905,1.2941
14,San Luis,2023,20.1357,11.0,72.1429,1.0,7,540905,1.2941
15,San Luis,2023,15.2,10.7,81.5714,1.5,15,540905,2.7731
16,San Luis,2023,14.8786,10.25,63.2143,0.5,9,540905,1.6639
17,San Luis,2023,18.0643,0.0,64.3571,0.0,7,540905,1.2941
18,San Luis,2023,12.9786,0.0,55.8571,0.0,3,540905,0.5546
19,San Luis,2023,16.0714,0.0,63.2857,0.0,0,540905,0.0
20,San Luis,2023,15.7071,2.1,69.9286,1.0,1,540905,0.1849
21,San Luis,2023,13.5714,0.4,76.5,0.0,1,540905,0.1849
22,San Luis,2023,13.0143,0.0,70.0,0.0,2,540905,0.3698
23,San Luis,2023,12.1929,0.0,64.6429,0.0,0,540905,0.0
24,San Luis,2023,5.45,0.0,58.4286,0.0,0,540905,0.0
25,San Luis,2023,9.8071,2.75,79.2143,1.0,0,540905,0.0
26,San Luis,2023,11.3714,0.0,59.0,0.0,0,540905,0.0
27,San Luis,2023,12.2786,1.0,74.5,0.5,0,540905,0.0
28,San Luis,2023,5.9429,11.7,82.9286,2.5,0,540905,0.0
29,San Luis,2023,9.8929,0.0,57.7143,0.0,0,540905,0.0
30,San Luis,2023,11.0,0.0,54.2857,0.0,0,540905,0.0
31,San Luis,2023,14.0857,0.0,56.0714,0.0,0,540905,0.0
32,San Luis,2023,11.1071,0.0,41.5,0.0,0,540905,0.0
33,San Luis,2023,13.0429,0.25,55.4286,0.0,0,540905,0.0
34,San Luis,2023,10.4429,0.7,67.1429,0.0,0,540905,0.0
35,San Luis,2023,13.9214,0.0,43.8571,0.0,0,540905,0.0
36,San Luis,2023,12.9357,0.75,58.1429,0.0,0,540905,0.0
37,San Luis,2023,15.3929,0.0,36.3571,0.0,0,540905,0.0
38,San Luis,2023,15.9357,0.0,57.3571,0.0,0,540905,0.0
39,San Luis,2023,15.5714,0.0,39.5714,0.0,0,540905,0.0
40,San Luis,2023,17.1,2.55,41.0,0.5,0,540905,0.0
41,San Luis,2023,19.0143,0.0,31.2857,0.0,0,540905,0.0
42,San Luis,2023,19.3786,48.25,50.5,2.0,0,540905,0.0
43,San Luis,2023,18.45,12.85,65.2857,2.0,0,540905,0.0
44,San Luis,2023,14.8143,16.85,55.7857,1.5,2,540905,0.3698
45,San Luis,2023,22.4143,8.5,36.5714,1.0,0,540905,0.0
46,San Luis,2023,20.6214,14.75,38.4286,1.0,0,540905,0.0
47,San Luis,2023,24.7214,1.05,40.5,0.0,0,540905,0.0
48,San Luis,2023,23.0286,10.35,55.9286,1.5,0,540905,0.0
49,San Luis,2023,22.7,17.95,50.7857,1.5,1,540905,0.1849
50,San Luis,2023,26.6143,18.55,56.9286,2.5,1,540905,0.1849
51,San Luis,2023,20.1143,41.15,73.9286,3.5,2,540905,0.3698
52,San Luis,2023,25.4643,1.0,49.3571,0.0,2,540905,0.3698
1,San Luis,2024,24.7429,72.5,64.2857,2.5,4,540905,0.7395
2,San Luis,2024,23.0214,97.8,73.8571,4.0,3,540905,0.5546
3,San Luis,2024,23.7929,6.25,59.6429,0.5,6,540905,1.1093
4,San Luis,2024,26.8929,0.0,44.9286,0.0,7,540905,1.2941
5,San Luis,2024,28.0643,22.0,50.6429,2.0,7,540905,1.2941
6,San Luis,2024,26.4286,56.8,68.7143,2.5,5,540905,0.9244
7,San Luis,2024,22.8857,2.5,66.8571,0.5,17,540905,3.1429
8,San Luis,2024,22.9357,2.25,67.2143,0.5,56,540905,10.353
9,San Luis,2024,23.6929,20.65,71.0714,1.0,105,540905,19.4119
10,San Luis,2024,23.0643,8.0,70.8571,1.0,167,540905,30.8742
11,San Luis,2024,23.2286,6.9,79.0714,2.0,253,540905,46.7735
12,San Luis,2024,21.9429,2.0,61.2143,0.5,384,540905,70.9921
13,San Luis,2024,23.0143,3.75,62.3571,1.0,476,540905,88.0007
14,San Luis,2024,19.9214,0.0,60.7143,0.0,783,540905,144.7574
15,San Luis,2024,14.0286,33.2,82.9286,4.0,633,540905,117.0261
16,San Luis,2024,16.7286,8.25,71.1429,1.0,438,540905,80.9754
17,San Luis,2024,14.9643,0.1,72.3571,0.0,262,540905,48.4373
18,San Luis,2024,12.7857,0.0,66.0,0.0,146,540905,26.9918
19,San Luis,2024,10.2429,21.5,68.5714,1.0,87,540905,16.0842
20,San Luis,2024,7.3714,0.0,65.5,0.0,31,540905,5.7311
21,San Luis,2024,6.9571,2.95,78.4286,1.0,5,540905,0.9244
22,San Luis,2024,8.4714,0.0,64.7857,0.0,3,540905,0.5546
23,San Luis,2024,11.95,0.0,66.6429,0.0,1,540905,0.1849
24,San Luis,2024,14.0429,0.0,63.6429,0.0,1,540905,0.1849
25,San Luis,2024,11.3071,0.4,71.5714,0.0,0,540905,0.0
26,San Luis,2024,7.2714,0.5,54.2857,0.0,0,540905,0.0
27,San Luis,2024,6.6214,0.0,49.4286,0.0,0,540905,0.0
28,San Luis,2024,3.8929,0.0,57.0,0.0,0,540905,0.0
29,San Luis,2024,8.0143,0.5,62.3571,0.0,0,540905,0.0
30,San Luis,2024,10.2714,0.0,54.3571,0.0,0,540905,0.0
31,San Luis,2024,11.8214,4.0,53.9286,1.0,0,540905,0.0
32,San Luis,2024,8.2214,1.75,52.4286,0.5,0,540905,0.0
33,San Luis,2024,9.9857,0.5,55.7857,0.0,0,540905,0.0
34,San Luis,2024,5.6,6.4,79.1429,1.5,0,540905,0.0
35,San Luis,2024,11.7143,8.35,57.1429,1.0,0,540905,0.0
36,San Luis,2024,14.5643,0.0,38.0714,0.0,0,540905,0.0
37,San Luis,2024,16.05,0.0,39.3571,0.0,0,540905,0.0
38,San Luis,2024,20.5,0.0,31.0714,0.0,0,540905,0.0
39,San Luis,2024,17.75,0.0,35.5,0.0,0,540905,0.0
40,San Luis,2024,19.9571,7.5,29.9286,1.0,0,540905,0.0
41,San Luis,2024,16.7,30.9,74.0,4.0,0,540905,0.0
42,San Luis,2024,21.8643,11.0,64.5,1.0,0,540905,0.0
43,San Luis,2024,17.5929,50.35,62.4286,1.5,0,540905,0.0
44,San Luis,2024,24.6,4.1,43.5,0.5,0,540905,0.0
45,San Luis,2024,22.25,0.0,52.0,0.0,0,540905,0.0
46,San Luis,2024,22.0143,4.5,40.5714,0.5,0,540905,0.0
47,San Luis,2024,23.3,29.1,58.5714,1.5,0,540905,0.0
48,San Luis,2024,21.0357,38.65,69.9286,2.5,0,540905,0.0
49,San Luis,2024,21.0143,1.5,43.2857,0.5,0,540905,0.0
50,San Luis,2024,24.5929,13.5,43.5714,0.5,0,540905,0.0
51,San Luis,2024,23.9643,32.05,52.5,1.5,0,540905,0.0
52,San Luis,2024,26.3714,14.85,42.0,1.0,0,540905,0.0
1,San Luis,2025,26.8214,33.85,52.7143,2.0,0,540905,0.0
2,San Luis,2025,26.6214,20.5,55.3571,2.0,0,540905,0.0
3,San Luis,2025,26.9286,20.5,53.0714,2.5,0,540905,0.0
4,San Luis,2025,26.2857,3.4,55.5714,0.5,0,540905,0.0
5,San Luis,2025,28.2357,5.7,52.0,0.5,0,540905,0.0
6,San Luis,2025,28.1786,36.75,57.8095,1.5,1,540905,0.1849
7,San Luis,2025,25.7786,40.0,59.9286,3.5,0,540905,0.0
8,San Luis,2025,27.9,1.4,50.6429,0.5,2,540905,0.3698
9,San Luis,2025,24.05,68.85,78.8571,2.5,6,540905,1.1093
10,San Luis,2025,23.2357,46.65,71.0,2.5,8,540905,1.479
11,San Luis,2025,17.8429,2.15,76.5,0.5,6,540905,1.1093
12,San Luis,2025,21.7786,25.5,66.9286,2.0,5,540905,0.9244
13,San Luis,2025,17.5,28.1,87.7857,2.5,5,540905,0.9244
14,San Luis,2025,13.1,1.0,61.8571,0.5,7,540905,1.2941
15,San Luis,2025,15.5571,12.0,72.5,1.0,4,540905,0.7395
16,San Luis,2025,16.1714,1.0,76.5714,0.0,4,540905,0.7395
17,San Luis,2025,15.9643,7.0,69.6429,0.5,0,540905,0.0
18,San Luis,2025,16.9214,0.0,66.5714,0.0,2,540905,0.3698
19,San Luis,2025,16.0214,0.5,75.2857,0.0,5,540905,0.9244
20,San Luis,2025,17.4,0.0,66.8571,0.0,1,540905,0.1849
21,San Luis,2025,12.8214,0.0,66.1429,0.0,1,540905,0.1849
22,San Luis,2025,8.2214,7.5,62.8571,1.0,2,540905,0.3698
23,San Luis,2025,10.6429,8.4,69.2857,1.5,0,540905,0.0
24,San Luis,2025,10.3143,0.0,65.0,0.0,0,540905,0.0
25,San Luis,2025,8.6929,0.5,58.8571,0.0,0,540905,0.0
26,San Luis,2025,5.2857,0.0,48.0714,0.0,0,540905,0.0
27,San Luis,2025,5.2571,0.0,61.3571,0.0,0,540905,0.0
28,San Luis,2025,10.0071,13.35,81.3571,1.0,0,540905,0.0
29,San Luis,2025,10.8643,3.0,57.0714,0.5,0,540905,0.0
30,San Luis,2025,7.9929,3.5,80.1429,1.0,0,540905,0.0
31,San Luis,2025,10.3357,0.0,72.8571,0.0,0,540905,0.0
32,San Luis,2025,9.4929,0.0,51.7857,0.0,0,540905,0.0
33,San Luis,2025,11.5929,1.0,58.9286,0.5,0,540905,0.0
34,San Luis,2025,10.8071,0.1,53.9286,0.0,0,540905,0.0
35,San Luis,2025,13.9571,50.5,52.0,2.0,0,540905,0.0
36,San Luis,2025,10.1714,0.0,57.0,0.0,0,540905,0.0
37,San Luis,2025,17.1071,0.0,42.6429,0.0,0,540905,0.0
38,San Luis,2025,18.9,2.25,67.6429,0.5,0,540905,0.0
39,San Luis,2025,16.3786,35.05,49.5,1.0,0,540905,0.0
40,San Luis,2025,19.2071,0.0,48.5714,0.0,0,540905,0.0
41,San Luis,2025,17.65,0.0,35.6429,0.0,0,540905,0.0
42,San Luis,2025,20.25,9.25,45.8571,1.0,0,540905,0.0
1,Santa Cruz,2018,13.7865,5.3,51.5992,1.0,0,333473,0.0
2,Santa Cruz,2018,18.6377,0.3667,40.3294,0.1667,0,333473,0.0
3,Santa Cruz,2018,17.3867,1.1667,43.7476,0.1667,0,333473,0.0
4,Santa Cruz,2018,16.3786,2.0,41.3286,0.1667,0,333473,0.0
5,Santa Cruz,2018,19.2824,11.5167,42.5476,1.5,0,333473,0.0
6,Santa Cruz,2018,13.6905,1.5,48.8619,0.3333,0,333473,0.0
7,Santa Cruz,2018,17.7495,1.2667,48.7619,0.3333,0,333473,0.0
8,Santa Cruz,2018,16.281,0.1667,42.8714,0.0,0,333473,0.0
9,Santa Cruz,2018,15.9464,1.8333,44.6587,0.3333,0,333473,0.0
10,Santa Cruz,2018,14.4488,2.6833,49.4127,0.3333,0,333473,0.0
11,Santa Cruz,2018,11.477,3.6833,49.0833,0.8333,0,333473,0.0
12,Santa Cruz,2018,9.8889,1.25,51.3651,0.3333,0,333473,0.0
13,Santa Cruz,2018,11.4095,0.6167,49.631,0.1667,0,333473,0.0
14,Santa Cruz,2018,9.5528,15.8,61.1746,1.1667,0,333473,0.0
15,Santa Cruz,2018,10.3397,5.3833,53.0198,0.5,0,333473,0.0
16,Santa Cruz,2018,10.6234,5.1333,59.4643,0.8333,0,333473,0.0
17,Santa Cruz,2018,6.7484,4.0333,66.5675,0.6667,0,333473,0.0
18,Santa Cruz,2018,5.5468,0.2333,64.2183,0.1667,0,333473,0.0
19,Santa Cruz,2018,8.5714,20.4667,70.2897,1.5,0,333473,0.0
20,Santa Cruz,2018,3.4956,2.6667,82.2222,0.6667,0,333473,0.0
21,Santa Cruz,2018,7.5345,2.7833,68.9603,0.5,0,333473,0.0
22,Santa Cruz,2018,1.579,0.0333,72.3095,0.0,0,333473,0.0
23,Santa Cruz,2018,1.3476,11.5833,79.1349,1.8333,0,333473,0.0
24,Santa Cruz,2018,1.8052,0.2167,77.3452,0.0,0,333473,0.0
25,Santa Cruz,2018,2.7456,2.1333,65.246,0.3333,0,333473,0.0
26,Santa Cruz,2018,2.2294,2.55,68.5238,0.6667,0,333473,0.0
27,Santa Cruz,2018,-1.3671,0.05,81.4198,0.0,0,333473,0.0
1,Santa Cruz,2019,13.7508,2.45,43.3095,0.5,0,333473,0.0
2,Santa Cruz,2019,13.4631,3.35,46.1429,0.5,0,333473,0.0
3,Santa Cruz,2019,16.998,9.8833,44.1786,1.0,0,333473,0.0
4,Santa Cruz,2019,14.7754,0.4167,40.7659,0.0,0,333473,0.0
5,Santa Cruz,2019,15.5238,1.4,45.9683,0.3333,0,333473,0.0
6,Santa Cruz,2019,17.0401,0.0667,40.9286,0.0,0,333473,0.0
7,Santa Cruz,2019,18.6444,11.9,43.5833,1.1667,0,333473,0.0
8,Santa Cruz,2019,9.821,7.5333,51.6706,1.3333,0,333473,0.0
9,Santa Cruz,2019,13.3933,4.8833,58.9722,1.8333,0,333473,0.0
10,Santa Cruz,2019,12.7825,4.6333,52.877,0.8333,0,333473,0.0
11,Santa Cruz,2019,14.0242,13.05,64.8849,1.3333,0,333473,0.0
12,Santa Cruz,2019,11.2167,4.4333,65.6548,0.6667,0,333473,0.0
13,Santa Cruz,2019,13.3917,0.5,53.5754,0.1667,0,333473,0.0
14,Santa Cruz,2019,12.1944,12.6333,55.8254,1.6667,0,333473,0.0
15,Santa Cruz,2019,9.1325,4.9333,69.7024,0.5,0,333473,0.0
16,Santa Cruz,2019,10.3857,2.6333,58.3968,0.6667,0,333473,0.0
17,Santa Cruz,2019,8.2532,5.6167,70.2262,0.8333,0,333473,0.0
18,Santa Cruz,2019,4.8587,1.2,68.7738,0.1667,0,333473,0.0
19,Santa Cruz,2019,8.2214,5.0167,66.9127,0.8333,0,333473,0.0
20,Santa Cruz,2019,7.3579,0.5167,64.2143,0.0,0,333473,0.0
21,Santa Cruz,2019,7.723,3.5,61.869,0.3333,0,333473,0.0
22,Santa Cruz,2019,1.752,10.5,82.3492,2.0,0,333473,0.0
23,Santa Cruz,2019,6.229,1.1,69.3929,0.0,0,333473,0.0
24,Santa Cruz,2019,2.9667,3.1167,78.1667,0.6667,0,333473,0.0
25,Santa Cruz,2019,4.8766,0.4,72.3294,0.1667,0,333473,0.0
26,Santa Cruz,2019,0.4881,1.2667,70.9905,0.3333,0,333473,0.0
27,Santa Cruz,2019,2.3036,3.0,78.2619,0.5,0,333473,0.0
28,Santa Cruz,2019,2.7381,4.2833,89.4881,0.8333,0,333473,0.0
29,Santa Cruz,2019,3.1881,5.2167,69.0198,0.5,0,333473,0.0
30,Santa Cruz,2019,5.648,0.35,58.0159,0.0,0,333473,0.0
31,Santa Cruz,2019,5.1631,15.95,77.6587,2.3333,0,333473,0.0
32,Santa Cruz,2019,3.6143,0.6833,63.627,0.1667,0,333473,0.0
33,Santa Cruz,2019,-0.4488,0.3333,75.1032,0.0,0,333473,0.0
34,Santa Cruz,2019,4.304,3.7333,70.4722,0.8333,0,333473,0.0
35,Santa Cruz,2019,4.8611,1.3333,57.1746,0.5,0,333473,0.0
36,Santa Cruz,2019,2.5282,1.4667,66.2302,0.3333,0,333473,0.0
37,Santa Cruz,2019,4.9702,4.1833,61.8532,0.6667,0,333473,0.0
38,Santa Cruz,2019,6.8504,4.9,55.627,0.5,0,333473,0.0
39,Santa Cruz,2019,11.0437,2.0,47.1389,0.6667,0,333473,0.0
40,Santa Cruz,2019,6.7865,1.0667,53.8611,0.3333,0,333473,0.0
41,Santa Cruz,2019,7.6873,1.0167,43.9087,0.3333,0,333473,0.0
42,Santa Cruz,2019,11.8571,1.2333,44.3254,0.3333,0,333473,0.0
43,Santa Cruz,2019,11.0147,0.05,47.4841,0.0,0,333473,0.0
44,Santa Cruz,2019,11.0004,2.85,45.6865,0.5,0,333473,0.0
45,Santa Cruz,2019,10.0405,1.5,47.2857,0.5,0,333473,0.0
46,Santa Cruz,2019,14.2738,5.7833,52.8413,0.8333,0,333473,0.0
47,Santa Cruz,2019,13.8611,8.0167,45.619,1.5,0,333473,0.0
48,Santa Cruz,2019,11.0083,4.7333,54.3373,0.5,0,333473,0.0
49,Santa Cruz,2019,14.6274,5.2167,49.377,0.8333,0,333473,0.0
50,Santa Cruz,2019,13.898,8.05,48.7381,1.8333,0,333473,0.0
51,Santa Cruz,2019,16.1849,1.25,42.8611,0.1667,0,333473,0.0
52,Santa Cruz,2019,15.6357,0.6,39.5079,0.1667,0,333473,0.0
1,Santa Cruz,2020,16.7524,6.3167,47.4603,1.1667,0,333473,0.0
2,Santa Cruz,2020,14.3413,6.25,48.254,1.0,0,333473,0.0
3,Santa Cruz,2020,16.079,8.0833,46.3651,1.0,0,333473,0.0
4,Santa Cruz,2020,16.7484,1.85,48.5635,0.3333,0,333473,0.0
5,Santa Cruz,2020,15.3679,6.2667,47.6944,0.8333,0,333473,0.0
6,Santa Cruz,2020,14.5119,4.1333,53.4325,0.6667,0,333473,0.0
7,Santa Cruz,2020,15.256,5.85,48.8929,1.0,0,333473,0.0
8,Santa Cruz,2020,14.8726,0.8833,43.9841,0.3333,0,333473,0.0
9,Santa Cruz,2020,16.7821,0.2833,46.9405,0.0,0,333473,0.0
10,Santa Cruz,2020,16.5266,0.2833,52.2302,0.0,0,333473,0.0
11,Santa Cruz,2020,13.9897,3.1333,60.4881,0.5,1,333473,0.2999
12,Santa Cruz,2020,15.0643,1.15,49.869,0.3333,0,333473,0.0
13,Santa Cruz,2020,12.7448,4.7167,60.3532,1.0,1,333473,0.2999
14,Santa Cruz,2020,10.8861,0.4833,56.0952,0.1667,1,333473,0.2999
15,Santa Cruz,2020,12.8778,1.05,51.6746,0.3333,0,333473,0.0
16,Santa Cruz,2020,11.4893,0.1333,57.3889,0.0,1,333473,0.2999
17,Santa Cruz,2020,7.575,1.5667,66.1349,0.1667,1,333473,0.2999
18,Santa Cruz,2020,7.5583,3.9,76.5754,0.8333,0,333473,0.0
19,Santa Cruz,2020,6.844,4.7333,80.1032,1.0,0,333473,0.0
20,Santa Cruz,2020,6.3286,8.8667,70.2937,1.5,0,333473,0.0
21,Santa Cruz,2020,7.1829,6.7333,68.881,1.0,0,333473,0.0
22,Santa Cruz,2020,4.8131,1.05,72.0437,0.1667,1,333473,0.2999
23,Santa Cruz,2020,7.5794,0.9,59.0317,0.1667,0,333473,0.0
24,Santa Cruz,2020,2.5865,6.9,70.369,1.1667,0,333473,0.0
25,Santa Cruz,2020,2.6119,0.6,79.7897,0.0,0,333473,0.0
26,Santa Cruz,2020,-1.2996,13.15,85.6171,2.5,0,333473,0.0
27,Santa Cruz,2020,-1.7825,11.3333,89.5286,2.0,0,333473,0.0
28,Santa Cruz,2020,-0.6806,0.4167,77.3254,0.1667,0,333473,0.0
29,Santa Cruz,2020,-0.6775,26.2,85.5619,2.5,0,333473,0.0
30,Santa Cruz,2020,-1.4992,4.4333,84.6754,1.0,0,333473,0.0
31,Santa Cruz,2020,1.4587,0.15,76.3889,0.0,0,333473,0.0
32,Santa Cruz,2020,4.1579,0.7167,65.6071,0.3333,0,333473,0.0
33,Santa Cruz,2020,2.8163,1.7333,67.7302,0.3333,0,333473,0.0
34,Santa Cruz,2020,5.7397,4.15,61.2341,1.0,0,333473,0.0
35,Santa Cruz,2020,2.5155,0.65,67.2024,0.1667,0,333473,0.0
36,Santa Cruz,2020,4.9508,0.8167,64.3095,0.1667,0,333473,0.0
37,Santa Cruz,2020,7.4897,1.1667,53.9841,0.1667,0,333473,0.0
38,Santa Cruz,2020,6.871,0.1,51.373,0.0,0,333473,0.0
39,Santa Cruz,2020,10.8032,0.3333,43.4246,0.1667,0,333473,0.0
40,Santa Cruz,2020,5.519,1.6,53.0675,0.3333,0,333473,0.0
41,Santa Cruz,2020,10.6718,0.0833,45.7579,0.0,0,333473,0.0
42,Santa Cruz,2020,12.9262,1.6667,45.0595,0.5,0,333473,0.0
43,Santa Cruz,2020,10.3857,3.3167,54.1032,0.8333,0,333473,0.0
44,Santa Cruz,2020,13.1079,0.5,41.6865,0.1667,0,333473,0.0
45,Santa Cruz,2020,13.3131,14.75,56.631,1.3333,0,333473,0.0
46,Santa Cruz,2020,14.5107,0.6833,48.1429,0.1667,0,333473,0.0
47,Santa Cruz,2020,18.0484,0.1167,41.7063,0.0,0,333473,0.0
48,Santa Cruz,2020,12.7944,0.4667,41.0675,0.1667,0,333473,0.0
49,Santa Cruz,2020,14.7175,0.4167,41.5794,0.1667,0,333473,0.0
50,Santa Cruz,2020,14.5329,8.7167,51.7897,1.1667,0,333473,0.0
51,Santa Cruz,2020,13.8548,2.5333,45.7897,0.6667,0,333473,0.0
52,Santa Cruz,2020,17.4369,0.0,36.3016,0.0,0,333473,0.0
53,Santa Cruz,2020,16.0476,3.7833,49.5357,0.8333,0,333473,0.0
1,Santa Cruz,2021,15.4083,2.7833,44.0079,0.6667,0,333473,0.0
2,Santa Cruz,2021,15.3,3.65,50.3532,0.5,0,333473,0.0
3,Santa Cruz,2021,17.7143,2.7833,46.1349,0.5,0,333473,0.0
4,Santa Cruz,2021,13.1167,0.8,44.6746,0.1667,0,333473,0.0
5,Santa Cruz,2021,18.6175,1.45,46.3452,0.3333,0,333473,0.0
6,Santa Cruz,2021,18.5266,0.0167,45.881,0.0,0,333473,0.0
7,Santa Cruz,2021,14.8369,8.5167,48.5437,0.8333,0,333473,0.0
8,Santa Cruz,2021,17.744,1.6333,50.3254,0.3333,0,333473,0.0
9,Santa Cruz,2021,14.1976,4.9,55.8373,0.6667,0,333473,0.0
10,Santa Cruz,2021,15.6119,0.1833,43.1508,0.0,0,333473,0.0
11,Santa Cruz,2021,13.0254,1.1,44.7103,0.3333,0,333473,0.0
12,Santa Cruz,2021,13.2194,0.3167,48.7103,0.0,0,333473,0.0
13,Santa Cruz,2021,11.4675,5.3167,68.0198,1.1667,0,333473,0.0
14,Santa Cruz,2021,10.5036,3.0333,62.5595,0.1667,0,333473,0.0
15,Santa Cruz,2021,12.4579,0.5667,50.5913,0.1667,0,333473,0.0
16,Santa Cruz,2021,9.0135,6.7833,66.1667,0.8333,0,333473,0.0
17,Santa Cruz,2021,10.2821,5.65,63.1111,1.1667,0,333473,0.0
18,Santa Cruz,2021,5.0893,0.9667,70.3968,0.1667,0,333473,0.0
19,Santa Cruz,2021,7.8337,3.7667,67.746,1.0,1,333473,0.2999
20,Santa Cruz,2021,7.0111,6.0667,87.6468,1.0,0,333473,0.0
21,Santa Cruz,2021,2.3758,7.3667,70.4841,0.8333,0,333473,0.0
22,Santa Cruz,2021,1.4921,11.1833,84.0595,1.6667,0,333473,0.0
23,Santa Cruz,2021,5.8444,2.9,68.4921,0.5,0,333473,0.0
24,Santa Cruz,2021,0.8631,0.0833,75.8056,0.0,0,333473,0.0
25,Santa Cruz,2021,2.9619,2.6667,71.1587,0.8333,0,333473,0.0
26,Santa Cruz,2021,5.7048,5.6,63.7817,0.5,0,333473,0.0
27,Santa Cruz,2021,5.4417,3.3167,64.627,0.5,0,333473,0.0
28,Santa Cruz,2021,3.5099,2.9333,71.1468,0.8333,0,333473,0.0
29,Santa Cruz,2021,5.3633,1.05,62.2095,0.3333,0,333473,0.0
30,Santa Cruz,2021,5.4929,1.7833,62.6865,0.5,0,333473,0.0
1,Santa Cruz,2022,16.0516,1.9167,43.6944,0.3333,0,333473,0.0
2,Santa Cruz,2022,14.5877,6.15,44.4841,1.0,0,333473,0.0
3,Santa Cruz,2022,15.5556,7.3167,52.0675,1.0,0,333473,0.0
4,Santa Cruz,2022,16.2536,2.3,43.8135,0.5,0,333473,0.0
5,Santa Cruz,2022,15.6349,0.4833,48.5635,0.0,0,333473,0.0
6,Santa Cruz,2022,17.0071,0.0667,38.2381,0.0,0,333473,0.0
7,Santa Cruz,2022,14.4675,11.5167,53.9286,1.5,0,333473,0.0
8,Santa Cruz,2022,15.4595,3.9333,51.5556,0.8333,0,333473,0.0
9,Santa Cruz,2022,12.3579,1.7333,50.7619,0.5,0,333473,0.0
10,Santa Cruz,2022,12.2389,8.4833,60.4563,1.1667,0,333473,0.0
11,Santa Cruz,2022,11.9024,2.55,52.4603,0.6667,0,333473,0.0
12,Santa Cruz,2022,12.2389,5.1333,56.4722,0.8333,0,333473,0.0
13,Santa Cruz,2022,9.6587,7.3333,58.3373,1.3333,0,333473,0.0
14,Santa Cruz,2022,7.0012,12.65,74.2024,1.0,0,333473,0.0
15,Santa Cruz,2022,11.3706,0.8667,59.2778,0.3333,0,333473,0.0
16,Santa Cruz,2022,7.7921,10.2667,68.6746,1.6667,0,333473,0.0
17,Santa Cruz,2022,3.494,7.5667,75.3452,1.0,0,333473,0.0
18,Santa Cruz,2022,9.5492,4.7333,58.9087,1.0,0,333473,0.0
19,Santa Cruz,2022,5.7004,3.25,74.5079,0.5,0,333473,0.0
20,Santa Cruz,2022,4.1496,0.7,76.5317,0.1667,0,333473,0.0
21,Santa Cruz,2022,3.0817,2.75,63.8452,0.6667,0,333473,0.0
22,Santa Cruz,2022,2.0897,0.5,74.119,0.1667,0,333473,0.0
23,Santa Cruz,2022,5.1377,1.0833,58.4087,0.3333,0,333473,0.0
24,Santa Cruz,2022,3.1952,2.0333,72.246,0.3333,0,333473,0.0
25,Santa Cruz,2022,0.0794,2.0333,75.3952,0.6667,0,333473,0.0
26,Santa Cruz,2022,1.7552,2.55,71.7024,0.5,0,333473,0.0
27,Santa Cruz,2022,-0.4778,1.3833,79.7143,0.5,0,333473,0.0
28,Santa Cruz,2022,-1.6429,2.9,84.0635,0.8333,0,333473,0.0
29,Santa Cruz,2022,0.8352,0.7167,68.7286,0.3333,0,333473,0.0
30,Santa Cruz,2022,2.7429,1.55,63.0476,0.1667,0,333473,0.0
31,Santa Cruz,2022,2.6825,6.9667,78.5714,1.1667,0,333473,0.0
32,Santa Cruz,2022,4.1571,1.35,68.4167,0.1667,0,333473,0.0
33,Santa Cruz,2022,4.8881,1.95,62.5079,0.5,0,333473,0.0
34,Santa Cruz,2022,5.5095,2.2833,56.7937,0.5,0,333473,0.0
35,Santa Cruz,2022,8.7214,0.9333,51.754,0.1667,0,333473,0.0
36,Santa Cruz,2022,6.3881,1.4333,55.9286,0.3333,0,333473,0.0
37,Santa Cruz,2022,5.6317,1.5,60.6627,0.5,0,333473,0.0
38,Santa Cruz,2022,6.9099,2.5,57.0992,0.6667,0,333473,0.0
39,Santa Cruz,2022,9.9032,0.5,47.3413,0.1667,0,333473,0.0
40,Santa Cruz,2022,9.5794,1.4167,49.6548,0.5,0,333473,0.0
41,Santa Cruz,2022,10.0742,1.2833,46.5873,0.1667,0,333473,0.0
42,Santa Cruz,2022,12.7532,0.0,37.8095,0.0,0,333473,0.0
43,Santa Cruz,2022,10.1508,1.4333,45.3492,0.5,0,333473,0.0
44,Santa Cruz,2022,15.9421,0.0,44.131,0.0,0,333473,0.0
45,Santa Cruz,2022,13.294,4.6667,56.5833,1.1667,0,333473,0.0
46,Santa Cruz,2022,14.9536,0.2667,38.8968,0.1667,0,333473,0.0
47,Santa Cruz,2022,15.1175,0.05,40.1944,0.0,0,333473,0.0
48,Santa Cruz,2022,15.1905,0.7333,38.8452,0.1667,0,333473,0.0
49,Santa Cruz,2022,12.6817,9.5167,53.5079,2.1667,0,333473,0.0
50,Santa Cruz,2022,15.8317,0.0,40.8929,0.0,0,333473,0.0
1,Santa Cruz,2023,19.631,0.2333,40.8429,0.0,0,333473,0.0
2,Santa Cruz,2023,15.7586,11.45,47.7857,1.0,0,333473,0.0
3,Santa Cruz,2023,18.8083,1.55,48.2381,0.3333,0,333473,0.0
4,Santa Cruz,2023,17.2254,1.0333,38.1032,0.3333,0,333473,0.0
5,Santa Cruz,2023,18.4675,0.5167,41.4921,0.1667,0,333473,0.0
6,Santa Cruz,2023,17.2639,2.45,43.5357,0.5,0,333473,0.0
7,Santa Cruz,2023,10.8901,4.8167,49.3611,1.1667,0,333473,0.0
8,Santa Cruz,2023,15.327,0.2667,41.2579,0.1667,0,333473,0.0
9,Santa Cruz,2023,13.5472,2.0,48.3492,0.5,1,333473,0.2999
10,Santa Cruz,2023,13.8262,0.5,48.4048,0.1667,1,333473,0.2999
11,Santa Cruz,2023,11.5127,0.0,47.6151,0.0,0,333473,0.0
12,Santa Cruz,2023,12.3524,0.55,47.3373,0.1667,3,333473,0.8996
13,Santa Cruz,2023,8.0893,1.6167,57.2222,0.3333,1,333473,0.2999
14,Santa Cruz,2023,11.2944,1.9,49.6548,0.5,6,333473,1.7992
15,Santa Cruz,2023,5.3147,1.0333,60.5119,0.1667,4,333473,1.1995
16,Santa Cruz,2023,11.096,2.9167,54.9087,0.8333,1,333473,0.2999
17,Santa Cruz,2023,8.5044,10.9167,62.627,1.3333,1,333473,0.2999
18,Santa Cruz,2023,9.9516,0.4167,56.2341,0.1667,0,333473,0.0
19,Santa Cruz,2023,7.4385,2.35,65.7222,0.6667,0,333473,0.0
20,Santa Cruz,2023,7.7151,3.4333,58.3571,0.5,1,333473,0.2999
21,Santa Cruz,2023,3.7389,0.8333,61.4246,0.3333,0,333473,0.0
22,Santa Cruz,2023,7.7857,0.5,61.377,0.1667,1,333473,0.2999
23,Santa Cruz,2023,4.2889,13.4333,67.9167,2.1667,1,333473,0.2999
24,Santa Cruz,2023,3.1659,0.6667,64.4286,0.1667,0,333473,0.0
25,Santa Cruz,2023,2.5595,5.75,78.2524,1.3333,0,333473,0.0
26,Santa Cruz,2023,2.5238,5.4667,83.873,0.6667,1,333473,0.2999
27,Santa Cruz,2023,0.8917,1.9833,76.4603,0.3333,0,333473,0.0
28,Santa Cruz,2023,-1.6151,0.9333,83.1619,0.1667,0,333473,0.0
29,Santa Cruz,2023,-0.5206,10.1333,80.1357,1.6667,0,333473,0.0
30,Santa Cruz,2023,-0.2516,3.2167,80.0476,1.0,0,333473,0.0
31,Santa Cruz,2023,4.3294,3.2333,62.8651,0.6667,0,333473,0.0
32,Santa Cruz,2023,3.6238,3.2333,72.0794,0.8333,2,333473,0.5997
33,Santa Cruz,2023,1.3933,14.5667,83.6944,2.3333,0,333473,0.0
34,Santa Cruz,2023,4.1714,1.3833,66.8214,0.1667,1,333473,0.2999
35,Santa Cruz,2023,4.6698,1.5333,62.7698,0.5,0,333473,0.0
36,Santa Cruz,2023,3.5833,10.1833,80.0238,1.6667,0,333473,0.0
37,Santa Cruz,2023,4.8048,9.1833,66.5873,1.6667,1,333473,0.2999
38,Santa Cruz,2023,3.9948,1.3,64.1667,0.1667,0,333473,0.0
39,Santa Cruz,2023,7.9433,1.2833,55.1825,0.5,0,333473,0.0
40,Santa Cruz,2023,8.8433,1.8333,51.1667,0.1667,1,333473,0.2999
41,Santa Cruz,2023,8.9698,0.0,50.3294,0.0,0,333473,0.0
42,Santa Cruz,2023,11.7893,0.0167,45.1865,0.0,0,333473,0.0
43,Santa Cruz,2023,10.6012,2.0833,50.3968,0.5,0,333473,0.0
44,Santa Cruz,2023,9.8591,0.45,48.3175,0.1667,1,333473,0.2999
45,Santa Cruz,2023,11.4433,4.5,47.627,0.6667,0,333473,0.0
46,Santa Cruz,2023,8.6246,4.2167,53.1905,0.8333,7,333473,2.0991
47,Santa Cruz,2023,12.9056,2.45,46.3571,0.5,7,333473,2.0991
48,Santa Cruz,2023,11.5357,0.8,45.3294,0.3333,4,333473,1.1995
49,Santa Cruz,2023,15.5008,9.5833,50.2183,1.1667,1,333473,0.2999
50,Santa Cruz,2023,13.3254,0.15,46.877,0.0,6,333473,1.7992
51,Santa Cruz,2023,16.4329,0.75,44.4206,0.1667,13,333473,3.8984
52,Santa Cruz,2023,16.252,0.2167,41.9206,0.0,5,333473,1.4994
1,Santa Cruz,2024,17.669,2.25,46.0635,0.3333,16,333473,4.798
2,Santa Cruz,2024,14.2476,4.7167,48.623,0.6667,14,333473,4.1982
3,Santa Cruz,2024,16.9202,0.9,43.9405,0.1667,17,333473,5.0979
4,Santa Cruz,2024,19.2429,0.0,41.0913,0.0,9,333473,2.6989
5,Santa Cruz,2024,17.6361,3.4,47.1111,0.6667,4,333473,1.1995
6,Santa Cruz,2024,17.1913,9.55,43.9365,0.8333,9,333473,2.6989
7,Santa Cruz,2024,17.4623,3.8306,50.8929,0.5,9,333473,2.6989
8,Santa Cruz,2024,14.6512,3.3333,56.7937,0.6667,9,333473,2.6989
9,Santa Cruz,2024,14.202,4.2,58.6389,0.8333,9,333473,2.6989
10,Santa Cruz,2024,12.9548,13.0333,57.5,1.1667,11,333473,3.2986
11,Santa Cruz,2024,10.6964,3.9,55.3333,0.6667,17,333473,5.0979
12,Santa Cruz,2024,9.6417,4.9833,67.4365,1.1667,19,333473,5.6976
13,Santa Cruz,2024,12.6833,0.5333,55.0754,0.1667,22,333473,6.5972
14,Santa Cruz,2024,10.029,1.9333,55.6706,0.5,21,333473,6.2974
15,Santa Cruz,2024,7.4837,0.9667,60.0357,0.1667,13,333473,3.8984
16,Santa Cruz,2024,9.2718,5.6,59.6627,0.6667,8,333473,2.399
17,Santa Cruz,2024,6.131,0.2833,59.0238,0.0,9,333473,2.6989
18,Santa Cruz,2024,3.3504,15.8,77.4563,1.6667,5,333473,1.4994
19,Santa Cruz,2024,0.8567,11.5167,84.7262,1.8333,1,333473,0.2999
20,Santa Cruz,2024,3.1968,0.3667,77.2897,0.0,3,333473,0.8996
21,Santa Cruz,2024,1.0889,0.2,75.2429,0.0,1,333473,0.2999
22,Santa Cruz,2024,2.7643,13.2333,78.5556,1.5,0,333473,0.0
23,Santa Cruz,2024,1.9107,25.6333,91.2619,3.0,0,333473,0.0
24,Santa Cruz,2024,2.304,7.1333,85.8373,1.3333,0,333473,0.0
25,Santa Cruz,2024,-1.6119,28.96,90.8133,3.0,0,333473,0.0
26,Santa Cruz,2024,-1.5048,4.9667,87.7937,1.1667,0,333473,0.0
27,Santa Cruz,2024,-0.879,5.3,83.8452,1.1667,0,333473,0.0
28,Santa Cruz,2024,2.294,0.0167,80.8333,0.0,0,333473,0.0
29,Santa Cruz,2024,4.9218,5.3,72.4683,0.8333,0,333473,0.0
30,Santa Cruz,2024,5.8417,2.7667,63.1429,0.3333,0,333473,0.0
31,Santa Cruz,2024,4.0135,22.2667,83.1746,3.0,0,333473,0.0
32,Santa Cruz,2024,3.1778,4.9167,79.873,0.6667,0,333473,0.0
33,Santa Cruz,2024,4.0321,0.6833,72.631,0.0,0,333473,0.0
34,Santa Cruz,2024,3.104,1.4,75.627,0.1667,0,333473,0.0
35,Santa Cruz,2024,7.8048,0.8,50.2976,0.1667,0,333473,0.0
36,Santa Cruz,2024,8.2714,0.15,49.9603,0.0,0,333473,0.0
37,Santa Cruz,2024,6.6734,1.1,51.3175,0.1667,0,333473,0.0
38,Santa Cruz,2024,5.5413,3.1417,61.381,0.8611,0,333473,0.0
39,Santa Cruz,2024,6.3004,0.85,48.7619,0.1667,0,333473,0.0
40,Santa Cruz,2024,7.0087,1.0833,50.3651,0.5,0,333473,0.0
41,Santa Cruz,2024,11.5937,0.0,42.0159,0.0,0,333473,0.0
42,Santa Cruz,2024,12.3325,0.3,48.8333,0.0,0,333473,0.0
43,Santa Cruz,2024,13.1373,2.3333,42.2857,0.1667,0,333473,0.0
44,Santa Cruz,2024,14.6417,3.1167,40.996,0.3333,0,333473,0.0
45,Santa Cruz,2024,11.4401,2.8333,44.2143,0.6667,0,333473,0.0
46,Santa Cruz,2024,12.779,1.6667,44.9722,0.3333,0,333473,0.0
47,Santa Cruz,2024,14.6337,0.0,41.4762,0.0,0,333473,0.0
48,Santa Cruz,2024,13.2032,5.2833,52.3929,0.6667,0,333473,0.0
49,Santa Cruz,2024,10.9722,6.8333,51.5,0.8333,0,333473,0.0
50,Santa Cruz,2024,15.9032,0.25,44.631,0.0,0,333473,0.0
51,Santa Cruz,2024,15.5226,2.3833,40.5278,0.5,0,333473,0.0
52,Santa Cruz,2024,18.5599,0.35,43.127,0.1667,0,333473,0.0
1,Santa Cruz,2025,16.511,15.8333,61.8048,1.5,0,333473,0.0
2,Santa Cruz,2025,17.4917,2.75,47.619,0.3333,0,333473,0.0
3,Santa Cruz,2025,16.3992,0.2833,40.5119,0.0,0,333473,0.0
4,Santa Cruz,2025,16.6893,4.5833,54.4881,0.6667,0,333473,0.0
5,Santa Cruz,2025,17.554,2.4167,41.4841,0.3333,0,333473,0.0
6,Santa Cruz,2025,13.0083,12.2333,52.2302,1.5,0,333473,0.0
7,Santa Cruz,2025,13.6373,2.65,50.1389,0.8333,0,333473,0.0
8,Santa Cruz,2025,16.7643,1.8667,46.6468,0.5,0,333473,0.0
9,Santa Cruz,2025,13.3167,0.6667,50.1468,0.1667,0,333473,0.0
10,Santa Cruz,2025,12.148,9.9833,56.5437,2.0,0,333473,0.0
11,Santa Cruz,2025,13.0964,0.1667,52.4603,0.0,0,333473,0.0
12,Santa Cruz,2025,13.0321,1.0167,49.4325,0.5,1,333473,0.2999
13,Santa Cruz,2025,12.9099,9.0667,59.8254,0.8333,0,333473,0.0
14,Santa Cruz,2025,7.9921,5.3667,63.9206,1.0,0,333473,0.0
15,Santa Cruz,2025,10.7091,4.2833,63.8849,1.0,0,333473,0.0
16,Santa Cruz,2025,8.4933,1.55,74.2778,0.6667,0,333473,0.0
17,Santa Cruz,2025,8.3302,14.55,64.3254,2.0,0,333473,0.0
18,Santa Cruz,2025,7.919,1.5333,71.0437,0.1667,0,333473,0.0
19,Santa Cruz,2025,6.5567,2.4,71.8095,0.6667,0,333473,0.0
20,Santa Cruz,2025,6.2742,9.9,64.7937,1.5,0,333473,0.0
21,Santa Cruz,2025,2.8516,9.05,76.1349,1.1667,0,333473,0.0
22,Santa Cruz,2025,4.3206,3.35,76.4246,0.8333,0,333473,0.0
23,Santa Cruz,2025,5.529,0.1333,70.0397,0.0,0,333473,0.0
24,Santa Cruz,2025,5.0159,8.8167,83.5278,1.5,0,333473,0.0
25,Santa Cruz,2025,3.6274,1.3833,75.1032,0.3333,0,333473,0.0
26,Santa Cruz,2025,-0.0262,2.9333,77.2437,0.8333,0,333473,0.0
27,Santa Cruz,2025,-0.2139,0.45,83.2286,0.1667,0,333473,0.0
28,Santa Cruz,2025,5.5286,2.7833,68.3056,0.3333,0,333473,0.0
29,Santa Cruz,2025,5.6627,5.1333,67.4802,0.8333,0,333473,0.0
30,Santa Cruz,2025,-0.227,2.1833,74.1286,0.5,0,333473,0.0
31,Santa Cruz,2025,1.927,19.4833,92.25,3.0,0,333473,0.0
32,Santa Cruz,2025,2.9984,0.35,76.1071,0.1667,0,333473,0.0
33,Santa Cruz,2025,3.1468,0.5833,80.9325,0.0,0,333473,0.0
34,Santa Cruz,2025,5.4778,2.25,65.4921,0.6667,0,333473,0.0
35,Santa Cruz,2025,6.627,0.1333,64.0198,0.0,0,333473,0.0
36,Santa Cruz,2025,5.7194,0.7,58.2698,0.1667,0,333473,0.0
37,Santa Cruz,2025,8.479,1.35,61.7262,0.3333,0,333473,0.0
38,Santa Cruz,2025,6.5361,4.2667,63.4683,1.0,0,333473,0.0
39,Santa Cruz,2025,8.8687,0.1833,51.9841,0.0,0,333473,0.0
40,Santa Cruz,2025,8.531,4.8833,53.5,0.8333,0,333473,0.0
41,Santa Cruz,2025,10.9119,1.7667,43.8571,0.1667,0,333473,0.0
42,Santa Cruz,2025,11.3405,0.3667,44.2381,0.1667,0,333473,0.0
1,Santa Fe,2018,25.0762,7.6667,60.5238,0.8333,0,3556522,0.0
2,Santa Fe,2018,26.9238,25.6833,65.0714,1.5,0,3556522,0.0
3,Santa Fe,2018,25.0452,9.75,67.381,1.1667,0,3556522,0.0
4,Santa Fe,2018,25.7333,25.3833,66.1429,1.5,0,3556522,0.0
5,Santa Fe,2018,27.7214,0.0,57.5,0.0,0,3556522,0.0
6,Santa Fe,2018,26.7333,9.8167,61.7619,1.3333,0,3556522,0.0
7,Santa Fe,2018,25.2,0.0,57.5952,0.0,0,3556522,0.0
8,Santa Fe,2018,24.0381,3.45,61.0238,0.5,0,3556522,0.0
9,Santa Fe,2018,26.0286,13.15,67.1667,1.0,0,3556522,0.0
10,Santa Fe,2018,22.9762,5.2,59.8333,0.5,0,3556522,0.0
11,Santa Fe,2018,22.7048,9.1667,59.5714,0.6667,0,3556522,0.0
12,Santa Fe,2018,19.731,27.15,60.7381,0.5,0,3556522,0.0
13,Santa Fe,2018,21.8024,16.75,66.4286,0.6667,0,3556522,0.0
14,Santa Fe,2018,21.5667,55.8667,79.6667,2.8333,0,3556522,0.0
15,Santa Fe,2018,21.8262,9.4833,70.2381,0.8333,1,3556522,0.0281
16,Santa Fe,2018,24.2167,61.8333,76.3095,1.8333,0,3556522,0.0
17,Santa Fe,2018,23.481,4.6667,82.3333,0.8333,0,3556522,0.0
18,Santa Fe,2018,19.6452,52.5667,92.0952,4.8333,1,3556522,0.0281
19,Santa Fe,2018,18.1476,93.2667,86.5,3.6667,2,3556522,0.0562
20,Santa Fe,2018,14.3524,1.4667,77.4048,0.3333,0,3556522,0.0
21,Santa Fe,2018,13.031,0.0,75.5238,0.0,1,3556522,0.0281
22,Santa Fe,2018,13.9214,7.5333,76.3095,1.0,0,3556522,0.0
23,Santa Fe,2018,10.9643,0.5,75.381,0.1667,1,3556522,0.0281
24,Santa Fe,2018,7.4786,10.25,78.381,0.8333,0,3556522,0.0
25,Santa Fe,2018,12.519,0.1333,65.0476,0.0,0,3556522,0.0
26,Santa Fe,2018,13.1095,0.85,77.3095,0.1667,0,3556522,0.0
27,Santa Fe,2018,9.969,0.6167,80.881,0.0,0,3556522,0.0
1,Santa Fe,2019,25.9159,75.5333,74.1984,2.8333,1,3556522,0.0281
2,Santa Fe,2019,23.3294,56.6833,80.2817,2.8333,3,3556522,0.0844
3,Santa Fe,2019,22.5762,43.6667,78.619,2.6667,3,3556522,0.0844
4,Santa Fe,2019,26.6595,61.1333,80.5476,2.1667,11,3556522,0.3093
5,Santa Fe,2019,26.2147,17.3778,77.0317,1.8889,18,3556522,0.5061
6,Santa Fe,2019,25.1833,15.6667,71.2857,1.0,19,3556522,0.5342
7,Santa Fe,2019,22.0952,4.8333,71.5476,0.5,18,3556522,0.5061
8,Santa Fe,2019,27.7167,56.5,72.3095,2.1667,34,3556522,0.956
9,Santa Fe,2019,22.2024,59.0,66.9524,1.0,28,3556522,0.7873
10,Santa Fe,2019,21.9024,36.4,79.4762,1.6667,29,3556522,0.8154
11,Santa Fe,2019,20.931,2.5833,80.0,0.8333,32,3556522,0.8998
12,Santa Fe,2019,19.1476,4.5167,71.119,0.6667,17,3556522,0.478
13,Santa Fe,2019,20.6024,21.75,74.7381,0.8333,37,3556522,1.0403
14,Santa Fe,2019,20.9381,5.5,74.4048,0.6667,45,3556522,1.2653
15,Santa Fe,2019,19.8357,7.1667,71.3333,0.5,49,3556522,1.3778
16,Santa Fe,2019,19.5524,27.6333,78.4048,1.3333,48,3556522,1.3496
17,Santa Fe,2019,16.8214,59.55,86.3333,3.0,31,3556522,0.8716
18,Santa Fe,2019,19.0452,31.8167,79.6667,1.3333,18,3556522,0.5061
19,Santa Fe,2019,16.4857,18.9,81.7857,1.5,20,3556522,0.5623
20,Santa Fe,2019,16.2143,0.2833,81.7381,0.0,20,3556522,0.5623
21,Santa Fe,2019,13.3857,10.8167,83.3095,1.1667,6,3556522,0.1687
22,Santa Fe,2019,13.6095,3.8333,88.3571,1.0,4,3556522,0.1125
23,Santa Fe,2019,14.6214,1.1,77.8333,0.1667,2,3556522,0.0562
24,Santa Fe,2019,15.9976,21.0667,91.4286,2.5,2,3556522,0.0562
25,Santa Fe,2019,13.9595,7.2667,80.2143,0.6667,0,3556522,0.0
26,Santa Fe,2019,11.7857,0.5,75.1905,0.1667,0,3556522,0.0
27,Santa Fe,2019,6.8762,0.0,70.0714,0.0,0,3556522,0.0
28,Santa Fe,2019,13.2143,0.0,76.5714,0.0,0,3556522,0.0
29,Santa Fe,2019,14.4405,0.0667,73.7381,0.0,0,3556522,0.0
30,Santa Fe,2019,9.9714,36.45,79.119,2.6667,0,3556522,0.0
31,Santa Fe,2019,11.3857,0.0167,69.6667,0.0,0,3556522,0.0
32,Santa Fe,2019,11.9952,3.8667,69.1905,0.8333,0,3556522,0.0
33,Santa Fe,2019,11.381,0.0,68.619,0.0,0,3556522,0.0
34,Santa Fe,2019,12.0667,2.8333,68.7619,0.3333,0,3556522,0.0
35,Santa Fe,2019,17.5405,0.1167,65.119,0.0,0,3556522,0.0
36,Santa Fe,2019,11.7786,23.8333,63.3571,1.0,0,3556522,0.0
37,Santa Fe,2019,15.0571,4.7,77.381,0.8333,0,3556522,0.0
38,Santa Fe,2019,15.1571,0.0,49.8333,0.0,0,3556522,0.0
39,Santa Fe,2019,20.5929,0.0,52.6429,0.0,0,3556522,0.0
40,Santa Fe,2019,16.7071,18.75,67.1905,2.1667,0,3556522,0.0
41,Santa Fe,2019,23.7286,24.1667,63.0952,1.6667,0,3556522,0.0
42,Santa Fe,2019,15.2405,19.6,79.5238,4.0,0,3556522,0.0
43,Santa Fe,2019,20.431,13.4333,66.8571,1.5,0,3556522,0.0
44,Santa Fe,2019,21.5905,18.6667,73.7857,1.8333,0,3556522,0.0
45,Santa Fe,2019,22.9167,14.4,70.5714,0.8333,0,3556522,0.0
46,Santa Fe,2019,24.5786,15.5167,63.2143,1.8333,0,3556522,0.0
47,Santa Fe,2019,24.5167,16.3667,65.1587,1.6667,0,3556522,0.0
48,Santa Fe,2019,22.2024,38.75,64.8095,2.0,0,3556522,0.0
49,Santa Fe,2019,21.7944,8.8167,57.2619,1.3333,0,3556522,0.0
50,Santa Fe,2019,25.1238,94.75,57.4048,2.0,0,3556522,0.0
51,Santa Fe,2019,23.4714,21.0,62.5476,1.3333,0,3556522,0.0
52,Santa Fe,2019,25.9619,42.1667,67.9524,1.6667,0,3556522,0.0
1,Santa Fe,2020,25.0762,22.35,71.3571,1.5,0,3556522,0.0
2,Santa Fe,2020,25.1262,22.8333,67.4524,1.5,0,3556522,0.0
3,Santa Fe,2020,25.5929,45.9,67.7143,2.1667,0,3556522,0.0
4,Santa Fe,2020,26.4976,16.0167,74.0952,1.1667,0,3556522,0.0
5,Santa Fe,2020,23.731,13.2167,64.5952,0.6667,0,3556522,0.0
6,Santa Fe,2020,26.1714,42.05,74.7143,1.8333,8,3556522,0.2249
7,Santa Fe,2020,25.1071,17.2,69.3333,1.5,28,3556522,0.7873
8,Santa Fe,2020,20.9905,48.25,67.0238,1.0,55,3556522,1.5465
9,Santa Fe,2020,23.519,0.3667,62.5952,0.1667,117,3556522,3.2897
10,Santa Fe,2020,25.8333,0.0,59.4524,0.0,157,3556522,4.4144
11,Santa Fe,2020,25.8952,26.35,71.5952,2.5,302,3556522,8.4914
12,Santa Fe,2020,21.7905,34.7,72.7381,0.8333,370,3556522,10.4034
13,Santa Fe,2020,23.6548,31.6833,76.1429,1.6667,332,3556522,9.335
14,Santa Fe,2020,21.2476,24.35,74.4286,1.1667,492,3556522,13.8337
15,Santa Fe,2020,16.7476,3.6333,64.3571,0.5,599,3556522,16.8423
16,Santa Fe,2020,17.0643,3.8333,69.1667,0.8333,586,3556522,16.4768
17,Santa Fe,2020,21.9643,14.1667,70.6667,1.3333,494,3556522,13.89
18,Santa Fe,2020,17.9143,38.85,73.9286,1.3333,415,3556522,11.6687
19,Santa Fe,2020,14.6714,3.8333,70.8095,0.3333,335,3556522,9.4193
20,Santa Fe,2020,15.8405,0.0,61.5238,0.0,170,3556522,4.78
21,Santa Fe,2020,14.8881,11.8333,71.3571,0.8333,112,3556522,3.1491
22,Santa Fe,2020,13.5357,0.05,67.9524,0.0,68,3556522,1.912
23,Santa Fe,2020,10.8024,11.8833,77.8095,0.8333,15,3556522,0.4218
24,Santa Fe,2020,12.181,0.0167,71.7857,0.0,6,3556522,0.1687
25,Santa Fe,2020,15.9881,4.75,75.0714,0.5,3,3556522,0.0844
26,Santa Fe,2020,10.9167,0.8,74.0,0.0,0,3556522,0.0
27,Santa Fe,2020,9.7119,0.15,75.9286,0.0,2,3556522,0.0562
28,Santa Fe,2020,8.7405,0.9667,70.8333,0.1667,0,3556522,0.0
29,Santa Fe,2020,11.3976,0.0333,70.5952,0.0,0,3556522,0.0
30,Santa Fe,2020,11.4619,1.4833,75.119,0.3333,1,3556522,0.0281
31,Santa Fe,2020,11.5024,0.0,59.7857,0.0,1,3556522,0.0281
32,Santa Fe,2020,18.9429,1.3833,64.1429,0.1667,0,3556522,0.0
33,Santa Fe,2020,11.1425,0.0,49.2341,0.0,0,3556522,0.0
34,Santa Fe,2020,10.819,0.0,45.1429,0.0,0,3556522,0.0
35,Santa Fe,2020,17.5762,6.0,65.8571,1.0,0,3556522,0.0
36,Santa Fe,2020,11.2905,30.05,77.0238,2.1667,0,3556522,0.0
37,Santa Fe,2020,16.5429,2.85,66.6905,0.1667,0,3556522,0.0
38,Santa Fe,2020,15.0119,0.0833,47.119,0.0,0,3556522,0.0
39,Santa Fe,2020,19.4405,11.8333,54.6429,0.6667,0,3556522,0.0
40,Santa Fe,2020,17.7643,2.2167,54.2381,0.3333,0,3556522,0.0
41,Santa Fe,2020,18.8238,0.1,50.9524,0.0,0,3556522,0.0
42,Santa Fe,2020,23.2167,3.6,54.119,0.5,0,3556522,0.0
43,Santa Fe,2020,21.5238,74.8667,75.9048,3.6667,0,3556522,0.0
44,Santa Fe,2020,17.9286,0.75,57.5714,0.1667,1,3556522,0.0281
45,Santa Fe,2020,22.0952,2.3833,53.0,0.5,0,3556522,0.0
46,Santa Fe,2020,22.8905,22.5,63.3095,1.5,1,3556522,0.0281
47,Santa Fe,2020,23.4071,0.6167,51.119,0.1667,0,3556522,0.0
48,Santa Fe,2020,25.7452,52.3833,59.0476,2.6667,0,3556522,0.0
49,Santa Fe,2020,21.119,43.3833,64.119,1.6667,0,3556522,0.0
50,Santa Fe,2020,24.15,32.45,57.0714,1.6667,0,3556522,0.0
51,Santa Fe,2020,23.6857,28.1,58.3571,1.1667,0,3556522,0.0
52,Santa Fe,2020,25.8343,0.6,56.6286,0.2,0,3556522,0.0
53,Santa Fe,2020,25.3167,10.8333,56.6905,1.3333,0,3556522,0.0
1,Santa Fe,2021,25.631,29.6667,57.2381,1.8333,1,3556522,0.0281
2,Santa Fe,2021,22.681,66.3333,73.2619,3.3333,0,3556522,0.0
3,Santa Fe,2021,26.2452,0.0,62.9762,0.0,0,3556522,0.0
4,Santa Fe,2021,24.081,100.5167,78.4286,4.8333,0,3556522,0.0
5,Santa Fe,2021,22.6071,24.95,75.0,1.1667,1,3556522,0.0281
6,Santa Fe,2021,22.9548,18.1167,77.5952,1.5,0,3556522,0.0
7,Santa Fe,2021,23.269,5.1667,67.1667,0.6667,0,3556522,0.0
8,Santa Fe,2021,25.5476,6.4167,65.7381,0.5,0,3556522,0.0
9,Santa Fe,2021,24.5452,3.7833,72.9048,0.5,0,3556522,0.0
10,Santa Fe,2021,23.9952,5.8167,67.8333,0.5,0,3556522,0.0
11,Santa Fe,2021,19.5714,57.85,77.8571,2.8333,2,3556522,0.0562
12,Santa Fe,2021,20.1714,54.1333,84.0952,2.1667,1,3556522,0.0281
13,Santa Fe,2021,20.0595,5.5,72.9762,0.1667,0,3556522,0.0
14,Santa Fe,2021,21.7238,104.3167,82.6429,2.5,6,3556522,0.1687
15,Santa Fe,2021,20.3643,0.3333,78.0714,0.1667,4,3556522,0.1125
16,Santa Fe,2021,19.7071,29.6667,78.9762,1.6667,5,3556522,0.1406
17,Santa Fe,2021,17.3476,0.0,73.8571,0.0,9,3556522,0.2531
18,Santa Fe,2021,14.069,12.0833,72.8571,0.8333,6,3556522,0.1687
19,Santa Fe,2021,12.5214,0.0,72.0476,0.0,1,3556522,0.0281
20,Santa Fe,2021,13.8548,36.2167,80.3095,2.6667,2,3556522,0.0562
21,Santa Fe,2021,13.1786,0.5,68.881,0.1667,1,3556522,0.0281
22,Santa Fe,2021,15.2262,10.5833,69.8333,0.5,0,3556522,0.0
23,Santa Fe,2021,14.3548,0.0833,79.7857,0.0,1,3556522,0.0281
24,Santa Fe,2021,9.1629,0.02,76.3143,0.0,0,3556522,0.0
25,Santa Fe,2021,10.4766,12.4833,83.6468,0.1667,0,3556522,0.0
26,Santa Fe,2021,7.6659,0.0,71.5833,0.0,0,3556522,0.0
27,Santa Fe,2021,15.1881,1.3333,69.5952,0.3333,0,3556522,0.0
28,Santa Fe,2021,11.15,16.4,76.3095,1.3333,0,3556522,0.0
29,Santa Fe,2021,12.85,0.1667,64.8095,0.0,0,3556522,0.0
30,Santa Fe,2021,8.1429,0.0,60.119,0.0,0,3556522,0.0
1,Santa Fe,2022,26.5929,6.95,54.0,0.3333,0,3556522,0.0
2,Santa Fe,2022,32.3976,31.0,44.2262,1.0,0,3556522,0.0
3,Santa Fe,2022,26.9738,43.4167,74.381,3.1667,0,3556522,0.0
4,Santa Fe,2022,24.5643,27.9333,71.3571,1.6667,0,3556522,0.0
5,Santa Fe,2022,24.6286,16.0167,66.8095,1.6667,1,3556522,0.0281
6,Santa Fe,2022,22.4729,3.2833,61.3095,0.6667,0,3556522,0.0
7,Santa Fe,2022,25.4143,2.5,59.4,0.6667,0,3556522,0.0
8,Santa Fe,2022,25.8,52.98,68.8286,2.6,0,3556522,0.0
9,Santa Fe,2022,24.0057,80.66,77.5714,3.4,2,3556522,0.0562
10,Santa Fe,2022,20.6519,52.65,78.0286,1.7889,2,3556522,0.0562
11,Santa Fe,2022,20.5143,8.48,70.2286,0.8,3,3556522,0.0844
12,Santa Fe,2022,19.6114,29.2,76.5143,2.0,1,3556522,0.0281
13,Santa Fe,2022,17.2486,4.6,66.2857,0.6,3,3556522,0.0844
14,Santa Fe,2022,20.6,43.8667,77.9143,1.5667,3,3556522,0.0844
15,Santa Fe,2022,16.5486,0.2,72.6571,0.0,2,3556522,0.0562
16,Santa Fe,2022,17.8486,13.7833,76.5143,1.9667,0,3556522,0.0
17,Santa Fe,2022,17.3657,11.15,71.5714,1.0667,1,3556522,0.0281
18,Santa Fe,2022,15.0171,0.0,76.3714,0.0,2,3556522,0.0562
19,Santa Fe,2022,14.46,1.8333,77.0571,0.5,2,3556522,0.0562
20,Santa Fe,2022,11.2686,0.0,74.1714,0.0,4,3556522,0.1125
21,Santa Fe,2022,13.6,4.52,79.6,1.0,0,3556522,0.0
22,Santa Fe,2022,8.6657,0.02,71.4,0.0,0,3556522,0.0
23,Santa Fe,2022,9.3029,0.02,77.5714,0.0,0,3556522,0.0
24,Santa Fe,2022,11.2743,0.02,67.4,0.0,0,3556522,0.0
25,Santa Fe,2022,9.1914,0.12,76.2286,0.0,0,3556522,0.0
26,Santa Fe,2022,11.5429,3.12,73.4571,0.8,0,3556522,0.0
27,Santa Fe,2022,14.1057,0.1667,71.4571,0.0,0,3556522,0.0
28,Santa Fe,2022,10.1,5.9167,74.3429,0.5,1,3556522,0.0281
29,Santa Fe,2022,14.8771,0.6,78.6571,0.2,1,3556522,0.0281
30,Santa Fe,2022,15.6743,2.38,71.4286,0.6,0,3556522,0.0
31,Santa Fe,2022,12.5114,18.56,75.7429,1.2,0,3556522,0.0
32,Santa Fe,2022,13.6743,5.44,74.5714,0.4,0,3556522,0.0
33,Santa Fe,2022,11.0314,0.0333,55.4857,0.0,0,3556522,0.0
34,Santa Fe,2022,17.0571,0.6,63.1714,0.1667,0,3556522,0.0
35,Santa Fe,2022,13.86,5.3833,60.2857,0.6667,0,3556522,0.0
36,Santa Fe,2022,14.6371,0.0,54.7143,0.0,0,3556522,0.0
37,Santa Fe,2022,17.1571,10.24,56.4,1.0,0,3556522,0.0
38,Santa Fe,2022,14.5457,5.55,66.6,0.8333,0,3556522,0.0
39,Santa Fe,2022,18.1057,0.0,57.0286,0.0,0,3556522,0.0
40,Santa Fe,2022,17.98,9.1,52.3714,0.8,0,3556522,0.0
41,Santa Fe,2022,16.6657,5.14,52.9429,0.4,0,3556522,0.0
42,Santa Fe,2022,18.8943,12.7167,70.2857,0.8333,0,3556522,0.0
43,Santa Fe,2022,23.4171,23.35,55.3143,1.4,0,3556522,0.0
44,Santa Fe,2022,19.14,0.0,48.2857,0.0,0,3556522,0.0
45,Santa Fe,2022,22.3286,20.38,60.4,1.4,0,3556522,0.0
46,Santa Fe,2022,26.1229,7.04,48.4,1.4,0,3556522,0.0
47,Santa Fe,2022,25.7029,0.66,52.3714,0.2,0,3556522,0.0
48,Santa Fe,2022,26.6743,3.8333,54.6857,0.3333,0,3556522,0.0
49,Santa Fe,2022,29.9371,36.06,53.8286,2.0,0,3556522,0.0
50,Santa Fe,2022,25.2029,0.4167,47.9714,0.1667,0,3556522,0.0
1,Santa Fe,2023,27.7543,0.0,42.6286,0.0,0,3556522,0.0
2,Santa Fe,2023,27.0371,7.8667,51.4,1.5667,1,3556522,0.0281
3,Santa Fe,2023,28.6771,40.7,59.0,2.0667,5,3556522,0.1406
4,Santa Fe,2023,27.1429,33.9,66.0857,1.8,14,3556522,0.3936
5,Santa Fe,2023,25.6857,4.5,64.5714,0.4,59,3556522,1.6589
6,Santa Fe,2023,29.0743,2.0167,54.2857,0.1667,293,3556522,8.2384
7,Santa Fe,2023,21.8771,21.7,59.3429,1.6,195,3556522,5.4829
8,Santa Fe,2023,24.5857,9.66,64.0286,1.4,408,3556522,11.4719
9,Santa Fe,2023,27.4057,14.9333,65.2286,0.8333,516,3556522,14.5086
10,Santa Fe,2023,28.6086,0.0,58.6857,0.0,876,3556522,24.6308
11,Santa Fe,2023,28.3143,12.8,68.7429,1.4,1725,3556522,48.5024
12,Santa Fe,2023,23.6,66.88,80.6571,3.0,2130,3556522,59.89
13,Santa Fe,2023,22.3714,6.15,67.0857,0.5667,2943,3556522,82.7494
14,Santa Fe,2023,21.4771,24.04,75.8,1.0,2233,3556522,62.7861
15,Santa Fe,2023,19.1143,6.85,72.2857,0.9,3513,3556522,98.7763
16,Santa Fe,2023,16.3857,5.0733,70.1143,0.7333,2490,3556522,70.0122
17,Santa Fe,2023,20.0629,4.86,75.5143,1.0,1078,3556522,30.3105
18,Santa Fe,2023,16.0429,17.1533,74.4286,1.1667,841,3556522,23.6467
19,Santa Fe,2023,16.4657,0.0,75.4857,0.0,587,3556522,16.5049
20,Santa Fe,2023,18.0857,24.25,78.6571,2.8,431,3556522,12.1186
21,Santa Fe,2023,18.5886,54.36,81.3714,1.6,237,3556522,6.6638
22,Santa Fe,2023,17.4676,15.11,79.519,0.2,256,3556522,7.198
23,Santa Fe,2023,16.8057,0.3,75.7429,0.0,185,3556522,5.2017
24,Santa Fe,2023,8.2857,0.0,76.3429,0.0,132,3556522,3.7115
25,Santa Fe,2023,12.7314,1.24,87.2,0.2,19,3556522,0.5342
26,Santa Fe,2023,14.8143,1.78,76.0857,0.2,16,3556522,0.4499
27,Santa Fe,2023,17.7429,4.74,79.7143,0.8,17,3556522,0.478
28,Santa Fe,2023,10.1314,13.1333,83.7714,1.5667,8,3556522,0.2249
29,Santa Fe,2023,12.7314,0.86,71.2571,0.2,12,3556522,0.3374
30,Santa Fe,2023,12.0429,0.0,75.1143,0.0,5,3556522,0.1406
31,Santa Fe,2023,18.8829,0.0,67.1429,0.0,3,3556522,0.0844
32,Santa Fe,2023,12.3914,2.9,66.6857,0.2,2,3556522,0.0562
33,Santa Fe,2023,16.5857,4.16,66.1714,0.2,1,3556522,0.0281
34,Santa Fe,2023,13.9771,0.04,64.3714,0.0,3,3556522,0.0844
35,Santa Fe,2023,15.6686,25.0,63.8286,1.6,2,3556522,0.0562
36,Santa Fe,2023,13.9029,7.98,72.3143,0.2,0,3556522,0.0
37,Santa Fe,2023,17.9286,4.84,55.2,0.4,0,3556522,0.0
38,Santa Fe,2023,17.7371,2.56,76.3429,0.2,0,3556522,0.0
39,Santa Fe,2023,16.5429,1.08,59.4,0.2,2,3556522,0.0562
40,Santa Fe,2023,18.38,2.92,51.6571,0.6,0,3556522,0.0
41,Santa Fe,2023,18.5348,4.0,50.7667,0.6,1,3556522,0.0281
42,Santa Fe,2023,21.6714,43.5,65.9143,2.6,5,3556522,0.1406
43,Santa Fe,2023,21.3229,16.94,73.5429,2.0,1,3556522,0.0281
44,Santa Fe,2023,15.9486,41.12,74.2571,2.2,0,3556522,0.0
45,Santa Fe,2023,23.4657,21.78,65.8286,1.4,2,3556522,0.0562
46,Santa Fe,2023,21.599,31.8,65.3381,2.0333,2,3556522,0.0562
47,Santa Fe,2023,24.4352,45.66,63.9524,0.8,3,3556522,0.0844
48,Santa Fe,2023,24.8771,58.54,74.0,2.6,7,3556522,0.1968
49,Santa Fe,2023,21.9771,6.56,69.5143,1.0,5,3556522,0.1406
50,Santa Fe,2023,26.2571,133.74,76.4286,4.0,20,3556522,0.5623
51,Santa Fe,2023,23.6057,20.18,78.4857,1.6,17,3556522,0.478
52,Santa Fe,2023,24.6914,22.0,63.9714,1.4,27,3556522,0.7592
1,Santa Fe,2024,25.7229,47.74,72.0286,1.8,116,3556522,3.2616
2,Santa Fe,2024,25.2057,98.5,76.6857,3.4,231,3556522,6.4951
3,Santa Fe,2024,24.9257,35.04,73.3714,1.8,482,3556522,13.5526
4,Santa Fe,2024,24.98,0.0,63.1714,0.0,733,3556522,20.61
5,Santa Fe,2024,28.8086,0.0,61.1714,0.0,1322,3556522,37.1711
6,Santa Fe,2024,29.5714,52.98,69.8571,2.4,1882,3556522,52.9169
7,Santa Fe,2024,23.4657,11.72,72.6,1.0,2784,3556522,78.2787
8,Santa Fe,2024,25.4429,47.36,74.9714,2.8,4190,3556522,117.8117
9,Santa Fe,2024,25.2486,55.38,83.1714,2.0,4920,3556522,138.3374
10,Santa Fe,2024,23.8857,35.42,73.3429,1.0,5226,3556522,146.9413
11,Santa Fe,2024,26.8229,74.2,81.6,2.8,6851,3556522,192.632
12,Santa Fe,2024,23.3371,9.98,76.4571,1.0,7683,3556522,216.0257
13,Santa Fe,2024,24.0886,22.56,72.7714,1.4,5884,3556522,165.4425
14,Santa Fe,2024,19.52,24.2,83.0857,2.2,5685,3556522,159.8472
15,Santa Fe,2024,18.8486,78.9,85.4857,3.0,4954,3556522,139.2934
16,Santa Fe,2024,20.1743,26.1,76.4286,1.6,3690,3556522,103.753
17,Santa Fe,2024,18.22,10.56,80.7714,1.4,2878,3556522,80.9218
18,Santa Fe,2024,16.8714,2.92,81.8571,1.0,1055,3556522,29.6638
19,Santa Fe,2024,14.9657,2.98,79.6286,0.6,513,3556522,14.4242
20,Santa Fe,2024,9.5543,0.0,75.7143,0.0,217,3556522,6.1015
21,Santa Fe,2024,10.4943,1.74,79.5143,0.8,61,3556522,1.7152
22,Santa Fe,2024,11.9771,0.0,78.0571,0.0,15,3556522,0.4218
23,Santa Fe,2024,16.98,0.0,76.6286,0.0,5,3556522,0.1406
24,Santa Fe,2024,18.7057,4.64,74.1429,0.2,11,3556522,0.3093
25,Santa Fe,2024,16.38,0.28,86.2286,0.0,6,3556522,0.1687
26,Santa Fe,2024,9.0371,0.0,67.0,0.0,7,3556522,0.1968
27,Santa Fe,2024,8.9429,0.0,60.6857,0.0,1,3556522,0.0281
28,Santa Fe,2024,4.2371,0.0,70.2571,0.0,0,3556522,0.0
29,Santa Fe,2024,12.8486,0.86,79.4,0.2,0,3556522,0.0
30,Santa Fe,2024,14.16,0.0,72.5667,0.0,0,3556522,0.0
31,Santa Fe,2024,16.46,3.52,63.8571,0.4,0,3556522,0.0
32,Santa Fe,2024,10.4429,1.32,66.4857,0.4,0,3556522,0.0
33,Santa Fe,2024,13.22,0.0,62.4857,0.0,1,3556522,0.0281
34,Santa Fe,2024,9.9657,3.68,81.2857,1.2,0,3556522,0.0
35,Santa Fe,2024,12.9543,8.78,70.3143,0.6,0,3556522,0.0
36,Santa Fe,2024,16.8114,0.06,55.0,0.0,0,3556522,0.0
37,Santa Fe,2024,16.3086,0.2,65.0857,0.0,0,3556522,0.0
38,Santa Fe,2024,22.3571,0.24,53.2571,0.2,0,3556522,0.0
39,Santa Fe,2024,19.54,5.66,59.3429,0.4,0,3556522,0.0
40,Santa Fe,2024,21.1686,0.8,48.8857,0.2,0,3556522,0.0
41,Santa Fe,2024,19.7086,31.58,72.8857,2.4,0,3556522,0.0
42,Santa Fe,2024,21.9086,11.04,72.2857,1.4,0,3556522,0.0
43,Santa Fe,2024,22.3686,61.6,68.8571,1.6,1,3556522,0.0281
44,Santa Fe,2024,23.9943,4.02,65.2,0.6,1,3556522,0.0281
45,Santa Fe,2024,22.8714,21.18,65.4571,2.2,1,3556522,0.0281
46,Santa Fe,2024,23.1314,12.64,55.8857,1.6,1,3556522,0.0281
47,Santa Fe,2024,22.9343,24.46,69.7714,1.8,2,3556522,0.0562
48,Santa Fe,2024,23.9057,33.5,78.0286,3.0,4,3556522,0.1125
49,Santa Fe,2024,21.7543,26.28,56.7143,1.0,2,3556522,0.0562
50,Santa Fe,2024,24.14,23.04,61.6857,1.2,0,3556522,0.0
51,Santa Fe,2024,22.9057,24.06,67.6,2.0,0,3556522,0.0
52,Santa Fe,2024,23.32,9.8,61.0286,1.2,2,3556522,0.0562
1,Santa Fe,2025,26.4457,2.84,54.5714,0.4,3,3556522,0.0844
2,Santa Fe,2025,27.0657,0.54,50.3143,0.2,3,3556522,0.0844
3,Santa Fe,2025,27.6257,25.0,56.7714,2.0,6,3556522,0.1687
4,Santa Fe,2025,26.5286,17.3,67.2,1.6,18,3556522,0.5061
5,Santa Fe,2025,27.1429,15.96,63.9714,1.4,13,3556522,0.3655
6,Santa Fe,2025,28.6571,40.86,63.1143,1.2,22,3556522,0.6186
7,Santa Fe,2025,26.9229,46.22,71.1714,3.2,44,3556522,1.2372
8,Santa Fe,2025,27.2,3.94,67.1143,0.2,109,3556522,3.0648
9,Santa Fe,2025,26.18,110.08,82.0,4.2,114,3556522,3.2054
10,Santa Fe,2025,26.9971,32.64,71.1143,1.8,188,3556522,5.2861
11,Santa Fe,2025,19.8743,11.08,71.4286,1.0,280,3556522,7.8729
12,Santa Fe,2025,24.0914,11.34,70.2,1.0,785,3556522,22.0721
13,Santa Fe,2025,22.7886,45.96,83.1429,3.0,1080,3556522,30.3667
14,Santa Fe,2025,15.9029,27.5,72.2286,1.4,1712,3556522,48.1369
15,Santa Fe,2025,18.6657,10.96,83.5714,1.0,1111,3556522,31.2384
16,Santa Fe,2025,18.1514,4.02,71.6857,0.8,922,3556522,25.9242
17,Santa Fe,2025,18.8971,7.18,72.9714,1.0,1260,3556522,35.4279
18,Santa Fe,2025,18.6629,11.74,70.7143,1.0,937,3556522,26.346
19,Santa Fe,2025,19.7257,15.94,84.7429,1.2,755,3556522,21.2286
20,Santa Fe,2025,20.3857,43.98,76.1429,1.4,486,3556522,13.665
21,Santa Fe,2025,14.7171,12.38,80.1143,1.8,74,3556522,2.0807
22,Santa Fe,2025,11.0086,12.28,77.4857,1.0,31,3556522,0.8716
23,Santa Fe,2025,12.1971,0.38,83.0857,0.0,6,3556522,0.1687
24,Santa Fe,2025,10.9571,11.6,80.4571,1.2,1,3556522,0.0281
25,Santa Fe,2025,10.8829,2.0,83.4,0.4,1,3556522,0.0281
26,Santa Fe,2025,7.4343,0.0,62.9429,0.0,0,3556522,0.0
27,Santa Fe,2025,8.0486,0.02,69.3714,0.0,0,3556522,0.0
28,Santa Fe,2025,14.5714,6.98,80.0571,1.2,0,3556522,0.0
29,Santa Fe,2025,13.4,13.46,70.1143,1.4,0,3556522,0.0
30,Santa Fe,2025,12.2686,28.78,85.2,3.4,0,3556522,0.0
31,Santa Fe,2025,14.4171,6.8,73.2,0.8,0,3556522,0.0
32,Santa Fe,2025,11.1371,0.0,65.3714,0.0,0,3556522,0.0
33,Santa Fe,2025,11.9229,0.0,70.3143,0.0,0,3556522,0.0
34,Santa Fe,2025,13.8543,66.24,71.3714,2.2,0,3556522,0.0
35,Santa Fe,2025,16.6286,71.28,69.3714,1.6,0,3556522,0.0
36,Santa Fe,2025,11.5571,2.0,70.7143,0.4,0,3556522,0.0
37,Santa Fe,2025,17.1714,4.86,63.8571,0.4,0,3556522,0.0
38,Santa Fe,2025,20.5171,46.78,77.9143,1.8,0,3556522,0.0
39,Santa Fe,2025,17.1314,8.86,63.2857,0.6,0,3556522,0.0
40,Santa Fe,2025,21.1429,12.88,68.7429,0.4,0,3556522,0.0
41,Santa Fe,2025,18.92,0.44,54.7429,0.2,0,3556522,0.0
42,Santa Fe,2025,20.9829,2.02,57.7429,0.4,1,3556522,0.0281
1,Santiago del Estero,2018,26.0857,3.0,59.1429,1.0,0,1054028,0.0
2,Santiago del Estero,2018,27.9857,37.6,59.4286,3.0,0,1054028,0.0
3,Santiago del Estero,2018,25.3857,27.2,67.0,2.0,0,1054028,0.0
4,Santiago del Estero,2018,26.4286,29.3,73.7143,3.0,0,1054028,0.0
5,Santiago del Estero,2018,27.8143,0.0,64.4286,0.0,2,1054028,0.1897
6,Santiago del Estero,2018,28.1143,18.0,58.5714,3.0,0,1054028,0.0
7,Santiago del Estero,2018,24.6143,11.0,65.1429,1.0,0,1054028,0.0
8,Santiago del Estero,2018,25.7857,10.0,59.4286,1.0,0,1054028,0.0
9,Santiago del Estero,2018,27.1714,12.0,59.4286,2.0,0,1054028,0.0
10,Santiago del Estero,2018,25.5429,0.0,61.1429,0.0,0,1054028,0.0
11,Santiago del Estero,2018,24.0143,0.0,58.4286,0.0,0,1054028,0.0
12,Santiago del Estero,2018,22.2143,0.0,53.7143,0.0,0,1054028,0.0
13,Santiago del Estero,2018,22.5571,2.0,56.1429,1.0,0,1054028,0.0
14,Santiago del Estero,2018,22.4,31.2,74.7143,1.0,1,1054028,0.0949
15,Santiago del Estero,2018,21.4143,5.2,70.1429,1.0,7,1054028,0.6641
16,Santiago del Estero,2018,25.6429,0.0,63.8571,0.0,35,1054028,3.3206
17,Santiago del Estero,2018,24.2429,23.1,79.0,1.0,35,1054028,3.3206
18,Santiago del Estero,2018,21.1714,6.2,88.2857,1.0,20,1054028,1.8975
19,Santiago del Estero,2018,19.3857,3.0,76.5714,1.0,0,1054028,0.0
20,Santiago del Estero,2018,15.3429,4.3,78.7143,1.0,0,1054028,0.0
21,Santiago del Estero,2018,14.1429,0.0,71.1429,0.0,0,1054028,0.0
22,Santiago del Estero,2018,14.8571,0.0,68.4286,0.0,0,1054028,0.0
23,Santiago del Estero,2018,11.0429,0.0,67.2857,0.0,0,1054028,0.0
24,Santiago del Estero,2018,7.8429,0.0,64.2857,0.0,0,1054028,0.0
25,Santiago del Estero,2018,13.8714,0.0,53.8571,0.0,0,1054028,0.0
26,Santiago del Estero,2018,12.9429,0.0,73.0,0.0,0,1054028,0.0
27,Santiago del Estero,2018,10.4857,4.4,82.4286,2.0,0,1054028,0.0
1,Santiago del Estero,2019,26.5571,96.0,72.2857,3.0,0,1054028,0.0
2,Santiago del Estero,2019,23.5143,156.0,79.7143,3.0,0,1054028,0.0
3,Santiago del Estero,2019,22.5857,34.2,80.2857,3.0,0,1054028,0.0
4,Santiago del Estero,2019,29.8857,0.0,65.0,0.0,0,1054028,0.0
5,Santiago del Estero,2019,27.7,110.0,72.1429,3.0,1,1054028,0.0949
6,Santiago del Estero,2019,26.3571,0.0,68.8571,0.0,0,1054028,0.0
7,Santiago del Estero,2019,23.0714,6.0,74.7143,1.0,0,1054028,0.0
8,Santiago del Estero,2019,29.7571,0.0,58.0,0.0,0,1054028,0.0
9,Santiago del Estero,2019,24.5286,2.2,69.1429,1.0,0,1054028,0.0
10,Santiago del Estero,2019,22.8571,51.0,80.1429,4.0,0,1054028,0.0
11,Santiago del Estero,2019,22.4571,2.8,78.8571,0.0,0,1054028,0.0
12,Santiago del Estero,2019,21.0857,1.0,75.2857,0.0,0,1054028,0.0
13,Santiago del Estero,2019,20.2143,23.0,85.5714,3.0,0,1054028,0.0
14,Santiago del Estero,2019,21.0714,29.5,80.2857,1.0,1,1054028,0.0949
15,Santiago del Estero,2019,21.2,0.0,71.4286,0.0,0,1054028,0.0
16,Santiago del Estero,2019,20.9571,11.9,90.1429,3.0,0,1054028,0.0
17,Santiago del Estero,2019,16.7429,33.0,88.1429,3.0,1,1054028,0.0949
18,Santiago del Estero,2019,19.3857,9.7,85.2857,1.0,1,1054028,0.0949
19,Santiago del Estero,2019,18.0857,2.3,83.7143,1.0,0,1054028,0.0
20,Santiago del Estero,2019,16.1,0.0,73.4286,0.0,0,1054028,0.0
21,Santiago del Estero,2019,12.1,6.0,79.8571,1.0,0,1054028,0.0
22,Santiago del Estero,2019,14.3286,0.0,82.8571,0.0,0,1054028,0.0
23,Santiago del Estero,2019,14.7429,0.0,73.8571,0.0,0,1054028,0.0
24,Santiago del Estero,2019,15.9286,3.1,83.5714,1.0,0,1054028,0.0
25,Santiago del Estero,2019,12.8714,0.0,74.5714,0.0,0,1054028,0.0
26,Santiago del Estero,2019,11.1571,0.0,75.5714,0.0,0,1054028,0.0
27,Santiago del Estero,2019,8.3714,0.0,69.1429,0.0,0,1054028,0.0
28,Santiago del Estero,2019,14.7714,0.0,69.2857,0.0,0,1054028,0.0
29,Santiago del Estero,2019,15.4857,0.0,72.7143,0.0,0,1054028,0.0
30,Santiago del Estero,2019,10.4,1.1,58.7143,0.0,0,1054028,0.0
31,Santiago del Estero,2019,13.0,0.0,57.4286,0.0,0,1054028,0.0
32,Santiago del Estero,2019,13.3571,0.0,43.2857,0.0,0,1054028,0.0
33,Santiago del Estero,2019,13.1857,0.0,52.4286,0.0,0,1054028,0.0
34,Santiago del Estero,2019,14.9571,0.0,53.5714,0.0,0,1054028,0.0
35,Santiago del Estero,2019,19.6857,0.0,51.5714,0.0,0,1054028,0.0
36,Santiago del Estero,2019,14.0429,0.0,50.8571,0.0,0,1054028,0.0
37,Santiago del Estero,2019,17.6286,0.0,58.8571,0.0,0,1054028,0.0
38,Santiago del Estero,2019,17.1714,0.0,39.5714,0.0,0,1054028,0.0
39,Santiago del Estero,2019,23.8,0.0,37.4286,0.0,0,1054028,0.0
40,Santiago del Estero,2019,19.9571,2.0,51.1429,1.0,0,1054028,0.0
41,Santiago del Estero,2019,27.4286,12.0,44.1429,1.0,0,1054028,0.0
42,Santiago del Estero,2019,16.8,3.0,70.5714,1.0,0,1054028,0.0
43,Santiago del Estero,2019,25.3143,0.0,48.5714,0.0,0,1054028,0.0
44,Santiago del Estero,2019,24.8143,11.7,64.0,1.0,0,1054028,0.0
45,Santiago del Estero,2019,25.4286,3.0,64.7143,1.0,0,1054028,0.0
46,Santiago del Estero,2019,28.0714,3.0,53.8571,1.0,0,1054028,0.0
47,Santiago del Estero,2019,29.1286,8.0,54.4286,1.0,0,1054028,0.0
48,Santiago del Estero,2019,26.9667,65.0,57.3333,1.0,0,1054028,0.0
49,Santiago del Estero,2019,23.3857,19.3,66.0,2.0,0,1054028,0.0
50,Santiago del Estero,2019,27.4571,18.0,65.8571,2.0,0,1054028,0.0
51,Santiago del Estero,2019,26.6429,0.0,62.7143,0.0,0,1054028,0.0
52,Santiago del Estero,2019,29.1571,16.3,62.7143,1.0,0,1054028,0.0
1,Santiago del Estero,2020,28.6857,4.0,64.8571,1.0,0,1054028,0.0
2,Santiago del Estero,2020,28.5,31.5,70.4286,2.0,0,1054028,0.0
3,Santiago del Estero,2020,27.8143,10.0,70.5714,1.0,0,1054028,0.0
4,Santiago del Estero,2020,28.8,34.0,64.1429,1.0,0,1054028,0.0
5,Santiago del Estero,2020,27.5857,0.0,58.8571,0.0,1,1054028,0.0949
6,Santiago del Estero,2020,27.6143,116.0,74.4286,5.0,0,1054028,0.0
7,Santiago del Estero,2020,25.6714,8.2,78.5714,1.0,0,1054028,0.0
8,Santiago del Estero,2020,23.9,27.0,63.5714,1.0,8,1054028,0.759
9,Santiago del Estero,2020,25.0571,0.0,60.0,0.0,22,1054028,2.0872
10,Santiago del Estero,2020,27.9286,0.0,55.8571,0.0,8,1054028,0.759
11,Santiago del Estero,2020,27.7429,40.0,70.7143,5.0,2,1054028,0.1897
12,Santiago del Estero,2020,23.0571,12.0,76.7143,2.0,4,1054028,0.3795
13,Santiago del Estero,2020,24.3286,26.7,76.2857,1.0,3,1054028,0.2846
14,Santiago del Estero,2020,22.3429,19.0,80.1429,3.0,6,1054028,0.5692
15,Santiago del Estero,2020,19.4857,0.0,63.1429,0.0,6,1054028,0.5692
16,Santiago del Estero,2020,18.9143,0.5,66.4286,0.0,17,1054028,1.6129
17,Santiago del Estero,2020,23.7429,9.9,64.8571,1.0,17,1054028,1.6129
18,Santiago del Estero,2020,19.9429,8.0,82.7143,2.0,4,1054028,0.3795
19,Santiago del Estero,2020,15.7,0.0,70.0,0.0,2,1054028,0.1897
20,Santiago del Estero,2020,16.4714,0.0,60.8571,0.0,1,1054028,0.0949
21,Santiago del Estero,2020,15.1857,0.0,60.2857,0.0,28,1054028,2.6565
22,Santiago del Estero,2020,13.9286,0.0,60.4286,0.0,21,1054028,1.9924
23,Santiago del Estero,2020,11.3143,1.2,67.1429,0.0,14,1054028,1.3282
24,Santiago del Estero,2020,16.0571,0.0,66.5714,0.0,4,1054028,0.3795
25,Santiago del Estero,2020,15.3571,0.0,63.8571,0.0,0,1054028,0.0
26,Santiago del Estero,2020,11.6143,0.4,72.0,0.0,0,1054028,0.0
27,Santiago del Estero,2020,9.7286,0.0,64.1429,0.0,0,1054028,0.0
28,Santiago del Estero,2020,9.6571,0.0,64.8571,0.0,0,1054028,0.0
29,Santiago del Estero,2020,13.6,0.0,61.1429,0.0,0,1054028,0.0
30,Santiago del Estero,2020,12.3429,0.0,57.5714,0.0,0,1054028,0.0
31,Santiago del Estero,2020,11.2429,0.0,49.7143,0.0,0,1054028,0.0
32,Santiago del Estero,2020,19.8857,0.0,50.7143,0.0,0,1054028,0.0
33,Santiago del Estero,2020,12.9429,0.0,40.4286,0.0,0,1054028,0.0
34,Santiago del Estero,2020,12.1286,0.0,38.0,0.0,0,1054028,0.0
35,Santiago del Estero,2020,18.9714,0.0,47.5714,0.0,0,1054028,0.0
36,Santiago del Estero,2020,14.8,0.0,57.7143,0.0,0,1054028,0.0
37,Santiago del Estero,2020,20.2429,0.0,50.7143,0.0,0,1054028,0.0
38,Santiago del Estero,2020,20.5571,0.0,30.5714,0.0,0,1054028,0.0
39,Santiago del Estero,2020,23.5857,0.0,37.8571,0.0,0,1054028,0.0
40,Santiago del Estero,2020,21.0143,0.0,40.8571,0.0,0,1054028,0.0
41,Santiago del Estero,2020,22.4571,0.0,42.2857,0.0,0,1054028,0.0
42,Santiago del Estero,2020,25.8,2.0,44.1429,1.0,0,1054028,0.0
43,Santiago del Estero,2020,25.3714,7.0,64.8571,1.0,0,1054028,0.0
44,Santiago del Estero,2020,22.6,0.0,37.7143,0.0,0,1054028,0.0
45,Santiago del Estero,2020,25.8429,2.0,38.4286,1.0,0,1054028,0.0
46,Santiago del Estero,2020,25.3,65.0,65.7143,1.0,0,1054028,0.0
47,Santiago del Estero,2020,25.4857,3.0,53.2857,1.0,0,1054028,0.0
48,Santiago del Estero,2020,29.3571,21.0,55.5714,1.0,0,1054028,0.0
49,Santiago del Estero,2020,23.5143,18.0,64.5714,2.0,0,1054028,0.0
50,Santiago del Estero,2020,29.6286,0.0,42.0,0.0,0,1054028,0.0
51,Santiago del Estero,2020,28.5571,0.0,47.4286,0.0,0,1054028,0.0
52,Santiago del Estero,2020,28.7,35.0,52.5714,2.0,0,1054028,0.0
53,Santiago del Estero,2020,27.1,32.0,60.0,3.0,0,1054028,0.0
1,Santiago del Estero,2021,25.5429,39.0,75.7143,3.0,0,1054028,0.0
2,Santiago del Estero,2021,25.4,25.0,77.4286,2.0,0,1054028,0.0
3,Santiago del Estero,2021,27.6571,2.0,56.5714,1.0,0,1054028,0.0
4,Santiago del Estero,2021,28.1714,4.3,64.2857,2.0,0,1054028,0.0
5,Santiago del Estero,2021,24.2429,13.0,68.4286,2.0,0,1054028,0.0
6,Santiago del Estero,2021,24.6143,115.6,76.7143,4.0,0,1054028,0.0
7,Santiago del Estero,2021,24.8857,25.0,73.5714,2.0,0,1054028,0.0
8,Santiago del Estero,2021,27.9571,2.0,67.1429,1.0,0,1054028,0.0
9,Santiago del Estero,2021,26.1429,142.6,74.2857,2.0,0,1054028,0.0
10,Santiago del Estero,2021,25.9,11.0,68.8571,2.0,0,1054028,0.0
11,Santiago del Estero,2021,21.7857,12.0,82.1429,1.0,0,1054028,0.0
12,Santiago del Estero,2021,22.4571,31.0,77.2857,2.0,0,1054028,0.0
13,Santiago del Estero,2021,22.3571,0.0,68.7143,0.0,0,1054028,0.0
14,Santiago del Estero,2021,23.5286,0.4,77.5714,0.0,0,1054028,0.0
15,Santiago del Estero,2021,22.6286,0.0,73.1429,0.0,0,1054028,0.0
16,Santiago del Estero,2021,22.6857,36.0,74.5714,2.0,0,1054028,0.0
17,Santiago del Estero,2021,17.9714,0.0,71.7143,0.0,0,1054028,0.0
18,Santiago del Estero,2021,14.7571,5.0,77.0,1.0,0,1054028,0.0
19,Santiago del Estero,2021,15.0571,0.0,72.5714,0.0,0,1054028,0.0
20,Santiago del Estero,2021,17.5714,0.0,70.4286,0.0,0,1054028,0.0
21,Santiago del Estero,2021,13.0143,0.0,67.2857,0.0,0,1054028,0.0
22,Santiago del Estero,2021,15.7429,0.0,71.8571,0.0,0,1054028,0.0
23,Santiago del Estero,2021,15.1429,0.0,78.8571,0.0,0,1054028,0.0
24,Santiago del Estero,2021,9.1286,1.5,77.0,0.0,0,1054028,0.0
25,Santiago del Estero,2021,9.0286,0.0,77.2857,0.0,0,1054028,0.0
26,Santiago del Estero,2021,7.9286,0.0,55.0,0.0,0,1054028,0.0
27,Santiago del Estero,2021,16.4857,0.0,61.0,0.0,0,1054028,0.0
28,Santiago del Estero,2021,12.7143,0.0,61.2857,0.0,0,1054028,0.0
29,Santiago del Estero,2021,12.3429,0.0,53.7143,0.0,0,1054028,0.0
30,Santiago del Estero,2021,9.7,0.0,51.0,0.0,0,1054028,0.0
1,Santiago del Estero,2022,29.8143,4.0,45.5714,2.0,0,1054028,0.0
2,Santiago del Estero,2022,33.9286,0.0,34.5714,0.0,0,1054028,0.0
3,Santiago del Estero,2022,27.4857,39.8,71.1429,3.0,0,1054028,0.0
4,Santiago del Estero,2022,25.8,23.7,72.0,2.0,0,1054028,0.0
5,Santiago del Estero,2022,27.0429,6.1,59.0,2.0,0,1054028,0.0
6,Santiago del Estero,2022,25.3143,5.0,53.8571,1.0,1,1054028,0.0949
7,Santiago del Estero,2022,27.5286,16.4,61.5714,2.0,0,1054028,0.0
8,Santiago del Estero,2022,27.0429,27.4,67.8571,2.0,0,1054028,0.0
9,Santiago del Estero,2022,26.2143,59.0,78.1429,2.0,0,1054028,0.0
10,Santiago del Estero,2022,21.4286,121.0,85.0,4.0,0,1054028,0.0
11,Santiago del Estero,2022,22.6429,0.0,67.8571,0.0,0,1054028,0.0
12,Santiago del Estero,2022,21.5143,0.0,65.1429,0.0,0,1054028,0.0
13,Santiago del Estero,2022,19.4286,1.0,60.2857,0.0,0,1054028,0.0
14,Santiago del Estero,2022,22.6143,0.1,77.0,0.0,2,1054028,0.1897
15,Santiago del Estero,2022,18.5571,14.8,77.7143,2.0,0,1054028,0.0
16,Santiago del Estero,2022,19.9286,0.0,72.2857,0.0,1,1054028,0.0949
17,Santiago del Estero,2022,19.5857,0.0,62.7143,0.0,0,1054028,0.0
18,Santiago del Estero,2022,16.1429,0.5,64.4286,0.0,0,1054028,0.0
19,Santiago del Estero,2022,18.6714,0.0,71.0,0.0,0,1054028,0.0
20,Santiago del Estero,2022,11.0143,0.0,67.8571,0.0,0,1054028,0.0
21,Santiago del Estero,2022,15.2714,0.0,74.2857,0.0,0,1054028,0.0
22,Santiago del Estero,2022,10.8857,0.0,63.5714,0.0,0,1054028,0.0
23,Santiago del Estero,2022,12.5857,0.0,71.7143,0.0,0,1054028,0.0
24,Santiago del Estero,2022,12.7,0.0,47.1429,0.0,0,1054028,0.0
25,Santiago del Estero,2022,10.3429,8.7,72.2857,1.0,0,1054028,0.0
26,Santiago del Estero,2022,11.5286,0.0,77.1429,0.0,0,1054028,0.0
27,Santiago del Estero,2022,14.7429,0.0,65.4286,0.0,0,1054028,0.0
28,Santiago del Estero,2022,11.2571,0.5,57.2857,0.0,0,1054028,0.0
29,Santiago del Estero,2022,14.8143,0.0,71.1429,0.0,0,1054028,0.0
30,Santiago del Estero,2022,16.7429,0.0,65.0,0.0,0,1054028,0.0
31,Santiago del Estero,2022,14.8,2.7,59.5714,1.0,0,1054028,0.0
32,Santiago del Estero,2022,13.8143,0.0,59.4286,0.0,0,1054028,0.0
33,Santiago del Estero,2022,13.0,0.0,41.5714,0.0,0,1054028,0.0
34,Santiago del Estero,2022,19.0143,0.0,48.0,0.0,0,1054028,0.0
35,Santiago del Estero,2022,15.9857,0.0,40.1429,0.0,0,1054028,0.0
36,Santiago del Estero,2022,16.9,0.0,33.8571,0.0,0,1054028,0.0
37,Santiago del Estero,2022,20.3286,0.0,34.2857,0.0,0,1054028,0.0
38,Santiago del Estero,2022,16.7857,0.3,51.4286,0.0,0,1054028,0.0
39,Santiago del Estero,2022,19.4429,8.0,58.1429,1.0,0,1054028,0.0
40,Santiago del Estero,2022,22.1714,0.1,38.0,0.0,0,1054028,0.0
41,Santiago del Estero,2022,19.1429,2.0,42.2857,1.0,0,1054028,0.0
42,Santiago del Estero,2022,20.9857,3.0,63.5714,1.0,0,1054028,0.0
43,Santiago del Estero,2022,28.0714,0.0,41.2857,0.0,0,1054028,0.0
44,Santiago del Estero,2022,21.2,0.0,31.7143,0.0,0,1054028,0.0
45,Santiago del Estero,2022,25.9571,47.0,52.1429,3.0,0,1054028,0.0
46,Santiago del Estero,2022,28.5714,55.0,45.1429,2.0,0,1054028,0.0
47,Santiago del Estero,2022,25.7429,0.7,54.4286,0.0,0,1054028,0.0
48,Santiago del Estero,2022,26.8857,4.0,54.4286,1.0,0,1054028,0.0
49,Santiago del Estero,2022,32.1286,4.0,48.5714,1.0,0,1054028,0.0
50,Santiago del Estero,2022,28.0,16.0,50.4286,1.0,0,1054028,0.0
1,Santiago del Estero,2023,30.3714,0.0,38.8571,0.0,1,1054028,0.0949
2,Santiago del Estero,2023,28.5571,24.0,51.4286,1.0,0,1054028,0.0
3,Santiago del Estero,2023,31.7143,0.1,49.0,0.0,2,1054028,0.1897
4,Santiago del Estero,2023,29.3,63.0,65.0,3.0,0,1054028,0.0
5,Santiago del Estero,2023,26.7571,34.5,73.0,2.0,1,1054028,0.0949
6,Santiago del Estero,2023,30.4,0.0,55.5714,0.0,1,1054028,0.0949
7,Santiago del Estero,2023,23.5143,54.0,70.0,4.0,8,1054028,0.759
8,Santiago del Estero,2023,26.2143,0.0,65.4286,0.0,23,1054028,2.1821
9,Santiago del Estero,2023,27.2714,37.0,69.5714,1.0,144,1054028,13.6619
10,Santiago del Estero,2023,28.9857,12.0,65.4286,1.0,445,1054028,42.219
11,Santiago del Estero,2023,29.4,0.0,63.7143,0.0,449,1054028,42.5985
12,Santiago del Estero,2023,28.0714,98.0,70.4286,2.0,1026,1054028,97.3409
13,Santiago del Estero,2023,23.0286,10.0,78.4286,1.0,2263,1054028,214.7002
14,Santiago del Estero,2023,22.3429,38.0,85.7143,2.0,1692,1054028,160.527
15,Santiago del Estero,2023,19.8857,16.7,81.1429,3.0,1866,1054028,177.0351
16,Santiago del Estero,2023,18.5429,60.0,78.8571,1.0,1942,1054028,184.2456
17,Santiago del Estero,2023,19.8857,0.0,83.2857,0.0,971,1054028,92.1228
18,Santiago del Estero,2023,16.0714,3.2,74.2857,1.0,965,1054028,91.5535
19,Santiago del Estero,2023,17.7857,0.0,76.4286,0.0,765,1054028,72.5787
20,Santiago del Estero,2023,19.7429,0.0,77.2857,0.0,921,1054028,87.3791
21,Santiago del Estero,2023,19.4,13.0,86.8571,2.0,515,1054028,48.8602
22,Santiago del Estero,2023,18.2286,0.0,85.4286,0.0,614,1054028,58.2527
23,Santiago del Estero,2023,17.9286,0.0,71.5714,0.0,432,1054028,40.9856
24,Santiago del Estero,2023,8.1714,0.0,71.2857,0.0,320,1054028,30.3597
25,Santiago del Estero,2023,14.9286,0.0,78.0,0.0,297,1054028,28.1776
26,Santiago del Estero,2023,16.8571,2.0,77.4286,1.0,58,1054028,5.5027
27,Santiago del Estero,2023,18.7429,0.2,79.0,0.0,48,1054028,4.554
28,Santiago del Estero,2023,12.3571,0.2,77.1429,0.0,7,1054028,0.6641
29,Santiago del Estero,2023,13.7714,0.0,63.4286,0.0,3,1054028,0.2846
30,Santiago del Estero,2023,13.0143,0.0,65.7143,0.0,2,1054028,0.1897
31,Santiago del Estero,2023,19.4857,0.0,60.7143,0.0,0,1054028,0.0
32,Santiago del Estero,2023,14.9286,0.0,53.4286,0.0,2,1054028,0.1897
33,Santiago del Estero,2023,18.3857,0.0,57.0,0.0,1,1054028,0.0949
34,Santiago del Estero,2023,16.9571,0.0,51.0,0.0,0,1054028,0.0
35,Santiago del Estero,2023,17.4429,3.5,54.1429,1.0,0,1054028,0.0
36,Santiago del Estero,2023,16.8,0.0,69.1429,0.0,0,1054028,0.0
37,Santiago del Estero,2023,21.3286,0.0,37.7143,0.0,0,1054028,0.0
38,Santiago del Estero,2023,22.3429,0.0,55.1429,0.0,0,1054028,0.0
39,Santiago del Estero,2023,21.4286,0.0,48.8571,0.0,0,1054028,0.0
40,Santiago del Estero,2023,23.1286,0.0,40.5714,0.0,0,1054028,0.0
41,Santiago del Estero,2023,23.3714,0.0,37.4286,0.0,1,1054028,0.0949
42,Santiago del Estero,2023,24.8857,14.0,61.0,3.0,0,1054028,0.0
43,Santiago del Estero,2023,23.3143,13.9,79.1429,2.0,0,1054028,0.0
44,Santiago del Estero,2023,19.6571,4.0,62.1429,2.0,0,1054028,0.0
45,Santiago del Estero,2023,27.9571,37.7,57.2857,1.0,0,1054028,0.0
46,Santiago del Estero,2023,26.8714,1.1,57.1429,0.0,1,1054028,0.0949
47,Santiago del Estero,2023,26.6143,31.0,63.0,4.0,0,1054028,0.0
48,Santiago del Estero,2023,26.6857,42.0,75.1429,3.0,2,1054028,0.1897
49,Santiago del Estero,2023,23.5,13.0,73.0,3.0,4,1054028,0.3795
50,Santiago del Estero,2023,31.1429,35.0,60.1429,2.0,5,1054028,0.4744
51,Santiago del Estero,2023,24.5429,23.1,80.1429,1.0,19,1054028,1.8026
52,Santiago del Estero,2023,27.7857,22.0,68.2857,2.0,27,1054028,2.5616
1,Santiago del Estero,2024,29.6857,6.0,60.1429,1.0,28,1054028,2.6565
2,Santiago del Estero,2024,27.8,35.0,73.1429,1.0,77,1054028,7.3053
3,Santiago del Estero,2024,28.1,17.3,64.8571,1.0,78,1054028,7.4002
4,Santiago del Estero,2024,28.0143,0.0,55.1429,0.0,129,1054028,12.2388
5,Santiago del Estero,2024,32.4714,0.0,47.0,0.0,152,1054028,14.4209
6,Santiago del Estero,2024,30.3857,20.0,67.1429,3.0,231,1054028,21.9159
7,Santiago del Estero,2024,26.6857,38.2,66.0,1.0,392,1054028,37.1907
8,Santiago del Estero,2024,26.5429,19.0,70.8571,3.0,545,1054028,51.7064
9,Santiago del Estero,2024,27.2143,78.5,81.8571,3.0,656,1054028,62.2374
10,Santiago del Estero,2024,26.0714,8.0,83.1429,1.0,1100,1054028,104.3616
11,Santiago del Estero,2024,29.8143,10.8,74.0,1.0,1761,1054028,167.0734
12,Santiago del Estero,2024,24.9143,0.0,74.0,0.0,2400,1054028,227.6979
13,Santiago del Estero,2024,27.8,0.0,64.0,0.0,2482,1054028,235.4776
14,Santiago del Estero,2024,21.3571,6.5,84.4286,1.0,2649,1054028,251.3216
15,Santiago del Estero,2024,18.1857,32.9,91.4286,4.0,2022,1054028,191.8355
16,Santiago del Estero,2024,21.3,0.0,67.4286,0.0,1679,1054028,159.2937
17,Santiago del Estero,2024,17.9571,27.7,91.4286,3.0,989,1054028,93.8305
18,Santiago del Estero,2024,17.7571,0.0,84.0,0.0,713,1054028,67.6453
19,Santiago del Estero,2024,15.7429,2.0,78.5714,1.0,388,1054028,36.8112
20,Santiago del Estero,2024,10.3571,0.0,72.4286,0.0,232,1054028,22.0108
21,Santiago del Estero,2024,12.5429,0.0,72.1429,0.0,95,1054028,9.013
22,Santiago del Estero,2024,11.0286,0.0,71.2857,0.0,2,1054028,0.1897
23,Santiago del Estero,2024,17.1286,0.0,67.8571,0.0,4,1054028,0.3795
24,Santiago del Estero,2024,19.0857,0.0,69.1429,0.0,3,1054028,0.2846
25,Santiago del Estero,2024,17.2,0.0,85.1429,0.0,3,1054028,0.2846
26,Santiago del Estero,2024,9.5714,0.0,62.7143,0.0,2,1054028,0.1897
27,Santiago del Estero,2024,11.5429,0.0,53.2857,0.0,0,1054028,0.0
28,Santiago del Estero,2024,5.9714,0.0,65.4286,0.0,0,1054028,0.0
29,Santiago del Estero,2024,11.2429,2.1,70.4286,1.0,0,1054028,0.0
30,Santiago del Estero,2024,14.2286,0.0,66.8571,0.0,0,1054028,0.0
31,Santiago del Estero,2024,16.8143,0.0,59.5714,0.0,0,1054028,0.0
32,Santiago del Estero,2024,12.6143,0.0,54.0,0.0,0,1054028,0.0
33,Santiago del Estero,2024,14.6857,0.0,50.5714,0.0,0,1054028,0.0
34,Santiago del Estero,2024,12.4857,0.0,71.0,0.0,0,1054028,0.0
35,Santiago del Estero,2024,15.8857,0.0,52.0,0.0,0,1054028,0.0
36,Santiago del Estero,2024,19.9571,0.0,42.4286,0.0,0,1054028,0.0
37,Santiago del Estero,2024,19.8429,0.0,50.5714,0.0,0,1054028,0.0
38,Santiago del Estero,2024,26.5,0.0,42.5714,0.0,0,1054028,0.0
39,Santiago del Estero,2024,23.4714,0.5,47.2857,0.0,0,1054028,0.0
40,Santiago del Estero,2024,25.5857,0.0,40.1429,0.0,0,1054028,0.0
41,Santiago del Estero,2024,22.0571,64.6,77.4286,4.0,0,1054028,0.0
42,Santiago del Estero,2024,25.9286,1.0,66.7143,0.0,0,1054028,0.0
43,Santiago del Estero,2024,25.6714,0.0,50.5714,0.0,0,1054028,0.0
44,Santiago del Estero,2024,26.7286,28.0,59.1429,2.0,0,1054028,0.0
45,Santiago del Estero,2024,24.6571,20.0,72.2857,3.0,0,1054028,0.0
46,Santiago del Estero,2024,25.1286,11.3,53.0,1.0,0,1054028,0.0
47,Santiago del Estero,2024,23.5571,21.0,82.0,2.0,0,1054028,0.0
48,Santiago del Estero,2024,26.6429,89.0,81.2857,4.0,0,1054028,0.0
49,Santiago del Estero,2024,24.3286,0.6,63.4286,0.0,0,1054028,0.0
50,Santiago del Estero,2024,26.5857,15.0,62.5714,1.0,0,1054028,0.0
51,Santiago del Estero,2024,27.9429,0.5,54.5714,0.0,0,1054028,0.0
52,Santiago del Estero,2024,28.2286,12.0,54.7143,1.0,0,1054028,0.0
1,Santiago del Estero,2025,29.6,1.2,53.1429,0.0,0,1054028,0.0
2,Santiago del Estero,2025,28.6714,17.1,60.7143,3.0,0,1054028,0.0
3,Santiago del Estero,2025,30.1,16.0,51.2857,2.0,0,1054028,0.0
4,Santiago del Estero,2025,27.6429,96.0,68.2857,4.0,0,1054028,0.0
5,Santiago del Estero,2025,27.7429,35.0,72.1429,2.0,0,1054028,0.0
6,Santiago del Estero,2025,32.7429,0.0,53.8571,0.0,0,1054028,0.0
7,Santiago del Estero,2025,30.7429,29.6,61.4286,2.0,1,1054028,0.0949
8,Santiago del Estero,2025,28.7,4.0,71.5714,1.0,0,1054028,0.0
9,Santiago del Estero,2025,30.0714,22.0,67.8571,1.0,0,1054028,0.0
10,Santiago del Estero,2025,28.7857,14.6,61.4286,2.0,0,1054028,0.0
11,Santiago del Estero,2025,21.3714,0.0,77.2857,0.0,0,1054028,0.0
12,Santiago del Estero,2025,25.4,32.6,71.8571,2.0,0,1054028,0.0
13,Santiago del Estero,2025,20.8,34.8,91.2857,5.0,0,1054028,0.0
14,Santiago del Estero,2025,17.1143,0.8,71.0,0.0,0,1054028,0.0
15,Santiago del Estero,2025,20.0143,0.0,74.7143,0.0,0,1054028,0.0
16,Santiago del Estero,2025,21.8429,1.2,70.2857,1.0,0,1054028,0.0
17,Santiago del Estero,2025,19.8714,3.8,80.2857,1.0,0,1054028,0.0
18,Santiago del Estero,2025,20.4857,0.0,72.5714,0.0,0,1054028,0.0
19,Santiago del Estero,2025,21.8286,5.6,82.2857,1.0,0,1054028,0.0
20,Santiago del Estero,2025,21.9571,1.0,70.4286,0.0,0,1054028,0.0
21,Santiago del Estero,2025,16.1571,11.9,87.8571,2.0,0,1054028,0.0
22,Santiago del Estero,2025,10.8286,2.7,77.2857,1.0,0,1054028,0.0
23,Santiago del Estero,2025,14.1143,0.0,78.5714,0.0,0,1054028,0.0
24,Santiago del Estero,2025,12.5143,0.0,74.1429,0.0,0,1054028,0.0
25,Santiago del Estero,2025,11.2286,0.0,73.2857,0.0,0,1054028,0.0
26,Santiago del Estero,2025,8.9714,0.0,61.4286,0.0,0,1054028,0.0
27,Santiago del Estero,2025,9.8286,0.0,64.1429,0.0,0,1054028,0.0
28,Santiago del Estero,2025,17.1429,1.2,77.7143,1.0,0,1054028,0.0
29,Santiago del Estero,2025,13.8714,0.0,63.5714,0.0,0,1054028,0.0
30,Santiago del Estero,2025,13.1857,5.7,83.4286,2.0,0,1054028,0.0
31,Santiago del Estero,2025,14.8429,0.0,73.1429,0.0,0,1054028,0.0
32,Santiago del Estero,2025,13.9714,0.0,58.4286,0.0,0,1054028,0.0
33,Santiago del Estero,2025,16.0571,0.0,54.1429,0.0,0,1054028,0.0
34,Santiago del Estero,2025,16.5714,0.0,51.2857,0.0,0,1054028,0.0
35,Santiago del Estero,2025,17.8857,0.0,47.7143,0.0,0,1054028,0.0
36,Santiago del Estero,2025,14.8571,0.0,50.8571,0.0,0,1054028,0.0
37,Santiago del Estero,2025,22.0857,0.0,46.1429,0.0,0,1054028,0.0
38,Santiago del Estero,2025,26.0429,0.0,62.1429,0.0,0,1054028,0.0
39,Santiago del Estero,2025,22.6143,0.0,41.4286,0.0,0,1054028,0.0
40,Santiago del Estero,2025,25.5714,0.0,53.0,0.0,0,1054028,0.0
41,Santiago del Estero,2025,22.5571,0.0,36.8571,0.0,0,1054028,0.0
42,Santiago del Estero,2025,24.5714,19.0,54.1429,1.0,0,1054028,0.0
1,Tierra del Fuego,2018,8.4643,14.05,77.2143,2.0,0,190641,0.0
2,Tierra del Fuego,2018,12.7286,3.15,70.9286,0.5,0,190641,0.0
3,Tierra del Fuego,2018,11.0429,2.6,68.2857,0.5,0,190641,0.0
4,Tierra del Fuego,2018,10.9857,1.0,69.2143,0.0,0,190641,0.0
5,Tierra del Fuego,2018,12.4,3.1,70.8571,1.0,0,190641,0.0
6,Tierra del Fuego,2018,9.2,2.65,67.0,1.0,0,190641,0.0
7,Tierra del Fuego,2018,10.6143,7.0,75.8571,1.0,0,190641,0.0
8,Tierra del Fuego,2018,11.9929,0.4,68.0,0.0,0,190641,0.0
9,Tierra del Fuego,2018,9.9286,1.25,68.5,0.5,0,190641,0.0
10,Tierra del Fuego,2018,9.2571,3.75,71.1429,1.0,0,190641,0.0
11,Tierra del Fuego,2018,6.75,17.9,75.2857,3.5,0,190641,0.0
12,Tierra del Fuego,2018,7.8143,1.15,70.2143,0.0,0,190641,0.0
13,Tierra del Fuego,2018,7.8643,3.5,71.2857,1.5,0,190641,0.0
14,Tierra del Fuego,2018,4.4714,7.95,79.7857,1.5,0,190641,0.0
15,Tierra del Fuego,2018,7.3429,1.6,74.2857,0.5,0,190641,0.0
16,Tierra del Fuego,2018,5.3143,6.35,80.6429,1.0,0,190641,0.0
17,Tierra del Fuego,2018,4.1571,7.2,75.8571,1.0,0,190641,0.0
18,Tierra del Fuego,2018,5.1786,0.4,77.3571,0.0,0,190641,0.0
19,Tierra del Fuego,2018,4.75,1.1,78.9286,0.5,0,190641,0.0
20,Tierra del Fuego,2018,2.6571,2.45,83.2143,1.0,0,190641,0.0
21,Tierra del Fuego,2018,3.3643,22.15,85.2857,2.5,0,190641,0.0
22,Tierra del Fuego,2018,3.4357,0.3,73.6429,0.0,0,190641,0.0
23,Tierra del Fuego,2018,2.1571,0.9,84.9286,0.0,0,190641,0.0
24,Tierra del Fuego,2018,1.8714,1.25,79.7143,0.0,0,190641,0.0
25,Tierra del Fuego,2018,-0.0643,34.25,85.7857,4.0,0,190641,0.0
26,Tierra del Fuego,2018,-0.2286,14.25,84.9286,1.5,0,190641,0.0
27,Tierra del Fuego,2018,-0.7,1.0,87.1429,0.5,0,190641,0.0
1,Tierra del Fuego,2019,8.7286,2.45,65.0714,0.5,0,190641,0.0
2,Tierra del Fuego,2019,9.4,9.1,64.4286,0.5,0,190641,0.0
3,Tierra del Fuego,2019,11.1786,2.05,64.2143,0.5,0,190641,0.0
4,Tierra del Fuego,2019,10.5929,4.35,60.1429,1.0,0,190641,0.0
5,Tierra del Fuego,2019,10.2429,8.55,68.6429,1.0,0,190641,0.0
6,Tierra del Fuego,2019,11.65,2.5,62.9286,1.0,0,190641,0.0
7,Tierra del Fuego,2019,10.3571,5.5,65.7143,0.5,0,190641,0.0
8,Tierra del Fuego,2019,6.0143,11.0,73.8571,1.5,0,190641,0.0
9,Tierra del Fuego,2019,8.6357,8.55,80.0,2.5,0,190641,0.0
10,Tierra del Fuego,2019,8.1929,2.45,72.7857,0.5,0,190641,0.0
11,Tierra del Fuego,2019,8.9857,24.55,80.3571,2.0,0,190641,0.0
12,Tierra del Fuego,2019,8.9429,10.6,79.9286,2.0,0,190641,0.0
13,Tierra del Fuego,2019,9.6357,4.15,73.6429,0.5,0,190641,0.0
14,Tierra del Fuego,2019,6.3643,26.65,79.5714,3.5,0,190641,0.0
15,Tierra del Fuego,2019,5.4786,14.4,79.2857,2.0,0,190641,0.0
16,Tierra del Fuego,2019,5.1786,15.85,79.6429,1.5,0,190641,0.0
17,Tierra del Fuego,2019,6.0143,7.25,80.3571,0.5,0,190641,0.0
18,Tierra del Fuego,2019,2.2929,0.25,78.9286,0.0,0,190641,0.0
19,Tierra del Fuego,2019,6.0571,4.8,71.1429,0.5,0,190641,0.0
20,Tierra del Fuego,2019,5.4071,1.85,81.5,0.0,0,190641,0.0
21,Tierra del Fuego,2019,4.2357,25.5,83.7143,2.0,0,190641,0.0
22,Tierra del Fuego,2019,1.7214,6.65,81.2857,1.5,0,190641,0.0
23,Tierra del Fuego,2019,3.4929,5.25,86.6429,1.0,0,190641,0.0
24,Tierra del Fuego,2019,0.9429,2.75,86.1429,1.0,0,190641,0.0
25,Tierra del Fuego,2019,3.1643,13.3,84.9286,2.0,0,190641,0.0
26,Tierra del Fuego,2019,-1.7857,12.85,88.2143,2.5,0,190641,0.0
27,Tierra del Fuego,2019,-0.6143,4.85,89.2857,1.0,0,190641,0.0
28,Tierra del Fuego,2019,3.3,17.6,92.9286,2.5,0,190641,0.0
29,Tierra del Fuego,2019,2.05,4.2,82.2857,1.0,0,190641,0.0
30,Tierra del Fuego,2019,2.6571,8.55,83.3571,2.0,0,190641,0.0
31,Tierra del Fuego,2019,3.0286,12.5,79.9286,1.5,0,190641,0.0
32,Tierra del Fuego,2019,0.4143,29.2,83.2143,2.0,0,190641,0.0
33,Tierra del Fuego,2019,0.3143,0.1,79.0714,0.0,0,190641,0.0
34,Tierra del Fuego,2019,3.4429,3.9,81.1429,1.0,0,190641,0.0
35,Tierra del Fuego,2019,2.9071,14.95,78.1429,1.5,0,190641,0.0
36,Tierra del Fuego,2019,2.5214,2.95,78.5714,0.5,0,190641,0.0
37,Tierra del Fuego,2019,3.4429,8.05,75.2143,2.0,0,190641,0.0
38,Tierra del Fuego,2019,3.05,11.4,82.0,2.0,0,190641,0.0
39,Tierra del Fuego,2019,7.1,8.25,73.2857,2.5,0,190641,0.0
40,Tierra del Fuego,2019,4.3929,6.7,71.7143,1.5,0,190641,0.0
41,Tierra del Fuego,2019,2.6286,18.25,74.8571,3.0,0,190641,0.0
42,Tierra del Fuego,2019,8.05,1.55,67.5714,0.5,0,190641,0.0
43,Tierra del Fuego,2019,8.3071,0.9,66.2143,0.0,0,190641,0.0
44,Tierra del Fuego,2019,6.5214,4.0,68.0714,1.5,0,190641,0.0
45,Tierra del Fuego,2019,4.9786,6.1,71.7143,1.0,0,190641,0.0
46,Tierra del Fuego,2019,9.9071,8.8,74.0714,2.0,0,190641,0.0
47,Tierra del Fuego,2019,9.4286,7.55,68.2857,1.5,0,190641,0.0
48,Tierra del Fuego,2019,8.1857,9.45,69.9286,1.0,0,190641,0.0
49,Tierra del Fuego,2019,9.7429,11.55,69.2143,2.0,0,190641,0.0
50,Tierra del Fuego,2019,8.7857,12.1,73.7857,2.0,0,190641,0.0
51,Tierra del Fuego,2019,10.0857,18.55,71.0,3.0,0,190641,0.0
52,Tierra del Fuego,2019,11.4143,6.05,60.9286,1.5,0,190641,0.0
1,Tierra del Fuego,2020,11.9429,2.45,62.0714,0.5,0,190641,0.0
2,Tierra del Fuego,2020,10.15,41.15,76.1429,3.5,0,190641,0.0
3,Tierra del Fuego,2020,9.9857,33.1,79.4286,4.0,0,190641,0.0
4,Tierra del Fuego,2020,10.3571,5.0,70.5714,1.5,0,190641,0.0
5,Tierra del Fuego,2020,10.3857,10.9,72.2143,2.0,0,190641,0.0
6,Tierra del Fuego,2020,11.2286,5.05,75.2143,0.5,0,190641,0.0
7,Tierra del Fuego,2020,10.7071,5.25,73.0,1.0,0,190641,0.0
8,Tierra del Fuego,2020,11.4214,10.95,71.5,2.5,0,190641,0.0
9,Tierra del Fuego,2020,10.7071,10.3,71.7143,2.0,0,190641,0.0
10,Tierra del Fuego,2020,11.5357,11.65,73.6429,1.0,1,190641,0.5245
11,Tierra del Fuego,2020,10.3643,8.0,77.3571,2.0,0,190641,0.0
12,Tierra del Fuego,2020,8.2571,10.35,72.2857,2.0,1,190641,0.5245
13,Tierra del Fuego,2020,8.3286,2.45,73.6429,0.5,0,190641,0.0
14,Tierra del Fuego,2020,8.1643,2.1,72.7143,1.0,0,190641,0.0
15,Tierra del Fuego,2020,9.3,1.1,70.9286,0.5,0,190641,0.0
16,Tierra del Fuego,2020,8.3643,0.45,75.8571,0.0,1,190641,0.5245
17,Tierra del Fuego,2020,4.1714,4.5,76.2143,1.0,0,190641,0.0
18,Tierra del Fuego,2020,6.0714,2.35,83.6429,0.5,0,190641,0.0
19,Tierra del Fuego,2020,4.4,6.1,84.6429,1.0,1,190641,0.5245
20,Tierra del Fuego,2020,4.3071,8.5,82.5714,1.5,0,190641,0.0
21,Tierra del Fuego,2020,4.5,31.25,84.5,3.0,0,190641,0.0
22,Tierra del Fuego,2020,5.3143,7.55,81.6429,1.0,0,190641,0.0
23,Tierra del Fuego,2020,5.1571,4.75,76.1429,1.0,0,190641,0.0
24,Tierra del Fuego,2020,0.4143,5.75,83.7857,1.5,0,190641,0.0
25,Tierra del Fuego,2020,1.4071,5.4,88.7857,1.5,0,190641,0.0
26,Tierra del Fuego,2020,-1.2429,6.65,85.9881,1.0,0,190641,0.0
27,Tierra del Fuego,2020,-3.1357,0.0,86.8571,0.0,0,190641,0.0
28,Tierra del Fuego,2020,0.05,10.25,84.0,1.5,0,190641,0.0
29,Tierra del Fuego,2020,-3.2214,5.35,90.7143,1.0,0,190641,0.0
30,Tierra del Fuego,2020,-1.2929,4.0,86.2619,1.5,0,190641,0.0
31,Tierra del Fuego,2020,2.2,4.75,83.8571,1.5,0,190641,0.0
32,Tierra del Fuego,2020,3.4429,0.6,76.8571,0.0,0,190641,0.0
33,Tierra del Fuego,2020,-0.0643,9.75,84.0,2.5,0,190641,0.0
34,Tierra del Fuego,2020,2.6857,6.3,81.8571,1.0,0,190641,0.0
35,Tierra del Fuego,2020,0.5143,12.15,79.6429,2.0,0,190641,0.0
36,Tierra del Fuego,2020,2.6429,3.9,84.2143,1.0,0,190641,0.0
37,Tierra del Fuego,2020,4.7929,2.05,76.8571,0.5,0,190641,0.0
38,Tierra del Fuego,2020,3.1929,12.6,74.8571,2.0,0,190641,0.0
39,Tierra del Fuego,2020,6.2143,1.9,73.1429,0.5,0,190641,0.0
40,Tierra del Fuego,2020,2.7,12.9,77.5714,1.5,0,190641,0.0
41,Tierra del Fuego,2020,6.7571,1.2,67.7143,0.5,0,190641,0.0
42,Tierra del Fuego,2020,6.7571,14.3,74.0714,3.5,0,190641,0.0
43,Tierra del Fuego,2020,6.4571,2.7,75.2857,0.5,0,190641,0.0
44,Tierra del Fuego,2020,8.5,3.8,74.0,1.0,0,190641,0.0
45,Tierra del Fuego,2020,9.9143,0.45,69.6429,0.0,0,190641,0.0
46,Tierra del Fuego,2020,9.1571,0.8,67.7143,0.0,0,190641,0.0
47,Tierra del Fuego,2020,11.3857,1.4,72.5714,0.0,0,190641,0.0
48,Tierra del Fuego,2020,7.6786,5.7,72.5,1.0,0,190641,0.0
49,Tierra del Fuego,2020,9.5643,2.5,71.2143,0.5,0,190641,0.0
50,Tierra del Fuego,2020,9.8143,9.25,79.1429,1.5,0,190641,0.0
51,Tierra del Fuego,2020,8.3286,9.85,75.0,1.5,0,190641,0.0
52,Tierra del Fuego,2020,11.4286,0.95,61.1429,0.0,0,190641,0.0
53,Tierra del Fuego,2020,11.9071,5.4,67.2857,1.5,0,190641,0.0
1,Tierra del Fuego,2021,11.4571,14.55,65.3571,2.0,0,190641,0.0
2,Tierra del Fuego,2021,10.2214,3.9,74.0,0.5,0,190641,0.0
3,Tierra del Fuego,2021,12.0429,6.15,62.6429,1.5,0,190641,0.0
4,Tierra del Fuego,2021,7.9286,3.55,69.5,1.0,0,190641,0.0
5,Tierra del Fuego,2021,11.7571,0.9,68.9286,0.0,0,190641,0.0
6,Tierra del Fuego,2021,12.5643,6.5,73.0714,1.0,0,190641,0.0
7,Tierra del Fuego,2021,10.4643,5.0,72.7143,1.0,0,190641,0.0
8,Tierra del Fuego,2021,10.2214,3.95,70.0714,0.5,0,190641,0.0
9,Tierra del Fuego,2021,10.1,3.25,67.5,1.0,0,190641,0.0
10,Tierra del Fuego,2021,9.5429,6.3,66.2857,1.5,0,190641,0.0
11,Tierra del Fuego,2021,8.7786,4.85,72.5,1.0,0,190641,0.0
12,Tierra del Fuego,2021,8.4857,13.05,74.2857,2.0,0,190641,0.0
13,Tierra del Fuego,2021,6.8,3.35,79.6429,0.5,0,190641,0.0
14,Tierra del Fuego,2021,7.3429,7.15,75.7143,1.0,0,190641,0.0
15,Tierra del Fuego,2021,8.2857,5.4,70.1429,1.5,0,190641,0.0
16,Tierra del Fuego,2021,6.5929,4.6,82.7857,0.5,0,190641,0.0
17,Tierra del Fuego,2021,4.3786,5.9,87.2857,1.5,0,190641,0.0
18,Tierra del Fuego,2021,4.6214,0.25,82.6429,0.0,0,190641,0.0
19,Tierra del Fuego,2021,7.2357,1.3,74.0,0.5,0,190641,0.0
20,Tierra del Fuego,2021,6.3286,20.7,91.3571,3.0,0,190641,0.0
21,Tierra del Fuego,2021,-1.1786,12.05,88.2857,3.5,0,190641,0.0
22,Tierra del Fuego,2021,-1.0357,8.25,88.7857,1.5,0,190641,0.0
23,Tierra del Fuego,2021,3.8786,1.9,84.1429,0.5,0,190641,0.0
24,Tierra del Fuego,2021,2.1429,0.5,86.0714,0.0,0,190641,0.0
25,Tierra del Fuego,2021,3.5286,4.85,82.2857,1.0,0,190641,0.0
26,Tierra del Fuego,2021,4.0714,2.75,81.6429,0.5,0,190641,0.0
27,Tierra del Fuego,2021,3.0214,7.05,82.9286,1.5,0,190641,0.0
28,Tierra del Fuego,2021,0.3571,18.25,88.6429,3.0,0,190641,0.0
29,Tierra del Fuego,2021,2.4071,5.15,83.7857,1.0,0,190641,0.0
30,Tierra del Fuego,2021,3.7214,6.8,80.4286,2.0,0,190641,0.0
1,Tierra del Fuego,2022,9.4071,4.65,61.7857,1.5,0,190641,0.0
2,Tierra del Fuego,2022,8.3071,18.35,64.5,1.5,0,190641,0.0
3,Tierra del Fuego,2022,10.7929,2.4,74.7143,0.5,0,190641,0.0
4,Tierra del Fuego,2022,10.1286,13.95,73.0714,1.0,0,190641,0.0
5,Tierra del Fuego,2022,9.0071,6.1,68.2143,1.5,0,190641,0.0
6,Tierra del Fuego,2022,10.95,17.05,65.4286,2.5,0,190641,0.0
7,Tierra del Fuego,2022,8.8429,1.0,67.9286,0.0,0,190641,0.0
8,Tierra del Fuego,2022,11.2143,0.1,73.2143,0.0,0,190641,0.0
9,Tierra del Fuego,2022,8.0857,17.0,74.5714,3.0,0,190641,0.0
10,Tierra del Fuego,2022,8.6143,21.5,75.1429,2.0,0,190641,0.0
11,Tierra del Fuego,2022,5.8571,10.95,78.6429,2.0,0,190641,0.0
12,Tierra del Fuego,2022,9.0786,6.3,73.2857,1.5,0,190641,0.0
13,Tierra del Fuego,2022,6.2429,6.45,76.2857,1.5,0,190641,0.0
14,Tierra del Fuego,2022,3.8643,5.25,78.7857,1.5,0,190641,0.0
15,Tierra del Fuego,2022,7.1214,5.1,76.5714,1.0,0,190641,0.0
16,Tierra del Fuego,2022,6.2857,0.4,79.5,0.0,0,190641,0.0
17,Tierra del Fuego,2022,3.0643,0.35,82.6429,0.0,0,190641,0.0
18,Tierra del Fuego,2022,5.5,4.85,76.2143,1.0,0,190641,0.0
19,Tierra del Fuego,2022,5.7071,0.35,81.7857,0.0,0,190641,0.0
20,Tierra del Fuego,2022,5.15,8.25,83.8571,2.5,0,190641,0.0
21,Tierra del Fuego,2022,1.6214,6.85,80.3571,1.0,0,190641,0.0
22,Tierra del Fuego,2022,3.1214,0.95,75.2143,0.0,0,190641,0.0
23,Tierra del Fuego,2022,4.3,7.5,78.5,2.0,0,190641,0.0
24,Tierra del Fuego,2022,1.4071,5.05,84.8571,1.5,0,190641,0.0
25,Tierra del Fuego,2022,2.0071,2.95,82.8571,1.0,0,190641,0.0
26,Tierra del Fuego,2022,1.4286,1.5,78.3571,0.5,0,190641,0.0
27,Tierra del Fuego,2022,-1.95,1.05,86.5,0.5,0,190641,0.0
28,Tierra del Fuego,2022,0.9,2.85,81.6429,1.0,0,190641,0.0
29,Tierra del Fuego,2022,1.0,4.85,81.9286,1.5,0,190641,0.0
30,Tierra del Fuego,2022,3.0571,3.8,76.0714,1.0,0,190641,0.0
31,Tierra del Fuego,2022,2.8286,3.4,85.7857,1.0,0,190641,0.0
32,Tierra del Fuego,2022,2.35,6.7,83.8571,2.5,0,190641,0.0
33,Tierra del Fuego,2022,2.9214,5.6,81.2857,1.5,0,190641,0.0
34,Tierra del Fuego,2022,3.4714,2.0,72.1429,0.5,0,190641,0.0
35,Tierra del Fuego,2022,4.1857,8.6,82.5,2.5,0,190641,0.0
36,Tierra del Fuego,2022,3.8786,2.65,73.4286,1.5,0,190641,0.0
37,Tierra del Fuego,2022,4.1143,0.55,70.2857,0.0,0,190641,0.0
38,Tierra del Fuego,2022,5.85,2.15,69.5714,1.0,0,190641,0.0
39,Tierra del Fuego,2022,6.7214,1.15,66.5714,0.0,0,190641,0.0
40,Tierra del Fuego,2022,6.5286,0.6,72.8571,0.0,0,190641,0.0
41,Tierra del Fuego,2022,7.1357,3.05,62.0714,1.0,0,190641,0.0
42,Tierra del Fuego,2022,7.45,3.0,66.2857,1.0,0,190641,0.0
43,Tierra del Fuego,2022,6.4714,5.0,64.9286,1.5,0,190641,0.0
44,Tierra del Fuego,2022,9.7357,0.65,71.2857,0.0,0,190641,0.0
45,Tierra del Fuego,2022,9.4429,1.45,65.2143,0.5,0,190641,0.0
46,Tierra del Fuego,2022,10.6714,2.2,59.8571,1.0,0,190641,0.0
47,Tierra del Fuego,2022,9.7714,4.05,60.0714,1.0,0,190641,0.0
48,Tierra del Fuego,2022,9.6214,1.5,62.5714,0.0,0,190641,0.0
49,Tierra del Fuego,2022,7.6071,0.3,61.1429,0.0,0,190641,0.0
50,Tierra del Fuego,2022,10.7929,3.1,61.2143,1.0,0,190641,0.0
1,Tierra del Fuego,2023,11.2071,8.35,65.5714,2.0,0,190641,0.0
2,Tierra del Fuego,2023,11.8929,0.0,65.1429,0.0,0,190641,0.0
3,Tierra del Fuego,2023,12.25,1.1,64.8571,0.5,0,190641,0.0
4,Tierra del Fuego,2023,11.1071,3.8,62.0,1.0,0,190641,0.0
5,Tierra del Fuego,2023,12.0286,5.2,62.5,1.5,0,190641,0.0
6,Tierra del Fuego,2023,11.2071,14.55,66.9286,2.5,1,190641,0.5245
7,Tierra del Fuego,2023,7.3571,14.55,72.5714,1.5,0,190641,0.0
8,Tierra del Fuego,2023,9.4571,5.3,69.9286,1.0,0,190641,0.0
9,Tierra del Fuego,2023,6.9571,10.15,75.2143,2.0,0,190641,0.0
10,Tierra del Fuego,2023,8.3929,2.4,71.0,0.5,2,190641,1.0491
11,Tierra del Fuego,2023,6.8071,14.85,73.2143,2.0,1,190641,0.5245
12,Tierra del Fuego,2023,8.2714,6.6,69.0714,2.0,4,190641,2.0982
13,Tierra del Fuego,2023,4.4929,13.2,76.2143,1.5,2,190641,1.0491
14,Tierra del Fuego,2023,7.2571,3.65,70.8571,1.5,3,190641,1.5736
15,Tierra del Fuego,2023,4.2143,1.8,76.5,0.5,4,190641,2.0982
16,Tierra del Fuego,2023,5.7429,2.95,75.2857,0.5,4,190641,2.0982
17,Tierra del Fuego,2023,4.2143,7.75,79.0714,2.5,1,190641,0.5245
18,Tierra del Fuego,2023,6.6714,4.15,77.2857,1.0,2,190641,1.0491
19,Tierra del Fuego,2023,4.75,4.15,79.4286,0.5,1,190641,0.5245
20,Tierra del Fuego,2023,4.9,8.55,78.8571,0.5,0,190641,0.0
21,Tierra del Fuego,2023,3.65,4.0,82.3571,1.0,0,190641,0.0
22,Tierra del Fuego,2023,5.9214,4.2,82.7857,1.5,1,190641,0.5245
23,Tierra del Fuego,2023,2.0143,7.6,85.0714,1.0,0,190641,0.0
24,Tierra del Fuego,2023,3.0286,1.4,81.1429,0.0,0,190641,0.0
25,Tierra del Fuego,2023,0.95,3.4,85.5,1.5,0,190641,0.0
26,Tierra del Fuego,2023,1.5929,6.7,85.1429,1.5,0,190641,0.0
27,Tierra del Fuego,2023,1.0286,0.0,83.0714,0.0,0,190641,0.0
28,Tierra del Fuego,2023,0.7786,1.05,84.7143,0.0,1,190641,0.5245
29,Tierra del Fuego,2023,-0.0929,2.0,82.6429,1.0,0,190641,0.0
30,Tierra del Fuego,2023,-0.1643,2.8,81.7857,1.0,0,190641,0.0
31,Tierra del Fuego,2023,1.0214,16.45,83.5,2.0,0,190641,0.0
32,Tierra del Fuego,2023,2.0,3.25,82.5,1.0,0,190641,0.0
33,Tierra del Fuego,2023,1.8071,6.9,82.0714,1.5,0,190641,0.0
34,Tierra del Fuego,2023,2.1929,4.65,82.8571,1.0,0,190641,0.0
35,Tierra del Fuego,2023,2.5357,0.0,78.9286,0.0,1,190641,0.5245
36,Tierra del Fuego,2023,2.85,4.95,81.0,1.0,0,190641,0.0
37,Tierra del Fuego,2023,2.6643,1.95,78.5714,0.5,0,190641,0.0
38,Tierra del Fuego,2023,3.3357,3.75,72.7143,1.0,0,190641,0.0
39,Tierra del Fuego,2023,5.8429,1.2,64.5,0.5,0,190641,0.0
40,Tierra del Fuego,2023,6.0643,2.8,68.6429,0.5,0,190641,0.0
41,Tierra del Fuego,2023,6.0286,2.3,68.2143,0.5,0,190641,0.0
42,Tierra del Fuego,2023,8.6714,0.1,62.1429,0.0,0,190641,0.0
43,Tierra del Fuego,2023,6.0643,8.75,66.6429,1.5,1,190641,0.5245
44,Tierra del Fuego,2023,6.2929,6.55,63.5714,1.0,0,190641,0.0
45,Tierra del Fuego,2023,7.6429,5.1,63.7857,1.0,1,190641,0.5245
46,Tierra del Fuego,2023,5.0714,11.1,70.5,2.5,0,190641,0.0
47,Tierra del Fuego,2023,7.5643,4.45,70.1429,1.0,1,190641,0.5245
48,Tierra del Fuego,2023,7.4571,5.4,66.2857,1.5,2,190641,1.0491
49,Tierra del Fuego,2023,9.5571,1.0,67.9286,0.5,1,190641,0.5245
50,Tierra del Fuego,2023,8.7929,7.15,62.7143,1.5,5,190641,2.6227
51,Tierra del Fuego,2023,11.5786,0.2,62.2857,0.0,3,190641,1.5736
52,Tierra del Fuego,2023,9.7143,6.0,61.2143,2.0,7,190641,3.6718
1,Tierra del Fuego,2024,11.6571,6.6,65.0,2.0,6,190641,3.1473
2,Tierra del Fuego,2024,8.4357,3.1,61.2857,1.0,3,190641,1.5736
3,Tierra del Fuego,2024,10.5643,19.3,67.0714,2.5,8,190641,4.1964
4,Tierra del Fuego,2024,12.7071,0.8,60.2857,0.0,8,190641,4.1964
5,Tierra del Fuego,2024,10.7214,19.6,69.0,2.5,10,190641,5.2455
6,Tierra del Fuego,2024,12.0929,4.4,66.1429,0.5,8,190641,4.1964
7,Tierra del Fuego,2024,11.2643,10.1,69.0714,2.0,10,190641,5.2455
8,Tierra del Fuego,2024,9.4214,14.3,75.2857,2.0,9,190641,4.7209
9,Tierra del Fuego,2024,10.6786,6.15,77.0,1.5,10,190641,5.2455
10,Tierra del Fuego,2024,9.5929,22.65,81.4286,4.0,5,190641,2.6227
11,Tierra del Fuego,2024,6.4571,5.05,72.6429,0.5,15,190641,7.8682
12,Tierra del Fuego,2024,5.7714,1.85,75.7143,0.5,12,190641,6.2946
13,Tierra del Fuego,2024,7.9214,7.9,72.8571,2.0,9,190641,4.7209
14,Tierra del Fuego,2024,6.1571,6.2,68.2143,1.5,15,190641,7.8682
15,Tierra del Fuego,2024,6.4571,2.35,74.8571,0.5,4,190641,2.0982
16,Tierra del Fuego,2024,6.7857,15.6,80.8571,1.5,7,190641,3.6718
17,Tierra del Fuego,2024,4.3429,17.1,84.3571,3.0,11,190641,5.77
18,Tierra del Fuego,2024,2.1786,19.65,84.0714,3.0,6,190641,3.1473
19,Tierra del Fuego,2024,1.8571,7.15,82.3571,1.5,1,190641,0.5245
20,Tierra del Fuego,2024,5.0714,12.85,79.6429,1.0,0,190641,0.0
21,Tierra del Fuego,2024,2.3857,2.8,85.0714,1.0,2,190641,1.0491
22,Tierra del Fuego,2024,0.7786,5.2,84.0714,1.5,0,190641,0.0
23,Tierra del Fuego,2024,-0.5571,5.45,85.8571,1.0,0,190641,0.0
24,Tierra del Fuego,2024,-1.4,2.65,86.4286,0.5,0,190641,0.0
25,Tierra del Fuego,2024,-3.8429,0.9,86.7738,0.5,0,190641,0.0
26,Tierra del Fuego,2024,-2.4357,5.65,87.9643,2.0,0,190641,0.0
27,Tierra del Fuego,2024,-0.8071,7.95,88.7857,2.0,0,190641,0.0
28,Tierra del Fuego,2024,3.35,6.35,81.4286,1.0,0,190641,0.0
29,Tierra del Fuego,2024,3.9214,11.1,82.2143,3.0,0,190641,0.0
30,Tierra del Fuego,2024,1.7,7.5,79.3571,2.0,0,190641,0.0
31,Tierra del Fuego,2024,1.3071,9.95,83.5,2.0,0,190641,0.0
32,Tierra del Fuego,2024,0.4571,4.65,87.9286,1.0,0,190641,0.0
33,Tierra del Fuego,2024,3.1786,6.05,87.2857,1.5,0,190641,0.0
34,Tierra del Fuego,2024,4.5,0.15,80.7857,0.0,0,190641,0.0
35,Tierra del Fuego,2024,5.3571,3.6,76.0,1.0,0,190641,0.0
36,Tierra del Fuego,2024,5.8214,1.9,68.5714,1.0,0,190641,0.0
37,Tierra del Fuego,2024,3.5071,6.4,72.8571,1.5,0,190641,0.0
38,Tierra del Fuego,2024,2.9,4.2,66.7857,1.0,0,190641,0.0
39,Tierra del Fuego,2024,1.7,3.85,73.0,1.0,0,190641,0.0
40,Tierra del Fuego,2024,3.4714,3.9,71.0714,1.0,0,190641,0.0
41,Tierra del Fuego,2024,7.9357,2.85,71.3571,1.0,0,190641,0.0
42,Tierra del Fuego,2024,8.8286,2.5,64.7857,0.5,0,190641,0.0
43,Tierra del Fuego,2024,7.4429,5.65,69.1429,1.0,0,190641,0.0
44,Tierra del Fuego,2024,9.0214,12.0,66.5,1.5,0,190641,0.0
45,Tierra del Fuego,2024,6.4857,10.8,76.2857,3.0,0,190641,0.0
46,Tierra del Fuego,2024,8.2071,4.8,69.7857,0.5,0,190641,0.0
47,Tierra del Fuego,2024,10.4786,7.7,62.4286,1.5,0,190641,0.0
48,Tierra del Fuego,2024,8.8214,0.4,67.0714,0.0,0,190641,0.0
49,Tierra del Fuego,2024,7.0714,7.05,70.2143,2.0,0,190641,0.0
50,Tierra del Fuego,2024,10.9357,0.3,61.3571,0.0,0,190641,0.0
51,Tierra del Fuego,2024,9.7,3.35,66.0714,1.0,0,190641,0.0
52,Tierra del Fuego,2024,13.2286,8.2,68.1429,2.0,0,190641,0.0
1,Tierra del Fuego,2025,12.1071,9.75,75.6429,2.0,0,190641,0.0
2,Tierra del Fuego,2025,11.9571,15.65,66.2143,3.0,0,190641,0.0
3,Tierra del Fuego,2025,10.6929,2.3,63.0,0.5,0,190641,0.0
4,Tierra del Fuego,2025,11.9214,24.35,72.3571,3.0,0,190641,0.0
5,Tierra del Fuego,2025,11.7357,5.75,67.5714,1.5,0,190641,0.0
6,Tierra del Fuego,2025,9.2429,1.3,68.0714,0.5,0,190641,0.0
7,Tierra del Fuego,2025,8.3929,13.5,73.5,3.0,0,190641,0.0
8,Tierra del Fuego,2025,10.9,7.6,64.0714,1.5,0,190641,0.0
9,Tierra del Fuego,2025,7.9857,15.35,77.0,3.0,0,190641,0.0
10,Tierra del Fuego,2025,8.0929,26.95,78.6429,3.5,0,190641,0.0
11,Tierra del Fuego,2025,9.0286,4.8,71.7857,1.0,0,190641,0.0
12,Tierra del Fuego,2025,9.15,6.15,66.1429,1.0,0,190641,0.0
13,Tierra del Fuego,2025,8.0429,7.4,72.7143,1.5,0,190641,0.0
14,Tierra del Fuego,2025,5.15,7.65,78.4286,1.5,0,190641,0.0
15,Tierra del Fuego,2025,7.6643,0.4,73.7143,0.0,0,190641,0.0
16,Tierra del Fuego,2025,7.1286,4.4,84.7857,1.5,0,190641,0.0
17,Tierra del Fuego,2025,6.3357,10.35,79.0,2.0,0,190641,0.0
18,Tierra del Fuego,2025,6.2429,1.2,81.9286,0.5,0,190641,0.0
19,Tierra del Fuego,2025,4.6357,4.55,79.0,1.0,1,190641,0.5245
20,Tierra del Fuego,2025,4.15,2.9,75.0714,0.5,0,190641,0.0
21,Tierra del Fuego,2025,1.9643,3.0,81.4286,1.5,1,190641,0.5245
22,Tierra del Fuego,2025,2.65,16.9,86.7143,3.0,0,190641,0.0
23,Tierra del Fuego,2025,2.5286,6.15,88.5714,1.0,0,190641,0.0
24,Tierra del Fuego,2025,4.5857,1.0,88.0,0.0,0,190641,0.0
25,Tierra del Fuego,2025,1.8143,6.9,83.2857,1.5,0,190641,0.0
26,Tierra del Fuego,2025,-0.5214,3.8,84.5714,0.5,0,190641,0.0
27,Tierra del Fuego,2025,1.95,1.05,86.0714,0.0,0,190641,0.0
28,Tierra del Fuego,2025,3.3571,4.15,79.2143,1.0,0,190641,0.0
29,Tierra del Fuego,2025,2.6143,4.4,81.5714,1.0,0,190641,0.0
30,Tierra del Fuego,2025,1.4929,1.7,80.5714,0.5,0,190641,0.0
31,Tierra del Fuego,2025,2.0214,2.45,88.0,1.0,0,190641,0.0
32,Tierra del Fuego,2025,3.7214,0.0,78.3571,0.0,0,190641,0.0
33,Tierra del Fuego,2025,3.2214,1.0,82.5714,0.0,0,190641,0.0
34,Tierra del Fuego,2025,3.5786,4.3,79.7143,1.0,0,190641,0.0
35,Tierra del Fuego,2025,4.4429,2.55,70.9286,0.5,0,190641,0.0
36,Tierra del Fuego,2025,4.3857,4.0,73.2857,0.5,0,190641,0.0
37,Tierra del Fuego,2025,6.0071,5.15,78.0714,1.0,0,190641,0.0
38,Tierra del Fuego,2025,4.9071,1.95,71.1429,0.5,0,190641,0.0
39,Tierra del Fuego,2025,5.3286,3.1,75.4286,0.5,0,190641,0.0
40,Tierra del Fuego,2025,5.0214,2.95,67.8571,0.5,0,190641,0.0
41,Tierra del Fuego,2025,6.9214,9.0,66.6429,1.0,0,190641,0.0
42,Tierra del Fuego,2025,7.4429,2.85,71.5,0.5,0,190641,0.0
1,Tucumán,2018,24.8,8.0,68.7143,2.0,0,1703186,0.0
2,Tucumán,2018,25.7143,32.0,71.5714,3.0,0,1703186,0.0
3,Tucumán,2018,24.4429,38.8,72.7143,2.0,0,1703186,0.0
4,Tucumán,2018,24.1143,278.2,83.2857,5.0,0,1703186,0.0
5,Tucumán,2018,26.1286,62.0,73.5714,2.0,0,1703186,0.0
6,Tucumán,2018,26.3571,14.2,69.8571,1.0,0,1703186,0.0
7,Tucumán,2018,22.5714,15.0,77.5714,1.0,0,1703186,0.0
8,Tucumán,2018,23.8,61.3,75.8571,2.0,0,1703186,0.0
9,Tucumán,2018,24.7,71.0,74.2857,3.0,0,1703186,0.0
10,Tucumán,2018,22.9429,6.0,82.2857,2.0,0,1703186,0.0
11,Tucumán,2018,22.5714,0.0,76.7143,0.0,0,1703186,0.0
12,Tucumán,2018,20.0143,5.0,73.1429,1.0,0,1703186,0.0
13,Tucumán,2018,21.9571,20.0,69.2857,1.0,0,1703186,0.0
14,Tucumán,2018,21.8857,2.7,81.1429,1.0,1,1703186,0.0587
15,Tucumán,2018,19.3286,2.0,84.7143,1.0,0,1703186,0.0
16,Tucumán,2018,23.8286,0.0,73.8571,0.0,0,1703186,0.0
17,Tucumán,2018,23.2857,2.2,84.7143,1.0,0,1703186,0.0
18,Tucumán,2018,20.8143,17.9,91.0,1.0,0,1703186,0.0
19,Tucumán,2018,19.5429,1.1,82.8571,0.0,0,1703186,0.0
20,Tucumán,2018,15.3286,7.4,81.0,1.0,0,1703186,0.0
21,Tucumán,2018,15.3571,0.0,74.7143,0.0,0,1703186,0.0
22,Tucumán,2018,13.0857,9.0,84.1429,3.0,1,1703186,0.0587
23,Tucumán,2018,10.9286,0.0,71.1429,0.0,0,1703186,0.0
24,Tucumán,2018,9.7,0.0,68.0,0.0,0,1703186,0.0
25,Tucumán,2018,13.1714,0.0,66.1429,0.0,0,1703186,0.0
26,Tucumán,2018,13.4857,0.0,71.2857,0.0,0,1703186,0.0
27,Tucumán,2018,9.7,9.6,88.1429,3.0,0,1703186,0.0
1,Tucumán,2019,24.7857,46.1,81.8571,3.0,0,1703186,0.0
2,Tucumán,2019,22.9143,62.0,80.2857,4.0,0,1703186,0.0
3,Tucumán,2019,21.8143,9.5,83.7143,2.0,0,1703186,0.0
4,Tucumán,2019,28.1,3.0,75.2857,1.0,0,1703186,0.0
5,Tucumán,2019,25.7286,121.0,80.0,4.0,0,1703186,0.0
6,Tucumán,2019,25.3571,0.0,75.0,0.0,0,1703186,0.0
7,Tucumán,2019,22.0143,16.0,77.5714,1.0,0,1703186,0.0
8,Tucumán,2019,28.7714,0.1,66.7143,0.0,0,1703186,0.0
9,Tucumán,2019,23.2,6.0,79.5714,2.0,0,1703186,0.0
10,Tucumán,2019,20.7714,83.0,88.8571,4.0,0,1703186,0.0
11,Tucumán,2019,20.5143,74.0,84.2857,3.0,0,1703186,0.0
12,Tucumán,2019,19.8571,30.1,80.5714,2.0,0,1703186,0.0
13,Tucumán,2019,18.8143,14.0,86.4286,2.0,1,1703186,0.0587
14,Tucumán,2019,21.3429,38.0,76.5714,2.0,0,1703186,0.0
15,Tucumán,2019,20.6571,0.0,77.5714,0.0,1,1703186,0.0587
16,Tucumán,2019,20.5714,61.4,88.7143,4.0,0,1703186,0.0
17,Tucumán,2019,16.4286,11.1,87.4286,3.0,0,1703186,0.0
18,Tucumán,2019,18.7857,27.0,85.2857,2.0,0,1703186,0.0
19,Tucumán,2019,17.9286,6.9,84.5714,1.0,1,1703186,0.0587
20,Tucumán,2019,16.6143,7.0,75.2857,2.0,1,1703186,0.0587
21,Tucumán,2019,12.4,16.9,79.2857,1.0,1,1703186,0.0587
22,Tucumán,2019,14.2143,2.2,84.0,1.0,0,1703186,0.0
23,Tucumán,2019,14.1143,0.0,78.1429,0.0,0,1703186,0.0
24,Tucumán,2019,15.0429,7.0,84.8571,2.0,0,1703186,0.0
25,Tucumán,2019,12.4714,2.0,77.1429,1.0,0,1703186,0.0
26,Tucumán,2019,11.4,5.0,79.2857,1.0,0,1703186,0.0
27,Tucumán,2019,10.5,0.0,75.0,0.0,0,1703186,0.0
28,Tucumán,2019,14.3571,0.0,74.0,0.0,0,1703186,0.0
29,Tucumán,2019,15.1429,0.2,77.7143,0.0,0,1703186,0.0
30,Tucumán,2019,10.7857,0.0,64.8571,0.0,0,1703186,0.0
31,Tucumán,2019,13.7286,0.0,60.5714,0.0,0,1703186,0.0
32,Tucumán,2019,12.8857,0.0,53.1429,0.0,0,1703186,0.0
33,Tucumán,2019,13.0857,0.0,60.7143,0.0,0,1703186,0.0
34,Tucumán,2019,13.9429,0.0,63.4286,0.0,0,1703186,0.0
35,Tucumán,2019,19.6714,0.0,55.1429,0.0,0,1703186,0.0
36,Tucumán,2019,13.7571,0.0,60.8571,0.0,0,1703186,0.0
37,Tucumán,2019,16.2571,3.5,67.8571,1.0,0,1703186,0.0
38,Tucumán,2019,16.4143,0.5,51.4286,0.0,0,1703186,0.0
39,Tucumán,2019,23.5571,0.0,43.0,0.0,0,1703186,0.0
40,Tucumán,2019,19.5,0.0,54.7143,0.0,0,1703186,0.0
41,Tucumán,2019,26.6714,4.0,48.5714,1.0,0,1703186,0.0
42,Tucumán,2019,15.7429,11.0,76.4286,1.0,0,1703186,0.0
43,Tucumán,2019,24.8857,0.0,49.7143,0.0,0,1703186,0.0
44,Tucumán,2019,23.0714,37.1,71.5714,1.0,0,1703186,0.0
45,Tucumán,2019,23.6429,5.7,75.5714,1.0,0,1703186,0.0
46,Tucumán,2019,26.4286,25.0,61.7143,2.0,0,1703186,0.0
47,Tucumán,2019,26.1,60.1,72.2857,2.0,0,1703186,0.0
48,Tucumán,2019,23.0143,31.0,79.4286,4.0,0,1703186,0.0
49,Tucumán,2019,22.0286,28.0,76.1429,3.0,0,1703186,0.0
50,Tucumán,2019,25.8,5.0,64.0,1.0,0,1703186,0.0
51,Tucumán,2019,25.8286,6.0,61.5714,1.0,0,1703186,0.0
52,Tucumán,2019,28.4143,5.0,57.8571,1.0,0,1703186,0.0
1,Tucumán,2020,26.9714,20.5,69.8571,2.0,0,1703186,0.0
2,Tucumán,2020,26.9,144.0,71.1429,2.0,0,1703186,0.0
3,Tucumán,2020,25.2143,92.2,78.8571,1.0,0,1703186,0.0
4,Tucumán,2020,27.3429,38.3,71.8571,2.0,0,1703186,0.0
5,Tucumán,2020,25.1714,2.0,72.5714,1.0,0,1703186,0.0
6,Tucumán,2020,26.0143,157.7,79.5714,4.0,1,1703186,0.0587
7,Tucumán,2020,24.2857,0.6,83.7143,0.0,0,1703186,0.0
8,Tucumán,2020,21.3286,50.0,79.1429,2.0,0,1703186,0.0
9,Tucumán,2020,24.5857,1.0,70.5714,0.0,2,1703186,0.1174
10,Tucumán,2020,26.2571,0.0,71.5714,0.0,10,1703186,0.5871
11,Tucumán,2020,26.5143,21.3,75.4286,2.0,15,1703186,0.8807
12,Tucumán,2020,22.8571,2.0,78.5714,1.0,74,1703186,4.3448
13,Tucumán,2020,23.4857,29.2,77.5714,1.0,125,1703186,7.3392
14,Tucumán,2020,21.6571,54.0,84.1429,3.0,372,1703186,21.8414
15,Tucumán,2020,18.7571,6.0,79.0,1.0,737,1703186,43.2718
16,Tucumán,2020,19.5286,0.0,72.2857,0.0,1198,1703186,70.3388
17,Tucumán,2020,23.0571,1.1,75.0,0.0,1409,1703186,82.7273
18,Tucumán,2020,18.4714,0.7,82.2857,0.0,1070,1703186,62.8234
19,Tucumán,2020,15.9571,0.0,74.0,0.0,971,1703186,57.0108
20,Tucumán,2020,16.2286,0.0,68.1429,0.0,917,1703186,53.8403
21,Tucumán,2020,15.4286,0.0,67.2857,0.0,579,1703186,33.9951
22,Tucumán,2020,15.0714,0.0,66.0,0.0,361,1703186,21.1956
23,Tucumán,2020,11.9714,0.8,68.2857,0.0,97,1703186,5.6952
24,Tucumán,2020,15.7143,0.0,69.1429,0.0,18,1703186,1.0568
25,Tucumán,2020,14.6857,0.0,67.4286,0.0,6,1703186,0.3523
26,Tucumán,2020,12.3,3.0,75.1429,1.0,1,1703186,0.0587
27,Tucumán,2020,10.5143,0.0,65.4286,0.0,4,1703186,0.2349
28,Tucumán,2020,9.8714,0.0,67.8571,0.0,0,1703186,0.0
29,Tucumán,2020,13.7429,0.0,65.7143,0.0,0,1703186,0.0
30,Tucumán,2020,12.1714,0.0,67.7143,0.0,0,1703186,0.0
31,Tucumán,2020,12.4286,0.0,51.5714,0.0,0,1703186,0.0
32,Tucumán,2020,18.7286,0.0,55.2857,0.0,0,1703186,0.0
33,Tucumán,2020,13.2857,0.0,47.2857,0.0,0,1703186,0.0
34,Tucumán,2020,12.5143,0.0,45.8571,0.0,0,1703186,0.0
35,Tucumán,2020,17.1429,0.2,54.0,0.0,0,1703186,0.0
36,Tucumán,2020,13.7714,0.0,61.1429,0.0,0,1703186,0.0
37,Tucumán,2020,20.0571,0.0,53.7143,0.0,0,1703186,0.0
38,Tucumán,2020,19.6429,0.0,39.0,0.0,0,1703186,0.0
39,Tucumán,2020,23.4857,0.0,39.5714,0.0,0,1703186,0.0
40,Tucumán,2020,20.8857,0.0,42.5714,0.0,0,1703186,0.0
41,Tucumán,2020,22.0857,0.0,45.1429,0.0,0,1703186,0.0
42,Tucumán,2020,25.2714,0.0,44.4286,0.0,0,1703186,0.0
43,Tucumán,2020,24.0,4.5,72.1429,2.0,0,1703186,0.0
44,Tucumán,2020,22.1571,6.0,43.8571,1.0,0,1703186,0.0
45,Tucumán,2020,25.2571,0.0,37.0,0.0,0,1703186,0.0
46,Tucumán,2020,24.0286,61.8,72.4286,2.0,0,1703186,0.0
47,Tucumán,2020,23.8286,39.5,60.2857,1.0,0,1703186,0.0
48,Tucumán,2020,27.6286,40.0,62.4286,2.0,0,1703186,0.0
49,Tucumán,2020,21.9857,18.0,74.0,3.0,0,1703186,0.0
50,Tucumán,2020,27.1429,0.0,58.2857,0.0,0,1703186,0.0
51,Tucumán,2020,26.0571,2.3,55.2857,1.0,0,1703186,0.0
52,Tucumán,2020,26.7143,37.0,59.4286,3.0,0,1703186,0.0
53,Tucumán,2020,25.3857,136.1,72.0,1.0,0,1703186,0.0
1,Tucumán,2021,24.0857,69.3,78.0,2.0,0,1703186,0.0
2,Tucumán,2021,23.7286,72.0,85.3333,4.0,0,1703186,0.0
3,Tucumán,2021,25.1571,0.0,64.4286,0.0,0,1703186,0.0
4,Tucumán,2021,25.9,45.0,70.4286,2.0,0,1703186,0.0
5,Tucumán,2021,22.4143,10.0,78.8571,2.0,0,1703186,0.0
6,Tucumán,2021,22.6286,100.1,77.1429,2.0,0,1703186,0.0
7,Tucumán,2021,23.2857,10.5,82.4286,1.0,0,1703186,0.0
8,Tucumán,2021,25.0571,53.7,83.0,2.0,1,1703186,0.0587
9,Tucumán,2021,24.5286,43.0,78.4286,3.0,0,1703186,0.0
10,Tucumán,2021,24.1286,19.0,81.8571,3.0,1,1703186,0.0587
11,Tucumán,2021,20.0571,14.1,87.4286,2.0,0,1703186,0.0
12,Tucumán,2021,20.6,17.0,84.8571,3.0,0,1703186,0.0
13,Tucumán,2021,20.9286,0.0,81.5714,0.0,0,1703186,0.0
14,Tucumán,2021,21.9286,3.0,87.5714,1.0,0,1703186,0.0
15,Tucumán,2021,21.0,1.0,79.0,0.0,0,1703186,0.0
16,Tucumán,2021,21.3571,17.4,82.2857,3.0,4,1703186,0.2349
17,Tucumán,2021,18.3143,0.0,76.5714,0.0,1,1703186,0.0587
18,Tucumán,2021,14.6571,23.0,79.5714,2.0,6,1703186,0.3523
19,Tucumán,2021,15.4429,1.6,79.2857,0.0,3,1703186,0.1761
20,Tucumán,2021,16.9714,0.0,79.7143,0.0,1,1703186,0.0587
21,Tucumán,2021,14.5286,0.0,71.1429,0.0,2,1703186,0.1174
22,Tucumán,2021,16.1571,0.0,71.8571,0.0,1,1703186,0.0587
23,Tucumán,2021,15.1143,0.0,77.8571,0.0,0,1703186,0.0
24,Tucumán,2021,8.8429,6.3,82.7143,2.0,3,1703186,0.1761
25,Tucumán,2021,9.7,3.0,80.1429,1.0,0,1703186,0.0
26,Tucumán,2021,9.3429,0.0,65.0,0.0,0,1703186,0.0
27,Tucumán,2021,15.7857,0.0,64.0,0.0,0,1703186,0.0
28,Tucumán,2021,13.0,0.0,66.1429,0.0,0,1703186,0.0
29,Tucumán,2021,13.5286,0.0,58.2857,0.0,0,1703186,0.0
30,Tucumán,2021,10.5286,0.0,56.5714,0.0,0,1703186,0.0
1,Tucumán,2022,26.8286,22.0,66.0,2.0,0,1703186,0.0
2,Tucumán,2022,31.6143,21.0,40.2857,1.0,0,1703186,0.0
3,Tucumán,2022,25.2143,57.7,79.4286,3.0,0,1703186,0.0
4,Tucumán,2022,23.9571,40.5,80.8571,3.0,0,1703186,0.0
5,Tucumán,2022,24.3857,34.0,71.5714,3.0,0,1703186,0.0
6,Tucumán,2022,23.1286,11.0,72.1429,1.0,0,1703186,0.0
7,Tucumán,2022,25.1714,25.0,71.7143,3.0,0,1703186,0.0
8,Tucumán,2022,23.2714,50.9,85.1429,1.0,0,1703186,0.0
9,Tucumán,2022,24.2857,106.0,83.1429,2.0,0,1703186,0.0
10,Tucumán,2022,20.7571,52.0,88.5714,4.0,0,1703186,0.0
11,Tucumán,2022,20.8571,5.0,78.5714,1.0,0,1703186,0.0
12,Tucumán,2022,19.7429,6.0,72.2857,1.0,0,1703186,0.0
13,Tucumán,2022,18.0286,0.0,62.8571,0.0,0,1703186,0.0
14,Tucumán,2022,21.4429,0.0,79.7143,0.0,0,1703186,0.0
15,Tucumán,2022,18.6286,116.0,82.5714,3.0,0,1703186,0.0
16,Tucumán,2022,18.5571,0.0,81.0,0.0,0,1703186,0.0
17,Tucumán,2022,17.8571,1.0,77.8571,0.0,0,1703186,0.0
18,Tucumán,2022,16.2714,0.0,71.1429,0.0,0,1703186,0.0
19,Tucumán,2022,17.6143,0.3,80.1429,0.0,0,1703186,0.0
20,Tucumán,2022,12.6,0.0,73.4286,0.0,0,1703186,0.0
21,Tucumán,2022,14.0571,0.6,82.8571,0.0,0,1703186,0.0
22,Tucumán,2022,9.6857,0.0,79.2857,0.0,0,1703186,0.0
23,Tucumán,2022,13.6429,1.3,77.4286,1.0,0,1703186,0.0
24,Tucumán,2022,11.7,0.0,64.5714,0.0,0,1703186,0.0
25,Tucumán,2022,9.7857,0.6,77.8571,0.0,0,1703186,0.0
26,Tucumán,2022,11.6714,0.3,72.8571,0.0,0,1703186,0.0
27,Tucumán,2022,14.4286,0.0,63.8571,0.0,0,1703186,0.0
28,Tucumán,2022,10.2571,2.0,62.2857,1.0,0,1703186,0.0
29,Tucumán,2022,14.3857,0.0,68.1429,0.0,0,1703186,0.0
30,Tucumán,2022,16.7714,6.5,72.7143,1.0,0,1703186,0.0
31,Tucumán,2022,14.8286,3.0,65.1429,1.0,0,1703186,0.0
32,Tucumán,2022,13.5571,0.0,64.0,0.0,0,1703186,0.0
33,Tucumán,2022,13.6857,0.0,44.8571,0.0,0,1703186,0.0
34,Tucumán,2022,18.1571,0.0,44.2857,0.0,0,1703186,0.0
35,Tucumán,2022,15.2286,0.0,45.4286,0.0,0,1703186,0.0
36,Tucumán,2022,16.8143,0.0,35.2857,0.0,0,1703186,0.0
37,Tucumán,2022,19.2,0.0,34.1429,0.0,0,1703186,0.0
38,Tucumán,2022,15.9,1.2,56.5714,0.0,0,1703186,0.0
39,Tucumán,2022,18.1,26.0,61.7143,2.0,0,1703186,0.0
40,Tucumán,2022,21.6286,0.0,39.2857,0.0,0,1703186,0.0
41,Tucumán,2022,18.4143,4.0,42.1429,1.0,0,1703186,0.0
42,Tucumán,2022,18.3571,9.3,73.4286,2.0,0,1703186,0.0
43,Tucumán,2022,26.8286,0.0,39.5714,0.0,0,1703186,0.0
44,Tucumán,2022,20.3286,0.0,27.5714,0.0,0,1703186,0.0
45,Tucumán,2022,24.8143,29.0,51.8571,3.0,0,1703186,0.0
46,Tucumán,2022,27.7286,63.3,47.4286,2.0,0,1703186,0.0
47,Tucumán,2022,25.8571,0.0,48.0,0.0,0,1703186,0.0
48,Tucumán,2022,25.8571,4.0,52.5714,1.0,0,1703186,0.0
49,Tucumán,2022,30.4,14.0,49.1429,2.0,0,1703186,0.0
50,Tucumán,2022,24.5714,45.5,66.1429,3.0,0,1703186,0.0
1,Tucumán,2023,25.9857,0.2,55.5714,0.0,0,1703186,0.0
2,Tucumán,2023,26.3,42.0,56.8571,1.0,0,1703186,0.0
3,Tucumán,2023,27.8857,11.0,63.4286,1.0,0,1703186,0.0
4,Tucumán,2023,26.8714,107.6,71.1429,2.0,0,1703186,0.0
5,Tucumán,2023,25.2143,49.3,75.1429,3.0,39,1703186,2.2898
6,Tucumán,2023,27.9571,0.0,66.2857,0.0,181,1703186,10.6271
7,Tucumán,2023,22.3286,7.2,73.0,2.0,197,1703186,11.5666
8,Tucumán,2023,24.5143,51.7,69.1429,2.0,180,1703186,10.5684
9,Tucumán,2023,26.8143,0.0,65.1429,0.0,390,1703186,22.8983
10,Tucumán,2023,28.1857,17.0,66.2857,1.0,1018,1703186,59.7703
11,Tucumán,2023,27.2571,12.6,66.2857,1.0,2026,1703186,118.9535
12,Tucumán,2023,26.4286,89.0,73.5714,2.0,2959,1703186,173.7332
13,Tucumán,2023,21.5857,10.5,84.2857,1.0,3534,1703186,207.4935
14,Tucumán,2023,21.3857,24.0,84.4286,2.0,2922,1703186,171.5608
15,Tucumán,2023,19.0714,83.9,85.1429,3.0,3417,1703186,200.624
16,Tucumán,2023,18.6571,23.0,79.0,2.0,2376,1703186,139.5033
17,Tucumán,2023,19.5429,0.0,80.5714,0.0,1456,1703186,85.4868
18,Tucumán,2023,14.9,0.0,72.2857,0.0,881,1703186,51.7266
19,Tucumán,2023,18.4857,0.0,74.4286,0.0,537,1703186,31.5291
20,Tucumán,2023,18.4286,11.0,84.2857,2.0,471,1703186,27.6541
21,Tucumán,2023,18.0143,11.0,84.8571,2.0,440,1703186,25.8339
22,Tucumán,2023,15.6429,1.2,85.8571,1.0,456,1703186,26.7734
23,Tucumán,2023,16.7,0.0,79.4286,0.0,254,1703186,14.9132
24,Tucumán,2023,9.3857,0.0,68.0,0.0,101,1703186,5.9301
25,Tucumán,2023,13.1714,1.4,85.7143,0.0,52,1703186,3.0531
26,Tucumán,2023,14.9429,0.7,82.5714,0.0,36,1703186,2.1137
27,Tucumán,2023,17.5,4.0,84.8571,1.0,73,1703186,4.2861
28,Tucumán,2023,11.7714,8.3,85.5714,1.0,113,1703186,6.6346
29,Tucumán,2023,12.0286,3.2,81.0,1.0,51,1703186,2.9944
30,Tucumán,2023,13.0286,0.0,68.8571,0.0,2,1703186,0.1174
31,Tucumán,2023,19.0714,0.0,66.5714,0.0,1,1703186,0.0587
32,Tucumán,2023,14.4857,2.5,60.5714,1.0,0,1703186,0.0
33,Tucumán,2023,17.8286,0.0,58.7143,0.0,1,1703186,0.0587
34,Tucumán,2023,17.0143,0.0,55.0,0.0,0,1703186,0.0
35,Tucumán,2023,17.1,3.8,57.4286,1.0,0,1703186,0.0
36,Tucumán,2023,14.5571,2.0,83.4286,0.0,0,1703186,0.0
37,Tucumán,2023,20.0286,0.0,42.0,0.0,0,1703186,0.0
38,Tucumán,2023,20.0429,1.8,61.2857,0.0,0,1703186,0.0
39,Tucumán,2023,18.8143,0.3,64.0,0.0,0,1703186,0.0
40,Tucumán,2023,21.3714,0.0,45.4286,0.0,0,1703186,0.0
41,Tucumán,2023,21.4286,0.0,40.5714,0.0,0,1703186,0.0
42,Tucumán,2023,22.2714,17.0,66.8571,2.0,0,1703186,0.0
43,Tucumán,2023,21.6286,34.9,82.0,2.0,0,1703186,0.0
44,Tucumán,2023,18.6714,1.1,64.5714,0.0,0,1703186,0.0
45,Tucumán,2023,26.2429,0.0,55.7143,0.0,0,1703186,0.0
46,Tucumán,2023,24.6,0.1,61.0,0.0,0,1703186,0.0
47,Tucumán,2023,24.6429,29.0,70.8571,3.0,0,1703186,0.0
48,Tucumán,2023,24.9571,53.3,79.5714,4.0,0,1703186,0.0
49,Tucumán,2023,21.6429,7.2,79.1429,1.0,0,1703186,0.0
50,Tucumán,2023,28.4,11.0,73.0,3.0,0,1703186,0.0
51,Tucumán,2023,23.1714,55.2,87.0,4.0,0,1703186,0.0
52,Tucumán,2023,25.0857,87.0,78.4286,2.0,8,1703186,0.4697
1,Tucumán,2024,26.6,17.0,74.5714,1.0,24,1703186,1.4091
2,Tucumán,2024,24.5571,68.9,85.1429,3.0,37,1703186,2.1724
3,Tucumán,2024,24.7429,21.2,81.5714,2.0,57,1703186,3.3467
4,Tucumán,2024,25.4571,0.0,65.7143,0.0,115,1703186,6.7521
5,Tucumán,2024,29.1286,0.0,60.2857,0.0,222,1703186,13.0344
6,Tucumán,2024,27.4286,45.8,73.0,2.0,426,1703186,25.0119
7,Tucumán,2024,24.6857,40.7,79.5714,2.0,1221,1703186,71.6892
8,Tucumán,2024,24.3,36.0,81.1429,4.0,1573,1703186,92.3563
9,Tucumán,2024,25.0571,41.8,89.0,2.0,2362,1703186,138.6813
10,Tucumán,2024,23.7143,66.7,88.8571,3.0,4663,1703186,273.781
11,Tucumán,2024,27.9286,76.2,83.1429,2.0,6420,1703186,376.9406
12,Tucumán,2024,23.5429,12.4,82.7143,2.0,10820,1703186,635.28
13,Tucumán,2024,25.4714,0.0,78.8571,0.0,10828,1703186,635.7497
14,Tucumán,2024,20.3571,8.3,91.4286,2.0,10711,1703186,628.8802
15,Tucumán,2024,17.5714,37.5,92.8571,4.0,9684,1703186,568.5815
16,Tucumán,2024,20.4,0.0,73.8571,0.0,9188,1703186,539.4596
17,Tucumán,2024,17.9857,6.2,93.8571,2.0,6308,1703186,370.3647
18,Tucumán,2024,16.1857,3.1,88.8571,1.0,4283,1703186,251.4699
19,Tucumán,2024,14.6429,4.1,84.8571,1.0,2294,1703186,134.6888
20,Tucumán,2024,10.3143,0.8,81.0,0.0,1292,1703186,75.8578
21,Tucumán,2024,10.9286,5.8,84.5714,2.0,612,1703186,35.9327
22,Tucumán,2024,11.8571,0.0,76.5714,0.0,125,1703186,7.3392
23,Tucumán,2024,15.3429,0.0,74.8571,0.0,32,1703186,1.8788
24,Tucumán,2024,17.0429,0.0,80.8571,0.0,25,1703186,1.4678
25,Tucumán,2024,14.6571,6.4,85.1429,1.0,9,1703186,0.5284
26,Tucumán,2024,9.7429,0.3,72.7143,0.0,43,1703186,2.5247
27,Tucumán,2024,11.2286,0.0,64.1429,0.0,0,1703186,0.0
28,Tucumán,2024,6.7,0.0,67.2857,0.0,0,1703186,0.0
29,Tucumán,2024,11.0571,0.0,67.7143,0.0,0,1703186,0.0
30,Tucumán,2024,14.7,0.0,65.1429,0.0,0,1703186,0.0
31,Tucumán,2024,15.6286,0.0,59.2857,0.0,0,1703186,0.0
32,Tucumán,2024,12.9286,2.9,58.1429,1.0,0,1703186,0.0
33,Tucumán,2024,15.0429,0.0,52.5714,0.0,0,1703186,0.0
34,Tucumán,2024,11.0,4.8,85.0,1.0,0,1703186,0.0
35,Tucumán,2024,14.7714,0.0,57.4286,0.0,1,1703186,0.0587
36,Tucumán,2024,18.6714,0.0,49.5714,0.0,0,1703186,0.0
37,Tucumán,2024,18.7571,0.0,56.8571,0.0,0,1703186,0.0
38,Tucumán,2024,24.4143,0.0,41.0,0.0,0,1703186,0.0
39,Tucumán,2024,21.3143,11.1,55.7143,1.0,0,1703186,0.0
40,Tucumán,2024,23.9429,0.0,44.8571,0.0,0,1703186,0.0
41,Tucumán,2024,20.9143,89.8,78.4286,4.0,0,1703186,0.0
42,Tucumán,2024,23.5857,6.0,77.4286,1.0,0,1703186,0.0
43,Tucumán,2024,23.0714,3.0,64.0,1.0,0,1703186,0.0
44,Tucumán,2024,24.8,38.0,67.0,2.0,0,1703186,0.0
45,Tucumán,2024,21.9,19.8,85.1429,2.0,1,1703186,0.0587
46,Tucumán,2024,23.8,4.0,58.5714,1.0,0,1703186,0.0
47,Tucumán,2024,22.3429,7.3,83.2857,1.0,0,1703186,0.0
48,Tucumán,2024,24.5143,66.7,87.4286,5.0,0,1703186,0.0
49,Tucumán,2024,22.2286,16.0,69.8571,3.0,0,1703186,0.0
50,Tucumán,2024,24.6,25.1,71.7143,1.0,1,1703186,0.0587
51,Tucumán,2024,25.9857,6.8,62.4286,1.0,0,1703186,0.0
52,Tucumán,2024,25.9,2.0,61.8571,0.0,0,1703186,0.0
1,Tucumán,2025,25.7857,26.0,67.4286,1.0,2,1703186,0.1174
2,Tucumán,2025,26.0714,13.4,69.7143,2.0,1,1703186,0.0587
3,Tucumán,2025,27.4714,14.0,54.1429,2.0,6,1703186,0.3523
4,Tucumán,2025,25.7571,44.0,74.8571,3.0,9,1703186,0.5284
5,Tucumán,2025,26.4429,37.0,74.2857,1.0,8,1703186,0.4697
6,Tucumán,2025,30.3143,1.3,61.0,1.0,27,1703186,1.5853
7,Tucumán,2025,27.9286,18.0,68.7143,3.0,32,1703186,1.8788
8,Tucumán,2025,26.6714,28.7,73.4286,1.0,76,1703186,4.4622
9,Tucumán,2025,27.9429,4.7,70.7143,3.0,70,1703186,4.1099
10,Tucumán,2025,26.7429,134.0,68.8571,2.0,139,1703186,8.1612
11,Tucumán,2025,19.2714,5.8,89.1429,2.0,242,1703186,14.2087
12,Tucumán,2025,23.9857,19.4,76.7143,2.0,125,1703186,7.3392
13,Tucumán,2025,20.3429,28.0,92.2857,3.0,160,1703186,9.3942
14,Tucumán,2025,16.0429,4.0,78.5714,1.0,165,1703186,9.6877
15,Tucumán,2025,18.7571,0.0,80.2857,0.0,67,1703186,3.9338
16,Tucumán,2025,19.3286,63.3,84.8571,2.0,81,1703186,4.7558
17,Tucumán,2025,18.3286,9.1,88.8571,1.0,92,1703186,5.4016
18,Tucumán,2025,19.6286,0.0,79.1429,0.0,60,1703186,3.5228
19,Tucumán,2025,20.7429,14.1,85.1429,3.0,64,1703186,3.7577
20,Tucumán,2025,19.8429,0.0,79.5714,0.0,70,1703186,4.1099
21,Tucumán,2025,15.4286,0.0,86.8571,0.0,82,1703186,4.8145
22,Tucumán,2025,11.3429,9.0,78.2857,1.0,42,1703186,2.466
23,Tucumán,2025,14.2286,0.0,82.0,0.0,10,1703186,0.5871
24,Tucumán,2025,13.0143,0.6,79.5714,0.0,5,1703186,0.2936
25,Tucumán,2025,10.9429,0.0,73.8571,0.0,4,1703186,0.2349
26,Tucumán,2025,9.6571,3.0,64.4286,1.0,0,1703186,0.0
27,Tucumán,2025,8.8714,0.0,72.4286,0.0,0,1703186,0.0
28,Tucumán,2025,15.6571,17.7,82.5714,2.0,0,1703186,0.0
29,Tucumán,2025,14.0,0.0,68.8571,0.0,0,1703186,0.0
30,Tucumán,2025,12.7143,2.1,84.1429,0.0,0,1703186,0.0
31,Tucumán,2025,13.0714,0.0,77.4286,0.0,0,1703186,0.0
32,Tucumán,2025,12.9,2.8,69.5714,1.0,0,1703186,0.0
33,Tucumán,2025,14.3286,0.0,67.1429,0.0,0,1703186,0.0
34,Tucumán,2025,14.6143,0.0,56.2857,0.0,0,1703186,0.0
35,Tucumán,2025,16.8143,0.0,44.5714,0.0,0,1703186,0.0
36,Tucumán,2025,13.4143,0.0,62.2857,0.0,0,1703186,0.0
37,Tucumán,2025,20.2143,0.0,50.5714,0.0,0,1703186,0.0
38,Tucumán,2025,24.1714,0.0,65.0,0.0,0,1703186,0.0
39,Tucumán,2025,20.8857,0.0,42.5714,0.0,0,1703186,0.0
40,Tucumán,2025,23.0286,1.6,54.5714,1.0,0,1703186,0.0
41,Tucumán,2025,22.1571,0.0,29.7143,0.0,0,1703186,0.0
42,Tucumán,2025,22.8286,61.0,55.5714,2.0,0,1703186,0.0
